Price,Close,High,Low,Open,Volume
Ticker,360ONE.NS,360ONE.NS,360ONE.NS,360ONE.NS,360ONE.NS
Date,,,,,
19-09-2019,258.0853577,258.0853577,245.7955787,245.7955787,7109860
20-09-2019,270.9844666,270.9844666,269.9687826,269.9687826,2760648
23-09-2019,284.5337219,284.5337219,284.5337219,284.5337219,34096
24-09-2019,298.7532959,298.7532959,298.7532959,298.7532959,2496652
25-09-2019,285.3970642,313.6838663,283.8227539,313.6838663,530580
26-09-2019,271.4212646,298.6111228,271.1368681,275.2503887,78256
27-09-2019,264.0880127,279.3131063,258.1970454,270.9844973,7044544
30-09-2019,250.8841248,277.281743,250.8841248,254.2358821,69396
01-10-2019,258.8572388,263.4278169,238.3404216,244.3735748,181556
03-10-2019,261.9956665,264.0676518,246.2017816,258.8572131,54700
04-10-2019,259.964325,262.6457208,249.0457217,254.3374454,41088
07-10-2019,259.8931885,264.0473255,252.1028983,262.0058158,33696
09-10-2019,251.0465851,261.8433099,247.8268721,259.8119421,63688
10-10-2019,242.0172272,253.9108738,239.9045992,244.01812,17264
11-10-2019,234.8159637,243.7539826,233.6073098,242.9414354,82748
14-10-2019,224.1919556,233.6175089,220.4034489,233.6175089,78136
15-10-2019,228.2344208,261.5894821,220.7183572,220.7284992,1193280
16-10-2019,233.3635559,239.4474929,224.0903564,224.0903564,17496
17-10-2019,239.9756317,243.7641376,226.700648,240.5139491,25044
18-10-2019,244.3227997,251.8896459,239.7014372,251.8896459,19864
22-10-2019,241.1945038,251.8896626,229.5547786,251.8896626,28188
23-10-2019,245.3892212,248.0096905,241.3569612,241.7327593,26960
24-10-2019,245.2267456,252.8951601,243.7540037,252.8951601,4612
25-10-2019,257.1203918,261.0307751,245.8056826,252.7021667,71760
27-10-2019,264.0982056,270.7814127,260.2182968,263.8645932,19848
29-10-2019,264.1794434,268.9531588,257.9837701,265.0935591,88912
30-10-2019,266.1600037,272.2033237,263.0723341,272.2033237,89444
31-10-2019,271.7277832,273.0685722,268.5651924,268.5754374,165132
01-11-2019,272.485199,274.0920818,270.4279631,271.2262946,96216
04-11-2019,269.1895752,276.9578964,258.0948684,272.6592151,53556
05-11-2019,262.60849,271.6357156,260.991362,271.6357156,23288
06-11-2019,264.0310669,273.068535,260.991291,273.068535,28080
07-11-2019,256.4776917,266.108793,255.6588954,265.883629,34124
08-11-2019,255.7714996,264.0618123,248.801486,260.8480468,24232
11-11-2019,257.7775574,262.0148183,251.2885816,254.6251866,23028
13-11-2019,252.8340607,255.4644387,247.8905731,255.4644387,54100
14-11-2019,250.5107422,257.9617687,246.8875535,257.9515487,14016
15-11-2019,251.6468353,258.1358118,248.7094082,250.4084208,50200
18-11-2019,248.9755402,252.5987045,247.4914716,247.4914716,15372
19-11-2019,251.3295441,254.6456592,249.2927732,249.2927732,23096
20-11-2019,253.878006,262.6288907,251.8617253,262.6288907,15648
21-11-2019,255.2392731,259.4458239,248.1464454,253.8268445,56868
22-11-2019,253.3457947,260.7763555,248.1464336,251.1657447,25476
25-11-2019,260.4693909,261.8101801,252.3019158,253.3458763,18524
26-11-2019,268.4219666,271.2058696,263.0281247,263.0281247,152500
27-11-2019,265.3719177,270.8066638,248.8220005,268.5140439,38632
28-11-2019,274.2558594,276.3437802,259.9780974,266.3135244,66972
29-11-2019,268.4423828,276.1390633,264.3176913,276.1288184,23172
02-12-2019,262.4856873,270.202834,259.763179,270.202834,11344
03-12-2019,258.9239197,263.038367,254.7889825,263.038367,15812
04-12-2019,255.075531,266.098572,252.8033761,265.1672061,60672
05-12-2019,255.5565643,261.2574539,253.0183157,261.2574539,8784
06-12-2019,250.408432,264.0618527,247.6859238,254.7582881,14508
09-12-2019,242.2818604,255.8738862,239.9585305,255.8738862,15124
10-12-2019,230.1534576,248.3000402,229.2630214,248.3000402,19776
11-12-2019,227.9221802,238.4437179,226.2436577,232.405095,14180
12-12-2019,241.4425964,245.434229,231.9752627,231.9752627,14976
13-12-2019,231.0950012,240.3167042,229.2629546,233.6230547,48792
16-12-2019,234.2883759,236.4274716,225.1587756,236.4172266,35876
17-12-2019,232.9168854,237.2769866,225.1587838,231.4839916,15160
18-12-2019,230.2660217,235.4039641,227.2160002,235.2197299,6020
19-12-2019,228.9558868,233.0294029,223.8486556,232.9679832,44508
20-12-2019,228.6795959,231.3099743,225.1690015,228.0962085,30196
23-12-2019,227.7789154,230.9005766,225.169002,229.8361513,24728
24-12-2019,222.5181732,225.1690166,218.8745191,225.1690166,25648
26-12-2019,227.8812866,232.3334923,189.1419796,222.0985367,76000
27-12-2019,232.2311249,235.4039609,223.1220151,225.1690061,23612
30-12-2019,229.9077606,232.2208451,224.2682914,231.9547513,180428
31-12-2019,232.0980988,233.1625492,224.0227282,228.0860009,66252
01-01-2020,233.9198914,235.0662013,228.6795995,232.0673545,3180
02-01-2020,232.6814423,235.1890061,229.2629775,229.2629775,6644
03-01-2020,239.845932,255.413309,231.7193875,234.9843282,57012
06-01-2020,235.127594,243.5816507,230.1841064,243.1824975,13708
07-01-2020,229.4676666,234.3804445,227.5025605,234.3804445,58872
08-01-2020,227.0624847,229.7849929,220.2869493,220.2971693,19740
09-01-2020,241.0536499,243.5919237,229.252742,229.252742,45632
10-01-2020,232.855484,245.6389335,227.6254117,245.6389335,17744
13-01-2020,230.2557831,237.0415634,228.8535992,232.7428822,23980
14-01-2020,235.1480408,237.4509052,227.6253505,227.6662803,146164
15-01-2020,240.142746,243.3872216,231.0131714,231.0131714,16636
16-01-2020,247.4607849,249.7329403,237.6761564,241.1458217,67456
17-01-2020,277.7663879,282.6894105,247.6858702,249.4258122,276092
20-01-2020,276.6405945,286.3740469,265.2797942,282.4847639,92184
21-01-2020,267.930603,286.3739832,265.9040773,273.4472327,43336
22-01-2020,269.056488,275.0336915,268.155807,271.6561565,7864
23-01-2020,271.8403625,275.3202467,260.4795643,266.2725579,58800
24-01-2020,269.9571228,271.860809,266.1087706,271.860809,16952
27-01-2020,267.6337891,271.2058028,262.6186618,262.6289068,93616
28-01-2020,267.1118469,272.1883694,266.3135155,272.1883694,31748
29-01-2020,264.4714966,268.1639124,262.5840302,268.1639124,24232
30-01-2020,269.0818176,280.0146528,265.6885232,270.0100772,85964
31-01-2020,276.1984863,278.3541266,270.6392526,274.1460112,121920
03-02-2020,273.3621521,281.9846632,261.1710133,281.9846632,80912
04-02-2020,276.3119202,282.603457,273.8468855,278.2303333,43004
05-02-2020,278.3953552,279.5092717,270.9383316,277.4567968,38732
06-02-2020,281.8711853,286.7290875,276.5491785,276.5491785,73732
07-02-2020,287.6676025,295.8878503,280.540623,280.550947,76516
10-02-2020,303.3758545,308.3884664,290.1533173,292.9174731,117452
11-02-2020,315.9692383,319.7338465,299.0955323,309.0072916,85284
12-02-2020,319.0840759,321.5903819,308.3884676,308.3884676,56860
13-02-2020,332.4922485,334.1734347,320.9508983,322.8177163,135488
14-02-2020,327.2527466,339.743005,323.8594522,332.4922612,50220
17-02-2020,319.0840759,328.160392,313.5454653,326.9536596,31900
18-02-2020,322.735199,324.8908137,299.0955044,319.7234926,40944
19-02-2020,333.4411926,343.2394896,322.67339,326.3245348,365880
20-02-2020,327.8200378,339.6398873,325.9222727,336.0299887,22900
24-02-2020,317.5163574,331.9043814,313.5454691,331.9043814,58696
25-02-2020,319.5688477,325.7056754,309.4198855,325.7056754,72584
26-02-2020,314.7212219,319.3212736,312.6687471,319.3212736,19272
27-02-2020,311.8848572,319.7338168,304.3143956,311.6889014,61712
28-02-2020,301.9835205,308.388523,297.4556857,305.2633767,1639812
02-03-2020,291.6797485,314.5768151,281.7783144,308.1821388,125232
03-03-2020,299.7762451,302.6125936,297.4349734,302.4475596,50928
04-03-2020,299.4668274,305.0879543,294.5780041,298.0744381,77636
05-03-2020,303.8296814,319.1046935,299.1058665,301.6740413,74232
06-03-2020,301.2408447,314.3705653,286.636243,295.5990945,107344
09-03-2020,289.0497437,299.10589,281.1595366,285.8214578,93300
11-03-2020,288.5340271,293.7425949,280.5510046,288.791877,59560
12-03-2020,272.7225952,287.554122,240.6151303,287.554122,218968
13-03-2020,254.2915649,268.1638892,218.1822558,231.0335046,103884
16-03-2020,240.3985901,251.2385833,231.4976078,244.6067049,27756
17-03-2020,228.7747192,237.6344303,224.9482173,232.1267674,128684
18-03-2020,204.4130707,235.1590874,196.1721861,228.7747346,44472
19-03-2020,167.3548584,205.0421937,163.5386807,176.5755712,684068
20-03-2020,178.9272003,184.0841981,157.0408941,165.0239292,80228
23-03-2020,161.7647095,176.3693247,161.0427298,161.1046112,80340
24-03-2020,176.5137024,177.9370261,148.5215191,148.5215191,44868
25-03-2020,193.7071686,194.1609869,175.564846,182.9599891,134904
26-03-2020,201.5973511,208.3427066,174.3374689,191.2214742,63584
27-03-2020,197.9565125,208.3427005,193.9031074,208.3427005,1973464
30-03-2020,197.7605743,206.2799331,180.2886615,189.9838183,21036
31-03-2020,207.4763336,208.3427118,194.9551404,194.9551404,31364
01-04-2020,210.2095184,216.1297538,200.0914924,208.342688,34632
03-04-2020,200.4318695,220.059407,198.2349835,211.8494569,6592
07-04-2020,204.4956055,210.3952191,201.1229336,201.1229336,409212
08-04-2020,211.4059753,224.9379333,200.9269577,209.3535002,16164
09-04-2020,207.4247894,221.7509337,203.5879876,217.8109919,25952
13-04-2020,205.6919861,218.4503915,198.8331801,218.4503915,15052
15-04-2020,202.9381561,213.1696464,200.0914961,210.1992109,51464
16-04-2020,192.5107117,205.8054534,191.0461295,198.0286989,53988
17-04-2020,198.2453003,203.1857065,191.8506232,195.9659099,37792
20-04-2020,190.0972595,198.6991348,185.8272626,191.8403274,29824
21-04-2020,181.289093,187.3537274,180.4949204,185.6519181,46316
22-04-2020,180.7115173,182.5577251,177.864857,177.864857,28172
23-04-2020,194.0372314,197.0386021,185.3528384,195.553384,20500
24-04-2020,183.6303558,192.345681,181.5262985,188.3335347,11860
27-04-2020,181.6500702,191.6855921,179.9276381,191.6855921,11816
28-04-2020,185.3837433,193.6968205,175.13163,179.9276376,39668
29-04-2020,183.0218353,191.7371608,179.9173255,179.9173255,133420
30-04-2020,196.5950623,200.0915092,185.4456358,185.4456358,74956
04-05-2020,189.2205811,214.0670016,185.8891677,190.9223905,139904
05-05-2020,187.6837769,192.7995289,182.423639,191.6340423,11544
06-05-2020,182.1141968,190.2416295,180.0410864,185.6622134,10544
07-05-2020,181.2168884,182.5783307,179.4119393,181.5263083,13940
08-05-2020,180.639328,187.7147267,176.4415241,176.4415241,8712
11-05-2020,177.6585693,186.8895951,176.8953312,178.0195592,9180
12-05-2020,176.2558746,180.4846129,175.5442064,175.5442064,57508
13-05-2020,178.8446655,185.445622,177.4007063,185.445622,7376
14-05-2020,171.4701691,179.4532038,168.3244006,176.5755967,28068
15-05-2020,175.0491333,178.8446888,172.2437315,173.3060781,10932
18-05-2020,171.9033813,177.4007467,167.0867498,175.3379474,21700
19-05-2020,171.7177124,174.7190826,169.6652248,169.6652248,7308
20-05-2020,171.7589722,173.8939642,169.768366,169.768366,4860
21-05-2020,170.8307343,178.1124135,170.1809474,170.1809474,8208
22-05-2020,172.3984222,174.3065113,167.2929948,169.3661053,7576
26-05-2020,174.2446442,177.1944444,169.5105177,172.2437265,11416
27-05-2020,175.3997955,177.8132729,171.2226276,174.0899232,29736
28-05-2020,175.4307556,177.3285333,171.6248887,177.3285333,8716
29-05-2020,174.223999,178.2258341,173.0688366,176.3796265,122724
01-06-2020,180.9178009,190.5923342,172.6047227,172.6047227,185884
02-06-2020,185.3630981,188.7460933,180.6496078,185.620948,22368
03-06-2020,187.8900452,189.7775113,182.5577147,188.7461118,34560
04-06-2020,197.904953,204.2171133,188.7461199,192.8717181,77532
05-06-2020,206.4346313,208.8068504,195.1408057,201.3704618,22216
08-06-2020,207.4763336,214.974616,205.9704928,207.723872,15692
09-06-2020,206.3314667,210.2095262,205.8157669,208.3014372,11588
10-06-2020,206.3211517,208.8171334,205.2484938,206.5480546,10896
11-06-2020,200.5246887,206.331473,198.3278153,206.331473,5228
12-06-2020,199.5655365,202.7938101,192.8304912,199.8233864,214584
15-06-2020,210.8180847,228.9707182,203.175416,205.2485267,71264
16-06-2020,200.6484985,216.5939353,196.3785013,216.5939353,18328
17-06-2020,206.3933411,212.4682863,195.9658952,200.091493,14916
18-06-2020,205.619812,216.1813459,202.5874948,209.0956361,14976
19-06-2020,205.9911041,209.7763479,202.154303,209.7763479,15580
22-06-2020,200.8547516,205.4547911,199.0601138,202.164624,19092
23-06-2020,206.5480652,209.5700708,196.7807168,200.7103464,36348
24-06-2020,206.9915771,221.0908165,204.4440127,208.6108694,25824
25-06-2020,224.0096588,246.5044931,204.2893044,204.2893044,1060492
26-06-2020,208.9409485,223.9787606,206.5584052,222.9886068,328540
29-06-2020,206.3314667,214.5310926,203.5879466,214.5310926,54664
30-06-2020,210.76651,233.0963115,199.0704359,209.3741205,110228
01-07-2020,206.0736237,214.9436595,204.6399758,209.0440593,34028
02-07-2020,204.5265045,210.4054812,203.1959967,210.4054812,22852
03-07-2020,202.824707,208.755254,201.1228979,207.919823,23324
06-07-2020,203.536377,209.5803754,201.3498025,209.5803754,20028
07-07-2020,205.062851,207.3216185,201.7417495,203.0206874,25336
08-07-2020,203.536377,212.7467668,202.3708905,208.3323846,60852
09-07-2020,200.7103424,207.723859,200.0915027,203.8148524,40524
10-07-2020,198.3587494,203.1753927,196.7807157,203.1753927,26296
13-07-2020,195.367691,202.9794245,190.8604802,195.9659078,51840
14-07-2020,195.3573608,199.6789269,192.0465712,199.6789269,30676
15-07-2020,191.9537506,196.5331667,191.4277394,191.9640621,52360
16-07-2020,191.9434509,196.3784689,187.2815301,193.6555716,132572
17-07-2020,192.1703796,195.9659354,188.7461378,191.9640997,157396
20-07-2020,194.2125244,196.8632161,191.4277458,192.1806725,56628
21-07-2020,196.1000061,196.6466403,193.6968401,194.944831,51012
22-07-2020,203.3713837,207.8682835,195.7183909,196.1722092,523940
23-07-2020,203.7632904,208.4458468,201.7417498,206.2592848,60700
24-07-2020,203.2063141,209.7866476,199.3385662,209.7866476,28300
27-07-2020,202.2677612,203.876742,199.0601112,199.0601112,68696
28-07-2020,202.1440125,203.1651006,199.183888,199.183888,72940
29-07-2020,206.2592926,206.8368738,201.1538647,202.0924358,16728
30-07-2020,206.022049,208.3426978,202.835022,204.3821212,35356
31-07-2020,220.7710876,227.0523012,203.670477,204.2068123,138920
03-08-2020,206.8265533,226.9078972,205.5373039,220.9257799,42596
04-08-2020,206.3211517,214.531089,204.4233742,214.531089,51324
05-08-2020,213.7472382,215.5625115,206.2799153,206.2902268,25744
06-08-2020,209.673233,225.3814418,207.8270252,215.2737255,43056
07-08-2020,218.4710541,222.7719853,208.4458552,208.4458552,29956
10-08-2020,222.0912933,226.3200319,213.7369561,222.3697662,50492
11-08-2020,221.6581116,231.4460843,217.212769,217.212769,108888
12-08-2020,220.1934662,265.8947875,216.5938921,221.6271266,77928
13-08-2020,223.844635,226.4953266,218.8629705,220.2037898,23660
14-08-2020,220.5751343,224.1437619,217.8316012,217.8316012,19188
17-08-2020,220.2862854,230.0020626,217.8315498,230.0020626,115100
18-08-2020,236.3039856,241.3268969,220.9464296,225.5980521,179192
19-08-2020,232.652771,243.3174565,230.4455862,238.6658349,77400
20-08-2020,231.7039032,250.6300845,227.9908649,238.0470103,258500
21-08-2020,230.8375549,238.8721478,229.7648842,238.8721478,113460
24-08-2020,233.7254639,237.2218983,230.8375451,237.2218983,110280
25-08-2020,234.9012299,236.8093189,231.0334818,236.8093189,57636
26-08-2020,235.8526001,243.6238704,234.5271154,235.168484,100268
27-08-2020,229.2678528,239.4442272,228.3592475,238.3752798,82280
28-08-2020,226.5741577,229.919943,224.9707362,229.2679006,527196
31-08-2020,218.8135834,228.541007,212.3464501,227.065854,91864
01-09-2020,218.1294708,219.9039214,213.7788588,218.8029131,67932
02-09-2020,214.3667603,222.0204227,213.7895259,215.9274212,40256
03-09-2020,215.9274445,222.2342362,213.8964437,214.0033385,29276
04-09-2020,213.1802063,218.2790807,211.6516061,216.9963437,923584
07-09-2020,210.7857819,216.7825753,208.444784,216.7825753,147368
08-09-2020,210.5613251,215.8205426,206.7879344,215.8205426,23232
09-09-2020,208.4661407,210.6147357,204.5965559,209.0861355,102012
10-09-2020,208.7227478,213.1375075,208.444824,211.512699,412932
11-09-2020,209.2251282,211.2240551,208.4447912,211.2133682,40124
14-09-2020,212.068512,213.6826202,209.7275142,211.0102513,32792
15-09-2020,211.0423126,213.6826078,210.58266,210.5933468,73968
16-09-2020,208.6158142,212.7205757,207.8247904,211.6088675,156360
17-09-2020,209.1930389,210.2299129,208.4447756,209.6099311,18012
18-09-2020,210.026825,212.6991939,208.4447773,209.5137249,102912
21-09-2020,209.3854828,220.1818547,199.6046112,211.6516467,1526468
22-09-2020,202.6190186,213.5757315,200.9621498,213.5757315,858080
23-09-2020,209.9199066,213.1481227,196.761153,202.0310692,235500
24-09-2020,205.4945068,216.8360392,203.9552196,208.776171,595256
25-09-2020,207.0658112,208.6906191,205.2379136,207.9102823,105204
28-09-2020,208.9685669,213.5436547,207.4613534,208.0813352,102916
29-09-2020,203.9872894,210.5613176,201.0369834,209.9840833,182120
30-09-2020,205.6120605,208.4447715,199.30527,204.9813789,138176
01-10-2020,211.6195831,212.0578622,203.7414433,203.7414433,84184
05-10-2020,206.0930786,210.5826581,204.8424153,208.8723421,32724
06-10-2020,208.1988983,212.2929724,206.093077,206.093077,122752
07-10-2020,204.9279327,209.5137204,203.1748561,206.1572224,208112
08-10-2020,201.6890564,207.1513765,200.9621667,206.7344843,90516
09-10-2020,198.6959686,202.0203928,197.7552896,202.0203928,64680
12-10-2020,198.3646088,202.6617861,196.8680821,202.6617861,33784
13-10-2020,193.8429718,199.3373654,191.2774974,199.3373654,161432
14-10-2020,198.7494354,199.9252778,194.120887,194.120887,882676
15-10-2020,196.8680725,201.389726,194.8156984,200.7269838,36744
16-10-2020,200.3100891,203.9551977,192.9343508,197.8515097,36604
19-10-2020,198.0011902,201.3897492,195.1898525,201.2935413,27840
20-10-2020,196.0449829,200.5345627,195.5318829,198.3966675,16868
21-10-2020,194.131546,197.4666699,191.7691747,195.4677303,27384
22-10-2020,192.292984,196.4832533,191.7691971,194.1208818,30704
23-10-2020,193.6291809,195.4036314,192.1967884,193.2550492,25496
26-10-2020,192.1967926,194.5805511,191.9830031,194.5805511,27944
27-10-2020,191.7905884,193.1588466,190.3047615,191.9830042,11152
28-10-2020,197.7553253,202.8862743,192.1967973,192.8381659,110436
29-10-2020,194.2704926,196.3335531,183.1962007,194.1208373,462792
30-10-2020,196.6756744,197.9049642,192.8488368,195.8312032,463704
02-11-2020,194.5270996,198.1722085,191.6836884,198.1722085,34740
03-11-2020,192.1540222,197.7339366,188.5730477,197.7339366,255372
04-11-2020,191.9081726,193.9819206,191.3416251,192.4105728,455164
05-11-2020,196.6115417,197.8622052,191.9081722,191.9081722,36188
06-11-2020,194.2812347,197.5949724,193.4902109,194.6767402,28496
09-11-2020,195.1577454,196.9001351,192.1967659,193.8963951,75304
10-11-2020,191.9616089,195.9274017,191.1278246,194.7729332,36176
11-11-2020,194.4095001,198.8242591,191.9616205,191.9936811,461028
12-11-2020,201.817337,202.6190479,192.1968072,198.3967042,105512
13-11-2020,207.6003265,208.2310083,200.6094061,201.8173222,375788
14-11-2020,208.09198,211.224001,203.7306825,210.0802325,43428
17-11-2020,212.7098999,213.5757449,205.2379531,208.0920381,286292
18-11-2020,213.7147217,215.7136487,211.6516474,213.7574691,218044
19-11-2020,213.4581604,216.3550059,209.0220276,212.7205839,202228
20-11-2020,212.2395477,213.7895218,211.2240475,213.7467612,62120
23-11-2020,211.8013,213.7895402,210.5506234,213.2550663,473212
24-11-2020,212.9664459,213.8857383,210.6147611,212.7205827,111480
25-11-2020,206.424469,214.013997,202.2983339,214.013997,86248
26-11-2020,203.1962585,207.4506623,203.1000506,207.4506623,31316
27-11-2020,217.1353455,220.2245938,199.9145881,206.9482689,555520
01-12-2020,213.2978058,222.3410998,211.4485212,218.2042779,97236
02-12-2020,213.2657318,215.7136244,211.6516236,213.1481502,40540
03-12-2020,213.447464,214.8477827,210.8071556,214.3346827,85756
04-12-2020,214.2598572,215.5425943,211.6729962,213.5329676,98224
07-12-2020,214.7301941,215.339489,213.3512491,215.3181153,51032
08-12-2020,215.8098145,218.7921806,214.0032906,216.6435857,60656
09-12-2020,216.9963684,218.065316,213.6826308,213.6826308,38896
10-12-2020,225.1845245,229.1823783,217.2101646,217.2101646,323836
11-12-2020,223.655899,231.9616162,221.6248987,226.3068942,461172
14-12-2020,227.6003265,233.009212,223.6559202,223.6559202,113108
15-12-2020,227.0552063,232.7954506,224.5538529,228.1776015,65348
16-12-2020,224.1796722,230.2512995,220.6307716,228.1989254,68460
17-12-2020,220.2887421,227.9530917,216.6863806,225.3020962,54920
18-12-2020,223.6345367,224.4789949,215.9274141,218.524962,82168
21-12-2020,215.0509033,223.6238586,213.3619607,223.6238586,234040
22-12-2020,212.154007,214.5805256,205.4517113,211.8653963,65408
23-12-2020,213.6719513,215.7136387,211.8975008,213.2229854,21876
24-12-2020,210.251297,218.9525327,208.444773,214.7301899,84660
28-12-2020,215.8418884,216.996357,210.1337188,210.1550926,83020
29-12-2020,213.8002167,216.3550042,211.7906029,216.1412146,91724
30-12-2020,214.0995026,216.4725609,208.5195886,214.4308737,156412
31-12-2020,216.322937,219.1342746,213.7895362,214.9546918,112496
01-01-2021,219.059433,221.2721493,215.5105192,217.3811775,37996
04-01-2021,225.066925,226.3710359,217.2101599,219.0594445,159456
05-01-2021,226.7879333,229.3961551,222.5655903,225.3341542,371964
06-01-2021,219.7649231,230.8926779,218.4928859,230.6788884,101504
07-01-2021,221.0583801,223.7307493,219.3480638,220.8659643,48000
08-01-2021,225.3020935,227.3758676,223.3886876,223.3886876,454232
11-01-2021,226.4992981,232.8167889,225.5479452,229.8237356,191516
12-01-2021,226.3924103,229.2999687,225.2593414,226.499305,102116
13-01-2021,232.2502594,234.4202284,224.2545255,227.5255158,271016
14-01-2021,230.8285065,235.1470699,227.8568534,231.5340222,201200
15-01-2021,228.2951202,231.8547208,226.7879199,230.892668,189024
18-01-2021,225.4196777,228.7334153,223.410051,228.2951364,48340
19-01-2021,226.2320862,229.6099714,225.3983278,225.3983278,692824
20-01-2021,227.1834412,229.4068574,224.5324459,228.0172255,142076
21-01-2021,224.6820679,234.0995059,223.6024465,228.3164894,127456
22-01-2021,220.0428925,227.407932,216.4405438,225.2700365,50044
25-01-2021,220.2566833,221.1332153,216.269503,221.0583942,45152
27-01-2021,217.3598022,222.7473006,214.0033043,219.615279,74412
28-01-2021,214.0140228,219.9894433,211.6195773,216.4619157,97116
29-01-2021,216.7612,220.203206,213.0412571,215.0829444,32880
01-02-2021,222.7793579,226.4030795,215.072236,215.072236,67440
02-02-2021,227.92099,235.1684596,222.341089,224.9813842,258380
03-02-2021,228.4554749,233.009202,225.772432,230.8926806,123660
04-02-2021,228.4554749,230.3261331,224.6927845,224.6927845,64524
05-02-2021,241.6891022,244.7890509,228.3058807,236.6650474,1221784
08-02-2021,252.2609253,259.1128896,243.7307446,247.3330927,698944
09-02-2021,257.1460266,262.9610907,254.4202104,260.6094061,1145096
10-02-2021,260.3314819,261.8921558,256.974997,257.6163655,132380
11-02-2021,272.2006226,289.3302966,260.8356462,260.8356462,257136
12-02-2021,269.5046082,284.4971568,267.0058411,279.0393566,166376
15-02-2021,268.6607056,270.9183693,266.2277061,267.0606374,243316
16-02-2021,268.6826477,273.9870258,267.6634106,269.6032334,74996
17-02-2021,268.2442322,273.9869888,266.8304433,273.9869888,86076
18-02-2021,263.5644836,269.5921967,260.1670454,265.8769443,77020
19-02-2021,263.1371155,264.1234687,261.7671805,263.3015077,88100
22-02-2021,255.83815,266.4140507,254.2599952,264.4632842,163564
23-02-2021,252.1995697,260.6054862,248.2651268,257.1203927,33400
24-02-2021,251.2022705,262.457652,248.2760677,250.9721107,67052
25-02-2021,261.5918579,263.0275607,252.8571563,259.7397162,33044
26-02-2021,265.7454834,268.7702839,252.3530038,258.6437348,124896
01-03-2021,255.4654999,272.8472473,253.1640089,272.8472473,72200
02-03-2021,265.2413025,266.0194362,256.0024564,256.7477064,104320
03-03-2021,264.3426819,266.5784053,259.4437992,263.0275442,149448
04-03-2021,260.5507507,264.9893416,259.0493068,264.3427427,26680
05-03-2021,259.6300354,267.1591915,257.7778943,260.835578,75680
08-03-2021,260.0245972,263.0274836,257.8546151,259.0820713,48932
09-03-2021,264.4412842,266.3591932,261.5041649,261.5041649,187576
10-03-2021,262.6877747,267.0606234,259.2245949,265.7673993,50504
12-03-2021,263.3563538,266.3592411,255.0052338,262.58919,114048
15-03-2021,257.3614502,264.6823875,254.4900721,264.6823875,45844
16-03-2021,254.5449066,260.1451851,250.3583636,258.6437416,29024
17-03-2021,258.7533264,265.2194197,254.7750298,258.424542,667264
18-03-2021,259.0931091,262.589173,253.9640665,262.589173,39444
19-03-2021,257.1860657,260.3971981,251.2350638,255.6955927,66188
22-03-2021,264.0906067,266.3263569,253.3831992,253.3831992,47712
23-03-2021,257.2628174,268.5072543,256.3422318,265.318035,64740
24-03-2021,262.5233765,265.7454797,255.6956417,256.4518352,465608
25-03-2021,262.6329651,266.315361,257.9532725,266.315361,66000
26-03-2021,264.6277161,268.5073628,262.5892413,262.5892413,53776
30-03-2021,268.2223206,271.795122,261.0548309,266.7537608,45300
31-03-2021,271.6636047,276.1679351,264.7591321,267.411321,58920
01-04-2021,286.9082031,295.4675673,270.5457216,272.0142812,255292
05-04-2021,287.8288574,297.6595066,279.9161174,286.7000255,95108
06-04-2021,285.8561096,289.3302593,282.7545716,289.2754619,62476
07-04-2021,277.6913757,285.7575389,274.5131258,285.571233,1139040
08-04-2021,281.5380859,284.7273055,278.5899964,281.6586509,149060
09-04-2021,273.4828796,284.9574777,267.9702821,280.0147411,79804
12-04-2021,258.3697815,270.6882282,255.355924,270.6882282,38332
13-04-2021,260.5287476,263.0275143,254.2599305,254.2709007,49272
15-04-2021,251.2241821,259.5314739,248.8021262,255.3778146,31116
16-04-2021,260.3753662,265.000262,247.6842813,252.2872635,298508
19-04-2021,245.9855499,258.6437504,243.6073479,257.5478023,92024
20-04-2021,242.0620728,251.7940981,239.1358964,247.2897403,57380
22-04-2021,234.4342499,249.8761467,232.6697629,243.278545,173548
23-04-2021,240.0674286,243.5196651,233.6561323,234.3137011,76112
26-04-2021,243.3990479,247.2458355,237.9193086,241.0975574,18864
27-04-2021,246.5116272,248.4185663,241.601774,244.6813991,24936
28-04-2021,243.4868011,251.5201066,239.9359398,247.7500556,25076
29-04-2021,241.185379,245.5253458,239.9688923,244.7143278,171576
30-04-2021,247.1034088,253.5804727,236.735756,236.735756,110640
03-05-2021,248.3199005,249.8761413,236.7247654,248.7363661,37984
04-05-2021,247.8048859,252.0681141,245.1855533,248.3199762,18788
05-05-2021,258.895813,284.7273032,243.3552643,249.0541942,396204
06-05-2021,255.443573,266.1728935,251.1803191,259.0821151,63720
07-05-2021,261.7672424,265.2194795,256.7258804,256.7258804,33548
10-05-2021,259.5643616,269.1648785,256.9340859,269.1648785,57200
11-05-2021,258.6108704,269.164856,248.4185529,258.3478535,27428
12-05-2021,254.0188293,265.2194124,253.1639846,265.2194124,22588
14-05-2021,260.7041321,265.2194328,255.2901326,255.2901326,81496
17-05-2021,256.0902405,266.7538231,254.0408225,266.7538231,65928
18-05-2021,237.4042358,264.7371933,233.4369097,258.205333,826332
19-05-2021,242.6210022,256.8244739,239.3112442,243.3004847,499444
20-05-2021,241.2401581,246.8404651,240.0127012,243.6950986,123572
21-05-2021,244.955368,247.6732979,242.3250926,242.7305881,105104
24-05-2021,262.4356689,263.4658492,247.4540412,251.6953806,1755364
25-05-2021,260.3862915,267.4113293,258.6437448,266.3153813,374136
26-05-2021,255.6628113,261.427483,250.5337682,260.3863321,105692
27-05-2021,255.5970154,258.6437565,252.0680678,256.4518603,101208
28-05-2021,259.7068176,264.7043517,257.3176454,258.5999261,485640
31-05-2021,259.8821411,264.4522387,258.6656282,262.3699376,128224
01-06-2021,258.9725342,262.3699733,257.7669913,260.8137323,47448
02-06-2021,258.4245911,261.6905221,257.5478325,260.2767329,48048
03-06-2021,257.054657,261.7014668,255.8052867,258.4245923,59156
04-06-2021,258.5341187,262.1288332,256.4518176,259.7177478,104880
07-06-2021,258.7314148,263.0275257,256.6381434,260.3972504,75628
08-06-2021,258.1943665,261.9644435,257.1093887,260.0355644,28864
09-06-2021,251.8159943,262.1507904,249.8871416,260.813739,59152
10-06-2021,257.1313477,260.0465804,251.848883,253.996952,41084
11-06-2021,260.7589111,263.2467077,256.714847,259.4437735,232800
14-06-2021,259.6191101,263.0275191,258.9396277,261.9315711,74364
15-06-2021,253.8215942,260.7918352,252.1447882,260.7918352,149636
16-06-2021,249.843277,254.2599531,247.9144244,253.8215738,960756
17-06-2021,248.1007233,250.5227524,246.9280642,249.84327,1656344
18-06-2021,246.8841858,256.4518166,241.3387053,249.3500686,230548
21-06-2021,246.3362885,249.8762067,242.368961,246.8513788,162676
22-06-2021,253.3393402,254.698305,247.7061517,248.977462,104132
23-06-2021,249.9418945,255.3558666,248.780179,255.3558666,54488
24-06-2021,250.4788971,251.4433366,248.1226091,251.2022334,83460
25-06-2021,246.752655,251.6405931,243.5196089,251.4104333,80536
28-06-2021,246.4129791,250.7529446,243.9142387,250.7529446,52828
29-06-2021,247.6184845,250.1282215,245.612921,247.6842521,135796
30-06-2021,255.2134247,259.7396956,246.0074608,247.2458875,219880
01-07-2021,251.366684,256.4957,250.237852,256.4299592,24880
02-07-2021,252.1118774,257.5258768,247.684258,247.684258,47776
05-07-2021,264.3426819,266.8195353,255.3230237,258.6437518,303828
06-07-2021,265.416748,271.7951614,263.0275756,266.8195671,220324
07-07-2021,264.9016113,266.7318392,259.1478841,266.7318392,88244
08-07-2021,269.5484924,271.7951865,263.3235006,264.9016822,149420
09-07-2021,265.5591431,276.1788674,261.942515,271.7950758,172212
12-07-2021,268.2661438,271.1704059,264.9892434,266.8962089,140880
13-07-2021,270.8635864,279.2256762,266.6113022,269.603246,100292
14-07-2021,279.0174255,282.7546194,269.4936469,272.8910862,323732
15-07-2021,281.1983337,286.6999872,277.4940243,281.6586265,367988
16-07-2021,304.4324341,315.633017,281.2202506,282.6120992,1330576
19-07-2021,303.8735352,310.1862071,297.6595146,300.2897901,599200
20-07-2021,303.4351501,326.15416,298.4376428,304.6735769,592036
22-07-2021,304.728302,308.7723389,300.5198729,305.7694525,349268
23-07-2021,289.198822,306.865502,285.7356149,304.8927952,215544
26-07-2021,288.5959778,293.7140493,285.1656554,285.1656554,128836
27-07-2021,285.5711975,300.5089758,282.7875,290.0426712,100240
28-07-2021,284.815033,286.9192482,277.0009167,286.9192482,240684
29-07-2021,284.1355286,286.5904417,279.4667787,284.9465195,103852
30-07-2021,309.3423157,317.8249431,284.2889319,284.2889319,919200
02-08-2021,313.9891357,320.0168504,310.0327523,317.5838509,238632
03-08-2021,303.3146362,328.1268929,294.634705,320.0168762,404412
04-08-2021,348.4237976,359.6791787,317.8249335,317.8249335,10171364
05-08-2021,336.5656738,346.3196123,331.1955279,340.8398716,1745132
06-08-2021,356.8297119,361.4436639,336.0286395,340.4014615,4327692
09-08-2021,353.4542847,367.964629,349.6294092,364.1726373,858684
10-08-2021,351.8522339,359.3803963,346.0156523,351.7626074,413536
11-08-2021,350.1270142,369.6868186,345.9148414,369.6868186,643376
12-08-2021,342.7893066,353.1629542,339.4397308,346.7774544,193968
13-08-2021,347.1247253,363.1780732,340.795239,345.926022,848336
16-08-2021,336.8967285,349.8133676,333.8384048,349.8133676,191644
17-08-2021,351.4937439,358.4841744,336.5270187,346.1612809,646280
18-08-2021,355.4147339,362.1698995,346.5198272,352.4348227,395400
20-08-2021,338.1065674,354.0030875,334.8129779,347.7296151,273612
23-08-2021,333.3119202,343.8311808,330.7353148,337.871386,260212
24-08-2021,343.1029663,351.9306448,332.7629327,340.1118694,162592
25-08-2021,335.6980286,347.2815373,333.838381,347.2591375,113924
26-08-2021,336.2469788,342.8005181,334.5665841,336.0789393,68852
27-08-2021,336.9079895,340.7168849,335.731713,337.9386537,77968
30-08-2021,347.3936157,349.5221158,334.9586943,337.1992207,377620
31-08-2021,363.4021606,365.2057953,349.757377,351.5385846,397344
01-09-2021,358.6634827,371.9273882,354.0031767,367.3903222,206156
02-09-2021,358.7194824,369.686848,354.4624824,365.2057953,146008
03-09-2021,354.3279724,359.6044221,349.7573213,358.9322643,115372
06-09-2021,359.2347717,362.7412008,354.4512536,355.1234115,523692
07-09-2021,355.9412537,366.9982466,351.8410792,366.9982466,107104
08-09-2021,358.5177612,359.6044108,349.7012972,349.7012972,127692
09-09-2021,375.2321167,379.7691821,360.2766047,360.2766047,709400
13-09-2021,378.8394165,386.4908199,376.6325034,384.0262408,1349076
14-09-2021,373.0700073,384.2502384,370.0341108,383.1299753,246004
15-09-2021,371.6360168,377.5286109,369.9108229,374.167822,137704
16-09-2021,373.6861267,378.6488973,365.2841541,375.2881083,176216
17-09-2021,370.6278687,383.130017,354.0479732,378.4249115,454260
20-09-2021,355.9300232,369.6868609,350.4183336,362.9652817,93412
21-09-2021,345.657135,355.123357,343.2149563,352.8828311,196728
22-09-2021,356.2884216,358.484148,345.6571371,345.6571371,230152
23-09-2021,357.4199524,361.5761396,354.0143634,358.8650809,120856
24-09-2021,367.6927185,370.1685107,357.8120043,362.7187617,439236
27-09-2021,360.3886414,375.5345931,354.036755,375.0528745,203768
28-09-2021,356.2660217,363.8166105,353.3645516,361.8449367,103700
29-09-2021,354.8993835,362.9540651,349.1636414,351.7850464,227844
30-09-2021,352.2107849,358.4506461,348.6371559,356.2437328,85912
01-10-2021,358.4842224,368.7794302,351.2137252,358.4842224,258508
04-10-2021,359.0667419,369.6644424,356.3220972,364.9817369,107808
05-10-2021,362.5731201,364.0854752,359.2795578,364.0854752,105372
06-10-2021,351.4040833,362.5730993,349.5332496,362.5730993,103172
07-10-2021,358.5177612,361.8449368,352.5243544,353.1628988,50412
08-10-2021,353.0508728,362.9652,352.2106756,362.0689897,62352
11-10-2021,353.8799438,355.3362861,345.5675961,353.05096,197972
12-10-2021,363.9285889,366.3707399,355.6498303,355.6498303,272928
13-10-2021,369.4179382,370.4037478,364.0854754,364.0854754,196752
14-10-2021,369.5411377,374.839987,362.5170944,374.839987,223732
18-10-2021,381.5503845,391.6439656,369.4739706,371.389604,475812
19-10-2021,371.0758972,383.1299378,370.1348873,375.5121495,110292
20-10-2021,370.9526978,378.6488992,362.965217,364.3543322,170212
21-10-2021,395.7553101,400.0235231,369.8212212,370.9526978,1284620
22-10-2021,352.546814,399.7098927,332.9646086,399.2617874,1069812
25-10-2021,354.3952332,361.4865041,344.592931,347.5056151,206100
26-10-2021,350.5303345,359.660479,347.6848771,358.2601501,133672
27-10-2021,352.2330933,360.5006398,347.5616019,353.9807145,155120
28-10-2021,372.8571472,386.9388479,347.2815369,369.4627448,1162444
29-10-2021,365.1833801,369.5635925,356.2660747,369.5635925,118100
01-11-2021,356.927002,375.6241803,355.3474202,368.5665235,107016
02-11-2021,353.1181641,364.7576874,351.3145294,361.3968979,156588
03-11-2021,364.4761047,367.6304705,350.6105413,353.1067976,92064
04-11-2021,363.7385559,367.4035193,360.8905712,367.358144,9284
08-11-2021,368.1637573,372.6116266,358.5531761,367.1312316,52316
09-11-2021,360.5048218,371.0344912,358.5758963,371.0344912,44516
10-11-2021,360.6182861,373.7576782,356.7717929,362.3089492,84484
11-11-2021,362.3656311,363.3414237,355.3761028,355.3761028,42008
12-11-2021,357.7588501,403.2587863,353.3790447,364.1810467,243784
15-11-2021,360.0735474,370.1153038,357.9971385,370.1153038,81728
16-11-2021,358.8708801,364.907276,356.2838454,364.907276,71240
17-11-2021,349.600647,361.9571025,342.6111194,360.6749292,149044
18-11-2021,347.0249634,349.475844,343.5302271,349.475844,367248
22-11-2021,346.5710754,349.7254407,341.7601207,348.7609782,298424
23-11-2021,345.5612793,347.8532908,339.6043044,346.9455613,155108
24-11-2021,340.999939,354.0031474,340.3985626,347.2973124,53476
25-11-2021,338.946167,344.4039013,335.39467,337.9022837,145396
26-11-2021,347.1270752,353.3336694,334.7252167,344.2563754,211276
29-11-2021,328.2803345,353.7875363,325.6819701,353.7875363,114416
30-11-2021,338.1292419,342.2140247,325.3075626,327.4634202,170100
01-12-2021,334.1352234,339.6156456,328.4278688,338.1292275,86572
02-12-2021,345.2435608,348.8064157,333.2501904,333.2501904,56072
03-12-2021,339.0823669,355.9207669,337.0059577,352.8685097,114172
06-12-2021,339.1731567,351.0644199,337.7207838,342.8948536,99196
07-12-2021,339.275238,344.460637,336.2343389,340.8750946,109572
08-12-2021,342.2594604,350.9509831,339.2639636,344.9372741,174180
09-12-2021,338.469574,343.972683,336.3137168,343.972683,44080
10-12-2021,333.6473389,342.3842357,329.6533344,338.469652,346988
13-12-2021,330.8106689,339.8312308,329.5058078,330.1866049,132492
14-12-2021,334.3621826,338.1292547,321.1093258,335.1791337,78752
15-12-2021,349.8388977,352.6301766,331.3325816,331.3325816,211240
16-12-2021,324.0480652,365.3157386,317.9549366,351.7451719,16623392
17-12-2021,306.1771545,315.3679159,293.8774307,301.8200639,5159056
20-12-2021,310.9768066,312.2589802,297.5083743,305.4510083,1494076
21-12-2021,314.4034729,315.8785335,301.3775757,313.1440147,722288
22-12-2021,322.0170288,324.0594201,312.8035802,316.7862267,561624
23-12-2021,321.5517883,326.0904354,318.3066723,318.3066723,309108
24-12-2021,319.3392334,321.0412262,313.8588386,321.0412262,143864
27-12-2021,320.5987549,322.539038,315.8218167,316.7976371,104036
28-12-2021,324.4338989,327.6676855,321.1433793,322.2099504,334008
29-12-2021,322.5503235,326.5443277,319.634248,322.3687942,191960
30-12-2021,321.5971985,324.7061607,318.6016747,323.821119,119144
31-12-2021,322.1645813,330.0504821,319.0669486,323.2084648,200700
03-01-2022,328.8817444,333.5452158,317.4897502,319.9746487,561384
04-01-2022,333.8061523,338.2426912,328.3711333,330.3341038,407392
05-01-2022,343.5982971,349.4304757,334.3621607,335.4854649,315716
06-01-2022,340.3985596,349.4758545,336.994574,343.5756128,133336
07-01-2022,344.9599304,346.9115435,339.8539515,340.6255272,112232
10-01-2022,348.8631897,353.0500814,344.9372481,346.6959742,182644
11-01-2022,357.2597046,361.9571944,348.6135576,349.4759118,276956
12-01-2022,357.2368774,367.1651673,351.9153252,362.6378782,215572
13-01-2022,359.960144,364.2151263,352.1990674,362.4110249,239436
14-01-2022,371.2614136,373.3038052,355.59172,363.091847,317052
17-01-2022,370.750824,378.1715027,364.9754052,374.483851,129644
18-01-2022,349.5666199,372.5435218,345.1754842,366.2688364,1181612
19-01-2022,362.0592346,365.3611116,348.1142517,349.4758459,202984
20-01-2022,370.0699463,373.3037324,356.0568731,358.553129,181700
21-01-2022,369.6047668,374.551904,359.7445657,369.89979,213040
24-01-2022,346.3214722,370.0132163,342.9969075,369.604727,339476
25-01-2022,343.6210022,354.8995582,331.0943458,340.7503297,413396
27-01-2022,345.6520691,349.4304989,337.5051909,345.3457159,327052
28-01-2022,345.6974182,359.0070072,342.5203651,347.388081,92724
31-01-2022,363.3641052,365.1115011,346.1512902,347.4334637,214828
01-02-2022,364.2718506,368.9126344,361.2763542,365.1909378,126524
02-02-2022,368.2658997,371.4883286,353.8897104,361.0721262,126136
03-02-2022,371.8968201,382.8349504,368.9693866,380.1231194,522684
04-02-2022,376.1404724,381.4506964,370.8075607,375.1192766,463896
07-02-2022,381.3825378,386.8970055,376.9346689,382.6079782,238668
08-02-2022,381.2464294,384.0263513,371.6812233,383.5157534,299548
09-02-2022,383.1639404,384.6503585,375.9021048,383.1526104,135620
10-02-2022,379.7940063,384.6503646,372.1690843,384.6503646,165296
11-02-2022,365.2476501,379.7032311,360.8224689,366.1213342,124836
14-02-2022,350.0658875,369.7976747,341.5218777,363.0918117,554816
15-02-2022,357.7248535,366.2461755,343.2806019,361.7302156,266116
16-02-2022,368.0162659,377.84245,354.0145477,355.4328752,177088
17-02-2022,359.8126221,376.4807932,356.2838127,376.4807932,335036
18-02-2022,363.8746948,368.2318129,354.0144945,359.052382,210624
21-02-2022,343.4395142,356.6015939,337.2215606,356.6015939,588016
22-02-2022,340.364502,344.9371946,329.3355946,343.4394466,331676
23-02-2022,340.2851257,345.810924,337.38038,341.0793891,254396
24-02-2022,334.8273315,341.7487684,329.0405565,329.0519142,323764
25-02-2022,342.440979,347.3200254,334.8501016,335.4060749,151532
28-02-2022,347.5582886,351.472872,332.0247509,338.1292374,203652
02-03-2022,338.6398926,342.5658344,336.3138353,342.350232,99108
03-03-2022,332.2857361,342.7473132,329.5058144,340.3418355,193372
04-03-2022,340.0695496,342.6679144,329.7214102,330.4135651,237100
07-03-2022,335.8939514,340.8637758,323.7530697,323.7530697,221572
08-03-2022,334.9975586,340.6254925,323.1290121,337.5845932,199968
09-03-2022,336.5633545,340.625449,331.4233314,336.6768207,78272
10-03-2022,341.9076843,344.7102937,336.3591709,340.4099361,143192
11-03-2022,339.5816345,353.7195058,333.5906139,343.3487067,333588
14-03-2022,330.0617676,342.2140068,323.1403304,340.3985479,225492
15-03-2022,340.7276001,342.0891943,331.1851104,334.4983175,150652
16-03-2022,340.7049255,345.5726417,338.7192672,342.4409638,305972
17-03-2022,352.6642761,360.0168631,338.9802425,342.4182736,736440
21-03-2022,359.1772156,364.0676193,348.8291048,356.0568954,1126424
22-03-2022,360.1416626,361.9798092,352.2217175,360.8224597,143236
23-03-2022,363.6024475,366.7227681,356.2838774,361.9458299,274320
24-03-2022,368.6175842,376.2538639,363.0917866,367.630434,366284
25-03-2022,377.9104919,384.6503723,369.5707272,370.467099,222688
28-03-2022,375.2894897,385.353937,369.8998448,384.8773845,256376
29-03-2022,377.4226685,383.1640422,370.1381431,370.1381431,217124
30-03-2022,378.6707458,382.6080174,372.9520329,379.3174976,163232
31-03-2022,378.727478,407.3436474,374.1774724,381.7002868,2501868
01-04-2022,385.3085022,397.1316739,381.246407,394.8623501,3422656
04-04-2022,384.5028381,389.0982184,376.7077171,382.6079585,182712
05-04-2022,381.5414124,392.6724287,378.9997531,385.5581043,809724
06-04-2022,395.7360229,397.1316626,376.1631053,379.1018962,281436
07-04-2022,399.5030823,403.4857565,386.2162085,394.5219278,445680
08-04-2022,410.8270264,414.1515913,382.1087505,402.8049723,354864
11-04-2022,413.9133301,419.3597075,408.693885,414.1516202,286712
12-04-2022,403.1227112,415.9670792,398.3911763,415.286282,264980
13-04-2022,406.4245605,412.8240707,399.8548788,409.1477493,126652
18-04-2022,400.9441833,409.8285648,393.9546542,399.8548967,107496
19-04-2022,421.3113403,433.0550915,400.1158495,400.5583566,557804
20-04-2022,409.7263794,425.4981785,407.3662773,424.3635167,178496
21-04-2022,403.9509583,414.1288691,401.4433446,411.9389662,99124
22-04-2022,400.4108276,410.9291656,396.6778011,401.7384042,104168
25-04-2022,396.9955139,398.7201945,380.8833148,394.862344,220344
26-04-2022,390.3463745,398.9811625,387.1466335,398.9811625,348568
27-04-2022,383.322876,392.3661267,380.7925741,392.3661267,102516
28-04-2022,387.0899048,396.223933,376.7644816,383.5157198,108296
29-04-2022,390.5846558,399.3782851,383.5157069,383.5157069,153352
02-05-2022,401.7270813,403.7127398,378.863642,378.863642,280812
04-05-2022,392.071106,415.5132345,378.9771172,403.7467948,280564
05-05-2022,398.5726929,404.8473789,383.2774444,392.0710744,160088
06-05-2022,384.1738281,396.904729,381.2463949,384.6503806,85196
09-05-2022,380.7471924,388.7125141,368.992083,381.2464326,152236
10-05-2022,380.6564026,388.0543931,376.7304611,381.2464213,163056
11-05-2022,358.8935242,394.8623029,353.2542606,394.8623029,445856
12-05-2022,343.9726868,355.410082,338.9348,349.8275521,176236
13-05-2022,330.6064148,350.27011,324.5132863,340.6254844,269928
16-05-2022,340.5233765,359.926094,337.0059248,348.3298278,151740
17-05-2022,352.3352051,361.0040386,337.1988265,342.2367142,42472
18-05-2022,363.7953186,368.7651436,348.1823864,353.9691625,80616
19-05-2022,363.5456238,368.7650678,342.89478,358.689266,175488
20-05-2022,356.6583252,367.1652791,351.745233,365.3725352,86148
23-05-2022,359.6084595,362.4110693,352.5281515,356.283894,32420
24-05-2022,340.9659424,361.0835059,334.7253012,359.7105537,199184
25-05-2022,332.6488037,344.4719745,329.2788636,339.4227293,109156
26-05-2022,330.9127502,341.9643726,326.5783478,338.3561426,110336
27-05-2022,341.7715149,347.7625074,330.9127786,335.8599154,152692
30-05-2022,344.4833374,348.2504092,340.9885734,345.0393106,31804
31-05-2022,355.4668274,358.5531017,340.3985143,344.4832965,85344
01-06-2022,362.9720764,365.4546271,351.2373361,351.3637744,153368
02-06-2022,353.4210815,365.7304904,352.6165457,364.6616016,56380
03-06-2022,353.3520508,358.0758357,350.5476806,355.1795129,29904
06-06-2022,350.5707397,356.2944432,345.0769037,353.9957694,109656
07-06-2022,350.8695068,356.2943703,345.0998423,350.6166584,36948
08-06-2022,348.157135,353.9612865,345.9504137,349.4214056,40312
09-06-2022,348.0077209,351.9154665,345.0769117,349.9041269,53592
10-06-2022,338.6750488,353.7658457,333.7673866,349.7546717,139652
13-06-2022,334.526001,342.9506178,330.3194168,333.3076927,234608
14-06-2022,330.6756897,342.1115904,326.4116391,330.3768509,154684
15-06-2022,337.6061401,342.5023255,332.6180302,342.0425909,141776
16-06-2022,323.5152893,340.5369484,311.8035319,339.7324128,293564
17-06-2022,317.5502319,328.4804354,310.3209152,318.3777768,171908
20-06-2022,294.5059814,318.6650578,284.0700282,317.4467498,771760
21-06-2022,303.9650879,311.6656442,295.0692326,295.0692326,1341340
22-06-2022,304.2984314,307.2867072,300.0113994,303.4479053,144376
23-06-2022,311.3783569,316.9066788,304.5398022,306.8729618,1702452
24-06-2022,315.2861023,317.1710317,310.2290198,312.9414662,65868
27-06-2022,329.5378418,334.2271416,315.2860655,315.2860655,202872
28-06-2022,328.7448425,333.3077045,326.4001784,329.6413309,146196
29-06-2022,330.4458313,333.3076687,325.2623112,325.4921785,45724
30-06-2022,340.4450989,350.9615317,331.2618801,331.2618801,177416
01-07-2022,355.19104,356.2944146,335.3649799,342.1575717,766204
04-07-2022,357.4207764,358.8229617,350.1914308,354.2256143,125600
05-07-2022,347.5479126,359.6964239,344.8125137,356.2943761,243036
06-07-2022,352.2831726,356.2828415,339.8588327,347.6513405,221144
07-07-2022,351.1798706,355.1565873,347.7548412,354.0532127,100100
08-07-2022,360.305542,363.1903883,350.2948364,352.6279955,95776
11-07-2022,361.2250671,364.9604119,355.9151365,357.0989591,88672
12-07-2022,366.8223572,368.477391,359.5010591,359.5010591,69144
13-07-2022,364.5581665,373.8677956,361.6158808,370.120974,49572
14-07-2022,359.1333313,368.4314846,356.6507802,367.7533589,59224
15-07-2022,358.4781189,360.2251051,353.9957057,353.9957057,26324
18-07-2022,368.3969116,376.4652499,360.443507,363.8800126,104624
19-07-2022,366.753418,369.741694,362.8686535,368.3969754,174356
20-07-2022,370.7644653,396.5211086,364.5695526,368.5922305,531460
21-07-2022,366.4545593,374.9826614,363.1904538,368.4658989,44844
22-07-2022,376.2813721,378.8788845,366.4545422,366.4545422,52400
25-07-2022,377.614563,379.2811012,374.6837545,376.2928258,38512
26-07-2022,376.9824524,386.6598622,368.0865972,371.465636,73000
27-07-2022,376.7870483,386.636858,371.0058792,382.499246,117688
28-07-2022,370.4312439,385.6599562,368.0176367,384.3037332,88376
29-07-2022,384.3267212,388.4758383,372.4425899,375.6262472,284804
01-08-2022,385.1618347,391.2040721,381.9261383,388.7686145,149972
02-08-2022,380.1053162,387.8175979,378.3193254,379.386282,240324
03-08-2022,390.0210571,391.9926176,377.982935,380.1052675,219712
04-08-2022,384.7094727,395.7038285,382.7147228,390.983686,92308
05-08-2022,384.3615723,386.5650814,383.1090456,384.7094948,50980
08-08-2022,380.8939209,384.8022442,379.5254202,384.3615368,130616
10-08-2022,384.3151855,385.7416734,376.2665617,382.7147364,53888
11-08-2022,384.1412354,387.3537141,377.6118841,377.6118841,52688
12-08-2022,384.2456055,385.0342355,378.3773296,378.3773296,49844
16-08-2022,384.9413757,389.6731265,380.6503324,384.6398599,96568
17-08-2022,384.7790527,388.5134148,380.9750948,385.3357343,77536
18-08-2022,387.887146,388.5133951,381.0910496,381.0910496,37540
19-08-2022,390.5429993,395.3211292,386.7970281,386.8086368,215500
22-08-2022,389.5687256,394.5440046,387.5159608,394.5440046,43844
23-08-2022,389.243988,396.6315346,387.2492386,387.6435393,81560
24-08-2022,389.8239136,393.152366,387.4116456,388.1654776,28288
25-08-2022,383.538147,393.071217,380.8591326,387.3536854,33812
26-08-2022,386.7274475,387.9219587,382.2740228,382.2740228,76320
29-08-2022,387.0868835,387.678363,378.0756985,378.0756985,50084
30-08-2022,389.081665,393.152369,385.2661268,387.701584,58968
01-09-2022,389.2208862,391.5287607,383.8744662,385.1965603,57368
02-09-2022,385.2893372,393.1292015,383.4105615,385.0225909,58864
05-09-2022,387.3072815,392.9784061,382.7610722,387.5739994,390576
06-09-2022,394.7064209,405.9095354,385.2893253,387.9219329,184112
07-09-2022,398.3363647,401.2705161,392.8855803,394.3120678,259792
08-09-2022,416.3123779,423.3056245,400.5167052,400.7022752,361856
09-09-2022,405.7239685,420.5222819,403.8915995,418.3999492,87988
12-09-2022,401.4908752,407.753479,398.3363842,407.2432041,48764
13-09-2022,396.3300171,408.866833,394.7179879,401.4908664,187524
14-09-2022,396.5968018,404.4714637,387.8175641,390.3806042,64448
15-09-2022,395.8661499,401.3865307,394.4396905,398.9510736,74716
16-09-2022,421.9487915,435.3669961,392.1898108,394.9500014,1167304
19-09-2022,422.0995178,429.104345,417.9824356,424.0594696,222264
20-09-2022,438.5098572,451.1394304,422.3546529,428.640446,593832
21-09-2022,435.4829102,449.4694032,430.5076307,448.8199367,239496
22-09-2022,428.4664917,437.6632473,425.0452543,437.1181745,120468
23-09-2022,407.0809326,427.8055105,403.1262022,424.4654488,176120
26-09-2022,398.0116577,411.5342544,395.7501619,402.2679315,111308
27-09-2022,415.8717041,417.506951,397.188285,398.6379619,138124
28-09-2022,411.3255005,415.1874452,401.2589389,415.1874452,49108
29-09-2022,408.2986145,420.7542272,401.2705695,413.0883244,107116
30-09-2022,426.8545227,429.1044102,400.2500323,406.2806889,224872
03-10-2022,434.8450623,440.7017567,423.7115442,426.5992891,161808
04-10-2022,428.2229309,440.7017605,424.1174574,440.7017605,99308
06-10-2022,419.8264771,430.3685173,417.5069938,430.3685173,72168
07-10-2022,424.6045837,430.124965,415.1990965,416.8343151,126364
10-10-2022,413.4362183,419.9075812,409.3887319,419.8843921,56632
11-10-2022,419.8147888,422.1458804,412.6360007,416.3239841,57884
12-10-2022,417.9476624,419.9308034,411.6038818,418.6550877,58780
13-10-2022,408.6581116,417.9476524,407.0692714,417.9476524,51704
14-10-2022,419.3857117,423.0388974,411.0355729,411.0355729,260412
17-10-2022,436.6774597,439.762355,416.1964141,420.9513541,434780
18-10-2022,437.0717773,440.7017739,430.5772249,436.6774766,198928
19-10-2022,439.4956665,440.7017864,432.5952043,437.9995829,60228
20-10-2022,419.4901428,440.7018052,415.1411118,440.7018052,304160
21-10-2022,405.7007446,427.8634149,401.270538,421.5892023,85140
24-10-2022,409.1220093,416.1152563,406.4198059,410.3165487,12512
25-10-2022,408.3449707,413.4014548,399.3337852,410.9427803,226120
27-10-2022,416.4515686,418.6550775,410.6180914,411.0587706,134516
28-10-2022,422.4813232,424.9869109,399.4160248,418.9102999,154812
31-10-2022,414.8007202,428.3940086,412.3653936,424.6005394,457792
01-11-2022,420.6782837,429.4594892,415.9364327,415.9364327,196856
02-11-2022,430.9581604,441.4019352,417.6458584,419.8938413,296592
03-11-2022,432.3396912,437.889401,427.7617451,430.6068611,101044
04-11-2022,425.7128296,433.2061247,421.9544623,433.2061247,26620
07-11-2022,429.7053528,433.2061151,421.9661726,428.0544748,68524
09-11-2022,415.0231934,431.8596975,405.9844113,430.3844435,70028
10-11-2022,417.9267883,419.3669116,407.6352282,413.3020207,86024
11-11-2022,413.8288879,424.6473202,412.1311884,419.1561519,60832
14-11-2022,411.0189514,415.1402581,408.630475,413.0678993,98504
15-11-2022,413.8522949,428.5227658,410.0236956,410.257861,73912
16-11-2022,416.2408142,419.6244936,413.3020263,419.6244936,66688
17-11-2022,415.4329529,417.8682795,413.6415813,414.4728802,14316
18-11-2022,414.6719055,418.3131899,412.131216,414.4026095,32128
21-11-2022,415.198822,419.3786703,412.3888362,414.6719497,28364
22-11-2022,415.1871643,418.1610548,413.536286,414.2973239,8520
23-11-2022,416.4866943,421.7085957,413.1147059,415.1870931,33304
24-11-2022,426.2163086,431.1571946,400.422975,418.2195517,148944
25-11-2022,414.7655945,426.2162918,413.0796145,426.2162918,24480
28-11-2022,420.7719421,423.6755997,411.1945686,411.1945686,89892
29-11-2022,436.7303162,450.534359,415.6554241,415.6554241,556724
30-11-2022,428.1832886,448.6493281,421.9193621,438.9197698,2266552
01-12-2022,427.6680908,433.1826989,422.914549,430.3727134,1036432
02-12-2022,420.9944153,433.2061512,413.3138045,431.7308972,945824
05-12-2022,421.1934204,427.1060985,416.0066781,421.497847,1171212
06-12-2022,414.8943787,421.4978333,412.8103003,418.6878477,2027400
07-12-2022,418.2780762,420.3270241,412.1312325,412.1312325,1093300
08-12-2022,417.7863159,420.09284,413.3137613,418.2546468,87996
09-12-2022,415.4797974,420.2450589,413.3020471,416.8145291,110440
12-12-2022,415.5851746,420.4792387,409.8247096,409.8247096,89924
13-12-2022,425.1625366,440.5706072,414.4962881,415.5617525,13089680
14-12-2022,427.340271,444.6802358,423.0316491,429.6936454,520236
15-12-2022,426.2631226,429.4594871,419.8587024,426.9539279,107268
16-12-2022,431.7659912,435.5477692,418.3366074,421.4978412,171740
19-12-2022,426.9070129,437.8893779,424.9634569,434.6110617,91872
20-12-2022,419.109375,427.9256822,417.0487074,425.7479604,54136
21-12-2022,415.2339478,448.2981029,410.9370168,427.3286008,277824
22-12-2022,415.2339478,419.6948117,407.5064867,416.8145648,223812
23-12-2022,409.5553894,415.2339018,407.0029802,415.2339018,141728
26-12-2022,410.7379761,415.3978463,404.3101164,404.3101164,93820
27-12-2022,412.9508057,417.7394781,410.9018578,412.7985924,37708
28-12-2022,410.5154724,415.0231576,407.4479105,411.1828383,110428
29-12-2022,411.6862488,414.4494124,408.3259805,410.9603416,84440
30-12-2022,415.9949341,418.8049196,410.0237149,411.3935771,108684
02-01-2023,417.5872192,424.1789532,415.3041063,416.1236853,104408
03-01-2023,415.6671753,422.3994334,410.3984515,417.282923,150992
04-01-2023,416.5570068,423.0550994,414.9412592,415.0232114,26268
05-01-2023,419.132782,422.7506271,409.5788193,416.4164682,214640
06-01-2023,415.702301,420.0811844,410.8082364,419.1562421,44176
09-01-2023,417.0487061,420.3270227,414.2621312,417.786333,50728
10-01-2023,418.7697754,421.0294777,414.0045142,415.7724748,53320
11-01-2023,411.7448425,420.3270126,407.4479119,418.1141604,130392
12-01-2023,421.3807373,446.5535238,416.1237343,441.8702147,1192752
13-01-2023,417.5638428,425.2327617,416.3344741,421.497834,255844
16-01-2023,428.8389282,437.5850028,419.9874906,419.9874906,363292
17-01-2023,430.8761902,435.0560382,425.0103337,431.1454576,182212
18-01-2023,436.8707581,437.7722893,431.2273767,433.2177829,133416
19-01-2023,454.3043823,456.622626,437.9011098,439.0602173,815380
20-01-2023,450.1245728,456.6226645,440.4184255,456.6226645,1584360
23-01-2023,456.6461182,458.9643622,447.4902532,456.6227073,292876
24-01-2023,456.1192322,458.9643485,454.7493698,457.6413078,131064
25-01-2023,449.1410828,456.6109382,442.5961408,456.6109382,102116
27-01-2023,438.2407227,455.7797239,430.1854239,451.7052386,205488
30-01-2023,435.9721069,440.9464583,402.2031092,402.2031092,231740
31-01-2023,431.7657166,439.0086862,425.3616661,435.2867717,266776
01-02-2023,447.0905762,455.5978101,431.8130251,431.8130251,287452
02-02-2023,445.8262939,454.9006822,433.6325983,446.1689637,117468
03-02-2023,448.8156433,451.5923098,445.4245713,446.9369741,110180
06-02-2023,439.9421387,451.8286465,436.8464565,450.6470862,424848
07-02-2023,434.7905273,460.5721651,430.3596766,439.7885327,230876
08-02-2023,434.4241943,436.2201599,427.1930523,428.9181416,105324
09-02-2023,431.1867371,437.4135531,430.1115058,435.0504329,87940
10-02-2023,438.8196106,441.6553549,428.351005,430.3242047,123908
13-02-2023,437.8152771,439.5403664,434.8259531,438.8196032,25416
14-02-2023,434.1288757,441.6672361,426.6850459,441.6672361,80644
15-02-2023,434.5778503,439.5285761,433.3726647,437.1772828,54912
16-02-2023,430.7259521,435.9484714,427.8547839,434.57785,61792
17-02-2023,428.5046082,440.8873352,427.500282,439.2922291,82340
20-02-2023,432.74646,448.52029,427.7248287,432.4510699,207400
21-02-2023,428.421936,436.9173719,423.707522,436.9173719,150316
22-02-2023,421.8760986,427.724822,418.2723398,426.5432617,368868
23-02-2023,421.9469604,425.1135186,420.7181206,421.6633687,280060
24-02-2023,419.8555603,425.361642,416.7480803,425.361642,282816
27-02-2023,420.5763245,423.9319437,414.9875393,421.8169626,216972
28-02-2023,407.2720032,424.5582359,403.6209934,422.9749567,273736
01-03-2023,419.0521851,420.3991523,401.7423268,408.9261903,269088
02-03-2023,416.9016724,463.1243286,411.7028077,463.1243286,215418
03-03-2023,422.3368835,425.8815643,416.0037379,419.6429493,98417
06-03-2023,422.1477966,430.0878747,415.9564044,420.6353939,123558
08-03-2023,418.0832825,425.5507666,415.9092231,421.5807125,104280
09-03-2023,416.0037537,424.3219266,411.1829819,417.7997195,147189
10-03-2023,418.1777344,422.3368201,406.5511948,406.5511948,160061
13-03-2023,406.645752,419.5011033,401.7777011,415.909172,246586
14-03-2023,400.4543152,415.909126,397.2404777,406.645707,149544
15-03-2023,408.6307678,411.1356985,401.7777187,405.5114604,94911
16-03-2023,409.3869629,415.3420145,404.2353491,408.5834962,151171
17-03-2023,401.1632996,411.1829355,399.8872088,411.1829355,158085
20-03-2023,395.0664978,415.9092091,392.2780041,401.7304861,118805
21-03-2023,379.4698486,400.4543384,373.4675176,396.0589407,279207
22-03-2023,405.2279053,411.1829573,376.2560256,379.0445192,402438
23-03-2023,406.0786133,408.867078,390.5765493,403.6209623,175154
24-03-2023,405.6060181,411.0411953,396.9570026,398.8947499,138825
27-03-2023,405.180603,409.1506567,388.6387608,403.6209494,119069
28-03-2023,412.0809326,413.9714289,398.8947097,405.0860734,182283
29-03-2023,414.5858765,415.9092182,401.8250255,412.5063188,157615
31-03-2023,407.1183777,411.0884025,382.7782385,382.8254894,456185
03-04-2023,398.8947449,411.6555957,395.397315,403.6209859,82023
05-04-2023,404.9915771,411.7973464,398.3748402,398.8947151,126199
06-04-2023,415.7201233,420.0682705,405.5114548,415.9091845,1336993
10-04-2023,408.5362549,418.6976723,407.4019456,418.6976723,905345
11-04-2023,402.2976074,411.3247155,399.8399565,411.3247155,251213
12-04-2023,404.0463257,406.0786034,397.6186211,402.2976109,41227
13-04-2023,404.7080383,409.7651223,403.6210086,404.5662569,41075
17-04-2023,381.3130798,418.1777559,374.1291885,404.7079704,6070499
18-04-2023,385.1885986,392.2307085,381.4076063,381.4076063,276773
19-04-2023,392.3725281,394.9719606,381.5494248,388.7805677,534435
20-04-2023,387.4100037,394.0739923,386.5120063,393.2232747,183907
21-04-2023,384.7160034,389.6313054,382.116571,387.4099665,146745
24-04-2023,393.1760254,394.1212737,384.7160419,389.6785953,141834
25-04-2023,393.1286926,395.8226556,390.2929482,393.1759723,259300
26-04-2023,388.5442505,395.066486,381.1240754,395.066486,163583
27-04-2023,392.7033386,394.0739311,387.8352878,391.9944025,75452
28-04-2023,396.8624573,397.8549563,389.4422532,394.1684942,323783
02-05-2023,395.3972778,400.6906731,390.0093808,399.8399555,176212
03-05-2023,394.2157593,400.6434645,387.6935523,393.2232602,153987
04-05-2023,397.2405701,399.2255971,393.9322013,397.9495062,267906
05-05-2023,391.2382202,396.7679279,385.6612617,388.4970062,150641
08-05-2023,384.101593,395.1137282,382.9200328,395.1137282,113009
09-05-2023,379.3753052,389.442191,377.8156517,389.442191,589981
10-05-2023,383.770752,386.7955576,379.5643861,382.8255038,63146
11-05-2023,380.8404846,385.9920987,378.1465215,384.668757,137885
12-05-2023,390.5309448,396.6889437,382.8454065,383.8001332,144530
15-05-2023,391.5812073,398.0733673,388.3351418,395.9729566,379895
16-05-2023,384.4207153,396.0206394,379.9812418,395.4955513,295027
17-05-2023,387.4758911,399.0758163,381.031485,386.3302073,1543786
18-05-2023,383.9911194,390.2445681,381.0791852,390.2445681,1159692
19-05-2023,385.0412903,389.480793,381.0791801,383.9911142,349082
22-05-2023,385.9006042,392.8223739,382.8454667,384.7549204,256281
23-05-2023,396.6412048,398.1210195,385.7572975,386.9507059,630668
24-05-2023,393.3474426,401.558099,390.8651471,392.3927158,892116
25-05-2023,396.9276428,400.7942745,391.4379641,393.3474175,72409
26-05-2023,397.3572998,400.3169295,394.4931194,396.9753858,141289
29-05-2023,400.746521,401.462566,397.5004561,400.937478,77997
30-05-2023,400.269165,402.9423881,397.8346236,400.7465284,334526
31-05-2023,399.5531006,402.8469192,396.2115573,400.2691456,467224
01-06-2023,400.8897705,405.7588829,399.2667525,400.1260007,755519
02-06-2023,400.1259766,406.7135851,397.2617964,404.6131747,269471
05-06-2023,402.4650574,405.7111517,396.2116087,403.8016982,2471395
06-06-2023,399.5054016,413.3966635,397.261788,402.8946698,255272
07-06-2023,403.6107178,408.1456697,400.507856,403.0856297,225170
08-06-2023,402.7991943,406.2362163,400.9852194,403.6107179,502785
09-06-2023,400.6987915,407.8592415,398.455178,403.2288113,532079
12-06-2023,402.2263794,404.8041533,398.4552261,400.9852462,496823
13-06-2023,414.065033,415.3061662,402.6083111,402.6560358,1505776
14-06-2023,418.647644,420.079734,413.2534442,414.1126924,672876
15-06-2023,419.5546875,423.8986826,417.5020017,420.9867776,281156
16-06-2023,420.7003479,424.9488937,418.2658063,423.3736004,85836
19-06-2023,421.2254639,425.8081407,419.7933737,421.17771,108424
20-06-2023,421.2254639,423.3735991,414.2082163,418.7431684,965581
21-06-2023,420.0320435,429.0541937,418.7908812,421.7028153,512002
22-06-2023,431.966095,441.5610864,421.1776661,423.0871194,600719
23-06-2023,430.1998901,449.1989471,400.8420418,434.3052036,491203
26-06-2023,431.536499,437.2648596,426.7628652,433.0163139,285211
27-06-2023,436.0236816,438.1718166,429.7224798,434.35291,357643
28-06-2023,425.6649475,440.5109375,416.7382461,440.5109375,390763
30-06-2023,434.4006958,436.4056279,431.0114273,432.0138788,267223
03-07-2023,454.1634827,456.9321841,433.4936272,434.4006292,313722
04-07-2023,460.3214722,467.8160826,454.1635024,454.4499088,326922
05-07-2023,453.3997192,460.7511267,449.7717693,460.7511267,440459
06-07-2023,458.0301208,466.6226609,451.4425126,456.3116245,174542
07-07-2023,460.1305237,468.0547433,452.3017534,455.4046151,411667
10-07-2023,463.1379395,475.8357932,460.0828023,463.4720996,224803
11-07-2023,465.8111267,469.5345548,463.0424253,466.5749255,367822
12-07-2023,479.7024536,482.1369951,468.2934576,469.2481843,765821
13-07-2023,479.1296387,483.9032726,470.8235041,479.7024806,197745
14-07-2023,487.48349,491.5410496,472.6852252,477.4111052,179285
17-07-2023,500.0380859,512.1154014,491.636503,491.82746,371493
18-07-2023,491.6842957,520.3260993,489.1065217,520.3260993,174103
19-07-2023,492.6389771,504.5253361,490.490842,492.2570631,192701
20-07-2023,495.9328308,508.6784098,488.1517844,501.2315527,174814
21-07-2023,492.5435791,505.0504769,487.9131192,505.0504769,200538
24-07-2023,497.7945251,503.0932467,492.6389777,497.4126112,186884
25-07-2023,496.0759888,502.1862632,490.3954113,501.2315365,76342
26-07-2023,489.7748108,501.2315315,487.9608358,501.2315315,120782
27-07-2023,489.2496948,495.1690118,483.9032196,489.7747828,85462
28-07-2023,491.4628296,492.6656265,488.8647765,490.7411514,97934
31-07-2023,501.9512024,505.1265743,493.2910651,493.2910651,140811
01-08-2023,498.7758484,507.003027,491.9920849,505.1747521,319817
02-08-2023,484.9196472,499.8824301,482.4659237,498.7758333,70412
03-08-2023,477.6546936,490.7411296,468.1766483,487.8063169,73160
04-08-2023,488.6242676,490.1638537,477.2217749,477.269875,57906
07-08-2023,483.8611755,493.483522,479.1943174,489.7308307,82178
08-08-2023,491.9920654,495.2636967,484.4385239,489.7789307,145915
09-08-2023,487.2770996,495.5523486,482.99516,495.5523486,89701
10-08-2023,490.885498,495.5523562,484.6790832,487.1327773,330518
11-08-2023,495.8891296,498.3428825,487.3733503,490.5006225,100453
14-08-2023,494.0609436,502.0956047,490.2600931,495.8891599,161632
16-08-2023,495.7929382,499.4013293,485.9300025,495.1674603,149627
17-08-2023,495.2156067,501.9031111,492.6656535,496.4665038,192772
18-08-2023,488.6723938,498.7277596,482.0810601,495.7448464,132889
21-08-2023,493.6759644,497.5249146,486.0261934,490.7411516,234314
22-08-2023,489.297821,496.8032626,486.0262191,490.7411774,213462
23-08-2023,493.242981,499.208866,484.7753016,490.7892868,311426
24-08-2023,492.7618408,497.9579472,490.7411654,494.5901157,75897
25-08-2023,490.4043884,493.1467715,484.0055142,492.7618529,296319
28-08-2023,486.5073242,492.6656388,484.9677382,492.6656388,171738
29-08-2023,487.9025879,492.665676,481.1188242,486.3149016,119137
30-08-2023,486.2667847,492.7137591,483.0432828,491.7034213,310987
31-08-2023,468.9465027,487.7582361,464.2796444,486.8922281,1965975
01-09-2023,459.5646973,476.0189666,457.0628736,476.0189666,969859
04-09-2023,481.5518188,484.9677506,464.760761,468.2248222,1071315
05-09-2023,496.3221436,499.8343343,486.2186487,489.7308395,877410
06-09-2023,487.6139221,501.3258084,485.737547,500.1711115,570967
07-09-2023,493.9646606,499.8824455,490.5968583,497.3806512,999341
08-09-2023,500.7003174,507.6284399,494.1090132,500.3154576,1418883
11-09-2023,529.1345215,534.0419101,504.9823206,509.0237306,1209800
12-09-2023,525.2374268,548.4754908,516.7216466,534.0419252,686442
13-09-2023,508.6869507,531.5400946,504.3087224,524.6119718,422848
14-09-2023,526.9213867,532.021294,514.1236359,516.288671,625141
15-09-2023,506.7624512,528.2684379,495.9372783,526.007203,3637141
18-09-2023,495.744812,511.9584917,489.7308271,508.0614413,203337
20-09-2023,499.3051453,508.0133843,490.3081879,494.5420571,137496
21-09-2023,496.5146179,511.6698606,490.7411921,500.3154683,264443
22-09-2023,508.9274292,509.9858669,492.1844735,495.5523047,1632470
25-09-2023,500.7484436,511.9103757,499.4493877,511.9103757,601923
26-09-2023,495.2156067,504.7417237,493.8203504,500.7484729,139775
27-09-2023,495.0231323,503.7313706,490.7892635,495.1674327,274298
28-09-2023,491.22229,502.1436632,489.7308335,500.3635472,395274
29-09-2023,483.1395264,494.6382486,478.9537867,492.7618734,1145096
03-10-2023,482.4659729,486.4111533,479.964149,483.139551,164712
04-10-2023,477.9915161,483.4281525,472.5548797,483.0432634,126542
05-10-2023,475.2972412,481.1187665,469.1388975,477.2698164,379048
06-10-2023,488.5280762,490.5487518,477.6547729,477.8953323,471369
09-10-2023,494.9750977,497.7174516,483.7650049,485.9300398,413515
10-10-2023,495.0231323,500.6040985,493.6278761,496.9957076,159540
11-10-2023,496.7070007,500.0748319,493.0986102,493.6759292,308102
12-10-2023,491.895874,498.2466187,491.222296,498.2466187,3824082
13-10-2023,517.5394287,519.6082629,491.8958339,497.7654593,952043
16-10-2023,532.213562,534.2342961,511.044336,511.044336,633106
17-10-2023,530.0004272,533.4163588,521.1478301,531.6843429,201720
18-10-2023,517.1065063,530.144814,505.270937,528.6051986,541975
19-10-2023,519.5603027,522.0139973,507.4360714,511.3812816,240243
20-10-2023,519.3676758,533.945597,515.8073854,515.8073854,882305
23-10-2023,512.6802368,524.4195485,506.1370322,524.4195485,130781
25-10-2023,507.4360046,515.9999433,504.8861101,511.9585334,121375
26-10-2023,501.7107544,504.5012085,482.9952196,501.373936,118370
27-10-2023,504.4049683,507.7727999,499.9305399,507.0992218,81762
30-10-2023,498.5352783,518.6460677,495.8410248,503.0097067,174556
31-10-2023,505.2709351,510.3226824,498.5834308,503.7313784,369884
01-11-2023,509.456665,517.5394249,504.1643587,504.9822371,594728
02-11-2023,530.722168,534.0418996,509.7934989,510.0340583,371991
03-11-2023,511.0443115,526.2958111,507.5321799,518.8384705,1205994
06-11-2023,509.1199341,518.2130919,507.1473586,516.7216353,181150
07-11-2023,510.803833,513.786805,498.535303,511.1887516,138394
08-11-2023,515.7113037,518.8385762,508.398262,514.7971662,123651
09-11-2023,525.0450439,528.2685169,512.3434941,518.3574799,197801
10-11-2023,526.159668,528.1468104,521.652256,527.1290115,142699
13-11-2023,525.2388306,528.7769585,513.8005874,515.6908193,168118
15-11-2023,542.9777222,551.0232605,526.3534594,527.0320116,460958
16-11-2023,526.4505005,552.5258677,523.4940143,543.8017751,1136970
17-11-2023,529.7462158,531.6364475,515.2545189,531.6364475,207460
20-11-2023,529.8432007,541.3299581,521.7007497,529.6978346,159254
21-11-2023,534.0598145,539.9727862,529.3100076,530.3278065,405024
22-11-2023,523.4455566,534.0598811,519.5681821,533.9144559,165069
23-11-2023,523.7362671,530.5701267,517.9202062,525.3357075,232403
24-11-2023,526.4505005,535.7562348,520.3921028,524.1241113,201774
28-11-2023,527.2260132,530.6187158,522.9608776,526.450491,242257
29-11-2023,541.7176514,546.7097946,523.7363393,531.6365133,353886
30-11-2023,554.7069092,562.2193225,538.6642834,546.4674881,853782
01-12-2023,567.8414917,569.9740595,556.8394651,557.3725922,468020
04-12-2023,584.0780029,614.0792007,578.9404934,590.2818259,12215412
05-12-2023,589.4578247,612.3343694,585.4835396,606.7606436,1609373
06-12-2023,629.5402832,637.6342795,591.1057815,596.1463806,2168523
07-12-2023,621.3493042,630.0733974,618.0050566,630.0733974,719592
08-12-2023,627.6984253,632.0120161,620.3798931,625.0327304,538465
11-12-2023,626.680603,632.0119925,612.3827857,627.6984019,203623
12-12-2023,624.6934814,629.5886547,608.6023425,622.3670332,290724
13-12-2023,659.5414429,664.0004,623.2395114,625.226654,723930
14-12-2023,685.8106079,712.4675573,659.1052031,659.1536585,1058144
15-12-2023,649.4117432,692.5475325,639.7667627,692.5475325,2738968
18-12-2023,644.8557739,651.3988427,636.4224735,642.5778403,430401
19-12-2023,627.7468872,653.1921565,624.5480652,641.0269063,647471
20-12-2023,621.6884155,636.6163287,612.4796525,630.0732603,1431835
21-12-2023,616.2116699,624.0633285,607.9237949,614.9999906,238473
22-12-2023,637.7311401,644.4680304,627.2137272,640.7360815,611023
26-12-2023,631.5274048,640.5907445,628.1347019,638.7974824,151516
27-12-2023,653.7738037,657.6996335,627.795407,637.7311789,614017
28-12-2023,687.0707397,693.6622645,650.8657795,655.8578636,638810
29-12-2023,688.088562,693.0807054,666.0359941,686.2952999,455697
01-01-2024,681.3031616,692.4991281,671.7551503,688.0885672,175009
02-01-2024,656.1487427,678.4921021,654.3069661,673.9361751,348865
03-01-2024,635.1624146,661.140812,632.8844807,660.2199238,203415
04-01-2024,633.8052368,641.7538655,631.2849673,639.7667231,133259
05-01-2024,642.1416626,644.5650215,624.3057172,633.8052724,1231143
08-01-2024,651.835022,663.273263,635.3077278,644.5164907,895046
09-01-2024,654.0645752,659.1536289,650.4779921,654.1130305,481800
10-01-2024,662.2071533,666.9084465,641.705511,657.2150097,203133
11-01-2024,659.4927979,665.8420448,645.7766234,664.0002686,186788
12-01-2024,649.1694336,658.378198,646.6976192,658.378198,134150
15-01-2024,649.1694336,649.1694336,649.1694336,649.1694336,0
16-01-2024,641.317688,647.7153911,634.4838276,639.7667619,141899
17-01-2024,626.7290649,638.2642769,618.1019428,634.9200298,266993
18-01-2024,623.3363647,634.4353603,618.5381023,626.7290672,229384
19-01-2024,609.4747925,638.7974366,606.8575529,630.0733441,277493
23-01-2024,600.0236816,625.1297043,591.2995893,624.2572714,448657
24-01-2024,598.085022,607.7784583,573.3667593,600.9930529,332842
25-01-2024,610.8803711,617.8596571,596.0978806,598.0850233,244105
29-01-2024,618.9837036,628.3074998,611.1731837,618.0073886,899275
30-01-2024,613.7116699,626.7943166,604.1925974,624.7928825,170252
31-01-2024,605.3641357,625.4762616,601.5565428,615.4201689,347921
01-02-2024,602.8745117,610.0015993,595.3568743,606.2916142,364500
02-02-2024,590.6217651,605.901059,586.8629167,605.3152938,290046
05-02-2024,600.921875,606.58449,583.1041265,595.5521426,381313
06-02-2024,613.6140137,623.8653218,600.4337604,608.6836345,1281972
07-02-2024,627.8682251,637.2408859,617.079955,624.7440644,321124
08-02-2024,640.6091919,653.8382499,627.7706242,629.4791757,791047
09-02-2024,638.8029175,643.9285714,628.7468845,639.0958001,410126
12-02-2024,632.8962402,650.2258326,625.8667599,636.4109506,1146649
13-02-2024,675.3171387,681.4679116,631.7246474,635.3370251,1283704
14-02-2024,691.0845337,702.8979807,664.5288139,673.9014139,696379
15-02-2024,696.6983643,709.7322053,688.9855115,695.1362841,665907
16-02-2024,676.0005493,698.0652451,668.8245981,696.1614189,930453
19-02-2024,685.3731689,690.8405094,678.6854347,678.6854347,87428
20-02-2024,688.7902832,692.207386,679.0759363,691.182267,113402
21-02-2024,696.7960815,727.2571238,690.9869949,691.96331,327025
22-02-2024,691.7192383,704.0207845,672.6810941,701.9705467,220919
23-02-2024,704.6065674,707.5843163,682.7858908,693.1836696,138055
26-02-2024,751.3720703,756.6441956,700.7989605,704.8018881,1134217
27-02-2024,730.137207,770.2637925,719.983566,755.4725952,837440
28-02-2024,699.3344116,733.3101612,693.232443,730.3324124,501982
29-02-2024,701.9216919,726.3295673,691.1334229,706.3151095,824679
01-03-2024,714.369812,726.2320054,704.4601893,705.8758582,347110
04-03-2024,710.0739746,722.1803059,703.9720051,713.4422737,114655
05-03-2024,703.8743896,717.3963301,684.9338527,691.5727835,235044
06-03-2024,679.7593994,700.6037033,675.8053351,693.3302034,247042
07-03-2024,663.6988525,688.3996074,659.8423968,685.9100164,298672
11-03-2024,693.8671875,705.5341654,656.0837794,664.9194195,743621
12-03-2024,691.6704102,714.1256563,673.6573855,696.6495931,594950
13-03-2024,681.0773926,690.4012495,658.7686163,688.2045405,472495
14-03-2024,680.1986694,683.420497,663.5525107,665.8468271,141794
15-03-2024,677.9043579,683.9575234,668.8734433,679.3200267,284769
18-03-2024,673.3156738,693.1836605,666.1885265,688.3020855,132046
19-03-2024,676.1958008,683.4205562,672.2417366,675.6100356,256540
20-03-2024,657.7922363,679.8569317,650.2745989,677.9043016,177154
21-03-2024,657.4505615,673.2180134,654.1310666,660.5259181,285163
22-03-2024,650.0794067,666.2862737,643.4404758,659.6961465,802243
26-03-2024,634.8977051,650.2258642,631.6758771,650.0305893,264980
27-03-2024,652.1296997,658.0363943,635.4346753,637.0944229,530619
28-03-2024,659.5984497,664.870575,642.7570144,651.2509676,481500
01-04-2024,680.2962646,685.8612719,661.2581226,668.7757598,208800
02-04-2024,679.3688354,687.8627887,664.8217763,680.2963467,272675
03-04-2024,704.2647705,727.7939967,679.3687391,679.3687391,609168
04-04-2024,703.9232178,709.7811086,694.3553413,706.1687307,160014
05-04-2024,698.9440308,704.8995293,690.3524099,703.8744103,141185
08-04-2024,703.0444946,707.2915012,690.5964768,702.6540043,558348
09-04-2024,702.1170044,730.6742201,698.065273,718.5190856,944127
10-04-2024,718.3726807,723.8888851,705.5829759,712.6612608,1515257
12-04-2024,730.967041,746.8809633,717.2986312,719.3976727,1420517
15-04-2024,722.3755493,738.7776307,712.7100062,727.4035362,257991
16-04-2024,733.017334,744.9283896,717.8844506,717.8844506,787154
18-04-2024,780.4662476,879.6110255,736.3367969,739.6562322,2222350
19-04-2024,771.8746338,803.5072644,766.5049012,777.1467588,957760
22-04-2024,751.2255859,790.8151471,746.8809723,781.0519972,507505
23-04-2024,747.906189,793.8418036,742.0482982,759.8660492,793448
24-04-2024,782.4189453,849.3941374,775.2429936,849.3941374,5165029
25-04-2024,818.8842163,824.9861851,775.0476484,783.0046396,2685823
26-04-2024,788.9113159,821.9107507,781.0519922,820.1045918,2460020
29-04-2024,770.5566406,792.2796501,765.4309867,791.9379637,1356055
30-04-2024,765.4798584,774.2178906,756.0584532,773.3391832,424089
02-05-2024,759.1053467,776.4636234,750.328133,768.8632533,530029
03-05-2024,776.65979,780.9748031,753.2212047,763.469458,731424
06-05-2024,752.0443726,784.5053455,741.8452017,784.5053455,815497
07-05-2024,734.7841797,759.0563298,724.339776,758.0756368,872091
08-05-2024,730.1257935,743.7574474,726.0558944,736.3041462,393318
09-05-2024,716.7393799,739.4424444,702.4212875,735.5196728,214799
10-05-2024,733.9506226,750.2301015,721.1525318,724.4869117,305148
13-05-2024,744.5911255,749.249417,720.858344,735.5197157,260125
14-05-2024,744.4439697,754.0548082,729.9787492,744.689143,349959
15-05-2024,740.3250732,754.9863838,737.6771905,746.3072758,152610
16-05-2024,749.8377686,753.6624948,731.6459272,737.4810619,270179
17-05-2024,772.3937378,774.7474248,749.5436042,752.6328109,699051
21-05-2024,769.4516602,786.4667187,760.0860545,775.5319684,387691
22-05-2024,779.1604614,782.5928864,755.1334868,760.036951,344761
23-05-2024,801.7164307,811.033013,771.3149513,781.6122266,698627
24-05-2024,807.7966919,813.8769994,796.3715965,798.2839595,543175
27-05-2024,805.6391602,811.6213625,792.3998069,810.0522779,225646
28-05-2024,780.484436,805.2469323,777.0520108,805.2469323,283678
29-05-2024,784.5053101,791.4191831,761.5570719,779.6508682,239009
30-05-2024,766.4605103,784.0639595,756.6045588,784.0639595,168336
31-05-2024,761.164856,771.5111546,751.1127532,766.460562,594583
03-06-2024,764.8914185,793.3805345,761.8512346,793.3805345,758635
04-06-2024,725.3204346,778.6211288,678.0510853,770.4813899,514488
05-06-2024,754.4960327,762.7338767,707.2266844,726.6934139,564044
06-06-2024,776.4146118,784.5543512,755.1335631,755.1335631,662900
07-06-2024,784.4071655,784.5542934,768.6180343,774.7473647,234660
10-06-2024,776.9049072,799.2156701,769.8439066,784.5542997,540240
11-06-2024,765.6759644,784.5543023,762.9790589,784.5543023,363545
12-06-2024,775.1886597,778.6701072,763.1261498,774.7473359,403026
13-06-2024,767.0489502,803.8739554,764.9404366,800.2453798,900650
14-06-2024,786.6137695,791.4191888,765.479849,772.7860233,503805
18-06-2024,794.2631836,799.2646933,771.9524207,794.3612289,1663594
19-06-2024,836.4329224,847.808935,799.2156182,799.2646409,2526599
20-06-2024,825.0078735,844.3765576,817.9468729,836.4329694,389249
21-06-2024,821.4283447,844.3765824,815.0538409,833.1966595,520838
24-06-2024,832.0688477,840.3066316,810.0522815,821.3302491,281621
25-06-2024,820.4476318,837.4626891,815.5441675,834.4715878,1078900
26-06-2024,872.0321655,882.1332907,821.5755023,821.5755023,2090959
27-06-2024,916.6536255,926.6567046,868.8448487,870.3649107,2813051
28-06-2024,961.2261963,1044.437967,920.8706584,920.8706584,5166229
01-07-2024,954.2142334,998.4925437,938.5231463,975.7894781,1429903
02-07-2024,934.2571411,968.8755895,929.2065486,951.4192673,377222
03-07-2024,924.9404907,956.0284064,916.8006921,948.3299914,351385
04-07-2024,909.3964844,930.3833357,906.699579,927.1960839,314006
05-07-2024,946.0744629,949.0165416,902.4336284,909.3965241,498527
08-07-2024,962.4519653,1014.967994,951.2720432,1014.967994,776000
09-07-2024,977.6036987,992.2650696,952.3508564,965.0018188,741786
10-07-2024,988.7345581,1002.513281,976.7700932,978.3882604,732777
11-07-2024,949.9971924,989.0777792,942.6910186,989.0777792,524099
12-07-2024,918.4679565,950.9289286,911.1617822,950.4385821,490486
15-07-2024,968.3362427,995.4033442,908.4158675,918.9583167,459178
16-07-2024,961.8145142,969.4639064,934.257069,952.3017815,447511
18-07-2024,964.9037476,984.0762814,955.3910147,961.0790214,1423067
19-07-2024,947.4473877,965.1489424,939.5037991,964.9037692,648174
22-07-2024,967.5515747,980.6928833,938.9153904,946.3196097,208099
23-07-2024,980.9870605,1012.810556,941.4651501,967.5515563,321889
24-07-2024,1001.483582,1018.939903,978.7314947,979.663165,750738
25-07-2024,979.4179688,997.3646361,972.0627723,990.4997861,316835
26-07-2024,977.456604,989.028768,973.6318778,979.4179898,171301
29-07-2024,1047.527222,1058.167716,988.5875382,994.4226733,1283001
30-07-2024,1081.263062,1091.511255,1047.625245,1056.696655,827240
31-07-2024,1110.438721,1117.107361,1074.202043,1074.202043,1025229
01-08-2024,1077.928711,1191.541969,1069.445693,1107.986975,4006661
02-08-2024,1035.905884,1077.928548,1030.708164,1077.928548,580705
05-08-2024,996.6781616,1018.939902,986.6260596,999.6692629,775218
06-08-2024,975.0048828,1022.813601,968.9735976,1003.248826,268393
07-08-2024,984.3449707,993.4392484,965.8614777,982.9193692,607371
08-08-2024,1013.004211,1024.45811,981.1988421,994.1766344,317550
09-08-2024,1015.953613,1022.491685,994.2748352,1019.54219,147180
12-08-2024,1017.821716,1029.816283,979.2324844,983.1651449,638502
13-08-2024,995.8480225,1042.155078,988.8183675,1015.019743,575666
14-08-2024,1009.513977,1017.428384,983.1651043,997.3227058,1346223
16-08-2024,1051.593506,1070.666935,1009.710691,1009.710691,1240680
19-08-2024,1079.564453,1081.481577,1060.097737,1060.097737,840353
20-08-2024,1080.252686,1094.11529,1052.527477,1092.296458,286388
21-08-2024,1075.631958,1088.511398,1055.575363,1087.184149,449397
22-08-2024,1079.662842,1091.215032,1070.175274,1080.252717,885144
23-08-2024,1066.685059,1090.133645,1058.770651,1090.133645,608995
26-08-2024,1085.610962,1110.878379,1066.685032,1066.685032,834862
27-08-2024,1081.727417,1095.491729,1073.763804,1095.491729,242583
28-08-2024,1078.974609,1115.794218,1075.68103,1090.821798,785486
29-08-2024,1062.752319,1088.904608,1044.121388,1079.417041,346121
30-08-2024,1054.936157,1075.926708,1039.598806,1075.926708,443925
02-09-2024,1068.208984,1075.926807,1044.416435,1061.818411,342375
03-09-2024,1076.713501,1086.299363,1068.30739,1081.481829,430544
04-09-2024,1072.829712,1095.245924,1049.627039,1063.293058,557096
05-09-2024,1088.068848,1091.313341,1062.211676,1076.418364,289992
06-09-2024,1071.502563,1100.800934,1064.767906,1100.800934,430787
09-09-2024,1084.775269,1089.347011,1036.747674,1072.043328,787547
10-09-2024,1053.019165,1089.347072,1044.121472,1089.24878,387683
11-09-2024,1064.276367,1068.700611,1042.155149,1061.818454,301368
12-09-2024,1089.494507,1093.279669,1061.916676,1081.088397,396046
13-09-2024,1074.402954,1091.313347,1054.051363,1091.313347,332268
16-09-2024,1085.660156,1093.132188,1069.536223,1088.314654,279159
17-09-2024,1067.225708,1090.330088,1057.88564,1086.299135,245008
18-09-2024,1063.096436,1115.695767,1056.902448,1076.02496,451443
19-09-2024,1047.660767,1067.078278,1021.164514,1065.652737,304224
20-09-2024,1070.912598,1090.18261,1028.882289,1052.969834,1348962
23-09-2024,1055.919434,1074.943656,1051.88848,1070.912703,263351
24-09-2024,1060.392822,1069.683685,1047.267471,1055.919373,288547
25-09-2024,1016.986084,1061.867598,1010.693803,1061.769186,314248
26-09-2024,1061.572632,1086.397553,999.8298689,1010.743039,1269390
27-09-2024,1049.578003,1081.481664,1024.851375,1057.09912,787984
30-09-2024,1022.09845,1065.701799,1018.559079,1058.426473,396214
01-10-2024,996.9786377,1027.063528,990.0473352,1022.491786,468834
03-10-2024,939.3651733,981.6412756,924.1752595,977.2661786,1700571
04-10-2024,994.1765747,1007.744241,935.5798979,946.6897117,1463077
07-10-2024,947.5745239,1003.860727,939.119328,990.6371439,449744
08-10-2024,960.1099243,967.8769531,937.3496869,948.7543787,846742
09-10-2024,992.9968262,1005.0406,962.5187058,963.4527247,1013927
10-10-2024,1005.630493,1047.07093,994.9631748,1034.289783,1653897
11-10-2024,1039.1073,1061.818391,1006.711995,1006.711995,1462910
14-10-2024,1045.694458,1079.859448,1032.520021,1046.038542,341955
15-10-2024,1095.983398,1100.997517,1047.021724,1047.021724,1328383
16-10-2024,1103.307983,1109.354474,1088.36392,1103.848772,587748
17-10-2024,1089.740234,1124.396805,1082.563081,1106.650626,539214
18-10-2024,1051.24939,1070.666902,1029.963839,1070.666902,1002832
21-10-2024,1086.25,1100.161811,1051.986718,1055.919379,1266626
22-10-2024,1007.596802,1085.26685,996.3396086,1085.26685,2259818
23-10-2024,991.0305176,1036.256117,975.3490207,998.109319,1548596
24-10-2024,1018.411621,1034.240556,999.8789816,999.8789816,697426
25-10-2024,995.1106567,1028.341568,965.4682027,1013.151714,699929
28-10-2024,984.8856812,1004.843922,982.1328308,999.7314508,472382
29-10-2024,1007.940918,1020.181397,977.905293,983.1652029,414668
30-10-2024,1043.482422,1051.986825,1007.59689,1008.235971,331634
31-10-2024,1072.141479,1076.565722,1030.356965,1042.204152,464670
01-11-2024,1058.475586,1079.023762,1050.02039,1076.615055,48118
04-11-2024,1020.230408,1081.285058,1008.77663,1061.621756,435757
05-11-2024,1019.001526,1031.635295,994.7173934,1018.067567,560723
06-11-2024,1038.418945,1042.253313,1012.75836,1018.411559,162519
07-11-2024,1018.706543,1056.902483,1016.002839,1042.548297,211506
08-11-2024,1028.83313,1043.433228,1006.711974,1028.390754,359739
11-11-2024,1033.454102,1050.856077,1012.70934,1024.949699,238229
12-11-2024,1021.262756,1040.975265,1016.150346,1037.435774,191794
13-11-2024,999.682312,1018.067512,988.1301215,1018.067512,220799
14-11-2024,1032.716675,1036.501837,984.1974397,984.1974397,433088
18-11-2024,1030.40625,1042.155025,1014.134819,1033.306539,282451
19-11-2024,1047.5625,1057.394152,1021.557829,1033.454104,235557
21-11-2024,1073.321411,1091.313382,1049.037278,1055.870229,1287535
22-11-2024,1064.177979,1095.245973,1050.708544,1079.466125,359373
25-11-2024,1074.255493,1096.868293,1058.377351,1080.498568,922071
26-11-2024,1073.763794,1081.481616,1064.767809,1066.734139,207408
27-11-2024,1112.942993,1128.673636,1083.15304,1083.15304,1317672
28-11-2024,1105.66748,1129.509235,1078.138857,1120.808247,983588
29-11-2024,1096.27832,1104.241934,1071.649986,1104.241934,519179
02-12-2024,1125.330811,1130.639926,1075.582678,1096.229146,410493
03-12-2024,1137.227051,1157.873518,1122.037198,1130.639892,1033539
04-12-2024,1109.403564,1143.126057,1106.109985,1143.126057,285838
05-12-2024,1100.505859,1120.808243,1092.394747,1109.993427,360858
06-12-2024,1101.78418,1109.452797,1083.792207,1100.112727,211439
09-12-2024,1119.431763,1146.862093,1102.619663,1105.519952,624043
10-12-2024,1178.225098,1189.629789,1120.808231,1120.808231,1925322
11-12-2024,1190.711304,1205.311282,1164.804926,1182.452692,850418
12-12-2024,1179.109985,1197.495125,1166.427131,1194.496424,634155
13-12-2024,1166.623779,1183.534292,1153.252757,1177.78268,310022
16-12-2024,1221.484497,1224.040703,1164.657499,1166.820535,951845
17-12-2024,1230.775269,1238.788089,1211.308671,1224.040611,603540
18-12-2024,1219.911377,1248.619752,1205.507983,1233.92148,525759
19-12-2024,1204.721436,1219.026537,1175.865561,1184.959839,352663
20-12-2024,1228.464844,1238.788078,1189.973904,1204.721382,1452337
23-12-2024,1211.94751,1259.188638,1188.59734,1217.207539,499836
24-12-2024,1215.536255,1218.829834,1180.977975,1209.29318,284990
26-12-2024,1235.101318,1290.011072,1193.808379,1215.585513,1129000
27-12-2024,1229.841309,1255.452689,1201.329519,1241.590084,827586
30-12-2024,1249.553711,1273.198881,1201.182033,1233.823068,711413
31-12-2024,1233.675659,1253.928837,1222.074263,1253.535547,273039
01-01-2025,1255.206909,1267.250682,1203.885736,1232.102528,227346
02-01-2025,1271.134277,1278.114726,1248.423186,1261.892501,362600
03-01-2025,1275.312744,1289.273642,1268.430588,1287.946393,312666
06-01-2025,1236.723511,1295.811714,1225.515404,1284.112025,582553
07-01-2025,1196.806885,1232.249913,1176.848586,1214.208858,1064624
08-01-2025,1156.05481,1194.398253,1132.360552,1174.882448,507458
09-01-2025,1146.911377,1152.957747,1128.722821,1152.957747,305587
10-01-2025,1110.091675,1163.526673,1093.721952,1145.239827,291345
13-01-2025,1083.398804,1123.069614,1070.666863,1081.678265,819110
14-01-2025,1107.5354,1117.858633,1082.268107,1088.216184,423370
15-01-2025,1173.358398,1199.461481,1112.942948,1114.909278,3496182
16-01-2025,1178.765747,1200.739583,1152.367788,1152.367788,1097801
17-01-2025,1163.772583,1181.223765,1149.320103,1165.689827,368046
20-01-2025,1196.020386,1213.176569,1142.831176,1155.415618,551761
21-01-2025,1181.617065,1212.390184,1171.04804,1209.29319,316825
22-01-2025,1129.607544,1191.104572,1095.000179,1179.798173,408202
23-01-2025,1122.233765,1137.227033,1110.976572,1110.976572,376946
24-01-2025,1108.42041,1135.555744,1082.464826,1121.447348,297675
27-01-2025,1058.426514,1103.062116,1027.849981,1101.587369,714718
28-01-2025,995.9954224,1042.056745,929.0910473,1042.056745,2328267
29-01-2025,1011.037842,1023.474905,921.1274383,981.0021589,804573
30-01-2025,990.1948242,1042.155079,963.5018659,1014.626455,811463
31-01-2025,990.784668,1035.518682,981.788683,984.3449483,827595
01-02-2025,1006.417053,1014.184082,979.4783035,992.9968246,228332
03-02-2025,974.5625,1032.323455,963.5018916,1006.318724,378144
04-02-2025,969.744873,984.8856396,951.7038175,976.9220263,566369
05-02-2025,1011.578674,1024.310615,964.9766209,964.9766209,1092624
06-02-2025,992.7019043,1015.511349,960.2083068,1015.511349,2082188
07-02-2025,1001.550354,1007.990074,986.1146491,997.3227558,644115
10-02-2025,975.1523438,1012.168536,968.909269,1001.845302,505940
11-02-2025,972.7927856,995.4055845,952.7361923,975.6439286,283512
12-02-2025,938.4311523,967.3853785,934.9900743,965.763132,652357
13-02-2025,937.0546265,981.1987632,929.1893057,943.8384896,437231
14-02-2025,889.3711548,951.4580569,884.8977654,941.8721969,335512
17-02-2025,881.3092651,889.0762338,851.2735218,867.2499555,630021
18-02-2025,869.7571411,896.646686,862.3834019,886.8150338,946760
19-02-2025,916.9981689,929.0910886,855.3537006,868.6264304,931472
20-02-2025,939.1685181,962.5186906,916.9981557,916.9981557,864634
21-02-2025,964.7307739,968.4176431,930.6149323,942.85535,481971
24-02-2025,992.4069214,1032.323402,950.1799664,964.435861,3041066
25-02-2025,1021.016968,1049.282965,992.9967621,992.9967621,1939581
27-02-2025,993.1443481,1028.784087,985.3281728,1017.280982,622537
28-02-2025,981.4937134,994.8647948,961.0930374,974.3166201,2050567
03-03-2025,962.1253662,988.1300957,955.4890016,977.6594232,1493319
04-03-2025,966.5004272,984.4431901,953.6701349,953.6701349,1119762
05-03-2025,966.9429321,986.163799,960.5523586,966.0580595,778300
06-03-2025,949.9833374,975.4964853,944.8217203,971.2196809,349340
07-03-2025,956.5214233,963.305227,948.3119581,949.6884134,521682
10-03-2025,880.3260498,967.4344532,875.0169343,955.6364721,2325435
11-03-2025,850.5853882,881.3093004,846.947665,874.3287915,1640437
12-03-2025,832.1018677,856.1402695,818.0917632,853.3874189,880718
13-03-2025,850.2903442,870.0519995,811.1112376,834.4614095,1427481
17-03-2025,840.2128906,855.5994488,836.6735202,850.2903331,476976
18-03-2025,840.2128906,840.2128906,840.2128906,840.2128906,0
19-03-2025,908.2479248,927.9603734,872.362398,899.3994387,2776070
20-03-2025,911.0008545,914.3436402,898.1214143,908.2480039,554710
21-03-2025,926.8789063,965.4681368,898.8095544,911.0007657,4892340
24-03-2025,962.2728882,980.8055272,926.9280891,934.0068902,1536573
25-03-2025,961.3388672,971.8587462,950.6224031,961.5846585,757033
26-03-2025,943.4944458,966.697119,925.4041833,956.5705301,397546
27-03-2025,955.0466919,970.3840449,926.1416112,934.0069328,1816532
28-03-2025,926.7806396,966.4513289,909.3294585,960.2574005,969709
01-04-2025,873.1981812,938.6769583,868.1840027,933.0237585,529235
02-04-2025,875.5576782,882.4889803,857.8607062,874.9678032,310152
03-04-2025,897.1381836,904.4627758,871.4775976,875.0169681,355479
04-04-2025,835.0512695,916.1132456,823.8432232,897.1381708,962981
07-04-2025,871.625061,882.8331679,777.1920594,793.0209945,919861
08-04-2025,833.4290771,874.8203043,828.8573354,868.1347936,880189
09-04-2025,794.9381714,838.3940831,790.7597195,833.7731949,554023
11-04-2025,855.550354,866.0702335,798.3301284,812.0452947,1958890
15-04-2025,922.8971558,934.0069102,879.9328259,884.8486517,2860927
16-04-2025,927.8621216,941.8722251,901.857391,918.227115,866333
17-04-2025,940.6923828,973.9233521,934.0560182,938.8735513,2754876
21-04-2025,938.1853638,968.9092753,932.0405815,951.7038849,2264748
22-04-2025,996.8311768,1006.761121,936.9563947,958.5860281,3326459
23-04-2025,1041.909302,1050.905287,1002.77934,1002.828486,3333648
24-04-2025,1001.10791,1050.020376,991.0304674,1040.188725,1961884
25-04-2025,955.3415527,1007.449244,949.5408546,1007.449244,1165532
28-04-2025,967.3361816,980.2156207,931.0573649,955.6364928,937547
29-04-2025,972.430481,985.9330495,966.0501457,973.3702306,731964
30-04-2025,975.3981323,1008.93195,964.5169604,964.5169604,2937845
02-05-2025,938.5010986,977.5743987,932.9121088,974.9035534,428256
05-05-2025,927.1747437,938.1053632,912.040035,932.0218352,530064
06-05-2025,896.5096436,937.0667393,892.4045103,930.2413131,524503
07-05-2025,922.0803833,931.6755498,880.632988,892.2560575,1357495
08-05-2025,903.1867065,932.1207315,898.1912716,917.2333222,717894
09-05-2025,905.9069824,912.0400185,873.0656161,873.0656161,853218
12-05-2025,951.6079712,979.3055005,929.8456267,929.8456267,1014955
13-05-2025,955.1690063,979.3054476,951.459516,955.5647095,552909
14-05-2025,977.5249023,979.3054456,939.4902495,965.4566817,697367
15-05-2025,1005.618103,1012.938188,964.4675133,984.2514623,1071460
16-05-2025,989.7414551,1021.296816,982.7676254,1011.404902,560528
19-05-2025,1010.217896,1025.45156,982.8171141,999.0894242,729845
20-05-2025,983.657959,1018.873364,970.4026891,1013.185478,602579
21-05-2025,1001.265686,1007.44817,983.9547304,1003.936531,406917
22-05-2025,981.3826904,1007.497525,972.2326147,999.0398998,342383
23-05-2025,1006.458923,1008.832961,972.6778074,984.2514293,473437
26-05-2025,1005.766541,1026.490179,998.545411,1018.032613,410602
27-05-2025,998.3969727,1011.94899,990.6812446,1011.94899,279324
28-05-2025,1013.877869,1017.884167,998.3969649,998.8915636,671847
29-05-2025,1013.976868,1020.65395,996.1218059,1018.873347,319865
30-05-2025,986.6749878,1017.884155,982.2730472,1004.084838,1273280
02-06-2025,1008.486816,1028.765364,991.8188633,994.1434532,737518
03-06-2025,1003.19458,1035.4919,1001.067781,1018.724931,473711
04-06-2025,1013.185425,1021.840902,994.6874216,1005.222398,419409
05-06-2025,1062.398071,1077.681124,998.1496842,1015.905791,1555439
06-06-2025,1053.297363,1112.846994,1042.712879,1095.437145,2406203
09-06-2025,1054.088745,1075.603789,1035.887488,1065.563411,1548191
10-06-2025,1050.824463,1066.107515,987.2190208,1062.892623,479653
11-06-2025,1075.356445,1101.768088,1048.994311,1061.458295,1488940
12-06-2025,1069.71814,1098.009162,1058.490773,1078.225214,1560231
13-06-2025,1128.179565,1137.57694,1044.988093,1048.648075,2538226
16-06-2025,1156.965332,1178.727676,1108.791464,1127.685111,2302686
17-06-2025,1133.818115,1165.868138,1127.833543,1159.339459,894802
18-06-2025,1106.565674,1166.06592,1101.026193,1135.20289,791793
19-06-2025,1102.361572,1147.468948,1088.216002,1110.225643,839416
20-06-2025,1124.964722,1137.428585,1092.469612,1095.783399,659293
23-06-2025,1144.946533,1151.07963,1106.417341,1108.494632,454188
24-06-2025,1135.252441,1175.957939,1128.674254,1152.860083,444866
25-06-2025,1177.144897,1187.036871,1127.833432,1138.813498,879204
26-06-2025,1152.266602,1189.954999,1134.708347,1189.01531,1806780
27-06-2025,1182.783325,1195.642892,1157.360999,1167.252974,3387240
30-06-2025,1181.596313,1193.466682,1165.274556,1193.466682,2857456
01-07-2025,1162.801636,1195.346257,1157.36105,1185.058579,1117721
02-07-2025,1164.483154,1176.254628,1142.621915,1167.15406,561379
03-07-2025,1213.349609,1222.153491,1162.208148,1165.17574,931488
04-07-2025,1231.946533,1240.354712,1179.420173,1213.349573,1368232
07-07-2025,1239.464355,1260.03971,1221.757698,1230.561579,1067244
08-07-2025,1207.216553,1236.002173,1161.119977,1227.593995,1215703
09-07-2025,1181.695313,1205.831756,1175.166633,1197.918176,605122
10-07-2025,1181.497437,1193.367806,1172.59466,1181.695228,735700
11-07-2025,1181.101685,1201.479127,1170.715112,1180.112487,455960
14-07-2025,1175.36438,1192.972143,1163.691922,1178.233077,584814
15-07-2025,1184.366089,1194.55475,1167.252926,1184.56388,379530
16-07-2025,1184.662842,1190.103428,1169.13249,1187.333747,601079
17-07-2025,1192.576294,1196.631979,1176.45245,1191.9828,484846
18-07-2025,1189.213135,1213.74528,1171.209789,1200.885713,1678716
21-07-2025,1208.007813,1215.525809,1173.682711,1188.916375,441201
22-07-2025,1131.740723,1163.197248,1117.793063,1163.197248,28185822
23-07-2025,1112.847046,1134.015894,1109.978349,1127.685007,1356863
24-07-2025,1106.516235,1128.377475,1103.449747,1109.879531,2553892
25-07-2025,1066.255981,1107.604363,1057.4521,1107.604363,1051171
28-07-2025,1062.991577,1069.322465,1053.495306,1060.419688,1105938
29-07-2025,1070.707275,1075.257559,1047.560032,1058.441204,690591
30-07-2025,1048.74707,1073.279215,1046.471989,1054.583359,995837
31-07-2025,1041.328125,1050.428814,1020.851786,1038.756236,1243584
01-08-2025,1041.130249,1056.462809,1034.898257,1041.624848,457383
04-08-2025,1040.635742,1050.725508,1028.666477,1038.657347,572079
05-08-2025,1054.286621,1061.309898,1041.427055,1048.549228,497259
06-08-2025,1045.383911,1063.881855,1039.34971,1058.342374,406828
07-08-2025,1053.890991,1056.265089,1034.700536,1044.592511,695308
08-08-2025,1031.535156,1058.441279,1028.765355,1054.484489,563345
11-08-2025,1031.535156,1037.865923,1015.905788,1034.898331,355749
12-08-2025,1007.596497,1032.524345,1003.244064,1031.535147,1242101
13-08-2025,1016.894958,1026.786933,1004.628886,1007.79433,326152
14-08-2025,1027.281494,1034.898266,1011.553231,1016.993817,583115
18-08-2025,1050.824463,1061.903426,1027.182621,1035.293991,418393
19-08-2025,1067.245117,1070.707308,1046.96657,1052.703843,487563
20-08-2025,1090.98584,1096.32753,1058.441221,1063.288313,1046821
21-08-2025,1069.915894,1092.964241,1061.804523,1092.964241,532904
22-08-2025,1065.959106,1076.642487,1058.639021,1063.288322,742717
25-08-2025,1080.895996,1087.622587,1058.441262,1069.915929,853932
26-08-2025,1075.65332,1098.89946,1069.421328,1080.895994,2422947
28-08-2025,1032.623291,1071.795488,1016.993922,1068.531088,873607
29-08-2025,1007.101868,1033.711302,1002.353732,1025.797723,644147
01-09-2025,1019.664734,1028.765302,1002.353719,1007.101854,263961
02-09-2025,1013.729553,1035.689687,1009.37706,1022.830121,714095
03-09-2025,1028.963135,1033.612435,1002.35376,1009.673845,883948
04-09-2025,1021.643127,1038.657274,1013.23495,1031.732893,586066
05-09-2025,1026.391113,1040.635579,1017.785145,1023.819224,311880
08-09-2025,1028.765381,1043.009849,1022.434493,1030.64488,643249
09-09-2025,1032.623291,1038.657372,1026.787002,1028.864292,819360
10-09-2025,1066.354736,1070.707229,1032.326324,1032.623131,1184367
11-09-2025,1045.680664,1063.387324,1043.108775,1061.408929,430699
12-09-2025,1057.254272,1059.430459,1036.876709,1054.484471,343905
15-09-2025,1067.343994,1071.201888,1047.560046,1047.658942,353507
16-09-2025,1079.313232,1085.248417,1066.651578,1067.343968,461518
17-09-2025,1091.084717,1095.635001,1077.730552,1078.917541,414858
18-09-2025,1090.194458,1093.063155,1082.379774,1091.08476,196378
19-09-2025,1069.124634,1092.073966,1063.38724,1090.392379,857322
22-09-2025,1039.052979,1075.257579,1030.941487,1059.430421,798208
23-09-2025,1008.585693,1041.92172,1004.431112,1036.678925,1808589
24-09-2025,1015.411194,1021.840977,994.242344,1010.959805,1158063
25-09-2025,1011.058716,1018.081994,1001.067845,1013.927413,892451
26-09-2025,990.9779663,1013.135952,986.0319792,1005.024582,943039
29-09-2025,1017.587402,1029.457772,991.1758779,991.1758779,1111488
30-09-2025,1012.938171,1026.786935,1000.968907,1026.786935,507273
01-10-2025,1025.303223,1028.963205,1002.057081,1017.785346,593561
03-10-2025,1037.865845,1040.338838,1022.038687,1033.612368,458130
06-10-2025,1050.92334,1053.69302,1035.491885,1042.614058,266966
07-10-2025,1057.847778,1066.354852,1043.207608,1048.549298,650935
08-10-2025,1073.57605,1093.854598,1053.198486,1055.374792,1594145
09-10-2025,1072.685791,1081.984272,1064.871107,1081.984272,283733
10-10-2025,1083.270142,1088.018338,1066.157098,1074.861963,257260
13-10-2025,1089.502075,1092.073964,1071.300818,1073.279213,651135
14-10-2025,1114.528687,1119.375778,1089.60096,1094.151244,1375997
15-10-2025,1147.864746,1159.339412,1105.23036,1118.782317,2005553
16-10-2025,1159.141602,1167.055181,1145.490629,1161.317788,915145
17-10-2025,1152.316162,1169.429206,1130.751609,1159.834039,778522
20-10-2025,1170.517334,1181.893104,1131.246125,1152.414973,2812550
21-10-2025,1162.702637,1187.135764,1157.360947,1187.135764,136457
23-10-2025,1166.164917,1175.562293,1147.469061,1147.469061,652187
24-10-2025,1172.891357,1179.321141,1157.558797,1172.297863,494044
27-10-2025,1166.230103,1182.933191,1161.060163,1172.990905,607697
28-10-2025,1165.037109,1176.570137,1159.369934,1166.627851,500694
29-10-2025,1120.197266,1139.982438,1097.827123,1139.982438,1726758
30-10-2025,1113.138306,1131.233339,1110.752133,1128.350052,310232
31-10-2025,1074.462769,1117.413516,1067.801486,1115.027343,587485
03-11-2025,1087.28833,1098.523161,1078.042077,1082.416586,343479
04-11-2025,1072.871948,1093.054835,1065.713552,1092.65712,458901
06-11-2025,1062.034912,1077.843171,1056.566655,1075.357599,396590
07-11-2025,1059.847656,1070.088259,1046.326172,1053.882285,922625
10-11-2025,1068.397949,1072.772579,1050.501836,1063.327408,308692
11-11-2025,1063.824585,1082.814327,1045.03364,1066.906669,466556
12-11-2025,1082.714844,1090.569273,1066.60839,1074.562219,341552
13-11-2025,1079.334473,1088.680245,1069.591106,1082.714874,457966
14-11-2025,1059.251099,1083.510299,1052.888012,1080.726411,601566
17-11-2025,1065.614258,1073.766884,1054.081109,1056.069566,441511
18-11-2025,1071.77832,1075.158721,1049.905293,1073.56798,488323
19-11-2025,1112.740479,1119.302484,1060.742401,1073.76677,1078355
20-11-2025,1135.508423,1138.292311,1111.149823,1122.384654,1134821
21-11-2025,1133.122192,1150.620711,1114.530168,1135.508365,2783024
24-11-2025,1123.279419,1147.638017,1115.922104,1140.976614,2106550
25-11-2025,1113.536011,1137.397497,1103.892042,1114.629638,902708
26-11-2025,1143.362793,1151.714337,1115.424996,1115.424996,1023674
27-11-2025,1159.866943,1167.12486,1134.414718,1143.362775,490617
28-11-2025,1176.371216,1179.155104,1137.397504,1159.171134,1176162
01-12-2025,1182.436035,1191.682288,1174.382687,1178.061405,560894
02-12-2025,1156.188354,1182.137694,1150.819496,1182.137694,492146
03-12-2025,1141.473755,1161.258927,1133.420528,1155.293556,323061
04-12-2025,1121.390381,1180.944694,1117.413467,1145.251866,312892
05-12-2025,1140.081787,1149.924674,1107.669962,1118.606476,476537
08-12-2025,1121.688599,1172.195457,1111.746313,1134.414773,908990
09-12-2025,1111.44812,1135.906118,1104.587919,1123.677058,1731802
10-12-2025,1096.435303,1112.939473,1086.294099,1108.564843,413626
11-12-2025,1129.244873,1136.40327,1095.5405,1095.639898,471538
12-12-2025,1135.607788,1140.380134,1121.191474,1128.648188,258119
15-12-2025,1138.093384,1151.316672,1123.77659,1135.607812,1417718
16-12-2025,1126.858643,1143.164015,1120.197239,1139.385898,276111
17-12-2025,1119.600708,1146.444878,1113.635337,1132.625077,1050366
18-12-2025,1136.602051,1146.047222,1116.319885,1130.636679,356957
19-12-2025,1132.326904,1143.462215,1117.811192,1135.408988,1662158
22-12-2025,1158.773315,1163.346742,1113.535919,1127.852833,332048
23-12-2025,1174.879761,1179.751505,1151.316594,1163.147937,473322
24-12-2025,1189.09729,1209.976089,1173.487951,1183.131919,1291909
26-12-2025,1172.59314,1200.133221,1165.832337,1184.62328,223587
29-12-2025,1163.843872,1181.143472,1158.475014,1172.990847,223221
30-12-2025,1184.722656,1210.870914,1157.580291,1157.67969,939031
31-12-2025,1183.131958,1191.085786,1163.446184,1191.085786,357058
01-01-2026,1172.891357,1191.085788,1164.539935,1191.085788,132449
02-01-2026,1193.173706,1206.695191,1164.440476,1172.891419,343492
05-01-2026,1192.080078,1213.953107,1184.822161,1201.028135,458955
06-01-2026,1180.149292,1202.91715,1168.715664,1198.045406,388064
07-01-2026,1184.921631,1193.471972,1161.756057,1173.289084,1265898
08-01-2026,1176.072998,1190.190995,1163.545742,1183.131997,1029259
09-01-2026,1134.315308,1177.564247,1123.478193,1173.189617,1067665
12-01-2026,1123.975342,1148.234542,1111.050371,1134.315343,2217034
13-01-2026,1130.239014,1146.94198,1114.03304,1125.466668,732421
14-01-2026,1142.567383,1157.580331,1123.577642,1128.847102,665428
16-01-2026,1190.787476,1229.065274,1180.149279,1183.131964,4335885
19-01-2026,1163.346802,1220.912659,1154.498143,1187.00949,4730830
20-01-2026,1123.080566,1157.182655,1117.015796,1155.293596,1700344
21-01-2026,1088.978516,1127.355711,1081.819998,1117.711622,841203
22-01-2026,1099.915039,1110.652634,1090.768064,1096.634036,1863695
23-01-2026,1105.880493,1127.554603,1093.85023,1103.49432,1476232
27-01-2026,1107.272339,1118.507171,1093.949773,1101.605284,2585701
28-01-2026,1133.321167,1145.351308,1097.727736,1104.587937,1596026
29-01-2026,1129.244873,1136.602067,1115.52447,1133.221787,927491
30-01-2026,1127.75354,1151.217311,1118.904881,1128.648249,959196
02-02-2026,1104.09082,1118.507134,1061.239593,1085.697592,1295821
03-02-2026,1160.861206,1181.640607,1143.362808,1143.362808,1208601
04-02-2026,1159.369873,1163.545706,1130.23905,1136.403218,991518
05-02-2026,1134.215942,1165.136425,1124.671252,1160.065884,879272
06-02-2026,1107.471191,1128.449389,1095.639848,1125.466704,561036
09-02-2026,1131.730347,1133.420487,1108.465376,1108.465376,357498
10-02-2026,1155.691284,1163.545714,1117.512884,1131.432083,1057832
11-02-2026,1131.829834,1156.48663,1120.197287,1156.387231,766800
12-02-2026,1137.795166,1140.181339,1104.190193,1128.449393,568928
13-02-2026,1120.296753,1139.584689,1109.161321,1129.741924,471438
16-02-2026,1113.138306,1129.244882,1087.586679,1102.599507,761308
17-02-2026,1118.109375,1124.870178,1106.178633,1106.178633,884322
18-02-2026,1120.694336,1135.408967,1113.834256,1117.512853,311999
19-02-2026,1098.125366,1123.179876,1083.11254,1116.120878,648460
20-02-2026,1094.247925,1104.786723,1077.544958,1098.12544,405322
23-02-2026,1120.396118,1123.478202,1093.750746,1103.593632,793296
24-02-2026,1106.974121,1122.484063,1092.657205,1113.536005,432011
25-02-2026,1125.267944,1130.736201,1098.125456,1113.535999,682336
26-02-2026,1121.788086,1136.303798,1112.641111,1128.051653,628620
27-02-2026,1097.230591,1123.478249,1086.691793,1123.478249,1253674
02-03-2026,1068.497314,1088.481404,1042.150259,1048.911062,1837718
04-03-2026,1060.245361,1065.017586,1033.301792,1050.203677,1197644
05-03-2026,1074.761108,1077.843193,1059.151768,1059.151768,315551
06-03-2026,1058.057983,1078.141473,1055.174818,1067.801472,276113
09-03-2026,1029.125977,1051.893835,1016.499322,1043.045177,1439537
10-03-2026,1049.706543,1054.180571,1026.839287,1033.898285,326555
11-03-2026,1042.050903,1058.85339,1033.997676,1048.911104,745098
12-03-2026,1037.378052,1043.045106,1011.428651,1033.997651,934229
13-03-2026,1021.470398,1035.886711,1015.604425,1035.886711,582449
16-03-2026,1016.996399,1032.904056,1004.469083,1019.084255,331156
17-03-2026,1037.378052,1039.863623,1014.212479,1016.996367,433488
18-03-2026,1063.625732,1082.217757,1035.489016,1043.939959,566638
19-03-2026,1034.494751,1058.853349,1030.020723,1052.987377,563719
20-03-2026,1034.594238,1048.911154,1028.628867,1028.628867,413078
23-03-2026,979.7128296,1034.594197,968.2792014,1034.594197,550431
24-03-2026,983.590271,1004.170814,978.6191284,990.2516143,2023338
25-03-2026,996.3164063,1012.920035,986.3741207,994.0296927,871077
27-03-2026,971.7589722,993.1348852,964.2027991,992.2400552,602539
30-03-2026,944.1193848,963.506841,926.7203855,963.506841,1347427
01-04-2026,947.5494995,977.0284,944.5171146,960.4744706,610228
02-04-2026,928.4603271,934.8234143,909.7191429,930.5979429,636396
06-04-2026,924.0857544,934.8234108,913.2486387,925.6267965,2743646
07-04-2026,923.8869019,929.3054597,900.8207868,919.810589,703930
08-04-2026,966.0918579,980.160155,953.0177287,956.4478292,3000755
09-04-2026,992.3394775,1010.086493,959.0328216,966.1415799,3056871
10-04-2026,1006.805542,1016.101554,986.9209715,992.2400698,1139241
13-04-2026,1003.673706,1009.788236,970.7647658,985.2804782,604509
15-04-2026,1049.905396,1059.648884,1014.361723,1021.023006,1795093
16-04-2026,1070.237305,1078.738008,1050.800209,1064.818807,796315
17-04-2026,1106.874634,1117.51283,1072.623389,1077.74369,2641982
20-04-2026,1102.848022,1121.141852,1090.420166,1101.30692,671866
21-04-2026,1101.953125,1125.466653,1090.171542,1109.558997,1199787
22-04-2026,1048.811768,1117.314142,1035.986194,1107.570653,5903548
23-04-2026,1046.177002,1050.899588,1027.833534,1042.945759,1335631
24-04-2026,1033.599976,1056.318074,1024.254203,1050.800178,896365
27-04-2026,1042.050049,1046.449951,1025,1034.900024,592351
28-04-2026,1038.949951,1049.5,1030.050049,1041,645825
29-04-2026,1046.800049,1055.5,1034.150024,1045,687054
30-04-2026,1034.650024,1041.349976,1009,1038.199951,1026753
01-05-2026,1034.650024,1034.650024,1034.650024,1034.650024,0
04-05-2026,1066.5,1072.400024,1033.400024,1041,2455293
05-05-2026,1070.699951,1085.599976,1050.5,1065.599976,1750453
06-05-2026,1084.099976,1097.599976,1075,1079.800049,2173450
07-05-2026,1111.699951,1118,1083,1084.099976,809803
08-05-2026,1118.5,1134.900024,1105.699951,1112.900024,732727
11-05-2026,1115.300049,1134.400024,1111,1115,935561
12-05-2026,1078.099976,1115.300049,1075,1105.099976,925297
13-05-2026,1077.5,1100,1070,1070,568085
14-05-2026,1102.099976,1106.699951,1062,1080.099976,403296
15-05-2026,1093.800049,1123.5,1090,1116.099976,684883
18-05-2026,1104.900024,1111.800049,1066.800049,1085,661233
19-05-2026,1098.400024,1121.5,1092,1104,442746
20-05-2026,1107.400024,1111,1076,1090.099976,310456
21-05-2026,1111.800049,1131,1105.199951,1118.800049,833753
22-05-2026,1112.400024,1121.800049,1103,1110.599976,482891
25-05-2026,1142.400024,1144.400024,1119.099976,1125.400024,725309
26-05-2026,1125.300049,1152,1121.699951,1152,762091
27-05-2026,1112.099976,1129.5,1109.199951,1125.900024,274760
28-05-2026,1112.099976,1112.099976,1112.099976,1112.099976,0
29-05-2026,1104.5,1127.800049,1095,1118,1006275
01-06-2026,1078.800049,1114.900024,1069.800049,1108,1197416
02-06-2026,1089.199951,1093,1051.800049,1070,1196484
03-06-2026,1072.5,1085.599976,1049.199951,1082.5,765530
04-06-2026,1071.800049,1081.5,1062.099976,1064.300049,2527568
05-06-2026,1073.900024,1093.300049,1050.699951,1068,2432019
08-06-2026,1054.900024,1068.900024,1047.699951,1068,344987
09-06-2026,1075,1083,1056.400024,1056.400024,384782
10-06-2026,1052,1080,1048,1080,947964
11-06-2026,1064.099976,1071.699951,1031.300049,1041.699951,690962
12-06-2026,1096.800049,1099,1058,1079.699951,696601
15-06-2026,1130.800049,1134.699951,1106,1109.800049,2132710
16-06-2026,1133.599976,1165.099976,1130.300049,1143.199951,1168609
17-06-2026,1136.900024,1160,1127,1160,382759
18-06-2026,1141.300049,1162.199951,1136,1144,1011855
19-06-2026,1145.099976,1150,1130.5,1141.800049,1587197
22-06-2026,1139.199951,1155.5,1134.400024,1148.900024,496298
23-06-2026,1116.900024,1141,1111.300049,1139.199951,385961
24-06-2026,1099.900024,1115.300049,1090.599976,1109.699951,561423
25-06-2026,1085.400024,1110,1079.099976,1109.900024,708654
26-06-2026,1085.400024,1085.400024,1085.400024,1085.400024,0
29-06-2026,1089.800049,1097,1069,1079.800049,701139
30-06-2026,1074.599976,1107,1066.099976,1083.099976,1408657
01-07-2026,1065.900024,1084.900024,1061.699951,1074.5,1496165
02-07-2026,1070,1081.599976,1060.599976,1075,905046
03-07-2026,1109.5,1120.900024,1077.5,1084,1319185
06-07-2026,1133.300049,1138.900024,1109.400024,1110.199951,1252279
07-07-2026,1150.099976,1154,1126.400024,1140,1855535
08-07-2026,1091.699951,1149.900024,1081.199951,1142.800049,2679587
09-07-2026,1100.199951,1106.800049,1086.599976,1090.800049,1022506
10-07-2026,1129,1133.599976,1104,1106.800049,2189046
13-07-2026,1118,1127,1094.800049,1127,2239860
14-07-2026,1098.800049,1112.599976,1086.199951,1107,1524014
15-07-2026,1098.599976,1119.800049,1092.5,1104.199951,649100
16-07-2026,1081.300049,1107.5,1065.599976,1106.099976,1542092
17-07-2026,1113.699951,1127.800049,1085.699951,1108.300049,5362295
20-07-2026,1126.5,1128.900024,1102.199951,1105,881095
21-07-2026,1119.699951,1134.599976,1112.699951,1126,711700
22-07-2026,1093.599976,1128,1087.800049,1114,913719
23-07-2026,1083.199951,1098.900024,1072.300049,1080,1503658
24-07-2026,1102.300049,1105,1065,1068.300049,918262
27-07-2026,1132.699951,1136.900024,1103.099976,1116.300049,928617
28-07-2026,1128.300049,1139.5,1122.400024,1139.5,617932
29-07-2026,1161.300049,1170,1113.5,1128.300049,1135914
30-07-2026,1142.900024,1164.300049,1125.699951,1162,1268562
31-07-2026,1135.300049,1166,1132,1140,1168016
03-08-2026,1147.800049,1158.5,1136.599976,1153.599976,366010
04-08-2026,1155,1174,1144.400024,1147.800049,1180507
05-08-2026,1192,1194.699951,1163.300049,1174,1854520
06-08-2026,1186,1197,1180.900024,1193.099976,959901
07-08-2026,1168.099976,1192.800049,1151,1185.599976,1707560
