Price,Close,High,Low,Open,Volume
Ticker,AIAENG.NS,AIAENG.NS,AIAENG.NS,AIAENG.NS,AIAENG.NS
Date,,,,,
2015-01-01,1001.9224853515625,1021.9941266699975,984.4288921923463,996.4903542315274,106514
2015-01-02,1019.2318115234375,1037.4620189627713,998.9760754317341,998.9760754317341,62698
2015-01-05,1023.3291625976562,1032.8125768808516,1012.7870154392127,1025.6770319993482,30575
2015-01-06,984.7050170898438,1017.3904103639807,980.5617982241081,1013.2011107762683,92172
2015-01-07,969.1449584960938,984.2447127700325,926.976206550199,966.7511210556914,123885
2015-01-08,948.1068115234375,1005.4213529338128,935.5390221333585,1005.4213529338128,133772
2015-01-09,935.7691040039062,963.9429736594706,925.4571361535103,957.2218184614158,78091
2015-01-12,928.3114013671875,946.9098094801675,903.6362372464691,939.1298084746156,117351
2015-01-13,932.362548828125,956.6233791313474,913.8101095167106,930.4290126117917,104945
2015-01-14,968.7767333984375,979.5491713969994,935.9072374055382,938.853538029588,80473
2015-01-15,998.9761962890625,1010.9454963367656,985.1654654647897,985.1654654647897,152943
2015-01-16,972.1832885742188,1001.7382266429115,966.7510459329569,1001.7382266429115,132178
2015-01-19,964.1732177734375,992.2550402651035,950.1783872589922,992.2550402651035,232839
2015-01-20,976.8328857421875,1000.8175650782817,967.671813152966,967.671813152966,138339
2015-01-21,1019.5081787109375,1021.9940652642343,978.02990615039,978.02990615039,154674
2015-01-22,1079.12451171875,1086.213975224951,1024.7562232891462,1026.5976540587583,315829
2015-01-23,1048.3265380859375,1095.0989256359892,1035.8048310511888,1090.9557063117843,94506
2015-01-27,1045.9326171875,1062.7817527204752,1027.518310546875,1052.3776245117188,136749
2015-01-28,1067.7998046875,1072.6335610786268,1040.04020979148,1055.139966520263,65838
2015-01-29,1047.774169921875,1066.1884787078482,1034.7460239773948,1064.3470478292509,70077
2015-01-30,1047.31396484375,1081.8407988495878,1036.7257357486264,1081.8407988495878,74441
2015-02-02,1030.6025390625,1058.7764017702823,1023.6051260044615,1044.0910392525832,36367
2015-02-03,1056.29052734375,1063.426070239295,1026.6895107889934,1053.2982029036827,84642
2015-02-04,1049.7073974609375,1067.0628568401446,1042.2496266742644,1056.9810701608264,96392
2015-02-05,1004.960693359375,1053.2982438874255,998.9760442463783,1053.2982438874255,87753
2015-02-06,984.3829345703125,1062.5056171295535,969.5594384735124,1046.8534546588407,186943
2015-02-09,962.5159301757812,989.7690843453995,933.6054432802187,982.5414907195138,165297
2015-02-10,949.2114868164062,983.3240369889819,940.1885434253121,975.0375984750299,57226
2015-02-11,957.9124145507812,966.19885392857,947.9686423406239,952.9405284457026,246071
2015-02-12,949.9481201171875,963.0683146523655,936.3675678790207,961.2268838404107,146914
2015-02-13,962.4697875976562,971.3547133785258,939.1296754939302,952.9404060158998,140902
2015-02-16,951.1910400390625,968.7766813822486,946.1271054307516,966.75115249573,72142
2015-02-18,969.191162109375,977.7537485463567,950.6387229078769,954.781942523456,115803
2015-02-19,967.6718139648438,984.2446899414062,959.5235057547688,966.7510986328125,43083
2015-02-20,996.26025390625,1006.9864995910381,963.9891306040034,971.3548546200799,94852
2015-02-23,1000.9557495117188,1023.8355042644044,991.0119784343594,1008.1833427783479,128308
2015-02-24,1002.152587890625,1021.0733334813721,972.2754194376275,999.0222455825601,27875
2015-02-25,1007.0785522460938,1024.7562430178978,995.5696097144463,998.9762117470071,72440
2015-02-26,1024.8023681640625,1032.1220109746475,1004.5005477014635,1004.5005477014635,73721
2015-02-27,1058.54638671875,1084.6026759274616,1021.809934383202,1028.4390399074487,86747
2015-03-02,1058.3162841796875,1064.6232746584287,1042.480024067855,1044.0912760370481,81206
2015-03-03,1054.2652587890625,1094.7306573918606,1046.3010477602465,1088.1936002508517,60769
2015-03-04,1081.8868408203125,1086.4443377889697,1054.2653746053386,1054.2653746053386,84567
2015-03-05,1099.472412109375,1119.4059247150763,1085.5235501192592,1085.5235501192592,130291
2015-03-09,1110.9814453125,1120.2345691916473,1088.3778335131242,1099.518469234106,57868
2015-03-10,1132.986328125,1163.7842118764772,1107.6205750691472,1107.6205750691472,148218
2015-03-11,1157.017333984375,1162.8638558325983,1120.0505784800919,1137.0838178568954,88497
2015-03-12,1168.7559814453125,1182.198401854038,1151.8147980680696,1151.8147980680696,162271
2015-03-13,1162.4493408203125,1196.8380405315256,1146.5209185173082,1172.9454070770191,127776
2015-03-16,1186.1575927734375,1194.9964373749397,1143.8046880155666,1164.7048808414522,69198
2015-03-17,1180.1270751953125,1205.1245231401135,1152.0913335793148,1192.3265553953029,57389
2015-03-18,1192.87890625,1218.981166597661,1151.9070690097917,1169.3086133722395,121700
2015-03-19,1146.060546875,1206.1833102177798,1125.206319627189,1205.2165140464951,41621
2015-03-20,1164.152587890625,1256.0399184529938,1118.6692241188302,1145.3699710319547,397557
2015-03-23,1140.720458984375,1169.216672024324,1134.3215310186397,1154.5772726439725,38355
2015-03-24,1090.218994140625,1146.290579926263,1072.9096134612803,1146.290579926263,41409
2015-03-25,1074.88916015625,1100.7152723565548,1035.068218684547,1090.2190942069972,147256
2015-03-26,1125.5284423828125,1160.1013489696245,1064.5771307508955,1084.6026897509664,132568
2015-03-27,1146.4747314453125,1153.5182264899504,1109.4159378778652,1127.9224066909956,57367
2015-03-30,1142.6077880859375,1159.0425351621952,1127.8763419865215,1141.687072704724,24556
2015-03-31,1153.2421875,1238.362286312396,1081.9327081131912,1150.3419113398973,119862
2015-04-01,1117.840576171875,1167.4671601091786,1109.4160075459956,1167.4671601091786,48950
2015-04-06,1141.7791748046875,1155.4978571004594,1118.9454997250855,1126.9556789569422,58813
2015-04-07,1119.313720703125,1150.848224671088,1112.8687125928843,1149.973589955793,95730
2015-04-08,1137.03759765625,1150.894411325421,1120.0504411018997,1120.0504411018997,45013
2015-04-09,1148.54638671875,1164.7049870292033,1123.2727938147257,1141.687101910049,56115
2015-04-10,1156.2806396484375,1181.278090145115,1151.3087530337993,1174.833081079631,66127
2015-04-13,1128.428955078125,1178.4238543767467,1123.2729704789238,1169.3087479575681,54207
2015-04-15,1132.6641845703125,1149.9736812545757,1114.0657760752895,1127.8765088365533,28975
2015-04-16,1119.4056396484375,1137.083327392806,1109.922227669658,1134.3211816582486,71725
2015-04-17,1102.510498046875,1149.0527017149684,1095.6512139750098,1127.8762496801573,73333
2015-04-20,1113.605224609375,1127.8763126469487,1082.623130359079,1108.4952094197617,39256
2015-04-21,1087.042724609375,1114.0657007398247,1075.0273429627682,1100.2549689124714,100545
2015-04-22,1080.275390625,1095.6512923763332,1075.4416349233397,1095.6512923763332,24320
2015-04-23,1046.6693115234375,1091.0477488401282,1041.3291172474135,1091.0477488401282,58467
2015-04-24,981.7589111328125,1057.3496257012525,969.973708633987,1053.1143571879943,113417
2015-04-27,925.6412963867188,1003.579885177287,920.7154909883367,991.6105837944386,247410
2015-04-28,966.8432006835938,988.6642226840241,899.6770584871116,920.76140702873,170099
2015-04-29,1057.303466796875,1072.6334001007517,966.7511331380166,966.8431821961035,69520
2015-04-30,1059.3751220703125,1100.2549085135715,1022.2242779725464,1050.0759189621158,43420
2015-05-04,1113.375244140625,1121.29337514546,1057.3497271474935,1059.7435650244859,38070
2015-05-05,1085.2012939453125,1112.684627809577,1074.4749364118961,1112.684627809577,110282
2015-05-06,1006.75634765625,1092.428972367643,958.0045054770607,1092.428972367643,138864
2015-05-07,997.0886840820312,1058.822695779734,982.5874167267871,1003.5797725216609,63327
2015-05-08,1025.5845947265625,1041.3288008013967,994.3723296777263,994.3723296777263,54197
2015-05-11,1063.564453125,1068.0299004891583,1001.8304384890555,1034.009510253661,71858
2015-05-12,1024.6180419921875,1058.8687200202903,1020.6129527480327,1054.2190626039671,18678
2015-05-13,1060.2037353515625,1067.1091005405654,999.2524235734357,1026.5976247650822,33111
2015-05-14,1065.03759765625,1072.4494019916049,1022.9148657843905,1035.804882094905,28387
2015-05-15,1088.7459716796875,1094.454362261497,1045.196087855693,1064.3470133291491,49553
2015-05-18,1096.0657958984375,1100.2550966626286,1070.7921986766837,1089.2065099178992,29030
2015-05-19,1092.9813232421875,1132.4800397913648,1088.6540054453237,1102.5567867074467,128476
2015-05-20,1048.5108642578125,1102.6488686305495,1041.375319079043,1077.2371431174665,85657
2015-05-21,981.482666015625,1058.822763525299,972.2755115501876,1049.7076581261115,97278
2015-05-22,958.2806396484375,989.7690615809981,912.4289674667621,981.5746719881101,332691
2015-05-25,964.8636474609375,983.6002955507042,946.9557780921316,962.1475820187434,126020
2015-05-26,954.6898193359375,967.6718839784631,936.3675604244501,963.9890223838734,57476
2015-05-27,932.8228149414062,957.5440005542353,923.1092226712857,957.5440005542353,423419
2015-05-28,927.8970336914062,952.9405055598135,922.6489443056425,942.8126354524145,178735
2015-05-29,936.7359008789062,947.4161773875729,928.0811533592552,941.2013482356136,103203
2015-06-01,923.2933959960938,948.3368662269189,920.7614286348083,943.7332892064,95018
2015-06-02,918.8740234375,935.4469016157315,913.1655763813513,929.0018934353081,79067
2015-06-03,890.2857666015625,921.6821392396146,886.1425473046695,921.6821392396146,99614
2015-06-04,910.5415649414062,920.2551018002455,874.6796865535099,890.285824831746,74288
2015-06-05,898.4339599609375,919.7025166696461,878.7306866651306,910.5874129093422,34039
2015-06-08,863.4469604492188,901.2884001557303,852.1221713559755,901.2884001557303,156779
2015-06-09,887.1553344726562,900.183480184751,863.8612455131037,863.8612455131037,32752
2015-06-10,901.6565551757812,904.1424979265934,891.0683283670686,893.0939134305454,23939
2015-06-11,900.966064453125,916.01979531198,894.1067233238737,916.01979531198,131699
2015-06-12,894.52099609375,911.5082057121318,882.9660295736711,900.4596214004696,55641
2015-06-15,911.0939331054688,915.1911279658458,894.0146732946039,897.6975349765589,73767
2015-06-16,895.7179565429688,916.1118251798995,888.5824121759896,911.738427019493,188581
2015-06-17,891.2525634765625,900.7359214561707,884.8075552696039,893.0939943928364,155083
2015-06-18,908.5160522460938,920.7155330591272,894.9354981334717,894.9354981334717,241244
2015-06-19,932.638671875,948.2907774153151,897.6975113479475,903.5901123623782,373610
2015-06-22,936.6437377929688,955.0120207250746,927.3445350032845,940.9711112856363,221177
2015-06-23,923.4315795898438,939.1297669052836,916.1118804615267,929.9226123277808,105064
2015-06-24,919.5185546875,936.3216120800417,912.5210833708064,925.2730263972746,73927
2015-06-25,921.4059448242188,941.8918626581822,911.5082541853376,919.7946928597497,93579
2015-06-26,905.2933959960938,943.779343777854,898.0658027525852,934.5261092662447,183284
2015-06-29,895.9942016601562,906.3982742978019,883.8867718383426,902.3010795849747,47709
2015-06-30,927.4366455078125,939.1757672923101,888.5364184180067,888.5364184180067,171446
2015-07-01,928.0811767578125,938.6694044688392,913.7180381673462,933.5134204097003,52862
2015-07-02,934.0198364257812,938.1630561146171,928.081210299247,938.1630561146171,32864
2015-07-03,953.1705932617188,965.8304296851418,933.6053915164288,939.1296837739224,146869
2015-07-06,938.853515625,952.0197347601405,932.5465813434613,952.0197347601405,83030
2015-07-07,935.2166748046875,957.5440234278858,925.3189841779089,951.0990155778904,49491
2015-07-08,912.6130981445312,929.7383817763373,897.6974977125672,925.5951625561255,54996
2015-07-09,921.8203125,939.1757761170472,911.4622637692929,912.6131580727048,86149
2015-07-10,924.9047241210938,933.4673668452087,917.8612844172629,924.3983418463367,28060
2015-07-13,920.99169921875,932.2704640424129,916.6183006136563,920.7154958092101,31771
2015-07-14,925.226806640625,931.7638626452098,919.8405885391563,921.6820190977437,16348
2015-07-15,922.6949462890625,934.5261165173072,917.5849309414476,930.8432549743818,43841
2015-07-16,921.4979858398438,934.3419769122268,918.1834328774261,922.7870098785663,156656
2015-07-17,924.0760498046875,929.6463668326345,920.8995703800866,921.7742612645433,34271
2015-07-20,914.9149169921875,926.423859652862,911.0018764875581,925.3189899182355,161563
2015-07-21,916.3419189453125,925.318893283134,912.8892365076889,916.0657155895033,21227
2015-07-22,904.69482421875,916.111716327768,902.4851412336509,916.111716327768,18895
2015-07-23,903.4979858398438,917.0325130854263,896.7767748445837,906.5363353367687,86066
2015-07-24,920.66943359375,929.8305636413206,898.3420837341592,904.3727587456917,52395
2015-07-27,902.9456176757812,920.4392105403626,889.1348864669011,920.4392105403626,23486
2015-07-28,898.0658569335938,915.0069872040698,894.1067356100053,900.505719116445,16567
2015-07-29,922.8330078125,930.1066817430711,899.5389200972884,900.4596354709806,33075
2015-07-30,914.5006103515625,938.2090329204552,911.5082851729644,925.7793744862785,26445
2015-07-31,915.697509765625,925.042793757476,902.0709327881747,914.2243875719582,69633
2015-08-03,939.267822265625,996.2140463361019,933.6054001708015,948.3368463273428,257315
2015-08-04,920.5311889648438,947.1398286678218,915.2370757410257,945.9429661567731,139131
2015-08-05,900.9201049804688,939.1297977313011,887.6617794752685,928.449520549233,107578
2015-08-06,913.3496704101562,922.5568243457426,901.3803702938942,903.2218010810114,48742
2015-08-07,916.4340209960938,925.318946794463,906.0759730842154,917.9532238349051,46809
2015-08-10,929.0018310546875,935.4468388023415,916.4340434683593,916.5721732556407,50392
2015-08-11,918.6898803710938,932.6847666879436,906.9047336501721,926.28578296258,46706
2015-08-12,902.66943359375,919.4724902572088,898.6182632074434,918.6898484210305,194087
2015-08-13,897.7435302734375,910.5875212101944,891.4366523268761,902.6693913302479,36458
2015-08-14,903.63623046875,916.0198650699554,897.6976043087355,910.5415966557402,21869
2015-08-17,903.6821899414062,911.1860431360836,898.7103041663303,911.0479133438834,13061
2015-08-18,900.7359619140625,910.4034746587312,897.697612004941,910.3574501229594,10334
2015-08-19,914.2244262695312,920.7154590163944,885.682247040023,900.5517679855305,78470
2015-08-20,906.8126831054688,916.1118868148326,903.313919384944,916.1118868148326,26800
2015-08-21,891.2525634765625,904.1425798904797,883.886839811467,904.1425798904797,34452
2015-08-24,867.1758422851562,896.7768671016709,847.978947228582,874.6796958383853,194462
2015-08-25,843.513427734375,882.8279299635427,830.531307006882,865.4724673258894,85330
2015-08-26,838.1273193359375,854.4239951375705,834.6286116295341,854.4239951375705,57441
2015-08-27,826.7564086914062,856.2653261657666,820.3574253910732,843.4213350340784,104759
2015-08-28,838.5875244140625,850.1885714707422,828.6438099340547,833.5235900200211,129761
2015-08-31,844.4342041015625,851.6617979626244,830.4853424457159,846.7820172783652,20207
2015-09-01,838.7257080078125,847.058171169792,830.4852939077742,847.058171169792,24278
2015-09-02,830.255126953125,837.8970536720168,820.1732819017394,833.2474520571978,58839
2015-09-03,847.104248046875,862.9865897377449,829.5646297665951,829.5646297665951,69039
2015-09-04,843.42138671875,854.423947715714,835.5492807672526,854.423947715714,22046
2015-09-07,838.9558715820312,856.2192850822815,828.6438480120136,856.2192850822815,11477
2015-09-08,838.4955444335938,847.0121620706292,823.1656102085262,838.3113901103479,11679
2015-09-09,843.6054077148438,867.3138270858203,839.0478556645234,859.9481045627984,12863
2015-09-10,871.9347534179688,875.8822609567452,835.9892028443228,847.0886765562584,25895
2015-09-11,893.3441772460938,899.8923843831689,873.1422266308844,877.739923281511,28146
2015-09-14,921.4874267578125,936.2557696095978,899.1491927992735,905.6045390569026,38487
2015-09-15,897.2450561523438,933.3763756034028,896.3162310424552,921.4873688440407,15400
2015-09-16,901.2855834960938,919.5370228379113,869.6126642747419,908.3446896052045,25937
2015-09-18,881.6873168945312,918.5616884968463,875.9750192653813,901.0997861583343,87864
2015-09-21,890.5111694335938,900.0316278291028,879.5974732241077,896.3163269918309,23228
2015-09-22,883.0341796875,898.1740199787253,877.9256407941359,891.6258132808849,37142
2015-09-23,886.42431640625,892.5081668839885,873.0956973203624,890.7433763087528,64255
2015-09-24,906.0690307617188,927.8964241219446,885.1704626508641,904.4435865753189,66098
2015-09-28,893.204833984375,913.4996432396355,883.3128222886562,906.0690411593944,48939
2015-09-29,879.9225463867188,886.0992567543277,862.8786263362374,886.0992567543277,18249
2015-09-30,921.1159057617188,938.1133945424588,873.1884943625806,879.4116341596242,35837
2015-10-01,901.146240234375,936.7202348400268,885.216865026985,936.7202348400268,147894
2015-10-05,908.0659790039062,923.716660939711,902.7716640283462,910.2022656246436,20154
2015-10-06,901.5177001953125,949.2593372912488,897.2915569496796,908.3910292278291,193543
2015-10-07,903.2825927734375,946.4729686746866,894.9231651796473,904.7222606319465,21973
2015-10-08,928.314453125,938.1135486564297,884.4738878297873,907.4623138983483,151698
2015-10-09,940.2962036132812,955.6218199848719,928.8252346418517,941.3643753095167,62903
2015-10-12,931.8903198242188,961.2412304108584,928.918067820497,941.8287608877614,15676
2015-10-13,908.2053833007812,946.4265677581113,903.932809520503,934.30540871378,13949
2015-10-14,928.314453125,941.7824199126418,908.5304856648014,914.8929162639438,15275
2015-10-15,944.7545776367188,950.1881823963128,914.9392546143804,915.9145097390522,23773
2015-10-16,925.295654296875,951.5813955141182,919.5369268511245,935.326954887962,115066
2015-10-19,932.4476318359375,947.2623482782388,913.0351626694184,926.9675405331429,34892
2015-10-20,942.6647338867188,958.3619027050552,932.076103753629,932.5405163613786,82273
2015-10-21,941.457275390625,970.0651391929721,932.5405754333972,948.3306050971102,52796
2015-10-23,927.5247802734375,965.9781644981236,923.2522072222451,965.9781644981236,12266
2015-10-26,921.580322265625,935.9306821261254,913.035119574341,929.9397485892965,17899
2015-10-27,912.2921142578125,926.50312834689,908.4838969587848,926.0387157512274,12112
2015-10-28,897.9417724609375,921.2552625735447,891.6722022885958,910.2487065029416,73747
2015-10-29,890.2789306640625,923.2522243923611,883.3127418482247,897.2451194799003,17931
2015-10-30,890.8828125,899.1028937593137,874.9534358690842,899.0564638323397,18221
2015-11-02,877.8790893554688,904.6756715287713,855.4479399158095,890.8826411022889,176612
2015-11-03,865.0614013671875,891.3936320550398,853.218879053819,891.3936320550398,292048
2015-11-04,851.686279296875,876.8109896428277,849.2248698381125,864.6898321093746,60315
2015-11-05,865.3864135742188,874.024476230649,848.0173717306935,855.494402936233,61705
2015-11-06,862.5999755859375,873.049259098145,852.0113456171707,869.3803882156604,81549
2015-11-09,854.4727172851562,858.1880179251777,835.942644004851,852.661496884948,87235
2015-11-10,867.3369140625,876.8109419343099,845.138026983629,854.5191383258104,20910
2015-11-13,861.7640380859375,884.2416200170054,861.2531955470255,881.4551443236745,19160
2015-11-16,858.3739013671875,879.9690890310526,852.6616032442184,854.5192537959488,36722
2015-11-17,854.3333740234375,875.7892693142363,852.6615000673855,855.4479755578018,20440
2015-11-18,853.59033203125,865.2006466671484,845.1380456527118,862.4606010748785,169575
2015-11-19,854.3799438476562,862.8787181614911,845.463243494615,853.6368949334025,11892
2015-11-20,863.7146606445312,869.3804722423616,854.3799211186188,861.5783171227623,8242
2015-11-23,870.0770874023438,883.6844005302441,856.9806735349761,863.7610867903579,18803
2015-11-24,842.9553833007812,868.4516489311297,840.5868901418957,868.4516489311297,318049
2015-11-26,837.6145629882812,863.8074452468686,834.0850385286967,854.5191931474399,38144
2015-11-27,830.416259765625,843.373384220427,828.9765918686467,837.6146559415153,27872
2015-11-30,815.5084838867188,846.1597139189075,815.5084838867188,834.9673821695939,84113
2015-12-01,832.0880126953125,838.7755653123811,812.7684603389952,831.2985339707307,19724
2015-12-02,843.7911987304688,849.7821321432768,836.0354748983573,844.302041212587,63721
2015-12-03,835.5711669921875,850.7110638251938,831.2985935453354,845.2309722081063,15507
2015-12-04,836.12841796875,843.7912255167415,826.7008199454315,835.5710888597574,11135
2015-12-07,817.9234619140625,856.3768485037514,815.0441264230388,856.3768485037514,22901
2015-12-08,813.2793579101562,824.6574671063478,811.5146239677922,817.9234841126835,8724
2015-12-09,805.29150390625,817.3198024135216,798.7897270581027,814.5797565464605,29659
2015-12-10,802.36572265625,813.9296091225291,789.5015147684804,808.124450925702,16320
2015-12-11,798.9755249023438,809.3783794769049,792.5201778058663,804.3627002401175,32427
2015-12-14,784.57861328125,803.1086863085253,776.2656168745189,798.9754030647439,172623
2015-12-15,788.0618286132812,795.0280182880566,780.3525900447293,784.5787337758936,25882
2015-12-16,788.8976440429688,797.814399786539,776.2656442699819,788.1545952370855,59384
2015-12-17,800.4615478515625,829.7195417184429,787.2257887213071,792.2414674891689,112955
2015-12-18,809.0067138671875,812.8613609552349,789.6871618891539,802.5049377511481,114250
2015-12-21,817.4590454101562,826.6544376741645,803.4338074024182,818.2950107763359,38756
2015-12-22,815.5084838867188,818.2485294247637,808.0778826667943,817.3661341916999,10540
2015-12-23,815.2763671875,819.2238745193677,810.8644472283537,817.3662240102534,15163
2015-12-24,826.1900024414062,835.0138417030064,822.9391142923956,830.3697157758484,43110
2015-12-28,829.3015747070312,837.5681418385019,825.5398439055614,835.9426977040773,39416
2015-12-29,823.2178344726562,835.9427521491255,822.01037294664,835.9427521491255,20222
2015-12-30,824.51806640625,840.633159484537,821.8708808123591,821.8708808123591,45342
2015-12-31,829.1159057617188,835.0139235912206,826.6080661769164,833.0169265703049,20953
2016-01-01,841.5156860351562,849.9679732295308,826.654481866765,829.16232140838,20848
2016-01-04,822.7533569335938,842.4444626580666,815.2298954341024,842.4444626580666,40185
2016-01-05,813.7437744140625,833.0633848615747,810.0284734343093,831.2521642957462,29739
2016-01-06,800.8795166015625,819.6882266174299,798.7896599331328,814.5796880946017,29105
2016-01-07,779.0057373046875,798.8361334304656,777.4267230642079,798.8361334304656,136578
2016-01-08,782.3495483398438,794.1456411311018,780.2132614621352,793.2168158198374,27529
2016-01-11,756.0172729492188,791.3590600068673,747.7971360225813,774.7330664688244,37635
2016-01-12,744.6390991210938,765.3518876551163,743.0600851020547,763.4942374423613,149136
2016-01-13,744.7785034179688,760.6150192701206,726.2484850486433,753.2308472005502,80014
2016-01-14,748.4473876953125,764.2374172107874,725.4125324462304,725.4125324462304,71313
2016-01-15,734.0040893554688,754.6704493531394,729.3135335930717,745.9859567046713,286700
2016-01-18,743.1529541015625,748.5401851377812,711.4800402598613,734.0504792849991,43624
2016-01-19,760.0113525390625,780.2133041647571,730.0567346113085,742.1314643186201,34061
2016-01-20,761.5437622070312,782.9996004687476,738.4159933246196,748.6330699618156,133735
2016-01-21,760.8472290039062,766.9310230755165,745.8466784850018,761.8224841817836,99063
2016-01-22,743.5244750976562,767.2095145917103,739.5305385996008,761.7294239539474,77261
2016-01-25,747.98291015625,757.9213509741335,744.917798383891,752.3483998640295,10271
2016-01-27,749.7941284179688,755.6921456492272,743.0601458462372,747.7042717577763,11519
2016-01-28,750.8157958984375,754.8562193616614,741.202478162574,743.1529883234485,26898
2016-01-29,763.4014892578125,766.1879649844755,744.4998615640195,753.2308415172942,21222
2016-02-01,776.265625,789.501383487885,756.9925029913251,770.5533276077804,40960
2016-02-02,779.4701538085938,788.9441826077053,773.2470133539131,783.6962973181552,42257
2016-02-03,745.0107421875,779.284418053623,739.2055841269098,779.284418053623,42037
2016-02-04,757.735595703125,761.776019385077,743.9889939202011,752.3484208181809,11106
2016-02-05,754.345458984375,762.5655398742216,744.917859901493,752.4413218450477,8968
2016-02-08,750.3514404296875,763.5407700523529,726.4341907237005,757.9213887411836,177561
2016-02-09,734.0504760742188,744.9177412435247,729.127714309435,733.7718398782849,107573
2016-02-10,740.7380981445312,754.2060635653409,719.8395311122404,733.7719091337676,408997
2016-02-11,728.1526489257812,746.7755859690225,720.8613358690703,742.1314591906082,15032
2016-02-12,712.5484008789062,727.2702602262426,687.330769562477,720.7684826763273,22323
2016-02-15,681.5255126953125,723.5548543640864,678.0424180818782,713.3377768313458,30324
2016-02-16,683.290283203125,695.6900769856856,660.9519917201507,687.3306501594224,24054
2016-02-17,687.7486572265625,695.8758780402882,651.9424557225755,682.6865483529575,212545
2016-02-18,682.8258666992188,710.0404336509868,675.2559186623027,695.6900730097176,17206
2016-02-19,691.9747314453125,693.8323817310717,679.9000045878774,687.284175811968,16077
2016-02-22,692.9964599609375,696.7582473787099,679.4356346993832,691.9747749159815,9214
2016-02-23,721.929443359375,731.9143150430202,680.8289250336724,680.9682715010052,32146
2016-02-24,724.3907470703125,730.985382867051,708.0433906434455,721.6971314964405,17066
2016-02-25,748.5866088867188,766.1878560628022,705.999943570434,729.1277114902779,187027
2016-02-26,715.6134033203125,756.9925556044168,709.343833074509,756.9925556044168,46525
2016-02-29,749.6082763671875,756.9924471592693,701.2629418469304,716.1241432635542,37630
2016-03-01,742.735107421875,751.9304430552259,739.0198065540179,740.3201278431725,21962
2016-03-02,774.407958984375,783.9284166510495,743.2923168542682,743.2923168542682,33010
2016-03-03,768.5565185546875,786.7150421322923,757.3641848424809,775.8013446765019,64147
2016-03-04,774.6866455078125,780.1203069338923,760.2434250086443,764.4231384020944,32823
2016-03-08,771.2965087890625,823.1713762251316,766.1879699239136,790.430286225768,28223
2016-03-09,770.4605102539062,779.2843497324019,756.9925447340971,770.9249228580376,14249
2016-03-10,767.4881591796875,782.5351369494343,746.775371047294,782.5351369494343,49511
2016-03-11,766.6986694335938,771.435654639309,757.0388659779985,761.6365614370653,36729
2016-03-14,798.882568359375,812.629227300508,767.2096502680481,767.256080191972,165683
2016-03-15,816.9946899414062,828.5121460380647,798.7897372115871,801.5762130390693,81110
2016-03-16,836.9644165039062,844.3021587114598,809.9820541231086,818.295051512427,35527
2016-03-17,881.6038208007812,892.787344975331,838.8599333769633,861.5113551832017,60788
2016-03-18,876.912353515625,896.5783155101662,857.720270123362,896.5783155101662,58939
2016-03-21,882.97802734375,888.0485052758246,871.9366327147904,874.7799043432083,35972
2016-03-22,902.3121948242188,928.8020190805627,871.9365893409364,871.9839656297514,42844
2016-03-23,889.1384887695312,922.1678058507609,879.5661058200077,916.4812623408899,34102
2016-03-28,942.26025390625,1018.5546534205561,876.675441723674,876.675441723674,106854
2016-03-29,912.1689453125,941.1229167302153,900.4167326799841,921.2200151679449,58838
2016-03-30,899.4688720703125,932.5929945749743,892.7871960260425,932.5929945749743,138711
2016-03-31,890.7023315429688,923.7790856611651,881.4143212326167,894.6829239178388,57387
2016-04-01,910.2734985351562,926.859251069804,887.9538259792616,888.9963358571196,77812
2016-04-04,907.5249633789062,913.638009346847,896.5783784669266,896.5783784669266,24011
2016-04-05,901.4593505859375,914.5857656380966,898.5212683407466,909.3731006525945,16547
2016-04-06,901.7909545898438,907.8566236657825,890.8917470461935,890.8917470461935,10759
2016-04-07,900.464111328125,905.1081448434124,895.6305726460993,904.1130113319966,33944
2016-04-08,900.3694458007812,905.0134797650968,891.8870062947234,905.0134797650968,75693
2016-04-11,905.9136962890625,914.5856978058249,895.6305538098493,900.3693398088432,59527
2016-04-12,925.9589233398438,942.4024900885922,903.9235651334452,905.9138324134807,25724
2016-04-13,937.047607421875,963.8691261070763,928.7547314597934,938.2796802812247,41567
2016-04-18,977.516845703125,989.4585638523941,928.8021001679562,942.9710825510451,45897
2016-04-20,968.60791015625,984.719783417166,961.9736094017551,977.5168514508906,35603
2016-04-21,956.9978637695312,978.227648877373,949.7001215233038,975.2421904618446,12595
2016-04-22,936.6685180664062,965.717302141301,928.8495204245014,953.4912099626258,11652
2016-04-25,935.7207641601562,942.9237542975635,928.849523783332,928.849523783332,6722
2016-04-26,927.3804321289062,936.3841256447209,914.8226490673753,934.5359875116466,56702
2016-04-27,941.0282592773438,947.757313061474,919.2772173732798,924.0633802349371,65625
2016-04-28,970.3139038085938,980.7392918652633,936.1946413026313,944.0136389602478,27466
2016-04-29,939.1326904296875,971.5933765279009,929.0390524897404,969.5556752838606,95367
2016-05-02,964.2008666992188,969.555718586617,937.7584727184019,938.0901646350308,25283
2016-05-03,952.0695190429688,971.4511660719504,945.8617207217625,950.6005068977231,12918
2016-05-04,943.2554321289062,966.7124247892333,939.1327111029694,951.406121591465,31090
2016-05-05,928.2333984375,955.4814171630904,919.4192104507989,943.4922657852278,18315
2016-05-06,915.6282958984375,931.6454172584758,912.2163927886907,924.0633589288036,11604
2016-05-09,916.7656860351562,936.3842750265756,914.5858556686694,916.9552490771374,15287
2016-05-10,925.2005615234375,930.6975415437018,908.4252480342548,930.6975415437018,10270
2016-05-11,914.7279052734375,933.4934866858167,911.8371994712734,925.0110479859063,8344
2016-05-12,921.9783325195312,930.6977116521749,909.7996737897773,909.8470500876658,9119
2016-05-13,921.6939086914062,928.802087935813,909.4678172524224,925.05843529779,15670
2016-05-16,903.165283203125,923.8737559826682,900.3693877455602,923.1629380449743,13230
2016-05-17,890.7969970703125,914.1118005714798,888.0484781083219,905.1081073569343,25556
2016-05-18,888.6171875,898.9003885212916,887.1007990163549,898.4738861832312,14920
2016-05-19,908.6622314453125,912.5006366033675,884.7787380169003,885.7738715250613,8921
2016-05-20,884.1627807617188,927.7596152034201,879.5187469978019,886.1530478911043,14968
2016-05-23,882.2197265625,895.5357608971799,878.5708846462072,894.6827563171732,22851
2016-05-24,880.2769165039062,888.5697923874555,873.6899920899563,887.1481565217043,3512
2016-05-25,871.6050415039062,905.1082395899107,866.2975658099197,885.2053358921221,80361
2016-05-26,888.1906127929688,907.9513257097408,877.6230977110856,886.1529118357074,104485
2016-05-27,888.9014892578125,900.32195179741,888.0484846504949,897.5260565250999,57272
2016-05-30,890.1810302734375,900.2272343596372,886.7216930432716,892.6926102182445,24163
2016-05-31,892.0292358398438,909.4679364980376,888.0486433717552,891.8396727991693,34745
2016-06-01,908.33056640625,928.8020997519747,891.8395672108246,905.0607923429229,56722
2016-06-02,949.2261962890625,969.5555994599436,907.9987587753699,914.5856827750201,150458
2016-06-03,951.2164916992188,958.7511148038272,938.3269596840622,957.2347264945175,39219
2016-06-06,945.24560546875,957.1873807095195,939.2273704816633,954.0597935678327,25189
2016-06-07,948.2784423828125,969.5556028114664,940.6963848828206,945.4351708203155,122060
2016-06-08,958.41943359375,967.9917578265163,947.8519180600222,947.8519180600222,45867
2016-06-09,975.810791015625,989.4585178486933,945.9564391839833,949.7000916972529,207430
2016-06-10,973.4888305664062,985.0514221226406,958.0877760751423,971.4511294489587,67454
2016-06-13,964.2955932617188,966.7123625989141,946.193395685539,957.3295429997912,20007
2016-06-14,992.680908203125,996.0928109631585,955.3392516183291,957.7560208938952,55313
2016-06-15,999.0783081054688,1007.8923809371462,992.3492549045912,992.3492549045912,36428
2016-06-16,989.5059204101562,1024.4307490140936,981.0234243160374,987.1365274832539,86618
2016-06-17,980.9761962890625,1004.9070670564644,967.8023472626601,996.0928782787856,12095
2016-06-20,964.248291015625,981.8291193481061,953.9650897002211,980.6444227343394,9500
2016-06-21,963.6795654296875,969.6504245675976,943.6819104854062,957.2822039576741,29423
2016-06-22,954.5811157226562,967.0915230175585,951.6430335337369,959.4620308622369,24133
2016-06-23,945.1982421875,963.3478156714788,940.7437717866962,952.4959841828795,10923
2016-06-24,927.7120971679688,947.7571847643377,919.2770929314709,925.9587695147579,36046
2016-06-27,926.053466796875,944.3926019348784,919.3244143254656,928.3281070430861,14519
2016-06-28,923.7315673828125,934.441212049041,919.2770970252815,927.4751620020966,21520
2016-06-29,928.9442749023438,942.9710703790074,920.7935279920517,929.4655298111011,36848
2016-06-30,975.0053100585938,981.7817978065982,923.7790402099943,937.2845815643904,54036
2016-07-01,986.3309326171875,993.6760513703647,976.0952236414778,976.1899762287203,32309
2016-07-04,984.2933959960938,1001.6847194150357,976.1900247561003,979.0332966728657,18833
2016-07-05,974.863037109375,987.4682542025438,967.2336031848052,984.2932907070518,4879
2016-07-07,969.8873901367188,985.5728194106626,952.4960671732065,952.4960671732065,12096
2016-07-08,965.1959838867188,970.4086486393844,952.5907664803373,970.3612145007882,15537
2016-07-11,958.2772827148438,974.2944025490494,953.8702464384562,969.5556165444334,14030
2016-07-12,951.406005859375,964.8167928674018,947.7571639168975,964.7694165785072,13799
2016-07-13,959.0355224609375,975.2421472504021,937.5214227064229,956.4291901918037,32202
2016-07-14,953.8702392578125,966.712337664346,940.1751362382658,952.5433560479051,22577
2016-07-15,945.672119140625,958.0877731232346,938.3743771579474,952.4959825250314,12541
2016-07-18,947.994140625,956.4765791461575,939.5117021038424,947.3780753055354,37912
2016-07-19,965.9542236328125,976.189990605784,949.8897262957738,956.7609665209117,52408
2016-07-20,970.59814453125,983.4876195669551,955.3866527404298,972.3989063853825,55730
2016-07-21,978.417236328125,985.4306635642309,967.5654614004224,971.4512432347552,93269
2016-07-22,970.1716918945312,985.6200650134941,928.8020665078972,985.5727465687694,254061
2016-07-25,981.2130126953125,985.6674249732762,967.8969786095753,980.9286392762892,92436
2016-07-26,983.2982177734375,990.453831804086,952.4961049275227,952.4961049275227,12226
2016-07-27,979.9810180664062,990.3115954573557,967.5654209567814,990.3115954573557,10459
2016-07-28,974.3418579101562,986.6152676522534,971.4985862454523,981.8290474061271,4520
2016-07-29,975.2420654296875,983.7244452803718,971.451036992643,983.7244452803718,7111
2016-08-01,986.4730834960938,990.4062991144347,971.640659801374,981.8290499597282,6318
2016-08-02,964.7694091796875,993.249500167675,953.633262589067,990.4062286977294,17112
2016-08-03,978.559326171875,985.6675052966102,963.7743367310297,966.7123609639831,12471
2016-08-04,996.1403198242188,1002.442813083116,979.1754416392396,979.2227600866822,52460
2016-08-05,1001.7318115234375,1004.6699510613141,987.7998285564277,1004.6225169295402,12802
2016-08-08,991.6385498046875,1010.3093231007234,985.7150664375397,1001.6373203126121,7193
2016-08-09,1010.8778686523438,1018.3651741321718,992.3018495266485,995.1451213017965,12454
2016-08-10,1047.74560546875,1055.8015418292061,1002.7271375720827,1014.1002241986092,63565
2016-08-11,1090.9632568359375,1099.3983187998147,1042.7698278099106,1056.4648726591336,112005
2016-08-12,1114.041259765625,1124.182332180003,1072.8612518103628,1090.86864031248,81133
2016-08-16,1152.662353515625,1165.741450209824,1038.7419751463146,1118.3535863801565,135417
2016-08-17,1185.9759521484375,1208.390433125007,1154.4157067226304,1158.0645488134633,61409
2016-08-18,1234.9276123046875,1246.300698526987,1172.612577378338,1179.9576955635732,71830
2016-08-19,1208.1060791015625,1259.5693422988827,1172.0913048296607,1232.0843829861155,75156
2016-08-22,1157.5909423828125,1199.8609004119548,1148.6819994465159,1199.8609004119548,37384
2016-08-23,1142.3319091796875,1175.2190409019086,1114.1361297709523,1165.64671540091,79847
2016-08-24,1137.7352294921875,1161.002717995348,1128.778969087722,1161.002717995348,16282
2016-08-25,1124.8931884765625,1148.4923689299512,1118.3536398169922,1137.3562203978754,11688
2016-08-26,1115.2733154296875,1134.4179651131162,1104.8005518076752,1124.8930744098989,18514
2016-08-29,1185.9759521484375,1194.1266409509124,1118.3534988921633,1118.3534988921633,83064
2016-08-30,1217.8206787109375,1227.2982515736026,1194.221614837324,1202.7039962721979,55931
2016-08-31,1214.59814453125,1221.042823325137,1204.4570742560832,1216.304037876836,21927
2016-09-01,1186.0235595703125,1227.2983223517112,1169.532558699636,1209.3383670184244,26069
2016-09-02,1177.7305908203125,1218.7684110601667,1171.1436083997187,1194.1741562619816,18004
2016-09-06,1193.8896484375,1246.3006656742377,1170.85921886024,1177.7304582717518,48465
2016-09-07,1165.978271484375,1221.659005847071,1157.5432094380612,1179.9576898988391,19367
2016-09-08,1138.73046875,1179.3418485127138,1128.8264506090397,1164.6990435687987,17580
2016-09-09,1158.8701171875,1165.7413568927623,1142.3318003120414,1163.1824587280096,32707
2016-09-12,1124.5615234375,1151.619926208208,1119.7278684259336,1138.3040049332853,14072
2016-09-14,1101.8623046875,1135.6973002200984,1094.7541269318697,1124.561155069611,17162
2016-09-15,1095.7493896484375,1116.4578590568588,1089.920660369599,1111.576886873994,20582
2016-09-16,1111.6246337890625,1131.622291002339,1091.8164817711008,1108.8286801534268,44632
2016-09-19,1114.041259765625,1146.2650076115194,1104.0898082249812,1136.2662376222133,7773
2016-09-20,1097.6925048828125,1120.5335493306582,1092.0059608429574,1120.3913625910548,7621
2016-09-21,1099.3983154296875,1108.828452978797,1094.659529587318,1108.828452978797,25340
2016-09-22,1094.4227294921875,1134.1811014892323,1088.0253677913238,1134.1811014892323,12549
2016-09-23,1130.76904296875,1155.3159765190367,1089.2099146960647,1089.920732565129,23349
2016-09-26,1139.9625244140625,1156.4060903972345,1121.2443177768803,1153.3731976275442,46164
2016-09-27,1182.421875,1211.2337173943056,1130.7691069264556,1156.169046494874,46437
2016-09-28,1215.6881103515625,1230.567967760724,1179.9577103007857,1184.6964962859295,71546
2016-09-29,1217.6309814453125,1244.310367983553,1179.9576352593222,1204.5993208149384,86259
2016-09-30,1222.08544921875,1243.4574199004958,1176.2140942707354,1176.2140942707354,39981
2016-10-03,1242.8890380859375,1257.6740299184892,1204.599617201507,1218.8159777506987,57960
2016-10-04,1251.3238525390625,1286.1064948097699,1222.7015162527632,1248.1962075640877,336406
2016-10-05,1239.66650390625,1269.9947364177178,1232.1318799188923,1269.8052312417315,31982
2016-10-06,1236.112548828125,1249.0494600568259,1216.9204621010638,1236.8233668550533,37048
2016-10-07,1227.5823974609375,1246.300600394621,1222.6541067631956,1246.300600394621,48927
2016-10-10,1194.1741943359375,1230.2364057675004,1181.3794708251953,1230.1889716254339,61637
2016-10-13,1211.8499755859375,1226.3505938269752,1184.6967039918372,1212.134233379073,46345
2016-10-14,1214.2191162109375,1222.6067439904086,1199.33925929075,1212.27616774367,9524
2016-10-17,1216.30419921875,1222.6068078396281,1196.0696058090004,1208.6273889127795,8096
2016-10-18,1204.2203369140625,1216.920307183712,1197.9651622120032,1216.920307183712,9360
2016-10-19,1222.511962890625,1244.4525639075582,1199.8605440158624,1210.2384384629659,42953
2016-10-20,1195.121826171875,1241.5144947171211,1170.622325752554,1241.5144947171211,95403
2016-10-21,1184.5545654296875,1203.6044660661103,1173.371097504947,1195.4064570954683,16238
2016-10-24,1196.116943359375,1212.9396325739137,1189.435209253298,1195.1691862205278,30884
2016-10-25,1188.0137939453125,1203.5570370445914,1184.6966433439495,1203.5570370445914,18333
2016-10-26,1183.79638671875,1192.278768884713,1179.9579231013256,1184.7441440867028,13432
2016-10-27,1197.6807861328125,1211.04425586297,1173.3709053143443,1182.8484777794074,28327
2016-10-28,1225.2606201171875,1232.08442604577,1186.6395121469066,1211.0442613551209,22086
2016-11-01,1226.1134033203125,1241.5618914530019,1214.0769335506072,1230.3309921383848,12395
2016-11-02,1224.17041015625,1236.8229435667818,1203.5092603006935,1222.6065878936004,17174
2016-11-03,1215.2142333984375,1232.0369236684755,1213.129213839358,1232.0369236684755,3924
2016-11-04,1180.8580322265625,1214.0769682277207,1175.2189231868647,1214.0769682277207,13308
2016-11-07,1173.8446044921875,1212.1813329756296,1159.1069352847499,1187.065769782624,19640
2016-11-08,1213.4609375,1218.9579756713808,1175.2189566851791,1197.4912514288096,17965
2016-11-09,1177.9202880859375,1221.659316223551,1137.3089057162615,1185.6445342092027,115513
2016-11-10,1184.3172607421875,1207.3951232169802,1178.0620869588831,1194.173957818337,9936
2016-11-11,1156.4061279296875,1188.4402562288521,1151.5251545475255,1188.4402562288521,111699
2016-11-15,1170.9541015625,1215.024814409652,1130.6744177774685,1157.4485605286955,60126
2016-11-16,1143.56396484375,1203.6518023683018,1134.5602702591052,1191.330957147209,17852
2016-11-17,1175.3612060546875,1184.6965920615269,1137.308728379066,1160.2918422650596,137978
2016-11-18,1174.3662109375,1196.0698792704784,1140.1521907784354,1170.4804286046283,37769
2016-11-21,1161.6187744140625,1175.219068723996,1156.2164883113671,1174.3660640032513,25464
2016-11-22,1166.12060546875,1179.0100816146776,1150.5773626046773,1178.062324314344,67308
2016-11-23,1134.1336669921875,1184.69649004887,1122.049762793689,1184.69649004887,150685
2016-11-24,1142.85302734375,1183.7487747667292,1122.1445551031284,1146.7862429685688,159655
2016-11-25,1203.0831298828125,1208.3905475806393,1137.3561848059537,1137.3561848059537,333752
2016-11-28,1258.100341796875,1284.116348274451,1199.1498858794957,1208.3905192620882,43483
2016-11-29,1255.63623046875,1274.7335631217825,1230.236404351732,1262.8865969217659,294932
2016-11-30,1265.0189208984375,1270.9424033900016,1237.7709014372424,1260.5170742048488,16361
2016-12-01,1251.1341552734375,1284.210902013721,1236.917798424577,1269.9945451648605,74613
2016-12-02,1225.449951171875,1253.8826646561413,1216.2093192894883,1253.8826646561413,7333
2016-12-05,1201.5665283203125,1241.5618326837616,1195.121733598644,1241.2774592693024,15471
2016-12-06,1194.885009765625,1216.87293273415,1185.7391287295468,1211.6602676112384,139968
2016-12-07,1201.3770751953125,1217.868074596942,1179.7208450229912,1217.868074596942,23648
2016-12-08,1203.0831298828125,1227.867006212974,1177.3514962604308,1201.3771204796049,76295
2016-12-09,1218.247314453125,1224.3603030514194,1194.221688894966,1203.6518282009008,108412
2016-12-12,1201.3297119140625,1213.1292430398594,1193.2263413962366,1213.1292430398594,7544
2016-12-13,1201.3297119140625,1208.3904569342349,1185.739036210746,1203.6516708286106,18202
2016-12-14,1198.628662109375,1222.606969098363,1186.355250828586,1200.8085502694773,27178
2016-12-15,1210.1910400390625,1226.3976629878593,1175.218780606604,1197.9649505538287,357422
2016-12-16,1248.0067138671875,1276.439429562585,1191.2360350567737,1223.554532091939,59791
2016-12-19,1220.0953369140625,1237.8184678383939,1200.808498999286,1227.3931375392683,48225
2016-12-20,1234.0745849609375,1243.4574040600544,1210.428089903312,1210.428089903312,22086
2016-12-21,1237.3443603515625,1246.3006189022115,1222.6541249196353,1234.0745288557478,77126
2016-12-22,1217.7733154296875,1246.016412104833,1212.1815245079733,1236.82321304371,13497
2016-12-23,1208.580078125,1241.562078863628,1194.8850312422283,1241.562078863628,20016
2016-12-26,1197.53857421875,1202.5616176184958,1188.4874473022032,1198.9127757873102,6382
2016-12-27,1197.3018798828125,1205.5473223670722,1186.6869283832573,1203.6518077092624,10053
2016-12-28,1205.7841796875,1217.8206506687147,1192.9894566175205,1192.9894566175205,12725
2016-12-29,1193.2264404296875,1211.233829125608,1187.3029573060294,1194.221631871674,10367
2016-12-30,1228.38818359375,1246.0638799485876,1191.4730839314304,1213.129314572498,29201
2017-01-02,1250.3287353515625,1255.7783394662272,1210.5703655226519,1241.561980906232,20728
2017-01-03,1224.881591796875,1248.1963988880684,1222.6069510748735,1247.0591363735841,19742
2017-01-04,1232.037109375,1255.6837244529793,1214.4088459678696,1224.502484789923,66996
2017-01-05,1226.255615234375,1235.780621256257,1216.9202300660077,1232.0369109457738,15424
2017-01-06,1205.21533203125,1239.6662792683403,1203.65150968715,1239.6662792683403,51327
2017-01-09,1216.4937744140625,1236.4914277693144,1192.136345477302,1213.1291901485538,32926
2017-01-10,1224.312744140625,1234.2641943090457,1201.7560774816664,1216.4937475797228,36718
2017-01-11,1247.296142578125,1251.8927427190729,1224.597283977691,1224.597283977691,26252
2017-01-12,1323.7801513671875,1363.8229016054288,1243.6472167433833,1247.2487411485367,359459
2017-01-13,1282.410400390625,1339.512778646213,1255.1150591216153,1331.59902820085,160092
2017-01-16,1282.6473388671875,1307.9050944456317,1255.7784421307695,1296.2476331961861,48808
2017-01-17,1278.6666259765625,1295.5840685464852,1269.9946246176228,1284.495355787851,24303
2017-01-18,1270.80029296875,1293.1673410611802,1260.5171498846119,1265.2559361623737,27578
2017-01-19,1316.861328125,1322.1214273929147,1270.942533429318,1270.942533429318,67825
2017-01-20,1296.768798828125,1326.8600901585053,1290.5609428433902,1317.3825180859446,89902
2017-01-23,1283.5001220703125,1302.313078383876,1265.255796908892,1302.313078383876,40070
2017-01-24,1301.2708740234375,1309.6111851887856,1270.5161935256635,1309.6111851887856,45495
2017-01-25,1325.154052734375,1329.5138283494753,1282.4102267344986,1301.2706178965107,303762
2017-01-27,1324.1116943359375,1334.821398051745,1298.4749289098065,1322.3109323359747,48916
2017-01-30,1291.603515625,1329.703307524916,1280.7516266288922,1329.703307524916,21096
2017-01-31,1283.59521484375,1297.0060052267563,1270.9426766599051,1282.3157654890767,17975
2017-02-01,1273.97509765625,1298.5220306504364,1269.2837461039119,1287.480636862508,17562
2017-02-02,1232.463623046875,1287.7178045343574,1226.3979531538757,1286.9596681058765,37234
2017-02-03,1297.2900390625,1306.9571157590021,1239.7137919396869,1241.5144379784188,37059
2017-02-06,1312.2646484375,1326.8601330395393,1289.0920302484112,1302.2184448545192,23537
2017-02-07,1308.3314208984375,1322.1213348618394,1300.3703527268046,1322.1213348618394,15763
2017-02-08,1285.917236328125,1303.3085607996547,1283.3109035800117,1303.3085607996547,9402
2017-02-09,1272.4114990234375,1302.2184172457783,1269.757732536413,1294.2572334777242,15939
2017-02-10,1295.5367431640625,1301.839352095699,1255.778372295758,1292.93041069326,16336
2017-02-13,1311.364013671875,1324.5851777209439,1290.845051209715,1298.4271073107998,110052
2017-02-14,1339.7493896484375,1366.6657139494264,1308.852531875283,1321.2208080880182,112264
2017-02-15,1374.7691650390625,1383.7728578647063,1340.1760294457993,1341.0763524511597,120482
2017-02-16,1468.9290771484375,1499.2573110527633,1363.6805816501194,1383.725671884866,302358
2017-02-17,1427.1329345703125,1477.9327007878705,1393.2031782380532,1477.9327007878705,74492
2017-02-20,1397.8165283203125,1439.6764748645273,1382.6595847708827,1430.9339314506324,80344
2017-02-21,1406.98681640625,1411.2630833103626,1379.0485160991482,1401.5702580615064,206734
2017-02-22,1408.3173828125,1411.2157881991905,1395.1560053703915,1411.1206672347669,26241
2017-02-23,1402.3306884765625,1412.0710761112373,1392.9229922449965,1412.0710761112373,71455
2017-02-27,1405.4664306640625,1411.1681200379533,1379.096117309818,1401.665304414802,41174
2017-02-28,1407.319580078125,1411.2158276908867,1393.3980465392788,1406.4168589002486,27653
2017-03-01,1404.8011474609375,1411.1679869274203,1393.1126389465308,1411.1679869274203,38297
2017-03-02,1396.438720703125,1409.2675214717485,1382.659638396085,1384.0850607037098,38382
2017-03-03,1372.1116943359375,1405.7516878652843,1365.5547277664684,1397.9593087533146,20440
2017-03-06,1387.031005859375,1392.06754476054,1363.7491065637046,1373.1569176425976,57974
2017-03-07,1403.9935302734375,1411.1682028906237,1368.4055300757564,1387.4111624379198,35520
2017-03-08,1400.382568359375,1409.4576884619698,1391.212327291406,1404.5162703119522,93456
2017-03-09,1391.9249267578125,1408.9824345033107,1381.7093999015938,1392.9702132824013,25259
2017-03-10,1381.044189453125,1415.0641985156662,1354.1511758412166,1405.4188178173365,51431
2017-03-14,1405.5616455078125,1411.1683307629326,1380.7593162279736,1383.1350204885173,28021
2017-03-15,1406.0841064453125,1411.1680894934227,1392.1624586584946,1411.1680894934227,10842
2017-03-16,1420.7659912109375,1448.7042933381256,1387.4111303861353,1387.4111303861353,65512
2017-03-17,1429.12841796875,1435.0201170617117,1388.8364578457265,1431.694131702519,45675
2017-03-20,1448.942138671875,1471.9864717512605,1421.906668531795,1429.0812263434236,71117
2017-03-21,1437.3485107421875,1458.9674175973487,1412.4036182170016,1447.0888973472602,28864
2017-03-22,1431.7891845703125,1449.1793835736635,1395.678485176346,1444.4279757586678,59542
2017-03-23,1426.7528076171875,1449.2269905026894,1412.118447877709,1443.4777404618037,17386
2017-03-24,1432.9295654296875,1450.1296382002438,1411.7382405679728,1443.4776673828114,59011
2017-03-27,1409.1727294921875,1441.7198771019382,1380.1415777054992,1414.209152806272,91364
2017-03-28,1453.7882080078125,1591.721598374662,1395.773588903573,1408.3172589798503,57713
2017-03-29,1479.0181884765625,1510.7576146067806,1455.4511602598209,1487.1905863900388,129364
2017-03-30,1476.16748046875,1509.9499222018271,1452.6480105528265,1479.0183253070438,77877
2017-03-31,1508.9046630859375,1567.9646895942215,1454.691165691885,1476.1675073309405,86814
2017-04-03,1509.760009765625,1520.450678599528,1475.787439915667,1484.1974095314342,49528
2017-04-05,1495.8858642578125,1513.7986499410606,1486.2404824280093,1501.4449886421064,47472
2017-04-06,1493.510009765625,1501.4448374468357,1483.86462890711,1487.238174784118,54659
2017-04-07,1471.7010498046875,1493.8902176985343,1464.4789329318544,1493.8426572186381,22448
2017-04-10,1458.444580078125,1490.991722523263,1450.129616679732,1490.991722523263,15316
2017-04-11,1458.4921875,1472.2237096680033,1449.2743867495305,1458.729757890458,22607
2017-04-12,1470.6082763671875,1472.6038444453814,1449.2743857185385,1472.2712690992103,10186
2017-04-13,1452.79052734375,1467.4723313688276,1448.4666997499985,1460.677794864862,8296
2017-04-17,1448.942138671875,1465.7620797149077,1436.8260460218887,1444.428300233645,9077
2017-04-18,1414.8743896484375,1468.1376071989298,1407.3671413189513,1468.1376071989298,36365
2017-04-19,1439.3441162109375,1458.6823244785446,1389.3117644219103,1396.9615780615031,35671
2017-04-20,1453.5032958984375,1473.8867902136892,1427.845692200327,1444.5230650033943,32760
2017-04-21,1445.9483642578125,1453.6456215113192,1433.9748400855615,1433.9748400855615,11465
2017-04-24,1463.10107421875,1475.6923052946408,1445.4258598332053,1445.4258598332053,16445
2017-04-25,1457.0191650390625,1472.9363807667025,1444.4754951646116,1463.4335654069175,21474
2017-04-26,1455.59375,1469.13526195528,1430.2212792632047,1459.6324465480661,25173
2017-04-27,1435.3529052734375,1459.395077978885,1423.807075757961,1458.064660437662,24073
2017-04-28,1432.074462890625,1463.433757698449,1368.3105866482856,1420.7186434440212,96027
2017-05-02,1464.3837890625,1472.9363225482641,1433.072060090083,1452.9328506060965,21192
2017-05-03,1453.218017578125,1472.8413542084627,1435.8753798009136,1472.8413542084627,22207
2017-05-04,1459.8701171875,1466.1895130675048,1441.7197617135075,1455.2137141179612,14898
2017-05-05,1462.863525390625,1472.9364871996265,1453.9308551067281,1472.8414822393966,31059
2017-05-08,1430.31640625,1460.6304131856018,1418.1053106101263,1454.3584616807932,19075
2017-05-09,1418.0576171875,1434.9251143931144,1387.3634772804799,1424.2820076272203,44627
2017-05-10,1447.7061767578125,1468.1847876724084,1430.1735310336405,1436.5403701201744,53366
2017-05-11,1433.78515625,1467.662607965309,1425.6602008561426,1447.7066911394606,28576
2017-05-12,1412.3082275390625,1442.5272236846968,1402.6154032665431,1433.0244092994221,18183
2017-05-15,1434.49755859375,1455.166182283064,1408.3172555201527,1416.9173499384715,45922
2017-05-16,1430.791259765625,1449.1791822549908,1411.2154854875255,1438.0609359129048,58085
2017-05-17,1414.8267822265625,1447.2313626230991,1406.464373479714,1434.9252619098395,34533
2017-05-18,1350.5877685546875,1408.3649381411738,1342.7479450960586,1408.3649381411738,93728
2017-05-19,1348.54443359375,1376.672742379356,1332.2946433832444,1371.2561843095734,17868
2017-05-22,1374.7723388671875,1385.3205573862908,1343.6981770708962,1348.4495850520523,18127
2017-05-23,1343.6031494140625,1364.889480010286,1337.0461833105996,1359.7579362770903,35130
2017-05-24,1330.394287109375,1344.6009511319653,1325.4528690148677,1332.3898553398037,20516
2017-05-25,1279.55419921875,1330.3942658048645,1237.266667198524,1330.3942658048645,153523
2017-05-26,1316.80517578125,1325.5478361621165,1267.8656730444682,1282.8801688282606,66075
2017-05-29,1358.9503173828125,1402.4257027871286,1305.1168388130795,1343.7932554936067,50448
2017-05-30,1370.30615234375,1396.9140387970267,1325.595353885183,1355.1492062824443,60447
2017-05-31,1398.8621826171875,1423.5219456218467,1353.011091912078,1370.3061719537402,141637
2017-06-01,1372.0640869140625,1391.2122846606858,1354.1513016676756,1391.2122846606858,40061
2017-06-02,1407.271728515625,1414.9689845463058,1360.1852394125008,1364.0339254284142,16331
2017-06-05,1391.544921875,1423.52192284816,1383.6100932355948,1423.52192284816,33175
2017-06-06,1361.1356201171875,1395.0131772192342,1352.2505117050207,1394.965616745979,21211
2017-06-07,1334.1953125,1380.6165435843998,1319.2283779046475,1368.4054487179487,53625
2017-06-08,1310.1055908203125,1340.847173620523,1285.2557068191052,1340.7996131458708,142988
2017-06-09,1290.81494140625,1301.885744845498,1280.029268837143,1297.1343370175948,119963
2017-06-12,1279.6966552734375,1306.6371136528842,1256.3671971346603,1299.6525675546816,76784
2017-06-13,1282.9752197265625,1293.0007374349939,1257.2226104674867,1293.0007374349939,127416
2017-06-14,1288.1541748046875,1300.9354149868172,1273.4248110849683,1294.283444274686,60283
2017-06-15,1354.388916015625,1361.6110333252782,1288.5819120274953,1291.337752001241,131601
2017-06-16,1351.30029296875,1377.9081749681347,1338.6140581442753,1363.6539524684642,63767
2017-06-19,1311.483642578125,1354.15131058196,1298.0846949157594,1354.15131058196,65460
2017-06-20,1324.882568359375,1331.5345395997415,1314.2394607752578,1314.2394607752578,58308
2017-06-21,1325.6903076171875,1330.3941548356047,1310.4382425130707,1327.1157299259398,16523
2017-06-22,1316.092529296875,1339.8971311117791,1311.3886815136561,1339.8971311117791,26755
2017-06-23,1313.1466064453125,1327.7334058126933,1298.0846662776835,1311.1985987649987,120231
2017-06-27,1280.0767822265625,1308.8227985279168,1257.3174699674369,1300.5078351349632,72429
2017-06-28,1287.4415283203125,1300.9354803279211,1264.397200052999,1282.4525500356362,121696
2017-06-29,1315.474853515625,1320.083696034172,1275.8480415493211,1294.7586684204298,173692
2017-06-30,1325.927978515625,1329.4439740766163,1299.8902391683573,1312.8616063615482,17542
2017-07-03,1322.269287109375,1328.0660976755287,1296.184103566371,1325.9279640736047,17154
2017-07-04,1316.6151123046875,1327.5433503353652,1302.8360295703546,1327.5433503353652,6630
2017-07-05,1343.8880615234375,1358.9025557425962,1297.0866972784565,1316.0923274287027,105791
2017-07-06,1352.203125,1369.3557538831822,1320.8913934057066,1363.178923626249,330556
2017-07-07,1347.404296875,1370.306060116378,1332.2947963128722,1363.6540889507644,87993
2017-07-10,1348.924560546875,1365.3644765475217,1330.3940716911766,1339.8968864889707,2192
2017-07-11,1315.2845458984375,1368.1201718867667,1309.4878521912906,1368.1201718867667,37439
2017-07-12,1353.581298828125,1362.4664096682702,1315.2374548059631,1315.7600401488035,44322
2017-07-13,1364.8419189453125,1383.609980145779,1352.1556830556108,1356.051814332436,26955
2017-07-14,1339.5643310546875,1363.4639338261175,1330.394091438469,1338.1863532878594,19336
2017-07-17,1324.882568359375,1361.2308397799488,1320.9389924963816,1343.6981905540235,14005
2017-07-18,1322.886962890625,1338.899184296117,1314.9996953858356,1335.0980579802176,47501
2017-07-19,1325.7376708984375,1354.1511103796167,1319.6558462200098,1323.742102988636,76565
2017-07-20,1304.2137451171875,1339.8968603882734,1299.9850390150057,1339.8968603882734,47185
2017-07-21,1307.3974609375,1320.8438526660727,1299.4150723628575,1320.8438526660727,9744
2017-07-24,1339.516845703125,1343.6981077109451,1307.6349693959726,1319.2283578710887,89811
2017-07-25,1357.0496826171875,1363.6540933237573,1339.5169175308934,1353.200995744272,18066
2017-07-26,1388.6939697265625,1405.4664628861888,1346.5490046718928,1357.8098182432623,52191
2017-07-27,1358.6175537109375,1390.2619773120146,1336.5710670467179,1390.2619773120146,31655
2017-07-28,1382.9447021484375,1386.2706873714967,1336.095778177456,1358.9500944677968,6511
2017-07-31,1378.193603515625,1389.2642925807681,1360.138251115992,1378.858754308822,9522
2017-08-01,1399.4796142578125,1411.6432646892606,1354.1512300115762,1377.9558296132993,12336
2017-08-02,1352.0130615234375,1399.4795780631198,1345.5986611261203,1399.4795780631198,87553
2017-08-03,1341.7025146484375,1366.504839367178,1332.389709259239,1363.6064343018518,14436
2017-08-04,1370.0535888671875,1377.057978154284,1342.3694355768478,1345.9431154509505,7608
2017-08-07,1372.054931640625,1395.3552796758697,1350.374605407026,1362.7633632547968,21787
2017-08-08,1395.92724609375,1399.929721570027,1355.234869208144,1365.5271151910572,11767
2017-08-09,1366.861328125,1396.0225369698023,1357.9985541864337,1385.4444662349194,5539
2017-08-10,1317.9256591796875,1363.9547100764878,1308.4435402166064,1363.9547100764878,11306
2017-08-11,1322.9764404296875,1333.2209905716786,1286.4772059496472,1286.5249015523705,8806
2017-08-14,1339.939697265625,1361.810576364938,1301.7727412977645,1301.7727412977645,15038
2017-08-16,1333.268798828125,1352.9954691197588,1317.49690865157,1338.9389921558452,32738
2017-08-17,1334.4599609375,1343.7038344007258,1298.5324907440847,1343.7038344007258,185518
2017-08-18,1348.37353515625,1352.280736003995,1324.7395476423444,1347.5158285480259,33738
2017-08-21,1349.0406494140625,1358.4751899587766,1320.880114608319,1331.315215975034,7890
2017-08-22,1319.545654296875,1356.9501724191125,1315.1142677372661,1348.4686151074143,7274
2017-08-23,1271.1341552734375,1328.980193237227,1265.6069332208217,1307.6333876497652,95219
2017-08-24,1282.093505859375,1290.1938477760264,1251.2645807721492,1277.0427742274348,61511
2017-08-28,1248.6439208984375,1286.5249328089224,1240.7818240868273,1286.5249328089224,105536
2017-08-29,1240.162353515625,1251.1216398974518,1217.0049746985567,1235.0639261606623,84036
2017-08-30,1231.3948974609375,1257.935405283538,1225.0575480999912,1241.7347220336744,138366
2017-08-31,1249.453857421875,1264.320343604842,1213.1452903026861,1242.687712925925,178753
2017-09-01,1253.3135986328125,1258.8885169443504,1229.3460914899408,1249.4539771621157,45581
2017-09-04,1252.5511474609375,1256.029553024917,1234.110979641326,1253.3135791544032,33656
2017-09-05,1254.93359375,1263.17690652307,1240.3530474263764,1252.5511401352828,12904
2017-09-06,1241.49658203125,1254.1235862238534,1234.15867141011,1234.15867141011,13118
2017-09-07,1233.20556640625,1249.5967991458804,1227.4399826881938,1241.5441532451644,40162
2017-09-08,1250.88330078125,1253.1704792947785,1233.0149004110774,1241.1152419122222,11239
2017-09-11,1244.5460205078125,1257.9354557930565,1235.111597653955,1250.8833701232206,47330
2017-09-12,1256.649169921875,1261.7475980526885,1238.8760403840597,1250.6930351123362,24512
2017-09-13,1245.88037109375,1258.8885921516262,1232.2528051103934,1249.3587769195926,100036
2017-09-14,1234.539794921875,1256.8872801219977,1229.3937880645503,1245.92799325124,26684
2017-09-15,1245.1177978515625,1260.7942941298809,1234.5873076683754,1238.8280280362187,91659
2017-09-18,1275.422607421875,1285.6671572630198,1257.0301365752837,1257.8877267532102,40142
2017-09-19,1284.7142333984375,1295.7687946418282,1267.51298850747,1276.9951071363732,16490
2017-09-20,1314.2093505859375,1323.405530161272,1276.185360653065,1284.7144996262014,22556
2017-09-21,1316.7821044921875,1338.938922968354,1276.995129379071,1314.2091011369293,16502
2017-09-22,1291.337646484375,1334.1741189866827,1275.089265145844,1334.1741189866827,31959
2017-09-25,1293.62451171875,1302.9637756593165,1276.9950333761083,1291.289753898975,19477
2017-09-26,1271.944091796875,1299.5805494364538,1265.5591636331244,1269.8475794737487,17805
2017-09-27,1280.711669921875,1290.384453968999,1270.3241498564523,1274.946086175305,13708
2017-09-28,1267.3699951171875,1282.8559429648296,1262.700362961597,1277.3762998802795,8731
2017-09-29,1266.2264404296875,1282.999007469246,1251.7411685290651,1276.566382507258,18128
2017-10-03,1320.83203125,1332.172531552129,1266.2261583175493,1266.2261583175493,21770
2017-10-04,1333.459228515625,1342.7031015949801,1300.8196154538705,1312.2553922930254,20404
2017-10-05,1334.2215576171875,1340.4635155303363,1320.1173874007015,1324.6917443170562,38689
2017-10-06,1318.5926513671875,1335.1268543125495,1311.4928706018486,1334.65036364363,7564
2017-10-09,1339.8441162109375,1352.2805696736334,1308.4434264706827,1308.4434264706827,12847
2017-10-10,1330.552734375,1345.609888727337,1324.6442955601972,1335.794132666785,16433
2017-10-11,1359.666259765625,1371.4832528029972,1312.4936788240457,1329.4090992626927,26423
2017-10-12,1324.1201171875,1364.574252227525,1316.0674699320195,1351.3277859258535,21921
2017-10-13,1335.03173828125,1343.70384622121,1321.0228411498595,1325.5971986480163,13415
2017-10-16,1349.6123046875,1355.1396437187918,1324.6919324333576,1333.4116197766564,11597
2017-10-17,1331.5533447265625,1355.33018561665,1313.9231877199843,1329.4091364419787,19369
2017-10-18,1342.512451171875,1356.0924351500112,1327.5982700630746,1329.4566534585201,13162
2017-10-19,1341.368896484375,1357.9983738991298,1334.1261454256648,1353.1381924586888,2365
2017-10-23,1338.986572265625,1348.4686907317616,1331.3150254079653,1348.4686907317616,24941
2017-10-24,1311.68359375,1347.5156703459518,1303.1543406067244,1330.3620055183512,16072
2017-10-25,1318.021240234375,1324.7873862862407,1300.8198759287998,1317.0205630282792,15336
2017-10-26,1315.3048095703125,1324.6440733101151,1304.6314650083077,1311.8740999847203,10287
2017-10-27,1309.8729248046875,1333.1732733334875,1296.5311853014023,1325.0253522209944,10601
2017-10-30,1316.7821044921875,1331.315071449673,1309.5870480891354,1310.3017841690116,12774
2017-10-31,1311.874267578125,1331.3151128210454,1307.4905760848062,1315.7814683367192,24477
2017-11-01,1301.296142578125,1324.5964920077731,1290.3368561338566,1319.8315848580912,15637
2017-11-02,1302.34423828125,1319.7838428307493,1297.007566197867,1299.8665101351144,17820
2017-11-03,1312.3984375,1319.3075530670737,1293.195837864674,1305.5845968125302,17150
2017-11-06,1318.2591552734375,1322.499875772084,1309.2058323983988,1315.3525156075798,5125
2017-11-07,1324.167724609375,1328.4561411338386,1309.2059623785437,1312.3031520906563,5899
2017-11-08,1364.14501953125,1377.0579625287749,1299.485262342324,1316.0671600361509,87026
2017-11-09,1350.374755859375,1394.8789444002116,1336.3659746491664,1373.246311357346,30174
2017-11-10,1335.555908203125,1360.3334277886408,1330.123960057063,1342.226778860764,3551
2017-11-13,1343.846923828125,1349.4218424960152,1319.8794151532352,1319.8794151532352,5031
2017-11-14,1367.814453125,1377.010631936394,1335.3653851027786,1343.8469440887618,26582
2017-11-15,1319.2122802734375,1410.4125593707192,1306.6328552157383,1410.4125593707192,103975
2017-11-16,1338.5576171875,1345.0379370752578,1317.9732427362906,1327.455360893242,27264
2017-11-17,1327.169677734375,1352.6619322541933,1325.549539424387,1343.703883100706,30241
2017-11-20,1325.40673828125,1338.8437543835641,1322.7383435055665,1329.4092141140238,11094
2017-11-21,1354.3770751953125,1360.619149695039,1314.2090035534409,1319.8791961671363,20088
2017-11-22,1378.6304931640625,1391.3527709196817,1350.3745728720473,1365.0505089273463,21397
2017-11-23,1376.6768798828125,1434.236978567897,1359.04672433231,1382.7759839880523,741429
2017-11-24,1373.0079345703125,1399.6437178289189,1362.811080252423,1377.0104098670622,16694
2017-11-27,1359.9044189453125,1377.0580836552042,1348.5163380729834,1377.0580836552042,8920
2017-11-28,1361.2862548828125,1376.105162409196,1357.9985155353909,1368.4813110939097,10979
2017-11-29,1383.776611328125,1392.2104729822247,1357.9984193616347,1361.3338540758562,22726
2017-11-30,1404.2657470703125,1415.0343667741488,1364.717020137173,1380.2982423013113,123584
2017-12-01,1410.698486328125,1419.8470849778312,1383.157299169455,1410.4125453609572,49886
2017-12-04,1410.4124755859375,1414.2244011956293,1400.8826615617081,1410.6984165389595,20809
2017-12-05,1421.133544921875,1428.5191509390718,1393.1158678614584,1405.8858421766947,22279
2017-12-06,1430.568115234375,1448.5317921538183,1411.6990361463902,1412.3184973499729,83691
2017-12-07,1433.1885986328125,1447.4833181158233,1412.3182849214718,1431.4256064960528,17302
2017-12-08,1433.474609375,1439.001948158501,1424.8025016952922,1430.5680858344483,19566
2017-12-11,1455.91748046875,1469.3069170194335,1429.0910280910339,1429.472243955572,25555
2017-12-12,1486.365234375,1490.4631014547788,1455.631580268915,1456.10807103025,43281
2017-12-13,1498.563232421875,1515.2404067095588,1439.001895680147,1485.7456792873495,80785
2017-12-14,1517.0987548828125,1535.586618060675,1479.074888541355,1486.2698286054583,57742
2017-12-15,1572.8482666015625,1578.089664839762,1523.912689952887,1523.912689952887,116144
2017-12-18,1591.9078369140625,1629.360054908806,1517.146487740792,1572.8482076710877,54848
2017-12-19,1575.9454345703125,1620.06852384014,1568.6075236711004,1601.9618756325149,22365
2017-12-20,1572.3240966796875,1600.0081376350236,1559.077631434966,1596.1486326123736,145850
2017-12-21,1573.7059326171875,1597.0539787122866,1551.4538384824975,1572.4194308944232,8272
2017-12-22,1544.3541259765625,1585.7611231959877,1533.1088984023709,1563.8425499787354,24926
2017-12-26,1515.4786376953125,1562.8894612924462,1505.9011283057082,1534.8242062179945,47510
2017-12-27,1514.9544677734375,1523.8172412246747,1506.8065466947864,1523.8172412246747,12612
2017-12-28,1505.901123046875,1518.147026786752,1502.9469040489444,1506.5205842071027,62512
2017-12-29,1477.45458984375,1515.240323052688,1467.5912562900246,1515.240323052688,33630
2018-01-01,1464.39892578125,1486.6033231214528,1457.1085946348167,1486.6033231214528,69536
2018-01-02,1453.6778564453125,1473.3092500950497,1439.954900966119,1473.3092500950497,6918
2018-01-03,1467.3531494140625,1477.121209022112,1453.296673392723,1462.8264876444784,72857
2018-01-04,1498.46826171875,1510.47580637711,1474.7866926893364,1486.4130214490206,10926
2018-01-05,1522.6263427734375,1549.4527979276024,1498.6112531218016,1507.6168826584747,124100
2018-01-08,1502.470458984375,1539.0649681812724,1492.5594291119828,1530.2498901901413,20027
2018-01-09,1483.744384765625,1524.7702816896328,1458.2998272222255,1509.9990695857646,14070
2018-01-10,1532.9659423828125,1548.6425570867204,1477.121252490296,1477.121252490296,40924
2018-01-11,1540.3514404296875,1548.5947526870611,1515.1451292951676,1532.1558237739216,38700
2018-01-12,1563.937744140625,1580.2337027297308,1524.7702320704625,1540.3514546132851,20925
2018-01-15,1493.655517578125,1572.3717655173457,1479.0272749483615,1554.3128127840062,44827
2018-01-16,1500.993408203125,1532.394098959839,1493.3218613619824,1493.3218613619824,25926
2018-01-17,1507.7596435546875,1522.1973359719102,1467.5914516603036,1500.993498439805,30441
2018-01-18,1506.7589111328125,1543.6393621603,1495.03730937784,1510.5708368412406,15986
2018-01-19,1524.57958984375,1541.9238036491683,1481.552459201362,1506.663494171406,29933
2018-01-22,1518.385498046875,1540.0658275654569,1505.758492942646,1529.5353352669879,11442
2018-01-23,1503.6617431640625,1537.77852527845,1496.1808621196128,1518.3853762234937,4796
2018-01-24,1510.33251953125,1540.970894219258,1480.266026736854,1504.1858361515376,14778
2018-01-25,1525.1990966796875,1539.065023141838,1512.6674838282966,1523.8173201261914,40546
2018-01-29,1516.0029296875,1546.0694244877134,1501.8987577650237,1524.7703124518007,63866
2018-01-30,1490.60595703125,1513.620482295562,1474.2623019113332,1513.3822369332622,24070
2018-01-31,1463.636474609375,1496.180813012059,1453.296649581777,1492.3688873738117,27039
2018-02-01,1430.0438232421875,1467.7342830287823,1410.4124302494565,1465.5423793413713,48541
2018-02-02,1361.715087890625,1434.5704662939756,1355.1394932437597,1408.6494198472037,117175
2018-02-05,1382.3470458984375,1399.9295040287282,1302.7254132112128,1353.1857255886043,63534
2018-02-06,1366.337158203125,1382.7760882669463,1334.1263385602674,1361.667525817398,278790
2018-02-07,1377.010498046875,1393.5923985237766,1362.7634719182092,1366.3371523515611,71995
2018-02-08,1372.960205078125,1381.8229782988174,1367.5282578336573,1372.2931646553773,77629
2018-02-09,1378.6783447265625,1386.2546177534023,1342.5127418856189,1352.2808026517787,117059
2018-02-12,1383.204833984375,1410.3172251515873,1359.2850236351944,1379.6311536633598,21447
2018-02-14,1399.167236328125,1405.6475563404979,1372.2932075459776,1396.1177423992062,47441
2018-02-15,1395.8319091796875,1403.2175155542132,1385.5397791271828,1398.8815196747132,10215
2018-02-16,1381.870849609375,1396.1178762855875,1372.2933391476083,1395.8319353076326,22523
2018-02-19,1394.4500732421875,1400.8826978752884,1366.7659162518796,1368.4813293530028,10269
2018-02-20,1373.7227783203125,1388.0175002591295,1370.5303136867924,1385.63504660266,4216
2018-02-21,1392.73486328125,1397.023280328813,1349.4218976331665,1376.534176657123,18004
2018-02-22,1414.7486572265625,1423.7065897862487,1372.2932871238704,1383.7290645165695,37068
2018-02-23,1404.9329833984375,1416.8929478155267,1388.2558070650662,1394.1166665855153,11341
2018-02-26,1381.298828125,1400.8826422065079,1365.0505652366246,1396.4512554803196,24118
2018-02-27,1384.348388671875,1394.2594180304866,1378.3922552028455,1384.6819088799944,23930
2018-02-28,1371.9119873046875,1394.6405702153356,1362.763389216653,1394.6405702153356,22220
2018-03-01,1375.628662109375,1387.0167433998765,1359.8091940066167,1379.774107967007,4580
2018-03-05,1348.3258056640625,1375.1045616274705,1346.1340180878485,1366.8136693947456,6256
2018-03-06,1336.0322265625,1384.6342779393926,1315.3048811223546,1348.3257098828026,8180
2018-03-07,1306.06103515625,1346.9439613105433,1297.484202382513,1346.9439613105433,9001
2018-03-08,1358.760986328125,1380.8701092468473,1296.1500357998536,1332.0775059562052,19746
2018-03-09,1378.297119140625,1386.5880112321902,1341.7978830343118,1367.480686606968,8921
2018-03-12,1375.1044921875,1382.776039143715,1362.7634293421866,1369.4342992760294,11248
2018-03-13,1379.8218994140625,1385.5397882578277,1360.4287496851084,1385.5397882578277,8448
2018-03-14,1357.1883544921875,1371.9118691840956,1343.7036457035563,1371.673623856843,11421
2018-03-15,1370.2919921875,1382.7760253876363,1347.1344974009528,1358.0462043397738,3782
2018-03-16,1283.7137451171875,1362.239325756903,1258.459735976844,1362.239325756903,55385
2018-03-19,1291.2423095703125,1308.4436731457915,1281.8078852538954,1284.1426435280075,61516
2018-03-20,1328.0748291015625,1367.5282815353496,1278.8057382433494,1278.8057382433494,42889
2018-03-21,1335.6988525390625,1355.139698483884,1303.7263928831283,1348.6593777253602,30721
2018-03-22,1340.74951171875,1353.2335443902882,1325.6923595516914,1335.6986639292252,9867
2018-03-23,1337.6522216796875,1353.233442629737,1329.4089101890727,1332.2678540819522,114133
2018-03-26,1347.801513671875,1376.1050120551226,1341.7976848847732,1346.5625914362106,9783
2018-03-27,1370.387451171875,1373.24639578489,1341.4644847696902,1352.3760768437294,54417
2018-03-28,1373.6273193359375,1397.3088822411073,1339.8917568156842,1367.5282155266761,6569
2018-04-02,1374.10400390625,1385.6350564191043,1352.6619208461193,1385.6350564191043,30571
2018-04-03,1357.0455322265625,1375.7716402597412,1349.4216809219188,1372.2932348358497,12907
2018-04-04,1379.902587890625,1385.7965593101833,1355.3204885965515,1355.3204885965515,7933
2018-04-05,1389.630126953125,1399.117969838196,1370.079445217704,1385.796664533944,14770
2018-04-06,1369.83984375,1390.0134863778862,1352.2538584288384,1380.9568612863318,42653
2018-04-09,1351.0076904296875,1356.0870739683598,1324.5089800658382,1356.0870739683598,79680
2018-04-10,1353.1162109375,1359.633025846546,1348.4201968047648,1355.4163114298572,47379
2018-04-11,1356.90185546875,1361.4540918812338,1349.4745223746975,1360.8790959425166,30186
2018-04-12,1357.3331298828125,1365.5750499396781,1346.5515178057556,1365.5750499396781,12058
2018-04-13,1361.022705078125,1364.6165754835765,1349.4265066341286,1351.295272449776,39614
2018-04-16,1370.1751708984375,1379.9505696360086,1350.193272711847,1370.4627273567119,35599
2018-04-17,1364.28125,1380.0463156298872,1356.0871782057573,1376.2128536420264,16894
2018-04-18,1354.6978759765625,1370.4629448759142,1331.1699513514998,1370.4629448759142,48552
2018-04-19,1376.6441650390625,1380.0464095800958,1346.5036149028017,1355.7997140610298,8075
2018-04-20,1356.18310546875,1380.0464317486678,1348.420367687761,1380.0464317486678,12372
2018-04-23,1358.578857421875,1373.7689266180932,1337.926151879853,1358.1954878389479,20402
2018-04-24,1365.71875,1372.666899607547,1341.7116483539075,1341.7116483539075,5216
2018-04-25,1346.072265625,1362.6519180378596,1344.6347174221985,1360.0164129993902,11853
2018-04-26,1354.505859375,1369.5043028846633,1333.1343788649672,1350.049436391391,14729
2018-04-27,1375.877685546875,1380.0945178557386,1351.0080264342337,1369.4087173307307,29028
2018-04-30,1383.736083984375,1387.7133244375073,1370.510709510564,1376.3087509288566,20174
2018-05-02,1359.345458984375,1389.6297811624615,1356.0869933412987,1389.6297811624615,11174
2018-05-03,1358.2913818359375,1368.3062538661052,1334.0926545306536,1359.34556041996,9863
2018-05-04,1350.3370361328125,1361.2624266077073,1334.0927871420208,1343.1972597064364,9678
2018-05-07,1380.14208984375,1383.7359603559748,1341.136662012925,1351.2953125965528,7727
2018-05-08,1387.4256591796875,1393.463408501396,1370.4626369717996,1380.8608790365433,17035
2018-05-09,1389.34228515625,1394.4216686137404,1380.094152559596,1394.4216686137404,10935
2018-05-10,1379.4234619140625,1387.1861996454643,1370.2231758254386,1387.1861996454643,19161
2018-05-11,1401.465576171875,1408.7970946538903,1365.4310616381838,1389.246417697836,22568
2018-05-14,1403.1429443359375,1406.8805932879086,1389.6300138061767,1395.8593897301355,37536
2018-05-15,1408.7972412109375,1418.3808959130527,1395.5717509268295,1400.7469478635662,4839
2018-05-16,1447.37158203125,1457.5781986078784,1376.021313128892,1408.9889946895569,178086
2018-05-17,1501.614990234375,1541.4351243489705,1450.0070304274,1464.3825132141885,160293
2018-05-18,1499.26708984375,1533.3848800267488,1483.6936496559783,1509.4257412763309,103561
2018-05-21,1470.8037109375,1519.0095497532584,1461.507610961337,1519.0095497532584,28511
2018-05-22,1494.475341796875,1495.3857423227514,1467.7848832030531,1484.077098422232,51353
2018-05-23,1493.0855712890625,1497.8773990694285,1456.7156452312774,1494.4752715381585,24951
2018-05-24,1495.14599609375,1533.384803016571,1488.4374375805526,1493.0854868671013,28441
2018-05-25,1500.65673828125,1508.5154063255393,1475.403828338976,1485.4666670512586,84815
2018-05-28,1512.9715576171875,1538.1286518186348,1500.5607712729968,1500.6565844247407,25207
2018-05-29,1517.523681640625,1558.2542121016577,1512.3006368825734,1525.0947918768572,82619
2018-05-30,1509.425537109375,1538.176499720982,1495.8167949350675,1519.967556733631,19517
2018-05-31,1478.0390625,1532.4262998460042,1472.5284613592155,1532.4262998460042,33910
2018-06-01,1497.158447265625,1514.2173989348892,1456.667507325752,1491.3604065321051,6957
2018-06-04,1490.641845703125,1512.636288956736,1473.9662612227735,1506.1673212953226,90218
2018-06-05,1490.210205078125,1498.739680381999,1480.7224813794846,1494.954183915407,12044
2018-06-06,1485.3228759765625,1499.1713288489404,1480.6748262948524,1499.1713288489404,17562
2018-06-07,1484.3643798828125,1525.7178745665553,1472.4806242963823,1506.5505645845633,98324
2018-06-08,1481.2977294921875,1489.2520933307671,1469.1743819383485,1475.4037579870107,38238
2018-06-11,1483.741455078125,1499.8420426506525,1460.0698734685427,1467.2576148869962,22070
2018-06-12,1485.5142822265625,1495.0499708221996,1463.4239137471147,1489.2518135632502,17990
2018-06-13,1474.3973388671875,1499.8419893799737,1466.5387886573194,1499.8419893799737,23019
2018-06-14,1505.496337890625,1531.4680186898356,1470.659776507634,1496.9188967546163,186530
2018-06-15,1485.0831298828125,1536.0202787301064,1467.401333506846,1506.5505401115129,35191
2018-06-18,1450.0072021484375,1483.4062210475165,1438.0276317407338,1465.341052270298,12229
2018-06-19,1473.96630859375,1487.143835734949,1437.4526022400983,1451.9238995575627,81535
2018-06-20,1485.0352783203125,1505.6879842492194,1473.0077447349968,1483.5497650291313,42861
2018-06-21,1481.2017822265625,1489.539514926216,1453.0258143291576,1489.539514926216,65732
2018-06-22,1455.3739013671875,1485.4666030458416,1439.800461173965,1480.1476274461943,187827
2018-06-25,1468.9346923828125,1475.8828421265903,1448.0902431514792,1448.0902431514792,8807
2018-06-26,1446.4130859375,1467.0179435473433,1421.9268013780552,1467.0179435473433,13719
2018-06-27,1418.5247802734375,1458.584389732988,1416.464270960709,1444.2568716764467,48811
2018-06-28,1427.5333251953125,1434.1939183819175,1380.1420827579682,1418.524666426659,53622
2018-06-29,1437.64404296875,1444.7359709667787,1422.7893779273004,1428.9229404387843,30141
2018-07-02,1460.549072265625,1475.787107637646,1424.2269951679848,1432.7564718091269,11052
2018-07-03,1452.5467529296875,1468.8868151807496,1419.9623245959092,1460.5490817846517,62427
2018-07-04,1484.939453125,1504.6339119524364,1427.5334503294296,1448.6653404924054,134255
2018-07-05,1485.8499755859375,1499.5066847053158,1462.4658327137568,1485.4666059674462,8203
2018-07-06,1477.416259765625,1503.675498367341,1468.2639392577057,1486.424919036167,5704
2018-07-09,1514.840576171875,1522.84290536066,1458.63241155376,1458.63241155376,10973
2018-07-10,1543.44775390625,1556.67324559676,1507.9882277376494,1515.223934602382,13782
2018-07-11,1578.475830078125,1636.888156308101,1550.8268938006966,1552.0728156563055,178270
2018-07-12,1564.7232666015625,1598.6494278654186,1543.9267825578288,1578.4759047789707,13135
2018-07-13,1539.32666015625,1571.9110880209923,1533.3848406937534,1571.336092103328,16334
2018-07-16,1477.176513671875,1558.1105434166816,1465.4365373010955,1551.6415768450274,23682
2018-07-17,1523.369873046875,1531.8513840221078,1443.873387461322,1475.8828174185128,11214
2018-07-18,1538.464111328125,1566.3525226641684,1500.6086758649399,1527.682499962028,8816
2018-07-19,1531.1805419921875,1547.329094568029,1516.1342501481088,1532.9056467205437,6049
2018-07-20,1533.3369140625,1547.2811796023282,1490.3542425668388,1539.8058815213515,26243
2018-07-23,1528.3533935546875,1537.3140876549674,1506.0234304278936,1533.3368474000263,8040
2018-07-24,1533.2890625,1546.7540282465752,1515.0321520290147,1517.6676572840504,59909
2018-07-25,1579.91357421875,1588.9700818708911,1522.8428589221026,1532.4265144219269,52468
2018-07-26,1575.552978515625,1591.8451930136575,1538.2725348842948,1591.8451930136575,15286
2018-07-27,1580.584228515625,1588.4907435286636,1569.8026171342087,1586.0948298883488,22767
2018-07-30,1582.980224609375,1590.886740034244,1559.9314873938085,1580.5843108442632,22895
2018-07-31,1581.3031005859375,1585.5677803347508,1565.490069580078,1573.061180550176,22521
2018-08-01,1612.018798828125,1627.3046823530333,1566.9276535024792,1566.9276535024792,35874
2018-08-02,1630.46728515625,1647.4303078485045,1615.8042460922507,1623.4711701543729,148176
2018-08-03,1630.1796875,1667.5559413580247,1621.5543981481483,1637.3674286265432,73978
2018-08-06,1650.8326416015625,1659.457931638576,1634.1090923925633,1635.9300103535295,7478
2018-08-07,1682.6502685546875,1720.2661153670306,1634.0611832890943,1653.1805286953359,24858
2018-08-08,1713.5574951171875,1772.0177899729752,1697.504873169082,1710.7303637185319,58912
2018-08-09,1685.333740234375,1725.0579444374798,1662.764185332793,1725.0579444374798,12930
2018-08-10,1643.0218505859375,1711.5449844193292,1621.0752570514937,1697.1215367263405,34617
2018-08-13,1635.35498046875,1646.4719973325375,1586.094968326746,1643.0219047869457,27862
2018-08-14,1718.5889892578125,1744.2252672238776,1627.9276333810244,1640.721789828175,39871
2018-08-16,1713.2701416015625,1801.7273335492,1691.99447201123,1691.99447201123,66785
2018-08-17,1748.873291015625,1766.3156136249506,1722.5182392873385,1724.0995657886313,28834
2018-08-20,1711.113525390625,1779.9242106707554,1704.6445586806894,1772.9760612415655,23532
2018-08-21,1718.541015625,1738.714656756543,1703.7343150331787,1720.2661203681932,33292
2018-08-23,1687.8734130859375,1739.4335280968967,1678.0981309629012,1739.4335280968967,18085
2018-08-24,1646.7115478515625,1702.4405260040357,1638.8050323446366,1692.0422835531288,20889
2018-08-27,1653.4678955078125,1679.008240199589,1634.0130308091507,1656.0554353303298,18586
2018-08-28,1655.81591796875,1672.3477220983757,1626.3461801724607,1647.4302202218385,16977
2018-08-29,1629.93994140625,1669.7600702625434,1619.8291397194957,1649.346840605707,10771
2018-08-30,1657.4451904296875,1667.603958462571,1626.4900545382488,1629.94014698905,8600
2018-08-31,1685.525390625,1698.2237340085287,1638.8050706289978,1658.4035990936668,22497
2018-09-03,1643.5010986328125,1705.8906722949937,1634.9716218737412,1705.8906722949937,12507
2018-09-04,1628.6942138671875,1653.2763125161819,1619.6377066223893,1638.8050167599322,6794
2018-09-05,1681.3565673828125,1696.30704677031,1591.8452003872796,1628.7422745684416,17500
2018-09-06,1691.4671630859375,1704.3092843403601,1637.3674767454647,1680.973107527975,21642
2018-09-07,1659.21826171875,1696.7861430844805,1648.4366496827713,1696.7861430844805,17608
2018-09-10,1688.2567138671875,1698.319552049113,1644.3156772037084,1663.24339664114,107958
2018-09-11,1669.9998779296875,1695.8277818096992,1647.5261363701657,1681.6439253672722,9397
2018-09-12,1694.19873046875,1701.0989158957805,1632.096593673529,1669.999999411641,27973
2018-09-14,1690.07763671875,1714.563923161328,1650.3054666456974,1694.198655352837,37766
2018-09-17,1693.431884765625,1719.30775397257,1672.4436563446181,1686.2441433192514,11802
2018-09-18,1678.050048828125,1704.2614392089909,1662.9079439097727,1671.3894553054417,24652
2018-09-19,1721.559814453125,1748.8732307577122,1659.8890189314145,1678.0979631344728,315602
2018-09-21,1713.5574951171875,1749.0170182264358,1576.1278605340194,1749.0170182264358,74871
2018-09-24,1662.907958984375,1713.557553427174,1642.6864698666948,1705.890629250766,32378
2018-09-25,1666.070556640625,1696.498663091249,1643.6448961855122,1657.9724144749434,18068
2018-09-26,1689.93359375,1714.5156894984225,1664.6806890211067,1667.5557852024904,15336
2018-09-27,1674.7916259765625,1696.3068840096314,1664.010014425654,1677.1395745857938,13004
2018-09-28,1704.0697021484375,1725.968330811315,1651.5513420167642,1686.7233096906914,55355
2018-10-01,1667.3643798828125,1696.2590067445458,1643.3572767915841,1678.5772096809796,30960
2018-10-03,1668.75390625,1685.9565199671936,1645.5135431622398,1649.4428182660806,35441
2018-10-04,1632.096435546875,1662.5245399676696,1622.5127806111918,1648.4366140074053,101219
2018-10-05,1627.2567138671875,1645.0344413421917,1616.7626580508463,1632.0965066156439,41832
2018-10-08,1518.673828125,1627.2565630157478,1499.123149619692,1627.2565630157478,80335
2018-10-09,1464.28662109375,1527.8261813920035,1437.5482011546785,1518.0509004193405,73642
2018-10-10,1457.769775390625,1471.0910795739392,1439.9921651103853,1469.1743485256343,89509
2018-10-11,1420.2017822265625,1437.5481734553296,1392.6966236483354,1435.9668470669346,94656
2018-10-12,1455.1822509765625,1471.0431303796859,1429.6417860846439,1446.8444006336579,100833
2018-10-15,1503.5797119140625,1533.3368915959868,1418.3809924178536,1480.674752219989,27221
2018-10-16,1522.4593505859375,1529.5512784072243,1495.0501217514225,1528.5449478762416,15026
2018-10-17,1513.4508056640625,1538.368309567267,1491.2167720533182,1525.861709531716,12837
2018-10-19,1461.0283203125,1500.321308920445,1445.2632533857259,1499.8421261325434,20372
2018-10-22,1434.673095703125,1475.882810542961,1418.380882859469,1457.194684045826,14419
2018-10-23,1451.013427734375,1461.5554489294022,1413.1579879885953,1413.1579879885953,10659
2018-10-24,1518.865478515625,1530.5096422723987,1445.4067424817256,1455.4695798291646,22179
2018-10-25,1560.4107666015625,1562.1358714142689,1485.370813032551,1494.5710990616885,36510
2018-10-26,1628.40673828125,1700.81118052672,1509.904822587293,1546.514337342617,31569
2018-10-29,1637.5111083984375,1641.679974603603,1591.701194244201,1622.4168529401734,11002
2018-10-30,1659.026611328125,1700.9072568415293,1622.3691283529886,1622.4170934265812,32163
2018-10-31,1641.58447265625,1690.8923363720928,1612.3063565488635,1642.974055992075,109424
2018-11-01,1615.324951171875,1661.1827141365325,1600.470286833006,1654.7617124755636,44554
2018-11-02,1637.5111083984375,1660.8472831220338,1576.0319429279773,1660.8472831220338,229921
2018-11-05,1649.4429931640625,1662.7642982595316,1608.1374596423598,1659.889201490207,10359
2018-11-06,1653.1324462890625,1659.6014131161119,1630.227605484405,1634.2047285358442,5941
2018-11-07,1645.705078125,1662.7640296625464,1638.0861197122233,1657.9722024877265,575
2018-11-09,1679.0562744140625,1708.957229765974,1640.338286697788,1645.5614486117784,36815
2018-11-12,1631.6651611328125,1680.1104649553404,1611.4915213994977,1677.091590357979,7184
2018-11-13,1629.412841796875,1641.2007832689717,1600.56606602577,1605.2620799857095,7584
2018-11-14,1620.0211181640625,1647.4303489727615,1610.5812410745255,1647.4303489727615,3878
2018-11-15,1598.745361328125,1624.237978510454,1586.3825393419665,1615.373097186188,8297
2018-11-16,1611.5394287109375,1627.2565281052614,1586.4781494261586,1586.4781494261586,13752
2018-11-19,1611.3477783203125,1653.0846418192311,1603.3454499503725,1653.0846418192311,9551
2018-11-20,1572.725830078125,1603.633119015619,1557.3440162303189,1602.387197007442,53178
2018-11-21,1527.0596923828125,1566.9276759073855,1506.263089733026,1566.9276759073855,187203
2018-11-22,1504.92138671875,1523.8491052843046,1490.7375305681062,1504.6338302744628,28856
2018-11-26,1487.2874755859375,1522.6990347952303,1467.3534259519565,1509.4256957256514,17261
2018-11-27,1481.6329345703125,1502.0940128241268,1466.2990878994683,1467.3532664604957,51928
2018-11-28,1528.0657958984375,1542.9684259379344,1481.010074132335,1502.7170756960752,11802
2018-11-29,1550.347900390625,1559.6919644847474,1533.4806901413954,1552.5521879464825,39374
2018-11-30,1629.0775146484375,1634.0131201979495,1519.0092642309385,1533.3847462268147,190258
2018-12-03,1652.6533203125,1701.0987425649625,1613.3124871913178,1629.0775526863777,43685
2018-12-04,1669.18505859375,1677.139538629294,1632.575545174287,1647.2864314440985,35694
2018-12-05,1620.73974609375,1668.0350574181236,1609.2393607510223,1668.0350574181236,14660
2018-12-06,1609.1915283203125,1611.1562244401553,1575.2653653653265,1606.220618592826,9206
2018-12-07,1606.843505859375,1632.7672219073634,1588.6824098158463,1588.6824098158463,7372
2018-12-10,1590.16796875,1607.083143359551,1562.1837427186124,1590.1200036794212,3305
2018-12-11,1553.4146728515625,1609.958237733902,1535.301541381489,1609.958237733902,32361
2018-12-12,1589.01806640625,1610.0541436908265,1506.9340326472727,1556.7690418567506,43405
2018-12-13,1572.9173583984375,1610.1498342384841,1562.1357466500856,1600.470366199781,14433
2018-12-14,1553.8936767578125,1577.9006597392504,1536.3076951355706,1572.917206474319,14070
2018-12-17,1554.08544921875,1571.719397564631,1528.6409157497415,1553.8938229166758,40025
2018-12-18,1570.2818603515625,1571.7194085911276,1539.134981827653,1554.0854601215344,28199
2018-12-19,1575.3133544921875,1579.8176257296116,1553.8939080963842,1566.7360297146315,34082
2018-12-20,1562.1837158203125,1571.4318492205723,1549.8207775854892,1566.4483954612208,22085
2018-12-21,1544.93310546875,1576.4632358977015,1540.284939340568,1562.1836839595685,36100
2018-12-24,1562.8544921875,1571.7193727962594,1534.3910844875372,1534.3910844875372,5686
2018-12-26,1569.37158203125,1581.3031865527726,1512.3966788441792,1542.0581633544293,17285
2018-12-27,1620.0687255859375,1643.596642689003,1553.5102960926379,1553.5102960926379,32339
2018-12-28,1609.7186279296875,1628.7421596179506,1581.3030675902435,1609.0956669600114,32416
2018-12-31,1607.32275390625,1626.6816905986864,1585.6637165701632,1622.896193593079,28576
2019-01-01,1604.687255859375,1623.1836402691392,1591.9409476023213,1618.679369104124,9131
2019-01-02,1583.7469482421875,1604.1600631275062,1561.273207153555,1600.566192515164,13910
2019-01-03,1607.7540283203125,1628.215109479331,1571.2403241484928,1571.2403241484928,24721
2019-01-04,1579.8175048828125,1618.6313062373933,1534.438923486841,1592.899216885099,31419
2019-01-07,1589.5928955078125,1617.6729333262615,1547.1852238526249,1586.0948381770786,9899
2019-01-08,1567.646484375,1590.695223176441,1563.0942479080695,1590.695223176441,4748
2019-01-09,1585.088623046875,1589.1138284694684,1564.8192856585958,1567.8860085623032,11392
2019-01-10,1601.524658203125,1609.9583218962216,1584.8490741210378,1584.8490741210378,9786
2019-01-11,1590.2159423828125,1609.8624353976659,1577.8050387977162,1597.64327510794,196617
2019-01-14,1587.867919921875,1621.5544920159007,1577.0863076079395,1592.132716763287,17444
2019-01-15,1597.260009765625,1605.2143738492894,1581.303199536343,1591.7014426326668,104459
2019-01-16,1569.7069091796875,1608.137343148147,1532.1389105891606,1601.86000219466,68429
2019-01-17,1576.46337890625,1599.3683391555835,1568.1736104143133,1568.1736104143133,9036
2019-01-18,1612.30615234375,1619.637671710924,1577.4695903172667,1577.4695903172667,16178
2019-01-21,1592.65966796875,1653.1804721286187,1581.3030602969397,1612.3061605360756,35425
2019-01-22,1595.630615234375,1609.0956974970068,1590.8867527367668,1600.4704078737352,35958
2019-01-23,1571.14453125,1606.8436485596876,1566.927699364816,1600.4225290789802,25301
2019-01-24,1559.7879638671875,1593.186981303948,1553.223065980805,1571.1445727188625,76062
2019-01-25,1544.9810791015625,1579.1468343421554,1534.3432448986746,1559.1649360307342,24094
2019-01-28,1568.02978515625,1608.6645070219367,1495.098191727862,1536.2599444422103,41872
2019-01-29,1552.5040283203125,1577.5174595819196,1533.7200893287804,1577.5174595819196,19769
2019-01-30,1557.391845703125,1576.5111899348053,1533.4327090779761,1533.4327090779761,19738
2019-01-31,1540.2850341796875,1565.8254989709997,1524.280376611838,1551.4500160101838,18963
2019-02-01,1533.240966796875,1574.5944600365742,1524.47189938873,1574.5944600365742,11876
2019-02-04,1557.48779296875,1562.0400293195255,1536.212007620757,1538.5121083324295,10408
2019-02-05,1550.012451171875,1565.53804279665,1546.466545541242,1558.3023363217358,4188
2019-02-06,1544.5977783203125,1552.504294456816,1539.1351412393776,1547.5208401720329,6520
2019-02-07,1539.614013671875,1552.4561334175557,1534.3909690419055,1538.272278715527,7649
2019-02-08,1592.0367431640625,1615.804254678125,1520.159329699733,1552.5521308295151,33384
2019-02-11,1598.5057373046875,1614.4146986765143,1570.7611020352542,1589.9284126153061,63615
2019-02-12,1585.2802734375,1600.8057473330864,1558.2064487761168,1578.5717151143253,13463
2019-02-14,1588.2991943359375,1606.1247692876198,1573.30075082188,1591.940913053219,6571
2019-02-15,1624.956787109375,1629.1735020220585,1583.411546108047,1606.0290671239984,9308
2019-02-18,1581.9736328125,1648.3883982099806,1575.8401881769685,1629.2210912540504,5499
2019-02-19,1572.3902587890625,1590.9347251551233,1557.2960018786266,1569.4673141515746,7578
2019-02-20,1547.9517822265625,1579.482027995884,1543.0162938955252,1576.5111185864148,9284
2019-02-21,1548.2874755859375,1581.3031212309927,1538.1766724701474,1548.718693278354,9880
2019-02-22,1630.5631103515625,1676.0375072356742,1540.764191417982,1551.6417336018328,21522
2019-02-25,1610.1978759765625,1652.078403033527,1598.2183067968838,1652.078403033527,7326
2019-02-26,1651.8865966796875,1676.0853237851745,1578.1403066545413,1591.8449790975883,19516
2019-02-27,1648.388671875,1671.3414789701617,1628.6463658303715,1648.388671875,31115
2019-02-28,1643.97998046875,1656.7261697076203,1634.6359181034452,1656.2949520859443,16082
2019-03-01,1702.440673828125,1738.9543797602971,1633.1987592854514,1638.805174643212,46790
2019-03-05,1718.013916015625,1734.8811252122773,1663.0037135890645,1694.390183331201,78292
2019-03-06,1723.6204833984375,1757.8340875664485,1705.8907202942557,1735.2166834365487,66056
2019-03-07,1715.5701904296875,1724.003854275147,1697.5050227593865,1715.474377269895,100348
2019-03-08,1753.6171875,1763.3924685194295,1706.9926838885629,1706.9926838885629,8515
2019-03-11,1718.15771484375,1753.617238336497,1706.1781460962004,1753.617238336497,34263
2019-03-12,1687.39404296875,1738.0437518507874,1677.331205493586,1735.072725291551,39117
2019-03-13,1697.5528564453125,1714.851283522433,1667.6039345791316,1705.8426244274906,11587
2019-03-14,1681.5960693359375,1723.6683387180274,1670.526900875122,1696.594512999076,32200
2019-03-15,1686.00439453125,1705.8904773429729,1667.5558598745915,1667.5558598745915,7580
2019-03-18,1654.186767578125,1705.9385029984653,1641.680051389687,1705.7947247802588,10558
2019-03-19,1625.148193359375,1679.2478756015673,1605.5496669249005,1671.3413607289654,31211
2019-03-20,1636.217529296875,1655.0014704380435,1601.7642180240564,1611.012468860381,47840
2019-03-22,1641.00927734375,1655.9117905388234,1629.7005177526287,1629.7005177526287,10547
2019-03-25,1647.4302978515625,1653.1804908632607,1620.2606592688833,1640.9613307134018,12754
2019-03-26,1638.9486083984375,1660.799269274875,1611.443451289585,1653.0844980155837,17796
2019-03-27,1689.502685546875,1700.8592941456868,1615.8523149424457,1637.7987928894217,13924
2019-03-28,1760.6612548828125,1787.351711466091,1689.5984275145943,1697.4091299730205,56612
2019-04-01,1701.2425537109375,1724.9621000170273,1684.8065618628598,1724.9621000170273,6255
2019-04-02,1698.990234375,1719.3075341370638,1679.583334951212,1701.2902177533738,13531
2019-04-03,1654.474365234375,1697.2174459193723,1639.3801076267325,1680.0148308696653,15308
2019-04-04,1635.259033203125,1654.47419050696,1630.2276145319406,1654.47419050696,11091
2019-04-05,1638.5653076171875,1662.7160698595512,1629.2212445967064,1645.4654919755862,7980
2019-04-08,1626.6337890625,1638.5653925891318,1619.6376742071254,1638.5653925891318,12055
2019-04-09,1698.6070556640625,1723.5724070412045,1630.2276998288592,1640.7217553826401,58780
2019-04-10,1724.051513671875,1725.1058092781586,1687.6815909183133,1687.6815909183133,72676
2019-04-11,1683.84814453125,1715.4742052993383,1672.3477587973998,1715.4742052993383,6020
2019-04-12,1699.5174560546875,1721.2244582830801,1672.347817207113,1683.8482033426346,17095
2019-04-15,1720.5535888671875,1726.9745907724284,1696.3068954867915,1699.1819919198201,11732
2019-04-16,1706.082275390625,1720.793279915484,1698.6070944245268,1720.793279915484,4325
2019-04-18,1732.29345703125,1744.2250596827948,1706.0820692747648,1706.0820692747648,47112
2019-04-22,1725.1536865234375,1742.308452106237,1722.1827769168908,1730.7601012143034,21765
2019-04-23,1734.162353515625,1743.075199364529,1712.838721370987,1725.201659585024,8090
2019-04-24,1725.537109375,1734.1623990080882,1715.9054891561939,1734.1623990080882,13128
2019-04-25,1720.36181640625,1733.6831197176505,1705.8905213363282,1728.220483382717,2255
2019-04-26,1728.1246337890625,1749.1128617700624,1696.3069457820143,1720.4098616578117,7962
2019-04-30,1739.1458740234375,1768.2802094246076,1678.5772195480404,1707.807368104258,8562
2019-05-02,1700.475830078125,1739.1458552547933,1696.3069634807257,1739.1458552547933,11482
2019-05-03,1686.62744140625,1717.3909500946133,1668.514310331876,1696.306909412648,10362
2019-05-06,1659.4578857421875,1686.7233383654598,1648.3887170389721,1677.1876481056881,5184
2019-05-07,1650.4012451171875,1686.8191350211198,1638.8050456769522,1681.6919028664513,5161
2019-05-08,1603.77685546875,1662.7643045373,1595.678712999772,1635.9780329971534,22662
2019-05-09,1629.4609375,1644.5072290190283,1584.465724177193,1595.7743668575145,14708
2019-05-10,1669.8560791015625,1689.5983851045075,1630.2276888723447,1630.2755369548029,29426
2019-05-13,1672.875,1724.051625782385,1648.3887138794476,1669.4727555686034,94756
2019-05-14,1656.6787109375,1670.3832687676272,1634.1091543563073,1670.1916424436206,11620
2019-05-15,1600.1826171875,1662.8118879302124,1591.892850297872,1660.224231229229,76828
2019-05-16,1566.78369140625,1610.1976919468043,1557.3438153691443,1590.9824183835244,10887
2019-05-17,1578.715576171875,1584.0823997144294,1553.0313333059646,1566.7838551925036,14600
2019-05-20,1611.300048828125,1627.304706745922,1581.303160265472,1581.303160265472,42601
2019-05-21,1617.5771484375,1626.3462159576713,1604.303809966495,1619.7814358318071,8392
2019-05-22,1647.38232421875,1652.557521299975,1600.5183450073728,1617.577180660626,8514
2019-05-23,1652.1263427734375,1675.1749633289473,1630.4673054262719,1646.4719628097316,5589
2019-05-24,1682.266845703125,1694.390192594111,1648.5324271254005,1662.7161662371363,7341
2019-05-27,1718.5889892578125,1748.8254685699897,1668.514390239984,1682.3148772903403,116761
2019-05-28,1651.838623046875,1723.6202167732515,1634.0130495403912,1723.6202167732515,51432
2019-05-29,1693.5755615234375,1705.8905343994572,1643.692592079096,1653.1804336174514,15997
2019-05-30,1698.511474609375,1705.8908432597395,1675.8461037718366,1689.5986273409667,10072
2019-05-31,1713.94091796875,1725.057934594094,1693.7194289108259,1700.7154270083372,31178
2019-06-03,1719.5953369140625,1762.3384166426447,1699.1821040967268,1711.640856129021,45348
2019-06-04,1728.9393310546875,1741.3980825833999,1705.8905939313793,1720.1222982415823,10634
2019-06-06,1717.58251953125,1740.3916641272244,1705.2196987674188,1740.3916641272244,5626
2019-06-07,1750.502685546875,1768.1844835875565,1710.5387709282838,1728.8914950633887,60434
2019-06-10,1765.405029296875,1768.184312589597,1744.2731406318812,1750.5025162588906,10038
2019-06-11,1760.4215087890625,1772.9760727171956,1745.1834748205479,1763.3924182700757,16694
2019-06-12,1752.3712158203125,1763.3924184355346,1746.189805496528,1762.4340529907327,4672
2019-06-13,1704.5009765625,1762.434123213901,1696.3069048877678,1755.917191134397,11361
2019-06-14,1656.0556640625,1711.1616829766167,1637.846718682183,1704.5489373093264,37139
2019-06-17,1616.1875,1667.4600509951547,1605.2621105959622,1656.0554788715358,18279
2019-06-18,1616.0439453125,1633.9653347084661,1607.7062116337318,1616.1877235458549,39517
2019-06-19,1615.660400390625,1637.8465843663832,1601.8599142575854,1622.0815192172613,12126
2019-06-20,1612.018798828125,1634.9716066515164,1601.4767779177107,1618.6793925172399,41071
2019-06-21,1686.1002197265625,1703.015393202959,1628.2149235380523,1652.84498563028,19241
2019-06-24,1675.75,1683.8481414777116,1653.1804462430578,1678.0979486212138,7702
2019-06-25,1674.3603515625,1693.4318485229744,1663.770482917607,1668.9935281283304,30608
2019-06-26,1676.4207763671875,1681.9793428153298,1672.2519100250663,1674.3602672361708,25585
2019-06-27,1676.9478759765625,1695.97140636183,1660.3681072446755,1695.97140636183,20816
2019-06-28,1718.87646484375,1742.2604891203855,1672.3477736861182,1686.7232559814145,11483
2019-07-01,1762.913330078125,1770.9156585729747,1693.0484620147536,1693.0484620147536,27496
2019-07-02,1751.364990234375,1762.913341331301,1737.0854378416975,1762.913341331301,21177
2019-07-03,1731.1435546875,1749.1129084058246,1707.2323814681747,1726.1601007181432,5344
2019-07-04,1750.598388671875,1767.2260069338797,1715.4742692037119,1715.4742692037119,11180
2019-07-05,1728.4600830078125,1763.3444923800027,1715.4741841482612,1763.3444923800027,4721
2019-07-08,1722.37451171875,1744.0815147237026,1680.0148013993664,1728.8914442238774,8894
2019-07-09,1701.3863525390625,1734.593624179359,1691.515140898965,1696.4027816478763,11388
2019-07-10,1686.62744140625,1709.6760611407954,1669.5206408868867,1701.3862932812203,10059
2019-07-11,1695.3486328125,1704.2614790905393,1669.8561329580823,1677.6188704003853,19977
2019-07-12,1676.0853271484375,1689.5024431942445,1662.5244328902604,1689.5024431942445,12440
2019-07-15,1687.0587158203125,1710.6344841600194,1671.485276156444,1703.6863341561395,14722
2019-07-16,1696.019287109375,1712.5990561606225,1678.6728958922474,1678.6728958922474,79525
2019-07-17,1693.2880859375,1705.5552113185865,1681.9794430589145,1689.3108456546336,43097
2019-07-18,1684.998291015625,1698.0321563010566,1677.1877052446437,1687.6817613950925,61724
2019-07-19,1682.1231689453125,1696.307025900578,1663.6746320817044,1681.9315426302342,5558
2019-07-22,1686.148193359375,1686.7711542984464,1640.2904300497557,1667.6516934095534,19942
2019-07-23,1685.9088134765625,1687.6817663809557,1677.091780052253,1686.6754357386865,8874
2019-07-24,1635.5946044921875,1681.2607467713108,1619.6377945389263,1680.8773771501546,8410
2019-07-25,1683.4171142578125,1687.6817943136662,1638.613523182194,1672.1563186398764,16165
2019-07-26,1650.688720703125,1680.014680896769,1639.81129593861,1680.014680896769,48339
2019-07-29,1638.27783203125,1668.6101230382262,1632.1922345972628,1668.6101230382262,1872
2019-07-30,1674.599853515625,1681.8355594922564,1637.463192153913,1646.1842943922306,5049
2019-07-31,1634.061279296875,1661.0391767888138,1629.221486321725,1661.0391767888138,18950
2019-08-01,1649.7784423828125,1659.8892464238352,1631.6174607601497,1659.8892464238352,37940
2019-08-02,1646.8399658203125,1675.5975018397312,1620.9244196322252,1658.448893330873,6081
2019-08-05,1613.939697265625,1666.6377558448105,1599.7777305477289,1666.6377558448105,14507
2019-08-06,1561.1451416015625,1632.3405919731204,1543.3704169863845,1621.5023165729351,35515
2019-08-07,1589.6619873046875,1615.0957135448223,1575.7889708810028,1594.2381481581476,45194
2019-08-08,1617.35986328125,1628.149922233622,1584.4114333465448,1593.8528231319872,39108
2019-08-09,1618.564208984375,1627.3792466432985,1575.1628849005701,1605.1246752762781,33598
2019-08-13,1589.565673828125,1628.6799036522525,1581.2323375121812,1618.5641788914252,92488
2019-08-14,1632.7744140625,1647.3217665992993,1575.6446054186022,1589.565722882697,6632
2019-08-16,1588.6505126953125,1615.047761229736,1583.8817179912396,1613.7952911040054,62711
2019-08-19,1588.6986083984375,1594.43080503705,1574.4884244864759,1588.6503912423539,11480
2019-08-20,1572.1279296875,1589.13200282912,1560.66341945359,1584.9893261352724,5145
2019-08-21,1557.2435302734375,1581.906606092686,1551.07773191792,1558.7849504616115,5263
2019-08-22,1538.93896484375,1564.5172271305137,1524.1507620282002,1551.9929963572563,21560
2019-08-23,1540.9619140625,1573.2358897555878,1518.321960964364,1518.321960964364,34021
2019-08-26,1510.9039306640625,1575.1628194372856,1500.0656543835307,1575.1628194372856,23870
2019-08-27,1493.6590576171875,1541.0584071689057,1475.0172452826387,1541.0584071689057,100459
2019-08-28,1494.237060546875,1512.4453886737176,1476.8958180647062,1512.4453886737176,21648
2019-08-29,1489.61279296875,1514.9503239655562,1479.7861352057835,1507.7248057272468,13264
2019-08-30,1478.4854736328125,1506.424142419347,1463.4564201509666,1493.9480111409043,11054
2019-09-03,1459.169189453125,1491.2505350496658,1446.0669408910005,1483.639632892832,85133
2019-09-04,1465.5277099609375,1474.969100690357,1447.4639146389623,1451.8474426782284,4038
2019-09-05,1457.579345703125,1475.113336716872,1427.8584106552214,1447.511839517654,61528
2019-09-06,1452.0400390625,1467.3100610672323,1442.2133816992687,1457.579602819862,63048
2019-09-09,1454.833984375,1483.4471070753004,1446.0670457924948,1483.4471070753004,56681
2019-09-11,1454.9783935546875,1472.9458708344282,1448.9571288900845,1454.7375429681035,23151
2019-09-12,1501.4625244140625,1514.468455809372,1448.5717132192394,1454.689294466098,44887
2019-09-13,1514.613037109375,1521.6458037446375,1496.019324602313,1501.8479558957174,34637
2019-09-16,1554.9312744140625,1560.7116880735944,1516.0580160742745,1524.9212699777631,20440
2019-09-17,1569.2379150390625,1589.6138985317164,1553.1009254630587,1562.590415215546,33225
2019-09-18,1589.3248291015625,1589.6138968512118,1563.3611824941236,1589.421263419997,37933
2019-09-19,1544.1893310546875,1589.7100890817524,1523.18723177532,1589.6137723736872,7773
2019-09-20,1589.180419921875,1589.6139039454563,1547.2241998402442,1560.7118329646298,44427
2019-09-23,1681.8115234375,1714.8562728143245,1572.658102027366,1594.4309727571388,169343
2019-09-24,1695.2508544921875,1714.6634340574635,1655.3659763685919,1713.8926651882584,22519
2019-09-25,1673.9114990234375,1734.1241428732014,1639.08448230017,1695.2508835243577,62183
2019-09-26,1733.979736328125,1760.0879170978608,1662.4953273419358,1671.5031160027104,20270
2019-09-27,1721.937255859375,1753.3923677351909,1686.0024169065014,1733.9797858575564,17897
2019-09-30,1718.758056640625,1734.172494662873,1686.3876427116404,1712.0623395630134,11933
2019-10-01,1644.9613037109375,1733.4499040842043,1620.4427608216806,1733.4499040842043,15769
2019-10-03,1602.9569091796875,1649.2484371934079,1588.6504084038315,1649.2484371934079,22881
2019-10-04,1606.473388671875,1623.188395612154,1589.662065018957,1603.294113935023,5480
2019-10-07,1615.240234375,1627.6681472709975,1589.661974477948,1590.8180101694197,7060
2019-10-09,1584.1705322265625,1621.3097375515417,1572.898772473369,1612.3500492123644,5951
2019-10-10,1563.9390869140625,1594.4790101266162,1548.235700119001,1589.6137815117709,7594
2019-10-11,1616.203857421875,1634.8456705108913,1573.7178347159504,1573.7178347159504,90199
2019-10-14,1653.7763671875,1656.0885562315987,1619.527485931837,1637.783912503617,7384
2019-10-15,1651.8017578125,1672.7075444441864,1624.3447873205434,1669.383852952086,7453
2019-10-16,1611.1939697265625,1660.2792680329583,1595.4423662317774,1646.791636337859,11554
2019-10-17,1658.015380859375,1673.1407501340466,1613.7470916131774,1613.7470916131774,7794
2019-10-18,1685.4722900390625,1694.5763945503043,1632.1479973243231,1632.1479973243231,54298
2019-10-22,1647.0809326171875,1695.2510524983509,1637.7840759595567,1694.6248174193295,16725
2019-10-23,1686.1949462890625,1709.0757518736161,1647.4180020878714,1666.7342660540667,11875
2019-10-24,1600.5003662109375,1700.4051425598686,1581.184102111266,1658.1117560033952,52817
2019-10-25,1611.4830322265625,1619.1902508755381,1580.9432253711261,1600.5003397340313,15163
2019-10-27,1612.63916015625,1636.8205347655355,1599.7777627591452,1615.6256838150696,1290
2019-10-29,1651.0306396484375,1661.9171323368448,1604.0647790019832,1635.9052710557314,24015
2019-10-30,1658.5933837890625,1675.3566074067382,1639.8070388526444,1656.907429756307,38694
2019-10-31,1669.817138671875,1682.7748533587908,1639.7108149542946,1639.7108149542946,42765
2019-11-01,1618.371337890625,1676.3200100339131,1610.8568704763031,1652.9575041469461,15833
2019-11-04,1616.01123046875,1643.5162987876809,1600.2114073810255,1632.19632043926,5411
2019-11-05,1655.992431640625,1671.5031869732393,1601.2711275273994,1616.011231491121,7702
2019-11-06,1622.8511962890625,1751.4654050777772,1616.6372984111858,1679.1620144441915,80122
2019-11-07,1630.7510986328125,1655.0289082333113,1618.467718761989,1629.01704497745,18570
2019-11-08,1624.2962646484375,1639.7107013236302,1608.8818279732448,1614.8548751437545,33519
2019-11-11,1655.125244140625,1666.6860723884058,1604.2575528092586,1620.6353928269482,14257
2019-11-13,1636.435302734375,1642.5047849311693,1605.89549351607,1637.7358724614503,47900
2019-11-14,1581.7139892578125,1636.049786478405,1579.9316008686342,1636.049786478405,84255
2019-11-15,1586.9644775390625,1594.4308455469106,1567.6964310671965,1579.9798106930111,28737
2019-11-18,1589.421142578125,1604.5947286217106,1579.3535181018008,1587.6869714177305,31066
2019-11-19,1588.6986083984375,1597.3210119343983,1570.345747559149,1590.577195840586,7769
2019-11-20,1588.4095458984375,1604.0648333106283,1572.2725573351024,1584.7967872648549,7453
2019-11-21,1572.5616455078125,1594.382613856034,1566.6847973052054,1579.9797962907317,20013
2019-11-22,1575.7408447265625,1583.833447907971,1556.8581823718257,1570.3458151398984,10024
2019-11-25,1608.20751953125,1618.4676600275711,1578.582898564934,1591.1552281206536,19316
2019-11-26,1561.09716796875,1628.198164157061,1553.0045648299645,1608.881900289107,77673
2019-11-27,1573.1397705078125,1588.650525312003,1560.760073439986,1561.675258660253,6953
2019-11-28,1587.4462890625,1592.504151612995,1560.8564066033211,1573.1397870830947,12198
2019-11-29,1584.0743408203125,1591.5407091592863,1566.5404647944347,1569.382454733945,10500
2019-12-02,1583.7371826171875,1597.1284991065731,1550.0180996021734,1597.1284991065731,30660
2019-12-03,1595.34619140625,1603.968713632617,1558.7851165843576,1570.3941627941203,37859
2019-12-04,1586.531005859375,1594.3345412205372,1563.6019833386038,1587.253557607683,18861
2019-12-05,1588.457763671875,1593.4674086045945,1558.8812424184289,1586.530959066549,40930
2019-12-06,1588.602294921875,1589.662131613774,1568.6116956946503,1577.475068082394,19040
2019-12-09,1555.9912109375,1595.3461759177146,1546.4054039863988,1570.3459303861362,6703
2019-12-10,1568.3707275390625,1578.0529676970127,1546.2606917910289,1546.2606917910289,27473
2019-12-11,1564.0355224609375,1579.4499603013596,1555.9911362335329,1572.2726597230442,3411
2019-12-12,1557.4842529296875,1587.686889596535,1547.2239955655552,1566.6846737488538,11456
2019-12-13,1585.8565673828125,1588.6504576876673,1561.723409342278,1561.8678256109297,8781
2019-12-16,1585.2784423828125,1593.563678421345,1573.4285473676302,1584.7967412456558,33436
2019-12-17,1574.199462890625,1591.492488284553,1566.5404611373983,1587.687095987607,9196
2019-12-18,1561.09716796875,1580.6541648177554,1554.5459850462037,1575.3073524174113,12050
2019-12-19,1558.5440673828125,1571.4054645388428,1551.125916730324,1571.4054645388428,6345
2019-12-20,1543.9486083984375,1561.675235455325,1541.0103017435156,1555.6539706671722,28301
2019-12-23,1559.5074462890625,1574.6328150976578,1522.1756078064673,1533.6401184997503,16440
2019-12-24,1565.576904296875,1573.6693892743117,1539.5168258790106,1572.2242858707957,9552
2019-12-26,1592.3114013671875,1597.9472814180217,1554.9313443140481,1556.8581489538424,9711
2019-12-27,1621.93603515625,1630.4139050747397,1575.6927234461577,1592.359513146643,10313
2019-12-30,1594.430908203125,1653.1984522516993,1582.195745253815,1613.6989554321658,10964
2019-12-31,1589.1319580078125,1589.6136591166357,1569.3822125460604,1574.4882913407102,12529
2020-01-01,1563.2166748046875,1589.1804394498718,1555.991156970693,1580.5098180490784,3912
2020-01-02,1561.7716064453125,1577.619646480171,1549.1510585313263,1566.4923017238411,7245
2020-01-03,1588.26513671875,1589.6139235684043,1562.7831908638912,1562.7831908638912,6281
2020-01-06,1568.8524169921875,1588.650381154433,1551.0776917274939,1588.650381154433,3825
2020-01-07,1588.9395751953125,1595.1534734379952,1561.3380737861776,1568.8525417072324,32580
2020-01-08,1580.6060791015625,1654.1618245406228,1565.5288088983762,1580.5578619432356,32439
2020-01-09,1594.3826904296875,1628.1982073858885,1569.8641473813097,1580.6061072279272,42337
2020-01-10,1578.3421630859375,1616.5409732954256,1569.3824739284555,1602.1381547839298,7608
2020-01-13,1594.7679443359375,1608.7854945832216,1574.6328131171826,1593.3710580678598,15356
2020-01-14,1602.764404296875,1608.8819859323992,1590.1438565505462,1602.2344859430107,10623
2020-01-15,1582.773681640625,1601.897194010062,1572.4652063422566,1601.897194010062,31187
2020-01-16,1585.0859375,1605.0283191542435,1568.4190297617697,1582.7737483335943,21548
2020-01-17,1607.3885498046875,1614.5177504756964,1581.232270963355,1592.3594971702607,44600
2020-01-20,1613.1209716796875,1637.7840491343206,1592.0224359967442,1613.6989895882277,10747
2020-01-21,1724.345703125,1734.1242606710161,1602.138136386611,1610.7605405304828,190310
2020-01-22,1674.20068359375,1819.8670747197011,1662.3507874160107,1734.124263893839,140861
2020-01-23,1703.3916015625,1725.453537992064,1655.6068704854058,1682.5821351776324,105004
2020-01-24,1681.3778076171875,1743.758104447563,1671.8401016468836,1711.917612460585,9569
2020-01-27,1669.961669921875,1715.0007301325945,1659.0751762415757,1681.1371137477126,28595
2020-01-28,1665.6263427734375,1681.1370970537696,1635.9535034175474,1666.6860618355424,23443
2020-01-29,1742.409423828125,1768.7584539319032,1665.6263054630335,1665.6263054630335,26653
2020-01-30,1734.268798828125,1751.1764398497114,1693.6613654365967,1747.6118981239968,19008
2020-01-31,1711.1951904296875,1742.9393681159536,1663.21782442678,1742.7948342442903,25429
2020-02-03,1704.49951171875,1781.3308448031476,1696.5514427789847,1719.6730978764838,18023
2020-02-04,1710.665283203125,1753.0067663977138,1700.4050253933608,1713.0255717496545,9513
2020-02-05,1710.47265625,1737.4479220655123,1690.7711252223007,1719.1914945636443,24961
2020-02-06,1751.031982421875,1776.5139274529413,1702.5245801794977,1709.0757631786971,22162
2020-02-07,1852.4300537109375,1888.2685734724482,1722.5633721269069,1759.7506786757485,61170
2020-02-10,1848.5765380859375,1917.1225235001493,1812.1598809960803,1872.854231077289,29005
2020-02-11,1818.518310546875,1897.2764551802788,1802.0923705153064,1857.7288580086283,25888
2020-02-12,1757.7275390625,1834.2217070618601,1726.7060312898102,1818.9035865990684,72867
2020-02-13,1770.829833984375,1796.745380690231,1714.9524977484323,1734.3650785992431,35626
2020-02-14,1805.464111328125,1820.8303308355835,1772.8528496803754,1794.0477000922183,24894
2020-02-17,1757.8238525390625,1817.6993303493923,1743.8064193209316,1805.464167905726,8037
2020-02-18,1738.8929443359375,1761.1957312296583,1705.2702979549902,1746.64837993663,111837
2020-02-19,1751.0802001953125,1776.8994318731018,1715.3379942375236,1748.6716941657737,11825
2020-02-20,1820.830322265625,1829.5009428478422,1749.5867701895338,1761.6773983286014,27981
2020-02-24,1748.382568359375,1849.7324448595068,1726.4169485355396,1830.464398558887,40844
2020-02-25,1697.9483642578125,1786.1478933009373,1685.9540524685221,1764.1341739078412,46916
2020-02-26,1680.7999267578125,1708.0160430369815,1668.6128635582565,1695.7807626789872,58662
2020-02-27,1769.962646484375,1888.1721784523254,1665.6262486654807,1681.6187032161795,152677
2020-02-28,1723.189697265625,1757.2941651719427,1676.560998370189,1723.189697265625,33646
2020-03-02,1673.47802734375,1747.9971724000304,1657.1001880960919,1714.8561094606755,261838
2020-03-03,1725.2608642578125,1782.2942326618647,1667.6493603987503,1673.4779912818258,91970
2020-03-04,1719.4805908203125,1777.4773662441673,1635.9054355240082,1734.124259750407,139914
2020-03-05,1718.468994140625,1767.6988322041295,1698.5747114867702,1743.6619898808278,26194
2020-03-06,1723.623046875,1743.70996148967,1666.637776798124,1701.3684770658801,53996
2020-03-09,1711.62890625,1763.1709349140726,1630.0768691516064,1714.856280785969,329614
2020-03-11,1698.382080078125,1724.0567770386247,1659.9905187363513,1705.222213459005,44233
2020-03-12,1617.504150390625,1681.1369156427554,1570.3938747451214,1638.8435336140456,116112
2020-03-13,1712.0621337890625,1741.8312871621197,1396.9332778678504,1445.1516080519323,122606
2020-03-16,1611.4830322265625,1684.4126592541886,1520.248878510443,1673.9597674820802,40669
2020-03-17,1511.897705078125,1634.935259193819,1479.5838292571548,1616.2324034584387,62402
2020-03-18,1424.698974609375,1553.3180719844945,1366.044496921255,1518.2623693362252,39749
2020-03-19,1390.8675537109375,1443.2061918090762,1346.4604792812652,1370.8916796157966,70881
2020-03-20,1349.104248046875,1398.2604573575063,1321.9312174656368,1321.9802256940043,37870
2020-03-23,1213.0433349609375,1282.7629207006134,1079.283380581151,1079.283380581151,23280
2020-03-24,1287.9527587890625,1321.9312398827724,1225.0386238539008,1321.9312398827724,18132
2020-03-25,1325.3583984375,1337.9412008479462,1239.2370785794928,1239.2370785794928,52181
2020-03-26,1271.8935546875,1346.4112747893937,1252.2114937770289,1346.0195676030048,52243
2020-03-27,1217.890380859375,1322.665673926272,1173.9729104289097,1312.1391842022613,35777
2020-03-30,1279.43359375,1448.6408427959052,1126.0895915390493,1180.4846626649949,50094
2020-03-31,1364.2818603515625,1385.6775361750106,1224.0102820308296,1317.0350634651725,47956
2020-04-01,1291.673583984375,1369.2269494228967,1269.0538972227362,1364.2818999271428,18714
2020-04-03,1250.546875,1296.9123633190748,1226.2135730605314,1291.5757259866969,23542
2020-04-07,1223.9124755859375,1298.3811949300446,1194.6341235690627,1253.2887245261602,100087
2020-04-08,1229.7388916015625,1264.1580920658134,1203.447168976673,1233.2640180680244,73842
2020-04-09,1234.537109375,1287.6591701987904,1218.1843753306373,1241.9301813209954,68659
2020-04-13,1387.68505859375,1458.0411506540495,1217.9393246319155,1257.303450261786,239029
2020-04-15,1395.861572265625,1461.958139174029,1361.540270080277,1410.4518013118611,154793
2020-04-16,1370.059326171875,1432.0431402641889,1352.335679727755,1395.8614411459525,88363
2020-04-17,1410.1090087890625,1486.7809496001232,1373.829292211761,1409.0807922257477,44463
2020-04-20,1434.2955322265625,1467.8334205889178,1407.3673006947445,1438.2613741377959,76348
2020-04-21,1394.93115234375,1448.2489934373125,1374.269762761537,1414.9559131284086,41864
2020-04-22,1457.943359375,1500.147216023784,1381.9078058835282,1400.0721688774036,62540
2020-04-23,1445.3114013671875,1476.6460658954734,1422.0552050376004,1455.1034840322768,76232
2020-04-24,1456.5234375,1467.7843337190989,1429.4484217816362,1453.0473195169454,8329
2020-04-27,1448.9833984375,1493.2925714594949,1414.955911973095,1459.020282934195,21213
2020-04-28,1459.26513671875,1477.576283709832,1433.560919413689,1433.560919413689,20732
2020-04-29,1539.8541259765625,1564.7749304667711,1458.0902294221348,1472.729346321667,34549
2020-04-30,1574.7138671875,1611.7278695756709,1524.5783300103235,1563.7956706276357,57799
2020-05-04,1527.56494140625,1548.4221259191252,1509.0089920142523,1512.8768169696514,18929
2020-05-05,1515.3248291015625,1552.045139984476,1487.6131866756857,1528.64203794198,13161
2020-05-06,1509.6943359375,1549.3032622699975,1484.5287314503587,1503.0846801777607,47129
2020-05-07,1543.08544921875,1556.9412712308113,1505.6307299580087,1507.8339487380524,41648
2020-05-08,1532.8526611328125,1581.323470857295,1517.7728297565213,1554.7379422231722,13421
2020-05-11,1538.287353515625,1581.4215303768947,1519.0948932144095,1534.5174251670014,21228
2020-05-12,1617.5543212890625,1656.8205528006374,1501.4202331611457,1518.850070330584,40103
2020-05-13,1637.6278076171875,1674.446011806602,1576.8678913641706,1674.446011806602,189122
2020-05-14,1637.3831787109375,1654.862022916353,1621.1772335730232,1644.9720430172108,23266
2020-05-15,1597.1376953125,1654.7640780492234,1579.4629382403045,1649.9169253972643,118659
2020-05-18,1545.4844970703125,1597.0887263123816,1526.5857291974266,1597.0887263123816,23327
2020-05-19,1575.8887939453125,1615.6936337374784,1528.0544942105062,1528.0544942105062,171175
2020-05-20,1609.818359375,1615.6936088617701,1552.0450727550942,1566.782204697312,94515
2020-05-21,1595.1302490234375,1681.9859735177038,1582.8901458234418,1615.4978285611335,265352
2020-05-22,1613.637451171875,1654.8620984759766,1576.6233280202741,1594.151181253781,42951
2020-05-26,1613.0008544921875,1661.1778545111333,1600.1732498092651,1626.3670715471105,17726
2020-05-27,1580.3931884765625,1629.7453107187687,1534.4194065897927,1619.6105287169862,68553
2020-05-28,1591.5072021484375,1599.0470577923636,1546.3656066057754,1583.820321829632,52083
2020-05-29,1629.2557373046875,1660.4925065803957,1564.7748934191197,1591.5073283348684,80815
2020-06-01,1688.39990234375,1742.9907647799766,1640.1738938238545,1654.8620182461577,26873
2020-06-02,1657.9466552734375,1730.2611686061246,1647.0284581751564,1704.8017512978283,12817
2020-06-03,1704.2139892578125,1711.6559477328092,1654.9597685782296,1684.2381179064255,35736
2020-06-04,1642.2303466796875,1713.5167644041528,1635.3758880343455,1712.0479518372938,77828
2020-06-05,1647.9586181640625,1681.0068994420105,1635.326926279194,1649.9660430620004,34961
2020-06-08,1609.1820068359375,1674.4462668144272,1586.4154128573202,1671.5086417849282,33205
2020-06-09,1600.6138916015625,1640.1739315281573,1576.5253909016915,1614.714515277571,16084
2020-06-10,1704.7037353515625,1724.77750528931,1591.3113675976251,1613.735261336976,46302
2020-06-11,1673.9566650390625,1756.6997701550617,1654.8621023199858,1679.3423109341866,101415
2020-06-12,1612.217529296875,1639.1457587423602,1601.005641577026,1625.583747091724,62584
2020-06-15,1556.8922119140625,1619.5615440455924,1533.4892288220062,1600.0263859831232,39347
2020-06-16,1555.3255615234375,1576.4764380138013,1540.2947372312267,1566.7333627272492,46391
2020-06-17,1589.402099609375,1596.1096530793584,1535.056034734587,1554.5423053258755,33461
2020-06-18,1611.923828125,1625.192029374179,1586.4644113587988,1589.4020363702837,44224
2020-06-19,1581.07861328125,1640.516505811487,1553.5138773375766,1625.4856831896484,57781
2020-06-22,1575.4482421875,1623.527345335308,1556.9411815941735,1575.4971308826584,82152
2020-06-23,1556.45166015625,1591.1645480794477,1542.3021474222824,1576.5254311743079,39779
2020-06-24,1586.2196044921875,1596.1095847612485,1554.9828347244556,1569.2303638001088,42380
2020-06-25,1595.9136962890625,1598.2637005260244,1560.907000416549,1588.4716177644823,30469
2020-06-26,1591.4093017578125,1613.7352990970612,1576.9659791475688,1597.08875778356,38106
2020-06-29,1595.962646484375,1602.7192077566572,1568.8875126989108,1591.4093039183415,15264
2020-06-30,1573.538818359375,1601.0056605318662,1561.4456190807716,1586.1706300461722,138452
2020-07-01,1553.95458984375,1591.164505865649,1544.2115149088168,1583.3798475634474,27466
2020-07-02,1606.68505859375,1613.5884055274896,1546.4147387101702,1556.941228145747,40106
2020-07-03,1575.1544189453125,1613.7352491730128,1565.2644392008865,1613.7352491730128,15460
2020-07-06,1574.3712158203125,1591.4093452991933,1554.9828428882695,1575.4483210871442,129414
2020-07-07,1598.2637939453125,1604.2370604048017,1571.1397709233322,1575.5462084235846,47439
2020-07-08,1611.5809326171875,1633.319307238759,1582.0087727212106,1603.9430607056877,33951
2020-07-09,1594.8856201171875,1624.0170688959972,1585.3383385846364,1624.0170688959972,40378
2020-07-10,1600.8587646484375,1609.7695368247123,1574.5670440690374,1586.8071485782805,30182
2020-07-13,1614.910400390625,1623.429584952197,1599.5858849841936,1608.8883645245364,22917
2020-07-14,1615.302001953125,1621.0793548802928,1579.2181996878237,1581.4214183821643,21739
2020-07-15,1584.6038818359375,1640.1739546270326,1576.5254131041925,1615.6937463490171,17659
2020-07-16,1604.9224853515625,1614.1759564444342,1578.5328681368774,1579.0224723117865,19031
2020-07-17,1644.6292724609375,1662.303909743933,1591.213414338993,1613.7352042034836,23115
2020-07-20,1666.2208251953125,1698.9264064360382,1650.0638881888603,1654.8620327820777,27186
2020-07-21,1711.4600830078125,1738.0944973515116,1631.409815312891,1678.2649022223682,36762
2020-07-22,1649.672119140625,1733.1986321052684,1638.215430232833,1733.1986321052684,28336
2020-07-23,1664.6051025390625,1678.705725972012,1645.069944757967,1645.069944757967,20258
2020-07-24,1659.905029296875,1686.1967491268065,1649.9660408122352,1661.1290397129078,20677
2020-07-27,1657.5548095703125,1664.409267503848,1617.8968743834287,1664.409267503848,101714
2020-07-28,1621.4710693359375,1663.723931946589,1605.90163325343,1659.7580904661972,22093
2020-07-29,1612.1685791015625,1639.1947044440074,1601.0055805053478,1624.310786003897,7707
2020-07-30,1625.436767578125,1645.0209335516909,1611.9237647757222,1620.247035314488,6440
2020-07-31,1619.7574462890625,1654.8620402180034,1607.8600414425807,1624.2617805985876,15510
2020-08-03,1603.11083984375,1635.2778075407189,1591.2134354812383,1617.6520587169266,22146
2020-08-04,1603.6004638671875,1634.2007226213616,1583.3307807490662,1611.1403198113117,20497
2020-08-05,1619.36572265625,1660.6393763192928,1597.3825441812442,1610.650744898465,71727
2020-08-06,1676.012939453125,1703.822479694827,1620.589772353413,1640.1739387866871,289731
2020-08-07,1631.6546630859375,1674.3970051704343,1625.485603644747,1666.612347833349,24243
2020-08-10,1625.681640625,1653.0015772572804,1616.9667820121101,1653.0015772572804,14544
2020-08-11,1569.9156494140625,1665.5842490034693,1551.0658903301887,1630.234854576007,122078
2020-08-12,1606.831787109375,1613.7352533300323,1569.6708805145886,1569.6708805145886,118581
2020-08-13,1638.7540283203125,1648.937698579766,1606.8317434772484,1606.9786486224298,29425
2020-08-14,1669.648193359375,1679.5381741414342,1632.3893860294372,1643.8460763210437,57158
2020-08-17,1638.50927734375,1684.2382566145066,1632.3402173118502,1674.446173727213,51833
2020-08-18,1639.3905029296875,1649.7211984013761,1621.5199512924564,1636.3060923824974,34782
2020-08-19,1655.10693359375,1660.6883734433084,1631.3611308192205,1647.6159657192484,17999
2020-08-20,1650.79833984375,1664.6051533954796,1635.277911713877,1651.924453330126,15864
2020-08-21,1715.426025390625,1777.0672591976333,1635.3268586863155,1651.0430800806482,127052
2020-08-24,1765.953125,1787.0551112498547,1714.6427067466348,1747.8867800443784,42442
2020-08-25,1793.2730712890625,1811.4863215086027,1738.4374072538158,1780.2006645728266,56117
2020-08-26,1811.1436767578125,1829.1611336726037,1773.346259679382,1793.273124996825,37826
2020-08-27,1802.1348876953125,1850.6545847766201,1777.2629742321142,1825.24417849513,29655
2020-08-28,1788.6710205078125,1828.1330467070616,1782.2082690727573,1821.327596243684,15796
2020-08-31,1764.190673828125,1801.7432885720739,1748.3274275028602,1772.416047530233,61015
2020-09-01,1792.5877685546875,1831.070584533508,1727.323508895466,1762.7708029317741,37426
2020-09-02,1795.427490234375,1821.3765111087273,1787.0552111582335,1792.6366508541496,21496
2020-09-03,1782.69775390625,1818.536754494052,1777.2630999200344,1818.536754494052,18349
2020-09-04,1774.423095703125,1787.691414180286,1762.5747007876132,1782.1588641296978,38137
2020-09-07,1740.6895751953125,1777.2629795456264,1728.3025668859673,1777.2629795456264,76528
2020-09-08,1738.143798828125,1748.8660822586291,1735.2550625272065,1746.9076655931658,40147
2020-09-09,1698.730712890625,1737.066624607322,1678.4610280936117,1737.066624607322,63192
2020-09-10,1714.2021484375,1733.1009177894457,1698.926521773541,1698.926521773541,14394
2020-09-11,1711.4112548828125,1740.9832968410208,1703.8223907859212,1714.2019745474756,12039
2020-09-14,1823.0902099609375,1887.6689548183808,1724.7286564563285,1734.227049463068,30999
2020-09-15,1790.7271728515625,1884.9759714226973,1774.912934951096,1824.2650570184337,54072
2020-09-16,1771.975341796875,1815.1095158582511,1757.3362253097894,1793.9096319454559,27949
2020-09-17,1723.3087158203125,1780.6412902237776,1715.0833421712173,1769.3803947427791,29050
2020-09-18,1826.860107421875,1870.2879744402505,1715.3282509035125,1718.5106780851518,407835
2020-09-21,1761.9873046875,1936.1394636680723,1739.318610363087,1880.0797927640403,57551
2020-09-22,1754.54541015625,1771.632546500558,1723.4065396385142,1742.403203811436,21195
2020-09-23,1739.269775390625,1787.4468965985634,1730.2611066324962,1767.4220146751095,27032
2020-09-24,1656.72265625,1733.1988056315836,1642.377229799759,1733.1988056315836,39703
2020-09-25,1701.9130859375,1752.7829108731175,1648.0076195527693,1648.0076195527693,37341
2020-09-28,1688.39990234375,1737.017618088026,1684.238267090764,1724.0431081816582,18171
2020-09-29,1726.050537109375,1747.348319047345,1689.1344295631357,1693.051263022992,82547
2020-09-30,1810.115478515625,1820.3481570292172,1705.878687422542,1725.3649557210763,48014
2020-10-01,1803.505859375,1847.1295165649124,1741.0323232475873,1819.0751754137789,38391
2020-10-05,1766.344970703125,1814.4730853516369,1756.6997922940293,1778.2423761460186,10405
2020-10-06,1760.9102783203125,1786.1248912522847,1729.8693044672277,1770.408550718676,58999
2020-10-07,1780.396484375,1813.6895665960915,1740.8365646557488,1767.4709826197168,37013
2020-10-08,1717.8251953125,1779.8090099505055,1699.1222208647976,1762.5749675079912,28817
2020-10-09,1729.0860595703125,1740.8854478360474,1708.7184791690315,1721.4481870367663,9564
2020-10-12,1706.12353515625,1761.057096157203,1693.1490253519162,1754.7412505181867,15933
2020-10-13,1700.1014404296875,1719.4898130134748,1688.1551467171016,1707.7393131523347,9080
2020-10-14,1697.6044921875,1718.5105654735605,1684.238274994031,1718.5105654735605,53132
2020-10-15,1697.0657958984375,1731.2401877647244,1691.0926494738003,1691.0926494738003,29330
2020-10-16,1693.6876220703125,1733.198652183987,1666.6124892752234,1705.438121407153,23405
2020-10-19,1685.85400390625,1722.4274102283525,1674.9848156162645,1711.558221938367,10768
2020-10-20,1663.381103515625,1697.6045055693169,1652.9036224421968,1685.8049976554464,29842
2020-10-21,1670.0887451171875,1690.8479130310868,1656.8204249883302,1663.3810727117266,8788
2020-10-22,1759.8331298828125,1777.2140774145835,1650.7494195909171,1670.5293796733226,75629
2020-10-23,1711.949951171875,1768.597128494797,1699.122226572773,1759.8331423242207,17321
2020-10-26,1675.4254150390625,1726.3932552849217,1669.5501651908835,1711.6561224361667,12712
2020-10-27,1723.259765625,1749.69839068813,1665.8291728314143,1665.8291728314143,48347
2020-10-28,1717.090576171875,1731.8275877702533,1686.490320113469,1715.572755658478,18761
2020-10-29,1682.4757080078125,1710.5790588518698,1674.4462474993773,1689.3301663309094,7727
2020-10-30,1663.8707275390625,1703.626680909278,1655.4495599035977,1683.2591000647565,16780
2020-11-02,1626.5140380859375,1693.051196039897,1586.317488481569,1693.051196039897,84306
2020-11-03,1656.4287109375,1665.6332927226076,1636.257044173708,1645.020910511225,22226
2020-11-04,1659.66015625,1676.6984044191097,1642.2792090855075,1656.428721076936,16880
2020-11-05,1713.71240234375,1718.2167365658336,1659.758049536651,1659.758049536651,16684
2020-11-06,1689.28125,1738.0947606388115,1684.2383032669047,1723.406635901019,17688
2020-11-09,1681.3006591796875,1709.501906168117,1669.5991677513598,1697.60450135949,17565
2020-11-10,1696.67431640625,1722.3785364447754,1674.5442308700124,1685.217626144845,45623
2020-11-11,1687.37158203125,1709.6975775927865,1682.671454224575,1684.2381634934666,9492
2020-11-12,1702.794189453125,1723.4065715450195,1680.3704154832626,1687.3716590543556,337131
2020-11-13,1693.9814453125,1716.5522457000723,1680.713243826365,1716.5522457000723,8124
2020-11-14,1731.240234375,1760.3226723997302,1694.0303198352658,1697.9471529447117,23275
2020-11-17,1705.487060546875,1733.149695220564,1701.031734469232,1733.149695220564,10893
2020-11-18,1759.3927001953125,1764.5825525503321,1704.606037794822,1713.6147073002903,26103
2020-11-19,1752.8319091796875,1764.533400845194,1720.469026240292,1720.469026240292,25115
2020-11-20,1763.8480224609375,1772.367087166455,1747.446282842132,1757.6789621346888,12804
2020-11-23,1800.07861328125,1806.6392608872866,1748.1315666661399,1748.1315666661399,16509
2020-11-24,1831.85400390625,1845.7587145353946,1780.2007639190497,1811.5354308307162,70968
2020-11-25,1886.05322265625,1910.4355350417093,1819.3691563851849,1819.3691563851849,52100
2020-11-26,1874.449462890625,1914.3522005752498,1831.1194962024128,1914.3522005752498,25255
2020-11-27,1817.753173828125,1905.2944134953275,1790.4822485294649,1860.4956369734664,56834
2020-12-01,1844.632568359375,1874.1067130846511,1784.1174500667116,1830.1402382956555,23324
2020-12-02,2069.067138671875,2138.8357300729026,1866.3710204962583,1867.3012205687,218908
2020-12-03,2031.563232421875,2083.608292400067,1996.0180459966646,2073.9629958727796,78022
2020-12-04,1985.83447265625,2049.2872195954506,1958.416639700444,2049.2872195954506,34364
2020-12-07,2028.380859375,2047.034824145555,2003.4600574990698,2007.3768904560573,32874
2020-12-08,1996.8507080078125,2032.8366163168903,1979.665552961588,2032.8366163168903,26185
2020-12-09,2001.74658203125,2030.878029170998,1978.5393929630793,2006.7406400238754,28099
2020-12-10,1936.433349609375,2007.3279322723922,1929.040279405855,1982.8967339070339,28192
2020-12-11,1937.1678466796875,1977.9028884522813,1919.2482868012396,1952.5413693273836,24154
2020-12-14,1905.490234375,1965.2709454770782,1889.7740137800004,1948.624405331034,136481
2020-12-15,1905.735107421875,1927.0328875196842,1893.4461152227254,1914.3031798750167,16498
2020-12-16,1942.1126708984375,1965.2709700624764,1899.664016901447,1909.945703590862,35710
2020-12-17,1980.155029296875,2006.691670560941,1949.603777334376,1949.603777334376,177952
2020-12-18,1978.0499267578125,2022.0652954239874,1947.5475619542842,1983.0927542658608,202858
2020-12-21,1968.1107177734375,2017.071011542014,1911.7572342512724,1970.1180229994163,178205
2020-12-22,1947.15576171875,1997.487093722937,1914.3522827056354,1968.159732557524,44524
2020-12-23,1949.4080810546875,1978.0009177960583,1939.8117911653421,1947.1558539789414,9566
2020-12-24,1954.8914794921875,1991.0242897696648,1935.6990206649796,1959.053114778823,46279
2020-12-28,2018.099365234375,2032.738481993659,1956.4582485108658,1967.229540169334,55495
2020-12-29,1963.7042236328125,2040.6699672034192,1941.9657290382595,2033.081103361852,81137
2020-12-30,1953.5206298828125,1987.7929216351426,1943.6795382953078,1981.3790592228709,23591
2020-12-31,1933.2998046875,1982.8967269748282,1901.6224413753662,1957.4373122087316,78118
2021-01-01,1927.1798095703125,1982.847776890502,1915.674112175184,1933.9363706704996,97568
2021-01-04,1994.5003662109375,2007.5237646482253,1935.7968774906963,1952.2475049165748,51394
2021-01-05,1969.775390625,2008.2582050614815,1943.7284737745742,2007.3770132180741,33328
2021-01-06,1946.372314453125,1979.5186114487135,1927.1309667431578,1978.9799990640681,34882
2021-01-07,1926.298583984375,1968.3066453573308,1917.2899151377987,1946.3723548017012,83202
2021-01-08,1959.199951171875,1972.1254525014836,1933.9853382612926,1935.8457383453922,54808
2021-01-11,1979.0289306640625,1989.1147041703896,1958.465556902961,1982.8967555347942,16206
2021-01-12,1965.41796875,1988.772062863884,1951.072543208414,1978.979979836489,390610
2021-01-13,2022.8487548828125,2061.821296906867,1971.8809099922628,1979.9593792696985,127499
2021-01-14,2055.16259765625,2101.4301936540096,2012.7628269501558,2025.9821400923727,89585
2021-01-15,2056.239501953125,2078.124904024908,2013.3013595906962,2027.6466661766685,31862
2021-01-18,2018.3441162109375,2086.6929039078254,2007.3770309765566,2066.1295294441634,20368
2021-01-19,2028.7728271484375,2048.405762458597,2004.4884133139756,2004.4884133139756,51696
2021-01-20,2137.268798828125,2177.7591557352494,2013.9375671154637,2033.668756861756,206918
2021-01-21,2147.893310546875,2187.5512449335392,2119.985875237741,2154.2581642138703,171124
2021-01-22,2034.4033203125,2171.8840741023637,2007.4260830309188,2147.893470037662,42449
2021-01-25,1942.8470458984375,2041.6491812626346,1937.8531077787786,2041.6491812626346,37631
2021-01-27,1941.4273681640625,1955.3810864984487,1918.415973016127,1940.7908588599007,52891
2021-01-28,1881.3529052734375,1956.8987280117997,1873.2254287836365,1931.9779252431338,184508
2021-01-29,1913.52001953125,1919.1504675392548,1877.142405451339,1894.768155737267,35593
2021-02-01,1887.17919921875,1917.6325534914142,1880.0799390322998,1914.3522295875762,19485
2021-02-02,1898.978759765625,1919.7869367516485,1894.8171243684203,1914.352282714157,34268
2021-02-03,1924.43798828125,1973.1045896523285,1872.2461416452866,1906.5184298030192,57501
2021-02-04,1998.8580322265625,2036.6065615459343,1942.7493465324508,1942.7493465324508,72775
2021-02-05,1958.171875,2026.9122525527637,1951.0726145455683,2025.0028441055133,11228
2021-02-08,1937.5594482421875,1979.8613192386376,1929.0403837006793,1978.0007995306457,24875
2021-02-09,1952.0028076171875,1982.8968783997298,1913.3730866138628,1938.7834950945228,57399
2021-02-10,1921.794189453125,1951.8559560416052,1909.7499990587958,1951.8069478136035,52338
2021-02-11,1910.435302734375,1940.2521462429797,1902.5037397868293,1921.7940945694504,22701
2021-02-12,1926.249755859375,1936.8741426952076,1891.78154975029,1892.80976634471,33698
2021-02-15,1929.334228515625,1958.4166682258724,1909.9458556872821,1936.3844807083312,40081
2021-02-16,1909.3583984375,1949.897648307124,1901.6716367446572,1939.5179441013659,39348
2021-02-17,1885.2208251953125,1914.3522728252622,1879.9820845699933,1909.3583342808668,13006
2021-02-18,1891.1939697265625,1930.7050016324129,1865.6366564161353,1875.1839375603724,43115
2021-02-19,1829.30810546875,1891.683629636421,1821.3275334988468,1884.9760763361721,35066
2021-02-22,1818.43896484375,1840.9607575212274,1791.951330425373,1830.8748634223175,65689
2021-02-23,1804.1422119140625,1832.8330617622994,1755.720411240712,1818.4387481445065,42936
2021-02-24,1762.5260009765625,1828.1329596525782,1743.97005077588,1803.701759421208,36544
2021-02-25,1780.93505859375,1796.9450900593984,1749.3065833485002,1779.2214441043814,116972
2021-02-26,1781.4248046875,1785.1947329580678,1748.621324705622,1765.512668875395,54714
2021-03-01,1770.4085693359375,1796.8471928824367,1760.616486540938,1785.1945904499348,49413
2021-03-02,1781.4248046875,1785.9781474571103,1754.3007809930048,1770.408710663735,38165
2021-03-03,1796.5045166015625,1838.610473152343,1777.9974559786042,1805.660090224175,1007114
2021-03-04,1859.4185791015625,1929.040262117209,1807.9611374946192,1811.5352715313893,317142
2021-03-05,1858.97802734375,1886.640662979756,1836.8969509713609,1863.433473108651,91121
2021-03-08,1877.4361572265625,1897.705721610424,1850.7527305424117,1875.4777405891934,100843
2021-03-09,1899.370361328125,1906.4696217633843,1865.0980695717008,1884.9760466033338,194412
2021-03-10,1878.4642333984375,1909.4562002473667,1866.3710347033236,1903.580950400452,75900
2021-03-12,1890.1658935546875,1908.477041574227,1841.7929779839103,1870.2879165760767,179507
2021-03-15,1861.4259033203125,1909.1623062334581,1850.703620632725,1904.560075201402,82784
2021-03-16,1861.230224609375,1880.0799848743918,1841.8908601816306,1880.0799848743918,26869
2021-03-17,1849.6265869140625,1868.3294415895598,1836.0155675998033,1868.3294415895598,31851
2021-03-18,1800.6661376953125,1870.238814567341,1777.2630357968249,1850.605760188777,113070
2021-03-19,1830.483154296875,1836.0157055293246,1755.9654207682458,1800.6663070519878,36645
2021-03-22,1873.42138671875,1884.9760931807662,1834.1551553854385,1834.1551553854385,52126
2021-03-23,1862.209228515625,1881.0589867114581,1842.967763126155,1881.0589867114581,46351
2021-03-24,1837.68017578125,1858.5373604634235,1808.5977369736265,1826.2234864406137,73350
2021-03-25,1849.57763671875,1866.3710835437637,1812.514625204358,1830.727876299958,127163
2021-03-26,1878.366455078125,1889.8721534214942,1850.7038186355564,1859.3209001013715,54745
2021-03-30,1933.5447998046875,1958.4167160043976,1880.1290555950297,1888.1585163177397,60060
2021-03-31,2010.0208740234375,2051.441433841838,1930.0686101871088,1933.5447280095816,92875
2021-04-01,2010.657470703125,2041.2087220366932,1948.4287350453983,2041.2087220366932,115870
2021-04-05,1939.419921875,2017.1690842723378,1933.9363793387704,2011.2938345123212,25054
2021-04-06,1933.74072265625,1957.4375172229288,1900.937242502689,1957.4375172229288,27409
2021-04-07,1921.10888671875,1943.9243695656387,1911.4147001425158,1933.9364922036214,21309
2021-04-08,1916.5064697265625,1957.9760375666585,1909.456217658882,1915.3314675593708,15504
2021-04-09,1925.9559326171875,1944.7568047866366,1909.4562957119765,1919.1993710489833,11518
2021-04-12,1862.4542236328125,1925.9558592440187,1845.4649831964532,1914.3522645647467,25342
2021-04-13,1850.31201171875,1900.6433431141613,1808.3039510170381,1900.6433431141613,40203
2021-04-15,1818.194091796875,1846.5911336298861,1811.5354272782963,1846.5911336298861,15553
2021-04-16,1861.5728759765625,1882.9685534337646,1808.4019369844125,1811.5353557327746,29968
2021-04-19,1822.404541015625,1860.4957677459286,1801.7432698171096,1839.9323934708418,16379
2021-04-20,1818.1448974609375,1853.5921878939412,1791.9510770720428,1826.2233654313443,24855
2021-04-22,1831.5601806640625,1840.8626598378075,1807.6185847087522,1808.6468012724415,63121
2021-04-23,1833.5185546875,1858.5373748542124,1804.6809177325151,1832.0987504490156,53301
2021-04-26,1860.8875732421875,1889.7742195826443,1825.097460217629,1838.904274053563,15535
2021-04-27,1866.0284423828125,1904.5602675919067,1842.2826395606512,1870.238966627792,17901
2021-04-28,1880.226806640625,1890.5573822966533,1865.3917772614634,1865.3917772614634,7155
2021-04-29,1841.0584716796875,1891.4876981032821,1831.1194837305268,1880.0798977340169,11826
2021-04-30,1824.020263671875,1851.58500126635,1817.557512788241,1839.73660472431,10098
2021-05-03,1787.4957275390625,1827.2026715641464,1782.208098391857,1823.2858383989499,48626
2021-05-04,1832.7840576171875,1848.7452001132724,1782.1590382447857,1782.1590382447857,44668
2021-05-05,1839.9814453125,1852.2215493378026,1817.606439528434,1844.8284786936133,29308
2021-05-06,1804.827880859375,1840.2751750542782,1795.868100616693,1839.981484270812,38468
2021-05-07,1790.9720458984375,1819.6628979458028,1787.0552125558493,1795.9170958063619,26022
2021-05-10,1781.4737548828125,1834.595806555732,1776.283902943335,1806.100748650067,42932
2021-05-11,1805.0726318359375,1827.2027158492015,1776.4307886212596,1776.4307886212596,43743
2021-05-12,1880.814453125,1909.1624872686032,1787.5448570504686,1787.5448570504686,143078
2021-05-14,1836.9456787109375,1909.8966937305415,1828.181812638935,1900.6432235308907,30054
2021-05-17,1884.388427734375,1898.6848446385068,1833.8613046664345,1855.5996805518157,22200
2021-05-18,1890.655517578125,1933.9364785510177,1867.2524142603452,1874.2047695932395,43472
2021-05-19,1903.1402587890625,1924.1442281228437,1891.3897596860222,1902.6016464339366,36990
2021-05-20,1925.760009765625,1933.9363750905682,1899.6640848990896,1922.185875596347,20772
2021-05-21,1943.7283935546875,1953.5204761418647,1920.227395345462,1933.93631096751,22195
2021-05-24,1916.898193359375,1960.375066901404,1900.6923672979065,1960.375066901404,19576
2021-05-25,1902.74853515625,1950.5828342688926,1871.8055783584357,1940.8397599929524,30662
2021-05-26,1860.201904296875,1884.9759213619648,1842.8699657159573,1884.9759213619648,92559
2021-05-27,1893.788818359375,1925.6130875406984,1862.6499471628986,1885.9551520993568,83388
2021-05-28,1912.051025390625,1924.1442234483397,1899.8109221880272,1924.1442234483397,15590
2021-05-31,1886.5916748046875,1924.1442887992278,1878.1214991943607,1924.1442887992278,22131
2021-06-01,1867.447998046875,1904.560013999905,1857.1174229036578,1887.5707750565368,42118
2021-06-02,1894.4742431640625,1899.664094947701,1868.7700253844866,1891.8304285767827,20676
2021-06-03,1908.574951171875,1919.1993377521073,1890.9982092856103,1903.5810125454161,22918
2021-06-04,1889.039794921875,1933.9364734496835,1880.0800146953886,1901.4268043418165,13312
2021-06-07,1898.3421630859375,1925.1234857384613,1882.6748305468655,1897.9014476389193,22293
2021-06-08,1932.173828125,2002.236231919742,1888.8928677702322,1888.8928677702322,104750
2021-06-09,1905.7841796875,1953.6674901124982,1899.6641277296083,1932.9572103805394,57769
2021-06-10,1916.7025146484375,1946.6662672908255,1905.539515164963,1930.0197247636906,24963
2021-06-11,1922.57763671875,1940.9866813897702,1899.9089402358454,1938.8324709016745,16674
2021-06-14,1923.0181884765625,1947.6453010310447,1910.729196079309,1947.6453010310447,36941
2021-06-15,1924.8297119140625,1938.5876363735385,1919.24827240416,1938.5876363735385,35179
2021-06-16,1946.5682373046875,1958.416634034141,1914.3522597683727,1933.9364261087142,85356
2021-06-17,1939.66455078125,1987.7926580084466,1929.040165653517,1954.4995790073199,50281
2021-06-18,1941.9659423828125,1966.2013489264511,1912.393898170755,1958.3187934669725,25222
2021-06-21,1975.01416015625,1998.5641679094906,1917.5346799650956,1917.5346799650956,18750
2021-06-22,1986.177001953125,1999.543218283459,1949.75050338006,1997.5848018110953,32529
2021-06-23,1987.7928466796875,2010.7062252471305,1949.6037230242648,1997.5849296682572,30135
2021-06-24,2027.59765625,2052.420683327316,1974.2309211823929,2001.5018495806462,44921
2021-06-25,2072.494384765625,2090.6097384713485,2012.5178758750535,2046.5453645925613,46895
2021-06-28,2096.6318359375,2123.9028837591145,2066.1295918541873,2090.6098002884787,55567
2021-06-29,2105.151123046875,2128.798908581244,2057.9530903078444,2081.7969087597635,35848
2021-06-30,2095.652587890625,2123.902843514311,2039.8377137180496,2105.297885456786,42640
2021-07-01,2070.04638671875,2134.1845316241797,2051.44142865458,2134.1845316241797,19283
2021-07-02,2106.325927734375,2118.8108327663354,2060.3521487825283,2065.6397776408485,14215
2021-07-05,2105.3466796875,2124.490248187431,2081.9434598078747,2106.3258879067853,35632
2021-07-06,2120.96533203125,2143.4381163375087,2098.6393333548544,2110.194039947989,21313
2021-07-07,2124.783935546875,2175.8007821861383,2095.456695589088,2124.881951999964,135057
2021-07-08,2097.709228515625,2122.9238452196873,2075.9218412664836,2122.9238452196873,71442
2021-07-09,2030.486328125,2104.073732678744,2019.4702352837498,2095.456652243352,76156
2021-07-12,2026.5206298828125,2056.2394590061585,1999.3475989570363,2046.5453922476402,32439
2021-07-13,2074.795654296875,2088.7493729230464,2017.0223631429035,2026.961232012223,44649
2021-07-14,2023.533935546875,2085.664653865327,2012.273040188158,2075.9215791722118,27576
2021-07-15,1982.7498779296875,2041.5512639011522,1978.000741639629,2026.8143704192678,20812
2021-07-16,2004.1456298828125,2040.1315358071383,1974.3777924446933,1987.695001751052,24801
2021-07-19,2019.7152099609375,2033.8157143770247,1983.876089228624,2007.3280810687404,10598
2021-07-20,1999.1026611328125,2019.715042716813,1983.4842177436715,2015.700193244855,14642
2021-07-22,1996.556640625,2010.0207542452563,1984.022846574226,1999.0536695092965,15028
2021-07-23,1981.47705078125,2004.8800340864955,1973.10477180263,2004.8800340864955,6170
2021-07-26,1960.032470703125,1996.6058796584873,1944.7568439363708,1968.208836740343,13727
2021-07-27,1965.2220458984375,2003.5091859768318,1949.6037213579227,1973.104720510404,15043
2021-07-28,1943.4837646484375,1980.3998714783042,1922.2349913539658,1978.0008588436044,7864
2021-07-29,1957.1436767578125,1980.840590491789,1933.9364867299605,1978.0008623769722,29985
2021-07-30,1959.10205078125,1980.8894360432682,1948.8693715834559,1978.0008192933453,8276
2021-08-02,1923.8995361328125,1977.0215872004828,1918.2690883237967,1976.9725789718461,37629
2021-08-03,1953.569580078125,1978.0007795171766,1921.2557059572998,1929.9216755650684,11767
2021-08-04,1944.60986328125,1986.81371876301,1924.1933933305281,1959.885489454985,14884
2021-08-05,1908.1832275390625,1969.6285503328922,1904.560204525879,1969.6285503328922,12843
2021-08-06,1908.13427734375,1943.7284751356246,1896.775484972332,1910.435392941866,8355
2021-08-09,1922.92041015625,1946.372402482485,1913.373128679981,1913.373128679981,15101
2021-08-10,1928.4527587890625,1953.520466177927,1903.3360431746091,1920.2273855513356,29036
2021-08-11,1908.47705078125,1944.7077592876153,1900.6433840771708,1920.2275508373684,19359
2021-08-12,1908.574951171875,1958.4166795734734,1904.5602208852029,1910.4354709239233,54800
2021-08-13,1888.0115966796875,1949.4569206731423,1865.391907689746,1913.373116863918,187248
2021-08-16,1965.858642578125,1997.5850167506178,1888.0115794253436,1924.1443911347862,211880
2021-08-17,1949.7506103515625,1982.8477788310074,1932.9081560458328,1982.8477788310074,87642
2021-08-18,1948.8692626953125,1961.5499620005617,1921.4024228620074,1943.973221336952,16089
2021-08-20,1919.3463134765625,1953.5207096980353,1880.0310732822002,1953.5207096980353,91109
2021-08-23,1888.4522705078125,1947.5963579473964,1880.1289997121853,1932.9572412432885,114414
2021-08-24,1885.0250244140625,1897.6078274208453,1857.6071914513693,1888.452253534399,40076
2021-08-25,1897.607666015625,1908.1341545613052,1884.241449676752,1900.6431876432769,81649
2021-08-26,1907.4456787109375,1914.282882364102,1895.0501097385131,1912.4629185223957,31398
2021-08-27,1901.542724609375,1913.987528575883,1888.8519763751099,1895.7384158723107,5584
2021-08-30,1931.0069580078125,1964.55373485951,1908.527674111659,1931.597200280778,16088
2021-08-31,1988.70556640625,2023.5311824543594,1936.0734873546871,1936.0734873546871,119019
2021-09-01,1951.8631591796875,2015.7594388918758,1938.0410417847706,2015.7594388918758,18955
2021-09-02,1968.833251953125,1991.5584800265117,1922.8416703396108,1957.716522158143,34127
2021-09-03,2063.030029296875,2074.6876450314944,1968.5381810176289,1968.5381810176289,225594
2021-09-06,2044.141357421875,2110.2018940710436,2027.5646171004294,2078.7210266536667,37245
2021-09-07,2031.30322265625,2065.9321322658525,2003.9541682978772,2027.6140581343468,97464
2021-09-08,2007.1513671875,2061.0131671402096,1989.4433781619516,2061.0131671402096,13137
2021-09-09,2058.65234375,2065.932199237221,2002.0359156825248,2024.6135552524765,22274
2021-09-13,2061.849609375,2086.591510707194,2021.6129764466748,2059.0457481896074,40884
2021-09-14,2070.85107421875,2085.115844088665,2026.5810987603918,2062.980856359486,30850
2021-09-15,2106.562255859375,2162.6867955389184,2056.094435320066,2056.094435320066,125695
2021-09-16,2063.079345703125,2116.9901463013894,2042.420023666859,2093.477966341635,30502
2021-09-17,2063.718505859375,2079.9508287513686,2043.551074387504,2065.932004435556,35722
2021-09-20,2028.2532958984375,2075.9172506337604,2009.7091206958087,2061.3083041090467,31105
2021-09-21,2015.9068603515625,2055.0612391420923,2005.921618303989,2045.272704489452,15353
2021-09-22,1992.9359130859375,2046.1091191365206,1977.3921851862879,2020.9735634729072,38291
2021-09-23,1974.293212890625,2007.790873960349,1957.0279954074097,1992.640681345599,90650
2021-09-24,1911.87255859375,2001.0519822511892,1904.592583584778,1987.0822745118137,80280
2021-09-27,1947.9281005859375,1973.8997226964748,1917.381770369352,1917.381770369352,55237
2021-09-28,1890.7705078125,1965.390103174851,1884.9663185079166,1951.8139300207677,35230
2021-09-29,1889.8359375,1928.154010112431,1884.9170516657991,1905.92067015984,18358
2021-09-30,1923.57958984375,1936.5654007306114,1879.8998585397785,1913.3973998436095,31905
2021-10-01,1897.6077880859375,1916.9881501034133,1889.8359245033507,1908.0358019647313,11349
2021-10-04,1909.2161865234375,1923.2350103202489,1891.0655469067153,1910.2492005234046,23893
2021-10-05,1904.54345703125,1925.2027786079498,1884.0809629521332,1925.2027786079498,393459
2021-10-06,1853.386962890625,1955.650672400931,1844.5329683056627,1947.878808691689,109987
2021-10-07,1852.55078125,1897.9028851714932,1845.713577893816,1897.706177771742,34056
2021-10-08,1845.2708740234375,1892.4430635337158,1835.0888038668263,1856.387604588235,122717
2021-10-11,1859.3388671875,1863.2739759011245,1839.6633236193784,1859.5355745871861,89018
2021-10-12,1822.79150390625,1869.2258583457692,1819.9877629920704,1853.436186744357,133828
2021-10-13,1820.873291015625,1849.5011842647023,1810.1500952377937,1849.5011842647023,409108
2021-10-14,1856.584228515625,1876.8992511086494,1825.841191931141,1831.104495866394,64179
2021-10-18,1884.7694091796875,1889.835885467417,1859.4371478310222,1863.2246658010783,79691
2021-10-19,1879.6046142578125,1894.7548065106296,1864.3069515032676,1894.7548065106296,360471
2021-10-20,1880.8343505859375,1893.918634928249,1869.2258520824448,1883.9332726764835,28703
2021-10-21,1856.53515625,1898.689985007956,1822.7424336436336,1884.7695136905475,106263
2021-10-22,1906.1175537109375,1915.4142001750208,1859.3389000158136,1859.3389000158136,69944
2021-10-25,1880.8836669921875,1933.1222126911878,1871.1442486201727,1916.3980001640884,36233
2021-10-26,1875.91552734375,1898.9359378115814,1871.4394131436097,1898.9359378115814,19553
2021-10-27,1899.8704833984375,1908.4294171050205,1871.2425908543282,1875.9155325612014,39662
2021-10-28,1917.5784912109375,1931.1546647556595,1881.8674505137199,1899.8705014169477,37747
2021-10-29,1886.5404052734375,1923.2844603313345,1860.4210721112017,1905.5764704152402,56770
2021-11-01,1906.1666259765625,1917.086528576515,1863.2739652609912,1886.5403194154312,16174
2021-11-02,1907.150390625,1922.300583004445,1891.2132485664847,1917.381697172806,289098
2021-11-03,1849.3043212890625,1942.861503562356,1842.663825574381,1942.861503562356,41005
2021-11-04,1874.98095703125,1887.8684141100957,1861.6999650612206,1868.192870450793,1713
2021-11-08,1863.618408203125,1888.8523186658,1852.05902552379,1888.7047280604052,15719
2021-11-09,1875.3251953125,1883.9332453893444,1849.5010450819673,1859.3388165983608,178687
2021-11-10,1855.6004638671875,1873.1117456598768,1848.4680793314553,1865.2415282411378,12324
2021-11-11,1866.9630126953125,1869.6191628594406,1844.5820834165254,1844.5820834165254,23040
2021-11-12,1865.9302978515625,1872.9643293420652,1849.5012654972409,1866.914075120444,11158
2021-11-15,1848.07470703125,1875.079343134308,1842.6146955354452,1874.0955659343424,9611
2021-11-16,1842.3193359375,1861.7981706465705,1838.6301717948713,1849.5501937290348,7338
2021-11-17,1853.4361572265625,1868.1928145293216,1834.744391309734,1843.3524414030103,22878
2021-11-18,1859.0928955078125,1874.0954972575119,1830.8093020452648,1856.1415640160685,11278
2021-11-22,1847.68115234375,1862.9788155853748,1800.0170754619298,1859.3388880204839,38524
2021-11-23,1827.218505859375,1848.5665425394952,1815.068881806742,1819.9877676652968,20837
2021-11-24,1837.253173828125,1859.388161020073,1829.923961570574,1848.4681379333856,6571
2021-11-25,1828.743408203125,1845.27079263109,1821.2667257173798,1844.5821966470032,34391
2021-11-26,1829.18603515625,1850.3864809523243,1822.4964225342067,1828.743383471036,18563
2021-11-29,1818.1185302734375,1839.761627613631,1789.5889928704553,1819.9877308799057,43844
2021-11-30,1866.86474609375,1880.9819242794192,1812.5601749706043,1817.9709493343787,108849
2021-12-01,1850.0914306640625,1893.7711635983026,1836.613730678607,1877.0469507249668,117133
2021-12-02,1832.08837890625,1873.9480278845951,1825.54623632503,1873.9480278845951,14355
2021-12-03,1810.691162109375,1857.3713419198284,1795.3933787095798,1834.695229566432,29828
2021-12-06,1786.244140625,1819.2499123651173,1780.6366588513517,1800.3122020430794,9640
2021-12-07,1821.020751953125,1834.8427489356461,1779.4561671280262,1780.6366516787807,40245
2021-12-08,1830.858642578125,1844.5822867555894,1817.87271122537,1829.8256284615447,28340
2021-12-09,1854.2723388671875,1859.3388152123503,1820.9715063270162,1820.9715063270162,14711
2021-12-10,1833.6131591796875,1877.391245749045,1829.727287171888,1837.400677482858,18407
2021-12-13,1833.7606201171875,1863.2739348186444,1824.7099183114015,1843.3032105013313,25178
2021-12-14,1801.2960205078125,1831.0060433726014,1794.1143990421574,1826.9234641386895,41816
2021-12-15,1791.3599853515625,1823.9229877052157,1785.5556756661092,1810.7403487814724,8789
2021-12-16,1786.6376953125,1802.27977634132,1780.6366785904963,1800.804110585582,17423
2021-12-17,1796.6231689453125,1799.230202626668,1763.9125759994224,1796.0820434320144,9230
2021-12-20,1771.5860595703125,1800.3123062571065,1754.4683119846236,1800.3123062571065,21812
2021-12-21,1755.3536376953125,1789.8349551596527,1737.3504675998183,1780.9318439000663,99482
2021-12-22,1786.1458740234375,1790.2285734527993,1754.7633570843543,1764.6011291599295,15468
2021-12-23,1805.3787841796875,1812.9047039093373,1788.5069808865492,1788.5069808865492,12887
2021-12-24,1773.8486328125,1810.1500352549033,1763.9125071804574,1795.3933773588035,10556
2021-12-27,1756.33740234375,1793.4257530404075,1738.3342323765223,1793.4257530404075,18753
2021-12-28,1781.7188720703125,1786.3426969880998,1756.3374922337,1765.5849018892927,10273
2021-12-29,1774.9801025390625,1799.0334082550828,1766.863940230099,1786.3427778076098,10927
2021-12-30,1793.524169921875,1804.2473653040024,1770.798940865433,1770.798940865433,9511
2021-12-31,1842.073486328125,1853.3869236136,1777.193430974809,1777.193430974809,31290
2022-01-03,1825.64453125,1857.2729921154653,1821.9553667654588,1849.5011282500338,21365
2022-01-04,1816.6429443359375,1848.1238145770974,1801.29604411137,1836.7120231326749,15503
2022-01-05,1805.9197998046875,1836.4661306077237,1790.4745454431804,1826.1857066657642,19151
2022-01-06,1803.460205078125,1832.776811887193,1782.6534146383485,1823.9228176268684,11660
2022-01-07,1810.14990234375,1824.9065591563349,1787.0311400040337,1787.0311400040337,16935
2022-01-10,1808.428466796875,1825.8905123759012,1791.9994353303516,1796.3771959043079,27324
2022-01-11,1796.5738525390625,1824.9066835870838,1790.5237189053605,1817.9218895708668,10167
2022-01-12,1823.234375,1827.021893289675,1794.5572449381873,1807.3954656413707,125574
2022-01-13,1839.3681640625,1855.4037802951075,1808.1824751762501,1830.2191082497147,44304
2022-01-14,1840.0567626953125,1859.3387703700425,1821.9552395372057,1834.400044214028,13833
2022-01-17,1891.4100341796875,1912.4628904277026,1832.8261735562285,1844.5822631440033,42766
2022-01-18,1867.5042724609375,1896.0829275415097,1847.484310737023,1893.7710751820123,15197
2022-01-19,1859.1422119140625,1876.9485553244656,1826.4807366212322,1839.7126120957791,18655
2022-01-20,1860.3719482421875,1871.6361493045015,1827.021876675478,1861.8476140629268,13797
2022-01-21,1868.19287109375,1879.0144201100907,1832.8261293899768,1859.289639548856,45811
2022-01-24,1859.9783935546875,1877.8830906198828,1851.1735155306017,1864.257800371315,15327
2022-01-25,1859.4864501953125,1886.8846204841363,1837.6957617645292,1871.144185693862,33886
2022-01-27,1838.63037109375,1912.462898840647,1763.2239439167022,1864.1102248853967,87880
2022-01-28,1847.484375,1862.290270138791,1796.3771966579145,1835.383987295566,55282
2022-01-31,1858.3551025390625,1868.8814703829867,1829.9239178734317,1847.484316608384,20226
2022-02-01,1922.2021484375,1967.5542498792197,1843.4999784423312,1858.3549890109232,75653
2022-02-02,1886.786376953125,1930.7611711801235,1872.128072180794,1908.5278297586656,68980
2022-02-03,1832.9244384765625,1894.6072183323388,1829.3828647208693,1886.8845916493726,13378
2022-02-04,1822.152099609375,1850.2882238763025,1794.7539283396486,1832.9245321086332,89124
2022-02-07,1842.958984375,1859.33889869099,1805.6246878579148,1805.6246878579148,11612
2022-02-08,1866.7171630859375,1869.176605988554,1842.9098038246038,1843.0081575227114,34900
2022-02-09,1874.2921142578125,1897.70605766573,1865.782538272353,1897.70605766573,9416
2022-02-10,1852.9443359375,1873.8988381043523,1807.3462872341263,1869.1766595599947,117775
2022-02-11,1835.088623046875,1846.5988873814854,1810.1498971235224,1810.1498971235224,47284
2022-02-14,1784.03076171875,1818.020312899045,1778.669223875256,1816.0527584478555,15291
2022-02-15,1803.36181640625,1849.5009873970776,1743.3514120279406,1793.4256915025917,84452
2022-02-16,1777.63623046875,1847.5336511978287,1761.994268471499,1847.5336511978287,125887
2022-02-17,1767.601806640625,1785.4081511770682,1756.0424237392601,1777.6362867402786,26128
2022-02-18,1755.40283203125,1775.6195016335375,1742.3186672564525,1775.6195016335375,26548
2022-02-21,1743.8927001953125,1754.9109569420907,1716.6912362448386,1737.5472651190944,88298
2022-02-22,1737.4981689453125,1749.1066681395923,1697.015712142013,1736.3668011192192,32299
2022-02-23,1693.9659423828125,1746.204486379898,1684.2265243281047,1746.204486379898,192514
2022-02-24,1612.607666015625,1663.4197864408764,1603.556963094283,1657.6647133827403,62269
2022-02-25,1612.8533935546875,1641.9240562474286,1598.6378618346741,1605.7210092480404,110582
2022-02-28,1597.850830078125,1612.4107802173637,1557.220905046713,1595.6865683420158,68864
2022-03-02,1578.5689697265625,1601.933679686324,1569.1739689335834,1579.4543932798792,34344
2022-03-03,1571.583984375,1589.7838615023475,1546.497667253521,1586.832530076291,106936
2022-03-04,1523.5758056640625,1569.173978070405,1492.3901143300793,1559.2869684991272,90120
2022-03-07,1560.7132568359375,1572.0759312839032,1451.1205752201763,1523.5756683465963,69813
2022-03-08,1609.213623046875,1660.6159839236589,1545.3664560450813,1549.4491556159733,48318
2022-03-09,1645.4656982421875,1660.6158909333928,1564.2549635446692,1608.4757000450813,42298
2022-03-10,1674.8314208984375,1701.4426417939449,1648.466264389217,1701.4426417939449,49817
2022-03-11,1656.828369140625,1691.3589242953876,1642.9078979632382,1674.8314195613189,13050
2022-03-14,1662.58349609375,1670.453713826738,1628.0037029114349,1665.5348277436206,24127
2022-03-15,1677.4385986328125,1715.609204735114,1639.6124106469226,1680.094869315137,17102
2022-03-16,1715.85498046875,1721.6100529133487,1674.3887486048682,1686.2433115766378,13381
2022-03-17,1720.675537109375,1755.4520366548797,1689.145430227262,1724.5121720670209,24106
2022-03-21,1716.2977294921875,1730.218201298888,1700.9015918421617,1706.8534921129046,15396
2022-03-22,1688.1124267578125,1725.348489595121,1681.7178750015494,1700.655585972021,43805
2022-03-23,1680.340576171875,1697.0155505016814,1674.4379133875213,1688.3582637153033,10383
2022-03-24,1680.5865478515625,1712.6084219247143,1663.6163920698973,1665.0428208967105,16782
2022-03-25,1657.07421875,1688.948621721521,1650.8272580039568,1688.948621721521,48091
2022-03-28,1633.5128173828125,1658.8943173913497,1623.2323935927218,1643.0062914603075,28485
2022-03-29,1611.7713623046875,1640.0549569924997,1596.178517599144,1624.3637585843012,194075
2022-03-30,1577.978515625,1625.790060097886,1555.5483490377294,1618.2641410396582,51083
2022-03-31,1596.375244140625,1608.2790445543565,1574.0435493206355,1574.0435493206355,44989
2022-04-01,1610.6400146484375,1629.9221442096905,1586.2424116752072,1604.7373513353991,72422
2022-04-04,1646.5970458984375,1672.4211967303024,1607.3443126160055,1618.3134521302045,152318
2022-04-05,1674.1920166015625,1704.0003924542214,1652.7948634012446,1670.4536153627544,49397
2022-04-06,1681.8653564453125,1686.0464092453647,1658.943421383722,1670.4535657619901,173296
2022-04-07,1678.4222412109375,1697.0156541351114,1655.697012121387,1690.7194560959745,96225
2022-04-08,1676.0611572265625,1687.1778875537286,1662.5834577060066,1687.1778875537286,315359
2022-04-11,1723.2332763671875,1731.3985546939796,1676.1103266576847,1678.9140675294748,232704
2022-04-12,1691.5556640625,1733.4154320960483,1683.488739031988,1732.3333011904904,18847
2022-04-13,1720.8721923828125,1730.6116102579424,1665.534727285466,1691.4572313619594,162062
2022-04-18,1727.8079833984375,1737.9900536302832,1692.3427665018721,1720.8723059458798,17395
2022-04-19,1779.89892578125,1809.6089496306165,1728.5458032074464,1736.858672636063,187974
2022-04-20,1777.193359375,1839.6632062171325,1753.0415831504356,1796.5737205168034,37473
2022-04-21,1860.1749267578125,1879.0142824559293,1770.9463908049286,1786.539233999983,204493
2022-04-22,1852.7967529296875,1886.589475500562,1832.7769110646125,1863.2740040560257,61045
2022-04-25,1840.2535400390625,1852.4524008978099,1794.2128407908674,1852.4524008978099,390236
2022-04-26,1840.2535400390625,1897.6077967698748,1797.508470274202,1849.894604287908,60768
2022-04-27,1868.4879150390625,1884.966181649025,1810.2482380113574,1823.5292290104314,20492
2022-04-28,1878.71923828125,1917.3817296079546,1856.5351348592762,1878.0306422891665,28105
2022-04-29,1905.9698486328125,1919.3491936737412,1850.5831478014163,1862.2901197459723,45950
2022-05-02,1909.511474609375,1987.2298705362891,1888.8521541731066,1908.5276974457431,159963
2022-05-04,1871.4393310546875,1935.1389018770922,1833.7606179608078,1919.545937889504,21749
2022-05-05,1878.5225830078125,1912.1677155630007,1856.7318937823657,1881.277207232561,110762
2022-05-06,1881.1785888671875,1914.4303040548002,1831.9406153312782,1874.0954415336046,84248
2022-05-09,1813.4456787109375,1878.9160994469694,1793.5734272947816,1864.0610877358833,28467
2022-05-10,1827.1201171875,1864.2577047087427,1790.4744182426975,1796.9673234337126,39756
2022-05-11,1791.015625,1841.926094972199,1772.422211948677,1810.5926951588633,15096
2022-05-12,1771.7825927734375,1800.3613661398397,1753.7303066429647,1774.7339241328602,40403
2022-05-13,1784.129150390625,1800.3122369435487,1757.616283371808,1771.782698762476,60347
2022-05-16,1741.187255859375,1819.0040068222538,1728.9883948026559,1793.3274464281037,14235
2022-05-17,1770.946533203125,1785.9982521612876,1735.0386657558251,1750.3363290115717,38139
2022-05-18,1745.9586181640625,1809.0187138385932,1732.5792720132872,1780.2432302035468,58308
2022-05-19,1761.846435546875,1780.6365541723555,1730.4146850918899,1745.1713416181801,23289
2022-05-20,1761.994140625,1787.6707006312195,1744.7780402256212,1771.0940794075289,72631
2022-05-23,1862.240966796875,1928.2032748210072,1746.0077889300378,1751.1233822354045,160007
2022-05-24,1851.7637939453125,1897.066660051617,1824.0212060146584,1866.2252701428981,24400
2022-05-25,1845.02490234375,1886.8846702542605,1771.78273781435,1861.5031704494636,109585
2022-05-26,2022.7445068359375,2046.1092166047442,1871.1443360113876,1871.1443360113876,651896
2022-05-27,2037.746826171875,2060.471933453238,1977.4903577010716,2022.7932218582985,159757
2022-05-30,2067.6044921875,2085.066537478915,2038.9274828935906,2063.9645645852856,42576
2022-05-31,2240.79833984375,2311.876236914856,2048.8143305395924,2048.8143305395924,443059
2022-06-01,2240.011474609375,2291.118652731804,2158.899091523867,2248.668762110129,158349
2022-06-02,2204.694091796875,2233.174395634719,2159.3911006247617,2233.174395634719,93896
2022-06-03,2210.596435546875,2287.281814362298,2164.3096738051854,2234.6005013116387,51142
2022-06-06,2172.672119140625,2236.617642230569,2159.6370702030595,2220.336080238591,20689
2022-06-07,2122.253173828125,2186.592100849598,2095.4452475391845,2183.935950684484,23731
2022-06-08,2134.403076171875,2149.9958004426608,2099.429749216931,2122.0073875716494,92401
2022-06-09,2098.839111328125,2167.260853584168,2084.2301661597758,2154.4717518607936,24179
2022-06-10,2061.750732421875,2107.2996574284625,2021.6618180255057,2047.731909596151,119963
2022-06-13,2026.3350830078125,2055.11056604118,1999.576391265771,2051.175457250292,42821
2022-06-14,2011.8736572265625,2056.094395348907,1992.148875876333,1992.148875876333,20175
2022-06-15,2079.803466796875,2105.283200109385,2013.0048510592485,2046.2565683306168,61595
2022-06-16,2053.29052734375,2164.309882622062,2022.8919073370978,2164.309882622062,154515
2022-06-17,2053.536376953125,2065.9320654176204,2030.1716690704257,2054.1267393295198,23741
2022-06-20,2063.521728515625,2110.2019044260273,2046.3056290622658,2068.8832657379653,54070
2022-06-21,2105.529052734375,2116.3506014226487,2061.01313653943,2073.802239534663,15792
2022-06-22,2062.14453125,2113.1534763674563,2056.1436342938196,2113.1534763674563,23687
2022-06-23,2091.510009765625,2131.84486884389,2057.9141195565603,2072.9167195795735,114408
2022-06-24,2144.240966796875,2175.278946552025,2091.6088844956357,2116.1048416815997,60023
2022-06-27,2193.28173828125,2227.2220471591995,2164.3587885268025,2174.1473223266275,60406
2022-06-28,2162.293212890625,2210.5475362506545,2152.504677043361,2193.2821970436717,32694
2022-06-29,2140.157958984375,2174.196744542632,2111.7268953409525,2145.617970218311,24501
2022-06-30,2187.723876953125,2209.5636836711337,2093.33049869872,2129.877727136244,42494
2022-07-01,2176.2626953125,2206.0711933084685,2134.993288700947,2197.561616372089,42620
2022-07-04,2330.715576171875,2389.4472651113106,2175.082076585735,2176.2625611486446,207190
2022-07-05,2234.64990234375,2331.453482428758,2214.4824698110415,2331.453482428758,197053
2022-07-06,2312.02392578125,2331.4535257776765,2197.7582983299562,2218.4176198451437,84348
2022-07-07,2272.427001953125,2359.491289660482,2251.8661532445158,2359.491289660482,173833
2022-07-08,2256.93212890625,2299.7264325858496,2242.66736101305,2282.3628629119708,73181
2022-07-11,2266.327392578125,2310.8925459055286,2233.0756765763554,2300.07099715927,71259
2022-07-12,2294.512939453125,2302.0387392594776,2231.1083042555974,2262.4909422876844,40298
2022-07-13,2228.15673828125,2297.709973910044,2214.728276452701,2296.3325418122668,263943
2022-07-14,2279.166015625,2290.9713429963176,2206.85838547568,2231.2561100790695,141751
2022-07-15,2263.966552734375,2306.908332093696,2247.930936095161,2284.330693047249,57425
2022-07-18,2323.5341796875,2344.6361517177897,2264.0156615518276,2271.344753352375,73317
2022-07-19,2394.1201171875,2418.1241830629256,2323.5341081823067,2330.568018582616,119553
2022-07-20,2366.77099609375,2448.6212028081145,2344.7834818286133,2420.0916668975337,81453
2022-07-21,2380.986572265625,2398.4486161279183,2366.8202778239743,2381.724405104877,41125
2022-07-22,2360.720703125,2409.2209638588492,2337.4544699818885,2393.5297666102415,20669
2022-07-25,2321.763671875,2375.871423537526,2311.876661944301,2360.7211089640155,32289
2022-07-26,2283.051513671875,2350.243538983968,2269.573815167859,2350.243538983968,57524
2022-07-27,2335.83154296875,2341.3897882006772,2287.2820409943592,2295.053784975636,47949
2022-07-28,2336.323486328125,2351.3260893141687,2288.265871838539,2329.5352792297235,49780
2022-07-29,2359.688232421875,2373.854528896962,2336.470993008821,2353.1952064324632,51332
2022-08-01,2434.50390625,2456.4914205233026,2362.0488188532036,2373.214785018474,108661
2022-08-02,2454.86865234375,2458.852758054927,2380.839414417427,2427.273652496013,45808
2022-08-03,2449.359130859375,2467.804952208351,2406.3188810450974,2459.4428465301485,50364
2022-08-04,2403.416748046875,2461.164417122951,2368.197479012381,2449.555799037173,179243
2022-08-05,2340.307373046875,2409.9096066170796,2319.7465266225054,2403.3675846220444,137824
2022-08-08,2356.392333984375,2378.6747914515736,2324.9607005379366,2339.4714142113608,27810
2022-08-10,2540.11279296875,2607.0096442165714,2439.0789200760523,2449.6052883393445,567161
2022-08-11,2597.81103515625,2611.0430299681357,2525.946306490491,2567.6583615798,128721
2022-08-12,2515.0263671875,2574.1514719307083,2479.1677369195704,2574.1514719307083,115376
2022-08-16,2511.2880859375,2537.014004599262,2464.361960122071,2537.014004599262,73093
2022-08-17,2463.42724609375,2534.554382813906,2451.1300315909557,2534.554382813906,58430
2022-08-18,2499.384521484375,2538.1452481948913,2463.427415765617,2463.427415765617,62920
2022-08-19,2471.641845703125,2521.7654883062173,2454.229036562949,2517.485961233297,19387
2022-08-22,2459.492431640625,2484.627989126875,2410.254330845916,2478.2334368205493,34835
2022-08-23,2469.03466796875,2491.120416643943,2426.6830142126437,2439.7672981621677,35292
2022-08-24,2520.0439453125,2535.7351446981847,2449.802104282355,2483.7916569214376,56066
2022-08-25,2551.278564453125,2585.3171096874958,2513.304670444295,2533.226157703908,51704
2022-08-26,2504.3525390625,2570.610035003417,2485.021411564727,2570.413327583236,28505
2022-08-29,2482.90625,2500.76171059492,2405.3353195926748,2405.3353195926748,26118
2022-08-30,2565.248046875,2581.2344248854442,2472.8222355829153,2528.1104610353523,65298
2022-09-01,2582.46435546875,2637.0639894043006,2548.032153887772,2582.66106287036,101958
2022-09-02,2563.313232421875,2586.3635536248157,2518.2493989682844,2568.594643714416,59496
2022-09-05,2552.55322265625,2652.848942155293,2528.219784518108,2586.3635089855456,97477
2022-09-06,2488.042236328125,2561.487210941077,2478.8124190960566,2561.487210941077,77255
2022-09-07,2474.86376953125,2517.262316025404,2438.091996483428,2507.390699099814,55307
2022-09-08,2506.255615234375,2527.0845828063384,2457.341704080161,2516.2752102339327,47774
2022-09-09,2516.0283203125,2536.9560996308637,2503.5408215205184,2506.255516128016,23519
2022-09-12,2579.05859375,2604.1324029712528,2526.9858173069624,2527.1337951502683,41346
2022-09-13,2535.08056640625,2606.057393840483,2517.311656405397,2606.057393840483,31841
2022-09-14,2545.4951171875,2558.772393127083,2497.8151614767794,2507.390581243267,13437
2022-09-15,2491.25048828125,2574.5176727578078,2473.8271809551634,2574.5176727578078,30084
2022-09-16,2474.518310546875,2553.7874472738736,2438.289522522794,2501.8626428208736,44306
2022-09-19,2538.535888671875,2550.678026600258,2479.1087985338704,2501.4185098514804,24995
2022-09-20,2644.951904296875,2678.1203941549143,2531.47746948634,2560.6975533909244,94713
2022-09-21,2589.7197265625,2688.9294704856466,2565.682485449552,2680.1438283715725,68586
2022-09-22,2568.594482421875,2626.837016804231,2539.2264248307715,2596.0376230948114,48043
2022-09-23,2582.168212890625,2597.123616220618,2559.4140875385992,2574.1229414502372,48936
2022-09-26,2529.00927734375,2587.350625937362,2467.9040689978656,2587.350625937362,67320
2022-09-27,2475.159912109375,2519.2365843156826,2423.4819022315833,2519.2365843156826,88820
2022-09-28,2441.84326171875,2465.3375172216743,2388.9312985386896,2448.1610001553513,66003
2022-09-29,2473.531005859375,2516.2751553659837,2393.8671054384113,2448.1609985514474,36971
2022-09-30,2476.986083984375,2492.5832870112845,2437.943790634092,2485.9199455509574,95227
2022-10-03,2434.735595703125,2476.739375537164,2393.8671964629307,2440.411775653501,58755
2022-10-04,2411.586669921875,2486.660366750104,2375.2099052303897,2447.568666328814,161740
2022-10-06,2483.797607421875,2493.521005397319,2408.2303323740994,2415.3872545770687,56876
2022-10-07,2493.373046875,2506.4035329925728,2437.499598772066,2467.5586240562875,68268
2022-10-10,2509.858642578125,2522.1981639280666,2458.0820591950255,2470.668370971966,83690
2022-10-11,2521.112060546875,2569.1376197853438,2477.7757601875346,2532.0696513470225,83164
2022-10-12,2523.728271484375,2554.0340872227234,2477.7758465277943,2521.1121483972256,65754
2022-10-13,2564.6953125,2594.310161301587,2517.2621481348738,2517.2621481348738,69259
2022-10-14,2564.99169921875,2584.5867143570918,2546.877185623915,2567.1634067571745,71947
2022-10-17,2558.87109375,2619.3347476268364,2533.6493052235387,2572.740763779329,67756
2022-10-18,2569.6806640625,2593.5205222176305,2527.726292687774,2572.3459523956403,48414
2022-10-19,2570.91455078125,2600.1837974287687,2556.7486846395254,2569.6805987133735,19388
2022-10-20,2551.418212890625,2619.9271381101366,2527.380729218718,2551.8129811660524,28674
2022-10-21,2572.888916015625,2594.260869776996,2535.08057583855,2535.08057583855,30361
2022-10-24,2571.6552734375,2590.2631285600705,2556.6996277274,2589.3253730615934,2372
2022-10-25,2614.349853515625,2641.99038184427,2548.703598735093,2548.851576591484,32094
2022-10-27,2638.090576171875,2683.944425518217,2601.318806394373,2615.9288463461476,81052
2022-10-28,2604.9716796875,2651.3188720778794,2596.580805458983,2651.3188720778794,13172
2022-10-31,2647.32080078125,2674.2209562100893,2607.0939628463807,2616.9655795175145,43433
2022-11-01,2664.990966796875,2701.8615524148368,2647.320868903357,2660.5981454664357,36279
2022-11-02,2738.09033203125,2777.872996349377,2650.5291383077747,2666.2743190659276,84689
2022-11-03,2730.390380859375,2743.4702730549425,2697.1724868935166,2713.2138641144957,21048
2022-11-04,2704.675048828125,2736.1654102909656,2695.050222364578,2715.9285956753024,10491
2022-11-07,2681.575439453125,2739.3738070794266,2665.879664312372,2709.7589551110004,22241
2022-11-09,2604.576904296875,2689.8678251881806,2586.3638179783993,2670.2725677983094,21737
2022-11-10,2595.6923828125,2654.428506201543,2578.7132491265043,2586.363752593144,25442
2022-11-11,2560.25341796875,2650.4304996873,2537.00571043645,2608.6737502544074,33620
2022-11-14,2696.678955078125,2785.0299266090087,2557.735946776763,2557.735946776763,327346
2022-11-15,2639.966552734375,2752.8977535380845,2624.073153141131,2729.452663427528,74693
2022-11-16,2570.766357421875,2642.6811810533363,2545.8899316880606,2642.6317747688786,59228
2022-11-17,2541.99072265625,2575.554219649112,2488.6345858531076,2566.6203582776993,101514
2022-11-18,2624.91259765625,2667.705916514564,2554.7252982051805,2554.7252982051805,114997
2022-11-21,2669.087646484375,2754.1809302499873,2628.3672295048727,2641.9407018313736,86486
2022-11-22,2688.929931640625,2708.7225739394157,2646.876983548403,2682.4642146532037,34809
2022-11-23,2668.24853515625,2685.0796894994014,2645.5932234773513,2685.0796894994014,18480
2022-11-24,2654.922119140625,2689.4233740863306,2640.6576800608063,2680.1441500430237,17557
2022-11-25,2606.008056640625,2662.1282952835604,2593.273767204937,2650.5291453921795,38478
2022-11-28,2620.864990234375,2638.880691830055,2582.36568271484,2602.1583236280626,46810
2022-11-29,2665.13916015625,2674.1715931538415,2619.1373293226347,2619.9271068703456,92096
2022-11-30,2665.435546875,2691.9406953511825,2655.4651167627067,2667.3110578040273,63192
2022-12-01,2698.110107421875,2773.9241684841886,2647.9622486302333,2679.1566524078603,171752
2022-12-02,2726.392333984375,2742.2854909810276,2679.502158455241,2704.7733505577203,91063
2022-12-05,2715.040283203125,2776.9846799968923,2680.242833211407,2762.7694068858727,55603
2022-12-06,2746.135986328125,2758.1299050819266,2694.9515536412528,2694.9515536412528,36841
2022-12-07,2724.81298828125,2837.8429990260024,2694.951347887986,2753.193886175675,102063
2022-12-08,2796.03662109375,2812.127404535502,2704.8229790777236,2724.5662125016484,50553
2022-12-09,2717.212158203125,2833.15425903448,2696.92593577777,2821.308317881723,46526
2022-12-12,2743.27294921875,2754.181134170033,2696.9257557535952,2724.566283264979,61363
2022-12-13,2714.842529296875,2756.895712205496,2699.8871266250226,2742.3350777931673,33105
2022-12-14,2716.07666015625,2749.245390352603,2704.823112950137,2714.8427080061815,26929
2022-12-15,2671.802734375,2728.7619202511555,2655.4651588950383,2699.887438504806,16375
2022-12-16,2638.090576171875,2673.3324382669916,2573.1847006585667,2645.099519968208,66305
2022-12-19,2687.004638671875,2694.9513382551627,2614.102894510014,2616.9655669283648,27012
2022-12-20,2704.082763671875,2732.4636633544765,2657.0446037308757,2700.874488055581,42620
2022-12-21,2676.096435546875,2716.7182822752843,2647.56756010485,2704.8229361250146,41288
2022-12-22,2614.695068359375,2673.4805940368187,2586.4623891878364,2664.3493485850177,48950
2022-12-23,2536.561279296875,2606.106769703817,2498.8023459858255,2590.9537418941322,45366
2022-12-26,2571.7041015625,2585.376386952901,2461.290214520332,2482.7609806204564,28176
2022-12-27,2569.3349609375,2615.139164674272,2547.8641952472144,2585.2775250360587,15737
2022-12-28,2542.632080078125,2596.5311997380127,2507.3904592264676,2556.4523424518143,47328
2022-12-29,2551.615478515625,2583.747638391565,2521.062873680577,2526.1466597703807,23058
2022-12-30,2532.0205078125,2592.681549756097,2497.519252505822,2565.041020479353,32195
2023-01-02,2551.6650390625,2593.7179832481474,2536.46260414519,2536.46260414519,116801
2023-01-03,2566.866943359375,2591.29919289236,2547.962895173727,2556.945921105337,38455
2023-01-04,2549.591796875,2577.9232885325455,2546.8771022892265,2566.620335640306,16707
2023-01-05,2561.98095703125,2590.312451265711,2487.6476285021313,2559.7598430772305,62095
2023-01-06,2478.072021484375,2565.583808295645,2470.8656929959175,2555.761597749273,182681
2023-01-09,2505.317626953125,2526.9860194617045,2470.964591982122,2478.07210814832,66267
2023-01-10,2483.748291015625,2553.8861793440487,2449.395014996981,2505.3176299696142,201397
2023-01-11,2500.579345703125,2518.6936179106483,2477.035443254342,2488.8813834034113,68659
2023-01-12,2496.9267578125,2532.1686240165413,2484.6860488887423,2513.3137387646952,85928
2023-01-13,2492.632568359375,2507.439993084577,2477.7757373505033,2492.9779303325395,66481
2023-01-16,2459.365478515625,2495.0512787407997,2450.6290007810226,2483.155931663647,11814
2023-01-17,2428.66455078125,2468.891389697757,2410.0564564995716,2459.908121905304,24095
2023-01-18,2383.353759765625,2421.6062726387877,2374.123702192437,2418.5459752064326,70701
2023-01-19,2404.92333984375,2464.942820765282,2352.8999652759508,2372.939396441378,185024
2023-01-20,2393.274658203125,2408.674476669585,2359.464370979382,2399.7900216326893,44400
2023-01-23,2420.619140625,2428.417621135901,2389.572714411569,2398.2103787143897,28432
2023-01-24,2427.9736328125,2453.9851992755985,2408.6745731745386,2413.610381726126,28053
2023-01-25,2449.888427734375,2454.429467732157,2396.828488985217,2440.757182461264,25852
2023-01-27,2565.38623046875,2591.299222695707,2413.61013313943,2462.9682135717294,256372
2023-01-30,2610.84521484375,2658.426358805295,2537.005474240478,2630.785832237694,247229
2023-01-31,2712.177490234375,2873.8746323939413,2613.5601282337448,2645.5934786829584,309178
2023-02-01,2815.6318359375,2861.781643398304,2707.6856123512744,2708.2780057479295,200467
2023-02-02,2752.99658203125,2815.6319433507615,2729.5020854991167,2794.1611764937616,65781
2023-02-03,2765.2373046875,2785.671503667738,2720.173469503771,2762.868213010996,89775
2023-02-06,2763.4111328125,2793.6675417651522,2755.168236419272,2773.9243082544444,43018
2023-02-07,2754.625,2790.9525945732703,2735.474161630292,2787.744319418133,39809
2023-02-08,2741.101318359375,2784.9312025223285,2704.8231249859323,2751.8121194721416,77186
2023-02-09,2734.585693359375,2764.0525644218756,2719.630291065095,2755.5628780000766,27020
2023-02-10,2751.713134765625,2802.5519603944786,2729.5019973549606,2802.5519603944786,95247
2023-02-13,2761.63427734375,2779.6499784686093,2746.283864622409,2779.6499784686093,41698
2023-02-14,2763.509521484375,2793.667356877358,2719.630236112057,2776.1946445779977,57647
2023-02-15,2782.068359375,2791.8905697298655,2749.3932118963608,2773.6280789471325,40772
2023-02-16,2748.060546875,2813.311784900149,2740.459450655032,2798.553766984878,52013
2023-02-17,2741.347900390625,2752.9470497711036,2724.5661523507833,2751.5157135807226,27257
2023-02-20,2675.306884765625,2760.0545678364824,2665.3364556955185,2744.2599814323607,73766
2023-02-21,2693.174560546875,2707.7846022271547,2628.8116645027026,2676.195427137374,80724
2023-02-22,2667.5576171875,2700.775510911132,2637.054418050699,2689.9661388484565,35686
2023-02-23,2668.1005859375,2704.822951530752,2621.901371994773,2659.413515118192,49139
2023-02-24,2685.425537109375,2696.9258749834194,2652.5035966619503,2652.5035966619503,36884
2023-02-27,2641.59521484375,2692.631424830963,2621.901387786591,2665.385907423085,74004
2023-02-28,2616.619873046875,2684.0924667281074,2606.1066981104095,2652.5032946297993,129408
2023-03-01,2672.049072265625,2679.156587598165,2616.9654066775,2616.9654066775,48734
2023-03-02,2649.640869140625,2675.6524358597026,2637.8935000684755,2655.4650268863024,22094
2023-03-03,2650.7265625,2674.221059284113,2636.017949495595,2656.452148591195,20017
2023-03-06,2671.308837890625,2700.232722509497,2640.657420379916,2655.464845167093,75495
2023-03-08,2738.78125,2770.962816952075,2668.2980029289133,2671.259487948812,111573
2023-03-09,2716.965087890625,2788.682286162912,2698.258422615108,2754.181034310703,45857
2023-03-10,2764.3984375,2793.519708434839,2717.705639630341,2724.566365428988,97238
2023-03-13,2760.251953125,2773.924238389317,2729.9955449343975,2764.398224862834,43954
2023-03-14,2738.78125,2783.7959187049705,2711.4863261357723,2749.3440727093202,44985
2023-03-15,2734.931396484375,2765.8296048408206,2700.1833540318653,2739.3736239827253,34167
2023-03-16,2691.9404296875,2733.401219240417,2677.7748045273447,2729.5019789003836,25162
2023-03-17,2767.754638671875,2793.5688209323225,2686.116413625457,2686.116413625457,45954
2023-03-20,2715.829833984375,2767.7546361784093,2695.9880282761706,2716.6690178378894,23136
2023-03-21,2715.829833984375,2743.371790215204,2608.772195054628,2735.4250902720896,57133
2023-03-22,2755.9580078125,2763.0655236592443,2687.547655649265,2730.0944201724274,39483
2023-03-23,2787.10302734375,2827.527249963345,2731.1801735336126,2753.193927212398,57601
2023-03-24,2806.550048828125,2856.8458879774066,2767.902524640979,2787.1030120282885,62368
2023-03-27,2853.835205078125,2902.2555369831316,2792.680583035809,2828.810799388522,132102
2023-03-28,2842.285400390625,2886.5102939292083,2800.6766300304507,2853.8351443868405,58901
2023-03-29,2868.099609375,2898.3068548780816,2824.269724729629,2842.038635965258,92090
2023-03-31,2865.8291015625,2921.9985034182714,2850.873457861854,2882.5120371558623,61802
2023-04-03,2916.865478515625,2930.4389520728278,2848.9487044426933,2880.932647549518,89829
2023-04-05,2927.625244140625,2949.6389970386517,2896.3816744600394,2921.9984709619844,68485
2023-04-06,2896.282958984375,2929.0075132366323,2889.570211368045,2914.397472190801,34821
2023-04-10,2858.67236328125,2919.826983634352,2843.173731472136,2902.008666386992,22296
2023-04-11,2887.546630859375,2920.0241526523614,2858.820130521041,2872.4430094547483,83990
2023-04-12,2868.741455078125,2924.1210847128527,2854.8717842734645,2889.422445563081,31165
2023-04-13,2845.54296875,2891.593965040974,2814.940956456367,2873.6276705408054,70530
2023-04-17,2841.34765625,2887.4480608493122,2823.3319546737607,2848.0604042166497,20382
2023-04-18,2756.99462890625,2902.5515722432724,2736.412211218064,2861.090781164211,51436
2023-04-19,2710.548583984375,2780.834447265297,2697.518098034439,2752.0587807505935,62438
2023-04-20,2710.943359375,2744.3094723843806,2698.9000350715455,2724.5168324848146,44180
2023-04-21,2744.112060546875,2768.8896738788926,2714.6945945573275,2718.64324124032,50559
2023-04-24,2692.87841796875,2783.84551704274,2677.2320489712947,2744.2602348099954,112380
2023-04-25,2654.971435546875,2730.8840751151965,2644.4582596725418,2706.748019356935,68130
2023-04-26,2680.094482421875,2719.630354837738,2635.7216143073542,2654.477685720028,43496
2023-04-27,2661.78271484375,2712.720355030679,2635.820554905936,2689.9662296156475,51163
2023-04-28,2683.845703125,2698.8999181034483,2586.3634913793103,2675.2080387931037,100289
2023-05-02,2741.9404296875,2749.6895044156363,2683.845867338194,2683.845867338194,43262
2023-05-03,2788.633056640625,2802.4533207712507,2730.3413496661183,2749.2454002708546,46560
2023-05-04,2765.484130859375,2803.5392630716915,2751.367670171526,2787.7940819609776,55107
2023-05-05,2712.128173828125,2783.796215349207,2704.823273069797,2746.284067766487,24568
2023-05-08,2704.132080078125,2752.2562127229603,2686.0669728532707,2729.502087445532,28722
2023-05-09,2663.41162109375,2709.808220091525,2656.4520830428296,2699.936603283488,26276
2023-05-10,2673.332763671875,2696.92583249507,2630.2430097751308,2662.4245784101977,76226
2023-05-11,2686.412841796875,2703.8361510408954,2652.651715671064,2683.1057533877893,48640
2023-05-12,2708.08056640625,2724.5661175393852,2656.4519646009007,2700.183273311933,77774
2023-05-15,2717.162841796875,2724.5665552622613,2677.08397650173,2709.7591283314882,29899
2023-05-16,2747.61669921875,2773.87505664847,2708.130229995458,2717.162663427773,57191
2023-05-17,2764.743896484375,2772.937387303868,2727.774736727452,2757.9819830237016,51925
2023-05-18,2819.13623046875,2862.7687263028733,2765.1385375221507,2772.9370179947487,124624
2023-05-19,2788.337158203125,2838.0900136928262,2777.1821822958755,2824.269749278322,77832
2023-05-22,2853.48974609375,2861.682995512639,2788.73184127093,2796.579728693782,63594
2023-05-23,2887.744384765625,2896.3326439954367,2836.115775800576,2853.4899194199706,66265
2023-05-24,2901.21875,2907.1911263215407,2852.008885215941,2887.744089569132,66378
2023-05-25,2872.393798828125,2920.0243515537736,2832.3643431030337,2900.281117263349,68916
2023-05-26,2764.496826171875,2921.9985174327194,2754.2304412969147,2882.7588413962494,317003
2023-05-29,2753.93408203125,2808.820363561786,2725.553185944361,2797.6159829649832,255424
2023-05-30,2933.59765625,2994.9496568731315,2755.513789604638,2763.0160735993486,409001
2023-05-31,3025.354248046875,3054.9690974244463,2912.1268554612116,2943.7160281306215,273424
2023-06-01,2991.10009765625,3049.342640811933,2962.768603678387,3018.7406266114895,159497
2023-06-02,3019.0859375,3034.534920965128,2955.90759171543,2994.308083610109,85352
2023-06-05,3060.744384765625,3076.983147206507,2963.4595469727087,3045.3939714892763,180695
2023-06-06,3072.935791015625,3105.907138883163,3052.205393753978,3072.2942322648055,111422
2023-06-07,3102.205078125,3124.3668103001232,3055.709665209018,3072.0472397011004,165294
2023-06-08,3082.8564453125,3099.9343901620464,3060.2011335092247,3099.9343901620464,136991
2023-06-09,3181.8193359375,3194.455053075515,3085.2257144895125,3085.2257144895125,194832
2023-06-12,3225.501220703125,3236.409404919126,3155.2647671102045,3183.8430481059663,63611
2023-06-13,3216.468994140625,3260.447095787418,3200.625000758654,3228.364340748585,45491
2023-06-14,3251.266357421875,3276.4389799371324,3208.6701868756304,3216.4689086507838,41423
2023-06-15,3284.829833984375,3336.6064149139615,3247.416262420486,3251.266337502992,108137
2023-06-16,3432.361083984375,3454.0292341706568,3302.6481385589987,3320.1208516998577,198149
2023-06-19,3357.830322265625,3415.5792782710755,3348.4522866749962,3415.5792782710755,72430
2023-06-20,3312.371337890625,3372.4402175691953,3281.3251538152535,3339.6665006962376,40650
2023-06-21,3314.395263671875,3354.375310783926,3269.0846400140563,3315.579809459128,110978
2023-06-22,3278.26513671875,3339.715951486373,3252.697745531195,3330.8314963392468,25198
2023-06-23,3269.084716796875,3331.6706709237196,3241.197399329143,3312.865192713252,46388
2023-06-26,3276.439208984375,3320.515884106535,3261.5823766521817,3303.586156731934,26144
2023-06-27,3256.79443359375,3284.681751682468,3195.4424302010802,3276.4390960723995,47074
2023-06-28,3218.295166015625,3287.791495296243,3198.4039538778156,3269.33161944271,100426
2023-06-30,3159.361572265625,3249.538888755824,3139.1741639721527,3209.460027869897,90316
2023-07-03,3115.334228515625,3175.254893218745,3092.9748722597396,3163.8531278174014,91367
2023-07-04,3096.134033203125,3149.045999694552,3060.9418130259814,3146.084514428381,148399
2023-07-05,3140.013427734375,3223.0829893891687,3102.9454572508644,3121.1585426343654,112014
2023-07-06,3173.47802734375,3188.5322430423244,3134.2383503589413,3173.428621058238,89768
2023-07-07,3166.568115234375,3206.7949566951497,3140.2109446134805,3191.493949513751,86116
2023-07-10,3149.5888671875,3193.7149477755393,3141.148586298359,3173.6755167012925,37082
2023-07-11,3291.9375,3314.4448351043216,3150.082411009562,3152.0073281355426,131810
2023-07-12,3285.71826171875,3329.6963629798174,3244.899270654201,3300.229490284707,34517
2023-07-13,3317.406005859375,3358.669409472719,3271.897759110044,3299.0941097419923,61344
2023-07-14,3320.17041015625,3348.4524965444234,3298.1072496918982,3326.734939078628,29775
2023-07-17,3316.123046875,3336.606652805686,3285.767823628321,3316.8140118858632,38872
2023-07-18,3449.044189453125,3524.167291709728,3316.122962094091,3316.122962094091,170023
2023-07-19,3481.5712890625,3511.0873270747056,3448.15576958514,3489.616560401795,157227
2023-07-20,3467.70166015625,3502.4497037167853,3414.098731765643,3481.571330211287,91187
2023-07-21,3467.553466796875,3504.8682274485413,3433.3978164063487,3469.8733932062228,78244
2023-07-24,3510.297607421875,3571.1562709781465,3464.493400833366,3485.618564862059,42016
2023-07-25,3448.599853515625,3524.068314234281,3417.1094929587443,3524.068314234281,32432
2023-07-26,3437.14892578125,3540.7514939027274,3416.665321315346,3460.001621831066,67733
2023-07-27,3452.74609375,3480.485434486074,3432.361300633363,3445.243809281345,35807
2023-07-28,3468.836669921875,3503.2887564890934,3422.5388844307927,3452.7458866488632,58823
2023-07-31,3413.95068359375,3518.244218413286,3389.9132003454615,3487.0498130035226,111334
2023-08-01,3333.00341796875,3474.8090961876505,3283.2997312273087,3425.4016061499788,91683
2023-08-02,3420.071044921875,3463.95033337451,3336.606476718679,3336.606476718679,291605
2023-08-03,3374.513427734375,3509.3598111123983,3356.3991553103147,3423.4767440050064,278882
2023-08-04,3368.837158203125,3420.3177836143755,3353.782942818384,3404.720581112866,49908
2023-08-07,3494.8486328125,3519.2314787275336,3381.621233437304,3404.720720934436,88846
2023-08-08,3515.134765625,3524.11779231178,3489.616539787273,3523.1800369167686,173074
2023-08-09,3552.251953125,3596.0326707001864,3504.4240172041305,3524.1672511038723,114841
2023-08-10,3541.294677734375,3579.3989753621745,3504.424091245102,3556.9410463267304,42617
2023-08-11,3554.423583984375,3598.2043006152185,3534.0387918250976,3538.9746001935687,129974
2023-08-14,3577.770263671875,3621.4521697046466,3499.488291213019,3563.6538028995765,42192
2023-08-16,3552.696044921875,3593.268486043166,3534.0387857237733,3577.7700959941785,34316
2023-08-17,3489.07373046875,3575.203591462386,3464.9376743571765,3553.6834175343533,26962
2023-08-18,3576.930908203125,3613.01171547559,3472.2917710882584,3504.423931677143,76057
2023-08-21,3563.30810546875,3614.6899197435573,3536.309377793711,3583.347536019536,130970
2023-08-22,3551.166015625,3595.2426863686687,3529.102856608454,3563.307910970002,39578
2023-08-23,3595.489501953125,3612.024459508953,3551.955577000649,3558.7177306722538,99532
2023-08-24,3602.7451171875,3622.340130590813,3561.333494740364,3606.15077654919,91801
2023-08-25,3601.313720703125,3655.8052372487264,3573.327832190114,3601.165742856336,118058
2023-08-28,3614.886962890625,3672.2411481936765,3597.266272952639,3608.075644260185,86066
2023-08-29,3627.967041015625,3652.9916852416336,3593.465789554887,3617.8980403884852,128437
2023-08-30,3652.3994140625,3652.9918074747325,3609.0631125868454,3628.0165686967694,47570
2023-08-31,3647.71044921875,3671.204945814735,3609.063165173626,3654.4726032474737,93343
2023-09-01,3656.24951171875,3695.933363413117,3632.7550153205852,3672.2414828784176,56865
2023-09-04,3565.03564453125,3672.2415008787684,3555.8058272981275,3672.2415008787684,49835
2023-09-05,3633.1005859375,3658.421186630804,3543.910431733564,3567.947915047691,50761
2023-09-06,3601.215087890625,3641.738121626409,3549.8332760578896,3634.531793415362,55543
2023-09-07,3609.556884765625,3622.8835681908504,3556.003360630924,3601.215416304426,44520
2023-09-08,3675.35107421875,3691.9354393737785,3597.316132785935,3618.78690027073,51601
2023-09-11,3752.7939453125,3774.9062705786537,3659.408353827162,3701.8563061375394,56660
2023-09-12,3651.28125,3776.189330907642,3629.818966241304,3774.1076747741195,46305
2023-09-13,3603.399658203125,3734.4045841891875,3549.0251365599693,3629.2735709656076,82138
2023-09-14,3555.6669921875,3652.0246022869137,3549.9668220599256,3603.7466880461725,57975
2023-09-15,3656.3369140625,3722.4588375522603,3496.5339359392674,3613.4121072910757,657739
2023-09-18,3597.6005859375,3642.160999406038,3574.7502895640105,3638.195663532978,36120
2023-09-20,3526.1748046875,3597.55084796484,3512.048296122193,3578.7155032110977,49864
2023-09-21,3535.394287109375,3552.048745746311,3480.028189617581,3496.4348147689225,37779
2023-09-22,3461.589599609375,3535.3943648371173,3425.0588462196224,3535.3943648371173,56491
2023-09-25,3351.501708984375,3462.531106164005,3336.0864183816916,3449.8419837956426,59522
2023-09-26,3374.6494140625,3406.8677678669314,3340.8450711318637,3350.6591805577177,57115
2023-09-27,3410.734130859375,3419.110854481177,3360.8699838807797,3375.492159903858,22901
2023-09-28,3470.907958984375,3507.3394812957426,3410.7836523063183,3410.7836523063183,39418
2023-09-29,3482.258544921875,3518.2440139257533,3446.9672032684566,3488.5039969018667,39291
2023-10-03,3502.779296875,3566.8195671247163,3471.9489561150654,3471.9489561150654,78017
2023-10-04,3474.328125,3527.0670439317814,3461.3911682539547,3499.408922909115,51256
2023-10-05,3426.595458984375,3529.1489090748437,3416.3350556550567,3479.5325958105404,68416
2023-10-06,3410.33740234375,3427.041476265385,3376.4834446514033,3427.041476265385,48245
2023-10-09,3380.9443359375,3399.284013467142,3369.5439958515067,3392.6421246046266,43379
2023-10-10,3433.039306640625,3439.929029635057,3369.5939297251657,3390.0152652048855,39790
2023-10-11,3400.870361328125,3467.6861730556034,3377.574013395933,3420.102143236659,115447
2023-10-12,3338.267578125,3420.399695561252,3326.5697887014294,3409.9906887226753,110403
2023-10-13,3351.4521484375,3370.5353263883753,3335.8386392049656,3343.372873803316,36271
2023-10-16,3438.04541015625,3444.8855176835636,3350.857394585179,3351.45229177229,48257
2023-10-17,3471.5029296875,3496.583485292082,3422.382283493044,3442.9028480899256,33906
2023-10-18,3483.002197265625,3553.9321893663237,3449.842125242624,3474.6750889456844,57048
2023-10-19,3506.794189453125,3550.660716195615,3469.6687818918595,3469.6687818918595,43599
2023-10-20,3437.252197265625,3563.7462620107826,3400.1761629244597,3494.452116844168,103444
2023-10-23,3378.168701171875,3501.3419462154307,3350.708798770363,3437.2523022441737,29939
2023-10-25,3397.896484375,3447.8596207116375,3311.1051450576265,3370.535569413332,40029
2023-10-26,3398.838134765625,3425.0588698942793,3319.3331986943317,3371.526835458884,37737
2023-10-27,3504.365478515625,3522.060886157689,3385.4054056947266,3385.4054056947266,33863
2023-10-30,3461.044189453125,3538.9135178624933,3425.058719480237,3522.2094443743217,22132
2023-10-31,3485.084228515625,3529.148975606633,3431.0069113973473,3461.7878799406935,28979
2023-11-01,3647.464599609375,3697.526963176682,3454.0552526611714,3512.296121167692,153968
2023-11-02,3691.5791015625,3752.1990770273696,3623.3256609075393,3651.033396968324,85039
2023-11-03,3732.273193359375,3763.103776855372,3677.849054829671,3690.73639653123,32601
2023-11-06,3605.8779296875,3796.808940860298,3586.497545032259,3732.4714658003213,92329
2023-11-07,3521.168701171875,3615.4446599969974,3511.949246702321,3605.878141822581,146488
2023-11-08,3576.73291015625,3595.171818531868,3425.1084301220935,3521.2182086682374,97324
2023-11-09,3579.85546875,3604.4902140248946,3511.4040536574744,3576.7328636418642,43406
2023-11-10,3528.653076171875,3607.2659041639927,3511.3047326312067,3578.7650540614663,40915
2023-11-13,3566.026611328125,3586.646406903807,3515.072140610486,3529.149034985504,49754
2023-11-15,3554.080810546875,3626.49780392833,3539.0621980290607,3584.7627898891956,52577
2023-11-16,3531.478515625,3578.56687721039,3519.2354448028445,3554.080735566079,52334
2023-11-17,3473.882080078125,3557.0055306483887,3469.4210771929565,3532.1229510789353,69727
2023-11-20,3454.154541015625,3509.6692421436737,3434.9721322980304,3482.556161836358,60836
2023-11-21,3424.66259765625,3468.2812944770794,3410.189024173921,3449.8423849201295,197650
2023-11-22,3395.2197265625,3441.118539259035,3375.0958399422807,3434.6252531411023,225987
2023-11-23,3469.371337890625,3478.789010311063,3400.2754107477544,3413.014148673776,212645
2023-11-24,3510.51171875,3522.605944477884,3458.764135209454,3487.6120498281207,53791
2023-11-28,3514.378173828125,3548.975632767774,3489.148530528337,3520.920832852368,49839
2023-11-29,3575.8408203125,3587.538367408765,3517.5999502213535,3517.5999502213535,50508
2023-11-30,3560.5244140625,3599.5335010309695,3490.8338323801563,3575.8407169060183,105475
2023-12-01,3603.300537109375,3625.9029986161613,3568.8516838072737,3568.8516838072737,44767
2023-12-04,3634.0322265625,3648.1091209612287,3586.646412945034,3618.3691009533927,74167
2023-12-05,3653.1650390625,3665.9531509185335,3618.4187337782078,3633.437347145752,64613
2023-12-06,3669.670654296875,3687.7624998944757,3631.3060766948893,3653.0658097072965,31006
2023-12-07,3733.462890625,3748.531118279072,3663.028564983475,3668.926953588454,42356
2023-12-08,3710.810791015625,3736.337640108967,3678.840271277362,3733.4628684773425,25014
2023-12-11,3660.89697265625,3737.725352218012,3648.1088617714076,3690.98405423652,53717
2023-12-12,3575.24609375,3697.725458634341,3568.8024227089977,3652.6197613473246,43704
2023-12-13,3646.968994140625,3663.5242226796436,3539.161427214898,3593.585564190895,48791
2023-12-14,3591.7021484375,3647.0183894952984,3578.7651919224118,3646.9690164174717,34821
2023-12-15,3568.901611328125,3652.8675522789094,3550.9583692130955,3608.4061258041784,58539
2023-12-18,3532.866455078125,3598.542330952955,3517.1537147569807,3587.6376572227946,42369
2023-12-19,3506.100341796875,3562.804595237032,3498.4175036972283,3557.89754059772,59846
2023-12-20,3506.49658203125,3536.781880860606,3491.9736373119968,3509.321980435619,60849
2023-12-21,3482.55615234375,3530.0905666500967,3457.822418795703,3499.45844452825,34279
2023-12-22,3543.324951171875,3549.9668401668187,3466.794019386716,3482.55613222732,94756
2023-12-26,3559.582763671875,3566.8195499074045,3503.4237922488533,3539.657096504058,27634
2023-12-27,3579.2607421875,3593.5854689622483,3545.0101067611035,3564.688181932133,55795
2023-12-28,3647.216796875,3661.9875757767595,3565.035068002273,3582.8790789291766,79824
2023-12-29,3657.526611328125,3667.9356178111025,3608.455580765517,3647.1176048451475,47487
2024-01-01,3652.173583984375,3677.650818666278,3623.325668581877,3675.816754007653,20291
2024-01-02,3598.839599609375,3671.405194580472,3559.8801279164236,3671.405194580472,24277
2024-01-03,3530.090576171875,3600.574516733474,3519.285132941143,3589.1245612211615,113777
2024-01-04,3571.677001953125,3586.1009593722315,3495.195684299851,3547.9842172897024,72899
2024-01-05,3592.94140625,3594.081343516732,3548.975647438947,3570.784994993041,39916
2024-01-08,3577.625,3628.2822617208676,3548.9755456176795,3618.3689222079693,271262
2024-01-09,3594.775146484375,3632.1483882584625,3570.3388612541735,3588.6289243559263,22444
2024-01-10,3723.3017578125,3813.8599700220043,3569.892827200217,3593.5856120809453,175628
2024-01-11,3683.8466796875,3754.3303803530493,3648.5550932383658,3723.3018204418945,145546
2024-01-12,3714.87548828125,3763.1037896180023,3682.6075188140826,3690.3893453453247,27381
2024-01-15,3676.659423828125,3749.1754058879383,3653.7098975354706,3734.4542418586343,70367
2024-01-16,3683.796875,3707.5392741612905,3623.870787480932,3675.6679851985723,47216
2024-01-17,3685.531982421875,3711.5544999495664,3636.2627309744266,3683.3014809195015,33995
2024-01-18,3616.534912109375,3782.385133065429,3569.793612411364,3685.779686460831,93161
2024-01-19,3681.169921875,3702.6322045101992,3614.45310041419,3616.5347564387434,59626
2024-01-23,3604.39111328125,3677.8490578504316,3588.628999843278,3676.808108768702,32508
2024-01-24,3778.469482421875,3875.8680464118916,3568.851959776584,3593.6849244965756,86109
2024-01-25,3861.146728515625,3954.431355419591,3791.8525782100614,3791.8525782100614,145403
2024-01-29,3991.90380859375,4060.50407314324,3897.4792448811295,3904.864634792779,97321
2024-01-30,3850.9853515625,4004.989178284974,3806.722387280767,4000.032508509869,54814
2024-01-31,4071.755615234375,4198.29929772905,3859.4613036419487,3859.510918744657,201723
2024-02-01,4318.64697265625,4589.876028745873,3951.605590443905,4038.6943717301697,566698
2024-02-02,4422.53955078125,4551.412974172035,4251.831637869836,4292.228499432717,187535
2024-02-05,4285.73486328125,4440.184489594094,4234.978374535827,4429.527650285512,104268
2024-02-06,4384.71923828125,4406.429838057346,4264.8176928086295,4339.068505540599,56681
2024-02-07,4093.565185546875,4503.08536134196,4003.601624259293,4369.800310255201,277798
2024-02-08,3901.4443359375,4083.3044988239153,3851.3323568659653,3998.44621675071,262892
2024-02-09,3902.286865234375,3930.639113023517,3780.947686525017,3930.589497921023,73236
2024-02-12,3898.52001953125,3944.12138159329,3866.2024356947168,3905.8557940095343,55358
2024-02-13,3934.852294921875,3955.422474456958,3723.499944441083,3873.1417563166256,104554
2024-02-14,3897.479248046875,3932.175938153186,3863.278224942083,3915.7693119979353,27769
2024-02-15,3812.769775390625,3910.812610696737,3781.9391913328395,3897.528831972265,115738
2024-02-16,3826.44970703125,3875.124299389949,3796.808919586468,3797.056753066859,70690
2024-02-19,3888.656005859375,3935.5957650050964,3806.771967147502,3830.5143667455145,35602
2024-02-20,3842.658203125,3888.011731094808,3817.6766361236573,3888.011731094808,134624
2024-02-21,3764.788818359375,3841.418979569704,3737.3289168974925,3841.418979569704,77094
2024-02-22,3716.01513671875,3784.615394425802,3689.8933915554467,3764.788716358742,53614
2024-02-23,3710.95947265625,3732.967280328137,3683.0535183147217,3715.9161424877752,41557
2024-02-26,3689.645751953125,3717.7005512971386,3653.065625807237,3697.626038699419,41357
2024-02-27,3758.940185546875,3785.606972456817,3648.108999599709,3677.849018618185,53440
2024-02-28,3671.157470703125,3778.5686015914407,3658.022295792758,3767.069030897691,41007
2024-02-29,3613.90771484375,3662.9787426546854,3603.399478744993,3651.3801844861673,63569
2024-03-01,3654.503173828125,3712.59544300523,3603.746921461812,3611.4297599574666,77347
2024-03-04,3681.864013671875,3732.3724315046543,3630.661468433772,3732.3724315046543,64930
2024-03-05,3683.00390625,3707.5890370396264,3641.615713122619,3653.065668847867,54458
2024-03-06,3621.7392578125,3702.632202746719,3580.9955787883696,3686.721244876124,58780
2024-03-07,3667.0927734375,3687.762182479901,3600.524797518011,3638.195486478827,61123
2024-03-11,3640.525390625,3684.2926884593257,3613.4123098168284,3676.362016723102,22115
2024-03-12,3662.8798828125,3677.7995078483277,3590.958795065778,3620.6988149279323,30137
2024-03-13,3598.3935546875,3660.9465803176654,3523.3000096555497,3653.7097942396426,47161
2024-03-14,3584.66357421875,3600.5249174675055,3547.2903325938482,3589.6202439839863,41986
2024-03-15,3584.762939453125,3627.935341114616,3534.6013427295165,3584.6637092441265,45713
2024-03-18,3605.3330078125,3616.287054446261,3542.085852784493,3583.622648882136,56718
2024-03-19,3614.304443359375,3623.3256793436226,3550.9582991542698,3617.229072206122,30407
2024-03-20,3611.330322265625,3630.958782731789,3568.9014231472133,3596.163106565528,87238
2024-03-21,3684.34228515625,3730.786136064546,3608.4556219544006,3608.4556219544006,115726
2024-03-22,3763.5498046875,3786.400101117287,3660.1042500591097,3702.3845470998262,27474
2024-03-26,3768.110107421875,3779.1633845896417,3689.7451071837736,3770.9352640756815,42096
2024-03-27,3852.621337890625,3900.800024641566,3767.0691660565194,3778.9651739493293,91531
2024-03-28,3881.3203125,3940.55251700083,3702.73159523758,3851.332460012132,109850
2024-04-01,3953.4892578125,3963.2043785591454,3831.505571484831,3901.7910490651175,36140
2024-04-02,3988.9296875,4014.852974074488,3894.2076780095967,3894.2076780095967,29891
2024-04-03,3950.11865234375,4008.9544179733675,3923.5014815046297,3988.9295209671027,46892
2024-04-04,3942.18798828125,3995.670647592299,3881.0723481151385,3950.4657234326505,25866
2024-04-05,3961.0234375,4004.9891954030572,3915.7691390698205,3942.1387191960453,29465
2024-04-08,4057.678466796875,4145.709212120478,3975.2491455391064,4039.685852386997,129370
2024-04-09,4064.46923828125,4169.947074874494,4049.8966774660494,4057.5795156603617,60425
2024-04-10,3976.092041015625,4094.7544294995455,3948.1362288044834,4074.630543069757,31365
2024-04-12,3889.597900390625,4002.907174848317,3867.193656786675,3990.119063974972,67164
2024-04-15,3775.148193359375,3883.9967068354736,3767.068918672702,3866.202311269352,23244
2024-04-16,3781.988525390625,3830.7124908193955,3767.068901467992,3767.068901467992,54471
2024-04-18,3800.724609375,3844.2936864696862,3778.9648783779835,3795.767939807348,26218
2024-04-19,3801.517822265625,3840.6258977509606,3740.699388303053,3796.8089860557643,14797
2024-04-22,3812.02587890625,3860.105572674482,3798.7914746363845,3826.548823615982,41077
2024-04-23,3809.89453125,3843.9965638348663,3779.559858048653,3832.05094151106,79996
2024-04-24,3853.513427734375,3894.9016217117414,3800.0806226190643,3800.0806226190643,35888
2024-04-25,3880.775146484375,3915.7692849549017,3819.0149901166883,3854.2073469814727,137400
2024-04-26,3870.663330078125,3901.1964635302033,3828.8290866328534,3901.1964635302033,20386
2024-04-29,3739.1630859375,3894.75290222586,3723.004294018655,3870.7626688495147,633855
2024-04-30,3764.29345703125,3870.1183626736492,3744.318173525574,3750.216562484268,72215
2024-05-02,3747.440673828125,3811.3817157264466,3727.4157757781263,3752.199125351119,46938
2024-05-03,3676.362060546875,3747.242440034296,3667.935721726692,3747.242440034296,622763
2024-05-06,3730.885498046875,3766.0778549435577,3682.8057991880273,3682.8057991880273,46857
2024-05-07,3771.97607421875,3864.1205167000844,3733.4132802758545,3757.155680033622,99499
2024-05-08,3763.9462890625,3818.3208093321305,3709.17509001014,3791.0095114449364,59776
2024-05-09,3754.08251953125,3783.7235504914147,3722.459062653156,3769.4978111916903,149401
2024-05-10,3731.678466796875,3767.0690406952704,3712.545673000997,3761.071421843922,215816
2024-05-13,3741.88916015625,3780.9972354064976,3687.9108338867345,3744.912535031866,30136
2024-05-14,3741.7900390625,3826.5490928020267,3668.9766079684346,3751.207711700225,70897
2024-05-15,3722.905029296875,3774.8510734244765,3614.453192117407,3727.4156471685064,98658
2024-05-16,3711.157958984375,3805.731123220319,3676.857706700746,3724.3921223120246,327818
2024-05-17,3759.78271484375,3791.852465841941,3697.675737932141,3719.4850854480947,193574
2024-05-21,3711.157958984375,3778.9154908395362,3687.910983692274,3776.7842196070555,71521
2024-05-22,3615.989990234375,3724.3922177702725,3560.9213382051685,3724.3922177702725,103648
2024-05-23,3658.864990234375,3677.8489384842505,3615.989797083582,3615.989797083582,53287
2024-05-24,3703.871337890625,3716.4612301992547,3634.775412457936,3658.864874984222,96498
2024-05-27,3688.010009765625,3713.536858163304,3643.251380161784,3703.871352459328,56601
2024-05-28,3654.899658203125,3688.9518340573572,3641.7148683070286,3687.7622817262945,72148
2024-05-29,3642.656494140625,3671.2069594815794,3628.2821522804975,3654.8995648797213,19743
2024-05-30,3656.138916015625,3679.534252521155,3593.5856456225542,3633.239004470803,32409
2024-05-31,3644.441162109375,3713.487477063829,3611.925359133358,3656.138951488081,84464
2024-06-03,3652.07421875,3709.5715870147937,3624.6143171388603,3692.7189101095955,505956
2024-06-04,3656.535400390625,3688.109484594496,3536.435385025629,3683.797084953657,100214
2024-06-05,3628.62939453125,3677.849029340362,3552.346051906552,3645.68029041324,118690
2024-06-06,3638.09619140625,3716.510799891697,3616.48530595503,3632.396021467766,32723
2024-06-07,3697.873779296875,3710.8107354954045,3608.455507167107,3657.229088144718,28123
2024-06-10,3742.236083984375,3759.0887613047685,3675.915938868784,3700.649672766383,38196
2024-06-11,3769.74560546875,3807.3173078093632,3709.026400351395,3743.425640396575,81174
2024-06-12,3792.695068359375,3816.635686308994,3708.5802863589474,3804.739678975044,262794
2024-06-13,3792.6455078125,3843.401758095813,3779.0146658796093,3812.6704053743865,28648
2024-06-14,3942.3369140625,3970.2924831418163,3796.6108229209653,3796.6108229209653,144077
2024-06-18,4085.882080078125,4094.06058511548,3930.837306033819,3988.086841295304,146623
2024-06-19,4234.5322265625,4302.092020676969,4064.4690856358625,4085.881995189654,236696
2024-06-20,4207.71728515625,4234.978970947697,4168.510217937933,4199.290945911621,54130
2024-06-21,4213.466796875,4254.8056191808155,4119.042231351474,4173.516229438778,86668
2024-06-24,4258.8701171875,4288.114470345279,4190.071634026278,4213.466729312656,127853
2024-06-25,4171.58251953125,4299.315992272936,4158.645805460748,4260.108929252563,27906
2024-06-26,4170.59130859375,4252.822653521259,4124.544136959268,4189.525883884418,35148
2024-06-27,4059.56201171875,4192.49974498647,4015.992934401784,4184.816907117414,75295
2024-06-28,4142.337890625,4162.610861601347,4069.3761060586767,4069.3761060586767,39712
2024-07-01,4175.99462890625,4289.700836516813,4134.854266390022,4186.255032994358,37133
2024-07-02,4178.96826171875,4242.909301424801,4151.3101413535305,4192.747706798936,29715
2024-07-03,4209.2041015625,4232.500450216932,4167.617447259457,4195.771719681672,28656
2024-07-04,4211.63330078125,4236.912318830801,4178.472983484557,4216.292280344802,21926
2024-07-05,4225.412109375,4255.895626539564,4188.088485168827,4211.929871640235,36973
2024-07-08,4169.154296875,4241.818884229204,4131.582835718804,4225.412500425906,41920
2024-07-09,4369.10595703125,4385.66142774051,4169.154188244289,4169.154188244289,100345
2024-07-10,4253.318359375,4369.998560196508,4198.299324543323,4369.1059723918415,59452
2024-07-11,4240.1337890625,4270.865141690088,4178.472623396265,4253.318337053777,71845
2024-07-12,4214.16064453125,4303.331327442056,4200.430572438593,4223.082650130116,44463
2024-07-15,4173.515625,4255.697106649077,4150.615715615823,4223.08231888361,21758
2024-07-16,4219.31591796875,4257.977943543113,4163.602754162184,4175.498762031219,33873
2024-07-18,4190.169921875,4259.712381983632,4166.625741823186,4225.114441741375,61341
2024-07-19,4235.6728515625,4659.220290677338,4195.622571893787,4195.622571893787,718448
2024-07-22,4359.98583984375,4497.781255655509,4188.8815072848065,4228.039197389587,236504
2024-07-23,4268.1884765625,4365.388580266226,4211.434605866134,4332.129518657096,59654
2024-07-24,4302.24072265625,4334.0626391350115,4253.8633356582295,4274.433515039155,31869
2024-07-25,4214.5078125,4292.376903005702,4203.25607501753,4265.0159883489305,42151
2024-07-26,4357.45751953125,4392.551126742514,4219.909941253282,4219.909941253282,54420
2024-07-29,4500.35888671875,4658.2781899401825,4380.407479827334,4380.407479827334,176915
2024-07-30,4620.359375,4649.355890951027,4533.369827146918,4539.615036962626,70282
2024-07-31,4581.30126953125,4753.446313998854,4560.384026271789,4658.278254323382,71704
2024-08-01,4477.16162109375,4625.663747062487,4449.107062071823,4605.440629953941,36759
2024-08-02,4460.060546875,4495.6991938618985,4428.883386445544,4472.006410686557,17596
2024-08-05,4321.72021484375,4411.535164610428,4257.77917714277,4411.485307484677,109681
2024-08-06,4424.7197265625,4551.412492107071,4321.273935087288,4321.273935087288,55105
2024-08-07,4432.25390625,4656.295369639062,4372.327577843065,4482.811935598859,210316
2024-08-08,4553.494140625,4575.501948426493,4461.002874643965,4461.002874643965,66081
2024-08-09,4667.29931640625,4706.853442926705,4575.006031825346,4598.401609101405,46532
2024-08-12,4771.63720703125,4907.05351692694,4700.806205029384,4700.8560621551005,350240
2024-08-13,4507.7939453125,4738.576295982268,4403.356816539838,4738.576295982268,452493
2024-08-14,4522.31689453125,4578.822929905082,4492.378415502746,4560.136188063604,51501
2024-08-16,4510.91650390625,4583.928151991224,4482.663486533466,4530.396119074371,43258
2024-08-19,4556.0712890625,4601.028377397355,4536.096008160721,4553.493724160715,52405
2024-08-20,4504.39208984375,4535.2803480163675,4437.790224281864,4480.56650306333,29252
2024-08-21,4425.80322265625,4504.2926250388955,4406.951621311647,4482.556208945886,26818
2024-08-22,4377.4560546875,4465.445577563306,4365.17021184283,4440.774800744392,95465
2024-08-23,4399.341796875,4427.84264146531,4336.619537660461,4400.485716585442,42265
2024-08-26,4427.09619140625,4474.597757192362,4362.185674808473,4426.84749210894,12246
2024-08-27,4362.13623046875,4440.725210242207,4343.1850521295155,4427.19587100646,19110
2024-08-28,4336.619140625,4442.764193737213,4307.471777626989,4385.065957454912,57335
2024-08-29,4310.55615234375,4352.984158805948,4298.51900821585,4336.619549400801,61243
2024-08-30,4272.90283203125,4367.159870232743,4260.667020313038,4310.456427726303,145544
2024-09-02,4297.9716796875,4324.28377370948,4262.755470848615,4295.434655428666,51465
2024-09-03,4375.267578125,4394.019604079352,4296.629047109487,4297.524267517048,95752
2024-09-04,4363.0810546875,4426.748077127018,4298.717965634549,4426.748077127018,27687
2024-09-05,4337.763671875,4409.389070718162,4307.869724385548,4362.185748989777,47598
2024-09-06,4320.90185546875,4391.8807364059585,4265.690608092552,4375.5661586537735,46064
2024-09-09,4215.353515625,4312.296696083771,4187.300526312373,4277.627916865201,105674
2024-09-10,4361.638671875,4373.128384959542,4226.694046380679,4226.694046380679,28955
2024-09-11,4288.96875,4396.208184581903,4263.104021599514,4363.081144839852,19485
2024-09-12,4297.921875,4340.300334339981,4260.020003215493,4277.628108563355,241993
2024-09-13,4313.93798828125,4351.789826834943,4298.518631929732,4320.503746843608,16215
2024-09-16,4284.69140625,4335.326489996929,4263.701086766139,4317.718384073019,51774
2024-09-17,4303.443359375,4318.414863696175,4252.758245174188,4284.591757184849,63167
2024-09-18,4284.3427734375,4315.380639883648,4237.83600507198,4298.36951088414,13650
2024-09-19,4221.81982421875,4302.846252072738,4210.2800793202,4277.677590965764,34969
2024-09-20,4272.455078125,4315.977458251766,4201.1779515912785,4244.004265080525,75727
2024-09-23,4271.36083984375,4332.888656744525,4247.783952415751,4247.783952415751,14960
2024-09-24,4393.42236328125,4401.977716556509,4272.654077426036,4272.654077426036,51987
2024-09-25,4309.36181640625,4420.878677678573,4263.700722891621,4420.878677678573,35854
2024-09-26,4298.767578125,4330.998911588634,4270.21670300895,4307.4720539846685,57308
2024-09-27,4267.8291015625,4377.107670903563,4257.732007151648,4321.399027819336,37841
2024-09-30,4313.83837890625,4344.7271226801995,4242.809957654291,4277.6278588308205,79750
2024-10-01,4329.00927734375,4375.068680628352,4280.015513669344,4303.293671749219,17573
2024-10-03,4248.13232421875,4327.367824126137,4218.984474786465,4324.681677387247,205463
2024-10-04,4235.2001953125,4270.465466595962,4135.969169018705,4257.732256014501,27086
2024-10-07,4122.1416015625,4247.784301234767,4100.554306718902,4190.384305022444,20527
2024-10-08,4110.701171875,4168.150710003641,4063.7465498787274,4078.6685078342184,459268
2024-10-09,4089.660888671875,4184.46535452604,4069.367122672535,4173.174309009042,54694
2024-10-10,4072.003662109375,4115.625376122181,4066.780976508256,4110.999666023646,12081
2024-10-11,4053.152099609375,4106.473327080639,4038.8766625332905,4072.003458117806,10695
2024-10-14,4052.55517578125,4074.6396254955607,3975.358814345726,4053.152151261535,28688
2024-10-15,4128.70654296875,4137.361472733403,4063.7464813935926,4095.8782360199157,116479
2024-10-16,4195.30859375,4203.018272237537,4126.46843153915,4145.220456363452,40922
2024-10-17,4228.5849609375,4252.75834036534,4103.73790322619,4217.343460312605,65641
2024-10-18,4142.1865234375,4238.482700543789,4128.458030284775,4237.836179495554,43582
2024-10-21,4097.8681640625,4133.38262058626,4061.757217774657,4128.657333595217,18194
2024-10-22,3961.730224609375,4113.437046761513,3924.823392683419,4097.569836468171,23506
2024-10-23,3942.38134765625,3993.016428553935,3881.6987177781198,3934.870580138235,25951
2024-10-24,3886.87158203125,3973.9163372723347,3757.2494579381582,3962.0285592734917,63332
2024-10-25,3877.421142578125,3936.4624557498155,3822.0607734801424,3877.7196303233472,20344
2024-10-28,3859.41552734375,3897.764767224656,3802.51293006587,3876.774690868055,15659
2024-10-29,3880.057373046875,3898.560455325119,3830.964033865149,3854.8391667690084,11211
2024-10-30,3881.201416015625,3928.4542847227226,3680.749772973936,3860.8080726788776,127016
2024-10-31,3799.876708984375,3911.791397055778,3763.31791088105,3829.9693251102412,227291
2024-11-01,3832.6552734375,3849.865314243214,3800.2745747397425,3811.814319858252,1813
2024-11-04,3783.9599609375,3843.05081920956,3733.3744246795936,3829.9693327924747,102466
2024-11-05,3739.7412109375,3810.0733253137255,3731.4843454965494,3780.17962049273,94442
2024-11-06,3740.537109375,3764.312665691429,3644.0913249785676,3759.4382564807447,84779
2024-11-07,3658.0185546875,3738.4480082668474,3647.0757851050266,3738.4480082668474,224729
2024-11-08,3639.117431640625,3661.8486457557915,3577.887855726076,3658.018579228063,68448
2024-11-11,3598.927734375,3639.1174459390836,3583.3094661970454,3639.1174459390836,89863
2024-11-12,3515.613525390625,3611.213639457312,3502.2833392223733,3611.213639457312,140414
2024-11-13,3496.413818359375,3527.65059748468,3470.99670024873,3496.9610054166333,26506
2024-11-14,3413.0498046875,3508.4012187178137,3400.465716561187,3499.8956536143355,29275
2024-11-18,3389.0751953125,3541.4780798370216,3348.984819036891,3413.049662434092,29152
2024-11-19,3429.513671875,3471.593643399379,3394.1983701082036,3398.973445400051,48401
2024-11-21,3389.52294921875,3422.1025593403774,3319.6384420112904,3422.1025593403774,43112
2024-11-22,3397.182861328125,3433.841237581376,3372.8601168460573,3372.8601168460573,20842
2024-11-25,3459.5068359375,3531.4802675534784,3415.039206851696,3415.039206851696,33941
2024-11-26,3472.041259765625,3486.9632182852215,3447.967215261426,3468.1616476986974,40070
2024-11-27,3430.060791015625,3488.7538265927487,3409.518325711797,3488.7538265927487,29212
2024-11-28,3460.55126953125,3468.857923508006,3424.589446996361,3432.050426183717,20730
2024-11-29,3481.044189453125,3500.0944591630073,3421.5054783909,3460.5512694707127,96691
2024-12-02,3455.577392578125,3520.786401309842,3437.223431771458,3520.6870673064554,20498
2024-12-03,3489.84814453125,3580.275112605606,3444.236595892959,3461.1481482448053,74856
2024-12-04,3478.30859375,3526.3573496251356,3466.5699375951203,3489.8483390284423,30308
2024-12-05,3442.1474609375,3485.6698387726365,3423.7437125957854,3478.3084365841155,101321
2024-12-06,3409.468505859375,3464.828873114072,3394.6458817974585,3442.147448288683,31257
2024-12-09,3434.239013671875,3454.085170210996,3413.1991490083,3413.1991490083,155533
2024-12-10,3460.402099609375,3558.3398364906734,3433.0451762978164,3456.920309369722,113063
2024-12-11,3496.861328125,3516.558361527727,3464.232173816304,3490.743422409723,40414
2024-12-12,3472.2900390625,3530.535467066493,3466.9680194568296,3530.535467066493,49582
2024-12-13,3470.44970703125,3502.233429894352,3428.867134323384,3464.182435920257,207925
2024-12-16,3481.690673828125,3538.493691923388,3457.2188080740407,3501.6861949874406,84642
2024-12-17,3447.718505859375,3496.7122695219514,3430.9560753566006,3483.033807585699,26488
2024-12-18,3450.006591796875,3494.8222557087383,3432.199575607449,3445.977614429939,12911
2024-12-19,3413.945068359375,3477.7612113823243,3394.745433888138,3432.05032876603,17415
2024-12-20,3345.20458984375,3428.021459070349,3332.4711367519435,3412.2042802941564,75871
2024-12-23,3298.00146484375,3352.4168238941156,3263.0344399078317,3345.254332524944,189573
2024-12-24,3390.26904296875,3441.9985001971463,3294.967417423889,3306.457374286204,26523
2024-12-26,3347.39306640625,3402.20649034328,3312.6747405974043,3390.2689237104964,25699
2024-12-27,3402.703857421875,3437.0243611730966,3340.4792433510115,3346.895636782592,62837
2024-12-30,3381.067138671875,3420.610329186684,3364.802106557238,3420.610329186684,17425
2024-12-31,3384.94677734375,3399.172426642339,3347.542546335839,3381.067165203418,21926
2025-01-01,3377.93359375,3388.279387862481,3344.558097887958,3384.300198916078,279660
2025-01-02,3378.779052734375,3428.021516340425,3330.7800856840336,3358.037675907413,34673
2025-01-03,3364.155517578125,3403.1515202464643,3357.440636305514,3382.161444509145,16267
2025-01-06,3324.5625,3364.1554776823123,3308.745321449149,3364.105689247541,37525
2025-01-07,3325.85595703125,3358.435567468033,3302.7269206142973,3302.7269206142973,12707
2025-01-08,3381.017333984375,3422.102508606555,3310.735006064795,3322.622784519155,30139
2025-01-09,3415.337890625,3448.1164116351547,3373.3574949971153,3382.310670300853,31760
2025-01-10,3346.64697265625,3426.927302657951,3334.5602835736818,3415.337769315286,14154
2025-01-13,3280.244384765625,3346.4979793649563,3263.9298068657613,3339.683520992455,26044
2025-01-14,3360.27587890625,3377.5852533458074,3258.0106763541244,3276.0163602719786,22521
2025-01-15,3422.699462890625,3441.9984320958274,3347.592271670037,3402.2065427074363,58403
2025-01-16,3478.208984375,3494.9714150730097,3402.2065721339764,3422.599915621914,21403
2025-01-17,3483.282470703125,3524.8152546962297,3431.0556165800594,3496.513322321718,24593
2025-01-20,3552.470703125,3565.0050025231876,3484.2773043123407,3520.885891015959,101915
2025-01-21,3582.314697265625,3601.8623661431398,3465.475808449554,3516.608290116659,42391
2025-01-22,3570.77490234375,3582.3146474688074,3509.5948721214468,3556.4499192447443,34773
2025-01-23,3632.452392578125,3665.977011537987,3537.8968648022114,3537.8968648022114,54044
2025-01-24,3606.139892578125,3698.5069108368775,3581.269962284483,3640.957794989224,55445
2025-01-27,3633.69580078125,3643.3950737933274,3562.020611640996,3581.270035228516,34781
2025-01-28,3600.3203125,3646.926660063877,3562.617594477294,3640.908088223731,29714
2025-01-29,3637.675048828125,3655.8798870438154,3572.3169181970998,3583.657509678128,107750
2025-01-30,3606.388671875,3640.957875749948,3602.160783631301,3631.0099034118334,16943
2025-01-31,3661.45068359375,3676.4719756412496,3589.9744073888787,3589.9744073888787,131018
2025-02-01,3650.508056640625,3695.472843408011,3613.9988035603956,3659.361654946861,10501
2025-02-03,3627.77685546875,3660.8538638856517,3606.1400153764907,3637.973527236366,13093
2025-02-04,3631.45751953125,3649.911056822712,3606.139978463432,3622.056734230443,9197
2025-02-05,3729.395263671875,3750.3855825152873,3617.3812405370386,3643.8427013121095,26663
2025-02-06,3676.8203125,3754.96168268266,3606.139921465199,3715.5676156337986,37678
2025-02-07,3650.95556640625,3734.170256268251,3599.9224207177435,3676.770505553791,42595
2025-02-10,3631.60693359375,3684.6792210946305,3607.0850356887368,3654.586604318627,60579
2025-02-11,3531.87841796875,3648.816637240787,3519.7914859865627,3613.5013358228616,78659
2025-02-12,3522.626708984375,3558.7378962808402,3461.8942907408305,3492.235605645312,401574
2025-02-13,3502.730712890625,3551.425987023774,3500.6913300662914,3551.425987023774,30179
2025-02-14,3423.5947265625,3538.1953208766913,3373.8548641977973,3486.7643517656725,29925
2025-02-17,3448.364990234375,3475.8214906861867,3328.989323696784,3378.9778840594004,26585
2025-02-18,3387.831787109375,3441.998448218968,3354.108014972492,3441.998448218968,31156
2025-02-19,3391.06494140625,3425.932633870785,3349.6812783281875,3354.456353740337,18536
2025-02-20,3383.255615234375,3406.981626489434,3342.518716945683,3372.3626340612695,28606
2025-02-21,3376.44140625,3394.4470905547782,3344.906139475385,3371.9150302381818,56396
2025-02-24,3241.79541015625,3342.717538601071,3211.205395929229,3342.5186277330263,36105
2025-02-25,3207.126708984375,3252.1910723069946,3174.497553970512,3241.795489774628,42257
2025-02-27,3187.87744140625,3241.049303598696,3177.4320707224606,3207.126621658415,23504
2025-02-28,3124.90673828125,3196.084527284787,3088.8453393914147,3173.9502893455087,57103
2025-03-03,3145.697998046875,3157.4864424992697,3077.206353735707,3118.938049415827,27897
2025-03-04,3116.848876953125,3134.0589177880174,3100.136477608907,3123.6633351987807,23381
2025-03-05,3122.121337890625,3135.600889017433,3088.6962964710665,3116.8488639638153,24376
2025-03-06,3160.86865234375,3220.805186036986,3122.668535486602,3122.668535486602,38224
2025-03-07,3119.534912109375,3189.8670259211713,3108.74126528813,3160.868541676317,26370
2025-03-10,3129.9306640625,3152.462724827057,3099.340648353169,3108.7414338751223,15646
2025-03-11,3120.728759765625,3135.700506942994,3086.2588893520897,3129.930634322461,10772
2025-03-12,3124.55859375,3144.2058394901505,3108.741414580782,3120.7287700494903,12947
2025-03-13,3128.63720703125,3223.739916895531,3103.767276927663,3128.4880845987927,28868
2025-03-17,3189.27001953125,3198.272982722326,3112.5713014998746,3128.637179054966,24391
2025-03-18,3189.27001953125,3189.27001953125,3189.27001953125,3189.27001953125,0
2025-03-19,3204.39111328125,3220.2085355183613,3174.34828444976,3182.207328566189,21228
2025-03-20,3233.787353515625,3257.861398253926,3204.4408348083784,3218.169085353988,67186
2025-03-21,3311.431396484375,3441.9985375398987,3203.2471938955127,3253.9818544199447,120784
2025-03-24,3354.456298828125,3374.003967478288,3299.642873665298,3313.222001736009,26362
2025-03-25,3383.1064453125,3402.2065034243074,3320.9316188610323,3354.4562367095805,30259
2025-03-26,3325.80615234375,3417.725564925543,3303.2740915442087,3392.258657911527,41182
2025-03-27,3338.837890625,3367.388521688275,3284.074256195988,3356.445752489288,28445
2025-03-28,3334.26171875,3402.206415922774,3306.506974084057,3364.404122412521,48088
2025-04-01,3251.1962890625,3341.9715371529896,3238.5624126968664,3302.7268346348014,12503
2025-04-02,3294.818115234375,3318.5936711690997,3232.0961031926727,3253.981641595332,9463
2025-04-03,3325.30859375,3332.27217423771,3262.9348570984507,3272.882829223751,7728
2025-04-04,3174.0498046875,3328.5418689182948,3135.3024996889594,3288.799766652164,22931
2025-04-07,3075.216796875,3129.5823696050843,3011.4501958074156,3060.9911475825434,25330
2025-04-08,3083.871337890625,3126.1502191358995,3058.1061874093166,3107.6468939603915,133285
2025-04-09,3090.337646484375,3116.5008626433746,3050.9435783718473,3088.2484751183993,45430
2025-04-11,3152.263671875,3175.3429186658086,3110.084367149398,3127.6424408284024,21188
2025-04-15,3157.486328125,3233.09091569195,3133.611195209121,3206.231391161586,28600
2025-04-16,3169.026123046875,3197.178690093126,3157.4863781399113,3163.4551614634274,11926
2025-04-17,3131.124267578125,3190.3147025013654,3119.08712400019,3190.3147025013654,42055
2025-04-21,3114.710205078125,3144.951944478782,3090.138761456288,3143.459748596438,153321
2025-04-22,3131.223876953125,3198.2731135064614,3098.7933899137256,3116.699740160418,30354
2025-04-23,3116.401123046875,3162.6591925972225,3077.1066338589453,3138.585149061231,167511
2025-04-24,3154.800537109375,3184.3459665756836,3075.913067370201,3116.3019324793104,306516
2025-04-25,3160.669677734375,3174.9949034197493,3114.7100947600975,3163.45515852351,71346
2025-04-28,3160.27197265625,3241.049461300584,3133.6113576110615,3166.439667071749,58389
2025-04-29,3191.2099609375,3200.6605346934816,3143.5592704107703,3182.356362672169,17517
2025-04-30,3177.28271484375,3223.640362021291,3136.0982074593794,3222.745141679618,58704
2025-05-02,3096.107421875,3208.0221086006864,3078.897381475545,3173.4031169327914,21816
2025-05-05,3155.098876953125,3169.0260376660995,3063.975356854358,3078.2010052995493,45392
2025-05-06,3107.249267578125,3202.2524067020922,3093.819504455889,3168.4292995794235,27607
2025-05-07,3108.741455078125,3120.0820467580797,3065.069952265358,3102.6730946096422,27101
2025-05-08,3103.568359375,3142.066962518334,3067.1586846336204,3102.7724730393174,33960
2025-05-09,3093.222412109375,3123.165905902764,3065.965065135314,3087.9501810827965,19484
2025-05-12,3228.912841796875,3238.0649275803157,3115.207471802691,3115.207471802691,60564
2025-05-13,3212.498779296875,3260.7464454908045,3200.9590341518087,3243.039006024928,18864
2025-05-14,3246.918701171875,3289.1975850006083,3216.1795627833903,3243.039088980468,31238
2025-05-15,3286.11376953125,3304.616852462104,3212.996172434301,3233.0910280963853,47409
2025-05-16,3292.480224609375,3336.4502120127863,3272.982345328026,3315.6590478050766,54260
2025-05-19,3300.23974609375,3327.497092515432,3264.029224776862,3311.0829385408892,44953
2025-05-20,3261.34326171875,3323.120269123642,3250.0026700275225,3300.73733062483,43425
2025-05-21,3279.34912109375,3305.711248109975,3250.4004240900294,3267.8093758931964,16197
2025-05-22,3249.107421875,3292.5800134805063,3223.3420271675873,3255.474027178761,25278
2025-05-23,3298.84716796875,3366.3938022547136,3181.3615187974506,3254.9765132912003,377667
2025-05-26,3356.644775390625,3402.604358986291,3272.8828969367232,3331.4763568188214,80376
2025-05-27,3373.158447265625,3386.488632806638,3334.9580884639395,3356.6447163383277,43896
2025-05-28,3370.373046875,3412.6519295468383,3352.1682088210423,3395.8399533502047,163186
2025-05-29,3469.454833984375,3480.795424988502,3363.5089315090177,3370.3729350846083,47659
2025-05-30,3479.701171875,3601.1660121398177,3448.0668139099976,3481.7903432291055,126788
2025-06-02,3455.7265625,3507.5553509062415,3445.1816150301092,3477.8110117695346,28720
2025-06-03,3419.615478515625,3468.4601196623717,3388.8763412532808,3455.9255774147728,40720
2025-06-04,3515.31494140625,3527.550995973134,3440.8047256389104,3453.836423697609,41315
2025-06-05,3500.492431640625,3531.5300556684742,3468.061945812238,3514.6185032892167,25256
2025-06-06,3483.77978515625,3504.073550834239,3468.7582503279436,3500.4924266459875,15311
2025-06-09,3491.0419921875,3531.5301911571046,3478.706360727122,3531.5301911571046,31123
2025-06-10,3483.282470703125,3513.126387344877,3472.9366767488173,3506.6602054058308,69262
2025-06-11,3498.90087890625,3508.848851519352,3472.837239234007,3481.7904145857988,14849
2025-06-12,3432.6474609375,3530.535412417649,3409.17014887441,3505.6654813637065,241133
2025-06-13,3425.8828125,3450.9516545847614,3352.367150123433,3352.466726996439,24329
2025-06-16,3382.111572265625,3432.5477417782427,3357.4405531087,3412.1543991593603,56379
2025-06-17,3387.881591796875,3407.180561185054,3363.0116606933343,3382.1117192067695,52691
2025-06-18,3366.6923828125,3444.8833009649443,3352.6656444349005,3392.1590466982902,26155
2025-06-19,3342.518798828125,3422.102579752604,3332.570826212565,3373.3575139363606,26386
2025-06-20,3252.589111328125,3357.3410650600363,3183.3511271641382,3342.6182603932357,623776
2025-06-23,3282.33349609375,3314.1670078000693,3235.0806271546826,3235.0806271546826,25667
2025-06-24,3260.447998046875,3312.5752769773194,3255.474011779832,3297.7528950497,62845
2025-06-25,3281.438232421875,3301.5330878472246,3239.4575951168254,3262.934906838587,113745
2025-06-26,3306.90478515625,3343.9111922150328,3253.981622986558,3281.43812270104,37484
2025-06-27,3314.763916015625,3339.4346927909633,3302.7267724978133,3307.7007586009727,18726
2025-06-30,3292.579833984375,3337.743529892476,3284.8203672200093,3322.622660967544,23650
2025-07-01,3279.6474609375,3322.7222283162823,3272.882791396398,3299.7423158242714,23725
2025-07-02,3237.169677734375,3295.5642250179526,3232.0961148472998,3279.6474697586245,96966
2025-07-03,3292.579833984375,3314.06730786599,3252.9868566957693,3286.909538496327,92924
2025-07-04,3298.84716796875,3306.308147140414,3259.0552790532097,3282.8308355320787,22773
2025-07-07,3335.55517578125,3358.8333342588735,3267.212653351406,3298.8472544425927,93845
2025-07-08,3426.87744140625,3481.6906213763673,3338.1415797850727,3361.419737105172,175621
2025-07-09,3441.103271484375,3511.0373240024783,3407.280164916935,3442.9932891149747,69342
2025-07-10,3412.55224609375,3451.7474018217495,3387.4834050194836,3432.050368523964,18749
2025-07-11,3342.22021484375,3436.427464226528,3334.5603247244035,3387.2845780687926,24024
2025-07-14,3332.1728515625,3407.180464493998,3313.5699493286393,3342.220157720949,14149
2025-07-15,3380.52001953125,3453.93610630973,3355.2522661321086,3382.111792304448,69410
2025-07-16,3368.38330078125,3415.5365906552456,3346.995161098203,3362.414517613888,19455
2025-07-17,3429.5634765625,3446.972428220178,3359.9276699317893,3369.179332815382,57640
2025-07-18,3350.47705078125,3441.7994845280523,3347.492659108939,3441.7994845280523,21895
2025-07-21,3328.29296875,3358.3357958441447,3320.633078825892,3350.476995052608,17578
2025-07-22,3320.434326171875,3361.618835378954,3302.6273095858783,3361.618835378954,10611
2025-07-23,3337.04736328125,3350.4771261085857,3294.6689034334895,3320.633208714507,17034
2025-07-24,3306.30810546875,3365.6974503525867,3298.747549521922,3337.0472421204126,17844
2025-07-25,3241.944580078125,3326.104522478783,3207.2262540665756,3319.1409419023357,119186
2025-07-28,3204.540283203125,3271.8880053689263,3195.2886206278476,3233.090914396172,18290
2025-07-29,3166.638427734375,3217.8704840079004,3145.5487754735304,3193.2990415148747,23710
2025-07-30,3178.675537109375,3205.2365737366486,3155.1982260753684,3166.6383938587237,21757
2025-07-31,3116.302001953125,3177.382456728285,3108.7414456092333,3164.5496691889803,45435
2025-08-01,3078.698486328125,3129.134656829307,3073.9234110960288,3116.699691574064,28970
2025-08-04,3053.331298828125,3091.730327595103,3009.2617313454107,3074.9183509384015,97545
2025-08-05,3125.65283203125,3137.4908216753106,3050.0482441145173,3073.923377140854,48085
2025-08-06,3173.900634765625,3196.9798824543714,3117.7941668610497,3129.6321570201085,39080
2025-08-07,3133.611328125,3181.361595982143,3114.113204935165,3181.361595982143,36198
2025-08-08,3072.53076171875,3146.5435770370914,3054.0274364539587,3133.611213299664,48427
2025-08-11,3096.50537109375,3133.51178045382,3044.0796042611155,3071.933927437361,155874
2025-08-12,3084.7666015625,3129.2342315814826,3063.975436817973,3103.9662364776827,39362
2025-08-13,3116.202392578125,3257.8614241460373,3074.818729737617,3083.971058754377,136280
2025-08-14,3102.374755859375,3131.52212056395,3032.141973883076,3131.52212056395,88838
2025-08-18,3102.971435546875,3133.1138398432154,3068.949419246331,3128.637252359712,57752
2025-08-19,3111.128662109375,3122.966894496315,3061.985777641077,3102.971373654004,61326
2025-08-20,3080.3896484375,3131.522129338642,3069.4468788160525,3119.186740731723,37829
2025-08-21,3099.390380859375,3111.42728175187,3085.8610412351277,3096.8038108848978,28687
2025-08-22,3091.53125,3114.6104967655315,3053.0326464342957,3089.939720181585,26993
2025-08-25,3074.02294921875,3105.6573061330105,3068.949386310396,3083.871344428599,54878
2025-08-26,3023.885009765625,3094.5156111875153,3019.209511485019,3086.8557212975334,50492
2025-08-28,3001.701171875,3038.2104258164495,2985.486170743132,3025.576306247823,85088
2025-08-29,3040.39892578125,3053.82868884191,2995.234984284625,3001.7011664990173,162363
2025-09-01,3074.5205078125,3083.8715049050097,3030.6498515139074,3083.8715049050097,71181
2025-09-02,3097.698974609375,3123.6632792699443,3045.0742986768473,3103.7673348159956,45344
2025-09-03,3059.300048828125,3123.2655609395347,3044.0796022428262,3123.2655609395347,89544
2025-09-04,3071.39990234375,3098.89990234375,3062.10009765625,3075.0,29316
2025-09-05,3052.39990234375,3081.699951171875,3042.199951171875,3075.0,22175
2025-09-08,3022.300048828125,3057.89990234375,3018.0,3041.0,22180
2025-09-09,3033.300048828125,3052.39990234375,3019.0,3032.89990234375,102447
2025-09-10,3062.199951171875,3091.89990234375,3033.300048828125,3033.300048828125,65941
2025-09-11,3035.10009765625,3079.5,3026.10009765625,3075.0,28906
2025-09-12,3087.89990234375,3111.60009765625,3002.0,3038.0,90818
2025-09-15,3109.0,3120.0,3071.89990234375,3087.89990234375,49874
2025-09-16,3100.300048828125,3135.0,3091.199951171875,3118.0,33050
2025-09-17,3123.89990234375,3140.5,3099.0,3114.0,46634
2025-09-18,3136.60009765625,3160.0,3104.300048828125,3117.199951171875,41360
2025-09-19,3074.89990234375,3139.89990234375,3055.10009765625,3136.60009765625,101114
2025-09-22,3049.800048828125,3100.10009765625,3044.800048828125,3086.0,67086
2025-09-23,3055.699951171875,3066.199951171875,3034.0,3051.0,130583
2025-09-24,3070.199951171875,3097.0,3041.89990234375,3049.89990234375,20959
2025-09-25,3099.0,3115.0,3060.39990234375,3082.0,124502
2025-09-26,3069.89990234375,3111.300048828125,3056.89990234375,3099.0,252735
2025-09-29,3062.800048828125,3122.0,3055.0,3069.89990234375,288042
2025-09-30,3053.300048828125,3095.800048828125,3045.0,3052.300048828125,573799
2025-10-01,3247.800048828125,3265.0,3053.300048828125,3053.300048828125,216421
2025-10-03,3224.300048828125,3270.5,3189.800048828125,3247.800048828125,46298
2025-10-06,3178.199951171875,3220.0,3153.0,3210.0,38170
2025-10-07,3173.199951171875,3220.0,3150.60009765625,3181.0,191462
2025-10-08,3224.199951171875,3235.199951171875,3153.300048828125,3189.0,93815
2025-10-09,3271.89990234375,3277.0,3205.0,3205.0,48281
2025-10-10,3271.89990234375,3295.0,3249.0,3271.89990234375,65468
2025-10-13,3232.89990234375,3269.699951171875,3206.10009765625,3232.0,36013
2025-10-14,3228.60009765625,3245.0,3186.0,3245.0,51870
2025-10-15,3238.699951171875,3270.0,3196.60009765625,3245.0,164467
2025-10-16,3313.5,3394.39990234375,3241.699951171875,3267.699951171875,153556
2025-10-17,3302.800048828125,3328.300048828125,3287.10009765625,3319.800048828125,53952
2025-10-20,3310.5,3340.39990234375,3287.0,3340.39990234375,32587
2025-10-21,3356.10009765625,3364.199951171875,3314.300048828125,3340.0,13297
2025-10-23,3356.0,3366.39990234375,3305.0,3356.199951171875,65565
2025-10-24,3360.199951171875,3366.39990234375,3326.5,3356.199951171875,36308
2025-10-27,3387.300048828125,3399.0,3323.39990234375,3377.0,41205
2025-10-28,3331.10009765625,3403.0,3322.0,3397.199951171875,44448
2025-10-29,3330.199951171875,3357.89990234375,3311.0,3338.5,128342
2025-10-30,3295.699951171875,3330.39990234375,3281.0,3330.199951171875,16692
2025-10-31,3249.89990234375,3336.10009765625,3241.199951171875,3280.10009765625,70902
2025-11-03,3265.10009765625,3295.0,3225.699951171875,3258.0,91384
2025-11-04,3333.5,3346.39990234375,3276.10009765625,3284.0,28187
2025-11-06,3318.60009765625,3345.800048828125,3281.10009765625,3339.89990234375,22254
2025-11-07,3256.199951171875,3302.5,3220.0,3300.199951171875,90049
2025-11-10,3445.699951171875,3476.89990234375,3290.0,3330.0,490579
2025-11-11,3566.699951171875,3585.0,3470.5,3484.5,282715
2025-11-12,3603.199951171875,3633.0,3576.699951171875,3583.89990234375,89887
2025-11-13,3709.0,3719.39990234375,3580.0,3580.0,156417
2025-11-14,3693.0,3740.300048828125,3665.5,3709.199951171875,65806
2025-11-17,3760.39990234375,3773.0,3693.0,3693.0,65492
2025-11-18,3711.60009765625,3769.5,3676.10009765625,3761.0,78128
2025-11-19,3733.39990234375,3775.0,3682.89990234375,3699.39990234375,98242
2025-11-20,3839.60009765625,3851.0,3697.39990234375,3750.0,92106
2025-11-21,3698.699951171875,3844.89990234375,3660.5,3839.60009765625,82996
2025-11-24,3734.60009765625,3799.0,3652.5,3691.0,114999
2025-11-25,3825.5,3842.5,3693.60009765625,3722.699951171875,57896
2025-11-26,3763.10009765625,3869.0,3732.5,3844.0,59717
2025-11-27,3835.39990234375,3845.800048828125,3758.89990234375,3765.0,88747
2025-11-28,3862.60009765625,3885.699951171875,3806.0,3846.0,63956
2025-12-01,3854.10009765625,3920.0,3820.0,3898.699951171875,63908
2025-12-02,3858.300048828125,3875.60009765625,3810.0,3873.0,26938
2025-12-03,3895.300048828125,3903.39990234375,3845.0,3845.0,25535
2025-12-04,3843.800048828125,3913.0,3810.5,3913.0,93800
2025-12-05,3765.800048828125,3849.89990234375,3720.10009765625,3849.89990234375,25066
2025-12-08,3659.5,3800.0,3618.89990234375,3784.39990234375,25151
2025-12-09,3798.800048828125,3819.0,3630.0,3630.0,35805
2025-12-10,3691.39990234375,3831.89990234375,3666.5,3815.0,21532
2025-12-11,3638.199951171875,3705.60009765625,3625.0,3691.39990234375,18285
2025-12-12,3749.800048828125,3778.0,3639.39990234375,3654.699951171875,62306
2025-12-15,3893.800048828125,3904.0,3719.39990234375,3749.800048828125,86949
2025-12-16,3763.89990234375,3886.0,3750.0,3882.0,45887
2025-12-17,3816.0,3827.60009765625,3720.0,3755.0,32454
2025-12-18,3800.300048828125,3840.0,3732.199951171875,3832.0,24790
2025-12-19,3803.89990234375,3854.800048828125,3762.10009765625,3773.800048828125,29688
2025-12-22,3919.89990234375,3960.0,3792.0,3805.89990234375,76902
2025-12-23,3900.60009765625,3942.0,3825.0,3933.10009765625,126464
2025-12-24,3941.89990234375,3999.0,3870.199951171875,3900.60009765625,105669
2025-12-26,3884.300048828125,3954.300048828125,3870.699951171875,3941.89990234375,32466
2025-12-29,3834.800048828125,3897.0,3766.800048828125,3897.0,35427
2025-12-30,3949.699951171875,4080.0,3756.800048828125,3794.0,333415
2025-12-31,4017.5,4060.0,3892.300048828125,3930.0,104039
2026-01-01,4030.10009765625,4099.89990234375,3963.10009765625,4029.5,74906
2026-01-02,4089.699951171875,4097.7001953125,3996.5,4030.10009765625,51661
2026-01-05,4078.0,4165.5,4051.10009765625,4090.10009765625,84430
2026-01-06,4071.5,4116.39990234375,4024.89990234375,4065.89990234375,30349
2026-01-07,3989.199951171875,4093.800048828125,3969.10009765625,4093.800048828125,53934
2026-01-08,4059.10009765625,4168.7001953125,3988.60009765625,3989.199951171875,237206
2026-01-09,3953.699951171875,4080.0,3920.0,4029.199951171875,86963
2026-01-12,3986.800048828125,4043.699951171875,3872.89990234375,3950.0,45546
2026-01-13,3905.10009765625,4001.89990234375,3819.0,3990.0,69291
2026-01-14,3935.39990234375,3965.0,3850.300048828125,3883.0,46240
2026-01-16,3948.0,3960.0,3881.800048828125,3901.0,52960
2026-01-19,3865.89990234375,3915.0,3852.300048828125,3915.0,39896
2026-01-20,3740.60009765625,3846.0,3723.800048828125,3846.0,56416
2026-01-21,3721.300048828125,3798.699951171875,3692.10009765625,3740.199951171875,71414
2026-01-22,3758.199951171875,3830.0,3721.5,3749.0,39513
2026-01-23,3729.89990234375,3785.300048828125,3706.5,3769.5,58062
2026-01-27,3842.10009765625,3947.699951171875,3668.10009765625,3729.89990234375,50078
2026-01-28,3907.199951171875,3920.0,3800.199951171875,3920.0,30586
2026-01-29,3999.89990234375,4143.89990234375,3837.89990234375,3907.199951171875,46872
2026-01-30,3989.0,4090.89990234375,3906.89990234375,4000.5,139733
2026-02-02,4016.199951171875,4037.0,3841.89990234375,3978.800048828125,55944
2026-02-03,4039.699951171875,4140.0,4014.60009765625,4140.0,49545
2026-02-04,4088.5,4206.10009765625,3897.89990234375,4039.699951171875,74942
2026-02-05,3967.0,4128.2001953125,3922.10009765625,4120.0,37648
2026-02-06,3882.699951171875,3962.10009765625,3856.10009765625,3962.0,24459
2026-02-09,4070.39990234375,4200.0,3850.0,3904.89990234375,84312
2026-02-10,4108.39990234375,4140.2998046875,4041.800048828125,4077.89990234375,52739
2026-02-11,4026.199951171875,4087.89990234375,4009.800048828125,4080.0,35128
2026-02-12,3951.10009765625,4020.10009765625,3920.89990234375,4020.0,42504
2026-02-13,3861.800048828125,3965.199951171875,3828.60009765625,3939.0,68253
2026-02-16,3867.10009765625,3924.89990234375,3820.0,3861.800048828125,24304
2026-02-17,3945.0,3969.0,3855.60009765625,3867.10009765625,31700
2026-02-18,4021.5,4045.0,3894.699951171875,3952.5,48408
2026-02-19,3960.199951171875,4030.0,3940.0,4030.0,28394
2026-02-20,3949.0,3996.800048828125,3902.5,3960.199951171875,117438
2026-02-23,3833.699951171875,3955.60009765625,3812.300048828125,3955.5,43481
2026-02-24,3859.60009765625,3875.199951171875,3825.199951171875,3831.0,15108
2026-02-25,3912.10009765625,3932.5,3813.800048828125,3860.0,43568
2026-02-26,3921.300048828125,3974.60009765625,3859.800048828125,3912.10009765625,19875
2026-02-27,3851.60009765625,3933.699951171875,3811.60009765625,3921.89990234375,19252
2026-03-02,3738.89990234375,3830.800048828125,3662.0,3662.0,47310
2026-03-04,3623.0,3707.800048828125,3605.0,3700.0,42995
2026-03-05,3615.699951171875,3683.5,3590.0,3625.0,26803
2026-03-06,3674.5,3687.0,3577.10009765625,3596.0,43572
2026-03-09,3600.5,3649.60009765625,3545.0,3602.0,34709
2026-03-10,3787.800048828125,3820.0,3638.0,3638.0,75363
2026-03-11,3743.10009765625,3785.5,3662.0,3780.0,44327
2026-03-12,3722.800048828125,3755.89990234375,3627.699951171875,3700.0,47149
2026-03-13,3665.300048828125,3729.0,3640.0,3729.0,23041
2026-03-16,3665.60009765625,3711.60009765625,3593.199951171875,3650.0,35375
2026-03-17,3736.199951171875,3929.0,3710.10009765625,3729.0,715852
2026-03-18,3719.60009765625,3758.39990234375,3666.0,3758.39990234375,53589
2026-03-19,3573.10009765625,3692.89990234375,3560.0,3675.0,36981
2026-03-20,3409.60009765625,3668.89990234375,3372.300048828125,3608.699951171875,163807
2026-03-23,3315.89990234375,3400.39990234375,3282.199951171875,3399.89990234375,76579
2026-03-24,3378.300048828125,3433.5,3252.699951171875,3355.0,104449
2026-03-25,3486.39990234375,3543.0,3344.10009765625,3395.0,92353
2026-03-27,3458.39990234375,3525.0,3411.300048828125,3486.39990234375,104428
2026-03-30,3636.60009765625,3697.5,3377.0,3377.0,220600
2026-04-01,3681.0,3700.0,3600.0,3660.0,48288
2026-04-02,3676.0,3690.699951171875,3555.199951171875,3611.300048828125,26628
2026-04-06,3680.5,3707.800048828125,3612.199951171875,3642.10009765625,36537
2026-04-07,3685.89990234375,3719.10009765625,3644.0,3651.10009765625,19728
2026-04-08,3674.5,3778.0,3661.10009765625,3769.0,78628
2026-04-09,3631.800048828125,3704.699951171875,3616.0,3662.800048828125,40068
2026-04-10,3773.300048828125,3792.0,3645.199951171875,3670.10009765625,73271
2026-04-13,3827.10009765625,3864.89990234375,3641.5,3660.10009765625,41053
2026-04-15,3920.199951171875,3929.0,3852.300048828125,3894.800048828125,94838
2026-04-16,3925.300048828125,4012.699951171875,3916.199951171875,3950.0,50612
2026-04-17,3961.5,4012.0,3873.199951171875,3873.199951171875,22355
2026-04-20,4001.199951171875,4075.0,3930.199951171875,4003.800048828125,72036
2026-04-21,4007.199951171875,4095.0,4000.0,4045.0,61143
2026-04-22,4058.60009765625,4079.89990234375,3989.0,4012.89990234375,52152
2026-04-23,4079.60009765625,4110.0,4022.0,4075.0,28883
2026-04-24,4014.300048828125,4108.89990234375,4000.0,4099.89990234375,24872
2026-04-27,4027.10009765625,4100.0,4002.5,4017.0,31111
2026-04-28,3993.800048828125,4054.10009765625,3973.5,4048.10009765625,24406
2026-04-29,3937.199951171875,4025.39990234375,3921.39990234375,4021.0,17514
2026-04-30,3949.60009765625,3962.10009765625,3875.0,3921.800048828125,13099
2026-05-04,3958.10009765625,4020.300048828125,3912.60009765625,3960.0,21430
2026-05-05,3876.39990234375,3967.699951171875,3844.199951171875,3960.0,23157
2026-05-06,3912.0,3957.0,3856.0,3950.0,25922
2026-05-07,4005.5,4029.0,3920.10009765625,3935.0,17340
2026-05-08,3971.89990234375,4049.89990234375,3955.0,4021.39990234375,24345
2026-05-11,3905.60009765625,3973.5,3880.0,3973.5,10188
2026-05-12,3749.800048828125,3905.5,3700.0,3905.0,29376
2026-05-13,3794.800048828125,3896.699951171875,3767.0,3770.0,16513
2026-05-14,3854.800048828125,3877.0,3806.800048828125,3836.0,20765
2026-05-15,3856.300048828125,3935.39990234375,3840.0,3861.89990234375,10991
2026-05-18,3883.300048828125,3921.0,3788.60009765625,3856.300048828125,24804
2026-05-19,4002.60009765625,4040.89990234375,3867.300048828125,3876.0,35842
2026-05-20,3962.199951171875,4020.699951171875,3921.10009765625,3982.800048828125,19072
2026-05-21,3995.39990234375,4042.10009765625,3962.199951171875,3962.199951171875,31651
2026-05-22,3994.0,4049.89990234375,3961.0,3981.0,41320
2026-05-25,3972.800048828125,4090.0,3932.699951171875,4036.10009765625,28184
2026-05-26,4143.39990234375,4194.0,3970.0,3987.89990234375,241336
2026-05-27,4428.10009765625,4495.0,4122.2001953125,4143.39990234375,1149941
2026-05-28,4428.10009765625,4428.10009765625,4428.10009765625,4428.10009765625,0
2026-05-29,4503.60009765625,4551.7001953125,4376.5,4461.0,212656
2026-06-01,4522.7001953125,4607.39990234375,4481.0,4525.7001953125,192749
2026-06-02,4552.2998046875,4562.89990234375,4428.7001953125,4504.7998046875,74628
2026-06-03,4521.2998046875,4574.7001953125,4483.2998046875,4525.0,49880
2026-06-04,4596.5,4664.0,4520.5,4520.5,96853
2026-06-05,4630.7001953125,4775.0,4602.5,4690.0,206638
2026-06-08,4545.5,4604.7998046875,4530.0,4602.5,54753
2026-06-09,4489.10009765625,4578.60009765625,4443.2998046875,4548.5,79733
2026-06-10,4439.0,4555.0,4410.5,4475.7001953125,167126
2026-06-11,4318.5,4463.7001953125,4292.5,4400.0,63685
2026-06-12,4333.7001953125,4387.5,4290.5,4357.0,49722
2026-06-15,4469.2001953125,4519.0,4362.2998046875,4429.89990234375,58196
2026-06-16,4491.39990234375,4531.0,4465.0,4509.0,42546
2026-06-17,4501.60009765625,4578.2998046875,4443.0,4527.5,75880
2026-06-18,4532.89990234375,4676.0,4510.5,4548.7998046875,51768
2026-06-19,4687.0,4767.7998046875,4521.0,4521.0,184500
2026-06-22,4848.0,4867.0,4705.10009765625,4750.0,245621
2026-06-23,4886.10009765625,5060.0,4822.2001953125,4860.0,297045
2026-06-24,4857.5,4929.7998046875,4832.5,4924.0,53007
2026-06-25,4829.89990234375,4892.0,4806.89990234375,4850.0,55341
2026-06-26,4829.89990234375,4829.89990234375,4829.89990234375,4829.89990234375,0
2026-06-29,4951.39990234375,5019.2998046875,4807.10009765625,4878.0,154754
2026-06-30,5081.39990234375,5180.0,4912.10009765625,4976.0,205842
2026-07-01,4996.0,5144.0,4841.0,5080.0,128786
2026-07-02,4800.0,5038.5,4760.0,5019.0,131346
2026-07-03,4754.5,4839.0,4718.0,4812.0,102604
2026-07-06,4813.0,4828.0,4688.0,4710.0,69885
2026-07-07,4756.5,4842.5,4725.0,4815.0,41532
2026-07-08,4667.0,4737.0,4621.5,4737.0,139016
2026-07-09,4687.5,4725.0,4630.0,4667.0,92253
2026-07-10,4683.5,4756.0,4648.0,4710.0,93948
2026-07-13,4732.0,4765.0,4640.0,4690.0,113543
2026-07-14,4760.0,4780.0,4674.0,4732.0,47518
2026-07-15,4828.5,4912.5,4778.5,4778.5,166287
2026-07-16,4779.5,4890.0,4750.0,4850.0,37210
2026-07-17,4647.5,4814.0,4613.5,4814.0,49369
2026-07-20,4657.5,4710.0,4622.0,4628.0,35891
2026-07-21,4681.5,4711.5,4638.0,4678.0,31494
2026-07-22,4626.5,4693.0,4550.0,4681.5,38515
2026-07-23,4582.0,4654.5,4552.0,4629.0,46706
2026-07-24,4583.0,4612.0,4505.5,4552.0,36931
2026-07-27,4634.5,4651.5,4531.0,4585.0,70317
2026-07-28,4603.0,4634.5,4540.0,4634.5,31114
2026-07-29,4643.5,4675.0,4594.5,4603.0,46596
2026-07-30,4563.5,4663.5,4520.0,4663.5,48433
2026-07-31,4591.0,4624.0,4484.0,4563.5,131078
2026-08-03,4684.60009765625,4700.0,4460.0,4568.0,57776
2026-08-04,4627.0,4740.0,4606.7998046875,4640.0,37479
2026-08-05,4646.60009765625,4729.0,4583.0,4650.0,58625
2026-08-06,4795.39990234375,4859.7998046875,4602.60009765625,4626.60009765625,82559
2026-08-07,4776.0,4848.2001953125,4751.10009765625,4804.0,46225
