Price,Close,High,Low,Open,Volume
Ticker,BHARTIARTL.NS,BHARTIARTL.NS,BHARTIARTL.NS,BHARTIARTL.NS,BHARTIARTL.NS
Date,,,,,
2015-01-01,304.2445373535156,305.9212835360021,294.8128862077759,297.11840156313787,2460188
2015-01-02,306.04705810546875,307.6818750682678,303.49002359989186,304.9990810442982,2795887
2015-01-05,299.2562255859375,307.053088171799,298.1244467619234,307.053088171799,1605267
2015-01-06,296.9088439941406,298.5436610535591,292.0881946488957,298.5436610535591,3916948
2015-01-07,297.6214294433594,300.1365630651344,293.8487857870038,295.06439490705196,4899318
2015-01-08,302.7774353027344,304.2864928025776,296.0704499964219,298.9209329456818,7096620
2015-01-09,298.2921447753906,305.9213195117666,296.7411579227165,303.90922385616426,3831782
2015-01-12,292.54931640625,298.2083249901272,290.9983294992945,298.2083249901272,2276975
2015-01-13,290.32763671875,295.35787613420507,288.65091863508826,293.34578036802304,1604173
2015-01-14,289.908447265625,291.920542962873,288.9443287229187,290.87259419648694,3415213
2015-01-15,292.8846740722656,295.6093977580893,287.81253369375526,290.1599787745988,4966049
2015-01-16,287.4352111816406,295.1062853934069,284.29130876202674,290.91443442602156,9779165
2015-01-19,293.8068542480469,295.3578410014698,286.63878877329984,288.3155350456697,3385131
2015-01-20,297.53759765625,299.29817414931114,291.794759402569,293.80685493411124,2891041
2015-01-21,309.3586730957031,310.1970321743928,297.20229612575537,297.6214756651002,5052826
2015-01-22,310.1969909667969,313.5085543087547,302.77743461918953,313.0055446059939,2502844
2015-01-23,322.0180358886719,325.07808036412143,311.87375552773847,312.6702136261606,6269436
2015-01-27,330.485595703125,331.1562943239744,319.92213500698455,320.84435270769194,5268554
2015-01-28,313.2151184082031,331.7431004588208,311.53837217074056,330.06635422135827,4490563
2015-01-29,315.0595397949219,318.99987234593675,304.3703210654076,314.2211808310988,7542171
2015-01-30,313.2989196777344,319.25134697967445,306.96924224981433,319.25134697967445,5409140
2015-02-02,301.2264709472656,313.00556863853205,298.8790259151192,310.1970147836945,4157252
2015-02-03,311.4964904785156,313.5504870035552,301.89714961338,301.93905052930666,4242370
2015-02-04,309.31671142578125,316.31711687545743,306.00514799036023,314.38885145278533,5535031
2015-02-05,305.7536315917969,311.7898896280098,301.8552001579132,310.1969736134308,8259274
2015-02-06,308.7298583984375,310.196986570453,300.9749245080262,305.92130479904534,3318996
2015-02-09,298.54364013671875,306.5919937322494,296.15429447790825,306.00512544890097,3030260
2015-02-10,298.5855712890625,303.32236172247246,295.9446781917027,297.87294348428304,6847286
2015-02-11,298.54364013671875,302.3582130081017,291.75285332317685,299.25623954892853,3489433
2015-02-12,295.69317626953125,301.68750487600846,292.84272193540687,300.9749054865533,4361948
2015-02-13,297.6214294433594,298.8789962542469,292.8427380159245,296.6153816722801,3377769
2015-02-16,302.9450988769531,306.3824217849778,295.1063345587001,295.9446935365895,2355833
2015-02-18,295.1062927246094,304.7894624544315,293.8487544360431,304.3702830249094,3408770
2015-02-19,299.0466613769531,300.47188864462095,293.5972713500332,297.57953319409603,3057263
2015-02-20,292.8846740722656,300.8072692834362,291.962484795909,297.62146515351264,4072136
2015-02-23,291.166015625,294.18413079776263,289.40543897816985,291.7528839699953,2410807
2015-02-24,286.7645263671875,293.30379374722946,285.129709522177,290.1599195665402,7390936
2015-02-25,292.255859375,293.8487753865344,288.9442962246308,290.83063218012046,2882686
2015-02-26,292.8846740722656,295.6093977580893,290.2857383095922,293.429613131799,4571845
2015-02-27,297.78912353515625,300.22039859457954,291.20789779808064,292.5912241533494,3711112
2015-03-02,292.6332092285156,304.32844958133546,289.6569945980769,298.711369647331,4619840
2015-03-03,292.80084228515625,293.93264970591025,288.1478814559735,293.4296115686166,2293482
2015-03-04,294.4775390625,300.47186767374893,292.842722168523,295.1063082398407,3694564
2015-03-05,291.6689758300781,295.0224681060939,288.44127145108274,294.6032886686297,3879220
2015-03-09,287.9382019042969,290.7048256321991,284.2912900987961,290.7048256321991,3823862
2015-03-10,308.4783020019531,320.50891620694784,285.674640260991,286.7645181263445,12896222
2015-03-11,326.5871887207031,330.31793202019065,303.6996623808107,310.1970303672777,14318713
2015-03-12,333.50372314453125,335.2642998408964,324.4912499024864,326.50331727822044,18411651
2015-03-13,335.55767822265625,337.6117030391802,326.4613758819818,334.46780024938573,12653947
2015-03-16,325.62298583984375,335.26425547485815,323.7785791610955,335.26425547485815,15605904
2015-03-17,324.0719909667969,328.97647007052086,317.7423130732523,328.8088096440074,13158523
2015-03-18,320.46697998046875,327.215865128308,319.83821085362433,323.52702379689134,4777244
2015-03-19,320.2154846191406,322.73061808853487,318.37107801131634,321.0957728169831,4636137
2015-03-20,318.790283203125,325.11998991158924,316.5685978790405,319.41908081532614,7256601
2015-03-23,321.305419921875,326.8805695485552,316.9039501473536,321.93418915188334,3546841
2015-03-24,330.1921081542969,332.41379333284806,319.9220695601719,320.08975837515897,8101985
2015-03-25,331.1562194824219,333.21024419012116,324.40733387797707,324.4492631778633,11374656
2015-03-26,335.0546569824219,338.2823898769574,326.9643742898283,326.9643742898283,12656646
2015-03-27,315.6463623046875,339.12072215548295,311.11916210296516,336.18643781968973,9357286
2015-03-30,326.46136474609375,329.3956493134115,316.56857633174246,318.5806717775243,5166621
2015-03-31,329.73101806640625,331.743113631255,322.77254219575286,326.1679357188391,6709861
2015-04-01,337.27642822265625,339.41425533890146,329.5214927919489,329.7310825724373,6096908
2015-04-06,336.01873779296875,342.9772124703419,334.0485718691343,337.2763044023828,4825167
2015-04-07,339.33038330078125,343.73182492512353,332.1623171714016,337.0248676112761,4691848
2015-04-08,351.40289306640625,354.50486653778796,341.21668441785016,341.21668441785016,6392808
2015-04-09,341.3843688964844,352.5346967805112,339.7495518300139,351.4448187361976,5176227
2015-04-10,345.3665771484375,347.00142234870316,336.60562485217275,341.216655364749,5103339
2015-04-13,356.8941955566406,357.9840734733388,342.05502739326937,342.9772448865455,4307880
2015-04-15,348.0494079589844,356.30735149487305,343.01919748060305,356.30735149487305,3883730
2015-04-16,350.4387512207031,354.58870180501395,347.4625372244302,348.8877644629163,3429760
2015-04-17,340.3363952636719,356.0558239230764,338.6177481013822,352.07359061619877,6165372
2015-04-20,337.27642822265625,341.71977131243295,334.3002135962982,338.5339669055865,3642501
2015-04-21,333.9228515625,343.6898805124069,330.31786849500827,333.3779125916949,4315761
2015-04-22,334.8450927734375,336.43798049768986,327.97044700645245,332.8329971750778,4659581
2015-04-23,335.22235107421875,337.7793857438765,332.833005235896,336.8571965300764,6374398
2015-04-24,334.635498046875,338.03089157594434,331.11434499626176,335.34809748475186,8213565
2015-04-27,327.802734375,338.45002220846897,322.0598968449789,334.4677609496572,16825758
2015-04-28,335.9768981933594,343.3126243204571,321.43114868556023,326.1260383884784,5756976
2015-04-29,324.74267578125,337.4439887226176,321.8503206344869,330.3178531326816,12480808
2015-04-30,319.5028991699219,325.2876382702853,311.7060645615395,324.82655788933147,9124401
2015-05-04,329.395751953125,330.4017999895005,313.21520990811496,313.21520990811496,5025010
2015-05-05,324.49127197265625,328.64119492829934,320.6766699456451,328.64119492829934,2710648
2015-05-06,327.132080078125,339.53994585658677,323.6109270607133,329.7310155383466,15076384
2015-05-07,330.0244140625,335.7672519942821,323.06596708522125,326.8805398103206,8782001
2015-05-08,333.62945556640625,335.3481028158017,330.40172242264805,332.8329975094029,6371723
2015-05-11,332.1622619628906,337.65358075406033,330.90469525574554,332.83296042161453,4799566
2015-05-12,328.2638244628906,334.8031201167246,326.0840687076628,332.41377464565954,6930590
2015-05-13,320.71856689453125,335.34811903852085,319.16758000939353,331.99465459714753,6440531
2015-05-14,323.6109313964844,328.80883077472305,319.3352211996379,320.257438769184,5484794
2015-05-15,328.6410827636719,331.1561875871201,324.4492319285419,325.28759074030836,4322623
2015-05-18,333.2102966308594,335.18046304885155,328.6411661383784,330.3179125754428,4866514
2015-05-19,333.6713562011719,339.5399541699301,331.24008111646435,334.425913341795,6042689
2015-05-20,335.8092041015625,338.5758283932202,332.7072305506689,333.0425798099048,5645720
2015-05-21,332.3719177246094,337.6117469260185,329.8987415062802,336.18651951507707,2829064
2015-05-22,331.0724182128906,334.2582220263526,327.5093358319255,331.5754279147408,3589617
2015-05-25,335.26422119140625,342.8933945486496,328.89261448862163,331.0723701940769,5979086
2015-05-26,335.8092041015625,341.1747638611831,333.8390378491093,337.0248416177734,6978361
2015-05-27,342.6838684082031,346.3307811557002,335.4738731355508,335.4738731355508,5615442
2015-05-28,337.86322021484375,346.03733404431966,335.3062139011809,345.4085647922539,8018965
2015-05-29,356.8104248046875,364.6910905581129,337.27639248432905,337.65364269397037,75197864
2015-06-01,349.26507568359375,352.91198853175575,343.89951548328736,348.7201366410975,4727277
2015-06-02,350.5226135253906,355.8881732805502,346.03731363832054,352.40894955850496,4759119
2015-06-03,352.7023620605469,354.63059896768357,343.06109236040413,350.5645070313576,4054895
2015-06-04,349.097412109375,355.8043693967604,347.08531640671265,352.53470678289517,3630919
2015-06-05,348.4267578125,354.0857386615469,346.9176716496827,349.6004662607718,5527337
2015-06-08,344.1929016113281,350.35491931020226,342.0969758721391,349.89381053771314,3158812
2015-06-09,342.0131530761719,345.408546601932,337.73747128861635,345.408546601932,3013310
2015-06-10,347.965576171875,350.89986087300167,342.1389076840578,343.5641349261083,3796042
2015-06-11,344.1929016113281,350.1872588773807,342.97726411483546,349.68422080260956,3434353
2015-06-12,347.7560119628906,353.24733159755186,341.6778239896626,344.65403821185316,2529220
2015-06-15,346.7918395996094,350.774101372309,345.0731924037995,350.2710916819743,2604882
2015-06-16,347.33685302734375,348.17521208509453,343.0192414259815,346.2888758169981,4285319
2015-06-17,354.0437927246094,355.88819959115233,347.7140856394007,348.42671351292626,4864718
2015-06-18,357.52294921875,363.3915463825425,347.00142065492633,350.52257327557174,6872461
2015-06-19,363.85272216796875,366.6193466495347,357.5649444168018,357.5649444168018,3747410
2015-06-22,355.8881530761719,365.5294224327212,355.0497941704511,364.60720492590673,4135774
2015-06-23,360.7507629394531,364.02039728206347,359.07401646061834,359.61895551772005,5811630
2015-06-24,356.2654113769531,361.6728998208444,354.9240144934839,359.66080449564055,2864319
2015-06-25,357.7325744628906,360.0800192391851,354.21142149252546,356.72652670162154,4373706
2015-06-26,350.3968811035156,359.1997643467381,349.8100127579155,357.4811170042636,2623558
2015-06-29,347.0014343261719,348.7620107058582,340.3783082524659,346.28880655908387,3194613
2015-06-30,352.1573791503906,353.79219590378887,347.0852400911001,350.06145368466605,5214359
2015-07-01,355.8462219238281,359.19971430556404,352.36699841741,355.2174527478096,3142082
2015-07-02,363.14007568359375,367.33192730283696,356.7265387318101,358.8224645414317,4975741
2015-07-03,364.7749328613281,367.03854774674875,362.5951765925211,363.8108142636877,3975749
2015-07-06,363.09814453125,367.37382601366596,360.28959112168695,360.9183602957668,2229083
2015-07-07,362.05023193359375,365.6133146636068,361.04418404318454,363.01435051634377,1311090
2015-07-08,360.7507629394531,363.0143493947626,354.7983342307071,359.57705459834716,3088205
2015-07-09,363.76885986328125,371.31417546635885,360.75071658915834,362.4693637665493,6238280
2015-07-10,351.5285949707031,365.52940372982204,350.14529716941206,365.52940372982204,5725932
2015-07-13,355.21746826171875,357.9002622842769,351.7382446033476,353.792241034273,2771223
2015-07-14,354.0437927246094,356.7265586064476,352.95391464946323,355.2175010236538,1532422
2015-07-15,354.5887145996094,357.8164193627954,352.57661899450204,353.7922565407351,2387269
2015-07-16,356.013916015625,357.48107250290707,351.61247494193117,356.64268520096635,2347739
2015-07-17,357.01995849609375,360.4991820029463,353.91798513963863,356.30733071932895,3436416
2015-07-20,360.0380859375,362.5951204204688,356.39117348896804,356.39117348896804,2266929
2015-07-21,373.2842712402344,379.32052826126403,363.7687912188221,368.8828308719682,6657689
2015-07-22,368.3798828125,376.2186465843764,367.0803867439325,370.97881817333007,3125401
2015-07-23,362.93048095703125,369.84702751734574,361.1699044366547,369.7212963843078,2619973
2015-07-24,363.76885986328125,367.9606829395556,360.6249570708841,363.39158130845846,2156436
2015-07-27,350.3968811035156,363.6850361925334,349.18124349430127,362.17597860459693,2565851
2015-07-28,343.7317810058594,356.30733500807935,342.97725230783055,351.2771247624522,3535491
2015-07-29,350.14532470703125,352.07358998659004,338.7854079263269,344.57017537685033,3834817
2015-07-30,349.5585021972656,357.10384709673644,345.9115892809422,350.14537055713635,3646699
2015-07-31,351.10943603515625,357.2714535234455,347.0852735152775,351.0675351224594,3222836
2015-08-03,351.19329833984375,354.63059262483944,349.97766087207737,352.1154874748769,1546763
2015-08-04,346.45648193359375,357.1456993083008,343.06106042889417,354.4629055430518,5116932
2015-08-05,350.0614929199219,358.57095523885397,348.5524071115186,357.14572803347227,6127568
2015-08-06,347.9236755371094,353.7922738110703,347.0853165214674,352.07362647374197,4021215
2015-08-07,345.07318115234375,349.6003817703561,343.81561438528104,348.7620228510826,4145596
2015-08-10,343.8994140625,348.3008544108287,342.4741871110482,345.9953393897112,2977050
2015-08-11,339.4141540527344,345.4085108280078,337.6535777114863,344.5701519562329,3210336
2015-08-12,334.25823974609375,340.1268379822744,328.05429222818407,338.7016106319648,4155754
2015-08-13,324.4112854003906,349.66106260429297,317.9618363755378,341.4411788312147,7871377
2015-08-14,333.09478759765625,334.52802367899903,323.14663446658636,328.79516499495054,3612439
2015-08-17,328.9637451171875,336.08761767881,325.63363986316443,333.85352136598607,1642969
2015-08-18,325.0435485839844,333.6006586776488,323.9475679775005,332.25175068594285,1956234
2015-08-19,322.51434326171875,325.76014937616264,314.378760210328,325.4229223961281,4410748
2015-08-20,320.364501953125,330.48128230992194,314.80027132953137,328.79514749260477,4434974
2015-08-21,311.5545349121094,315.2218679171109,302.2386709362624,315.2218679171109,6592108
2015-08-24,293.6393737792969,309.1096223137294,284.9136648793953,301.1848025167093,7423096
2015-08-25,293.6814880371094,309.8261592491086,280.3189032685171,295.5362218484149,8827955
2015-08-26,285.96746826171875,295.83132134169836,283.69120764961866,295.07256780433164,7620596
2015-08-27,292.7963562011719,295.9999986435679,288.6653323094858,292.9649554389822,8545234
2015-08-28,305.6108703613281,307.5920680542087,296.3371717443283,300.88972144926237,6812371
2015-08-31,298.69781494140625,308.56166967625103,295.07261730885455,307.7185878455388,8370962
2015-09-01,291.1944580078125,298.9506493135053,289.29755998176637,295.91563530951544,4459476
2015-09-02,289.3819274902344,294.90399457084965,286.4311841385451,293.38648736244926,7030063
2015-09-03,292.3326110839844,293.34429196394234,289.3818965944363,289.3818965944363,3675760
2015-09-04,295.07257080078125,297.3066959067244,288.5388232413601,290.85724795295425,5305451
2015-09-07,292.627685546875,294.98827436017564,289.25544436069526,294.98827436017564,2898337
2015-09-08,293.1756896972656,294.60889726502376,285.96748777964655,294.2295347440012,3089268
2015-09-09,298.8664245605469,308.3087529815748,293.38652093256997,295.07262755834006,6374276
2015-09-10,295.45196533203125,297.1802357302423,291.7003330916901,297.1802357302423,3357167
2015-09-11,293.9765930175781,298.4026791942122,291.9532311805149,296.5901091938949,3354447
2015-09-14,298.5712890625,299.28787849491033,291.8267785568897,294.9882562591331,2811019
2015-09-15,295.9156494140625,298.4448373869738,294.22951458308626,298.4448373869738,2361340
2015-09-16,303.08172607421875,305.2736873652516,296.33721442259696,296.33721442259696,2974270
2015-09-18,300.88970947265625,305.99024921840555,297.770367340928,303.5453609825701,6783352
2015-09-21,297.0116882324219,302.66021961489014,296.25293454628616,298.44489598336986,2792725
2015-09-22,289.84552001953125,299.2878450924016,286.89480592361633,299.2878450924016,4558449
2015-09-23,284.87152099609375,289.171172454687,283.4804774398027,286.64195563888757,4087837
2015-09-24,280.6983337402344,285.4616468770286,279.9395801901328,284.8714925393466,9967481
2015-09-28,276.18792724609375,282.7638098849736,272.64705857989543,279.98169471194575,5295350
2015-09-29,272.0147705078125,275.5135040372815,266.0711770267743,273.99596833482525,7126332
2015-09-30,284.829345703125,285.5880992231069,273.9959475013502,278.211270209788,7251836
2015-10-01,286.17828369140625,287.02133690308244,282.93247744165745,286.136119611979,5093796
2015-10-05,291.9111022949219,292.92278323648,286.0096444093868,288.24376958693915,5969834
2015-10-06,294.1030578613281,295.5784294417303,291.3631065381014,294.22952154503196,4610836
2015-10-07,288.8760070800781,294.18730964967665,286.9369737040829,294.10301005661216,3635620
2015-10-08,287.9486999511719,291.44740481353256,284.0706040394328,289.5926707375982,4770259
2015-10-09,293.0492248535156,294.1452053208902,289.3818924217136,290.01418225740537,5548083
2015-10-12,294.65106201171875,296.8430231735986,293.0492552192328,293.3864822092996,2441453
2015-10-13,291.23663330078125,296.50577248391704,289.04467231410416,295.99994631280157,2590061
2015-10-14,291.9532165527344,295.1990224353432,288.2437485844147,292.922761893025,3464048
2015-10-15,296.12640380859375,297.9389737187543,290.0141830717606,293.3864526324635,5514188
2015-10-16,294.777587890625,297.13817731910603,287.48508480742817,292.7120899826505,4598180
2015-10-19,306.6225280761719,308.26649868346,291.70030039412967,297.6017289515068,4334115
2015-10-20,305.0628662109375,309.40465243547976,303.08166860837156,305.9059478494813,2588064
2015-10-21,313.1984558105469,315.1374893853234,306.7911722329559,306.91763590906834,4434717
2015-10-23,302.7445068359375,315.8963320139707,300.55254548863553,315.30617759465457,4452331
2015-10-26,296.9273681640625,307.9293386760802,292.4169533478385,307.718575363729,7353435
2015-10-27,297.30670166015625,299.0350006185329,293.47076978418613,296.2950207314471,2855148
2015-10-28,302.07000732421875,303.29245151420065,295.91565084527235,297.01163135393114,3806874
2015-10-29,299.6250915527344,302.6179699134207,294.2294891078828,300.55247276625266,4560952
2015-10-30,294.27166748046875,304.26195531189927,290.4778713916644,297.60174439287545,3988476
2015-11-02,295.1990051269531,296.5057487994678,289.71910309798704,292.9648802431809,2857066
2015-11-03,293.09136962890625,298.2762092488085,291.6159980853008,295.9577845643464,1670964
2015-11-04,292.0375671386719,295.3255088014388,289.3397512838226,294.22952824718317,2412413
2015-11-05,283.7333679199219,291.70032277607277,281.66784207396034,289.46619772278274,3467567
2015-11-06,285.96746826171875,288.45452070646553,267.33574260541224,280.7404931049468,3373067
2015-11-09,282.6373596191406,285.4616389996392,270.4129464544275,281.62570727832644,3630757
2015-11-10,279.60235595703125,283.01676123948766,276.14578659750356,280.4454091216008,2421896
2015-11-13,281.4992370605469,283.2696714365086,274.0381085273773,274.0381085273773,2780378
2015-11-16,283.05889892578125,286.0517773469142,278.63281313023987,283.0167348526411,2697681
2015-11-17,282.0050964355469,284.66074831228894,279.0543816437586,283.69123140818675,2173068
2015-11-18,281.5413818359375,288.454520363014,280.2768021242008,283.2696807412597,2486993
2015-11-19,286.2625732421875,287.4850174844192,280.06605242224595,282.5530764375471,1983013
2015-11-20,287.780029296875,290.30921694109503,281.58350957705005,285.4194408402885,2315668
2015-11-23,285.79888916015625,291.86894643326866,284.07061867828605,287.9908503216818,2146374
2015-11-24,287.9486999511719,291.44740481353256,282.5530683890258,286.2204010112569,2882252
2015-11-26,288.45452880859375,291.40524343614544,286.6840943226413,288.32806512429613,8126680
2015-11-27,288.4967346191406,290.6465319218646,286.0939813641222,289.92994233666036,1460049
2015-11-30,281.8786315917969,290.0142149595804,280.90911469165843,289.17116175026143,7110699
2015-12-01,272.09906005859375,283.22752157872577,271.0030795372333,283.22752157872577,9058372
2015-12-02,272.22552490234375,274.45965003122444,266.78775780187607,274.24888674137986,6804758
2015-12-03,269.40130615234375,275.26060053221096,268.51608881044217,271.46680376774407,4408535
2015-12-04,270.8766174316406,271.8882983527347,267.37791255824203,268.09453058251546,2941586
2015-12-07,269.86492919921875,273.15287034555763,268.6424851503846,270.8765814387822,2685214
2015-12-08,267.96807861328125,270.1600397645871,265.64965377292185,269.78064869742656,4590607
2015-12-09,262.0665588378906,267.6729240841703,259.748134543826,267.46216083444637,5188413
2015-12-10,263.5840759277344,265.1016113508334,260.0853715894361,264.63792076452825,2341048
2015-12-11,260.97064208984375,265.56532772839876,259.2423430551724,265.56532772839876,2355955
2015-12-14,258.1042175292969,262.19307680565623,256.41808263515196,258.8208070173664,3826300
2015-12-15,260.675537109375,261.34999105663707,256.79744118617145,258.10421355093354,2623471
2015-12-16,270.0757141113281,271.4246219350153,260.97061484854515,262.19305899537346,4587498
2015-12-17,271.80401611328125,273.4058514774745,269.82281822137975,270.62373590347636,4000133
2015-12-18,268.97979736328125,272.64713067256577,268.09457996266474,271.71974918730575,4544383
2015-12-21,270.5393981933594,272.5205958062633,267.25142831595934,269.3169540761309,3305363
2015-12-22,272.47845458984375,275.9350239575284,269.9492665430596,270.62372049514966,3705221
2015-12-23,280.19244384765625,280.6139989200181,273.32147013520927,274.839005592085,3980119
2015-12-24,285.3351745605469,286.43115504943245,277.0731568185227,280.1081709270963,2858615
2015-12-28,279.6866455078125,284.9558132382379,278.21127397575646,284.323494840439,3336594
2015-12-29,282.6373596191406,283.4804412992937,278.6328286900608,280.65616191879514,2788729
2015-12-30,280.8247375488281,286.0938757465618,279.93952050459444,285.7988129141841,1726114
2015-12-31,286.9791564941406,288.1173011028284,280.27680962020554,281.5835534427915,3275719
2016-01-01,287.0634460449219,290.0141602681957,284.6606934666829,286.59975544839665,1387248
2016-01-04,275.51348876953125,285.75670432116135,270.62371204314735,284.95581525678614,3498169
2016-01-05,272.68927001953125,277.1575211696783,270.6237722382753,275.6821492990026,2351113
2016-01-06,271.63543701171875,280.3189828251192,269.485611189383,274.75477981204045,2678635
2016-01-07,271.7618408203125,274.67039111326795,266.914199904511,270.53939670978764,3135368
2016-01-08,273.0263977050781,273.9537788658173,268.5160126581512,273.40578869277203,1999282
2016-01-11,270.75018310546875,273.1529074583158,265.31241598025673,270.62371942156517,2795794
2016-01-12,265.90252685546875,274.3753362776235,264.38501982798937,271.46675735236687,3262399
2016-01-13,260.169677734375,271.93042768724536,254.64761172429826,270.62368403628267,5044083
2016-01-14,260.2961730957031,263.0361243986159,253.3408989204137,258.7365019200974,3633282
2016-01-15,258.0620422363281,262.78319118764415,255.5328542785836,262.78319118764415,3572695
2016-01-18,253.13015747070312,260.25403147289967,247.7345254583962,259.4952778579463,4574694
2016-01-19,261.6029052734375,263.37333965922795,251.57045326966025,254.43686812788232,3707778
2016-01-20,261.0127258300781,264.5957583314054,255.27989666563664,260.0853731988318,5629713
2016-01-21,260.7598876953125,264.21645733560973,255.99657412494574,263.8792303329683,3422136
2016-01-22,251.8233642578125,262.361671479911,245.79547136786266,262.2773718734399,5904068
2016-01-25,250.8116912841797,253.72027044998185,246.6385323399298,252.79291765520838,3479687
2016-01-27,251.06459045410156,252.4977978369337,246.00621481435337,250.81166310798278,5644966
2016-01-28,245.6689910888672,249.42062306802015,243.09763916189905,248.1138793411182,7080505
2016-01-29,244.4043731689453,250.64305722618022,237.99708991686265,243.98284663472214,7373584
2016-02-01,250.0529327392578,251.23324143221947,245.50038282366594,246.34346453965387,4425387
2016-02-02,254.77406311035156,256.2915699514086,249.2941328888205,250.05288630934902,4808715
2016-02-03,252.750732421875,254.4368671991171,249.67355429534905,253.50948593485762,5232930
2016-02-04,256.50238037109375,257.809124199354,254.26825522104508,256.12301786462183,3411138
2016-02-05,258.98944091796875,260.08542148835915,254.64765416781742,254.68978969922753,2647351
2016-02-08,262.1930236816406,264.300684735503,257.6404746634138,259.9588989679523,2753109
2016-02-09,263.246826171875,264.680033329802,258.82074104488,260.5068755092353,3145945
2016-02-10,262.44598388671875,265.52319087051586,260.08542350775343,262.1930850549706,10180024
2016-02-11,260.2539978027344,265.98685607412625,256.67099349860814,257.13465558595925,6520711
2016-02-12,273.6166076660156,278.21129324125843,259.24233948296074,263.4576625403602,4049410
2016-02-15,268.853271484375,278.126970003992,266.7877456625127,276.98882545293367,5615585
2016-02-16,265.8182373046875,273.91165600245625,264.5114935067736,271.7618590567544,2910959
2016-02-17,269.40130615234375,271.1295767543001,260.169741638037,264.30076541594786,3974587
2016-02-18,270.79229736328125,272.3941325040851,266.4505111101599,272.3098329038072,2569038
2016-02-19,274.8811340332031,276.48296904443384,267.0406438052745,270.2021497574553,5961801
2016-02-22,277.45257568359375,282.34235334884664,271.4668173067651,273.5744791091289,3455165
2016-02-23,270.8766174316406,280.74049927553136,268.17883018916325,280.74049927553136,5437598
2016-02-24,273.1107482910156,274.4596562140938,267.79944475422604,268.2209713434111,2523354
2016-02-25,271.930419921875,274.37530796222796,268.09448867440517,273.9537814477745,9556967
2016-02-26,268.0523681640625,273.8694978124602,267.25145052818607,273.8694978124602,7064596
2016-02-29,265.9868469238281,271.76184052425424,263.9213211772336,267.25142655927345,3988625
2016-03-01,270.3708190917969,271.71972712552133,261.56078133847774,266.0290320634125,4830530
2016-03-02,275.13409423828125,276.31437432905227,270.62370861047526,271.4667617400109,3289694
2016-03-03,281.0777587890625,282.38450275825653,273.1529382632709,276.86243540339063,3265002
2016-03-04,277.5790100097656,283.8176951357757,275.76641134555763,279.89743489227584,2167900
2016-03-08,279.47589111328125,281.5835525630667,275.47133150397826,277.78975624403154,2393678
2016-03-09,282.0893859863281,283.1432310118071,276.7780824222784,277.4104008564088,3430173
2016-03-10,283.5226135253906,285.54597556312444,279.05439137594885,279.9396086990687,1837525
2016-03-11,284.3235168457031,285.6302607237798,281.5835654002023,282.4266185997077,3018179
2016-03-14,287.27423095703125,288.32804734936695,279.7288028183286,282.5530535874725,2633043
2016-03-15,289.0868225097656,290.4357304306536,283.26969278482056,286.64193403993306,2309456
2016-03-16,285.3773498535156,290.6886532994015,282.76383366050555,287.69577460146076,4361912
2016-03-17,287.27423095703125,296.505765323471,284.99794187421764,287.73789304139575,7155690
2016-03-18,290.2671203613281,293.59722596134606,286.6840873988235,291.5317000795488,3951904
2016-03-21,298.1497497558594,299.287865693608,289.33971383701817,290.857220785419,2813415
2016-03-22,295.83135986328125,300.72113723759435,290.5622199444394,299.20362996525927,4425316
2016-03-23,301.9857482910156,304.6835643960791,296.7587438610103,296.7587438610103,5116641
2016-03-28,294.90399169921875,304.3463189478838,292.416939059622,302.5758843729534,4630593
2016-03-29,298.8664245605469,301.60637637453533,291.74252129706485,292.5434390725729,4073263
2016-03-30,298.2762145996094,302.87092852217944,295.9999539501986,299.28789551504974,4229163
2016-03-31,295.74700927734375,300.6789498831084,292.16400502699946,298.02329834065205,7926944
2016-04-01,282.8059997558594,295.2412052953798,280.06604840638937,295.2412052953798,4517171
2016-04-04,293.8080139160156,295.83134734447026,282.8903149015917,282.8903149015917,3434762
2016-04-05,278.6328430175781,292.12186512258387,277.4103987835372,292.12186512258387,5289842
2016-04-06,282.0050964355469,286.26258367307395,279.5180723296231,281.11987914329956,3037097
2016-04-07,279.26513671875,283.5225952837277,277.57900179579,283.3539960649856,2415746
2016-04-08,282.0893859863281,284.44997486383056,274.50182170073174,279.8552893427594,2319546
2016-04-11,293.5972595214844,295.07260269471675,287.4850378767642,287.8644004167515,4524262
2016-04-12,295.1568298339844,297.1801626313181,290.14059053940514,293.55499496619944,3089585
2016-04-13,296.12640380859375,307.2970003393758,294.7353319096393,295.9577760570059,6614377
2016-04-18,302.9974060058594,306.03242034331197,296.9273487838461,299.3300732255141,2828391
2016-04-20,300.6789245605469,307.17050715747513,298.52909935371014,306.8754443044201,3250868
2016-04-21,301.18475341796875,302.6601247908977,295.9156148029555,301.6906080816486,2218219
2016-04-22,297.68609619140625,301.7749554840999,294.8618166640426,295.9156616822583,1460160
2016-04-25,302.61798095703125,306.8754676236039,298.6977497868672,298.6977497868672,3431082
2016-04-26,303.8404235839844,306.7068383654024,299.6251010119921,301.35339982382965,2605766
2016-04-27,314.5052185058594,321.5448208882616,305.3158191413018,307.7185434909249,8618572
2016-04-28,314.21014404296875,324.5798231621727,312.3553814792852,323.27307939019994,10016684
2016-04-29,306.5382385253906,314.1258305579834,303.9247225498312,313.4935121905309,5411248
2016-05-02,301.6484680175781,307.29699807989414,300.46818795356313,306.0323898671526,1745061
2016-05-03,310.54278564453125,312.3553554345789,301.8170779867059,301.8170779867059,4349238
2016-05-04,304.7256774902344,311.30158948850953,302.91310740684725,308.51947397182033,1883272
2016-05-05,298.78204345703125,308.56159624562764,296.46361893174907,305.61085336101087,2375047
2016-05-06,302.7445068359375,307.25489323090284,298.78211077779764,300.9740721250996,3196077
2016-05-09,309.236083984375,310.163436767747,301.9857181980727,303.7139886262125,2070741
2016-05-10,310.96435546875,311.3437465271731,303.7983178133197,309.82621084058803,2932396
2016-05-11,302.5758361816406,318.2146819517601,300.97400108463364,307.2969847804806,5316307
2016-05-12,305.2736511230469,306.4960953205492,299.87804815173945,306.0324046685472,3224321
2016-05-13,299.20355224609375,305.18930871195107,297.60171722695895,305.18930871195107,4006032
2016-05-16,297.9811706542969,300.2574599955731,289.0446981535929,299.2879145480103,2996171
2016-05-17,296.0841979980469,302.66010844092796,293.8922373661203,300.13092090046644,2749594
2016-05-18,296.12640380859375,297.26454835371914,292.7541342478909,295.0725588657096,2421651
2016-05-19,290.6886901855469,297.4332019942232,289.50840989683945,296.12645800545596,2741126
2016-05-20,288.28594970703125,292.12191077213924,286.05185273103643,291.6160559495654,4199413
2016-05-23,291.5738830566406,294.0187715935489,287.9065502512782,292.29047256732986,1842701
2016-05-24,290.98370361328125,292.5012392086967,288.15945279853236,291.61599345889266,2293594
2016-05-25,296.46368408203125,297.1802736506144,292.543423581065,292.627723198467,2157455
2016-05-26,297.4753112792969,300.1309628500294,293.17566045773486,296.7586932933348,5273432
2016-05-27,296.12640380859375,301.4798710310451,294.6931963820714,297.5596112351161,3075870
2016-05-30,300.04669189453125,301.1427011197031,296.96951317942825,297.68613130198935,2845695
2016-05-31,296.25286865234375,300.9740175088173,292.6698357983728,300.8897179062441,24281872
2016-06-01,306.2431640625,307.17051672116116,297.01160171809977,298.0654180454655,3081625
2016-06-02,308.7301940917969,310.24770105334795,303.3345915807566,304.6413352724869,2604662
2016-06-03,301.94354248046875,308.30869076852,299.582982261879,307.71853644031944,3677399
2016-06-06,294.0187683105469,302.7023417822066,292.71202444609236,300.9740427752857,5264582
2016-06-07,294.3559265136719,296.84294997340527,292.7962556376097,294.0186996067638,4463323
2016-06-08,297.30670166015625,302.0278793274656,296.4214844159241,299.79375417828794,2654000
2016-06-09,296.12640380859375,300.4681901628342,294.90395966122713,299.70940810134704,1549979
2016-06-10,295.99993896484375,298.0654362206912,293.0492245211895,294.8196588968031,2180603
2016-06-13,288.66522216796875,295.49405963593506,287.94863286002607,293.6392974450479,2180335
2016-06-14,288.8760070800781,290.4356780137319,284.40775753532927,289.3396976625864,3358585
2016-06-15,296.6744079589844,297.47532558560556,292.54338469013885,293.38646639341107,3259569
2016-06-16,292.1218566894531,296.7165420435499,287.69577054692564,296.37934362041125,2614007
2016-06-17,300.9739990234375,302.57583410947444,290.3935574107173,293.3864357686463,5592177
2016-06-20,307.29705810546875,308.5616665652314,298.27625674517583,300.1310196257758,3205939
2016-06-21,305.35797119140625,307.4656325607091,303.62967231125657,305.4001067195867,1615514
2016-06-22,306.0745849609375,309.4046907599744,304.21985080177126,306.833338546637,2399688
2016-06-23,307.5499572753906,308.3508749414833,305.18936835584157,307.4656576650409,1405739
2016-06-24,300.0044860839844,303.5031906176884,293.97656521955713,300.97400283406927,2445195
2016-06-27,296.0421142578125,301.77494415854767,294.861805597939,298.4448385594517,2697253
2016-06-28,301.0583190917969,302.23862772400867,296.5900975607559,297.05375965151154,3541398
2016-06-29,300.2995300292969,303.7560988195117,298.6555595008916,302.2385919543841,2469054
2016-06-30,309.236083984375,311.93387127349314,299.6672934189816,301.8171189818623,4076692
2016-07-01,310.54278564453125,314.3365815121435,305.7373089757488,308.3929603736567,2907785
2016-07-04,314.7581787109375,316.90797591737356,311.00654607290096,312.39758964488254,1855655
2016-07-05,308.4773254394531,315.3061651598826,306.5382915693438,315.3061651598826,1559936
2016-07-07,306.3275146484375,313.02986182857944,305.73736027861753,307.7185581415245,2606039
2016-07-08,299.3300476074219,305.4001043099307,297.6017487409087,304.1355246265902,1746867
2016-07-11,303.37677001953125,308.47731038372194,301.85926284332663,308.47731038372194,2437511
2016-07-12,306.2853698730469,307.29705090773854,303.50325416442234,305.52661623380567,1333227
2016-07-13,306.6225280761719,308.5194260221516,302.74443258701655,308.4772619500018,1609500
2016-07-14,309.362548828125,309.994867317398,305.06292583661923,306.5382975821094,1097465
2016-07-15,319.4371643066406,320.3223815591685,308.0557751623335,308.0557751623335,2814751
2016-07-18,305.73736572265625,320.3645331619896,304.3884577373963,320.111634325085,3592796
2016-07-19,307.12841796875,310.41635956031996,301.47988755530304,302.7023317696724,3552577
2016-07-20,306.36962890625,309.36250753226483,304.6413585428623,307.044082840037,2845114
2016-07-21,310.1213073730469,311.68097861583465,305.6108928642297,308.47730797337806,2198453
2016-07-22,309.69976806640625,311.76529416766874,306.95981650536453,310.2477583786146,2559958
2016-07-25,313.577880859375,314.29449898462906,306.1167794039899,306.8755330649518,1850765
2016-07-26,311.8074035644531,314.4209197588506,309.27821552418015,311.9338672485328,1862583
2016-07-27,314.0836486816406,318.0460436732591,310.5849157370666,312.5239777088371,2593217
2016-07-28,313.5356750488281,321.88202054290963,306.5382373372775,321.88202054290963,8216550
2016-07-29,305.2315368652344,313.53571946226424,303.8826288916259,313.53571946226424,4178023
2016-08-01,306.8755187988281,309.4047070668273,305.2736833857332,306.41182809782117,1775282
2016-08-02,301.6484680175781,307.5499254318635,299.83586957363974,305.1050371551069,3557285
2016-08-03,302.53369140625,303.8404351730463,297.8125425062709,302.78661876340595,2491473
2016-08-04,308.7723693847656,310.8800307066654,297.64390847006115,303.3346026033221,3301158
2016-08-05,306.8755187988281,313.19850374238086,303.1238862041332,309.57333484315234,4259304
2016-08-08,296.37933349609375,307.63422971773736,294.4824354216505,306.0323945270144,5372323
2016-08-09,294.6088562011719,299.33003339334743,290.6464610394956,297.5174350101063,5734542
2016-08-10,292.07965087890625,297.93894367098835,290.8572068548257,295.9156106857294,1704178
2016-08-11,293.1461486816406,293.48470466548974,289.46436310463525,293.06151685058103,2758046
2016-08-12,294.3734436035156,295.3891116691389,291.24180756608064,291.36876965673537,2615030
2016-08-16,289.84521484375,297.3780487635118,287.5176534791089,294.96585557788194,4152972
2016-08-17,292.55364990234375,295.81224745678986,290.7339366822734,290.7339366822734,3575486
2016-08-18,298.9015808105469,299.5363912117691,293.5693453979508,294.8812391277904,2093475
2016-08-19,297.4203796386719,300.4673544776331,293.95018837464823,299.6209789467233,1895295
2016-08-22,296.4047546386719,298.77461793152645,292.9345628731778,297.0818666250908,983587
2016-08-23,299.4093933105469,300.8059187069336,291.7495971021761,294.54267655455794,2546554
2016-08-24,298.4360656738281,303.3027825926066,296.2354375719477,299.620997221295,1809971
2016-08-25,292.84991455078125,299.6210053741107,291.2417665086806,297.293443799204,3583163
2016-08-26,291.1147766113281,294.6272980898293,289.0834696202076,294.1194498473437,1250748
2016-08-29,289.97222900390625,294.33109815346774,283.75125884077755,290.73397284888193,2828305
2016-08-30,280.87347412109375,291.24171681829955,278.2496872638212,290.0990870180527,4487274
2016-08-31,280.7042541503906,285.1477833317763,278.33436236711503,281.21207377414487,7103241
2016-09-01,263.099365234375,281.29666727707735,255.18564561341935,279.3076619773108,39290697
2016-09-02,269.912841796875,271.64792335292174,259.4176346482083,260.81416021043964,17010250
2016-09-06,272.11346435546875,273.2137642631785,264.6229302733985,269.9128645400492,7841855
2016-09-07,270.9707946777344,272.87516844321516,267.542933363713,269.57426920150715,3788590
2016-09-08,274.5679931640625,276.9378853619903,269.997501112152,270.97083894608824,3819474
2016-09-09,272.62127685546875,276.55698692875256,269.44733930703734,273.80623723216354,3280689
2016-09-12,269.1933288574219,272.49425609501696,265.8501000439679,269.06636681063696,3494956
2016-09-14,270.7168884277344,273.5945997537063,268.38929829389497,268.38929829389497,2224288
2016-09-15,273.1290588378906,275.0757339471895,268.22001216629315,270.0397538785735,2301243
2016-09-16,273.890869140625,276.3453930734745,271.7749012212587,272.62127692515986,3584872
2016-09-19,274.3563232421875,275.07573669076237,271.73250758485034,273.3829856778301,1697274
2016-09-20,270.16668701171875,274.22935818132373,268.897123765922,274.22935818132373,3040194
2016-09-21,272.4096984863281,273.3830649926888,269.8282123192071,271.18243645013064,1845538
2016-09-22,276.7685852050781,277.5726593319856,273.0867992488727,273.89087337578025,1642721
2016-09-23,276.72625732421875,279.30771447962445,274.2294033409374,275.92218327370347,2369838
2016-09-26,271.14007568359375,278.2073919174803,270.0820775648559,275.92216068999636,2391218
2016-09-27,266.4425964355469,272.45194262240165,265.80781482217105,272.45194262240165,2490305
2016-09-28,272.32501220703125,273.7638678936157,263.3109918794834,265.38462925319385,3263576
2016-09-29,267.2043762207031,273.9754669907574,265.8501523347703,272.9597990763078,6941546
2016-09-30,265.7655029296875,267.8814704466099,260.7718241752879,267.2466887894156,6355157
2016-10-03,269.7435302734375,270.84383001013015,265.7655191239164,265.7655191239164,1672721
2016-10-04,274.2294006347656,274.9488141868349,267.54294146103183,268.72787307246927,2908344
2016-10-05,272.28271484375,276.0491611571683,271.3517073221293,272.53663901310694,1439691
2016-10-06,272.79052734375,275.2873524823555,270.08207965207447,275.0334570059677,1741337
2016-10-07,270.3783264160156,274.6102614852713,268.4739527688898,273.0444437900702,1477152
2016-10-10,267.3736572265625,270.7591881385795,266.6118848282402,269.2357006611523,2687189
2016-10-13,259.6292419433594,265.6809198973635,258.57127232041506,264.8768457881578,3440146
2016-10-14,258.48651123046875,260.6024783125225,255.94735646392465,260.6024783125225,5431236
2016-10-17,255.0164337158203,258.86748304305536,250.7421679043826,258.48659680515647,3779712
2016-10-18,259.5445556640625,260.687185544858,251.41924175766405,255.60884644110442,5102965
2016-10-19,259.7984924316406,261.9144599963122,257.3016386682926,259.5445682991896,5073975
2016-10-20,261.6182556152344,262.80321602003715,258.14806356050764,259.92547550809763,5290430
2016-10-21,262.16839599609375,263.56495028085004,258.65590247918504,263.56495028085004,2362713
2016-10-24,259.5445556640625,260.687185544858,257.00540044198937,259.290631543973,2185144
2016-10-25,263.9034729003906,264.41129251993436,255.3549419179271,256.8784580957772,4024793
2016-10-26,268.89715576171875,273.29835472621187,266.4426321362561,266.6118957919936,6538988
2016-10-27,273.4676818847656,275.62595139826345,265.42699804172423,266.231072157951,5615716
2016-10-28,269.87054443359375,273.3407366281364,269.36272471079945,273.3407366281364,1566275
2016-11-01,268.685546875,271.4362960743718,267.6698790183993,269.1510648917264,2398681
2016-11-02,262.0413818359375,267.11972096274707,261.2373365513491,267.0350891422021,2221637
2016-11-03,261.4912109375,266.9081055695098,258.40190612993507,261.53354117416444,2989059
2016-11-04,259.5868835449219,262.8454812175311,257.34398245557804,262.1683692684276,2376146
2016-11-07,258.6559143066406,263.98815019856113,257.0477660251339,263.98815019856113,1847168
2016-11-08,258.06341552734375,259.62923344574307,254.7625160202593,259.5022713632225,1527704
2016-11-09,254.76248168945312,258.1480125754594,239.5698369652727,243.7594561556178,5669889
2016-11-10,261.2373046875,265.8500965896585,256.6668143606507,258.1479713481528,3190980
2016-11-11,255.10105895996094,260.6448881019836,252.5195731731748,257.3016585186858,1886129
2016-11-15,256.1590270996094,258.06340091032666,248.8377862523787,256.45528149524785,3114405
2016-11-16,262.0837097167969,263.52256529153885,256.7091449366568,258.1903307510939,2746958
2016-11-17,251.50393676757812,267.11978686320293,249.81115664102003,263.5649629272382,4236589
2016-11-18,257.090087890625,257.682568079164,249.89580842813731,252.56192628714277,3641254
2016-11-21,253.49285888671875,258.6134991648693,251.75777774271936,257.6401616611527,1826207
2016-11-22,257.2593078613281,258.52889986118606,249.68414342324925,254.7624827630725,3327374
2016-11-23,254.38160705566406,260.89880231229745,253.19667549064425,258.52891052264806,1970256
2016-11-24,255.9473876953125,257.894091404953,252.5618571466762,254.76245630223062,4795418
2016-11-25,254.76248168945312,258.99441679166733,252.7734762037576,256.3706009789138,2099139
2016-11-28,269.828125,271.85946053902376,254.7624580679215,254.7624580679215,4886483
2016-11-29,274.94879150390625,275.9221577875968,268.1353994757236,271.52093036893325,4516337
2016-11-30,274.7372131347656,276.59928532381207,274.0601011859506,275.07576910917317,4993485
2016-12-01,269.3203430175781,274.9065021994084,265.38463344410457,274.22939025860416,7124295
2016-12-02,269.6589050292969,271.9441363860012,266.0194497606446,266.61190122741397,1836012
2016-12-05,276.55694580078125,278.1650937901639,268.7278570675406,268.7278570675406,2481220
2016-12-06,278.3343200683594,280.9581355945729,274.8641290779768,276.68387071746656,3142493
2016-12-07,277.74188232421875,283.4973337992935,275.16042530172405,279.05380461682273,2899591
2016-12-08,281.3813171386719,282.69321054312553,277.95345646072354,279.98476326197886,2061325
2016-12-09,281.0004577636719,285.6132788963934,278.54593434618835,282.82019953651195,2646396
2016-12-12,278.58831787109375,279.3077314740349,276.38771815440845,278.8845436299974,775144
2016-12-13,279.3077087402344,280.11178277422704,275.9221776038814,275.9221776038814,1063869
2016-12-14,273.04443359375,279.096081601457,272.11339759582256,277.699556264173,1481398
2016-12-15,269.5319519042969,272.83287996417243,268.727877847429,271.52095759365693,3073256
2016-12-16,262.591552734375,270.50527343164856,261.06806520386135,269.9974538080139,4401700
2016-12-19,258.5712585449219,263.64956978373203,257.3862982388176,262.7185336374518,4126010
2016-12-20,256.0743713378906,259.6291944764516,253.1543298570419,258.9944128187394,3596096
2016-12-21,255.35491943359375,259.29062861204886,253.91606386870188,257.3862550521259,2651665
2016-12-22,247.35659790039062,254.72016892256576,245.66384667106243,253.49290708553656,3156188
2016-12-23,250.14968872070312,251.50391269231622,246.42560145837876,250.02272664091294,2047449
2016-12-26,250.6151885986328,251.37693236245937,244.35191751444407,249.26096472533692,2719536
2016-12-27,253.57749938964844,254.59316716469823,246.42555204553244,250.53052472410496,2548216
2016-12-28,253.49285888671875,256.53986210745484,251.20762796587042,253.06967115985108,2899350
2016-12-29,256.4552917480469,257.68255364581324,251.80013965817975,255.10106776987547,3551526
2016-12-30,258.6981506347656,259.9254123316948,254.00072638616723,255.0163942035852,1955045
2017-01-02,263.22637939453125,264.07275503955606,256.5399200880787,256.5399200880787,1643255
2017-01-03,257.68255615234375,265.7232109466288,253.91610992906314,264.0304596170606,3286354
2017-01-04,265.6808776855469,266.78117738243685,253.19666616063623,255.9474154028612,5776206
2017-01-05,271.77490234375,273.38305057934036,262.42232467471484,265.04611229533606,4268281
2017-01-06,270.63226318359375,279.3077285334785,269.40500125303794,270.1244435080177,2656936
2017-01-09,269.10870361328125,272.0287447817807,267.6275179107835,271.3516329554734,2635116
2017-01-10,270.92852783203125,271.69027170397294,268.347041789619,269.9974916220949,1058176
2017-01-11,273.17144775390625,274.7795961058289,269.82821761246,271.774922003755,2609766
2017-01-12,272.3673400878906,275.37201350434833,270.8438239285481,273.76386551937816,1680284
2017-01-13,271.0130920410156,275.07573456409335,267.4582690859702,272.8751353366093,2614161
2017-01-16,269.6589050292969,273.7215767651407,268.5586052657418,270.84383662244613,1871694
2017-01-17,269.57427978515625,270.67457957559066,268.3893195034491,269.9128357714139,2050997
2017-01-18,265.6808776855469,269.82815234009877,263.43794804972936,269.15106908475843,3670155
2017-01-19,268.38934326171875,273.04449564974533,263.2263998387719,265.76555563066864,2526854
2017-01-20,271.3093566894531,277.19174177350226,265.8078578308219,265.8078578308219,3784887
2017-01-23,270.547607421875,272.53661301970465,266.95045378431365,271.69023741538905,1985278
2017-01-24,267.8815002441406,269.9974679964306,266.3156823878694,269.15109235935904,2393587
2017-01-25,263.5226135253906,266.3580236137657,258.1480477615171,258.1480477615171,14931206
2017-01-27,274.017822265625,277.61497620877697,262.63390892666143,262.63390892666143,3540993
2017-01-30,292.55364990234375,313.12087445623644,272.6212356899724,273.4676399254646,23241046
2017-01-31,294.7119445800781,298.7745874241503,290.3530473599404,295.4313867395416,11732135
2017-02-01,292.088134765625,296.1507772949416,287.8985015195972,292.84987844864645,4103983
2017-02-02,299.0285339355469,304.53006151024755,291.36873704016136,292.0035187627615,6964972
2017-02-03,299.4516906738281,306.39207329525664,298.09749553807364,299.02850290267935,2662623
2017-02-06,300.678955078125,302.117810708583,298.4783557209078,299.6209856408507,1504449
2017-02-07,298.9015808105469,303.68366631515823,296.91257509247805,299.7902867126462,4062008
2017-02-08,298.0975646972656,301.18687053490595,293.6117044993016,300.4674282293547,4888372
2017-02-09,300.678955078125,302.16014094991726,296.9125380260552,297.97053612293774,2043938
2017-02-10,302.6257019042969,305.0378954912237,300.5097340699153,302.1601838220027,2203893
2017-02-13,303.0488586425781,304.6993082253084,299.07084754682677,299.15547937321077,3669035
2017-02-14,312.2744445800781,313.0785185069105,300.4673457721724,302.58331319774834,4739203
2017-02-15,309.1852111816406,315.27919075366185,304.7840116739623,313.0785909998227,3974478
2017-02-16,309.5237121582031,312.2321597795637,304.95322112696135,305.79959667883236,4049974
2017-02-17,312.7400207519531,315.02528089970116,306.6460414573118,310.6240529327404,2551827
2017-02-20,317.6913757324219,320.78068107428925,313.2901480827115,313.2901480827115,3876138
2017-02-21,307.1115417480469,319.84964951294353,304.27613185111016,314.9406021639382,7028108
2017-02-22,305.5457458496094,315.27918075662507,303.9375976745722,307.15386536503405,7531248
2017-02-23,309.9892272949219,339.40117868363825,307.8309295342557,314.0095684481658,39500561
2017-02-27,301.05987548828125,311.004932627007,298.39375781180235,310.62404639053364,10077345
2017-02-28,309.0581970214844,315.78698589616624,301.6523248947597,302.1601444986939,13488220
2017-03-01,307.0269470214844,312.1899196246447,305.92664702270264,311.9359954219669,3826413
2017-03-02,302.033203125,309.777660397729,298.09752211095406,308.0848805026289,4657721
2017-03-03,301.4407653808594,305.9689267292577,299.0285431731606,302.0332168764105,4021692
2017-03-06,305.9688720703125,308.08483949262285,302.3294172750129,304.69928015308363,3302817
2017-03-07,305.6303405761719,306.7729705270879,301.60999928633385,305.5457087508175,3171320
2017-03-08,305.2917785644531,308.16948984634064,303.4297351455156,304.8685907864594,3024515
2017-03-09,304.8686218261719,306.30747761361044,301.86394817304847,304.57236742372686,1304223
2017-03-10,308.8466491699219,310.2008731950926,304.65704366921113,305.41878751846644,2319807
2017-03-14,305.6303405761719,312.9939112337946,303.5143729846576,309.77764393384604,5921380
2017-03-15,307.4077453613281,309.904599100751,301.4830305050975,304.6992977334265,7389777
2017-03-16,305.2494812011719,309.43911516955643,303.9375874842441,308.08489120642656,2670827
2017-03-17,293.5693359375,307.2384800226083,291.15714246942525,305.67269084235005,6378625
2017-03-20,295.7276611328125,298.18218507206586,287.13682734542573,292.84994934050445,4737850
2017-03-21,296.15081787109375,297.7589659352794,292.04584454044374,295.38907408370443,2511084
2017-03-22,286.248046875,294.96584048083804,275.75284182133146,293.69624859255657,8955493
2017-03-23,286.5019836425781,289.2104025125106,284.0051299938328,286.75587910376703,4762081
2017-03-24,288.1947937011719,294.288772624846,286.2480896693868,288.9565374841799,5308761
2017-03-27,286.6712646484375,289.3373820994751,283.66659123569946,287.7715643590617,3212610
2017-03-28,288.4063415527344,290.7339027745631,286.58659988528774,288.53327494662557,2316105
2017-03-29,291.8765563964844,293.1884787453439,288.7872509580316,289.88755073995696,9825597
2017-03-30,297.2511291503906,298.26679712611866,289.6336623218477,291.87656352618404,4345156
2017-03-31,296.27783203125,298.1822061643176,292.0035656299803,296.2355017791049,5787371
2017-04-03,289.2950744628906,292.8498976565545,284.5976213399466,292.8498976565545,7333921
2017-04-05,291.580322265625,293.90788383879783,287.0098309478505,290.2684286141365,4693744
2017-04-06,289.2950744628906,290.31074232673865,285.74025126922675,290.31074232673865,2412374
2017-04-07,291.7496032714844,296.6163201303844,289.2527494783601,291.1994534176855,6347228
2017-04-10,292.5959777832031,294.88120901540685,289.5066725646354,294.79657719042353,1532435
2017-04-11,296.4047546386719,301.10220829709885,290.1838133406082,290.3107754205132,2327556
2017-04-12,296.9125671386719,299.5363831876752,292.299774084493,293.69629961054767,2529238
2017-04-13,287.9831848144531,299.1978341678943,287.1368091619421,296.23546206488237,6554985
2017-04-17,288.87188720703125,290.5646671511176,286.41736345300893,290.14147932999884,2089233
2017-04-18,286.75592041015625,290.60699837840855,284.6399526378059,287.7715883800378,6170878
2017-04-19,287.729248046875,289.2527354667332,281.63524104822704,287.2637300409162,2779410
2017-04-20,290.09912109375,290.98782689619685,286.1211101036751,289.46433942331896,2097176
2017-04-21,290.1414794921875,292.8499274042396,288.0255117257996,289.46436751417446,1500170
2017-04-24,291.7072448730469,293.2307322196549,286.6289346112827,291.1570950723492,1487606
2017-04-25,299.5787048339844,304.53008286437444,288.9565638286794,290.31078785954213,4747068
2017-04-26,302.6257019042969,304.6993394913382,297.9282481532395,299.578697905327,3272330
2017-04-27,302.921875,306.3497359907192,299.40938218892404,299.83256995031525,4978376
2017-04-28,300.89056396484375,302.92189977720153,296.65865734517945,300.7213003102854,2985691
2017-05-02,294.20416259765625,301.27147973114415,293.4423900985865,300.89059348160924,2436068
2017-05-03,293.1461486816406,296.23545412200724,291.0301809474862,294.627334693432,2616848
2017-05-04,292.84991455078125,297.4204058719604,290.9032105345336,293.4423660108309,1345900
2017-05-05,291.79193115234375,295.38908497726266,290.43770718721606,293.230786950389,1708526
2017-05-08,297.3357238769531,300.67895313247965,291.41103774733807,291.7918952784491,2955948
2017-05-09,292.2150573730469,297.0818023041901,290.8185321156755,296.2353981746147,3126657
2017-05-10,315.4907531738281,321.96561836109083,284.80923579242415,284.80923579242415,27085852
2017-05-11,309.7777099609375,313.88268395107826,306.7730359137528,313.1632416331988,8059693
2017-05-12,309.015869140625,313.41706753218836,305.9688657975077,306.6036474133048,4070508
2017-05-15,308.2118835449219,313.1209315634205,305.88432162713224,309.77770157356764,4132180
2017-05-16,316.8449401855469,319.6380195225639,309.3121063533657,309.69296387319105,6500818
2017-05-17,318.19921875,322.3888241473305,314.17887702183276,314.17887702183276,5842838
2017-05-18,313.79803466796875,322.98131998593664,311.9782925082677,316.29486019680024,3683713
2017-05-19,315.4907531738281,321.20387457310886,311.5973737444453,315.7023470782892,6026064
2017-05-22,315.32147216796875,320.4421131573008,314.3481345290699,316.5487339420965,3037325
2017-05-23,314.7713317871094,318.45311722028833,314.0095880181085,314.8982938585445,6451328
2017-05-24,311.7666320800781,315.7023126655833,309.48137230562327,311.470377718437,7704006
2017-05-25,313.75567626953125,318.53776163124155,305.3341355745542,310.6240405824555,15733429
2017-05-26,316.2101745605469,322.0079274080235,311.8936076064018,312.31679538746545,3171630
2017-05-29,315.7869567871094,320.6960033642642,311.38572976707826,317.1411804855805,2214859
2017-05-30,313.75567626953125,318.91864786059307,312.6130462410877,317.2258679406047,2172819
2017-05-31,314.47509765625,319.0032585651744,311.5127258275556,316.54873500864886,17087943
2017-06-01,310.5393981933594,316.04089692176296,309.6506923480319,313.1631854854273,2467620
2017-06-02,315.9139709472656,322.7696937270321,312.9939291982644,313.8403048196048,5747881
2017-06-05,315.1944885253906,319.7649793486174,314.30578277253005,315.87160039991363,2588187
2017-06-06,312.3168029785156,315.2791461775716,310.62402315350823,313.1631785612147,3666864
2017-06-07,315.5331115722656,317.6067492167725,314.0096238603672,316.0832615048741,4307736
2017-06-08,311.21649169921875,316.80265058448,310.3700874883441,315.66002066258375,3858535
2017-06-09,311.3011474609375,314.09422711835106,309.989253791749,311.25881721627576,3205017
2017-06-12,309.1004943847656,314.6866527318937,307.70394046818086,310.5393498790737,2462371
2017-06-13,307.4077453613281,311.8936045801382,306.4767093243349,308.08485726830355,1257634
2017-06-14,309.35443115234375,311.9359168033,306.01123040456577,307.66167998676787,2338631
2017-06-15,309.1852111816406,313.5864106893189,308.46576890693984,309.35447485826825,2823152
2017-06-16,308.8043212890625,311.04725126549414,305.2071959366918,309.77768772687375,4962261
2017-06-19,311.0472412109375,312.1052394518679,307.4501159748433,308.08489772363424,1888109
2017-06-20,310.28546142578125,313.8826149046633,309.56604792577014,312.1052032863185,2553936
2017-06-21,310.8778991699219,311.63964280835904,308.50800778175807,310.1161555314847,2945763
2017-06-22,309.9468994140625,312.2744608374106,306.81526402202115,311.25879298110465,7013343
2017-06-23,309.9468994140625,311.9359048853086,307.4500743444675,309.69297528508395,5681037
2017-06-27,314.3905029296875,318.15692087775903,308.9313048196695,308.9313048196695,4226917
2017-06-28,319.2571716308594,323.02358866053714,311.0471970122225,317.3104677543966,4209925
2017-06-29,323.7007141113281,327.0016132657154,319.68037278606687,319.7226743693123,4698010
2017-06-30,321.3731384277344,324.92796156319906,315.363791826391,323.7006998302597,3628132
2017-07-03,323.3621520996094,325.13956371251555,318.91862306734384,322.8543038332883,1687712
2017-07-04,321.03460693359375,324.92798631471123,320.01893900900524,324.92798631471123,1836644
2017-07-05,318.4953918457031,320.3574638563255,315.9985668508527,319.0878719090473,2338530
2017-07-06,322.7273864746094,324.0393089046088,316.50644496764147,318.707044667595,2399488
2017-07-07,326.6207275390625,328.01728164000906,324.16620396128604,325.0126082023592,4849963
2017-07-10,343.3791809082031,347.14559783911017,330.2178581104074,331.82600599486136,2101702
2017-07-11,334.7037353515625,346.08764724284947,333.0109555547823,342.0673059728498,6175288
2017-07-12,336.10028076171875,340.5015084951169,333.8573509800345,336.6927608907327,2894251
2017-07-13,342.08233642578125,343.56726168196394,338.3064107216237,341.31866960978965,2879273
2017-07-14,345.34918212890625,346.70682487880464,341.27628261117485,343.694565801954,2424013
2017-07-17,346.57952880859375,347.8947343969518,344.45821927731987,347.47047823708954,2517635
2017-07-18,346.4522399902344,364.865204092346,344.6703411652546,344.6703411652546,4039652
2017-07-19,357.4406433105469,358.7558489050014,345.5612983875626,347.89473600958405,5104135
2017-07-20,356.21026611328125,360.19831981429047,353.07072469522336,358.07701037495093,3406260
2017-07-21,348.99786376953125,353.8344594138244,341.6157020558085,353.8344594138244,12143745
2017-07-24,356.4223937988281,358.5012661289889,344.5430494585802,345.3491533656895,5425590
2017-07-25,362.9985046386719,366.22289201888094,355.23449541903915,358.6286025202937,7134553
2017-07-26,361.6833190917969,364.90770665191286,357.8649555728286,364.86526953629226,5764897
2017-07-27,353.0282897949219,362.10750344627326,349.12508155141825,361.471119230082,15443045
2017-07-28,350.69488525390625,352.56162970281565,346.36742045926724,350.48275716189136,1940125
2017-07-31,355.4890441894531,357.61035384661255,347.894755042183,352.13737435650194,2953735
2017-08-01,353.8768310546875,358.9255251443607,351.07670027680444,356.50724213562773,2448373
2017-08-02,352.858642578125,358.62859581033604,350.22820244087694,357.1012620093308,2195053
2017-08-03,359.9438171386719,360.7074840723264,350.65250259191424,352.94350339287786,2812811
2017-08-04,357.14361572265625,359.22251673955276,349.2523539827399,359.22251673955276,3004061
2017-08-07,354.2162780761719,358.5861512905553,353.36773696828,357.10125463268236,1299253
2017-08-08,354.51324462890625,360.62260831750024,351.37370292911055,354.25867942839204,1994391
2017-08-09,353.0282897949219,355.48900990921516,349.5917748027431,355.48900990921516,1360936
2017-08-10,353.19805908203125,356.8042655454008,349.84638910169906,352.222235335175,1661135
2017-08-11,351.7555847167969,354.68296987770117,347.89478415316506,349.59183776729077,2538665
2017-08-14,346.66436767578125,351.6706534768953,343.77939136544177,350.44029339760687,2234285
2017-08-16,345.985595703125,348.82816404302446,342.5915172728181,345.3492113846861,4181433
2017-08-17,353.2828369140625,356.3799410862204,344.45818889309584,348.74324468643545,3282886
2017-08-18,357.228515625,358.41643862582805,350.22817401922526,351.2464060479191,3062360
2017-08-21,355.65875244140625,361.3014227309095,354.2586725975384,359.3073957399129,2075746
2017-08-22,358.16192626953125,360.6226468522078,353.4526132166191,358.67105672496336,3456653
2017-08-23,366.4774475097656,368.2593465076491,359.9437986962163,359.986235808343,4754764
2017-08-24,367.3683776855469,368.5563007109975,363.1681668886301,367.4107860634781,2773039
2017-08-28,368.5987854003906,371.7807358262777,365.0349871320529,368.25937467331244,2806489
2017-08-29,363.2530212402344,369.5320754392833,362.61660828644153,369.5320754392833,2102533
2017-08-30,364.0166931152344,366.30769358486435,362.7438959219096,366.1380026161342,2389197
2017-08-31,362.9136047363281,366.3925280785988,359.90134591004795,366.3925280785988,7912495
2017-09-01,358.54376220703125,365.2471022799041,357.3982474523084,364.8652544510078,1996184
2017-09-04,353.3253173828125,360.58019565557964,351.03428806932624,358.92555060385575,1409182
2017-09-05,344.9249572753906,352.0525536276546,337.62764119799516,351.3737321910612,7204076
2017-09-06,341.53082275390625,344.11882568226076,340.72471877098207,340.72471877098207,2064288
2017-09-07,337.1185302734375,345.73105187437403,335.20934862669037,341.61568625300805,2642421
2017-09-08,342.3793640136719,343.52484995631517,336.524536771869,337.6276143355783,2013742
2017-09-11,341.91265869140625,345.6885845417002,338.1367328411123,345.34917386235,1612161
2017-09-12,343.8218078613281,345.34914140889447,337.71241620714187,345.34914140889447,2583110
2017-09-13,340.8095703125,345.94313871670226,339.2397995619944,345.6885735323062,1877714
2017-09-14,338.4761047363281,344.9248781730888,336.8638970111581,344.9248781730888,1667328
2017-09-15,336.0154113769531,341.9126465813229,333.7668192973956,339.4094893182783,5339372
2017-09-18,336.5669860839844,340.47019480936393,335.33662587494194,338.56101319312813,1309340
2017-09-19,334.9972229003906,338.56102100439733,331.4334247963839,338.56102100439733,1103781
2017-09-20,336.7366638183594,338.476154380326,314.8023377489845,314.8023377489845,11779464
2017-09-21,339.4943542480469,341.4459728799645,330.7121422343269,332.6213237559119,6557075
2017-09-22,335.4638671875,340.2155877209919,331.98491508685487,337.7124304985882,5273742
2017-09-25,330.7121276855469,336.7790826701725,328.71810076298215,336.7790826701725,3002284
2017-09-26,328.6756896972656,332.9607461772584,325.02704623487284,328.5908442055739,4203146
2017-09-27,327.4877624511719,330.9242777746313,326.0877112941937,329.18481592323957,2714173
2017-09-28,324.17852783203125,329.9909179823626,320.3177276141809,328.80296619288674,16167139
2017-09-29,330.45758056640625,332.49404470878017,321.71780556965535,324.0936516704609,5337179
2017-10-03,326.3846740722656,333.3849870893378,324.9845942296732,332.62132023517984,1842563
2017-10-04,320.0207214355469,327.99682879718574,319.129772050174,327.53016428310184,3138906
2017-10-05,320.4874572753906,322.99058606927525,316.626656937688,319.68135326435726,3371352
2017-10-06,324.3905944824219,325.4512347378885,320.9116427269657,320.9116427269657,1065853
2017-10-09,321.5481262207031,323.79671873533266,320.36020302118663,322.7784865363324,1192143
2017-10-10,326.34222412109375,328.84538140252437,318.19639677733426,321.97232252162473,1502210
2017-10-11,342.4217834472656,344.8400954752827,327.5302071244703,327.6998981096127,7774168
2017-10-12,339.6216735839844,343.48247415511,335.76090174482545,342.1248312611743,4023386
2017-10-13,365.6289367675781,370.8049432066761,357.0588517672738,364.8652698096059,45960026
2017-10-16,384.63580322265625,388.4541659808559,366.73194111267566,366.73194111267566,21145098
2017-10-17,395.36968994140625,398.2546666126638,386.16319238298536,386.9268880300527,18843801
2017-10-18,391.97552490234375,397.95763419505045,388.1995992662454,397.10909317882835,9015866
2017-10-19,401.9881591796875,405.4246744478058,393.29076386689763,394.56356113344253,2646228
2017-10-23,422.0133361816406,425.44985171481767,403.04883071236674,403.04883071236674,29564820
2017-10-24,426.0013427734375,428.2499349175495,418.87374728687115,418.87374728687115,17646810
2017-10-25,437.6261291503906,439.5353106462324,419.08588169100517,426.7226076743721,10080877
2017-10-26,433.8501892089844,440.68081100929163,426.3407460662886,434.1047543953706,11031934
2017-10-27,411.78863525390625,434.18965626593183,409.8370164581032,434.1048107701055,8904315
2017-10-30,418.2373962402344,422.31032468840465,412.42500589146965,416.2009320161493,7211306
2017-10-31,421.88604736328125,427.1468990043376,412.9765521372849,415.77668331287884,12690735
2017-11-01,457.43914794921875,462.1908684989026,432.74710123070565,439.95954190396543,35708310
2017-11-02,460.91815185546875,465.4577448424063,450.22672913634335,462.4030485323755,10951971
2017-11-03,459.2634582519531,479.2461929323532,455.9117887067234,460.9181032027065,18131291
2017-11-06,451.88134765625,462.1060477358808,447.29931782696326,458.1179937815641,8295950
2017-11-07,436.438232421875,455.317891700857,434.52905081101477,454.7239157882439,7054590
2017-11-08,420.2738342285156,431.89861420036243,409.9218515002583,420.86778137448914,50336608
2017-11-09,427.8681335449219,431.0500836335058,420.27384447205196,426.1710800894273,10980638
2017-11-10,427.18927001953125,434.23201961607765,421.3768804653451,430.2015288313815,10487687
2017-11-13,422.5648498535156,429.9894480305498,421.4193351666426,426.80746917411676,7079805
2017-11-14,422.69207763671875,428.419621596315,419.8495385758253,424.0497202403529,6449030
2017-11-15,413.0190124511719,423.4134337093783,410.2612895019555,422.56489252040126,9690914
2017-11-16,415.6918029785156,419.93442213359634,408.2672050911428,414.9281361277152,10682218
2017-11-17,418.7464599609375,429.31059920801016,416.6675875448281,420.01925716857266,11712737
2017-11-20,418.0252380371094,421.4617532102899,414.9281335435,419.2980065365287,5804375
2017-11-21,427.01959228515625,432.1107526496605,419.59502292670464,420.27384430863856,10087242
2017-11-22,423.4981689453125,430.62576367072614,420.4010648052382,428.08019823050125,3621523
2017-11-23,421.164794921875,430.2015722698914,418.74648296769766,426.8074653510272,5918577
2017-11-24,421.546630859375,425.32258573217865,420.0192970507576,421.71635057809095,3900017
2017-11-27,422.5648498535156,424.0922123466678,416.62517705828117,420.7829508881417,3499938
2017-11-28,417.47369384765625,422.52241686616304,415.9463601754213,422.52241686616304,3346897
2017-11-29,420.65570068359375,421.92849807058656,415.7766967087266,417.47375031406153,5898170
2017-11-30,421.2496337890625,423.7527911938663,416.455475799017,417.770681434913,14879534
2017-12-01,410.81280517578125,423.32850599529377,408.86118654646964,423.32850599529377,6127500
2017-12-04,410.9400634765625,417.47371207566243,409.4127297376401,411.5340393670163,3040197
2017-12-05,416.3282165527344,417.43129416290566,404.618590307879,412.0855970988608,4264268
2017-12-06,410.2188415527344,418.3222324242958,406.4429155120807,412.8068445217559,8331495
2017-12-07,436.7351989746094,439.9595862317587,410.8552266941488,411.53404808849234,6949368
2017-12-08,445.6022644042969,450.438859427238,437.0745889986834,437.11702610830935,14197096
2017-12-11,452.00860595703125,456.50579034315956,444.9234474253405,450.3964267548102,12378453
2017-12-12,444.4991455078125,453.0267913878656,441.69901483216444,452.34797008880184,3625294
2017-12-13,438.9837951660156,452.2631921218216,436.31094667644277,448.02057273532836,7920791
2017-12-14,441.4869689941406,445.4750233199406,433.59567710577005,439.4505047176601,3350247
2017-12-15,439.49285888671875,449.5902754043312,436.77757369719455,447.8508137872675,6986672
2017-12-18,446.53564453125,451.2449571924897,420.10413338940026,428.589372109195,10462828
2017-12-19,455.31787109375,458.372538547304,441.40206164724435,446.95991524294556,6870721
2017-12-20,448.78424072265625,458.92409590935904,446.7053681363495,458.20286612715665,7494558
2017-12-21,444.7112731933594,451.20248390265084,442.9293744678253,448.4447616030686,5651594
2017-12-22,448.4872741699219,457.31192380308255,444.1598092129206,447.08722296370235,9484716
2017-12-26,460.7059631347656,463.6333477232053,445.6870775017291,450.56608054775637,6436620
2017-12-27,453.66326904296875,464.56679102548566,450.22672495163874,462.0212251567693,6700159
2017-12-28,450.8631286621094,456.12398000592196,449.80245947839006,453.53597707888946,8699172
2017-12-29,449.420654296875,456.88766099666077,442.9294425892516,451.24496167666297,7502053
2018-01-01,447.9356689453125,456.59059757599346,445.8143595281502,450.5660799805309,4807939
2018-01-02,438.30499267578125,452.1783661384756,434.31693832536774,452.1783661384756,5242199
2018-01-03,439.70501708984375,445.8992259380719,436.77760363572605,440.5110922952701,6333269
2018-01-04,443.7779235839844,447.34172133105227,436.56548260348103,440.38384554161456,5953924
2018-01-05,458.2028503417969,460.32415996713837,440.00201318172765,445.47499258974796,8008838
2018-01-08,438.13525390625,453.23895723974346,436.3109179214225,453.23895723974346,12287843
2018-01-09,432.5774230957031,442.12330158556466,428.2499298314296,439.53529879511626,7541257
2018-01-10,429.6924133300781,439.11103785545964,427.91051449900186,436.9897283550373,6667296
2018-01-11,436.7776184082031,438.43223471546014,426.97717443048134,431.05007389973207,5905519
2018-01-12,432.3652648925781,438.9837586296036,428.0802374826789,437.83824402028023,4847824
2018-01-15,428.0802307128906,434.40172205451427,426.3407402721746,432.5774148621053,2834570
2018-01-16,421.9284362792969,435.84421634114835,416.96455880214637,431.05005856565924,6420450
2018-01-17,424.17706298828125,426.9771940724377,417.0070299283659,420.01928910793197,6824337
2018-01-18,420.019287109375,431.7289130728736,418.322233622209,425.11041883890846,7912892
2018-01-19,422.4800109863281,424.4740380757976,410.2612545093694,410.6855394336529,9966300
2018-01-22,416.37060546875,422.98907036366234,414.07957628823266,420.5283502159759,4532165
2018-01-23,417.55853271484375,423.24363988467485,414.75840187215533,419.17074057928585,6150836
2018-01-24,389.8966979980469,413.23110458574985,386.20561741389236,413.14625909382977,29348889
2018-01-25,384.12677001953125,393.2908020468187,377.12642747190006,393.2908020468187,20580178
2018-01-29,373.8595886230469,378.7810004269026,369.1502761725341,376.74456506156906,27139736
2018-01-30,376.2850646972656,385.25236103098706,373.4240550049815,376.2850646972656,10679523
2018-01-31,375.64453125,380.8968297211712,372.698125555122,377.90771159770725,7069368
2018-02-01,374.4061279296875,381.7507847560939,367.3176877963225,375.8152908230525,8096718
2018-02-02,360.6990051269531,376.1996250123179,355.1051232457948,373.8937612967003,6668088
2018-02-05,375.94342041015625,381.5373020413143,351.176576506513,356.77045813767114,15080352
2018-02-06,375.04669189453125,382.39132023795423,357.4536844055694,358.69202660419313,9331070
2018-02-07,367.4458312988281,383.8004971844443,364.75564251959315,380.00007452029,10982569
2018-02-08,367.0614929199219,372.3564739362777,362.9621415840223,370.64841087965294,6173490
2018-02-09,360.82708740234375,370.6057163401716,358.43579900769197,362.1081419862124,5393964
2018-02-12,362.44976806640625,368.08636217524975,359.84497529749297,367.06152425379054,3987231
2018-02-14,371.3316650390625,374.49157471047016,364.0724037123052,364.0724037123052,10468199
2018-02-15,366.3356018066406,375.1747894846369,364.4140342386648,375.1747894846369,4583095
2018-02-16,358.4358215332031,371.45978571285997,357.3255876526485,371.45978571285997,4403814
2018-02-19,353.8667907714844,358.6920515474101,344.34437758265625,358.56394318438674,6457099
2018-02-20,357.06939697265625,360.5708904515157,354.5072876645841,354.5072876645841,8022411
2018-02-21,358.39312744140625,360.8270994216333,356.4288475364919,358.69202765630786,4731875
2018-02-22,355.3612976074219,358.0514860808344,353.0127217457932,357.66716104819176,10769504
2018-02-23,363.4319152832031,365.6950955468845,356.2153658956228,357.8380332644999,7504250
2018-02-26,361.3822021484375,367.23230029070703,359.41795123905416,367.23230029070703,4071745
2018-02-27,367.6593017578125,369.4954732007148,362.3643206196623,363.64537517118805,5188255
2018-02-28,365.99395751953125,370.2214173710504,363.73077749244425,367.23229967104885,25920217
2018-03-01,365.3107604980469,372.86892234044086,363.60269724010965,366.4209943861147,5837005
2018-03-05,359.93035888671875,364.75561919416276,356.6423409495723,364.6275108435774,3863655
2018-03-06,353.48248291015625,365.22536355404327,350.66418577195026,361.8519494733396,4204736
2018-03-07,344.34442138671875,355.53218688131363,334.13878157575067,350.7069254915663,12064643
2018-03-08,342.7216796875,353.6532549776986,337.34130242987106,351.4327873320163,8664079
2018-03-09,343.4476318359375,348.87072174525093,339.5191008672426,345.7962079321295,5093353
2018-03-12,360.0157165527344,362.5351130369768,345.0275327393317,345.88154976132006,8387164
2018-03-13,364.0724182128906,367.06153614356066,358.8201489988508,361.25412106717926,5712773
2018-03-14,360.9125061035156,363.73080323117216,357.4536961026898,363.73080323117216,4194515
2018-03-15,359.0763854980469,362.36437491720227,356.343484135081,360.9125282977184,3636202
2018-03-16,355.91644287109375,364.4567299284171,353.26893768903943,354.6353882451495,8030364
2018-03-19,341.3125305175781,360.0584541595171,338.7931338570882,356.98394061222876,6000592
2018-03-20,341.95306396484375,344.600569131036,335.37705685091873,340.7574341945931,8280683
2018-03-21,357.1548156738281,358.820166587388,343.4903667786854,344.17356319691237,9266412
2018-03-22,354.934326171875,358.9055406657978,351.94520827673693,353.56787558191076,5382163
2018-03-23,352.4576110839844,357.79527570411005,346.052396188816,352.41489866237214,5696201
2018-03-26,359.97308349609375,361.25410920858786,347.2480487914586,351.8598049768394,4884776
2018-03-27,352.8846740722656,360.74173657578115,348.61453014999125,360.4001239052645,6746611
2018-03-28,340.501220703125,352.7565344078054,337.6829236510071,351.00578770072156,11413279
2018-04-02,337.4267272949219,343.10603416614737,333.49819615475195,341.1844665638683,5533293
2018-04-03,343.4903259277344,345.0275682930644,334.1387055488561,334.1387055488561,5059176
2018-04-04,337.3840637207031,345.71084751644673,335.5906043750579,345.0276221544516,4025117
2018-04-05,336.40191650390625,342.3800946599004,334.05331139889256,339.98883496484916,9747139
2018-04-06,328.7583312988281,338.62235624844976,327.17837649649044,336.6580763921528,9425575
2018-04-09,324.7870788574219,330.25285187553413,321.6698817645027,327.00754643493343,13296149
2018-04-10,329.2707214355469,330.2528468617108,319.83370545603043,325.4275867368991,13281396
2018-04-11,329.0572509765625,333.75440323827695,327.3919001475945,331.3631146816646,7693575
2018-04-12,324.70172119140625,329.2280528054344,323.8476750790182,327.9470270144018,4967973
2018-04-13,322.7374267578125,329.8258674743285,320.94396759570395,327.0502827992474,7738347
2018-04-16,321.669921875,324.7871193566168,319.83375019320937,321.9688221112861,4140008
2018-04-17,326.2817077636719,327.47733773487585,319.53487873811326,321.9688511117093,6356203
2018-04-18,328.1605224609375,334.6511339318475,326.5378551340272,327.6908014495495,6360948
2018-04-19,337.6402587890625,339.3056096576444,329.1853671658396,332.00366437358053,3848720
2018-04-20,343.31951904296875,344.7713655397036,334.30951092727923,336.1029700655026,7492919
2018-04-23,344.0455017089844,347.1626993959315,338.9213114170489,342.8925552785028,4195101
2018-04-24,346.94915771484375,348.95612118531005,338.7077706235735,343.2341309976938,6982218
2018-04-25,358.5639343261719,365.0118623166108,351.85981853438165,353.95217796309504,22192116
2018-04-26,349.4685363769531,358.69204927247256,346.2659429951466,358.69204927247256,13874130
2018-04-27,349.0842590332031,351.64633966048285,342.46553869674386,346.94918702407534,5013031
2018-04-30,349.7674560546875,352.9273658424142,345.1983832391752,347.58967179282126,3633132
2018-05-02,348.8280029296875,352.6284254717506,346.735643585845,352.6284254717506,6754394
2018-05-03,345.36920166015625,348.4436865754391,340.7574453688668,346.9918400502521,4124205
2018-05-04,338.8358459472656,357.2828693762366,336.48727005643565,350.8776545144196,15994662
2018-05-07,340.116943359375,345.4973210513048,337.7683382541363,342.8925281405215,6553080
2018-05-08,342.59356689453125,344.1308381756132,338.87856933768876,342.8497835944388,3955811
2018-05-09,343.703857421875,349.72474792815916,339.2201804842836,344.34437030508843,9019801
2018-05-10,351.9451599121094,353.31161031429474,344.9421449784511,345.75344960118264,9023511
2018-05-11,330.1674499511719,343.917321549847,325.81191080094965,341.7395375155547,25555353
2018-05-14,327.2210693359375,336.487294134888,323.07903414413636,329.65507024372016,9823967
2018-05-15,326.1961975097656,331.4911784276121,323.12171298340166,327.09292698301533,7078344
2018-05-16,320.5596923828125,327.0503041631569,319.4067460123245,327.0503041631569,6766242
2018-05-17,313.94097900390625,323.6341844554241,312.10480725713387,322.18233781322067,9999816
2018-05-18,308.603271484375,314.3252618713971,303.2228937585945,314.3252618713971,12433574
2018-05-21,307.4503173828125,315.350091900783,303.35099446968024,308.603263700217,5482372
2018-05-22,309.03021240234375,316.92998538949143,300.27642240830875,304.84546544820387,7236788
2018-05-23,304.7174377441406,312.40367886560534,302.5396535212916,308.9875813399649,6604278
2018-05-24,317.6133117675781,319.32137524397507,304.8028790721547,306.5963384927792,4997302
2018-05-25,321.9261169433594,324.53090994745696,313.42854150677323,317.9549021723078,4145304
2018-05-28,320.38885498046875,325.21411559683685,316.67382824910226,322.4812143916849,6609989
2018-05-29,323.8049621582031,325.9827173724934,317.05813439949276,321.07206111618467,3858054
2018-05-30,320.9439697265625,323.5914749805264,318.55268118841946,323.5914749805264,3737750
2018-05-31,319.0650939941406,327.26376810512073,317.0581306594689,321.2001656784413,11979616
2018-06-01,327.6907958984375,329.56965099379596,318.1683831461293,319.87644637753027,4548210
2018-06-04,317.9548645019531,330.29557379932237,316.0760094914213,327.9469978065667,3958335
2018-06-05,311.12261962890625,317.9121304423616,305.35791771991217,317.1862217251714,5535807
2018-06-06,324.3173828125,326.15355440643975,309.2437717434974,309.2437717434974,5566018
2018-06-07,324.4881591796875,329.8685359491541,320.2606996334201,324.27465491915575,4036551
2018-06-08,322.43853759765625,327.4773026107907,317.9121771119736,324.1038884598321,4298662
2018-06-11,332.0462951660156,334.6084041614655,322.6092794905811,322.6092794905811,6040503
2018-06-12,325.08599853515625,335.974861720175,324.14658545980836,333.0284852204092,6132581
2018-06-13,320.81585693359375,327.00756802456823,318.808893496927,319.40672285278947,7432828
2018-06-14,321.5417785644531,327.9469936225303,318.97969832489497,318.97969832489497,5218952
2018-06-15,323.0364074707031,324.7444420552207,316.1614699455631,323.42070368487174,6339567
2018-06-18,316.75921630859375,325.2995034440453,314.3252443072341,322.7801355117386,3120256
2018-06-19,317.01544189453125,321.0293688634198,315.3073786359514,316.844650027856,3962117
2018-06-20,317.6133117675781,321.5418433041065,316.3749693619865,318.12571635131263,2785850
2018-06-21,314.8803405761719,320.26071764828805,310.69559321396054,320.21803414479746,4261882
2018-06-22,319.8764343261719,321.5417850696587,312.83067737688793,316.8019206254827,3404583
2018-06-25,319.5348205566406,322.780126103314,317.5278571868797,317.69864904379546,3337617
2018-06-26,324.70172119140625,326.87947660350824,318.723514078155,319.4067394007189,4792013
2018-06-27,320.81585693359375,325.85462173767803,318.6381016343176,325.59843394376395,3786049
2018-06-28,322.7801513671875,325.7265569356904,314.75226834144087,319.1505204808182,6498784
2018-06-29,326.1961975097656,327.34914366633285,320.5169204853044,320.5169204853044,3820380
2018-07-02,314.3252258300781,325.7265217881449,312.1901541717224,325.47030509200056,4872211
2018-07-03,316.63116455078125,319.91915398577135,312.65992085339207,319.91915398577135,3092637
2018-07-04,313.7701721191406,317.6133076617609,309.7562446902731,316.7165779630408,4355428
2018-07-05,310.35400390625,313.21501342626175,307.15141065920426,311.72045448784576,7104382
2018-07-06,309.37188720703125,312.06207602178637,307.3649237025345,309.1583829123712,8008826
2018-07-09,309.2438049316406,312.9161485136372,308.8167963063019,312.5745358296926,5248262
2018-07-10,314.1117248535156,315.8197879818035,309.5853647931436,309.5853647931436,1879352
2018-07-11,309.1583557128906,315.05116626583316,308.2189137643452,315.05116626583316,2085140
2018-07-12,309.28643798828125,311.72040966276796,307.7491957642224,311.72040966276796,2299214
2018-07-13,306.5535888671875,311.5923538224259,305.18713825186205,310.86644500701277,5311215
2018-07-16,296.6895751953125,307.2368265442365,294.4691073151952,304.0342330892007,3618410
2018-07-17,292.5475769042969,299.50791058853355,290.3697922565045,296.3480002408378,5420158
2018-07-18,287.6368103027344,294.7252496777229,282.68344233181807,293.8712037650783,5322210
2018-07-19,294.639892578125,296.7749644730271,288.32010174717306,289.5157315977064,5027938
2018-07-20,294.9814758300781,296.94575565837636,290.66864896172706,292.9318289932685,4212334
2018-07-23,306.5535888671875,307.45031846869915,294.63988732757144,295.0669248336349,4145242
2018-07-24,304.7174377441406,312.9587957979606,303.39367067311053,308.64596869556436,4350541
2018-07-25,300.8742980957031,303.8633869994512,293.35884895287074,303.2655865697203,5175174
2018-07-26,305.4433288574219,307.4502921827052,300.91696881073665,301.5147981334205,3816677
2018-07-27,311.4642639160156,319.3213257717843,300.31918399238884,307.3649122077721,9016962
2018-07-30,327.3065490722656,332.13181035418876,303.4364304971954,306.5963407219118,7476176
2018-07-31,333.5835876464844,335.24893835700743,323.42063369247694,326.2389306327326,8096298
2018-08-01,328.3740539550781,340.75747747035564,326.79409892318523,333.07120662132326,9444961
2018-08-02,320.6374206542969,330.73793904638256,317.3708763423396,329.5774473898289,6186750
2018-08-03,321.9268493652344,323.98993911304717,318.40241165629203,322.1847428606155,3647704
2018-08-06,331.5976257324219,333.2738755473755,322.09884767339474,322.22776533732525,4039536
2018-08-07,328.2880554199219,332.50019006071,326.01006393962194,331.59759185965686,2430919
2018-08-08,331.2107849121094,333.44578466196873,320.9813181991018,326.74075630476733,3321970
2018-08-09,315.52276611328125,332.07039178893467,313.3307292118636,332.07039178893467,12249927
2018-08-10,317.8866882324219,322.1847777858073,313.8464922023735,316.5112949181192,4489796
2018-08-13,318.1875305175781,323.0014069045148,312.0412528317575,317.1130227306136,4235777
2018-08-14,315.479736328125,320.3795675221303,312.9008885288243,318.1875308835337,3215464
2018-08-16,319.7778625488281,321.49710431570185,313.9324696490807,315.09293237255014,3012465
2018-08-17,319.2620849609375,322.3566908435914,314.74909379238267,319.82083486239566,3362891
2018-08-20,318.5313720703125,321.36811331835867,315.73762277588037,320.1216668473629,2837782
2018-08-21,316.5543212890625,318.40248078691275,312.1272844927189,312.9009360392172,3451323
2018-08-23,317.97265625,323.8610409292683,316.4253532609268,320.0357463071792,4746745
2018-08-24,317.156005859375,318.7463007718764,313.7605144632366,318.0586041011935,2318341
2018-08-27,325.9241027832031,329.92130667702196,315.8235840547961,318.05858353619413,6589318
2018-08-28,323.90399169921875,331.5545799705332,322.7005080984237,328.67484682679367,4072000
2018-08-29,322.2707214355469,328.7608474973972,320.42253309497556,324.9355240590496,4481303
2018-08-30,329.3196716308594,330.9529296726208,322.91549892721434,324.3338844686767,7796683
2018-08-31,329.9643249511719,331.8125134200058,323.2163340142272,326.5258415458116,8709625
2018-09-03,329.92132568359375,332.8870139165572,327.04162136457586,332.6721123469363,4176986
2018-09-04,325.2364501953125,329.62049495035365,322.95845845096915,328.6319418316689,3202349
2018-09-05,319.82086181640625,324.8066485004558,314.8350751323567,322.3567180113201,6639329
2018-09-06,320.0357360839844,322.0988260752604,316.42534315306204,321.45409226072326,2611929
2018-09-07,334.90716552734375,336.36851389908986,317.0271075708463,321.41118179371074,5463110
2018-09-10,333.87554931640625,341.6980766462293,328.5459440992279,334.6492298553063,5613805
2018-09-11,325.53729248046875,337.3140619039457,324.46278459536006,333.96156237325965,5815679
2018-09-12,323.8180236816406,328.5029533488172,319.60591819504975,327.42841644593005,4065958
2018-09-14,329.7494201660156,333.7036614898664,320.6374537843452,324.935543445384,3596796
2018-09-17,328.41705322265625,336.11063510505306,324.16192596517914,326.78376617279133,3424364
2018-09-18,321.2392272949219,330.78099776108155,320.25067414348746,326.8267560477192,2955053
2018-09-19,318.1015930175781,326.99862858650647,309.72031539292067,321.92688751942,2182182
2018-09-21,318.4884033203125,326.52583259074396,307.0984746523146,313.6745557924514,6106651
2018-09-24,306.1959228515625,320.55154191370696,301.2961197748498,318.40249679533053,7884016
2018-09-25,309.8922424316406,312.60006639110446,295.7085634289385,308.7747425665276,6854558
2018-09-26,310.5799560546875,313.76054620142014,307.0125546838317,312.0413043508046,4398347
2018-09-27,306.711669921875,312.4281158006466,304.8634814648629,310.75186606661384,4483893
2018-09-28,291.02362060546875,308.60281950483244,288.1009242997468,306.71166820835737,12408231
2018-10-01,280.880126953125,292.2700553351528,276.53904552035857,291.4104490827811,10867591
2018-10-03,273.74530029296875,281.35292635215035,271.9401038491922,280.23542656387167,7389608
2018-10-04,266.6104736328125,272.88569843876775,259.73353607428544,271.0805019658091,8969681
2018-10-05,256.681884765625,271.5532883177413,250.9224471989126,265.1921089102134,7954131
2018-10-08,253.75921630859375,256.8538515468536,250.14882308443583,256.8538515468536,10015308
2018-10-09,248.4295654296875,255.22054827172477,246.71032374038276,254.66179836115347,9499251
2018-10-10,253.67324829101562,261.1519278968024,244.3034173585449,248.42956835382108,11334821
2018-10-11,245.29196166992188,253.4153457114456,242.62714439216552,248.3865675290045,5194191
2018-10-12,249.33212280273438,251.52415923568927,244.69018555641944,247.5699185523556,9995231
2018-10-15,250.2347412109375,251.86802795747127,244.17444750391272,249.3321430372266,2892892
2018-10-16,252.72764587402344,254.36093269614986,248.60149507792758,251.35225257278452,3341220
2018-10-17,247.999755859375,256.46698821376685,244.69021933165578,254.87669333081223,4302545
2018-10-19,246.9682159423828,252.03995706783735,244.6472323973992,246.71032241346867,4139025
2018-10-22,245.6358184814453,249.28917436388178,237.98521471363202,248.81640836347916,7247010
2018-10-23,245.7647705078125,249.8049667762708,243.27186270162832,243.31485466059513,7364748
2018-10-24,271.51031494140625,282.5993877077623,246.4094730235128,249.2891774501153,13531404
2018-10-25,254.06007385253906,266.82539696797664,251.13737733482844,263.9027004502661,16981629
2018-10-26,256.1231384277344,263.04306781628134,246.71031594536603,255.39244981750835,8719999
2018-10-29,252.81361389160156,260.9369982555343,249.28917564987935,257.1117036287999,6271130
2018-10-30,251.52420043945312,255.47844177055597,248.73042177931885,253.11449536341138,5334354
2018-10-31,251.3092803955078,253.58724272005082,239.7474136322309,251.78204635609086,8163543
2018-11-01,252.29788208007812,256.16616906601234,247.01123872336825,251.86807888333553,5268238
2018-11-02,259.6476135253906,264.59040846158814,252.29787995701318,252.64172833303888,4910534
2018-11-05,262.81134033203125,264.7182747017373,258.304035576263,260.7310322829628,4841471
2018-11-06,264.4149475097656,266.92864611224405,262.5513342646537,263.5048162692321,2943744
2018-11-07,265.455078125,267.83875357427416,263.4614421152979,267.83875357427416,307017
2018-11-09,259.8209228515625,262.98473594653103,250.24287009611817,251.19635203577295,9425801
2018-11-12,256.7438049316406,264.3715722086602,254.83687045002284,260.90442127395045,6792319
2018-11-13,257.91400146484375,263.5048117538245,251.62975506633435,256.57048000908844,4317488
2018-11-14,261.1644287109375,270.26573893258615,258.3040127340559,260.03757327109827,5418605
2018-11-15,263.8515319824219,265.84513880082886,258.3040724110385,261.16448904877313,4493893
2018-11-16,288.4250793457031,291.93561073532186,261.77122734647253,262.55133564953735,25046229
2018-11-19,291.9789123535156,293.7558533099891,276.50668223181736,285.5213218959908,13062401
2018-11-20,287.73162841796875,294.2325690799901,284.5678155763804,288.7284316883365,11910774
2018-11-21,288.3817443847656,294.23260040872515,286.17141317112316,286.90820002585394,9406787
2018-11-22,284.17779541015625,294.5359562835396,278.58698547508595,287.6882971483286,9903933
2018-11-26,289.98529052734375,293.7558379987858,284.3511300244442,284.3511300244442,6623860
2018-11-27,284.43780517578125,291.15544122054376,280.9273035208683,289.42188044812616,7734474
2018-11-28,272.2593688964844,288.4683843873581,269.5723263506551,287.7749483721996,10180878
2018-11-29,274.9464416503906,279.10702840377155,270.43910753780233,278.24024805739333,9217365
2018-11-30,271.73931884765625,281.10067612504315,269.31229268485833,276.50666965452695,6595578
2018-12-03,277.1567687988281,278.2402736821338,272.606112860153,274.33970306311244,3368628
2018-12-04,276.1166076660156,280.4072469782128,268.9222305193226,278.2402666171739,7156660
2018-12-05,271.132568359375,278.11025057792386,268.8789157721814,277.1134472182882,5027352
2018-12-06,263.50482177734375,269.5723732912493,261.7712314375776,269.5723732912493,6566491
2018-12-07,263.46142578125,266.7985829435566,259.12746535116634,264.37155688455664,5298884
2018-12-10,255.66030883789062,261.46781333487274,252.10645666947403,258.69406933014835,5748768
2018-12-11,251.58639526367188,255.18356885122242,244.43534014416556,249.63611017203797,9994368
2018-12-12,264.8482971191406,269.57232630275024,252.6698747997216,254.83685500907023,10299827
2018-12-13,262.72467041015625,271.17589624990535,261.3811491234534,267.4053488852396,7666679
2018-12-14,276.723388671875,288.9885141231276,264.5449647468426,264.5449647468426,22730782
2018-12-17,273.212890625,280.14722243796757,271.13258227594446,276.72339261993693,6809035
2018-12-18,275.4665222167969,277.980220608291,270.09240740220434,272.34605993235806,6272518
2018-12-19,279.7138366699219,280.84066303935134,275.68324284807693,276.9400921602177,5789644
2018-12-20,274.3830261230469,278.71698651761596,272.172695168609,274.77306553524113,5987582
2018-12-21,266.88525390625,281.4907022508968,264.891647379673,277.3734369258026,12363968
2018-12-24,267.9254150390625,270.6991591676313,263.72147743829254,268.53217890482375,5225655
2018-12-26,277.7635192871094,279.9738503579072,262.29128984316844,267.145312826379,8367166
2018-12-27,274.5130310058594,280.5805816784039,272.1727063846117,280.1471914911967,8764732
2018-12-28,274.3830261230469,278.24024559111496,272.6060853379566,274.6863933714809,5184819
2018-12-31,270.87249755859375,278.15357573637067,269.6589992042376,276.50665785852254,4210832
2019-01-01,276.9400634765625,279.10704381268926,271.56594872090227,273.86295198627346,6117146
2019-01-02,271.00250244140625,278.2402293798934,267.9253913275561,274.6863773673188,6218991
2019-01-03,271.73931884765625,273.4729089639405,266.928617281423,270.87250911424013,6230813
2019-01-04,279.4971008300781,281.4473859855155,270.8291798505996,270.8291798505996,11361086
2019-01-07,281.66412353515625,284.2211435862499,279.1937463122402,281.18738252631886,5511088
2019-01-08,285.3913269042969,287.5583075227455,280.1905851602411,280.62397541382035,7194973
2019-01-09,289.94195556640625,292.88904422983785,283.70106019969523,288.81512927453826,8018192
2019-01-10,292.36895751953125,293.53913447547467,288.1216692224178,291.71887225536136,5748158
2019-01-11,290.4620666503906,292.369001321308,285.17462352812953,292.238978378885,5922578
2019-01-14,287.42828369140625,290.20202826665525,284.43784399003493,289.59526430318147,3674704
2019-01-15,292.759033203125,294.14590541892284,283.0076356304411,286.041396589586,5706902
2019-01-16,289.4652099609375,299.25995774172105,287.25490817400646,291.89223620103616,7705383
2019-01-17,287.81829833984375,291.89221290481146,286.21473122800813,288.6417572744033,4569576
2019-01-18,269.702392578125,288.16506340752085,263.7648640890396,286.4748238556271,16359865
2019-01-21,269.875732421875,273.47293593677813,265.23840408516105,269.3123192473313,8621248
2019-01-22,264.2416076660156,270.52582492894925,261.3811909539964,270.4391527499309,8770625
2019-01-23,263.2447204589844,266.45185457460803,262.03122215194253,265.93179225746024,5617992
2019-01-24,261.46783447265625,266.7985984809618,255.27026071752599,265.84511656461916,10389592
2019-01-25,266.5385437011719,270.43911405496505,261.7711929801124,263.5047830651924,6040052
2019-01-28,264.5016174316406,268.1421423627284,255.44365586759642,266.971994599558,4546062
2019-01-29,266.8419494628906,268.4021659177047,261.51115609960374,264.3715725004618,3210022
2019-01-30,263.2447204589844,271.2192049922205,260.1242878550067,267.83872655439615,6553462
2019-01-31,265.5851135253906,269.0956153991147,262.76801839352504,263.9381954682831,9493241
2019-02-01,270.30908203125,278.15357323337565,264.3715545337983,264.4582560480446,9243929
2019-02-04,265.71514892578125,269.3556739064215,261.94460100289655,268.7055591951991,3895812
2019-02-05,267.14532470703125,270.13576412682454,253.8400749827334,256.0503768012811,14678663
2019-02-06,267.6220397949219,269.1389347387833,260.9044041157449,266.10514485106046,5202682
2019-02-07,269.702392578125,272.51945849794794,264.54497239371733,267.49206125607844,3852519
2019-02-08,271.5226745605469,272.3461043381365,265.3250997415667,267.83879854291706,3413931
2019-02-11,270.61248779296875,273.42955333769606,269.5723337417123,273.0394845620196,3303611
2019-02-12,269.7890625,273.55961039986823,268.4021902585931,270.1791019738012,2226134
2019-02-14,260.73101806640625,268.6188303094584,257.0038216946302,267.8387221712304,8573394
2019-02-15,264.02490234375,265.28175175761294,257.74068462498917,260.90446886833433,6727458
2019-02-18,262.2479553222656,266.23519816804264,260.0809748767227,266.01850305854333,4440252
2019-02-19,263.2447204589844,271.73929665991386,261.38113691787146,263.4180941317307,7593977
2019-02-20,267.8387756347656,269.44234298642465,264.32827363673266,264.84833604917975,6216966
2019-02-21,268.6188659667969,269.5723479015022,262.6380165461015,265.151714964371,5805770
2019-02-22,272.0426940917969,274.33969739443654,267.0152972823702,268.0121006220189,6199607
2019-02-25,274.98980712890625,277.37348281401535,270.0924328157837,272.1727412011503,4154758
2019-02-26,273.4295349121094,277.8068459140214,271.65262353837915,273.64622998936693,5562215
2019-02-27,277.50347900390625,281.9241118837209,272.4760822325508,276.4633249115001,4527145
2019-02-28,275.6831970214844,283.3976653190915,273.8629348272096,281.6207245314849,7687680
2019-03-01,266.6685791015625,275.46652351319676,261.8578773968683,275.46652351319676,29577827
2019-03-05,266.8419494628906,268.01209712872696,263.1580740745563,266.97197239254984,11396759
2019-03-06,268.1854553222656,271.52261248886515,267.23197346022386,269.5289766001996,7093395
2019-03-07,266.6685791015625,270.61250039844106,266.10516596637257,268.7055365403684,6466583
2019-03-08,267.5787048339844,270.43912121243363,266.66857368404817,268.4888359839206,4441514
2019-03-11,289.335205078125,292.1956217018954,267.57872778264175,267.8821244256732,17059011
2019-03-12,304.9374694824219,306.8444039974237,285.4779674853808,288.46840686495,30070085
2019-03-13,292.759033203125,309.0547523881991,291.6755576286271,302.0770698965603,13993813
2019-03-14,296.7895812988281,299.86669254826177,289.9852735551716,292.1089029651442,6931287
2019-03-15,292.7156982421875,298.913242812675,287.0815374639224,298.1764853262271,11536718
2019-03-18,286.60479736328125,297.87311895402837,285.4346496635404,292.97574499788914,5844953
2019-03-19,291.8922424316406,294.23259655075776,287.77497669290085,287.77497669290085,5639437
2019-03-20,289.5085754394531,294.62264469244803,288.07835246880217,292.2389690919136,3309504
2019-03-22,287.3849792480469,301.12362128874,285.4346936472197,291.2421996816958,9113700
2019-03-25,283.4410400390625,290.28869993419795,280.14723303704886,288.55510957772975,5253505
2019-03-26,284.1344299316406,287.2548920653499,282.7909086305266,284.7845152030415,4247229
2019-03-27,279.5404357910156,288.6417767411798,277.7201734710925,286.90818659112244,5951916
2019-03-28,285.9980773925781,288.64179890560496,275.4231913404707,279.6271587836327,13616927
2019-04-01,295.4027404785156,298.99994378393376,288.81512712107536,289.42189102392217,7080411
2019-04-02,308.96807861328125,311.1784100745597,297.30974537200024,297.30974537200024,22251488
2019-04-03,303.3772277832031,314.6455200352041,301.2102473751049,308.57799837296847,12250809
2019-04-04,309.27142333984375,311.611748008241,305.1108070175175,305.1108070175175,12168154
2019-04-05,309.14141845703125,311.82846130914476,306.4543462543678,310.8316579301881,3728070
2019-04-08,307.6678771972656,315.3389663720737,305.5875688936854,310.6582873642932,5656181
2019-04-09,304.7641296386719,312.9119896813434,296.00953498098227,310.7883304771234,10073980
2019-04-10,294.7093200683594,307.1911407226967,292.9757591404534,304.0706782214747,4759411
2019-04-11,300.2134094238281,304.4606975784019,292.2389247889998,296.1828163500387,18189273
2019-04-12,296.3995361328125,303.680614726265,293.8425163561275,300.7768475707719,8349759
2019-04-15,301.38360595703125,302.5104321906712,290.2019864379294,298.95657980351166,10210051
2019-04-16,302.29376220703125,304.3307197486307,295.3594305429235,301.64367686836346,9519380
2019-04-18,300.7335510253906,303.7673120105766,288.3384025032132,302.9438529565594,16138821
2019-04-22,302.8572082519531,310.7883441665474,291.76225877446853,298.1765287341513,15339393
2019-04-23,298.78692626953125,307.18881389424865,296.6156314930995,306.8112191052736,11627154
2019-04-24,306.3392028808594,308.03848231694775,297.9373144710441,298.7869541890883,7161510
2019-04-25,310.1153259277344,314.26907403790193,303.0350641284111,304.734343396555,11517967
2019-04-26,307.2360534667969,316.91243128243724,304.2623436572306,311.53141860295955,5000316
2019-04-30,302.3742370605469,308.5104678767953,296.4740139929793,305.8671576111324,6139942
2019-05-02,306.0559997558594,310.9649966314768,303.60153066860056,304.82876521222994,7925814
2019-05-03,312.90020751953125,315.1658935296169,306.2919615485391,306.2919615485391,9901409
2019-05-06,314.7882995605469,317.5731969874303,308.22727798888553,312.9002374881579,14870120
2019-05-07,306.7640075683594,321.77417154222155,303.4598989291197,320.9717275480771,17735230
2019-05-08,306.3392028808594,309.1241298066098,302.1854543601653,306.6696313714543,4864438
2019-05-09,297.79571533203125,307.94407945048187,295.1052089692805,303.271119431432,7998137
2019-05-10,305.9616394042969,310.02099697247047,297.55972078310225,301.05264203102814,7855974
2019-05-13,300.8165588378906,309.029663293785,297.0404350515735,303.5070646459689,6620278
2019-05-14,317.76202392578125,320.6885378851795,297.55968836508623,298.314907359252,10954653
2019-05-15,312.71142578125,319.08366463365974,310.30415250621206,317.19560255903417,7782551
2019-05-16,307.0000305175781,314.64672927902757,303.08228976842435,313.41946538615053,4591691
2019-05-17,310.06817626953125,312.19224631942564,304.12075664938584,305.5839990358695,4117918
2019-05-20,321.066162109375,322.81260786807474,312.47543231597206,313.46668843093374,7858379
2019-05-21,312.1449890136719,321.06611668280857,310.16250641479303,320.9716959777883,4316609
2019-05-22,316.3931579589844,319.0364683388193,310.256956228243,312.47541742144557,6791987
2019-05-23,319.8388977050781,329.4680499311765,315.4963371315112,318.6588588563724,5449864
2019-05-24,333.4330139160156,336.0762950529949,320.9717391685289,321.01896420266655,9756740
2019-05-27,329.9400329589844,332.20571906546274,326.96632361304984,330.128845026282,4004333
2019-05-28,326.2583312988281,332.0169678197935,322.5765983644549,329.2320409266334,8643505
2019-05-29,319.8388977050781,325.8335420173827,318.94206230995184,324.5590824504507,4581547
2019-05-30,327.2967834472656,329.987289625473,320.54692015989093,320.9717400144026,14152211
2019-05-31,329.2792663574219,332.6777664928214,325.1727135640521,329.4680490922944,11028688
2019-06-03,333.0082092285156,335.8403025793764,329.32647613217625,331.8281703323236,5214139
2019-06-04,332.677734375,336.02906785368197,330.1760405234156,331.3561086057386,6749428
2019-06-06,333.9993896484375,336.02906800824496,328.9960019429673,333.05535866258225,10510811
2019-06-07,337.11474609375,341.69331440258895,332.11135793246524,333.9994200761804,5879853
2019-06-10,343.109375,344.2422182025285,333.8578466381428,334.94346480471336,5992522
2019-06-11,342.9205627441406,346.4134837208735,338.20040719465044,342.6845549666661,5668149
2019-06-12,339.758056640625,342.11816387515324,337.114775280682,342.11816387515324,2868026
2019-06-13,343.3925476074219,344.5253907081586,337.0675338663106,337.0675338663106,3839377
2019-06-14,333.52740478515625,342.6373457260405,331.9697417752277,342.2597215568004,5170880
2019-06-17,324.7478942871094,335.69870175557327,322.95422349823343,335.69870175557327,7087101
2019-06-18,325.83355712890625,327.9104314690597,322.1045989733948,326.069564909593,4977568
2019-06-19,322.0101623535156,328.523987925388,315.59072814043395,327.1079414402459,4008250
2019-06-20,329.043212890625,330.41206363164173,320.21647658976184,320.2636722669254,3563847
2019-06-21,324.55908203125,330.31768921582596,323.52063023540046,328.05200288901744,9764198
2019-06-24,325.78631591796875,329.0432583504089,324.27587793678305,325.8335409522023,3310679
2019-06-25,329.0904541015625,332.30017150042715,325.2671047630312,326.1167444717159,2848907
2019-06-26,326.211181640625,332.3002181568771,323.3790880147703,330.41215573964064,4732848
2019-06-27,329.13763427734375,331.2145084169564,321.8213644319554,327.8159790928953,13137225
2019-06-28,327.2495422363281,330.4120635127871,323.3318020738871,328.9015963902775,8737050
2019-07-01,328.99603271484375,330.27049227528,325.83354035665104,327.57998610361426,3469130
2019-07-02,333.81060791015625,334.66024761484033,327.91041371248764,329.4680473703425,3816212
2019-07-03,333.4330139160156,336.54831058997513,330.1760714901927,333.14978111338786,8473243
2019-07-04,342.44854736328125,344.57261736163167,333.24421468654555,333.5746138349576,8565250
2019-07-05,344.3837890625,350.37843329216884,340.32446134901977,342.4485312474099,6878479
2019-07-08,336.45391845703125,344.0061963820753,334.61305199688826,341.74051006950714,3543845
2019-07-09,342.0237121582031,342.92054754296095,334.28262217952994,336.0762929490456,3931858
2019-07-10,338.4836120605469,344.4782272435779,333.85784786265214,342.5901650159557,5299464
2019-07-11,340.5604553222656,342.11811825821695,336.3594820282699,338.2003777529746,3513505
2019-07-12,336.17071533203125,340.6076672439652,334.32984887010076,340.6076672439652,4750306
2019-07-15,330.978515625,339.28601255909285,329.60966469718585,337.586762495501,3524295
2019-07-16,331.1201171875,335.0850533918956,330.08166544200094,331.3561249454932,3651688
2019-07-17,326.8719482421875,333.62181121257504,325.5030973755116,330.93130516071926,4765414
2019-07-18,323.3318176269531,331.5448931146228,319.65008502369005,328.5239880748361,3711155
2019-07-19,320.9245300292969,326.63594126773046,317.28999293660746,324.27586368178214,2517348
2019-07-22,323.3790588378906,324.2758942752717,316.81800730930036,320.0277248692271,3120156
2019-07-23,324.37030029296875,328.9960647469169,318.5173011932443,323.7566682948044,3682410
2019-07-24,319.93328857421875,325.4558874812448,316.9595792127011,324.7478642380784,4840787
2019-07-25,320.0276794433594,324.228652567041,315.8267356702246,316.25155548558376,7600173
2019-07-26,316.15716552734375,319.9333192029539,309.8321514127576,319.08367948959545,5089100
2019-07-29,315.8267822265625,317.6204531111315,309.73774622640224,315.9683986360737,5072884
2019-07-30,326.39996337890625,328.80726621731117,316.39318653786,318.13966172161554,12960949
2019-07-31,318.7060852050781,333.95225903861285,314.08032073285574,323.99270671682086,11065547
2019-08-01,305.77276611328125,319.791673339443,303.1766808789689,316.2515571108353,9957404
2019-08-02,324.3230895996094,335.08508548562827,308.88813378764917,313.4194773050116,28586783
2019-08-05,337.68115234375,341.4100809404876,320.07490244632845,321.0661585503019,15513355
2019-08-06,347.82952880859375,354.39055030911425,334.28260727466596,334.28260727466596,17339262
2019-08-07,345.6110534667969,352.0776838889607,342.2125240137515,347.4047242351166,12759435
2019-08-08,351.32244873046875,357.55307109892334,344.95020996820125,345.5166168423571,16351434
2019-08-09,350.3783874511719,352.8328561613002,343.7701415035399,351.1808020120285,7844936
2019-08-13,331.9697265625,344.5725877643977,326.7775559014053,340.9852757232056,14292351
2019-08-14,340.9852294921875,343.4869231208437,327.8631295228454,335.1322026834896,7813907
2019-08-16,341.315673828125,344.5725867395985,335.1322471242276,339.85243160718704,5827109
2019-08-19,340.7964782714844,345.7526413879353,339.66363511761426,343.10936026260464,4606667
2019-08-20,338.0115966796875,342.07092460107935,337.3979647151704,340.3244787798395,5364922
2019-08-21,335.03790283203125,340.04129145576314,333.3858483035864,337.9643876850556,4122882
2019-08-22,333.0082092285156,337.20915356906926,331.3561547738468,335.1322792416612,3171984
2019-08-23,336.45391845703125,338.86119182004154,330.8841233931217,334.1882321444631,4676421
2019-08-26,340.466064453125,342.3541560246088,327.48560733365866,337.91717458475506,5024254
2019-08-27,328.8072509765625,347.59351049988845,325.4559171727271,342.21252749080503,32805677
2019-08-28,326.4471130371094,329.94003356158186,321.44372532204375,329.94003356158186,5628194
2019-08-29,324.2759094238281,330.17610422097476,322.05741856976954,323.1902618409322,6040518
2019-08-30,327.3911437988281,330.0344540429053,319.7916708729265,325.69189389231195,4855098
2019-09-03,317.998046875,326.5887770770808,316.72361659592167,326.16395720053765,4305439
2019-09-04,326.35272216796875,327.91038504017183,316.345946722831,317.195586353223,5241168
2019-09-05,328.2408142089844,329.79847722385034,321.86857509851876,325.691924434908,3325608
2019-09-06,329.7041015625,334.18827913467584,325.78636032338756,330.60093707693517,6392799
2019-09-09,336.5010986328125,337.3979339798128,329.98727279728166,331.30889862658125,3782198
2019-09-11,335.2267150878906,341.69334614110403,331.5449524748928,341.5045340390846,4900745
2019-09-12,328.0991516113281,338.34193429967445,327.3439327273378,338.34193429967445,5639186
2019-09-13,323.8510437011719,330.1288618172024,321.82136523794594,328.1464083861129,5012583
2019-09-16,324.7478942871094,326.0695495368653,319.46130263863535,323.8038632088693,5104088
2019-09-17,320.8301696777344,329.2792834727843,313.93871898019444,329.2792834727843,8486044
2019-09-18,316.8179931640625,324.8894823895667,315.8739620827684,322.4822090023767,7631530
2019-09-19,318.7060852050781,323.37907471623237,315.96841242300064,319.4613336213571,11891538
2019-09-20,336.45391845703125,344.66702400245345,316.29877876242017,320.68853498656495,15819981
2019-09-23,328.5240173339844,341.9765188481602,325.6919241101787,336.0762952813489,5854791
2019-09-24,329.13763427734375,332.3001558435068,326.06953342466886,328.5240023665895,4811334
2019-09-25,322.52935791015625,331.3088691733455,319.08363322294366,329.5152279893469,4697149
2019-09-26,324.7950744628906,327.62716756238655,321.39654513316657,321.9629813633947,4958745
2019-09-27,329.5625,335.0379042260699,320.2637460831791,324.74792345816815,3416220
2019-09-30,346.50787353515625,353.9185346971866,324.983883967788,333.24418479316256,19984719
2019-10-01,331.30889892578125,349.906404121959,327.43838344645036,349.29277221278664,7344343
2019-10-03,325.5975036621094,335.6986704788205,322.19897448675346,331.30888528322726,5037665
2019-10-04,320.49969482421875,329.1848151446734,315.543532131399,328.8072203593581,4794009
2019-10-07,322.43499755859375,327.3439648114947,318.23402423150867,319.08366390336494,3566103
2019-10-09,339.2860107421875,340.6548616626713,320.0277064887114,323.898251482857,8848384
2019-10-10,356.13702392578125,363.45329369891687,341.7404921350773,342.5901317953389,48555442
2019-10-11,361.4708557128906,363.7837378740292,351.7473114987386,353.9657729356268,11113337
2019-10-14,371.5248107910156,374.7817239366667,358.96914440504105,362.9340808714619,10930620
2019-10-15,362.1788635253906,370.01434512491437,360.19638060782245,368.173478612369,8746356
2019-10-16,363.6893310546875,365.15257338818685,356.23144428100454,359.77159025319054,9079900
2019-10-17,364.2557678222656,365.8134310036456,357.83633234189597,363.45335306249575,4877679
2019-10-18,362.0372619628906,364.77493442903875,359.20513942977857,363.4060835206901,4053714
2019-10-22,353.1632995605469,374.3096640082371,346.6494446910311,360.43234399534873,11570680
2019-10-23,340.18280029296875,356.8450168610692,335.1322171427925,352.59684827139847,13588127
2019-10-24,351.5112609863281,355.2873850841059,307.28324312803727,334.14101969523523,74062675
2019-10-25,354.154541015625,357.2226711872224,342.3068988602784,349.1983488003048,28275934
2019-10-27,352.2193298339844,354.4850163260638,345.13906688387397,351.1808779623847,2033141
2019-10-29,339.758056640625,345.18626512432235,333.338621315768,342.68457082708676,36912144
2019-10-30,347.3575134277344,350.56723092864337,340.4660628728739,343.9117881503042,17185921
2019-10-31,353.304931640625,355.7122344331611,343.39257571085676,346.17747333417566,13034332
2019-11-01,352.1720886230469,355.3346104292783,343.0149810513721,343.0149810513721,13938891
2019-11-04,356.8450622558594,360.3379830558111,353.0689086568325,357.0810700213892,7763797
2019-11-05,362.4620361328125,363.92530769166325,353.5881328202853,355.9010146853049,6766429
2019-11-06,350.66168212890625,363.8309524241176,349.5288388330281,363.4533575591936,8335534
2019-11-07,350.9447937011719,354.484939080068,348.3959042906502,353.8241115513335,4906572
2019-11-08,348.4903869628906,354.8154311449455,346.0831133029195,349.2928310832497,6094415
2019-11-11,350.7088623046875,353.02174448343044,347.6407610789504,350.47285451809233,2826663
2019-11-13,347.97113037109375,352.50250296520187,345.65824839088214,351.27526845035976,6544841
2019-11-14,342.2124938964844,346.5550540347729,330.6952806668895,337.8699337581958,21487581
2019-11-15,371.0527648925781,376.1977398061016,337.25631359633087,337.8227498169436,56210391
2019-11-18,386.2989196777344,397.01371903728676,370.15594179021906,373.83767461896986,43462375
2019-11-19,414.7615661621094,420.7089556274657,397.86334072002774,403.00831557081796,63965674
2019-11-20,412.8263244628906,427.6004817650247,408.86138793364864,423.21069601592933,56689066
2019-11-21,402.44189453125,417.7352315043819,398.5713499341844,417.7352315043819,22595291
2019-11-22,397.1081237792969,405.887665655616,393.66239859655514,399.3266144279627,17090583
2019-11-25,426.1371765136719,430.1493377629268,397.76893238014503,397.76893238014503,34112216
2019-11-26,408.1533508300781,421.98344720570054,405.8404688201805,420.0953850507718,23906748
2019-11-27,409.0973815917969,412.54310676210224,402.5363303878239,409.2389686429775,13586924
2019-11-28,412.212646484375,419.05690061341824,404.5187820621227,409.0973500415139,22352772
2019-11-29,417.6880798339844,424.48513877188674,410.7966295291178,414.9976030194621,20386454
2019-12-02,432.93426513671875,458.4231928964162,429.58293125022055,444.78187892589915,56782244
2019-12-03,433.40625,439.0232405191782,420.33137322574464,436.8991706939002,24319749
2019-12-04,435.5775146484375,438.7872318960848,429.2525008666314,435.0583034511691,16851755
2019-12-05,422.3138732910156,437.65443797981305,420.42581101560705,437.3712345086121,17642464
2019-12-06,419.9537658691406,427.0812239372576,418.0657037267095,426.6092084016499,11629491
2019-12-09,420.8977966308594,426.32600463690676,416.98005594797587,422.54985100427183,8012971
2019-12-10,421.98345947265625,425.75958389228475,418.44334282925456,420.5202171301603,7274085
2019-12-11,417.9713134765625,423.91870337100113,415.94163492780626,419.62336785560376,6931352
2019-12-12,414.1007385253906,419.0097056240306,412.07106012337545,418.1128702987088,7527779
2019-12-13,403.8579406738281,416.03598129870323,402.1586907949918,415.3751537484485,13320154
2019-12-16,398.240966796875,406.926087951607,396.9193408954981,406.31248536007297,7093336
2019-12-17,415.3280029296875,416.79124522366,394.22883212326406,400.97866603973495,23423482
2019-12-18,413.77032470703125,422.07782132976496,409.8525841553887,421.9834299660946,17986000
2019-12-19,424.2962951660156,431.23494063888535,406.17083536205047,411.599042972409,14236801
2019-12-20,428.40289306640625,434.63351594876127,420.7562235313183,424.7211600290805,21689127
2019-12-23,429.346923828125,433.45347672812767,421.46424652382575,423.91871564639837,10630886
2019-12-24,431.5653991699219,434.25590532257917,427.08122224882635,429.0637051008711,6974012
2019-12-26,422.5026550292969,430.95176832529205,421.0394127411083,429.81892517133826,5997570
2019-12-27,429.6300964355469,431.47096282055435,423.8714895222041,423.8714895222041,5997611
2019-12-30,434.7279052734375,438.692841484854,429.63009660098976,434.25588975661526,12141748
2019-12-31,430.2909240722656,436.6159672165426,429.0636895989865,434.25588963310264,5212590
2020-01-01,427.9308776855469,434.7279368420263,424.57954379230694,430.5269632165888,5154996
2020-01-02,429.7245178222656,433.6894540383654,428.1196591930647,428.6860660737011,4933053
2020-01-03,429.6300964355469,433.5006412823277,426.23159645595473,430.19653266584436,5154587
2020-01-06,424.4851379394531,431.8486037657992,419.7649532389636,428.4972699869022,7538915
2020-01-07,420.18975830078125,429.8189100963927,418.301696227261,426.7036135451939,4353883
2020-01-08,433.17022705078125,434.96389769166643,415.7055948431995,417.8296645939885,14118818
2020-01-09,434.3502502441406,448.3691570581098,429.8188781243193,442.18573074684633,18180867
2020-01-10,431.42376708984375,439.87288005740345,428.7804860670679,438.7872326290348,37724966
2020-01-13,442.6578063964844,443.97946166949697,428.8277097661354,433.31185746668143,15206224
2020-01-14,443.08258056640625,446.19790633858946,440.486495323285,442.65776074742246,8238486
2020-01-15,441.66656494140625,445.5843055950835,438.97605880014805,443.2242279363741,10875259
2020-01-16,447.37799072265625,450.25727968863504,441.8081955290186,442.941009361138,16290593
2020-01-17,472.06451416015625,475.60463084096733,448.51084392206417,448.51084392206417,61915666
2020-01-20,480.2303771972656,484.0065308670146,466.58909287349843,471.0732405025476,45298836
2020-01-21,483.1096496582031,486.1777503766071,476.1709749187837,481.45759542521637,65202963
2020-01-22,485.7057800292969,494.43812620216164,478.34231414023327,485.94178779880406,20285793
2020-01-23,494.3436584472656,496.56214901159154,483.67608416675705,486.17777817424945,15772863
2020-01-24,494.91015625,497.8366409374622,485.37539512150886,491.37001025305955,23824625
2020-01-27,485.61138916015625,494.7684964965437,483.2512821121124,491.98359894339063,11856786
2020-01-28,463.7569885253906,485.6114086742674,458.89521653296424,485.5641836379801,31674769
2020-01-29,462.81292724609375,473.3389146046724,460.92486513527575,465.5034333643387,20037283
2020-01-30,462.3880920410156,465.31460582589716,453.2309558870799,464.4649661640336,15337903
2020-01-31,468.66595458984375,471.4508520709117,459.7448259035733,465.59782431196805,18356252
2020-02-03,481.50482177734375,484.6201183736022,468.2883283704415,468.2883283704415,15212799
2020-02-04,489.8594970703125,493.3524177049291,475.2741826302946,485.2337333446651,14646591
2020-02-05,503.50079345703125,507.4185633710253,486.932995843485,489.00987000542546,30647706
2020-02-06,516.1981201171875,521.8623068567795,504.20888963105665,505.1057250682689,17180298
2020-02-07,509.2594299316406,518.2749792140736,508.126557460539,518.1805291489924,8967847
2020-02-10,508.5513610839844,513.2243791642671,506.0968921931724,509.9674076018868,8570467
2020-02-11,504.39764404296875,514.1684419313664,502.9344017542088,509.3066408288686,6622800
2020-02-12,509.4010009765625,511.99711561116266,505.0584700598208,506.0025010722036,5160923
2020-02-13,509.7314453125,512.3747557099133,501.9903555492735,509.49540820150736,5729055
2020-02-14,533.3795776367188,535.7868511180919,504.35047399842944,514.4044464983372,37517890
2020-02-17,533.2378540039062,536.8723908886282,525.3551777075552,533.3322453617238,23354434
2020-02-18,517.5669555664062,537.0140430822912,507.22975050600655,531.8218720603239,21865560
2020-02-19,512.9883422851562,522.6174938317628,508.5985569869715,518.3693542761968,22088140
2020-02-20,515.0652465820312,521.1070568112369,508.4569707836069,513.2715759153944,16010058
2020-02-24,500.243896484375,511.7139150989649,497.6005860025611,511.66671941547884,9834434
2020-02-25,505.2944641113281,507.84338314435865,501.235107151926,503.17042361823303,9804202
2020-02-26,505.9552917480469,509.2122045230506,491.18113636134404,502.8871616899909,18965240
2020-02-27,501.8960266113281,505.8609339995078,497.50624063029574,504.77531577676416,11381143
2020-02-28,494.20208740234375,498.82785140918156,484.7617473035942,495.52374264731156,16934165
2020-03-02,489.34033203125,506.00255150171955,483.2041004886619,504.11448928878485,10096159
2020-03-03,491.6531982421875,503.5008117263651,485.37537984660054,494.67410355548157,10563605
2020-03-04,487.829833984375,502.9815851216897,479.003126083444,495.61811947368994,18066379
2020-03-05,497.4117736816406,500.99911502199217,487.73542641948444,493.5412582572163,14344961
2020-03-06,490.09552001953125,494.3436597296946,482.82644573926,488.7738648139276,9503868
2020-03-09,468.4771423339844,483.3456901388861,463.5681456314349,481.45762803046654,15664232
2020-03-11,466.1642761230469,480.04156830921403,459.74484125720227,459.74484125720227,21401999
2020-03-12,438.9288635253906,454.552630471569,433.5006555547604,451.7205372784832,14471096
2020-03-13,464.3233947753906,480.5607935076869,396.49451099588975,428.4028722166266,24254296
2020-03-16,438.7872009277344,465.3617723834816,430.6213213405301,445.8202668374122,14936276
2020-03-17,429.2525329589844,454.08063312773845,419.4817640905884,438.9760767918313,12629709
2020-03-18,401.73394775390625,452.00378270275297,384.64690759074944,434.2559442136175,29342689
2020-03-19,419.859375,426.3732011393295,341.5045024907214,393.1431841208387,24017236
2020-03-20,436.7575378417969,445.58427463290786,412.2126438451152,420.0953496383401,19758966
2020-03-23,384.5524597167969,420.7561840905409,377.1417693012762,393.09596386787604,14907385
2020-03-24,381.4371337890625,413.34549356307286,377.75540109785163,387.9037638389537,12947855
2020-03-25,405.085205078125,413.7231301993156,382.900416899986,383.79722290904465,14093189
2020-03-26,444.3570251464844,465.8337883216403,396.7304809438012,402.630703831178,22302573
2020-03-27,423.8243713378906,448.2276836723775,413.01517880968066,444.3571381178587,16378409
2020-03-30,406.9261169433594,424.1547734286529,404.04682781497127,419.00976845657556,10210726
2020-03-31,416.224853515625,421.9834608851645,400.27065734797,416.3192448862115,17059457
2020-04-01,397.7689208984375,415.37516963410394,389.31983750905425,415.37516963410394,9646905
2020-04-03,400.22344970703125,407.82292338039696,392.3407725798155,407.82292338039696,14419445
2020-04-07,443.88507080078125,458.5648071732706,408.90857781444015,408.90857781444015,15553539
2020-04-08,435.81353759765625,463.61537571957433,427.6476571494862,447.8027966880518,13639333
2020-04-09,461.34967041015625,464.74819971262696,444.64025668591967,444.64025668591967,11962829
2020-04-13,483.5345153808594,491.74759164614073,463.5209625651195,463.5209625651195,24416550
2020-04-15,481.9296569824219,505.9553419030874,476.7846523729984,504.06727974207314,26277115
2020-04-16,472.44207763671875,484.2897201730859,469.51556376450293,472.0172577931093,17401120
2020-04-17,474.3301086425781,483.8176729263569,470.317976933685,482.40162644086524,16430317
2020-04-20,462.8601379394531,479.28634927759407,459.65042050675083,479.28634927759407,11688508
2020-04-21,472.48931884765625,475.60464510061473,452.33417762917884,456.9127462839669,15781695
2020-04-22,473.3388977050781,488.1130536360653,464.5121900418142,487.1217975828374,18447565
2020-04-23,468.24114990234375,478.9087246446483,463.5681608103361,473.7637493606302,12767355
2020-04-24,466.5890808105469,471.07322832366526,457.3375236367041,467.2026833862232,12161869
2020-04-27,466.4002685546875,474.8965774005946,463.61537107221034,470.1763927748467,10074370
2020-04-28,458.4703674316406,469.6099867322664,457.0071251637895,469.6099867322664,11729091
2020-04-29,468.24114990234375,470.50683624685354,459.79203646985303,463.473769442044,8371711
2020-04-30,485.5169677734375,487.07463079185885,467.48592722852857,474.9437844825617,20170888
2020-05-04,502.69842529296875,509.778658347304,471.92287727093066,474.33015063929474,34658164
2020-05-05,498.4974365234375,522.7119340450961,496.60937432228445,507.8906105453845,30498970
2020-05-06,515.4429321289062,520.5879669247216,500.3856280785572,501.99045769569386,26074684
2020-05-07,498.4974365234375,514.8292567449521,495.09893630158217,514.8292567449521,15823732
2020-05-08,500.385498046875,515.2540154671158,498.73341446636215,509.77861225307674,13847608
2020-05-11,506.19134521484375,517.8030102576292,502.3208293346501,503.2176647753441,14490804
2020-05-12,528.5177612304688,532.4354726491785,500.8103136872596,503.17045011669694,23041211
2020-05-13,524.8360595703125,537.8637128890132,518.5582113473354,536.5893119303907,21509772
2020-05-14,509.6370544433594,531.0193986511283,505.1528776400181,520.2574330242064,13428330
2020-05-15,523.0894775390625,525.7327876933867,509.21218728049763,513.0827024556147,14758117
2020-05-18,507.9377746582031,527.7152895571725,505.2472685784648,525.7328361094062,21991328
2020-05-19,565.287841796875,569.724822725209,525.8272050459686,527.2432515484188,73259076
2020-05-20,560.8037109375,577.7491333703891,555.6587356887741,571.1409158198733,36412918
2020-05-21,561.2756958007812,570.6688690911336,552.6378295136034,557.4523760113387,20673544
2020-05-22,560.0012817382812,563.9661884775215,554.1482542885757,563.5885643354285,11630640
2020-05-26,527.9512939453125,544.1886620802097,526.3464060529001,539.9877183340321,77933211
2020-05-27,531.5858154296875,533.8986971420367,522.8534997359907,529.60330346118,22948762
2020-05-28,531.2554321289062,536.2116244196969,524.8831932837606,533.0491028379752,16574283
2020-05-29,521.6734008789062,532.4353648820784,513.3659054761903,526.7711794805234,55206200
2020-06-01,527.762451171875,530.2169786832466,519.3605637011088,527.7152554929363,40024637
2020-06-02,526.8656616210938,540.2709966365546,524.97759949522,531.4914255697041,32573015
2020-06-03,520.7766723632812,536.4948311640869,518.5109859981912,536.2116570566383,29783799
2020-06-04,540.4125366210938,552.637802392635,518.7941567212679,521.3902125677043,30007267
2020-06-05,551.6465454101562,556.9803618163826,535.6924092750244,551.3161756406739,48771843
2020-06-08,552.4017944335938,560.4733125754792,546.7848039319229,555.0923004808889,20813563
2020-06-09,536.0228271484375,558.5380455288723,534.0403735492488,547.540041959951,15219451
2020-06-10,535.3619995117188,543.7638877061614,531.5386795796259,539.0437323948001,19489440
2020-06-11,520.9654541015625,541.6870598407203,516.1037115886913,538.0997182111221,27803048
2020-06-12,528.753662109375,530.547332660084,509.77859299541694,509.77859299541694,19224358
2020-06-15,519.8798217773438,532.1994800214176,518.2749924453507,524.8832099083082,13838935
2020-06-16,514.4043579101562,527.9984741128611,506.94650162028375,526.7712103900762,19430678
2020-06-17,531.916259765625,533.8515763278358,510.7226972598256,516.2452967372981,20916747
2020-06-18,529.5089721679688,540.8374036262396,526.9601117780443,532.6714938396756,19692591
2020-06-19,540.459716796875,545.8407284532865,529.6033021289062,530.4529417274018,41924711
2020-06-22,548.53125,555.0922711859278,538.4772789648509,543.5750580008136,12954502
2020-06-23,546.4072265625,551.8826304887227,542.206282246919,548.5313259135696,9944839
2020-06-24,526.1576538085938,549.4281186886076,523.9391632588265,548.4840289494521,12619809
2020-06-25,527.71533203125,532.1523135059468,519.2190519703304,522.9007850702826,15881470
2020-06-26,529.0369873046875,534.7011740116266,525.9688568212113,528.6593631173379,11317405
2020-06-29,535.3619995117188,537.1084745872519,520.3518351802719,527.6209095804272,13162970
2020-06-30,528.5177612304688,544.7079355376321,526.2048791865883,539.9877800809577,13182057
2020-07-01,528.801025390625,542.8199055384496,527.0545501577778,542.8199055384496,13894655
2020-07-02,527.1961059570312,535.2676246188527,526.3936619190747,533.190720997277,13795692
2020-07-03,548.9088745117188,550.7969953774214,529.2257501343024,530.358622653724,21005887
2020-07-06,544.330322265625,556.3196112875236,542.8670799148523,554.7147231794429,16114629
2020-07-07,535.4091796875,549.9945237483746,534.3707572892963,546.5959650617494,12759442
2020-07-08,529.8866577148438,541.8758888256614,527.7153625377596,539.9878264807551,9581306
2020-07-09,536.8252563476562,538.3356943480376,528.9425791535631,532.4354706982638,8611659
2020-07-10,542.5367431640625,546.596101105041,533.9932660416542,537.2501797928916,13532330
2020-07-13,553.9594116210938,556.0363150473871,538.0996672976127,542.3478068091421,16660491
2020-07-14,556.3668212890625,563.399859111483,546.1712028545053,551.7882526762211,32935464
2020-07-15,532.057861328125,555.9891237428287,528.3288742674547,555.9891237428287,20062926
2020-07-16,531.2554321289062,534.5123450740323,522.3342742652637,534.2291122827227,11528871
2020-07-17,535.0315551757812,541.7814181617878,530.3114000042855,531.5858595109183,12189475
2020-07-20,543.5278930664062,549.9001318970768,535.8339990477874,539.0437163039202,9789671
2020-07-21,535.9756469726562,551.127399621871,534.6539916345845,547.5400578044053,12005925
2020-07-22,537.2972412109375,543.2918558869756,531.3026265348994,536.211623132201,11034525
2020-07-23,535.4564208984375,543.5279397643887,532.4354861091367,538.0997315014381,9718786
2020-07-24,528.1400756835938,535.6451278577256,524.3167560780689,533.3795004626688,9960443
2020-07-27,528.1873168945312,532.1994782629048,513.6964224668833,526.9601117332675,10895560
2020-07-28,533.0018920898438,542.1118324227832,524.2223802205758,527.243255970703,14210206
2020-07-29,534.5123901367188,537.2972877985105,528.8953991274541,533.6155547065755,9979767
2020-07-30,521.7679443359375,547.9648975067693,512.6580024019196,543.7639529058363,45326361
2020-07-31,523.7976684570312,527.9986131863116,515.7261488292035,520.0686806287978,13917435
2020-08-03,516.71728515625,525.355210252433,515.8204497992393,523.4671481747466,9392745
2020-08-04,518.2750244140625,522.3815774153912,515.3012852815338,517.3309932896951,12035116
2020-08-05,527.6680908203125,529.1313330566734,515.9620942283287,521.1070692469962,12920232
2020-08-06,526.1048583984375,532.1683646896295,523.5941514650586,532.1683646896295,10620956
2020-08-07,531.315673828125,533.7789566891931,523.025710475967,526.7680293831608,7346008
2020-08-10,529.4682006835938,535.2948812157231,525.6311514300813,534.6316511522206,9594610
2020-08-11,522.1256103515625,531.0313789359578,521.272919726439,528.6628265949955,8290695
2020-08-12,518.9044189453125,531.7420269296065,516.6779618500152,521.0835108802727,12613101
2020-08-13,507.2037353515625,519.4729035332778,496.68737280940195,505.92475809095913,37464752
2020-08-14,500.8086242675781,514.3094032503676,497.3978614681263,514.3094032503676,18550546
2020-08-17,493.9871826171875,504.5036336783797,490.8606987993775,502.6561565955084,19369462
2020-08-18,498.6295471191406,501.2823496168255,492.8028664388492,494.60297821142876,13771669
2020-08-19,507.6773986816406,511.5145068422037,499.3874352815499,501.1875470060853,17395288
2020-08-20,497.9189453125,505.5457376648114,495.21877768923247,503.0824547562351,13690809
2020-08-21,492.8976135253906,501.9455078605501,488.87104472136014,501.9455078605501,22244899
2020-08-24,499.197998046875,504.40881391321955,481.48115929822103,490.6711789914555,29714401
2020-08-25,500.85601806640625,507.48796558161604,498.345310983037,506.3984490205425,19881871
2020-08-26,487.44989013671875,500.61908297310737,485.08133769102324,500.61908297310737,26386996
2020-08-27,484.2760314941406,491.2396230916361,481.29164351119834,487.3551792522552,22268191
2020-08-28,495.92938232421875,501.7086978767007,485.17610624377244,485.17610624377244,22217757
2020-08-31,486.1235046386719,494.83984272258743,481.8127449398817,491.2396193244424,190329697
2020-09-01,517.5307006835938,526.2470103220488,487.1657418991735,490.2922256994346,75732733
2020-09-02,521.6046142578125,529.6103282821005,516.4411634760447,521.0835385545399,35680638
2020-09-03,509.71435546875,523.8309982955358,507.4878985662293,521.6045413930151,25084656
2020-09-04,495.6451416015625,509.7144210832211,492.1870723679844,503.5561841252897,28610361
2020-09-07,488.3500061035156,500.24016441008,483.4707756820687,497.397901125186,16450037
2020-09-08,471.91217041015625,489.67637362674776,468.02772651529443,488.87104807803405,33745174
2020-09-09,477.7388610839844,480.0126835256497,465.28023227498505,467.3171994396414,32068518
2020-09-10,471.20159912109375,481.29167483710665,465.3749477107548,481.29167483710665,21400064
2020-09-11,465.8013000488281,476.0334714058614,462.86427699043986,473.0490831840688,15888599
2020-09-14,449.1739807128906,471.10684840710195,443.67891513518975,469.92257211120875,53032505
2020-09-15,460.0220031738281,462.0115756388024,445.3369176743296,450.1687828057548,31436333
2020-09-16,456.4217834472656,464.90123744495037,455.2848722621479,461.3957735641488,13379581
2020-09-17,453.8163757324219,456.99025401995783,449.07924088249325,454.76379681121824,13750507
2020-09-18,468.5487976074219,471.48582044397216,450.3108840544264,457.6060318020575,55830089
2020-09-21,443.1578369140625,469.9226006505063,436.9995998014165,469.9226006505063,23162880
2020-09-22,446.1896057128906,453.3426583140204,436.76273077477373,443.86841821387185,18950065
2020-09-23,410.9927978515625,442.44727254284805,401.61328774940137,442.44727254284805,86810146
2020-09-24,397.2550964355469,410.7085101259166,394.27070847139476,402.8922573367537,36458719
2020-09-25,416.5352478027344,421.55660341081966,399.9553189364576,402.6554574037912,34232784
2020-09-28,420.32489013671875,424.1146037729433,411.22963043048253,422.5513472662,21445626
2020-09-29,412.6981506347656,421.1776048176131,406.9188642575285,420.6565291043735,18187111
2020-09-30,398.818359375,417.2457631241619,396.16555693882833,414.97194088057057,27686374
2020-10-01,409.6190185546875,411.7507159570528,401.37641991840565,403.6028771011107,13593932
2020-10-05,402.1343078613281,414.4982044930694,400.7605415689124,409.61897473392025,15282146
2020-10-06,404.31341552734375,407.39253378895137,400.8553170819297,404.55027077823667,11078299
2020-10-07,400.239501953125,409.05054129811873,398.96046585984556,405.308222252958,10393534
2020-10-08,402.1343078613281,412.6033625603425,397.0655880177176,403.60283392394626,17018635
2020-10-09,402.8449401855469,412.1297202115926,401.0448282694794,405.49774289468803,20948615
2020-10-12,393.2285461425781,407.96099656158725,390.19679287681794,405.4977136021268,14326607
2020-10-13,393.46539306640625,405.02399449004616,391.38106089937855,399.007853247581,28303313
2020-10-14,391.523193359375,397.44460439454093,389.6757164154692,394.50758145768026,14374547
2020-10-15,378.2118835449219,393.6549000915655,374.2327091378463,391.66532761600115,28378188
2020-10-16,380.5330505371094,385.886020561535,377.4065670488051,383.1858529693145,23786283
2020-10-19,376.7907409667969,383.3753525950251,373.28527719934226,382.3331717690543,17237471
2020-10-20,383.7069091796875,391.4757965303113,376.08014675784653,376.79071248987316,26395238
2020-10-21,396.97088623046875,398.107797362994,382.3331664451861,384.3701334516249,23929199
2020-10-22,408.0083923339844,409.6190140224735,396.0234747216341,396.9708957788693,27014551
2020-10-23,411.56121826171875,414.59297151368946,404.8345111314171,412.03492878684085,18512271
2020-10-26,411.2296142578125,416.34569948236367,405.497693595807,411.5138346689665,11956996
2020-10-27,410.5664367675781,415.82464722160745,405.024005886399,411.2296374015585,13021129
2020-10-28,428.0937805175781,462.34318110015136,418.7616360404117,422.5513496984503,125905730
2020-10-29,427.0989990234375,433.0677752724208,421.60393330494827,424.16197606080596,25537340
2020-10-30,410.9454040527344,430.98346045208,407.866285480174,430.98346045208,23483928
2020-11-02,433.3520202636719,435.8153328354398,412.1297166002969,412.1297166002969,28703578
2020-11-03,430.6991882324219,436.4784743118444,423.9251159415414,433.92043158527684,16337850
2020-11-04,429.2306823730469,431.59923494805616,423.6408865136468,429.1833172127358,10191499
2020-11-05,433.2572326660156,437.61538718739905,428.8043478216234,432.973012241043,9407770
2020-11-06,426.2463073730469,436.1468927863007,425.15676137286584,432.9730145652213,12195207
2020-11-09,446.9949035644531,449.789801606494,428.7569890919184,432.3098180972382,24953555
2020-11-10,441.8788146972656,449.22135737575326,440.5524134295248,449.0792324342287,9800899
2020-11-11,453.4374084472656,456.04281648824286,439.6523783370255,443.34733243206324,16032885
2020-11-12,454.6216735839844,457.795551883507,450.07405827977647,451.779410336861,14785276
2020-11-13,450.7372131347656,452.8689399487863,445.28954210857484,451.92151890075314,8428163
2020-11-14,456.1849060058594,461.3957511390496,453.81635342529364,461.3957511390496,4014491
2020-11-17,459.07452392578125,468.9277430451698,455.9480112256879,465.09066463249934,19050384
2020-11-18,453.2479248046875,459.5009513218066,446.33172706879344,458.5061355817477,10504589
2020-11-19,443.915771484375,456.13754412632636,442.447245309105,450.9740641164187,11541941
2020-11-20,458.2692565917969,460.40095400000695,440.8840328219913,445.76326311649524,12090462
2020-11-23,452.15838623046875,461.15891588294625,450.1214191404541,461.15891588294625,10193531
2020-11-24,449.3160705566406,455.94804718636755,446.4264423221106,453.2478795920464,9346208
2020-11-25,439.6997375488281,452.77420165271934,434.5362867008732,451.44782979610954,14497115
2020-11-26,443.7736511230469,444.9579274340621,435.9100328531488,444.0578715465013,11535113
2020-11-27,438.8944396972656,447.8002391750512,437.7101633356354,443.6789397630096,18491882
2020-12-01,454.2427062988281,457.1323346037534,436.2890126379209,443.1578152352422,18534936
2020-12-02,459.4061584472656,462.2484216005506,449.12659291337127,455.71120456561675,20948620
2020-12-03,454.6690368652344,463.43271072911733,449.07921162617254,461.4904740793588,20094168
2020-12-04,467.7909240722656,471.62797378410113,457.9850681794609,461.2536769917462,31622330
2020-12-07,482.1917419433594,483.6602682126616,468.59620203306366,471.81744555444277,22541162
2020-12-08,477.1230163574219,489.1079343807054,473.38069716183867,486.97623692883553,19661141
2020-12-09,476.6019592285156,480.24954823969875,472.8596398870465,478.35470598639273,11826802
2020-12-10,478.591552734375,482.0022569471308,468.12249645082386,475.1334244454249,13441906
2020-12-11,477.8809509277344,481.7653950983335,471.154243466625,481.7653950983335,14019094
2020-12-14,476.6019592285156,485.08141365919823,474.80184730549547,480.3442785699847,14147649
2020-12-15,477.69146728515625,480.1547502360121,471.9121811990005,479.2546943461411,13320211
2020-12-16,489.0605773925781,491.52388994059527,475.7018926747066,477.6914946699452,17707777
2020-12-17,488.0184020996094,495.02932972034654,485.08137914240484,489.8184844385931,20023766
2020-12-18,483.8023376464844,487.8289065593113,478.4967621003208,486.8814855106334,11000487
2020-12-21,465.0907287597656,484.32342971937624,454.9059226859251,480.81796582947,15539470
2020-12-22,473.99652099609375,478.44940589946236,460.022001354489,468.0277447128834,21632475
2020-12-23,480.5337219238281,482.712784411887,472.196393255862,473.996505003706,13326963
2020-12-24,490.1027526855469,495.50305881674325,483.61287105707527,492.6607955325291,21241048
2020-12-28,494.1766357421875,499.2927212108809,489.43953047708106,492.7555041626556,13124256
2020-12-29,492.8976135253906,497.3504982250504,488.0183834741563,495.50302133885754,11457626
2020-12-30,489.01318359375,495.8820156627742,486.31301592745507,495.8820156627742,10691466
2020-12-31,482.90228271484375,491.192246363129,479.681039360585,489.9132397272609,15816475
2021-01-01,488.0657653808594,489.2500417003434,481.48115369739264,485.3182325372779,10377082
2021-01-04,489.9132385253906,493.13448187174697,484.70239330418616,489.81847874700014,13489114
2021-01-05,486.9761962890625,489.7237290023386,484.2286635757864,486.9761962890625,10689423
2021-01-06,497.68212890625,503.7930005884534,486.12352725814935,487.9236390409816,30837593
2021-01-07,516.5831909179688,525.2994990606829,499.38740041560754,504.0298337944748,39444841
2021-01-08,511.84613037109375,520.8466302313046,509.05117350615825,520.4202848730529,14538362
2021-01-11,518.3834228515625,525.2048906656923,513.0304519689973,513.0304519689973,19892197
2021-01-12,536.0054931640625,539.0846413805072,516.3464157868981,520.1361593270988,25857074
2021-01-13,547.8482055664062,570.0652920025868,537.1896902523634,557.0855894327025,85239439
2021-01-14,550.02734375,554.0538537356717,540.0793638646998,552.0642813233684,16974338
2021-01-15,570.9654541015625,578.5448821457502,562.5807593253976,577.5026717605421,57451072
2021-01-18,556.0908203125,571.2969802890028,553.2959224886246,570.9653652674904,21359539
2021-01-19,561.1596069335938,566.0388079591307,555.6645409504252,560.0226662585094,11034273
2021-01-20,564.80712890625,570.8232698936204,558.0330275586844,561.1595404046292,13333007
2021-01-21,550.7853393554688,572.2918950129348,544.2007560757746,568.6916708616538,17380638
2021-01-22,546.5218505859375,554.7644490260777,542.6373771712147,553.2011630632179,12662954
2021-01-25,550.216796875,556.9435333327002,539.6056459679079,548.5587806128111,12503932
2021-01-27,540.7899169921875,551.1642425612439,532.7842030213201,549.5062262248904,15567653
2021-01-28,540.8847045898438,545.5744447856841,533.163181617598,536.7160400922197,15201598
2021-01-29,524.4942016601562,548.0850554231005,521.6519386398337,548.0850554231005,25521965
2021-02-01,548.700927734375,550.5484046137518,520.3255444828796,529.610294039554,14212955
2021-02-02,567.8389282226562,573.8077048472064,548.7957165690422,554.1486282268736,21711996
2021-02-03,576.8394165039062,589.7717544404824,567.9335883764095,577.3604921646617,30641248
2021-02-04,569.023193359375,590.2454956364385,564.3334532568098,582.5713379792184,51976676
2021-02-05,550.5484008789062,574.0445244818288,545.9533912915311,572.0548932246886,35465208
2021-02-08,565.896728515625,571.912870386865,553.9591751041146,558.0331095428868,21646080
2021-02-09,567.4598999023438,575.7972875337388,563.7175809019217,567.4125347415173,20927436
2021-02-10,559.1698608398438,575.797209784751,549.7430168704408,573.144407665324,31642664
2021-02-11,566.6546020507812,571.8180523273207,558.0330239292172,560.8752868936303,19253595
2021-02-12,555.4276123046875,566.4177434021245,553.8643852759208,566.4177434021245,15905053
2021-02-15,562.4860229492188,571.2970630355825,558.9805294160656,560.9701020095324,17972742
2021-02-16,562.7227783203125,569.9705903060456,561.8227224670268,563.7175644924936,15064854
2021-02-17,562.6281127929688,567.3178532372525,559.0278889652287,565.5651064882848,16436661
2021-02-18,558.0805053710938,566.5599308729188,554.4329161331722,565.6125096873731,22193564
2021-02-19,550.7853393554688,564.6651012760423,545.2429076210711,558.9805740341684,19465126
2021-02-22,540.3162231445312,554.1486183892738,538.1371899529686,551.4011443178206,20227667
2021-02-23,535.8159790039062,546.6639560605963,534.3474233363445,544.769113935618,23764401
2021-02-24,542.826904296875,543.9164208404493,535.4843616384496,538.231894490143,8888950
2021-02-25,548.700927734375,553.7222827029236,546.7112964637374,549.4114640431175,16230241
2021-02-26,527.05224609375,555.1433776220792,522.7414277182307,544.2953428601677,198547005
2021-03-01,504.2193298339844,529.7050260357141,493.6081790339295,528.6628746932518,55091122
2021-03-02,512.7462158203125,515.3989595323388,501.04548874175447,512.0829857083849,30622757
2021-03-03,517.5780639648438,521.7940938185565,511.6092873744908,519.899251588209,24669015
2021-03-04,511.2302551269531,517.2937614294657,509.71439327929755,511.6092353168396,17678275
2021-03-05,504.7877502441406,510.18808520152476,496.82940219402434,506.8721117566336,16658703
2021-03-08,498.0611572265625,507.2985428404024,497.16110124819363,503.08251285663675,15293359
2021-03-09,494.3187561035156,504.0299107535431,487.26046301210414,502.22979887983223,20181762
2021-03-10,498.2032165527344,502.6087068807611,489.2026868784755,492.85027569314906,19013738
2021-03-12,496.6399230957031,504.740426191473,494.12927495653116,502.65612342112536,11624491
2021-03-15,495.3609313964844,500.05067140433937,489.25003038217903,500.05067140433937,10875944
2021-03-16,501.4718017578125,505.6878312387687,496.45044672659185,496.45044672659185,13252045
2021-03-17,495.4082946777344,503.08245215086265,491.7133408780598,500.9980905375609,8482758
2021-03-18,499.48223876953125,504.21934401567825,488.2552522066491,501.9928868764215,12465338
2021-03-19,502.087646484375,506.6352913506847,497.8716166782054,500.24016943943013,49597558
2021-03-22,500.24017333984375,505.9247589230019,495.50306778045865,505.0247029755291,13581706
2021-03-23,501.4244384765625,504.4561622236744,494.69770199884147,501.85078383348315,15239339
2021-03-24,496.1188659667969,505.40367519269444,494.08192828211276,500.2401654117137,10801499
2021-03-25,481.0548095703125,496.1188456312768,473.2859215473503,495.88201982271625,17572322
2021-03-26,495.02935791015625,497.30318036418964,483.755005424877,485.1761370946609,11148490
2021-03-30,494.0819091796875,500.14541574755117,489.1079191575229,500.0506854239065,10691124
2021-03-31,490.1027526855469,498.2505917738626,489.10793697131396,494.88725277873203,7712521
2021-04-01,493.4186706542969,496.35569338903565,487.49726002663436,492.61334514137667,7111516
2021-04-05,500.4770202636719,501.187556587952,487.54465236929116,493.4186981662933,9376649
2021-04-06,504.2193298339844,509.57229984989715,496.97151777290725,500.71383670329595,13115141
2021-04-07,513.1251831054688,518.146538910715,507.1090409550897,508.7670574715777,21391503
2021-04-08,514.4515380859375,519.7097781667246,512.0829853561709,518.0517617999407,11367448
2021-04-09,516.5831909179688,520.8465852201558,508.2932280966619,511.1354909647866,11641539
2021-04-12,494.9819641113281,510.5197401630575,491.2396450395315,509.2880692224044,9869735
2021-04-13,507.96160888671875,511.6091972108725,495.59771249195046,498.7242251857802,6657701
2021-04-15,510.99346923828125,517.4359562338573,502.3718901645824,511.6092752750116,9989813
2021-04-16,512.31982421875,515.541067425224,509.71438699331577,511.65659416665534,6273393
2021-04-19,498.7716369628906,506.8721398479033,495.7399132100105,504.26670254086366,7368743
2021-04-20,502.32452392578125,508.76701090756546,498.25058967084493,501.1875832697574,7369109
2021-04-22,502.9402770996094,505.3561947358795,498.392632777284,502.1349515835565,6675147
2021-04-23,495.1240539550781,504.4561689473746,491.8080802885247,501.1875604420113,7123670
2021-04-26,499.81378173828125,500.7138376025398,495.26619616885387,495.26619616885387,5929161
2021-04-27,506.2088928222656,510.235461549599,498.5821596229418,499.7190412642252,9875033
2021-04-28,515.6832275390625,519.1887210518012,507.4406283971341,507.77224346474645,12195400
2021-04-29,512.41455078125,521.083494170879,510.7565345750556,520.7992443060805,8846896
2021-04-30,508.5301208496094,518.2412163838624,505.45103179292283,505.45103179292283,8331737
2021-05-03,529.4682006835938,532.9262697453748,501.23491279824043,502.1349686616434,14556346
2021-05-04,523.4047241210938,536.1949086642288,517.9570234708485,536.1949086642288,14196229
2021-05-05,530.5103759765625,535.2474813073322,524.8732147417572,527.6207476159823,12095639
2021-05-06,529.3734130859375,534.726323615305,523.5467331842493,530.5102946262315,9169742
2021-05-07,538.61083984375,542.7795040132763,527.6207091481201,531.6946430003162,12894499
2021-05-10,542.4478759765625,546.6639052036047,539.1792677238693,541.9268003318592,8365615
2021-05-11,538.5161743164062,544.6270463739676,534.3948748097031,535.7686413119375,8033470
2021-05-12,532.2158203125,539.2267488123744,528.8524810216488,538.1372321311986,6815070
2021-05-14,530.9366455078125,539.4160687298673,526.9100770958721,534.3473490763985,7697716
2021-05-17,520.7518920898438,534.3000362933622,517.1043034750714,534.3000362933622,13677009
2021-05-18,508.1512145996094,523.8310869722051,506.44583303887515,518.7149422900025,34968901
2021-05-19,500.4296875,512.1303557787726,498.5348452967281,509.6197075330059,19583966
2021-05-20,493.276611328125,503.08249643809904,492.66080527793235,503.08249643809904,14036583
2021-05-21,503.0350341796875,505.2614913009368,494.5556099664761,495.7399157243803,10492773
2021-05-24,499.103271484375,504.9773174887543,498.3453110606184,503.0824753412565,6386039
2021-05-25,498.44000244140625,502.8929164872463,496.9241406242244,502.04022580511617,9412913
2021-05-26,498.10845947265625,502.89292975631815,497.39786424816873,501.1875483470606,6908901
2021-05-27,492.4712829589844,499.29272042113723,491.42910212874165,498.4400296923883,22783169
2021-05-28,496.07147216796875,500.71384705699404,493.03971894182644,494.7924360874679,10248988
2021-05-31,506.7774658203125,507.81961729413575,497.4926561520298,497.8716363912104,12803471
2021-06-01,504.8824768066406,510.09335109318886,502.41919404826956,509.1932952736496,8435896
2021-06-02,501.6612854003906,506.4931800116272,500.2401537881196,502.0402656127083,10567595
2021-06-03,504.0773010253906,505.3562783367158,500.7139029296663,502.135034651504,6290021
2021-06-04,504.693115234375,507.63010905780874,503.27198348962645,505.8774211442817,4878809
2021-06-07,508.2459411621094,512.5567012843613,504.9773324695191,505.92475357137437,9674473
2021-06-08,518.0517578125,519.1886984611738,505.92474436467865,509.80915902921856,12822963
2021-06-09,511.6092224121094,522.504622765043,507.20367354762567,520.9887020437344,12674395
2021-06-10,516.4884643554688,519.0464773906027,511.9408201686898,515.3041586958732,7018193
2021-06-11,512.41455078125,520.8466094648987,511.65659041638014,516.8200407583473,7777365
2021-06-14,510.99346923828125,512.4146008774323,501.4718342352639,512.4146008774323,5714387
2021-06-15,513.977783203125,515.0673586031548,510.0933688437649,512.5566516878549,7264778
2021-06-16,508.5301208496094,515.209492490027,506.7774330884361,515.209492490027,10045600
2021-06-17,500.85601806640625,512.7935707232988,499.3400972191291,511.1355543885495,10214732
2021-06-18,510.4249267578125,513.4093441887198,491.71333228487026,503.461364634882,15000348
2021-06-21,511.2302551269531,513.4093470348826,504.97728818544243,506.8721302229845,5742834
2021-06-22,508.19854736328125,520.1360997035415,507.3458566372781,519.236043816304,9114558
2021-06-23,505.9720764160156,510.85127700890774,504.69304036192034,509.7143953465278,4767421
2021-06-24,500.9507141113281,507.2984702172167,499.6716780759226,506.87212487208154,6419922
2021-06-25,506.9669189453125,507.72487941240286,501.5192180038563,503.36669509447904,5504204
2021-06-28,503.27197265625,508.76703884908443,502.5613773432223,508.76703884908443,5265796
2021-06-29,497.35052490234375,504.26672230655237,496.45046899095183,503.31930123265494,8713975
2021-06-30,498.0137023925781,502.51398200649686,496.7820903280594,499.2927385320962,5760552
2021-07-01,495.17144775390625,503.0824905442403,494.5556417109281,501.1875894275856,6575188
2021-07-02,497.39788818359375,504.9773156579999,492.6607828320233,497.9663290434035,13309063
2021-07-05,496.403076171875,500.7138359267495,495.7872701817188,500.24012541619305,6373586
2021-07-06,498.44000244140625,499.9559231704772,493.7028974427822,495.97671962449954,10494366
2021-07-07,501.7560119628906,502.70343291939537,495.6924471469967,495.6924471469967,6669192
2021-07-08,497.68212890625,504.78778680277816,496.0241126077806,502.134984289984,5400962
2021-07-09,508.0563659667969,509.2406716703924,495.5030082857514,497.87156078105346,7303645
2021-07-12,501.8034362792969,510.61447577831683,500.8560152110966,510.61447577831683,8932790
2021-07-13,502.18243408203125,507.3458849758045,500.42968737088836,505.4984079369015,8138019
2021-07-14,502.18243408203125,503.461411330583,498.961190554921,501.18758890486436,6666859
2021-07-15,497.8241882324219,504.50355919072234,497.3978428984075,504.50355919072234,6886797
2021-07-16,512.69873046875,514.8304571281759,498.2978962358722,499.29268237297504,11251138
2021-07-19,510.1407470703125,516.062157991559,501.4718033667881,510.6618227480699,9130551
2021-07-20,498.10845947265625,508.577455904656,495.50302219872276,508.2458997843264,7646460
2021-07-22,517.9569702148438,519.1886410534117,496.118804696575,503.17715579957917,20220601
2021-07-23,519.472900390625,531.1736276177422,504.7404491935867,518.9044595102517,33200836
2021-07-26,515.4462280273438,524.7310354697652,513.5987513521472,516.3462837876642,5214592
2021-07-27,512.1303100585938,517.1042998540797,507.961645801172,517.1042998540797,5835018
2021-07-28,538.0423583984375,540.6951608451559,509.5723034481073,511.1355304728391,32532037
2021-07-29,537.3318481445312,546.3797724336318,535.2949105063661,543.9164305085326,15844335
2021-07-30,532.1210327148438,538.6108847596049,528.4734438983423,536.1475428322648,10125413
2021-08-02,535.43701171875,539.9846564932078,530.55775189085,536.2423373148694,6372299
2021-08-03,549.6957397460938,551.4011212262427,532.5473713562516,538.1371674168586,21680353
2021-08-04,544.20068359375,556.0435060155452,540.3162100329872,544.7691244598465,21816567
2021-08-05,567.22314453125,586.4558765143946,547.1377217235661,547.1377217235661,72423461
2021-08-06,575.9393920898438,584.5136056604532,557.5593529239505,563.2438792553801,29055626
2021-08-09,567.7442016601562,580.4870806198905,566.1336093092049,577.929008230154,10078649
2021-08-10,589.4876098632812,594.9826762300163,566.9389034750683,570.5391274962947,34514358
2021-08-11,588.20849609375,596.1668438814672,581.4343950413605,589.4874731420022,18731287
2021-08-12,590.3875122070312,595.8825771435528,584.5608911846705,590.2454167416715,8430316
2021-08-13,603.556884765625,605.2148423452427,585.6031889202503,590.387659903126,21079044
2021-08-16,600.7145385742188,610.1413837412454,598.7722724363844,605.1673938633755,10506327
2021-08-17,593.4193725585938,604.4568690382999,590.2454943649722,600.7145499965994,11311229
2021-08-18,590.1981201171875,600.6671755876376,588.2085477235955,592.9930180650966,7136872
2021-08-20,581.4345092773438,599.7198197397695,575.0867522978397,586.9295754492251,12770173
2021-08-23,589.9138793945312,597.3511523174774,575.655139558141,585.8873104723612,12790616
2021-08-24,587.4979248046875,594.9351972617574,584.6082966717127,594.9351972617574,5885050
2021-08-25,580.2501831054688,589.6297227494076,578.8764166105404,589.6297227494076,8127668
2021-08-26,556.0435180664062,579.3501242885195,553.5801760734447,577.9289926365319,26316897
2021-08-27,563.8597412109375,573.5708364319478,554.290741473897,557.8435998682812,16444274
2021-08-30,587.8295288085938,592.140288348073,559.0751667572366,564.6649622848759,40506274
2021-08-31,629.1372680664062,632.974376511243,592.14036247644,593.1351487322477,60781970
2021-09-01,631.36376953125,637.9010462208396,619.6157353804854,632.8796905147543,30796359
2021-09-02,631.45849609375,638.3272693568292,629.1372496821692,634.7271046581309,18951106
2021-09-03,623.8317260742188,634.3955125661003,619.6156962925971,632.8796505901216,7920313
2021-09-06,620.18408203125,630.7478675839429,619.047200378316,629.4688315404746,10223448
2021-09-07,635.2955322265625,644.722377514275,613.9310757319981,623.3579799316025,28185127
2021-09-08,632.7374877929688,647.8489189242109,630.0373200231464,642.3538530583047,20876941
2021-09-09,650.0753784179688,652.0175857606828,631.9795884750104,632.7374899996408,19784500
2021-09-13,656.8494262695312,660.354860447562,649.791074930301,655.6177553897422,19704664
2021-09-14,657.7020874023438,662.912902731749,652.8701933310219,658.4599888303977,11694600
2021-09-15,687.3565063476562,696.309641179077,659.5496218896257,660.3548885453959,56796797
2021-09-16,680.8192749023438,698.2518925822944,677.7874922533515,696.3570505186334,45001991
2021-09-17,689.8671264648438,696.1201522829764,683.0930838924049,683.0930838924049,26649321
2021-09-20,686.8353881835938,695.1253513307726,682.4298393265013,686.8827533420691,14330899
2021-09-21,688.446044921875,701.8047293104755,684.0405545631917,684.8932453195547,14216876
2021-09-22,688.5408325195312,693.5621878080127,686.0301254193434,688.7776583335711,16348622
2021-09-23,688.5881958007812,701.1889196944147,685.1774327927734,694.8411631289724,26497345
2021-09-24,700.5256958007812,713.4106686129757,689.7250256372063,690.719811802401,72175065
2021-09-27,697.4141845703125,706.4389555563596,693.1672854991324,705.5702408605861,11282248
2021-09-28,671.9326171875,701.5163410798086,662.1356880344796,699.199866731194,21944239
2021-09-29,669.9539184570312,677.5791201545813,665.1761640982745,672.7530580452183,16729859
2021-09-30,664.355712890625,685.1077804200011,662.9078942257848,671.594806214826,13911568
2021-10-01,652.3870239257812,663.4386577463165,644.4240223678903,663.4386577463165,14952128
2021-10-04,657.69580078125,662.3288088559877,646.4028030971499,651.5184174070039,8917898
2021-10-05,674.9248046875,678.9787087540223,656.7305735960406,660.5914233904632,25598885
2021-10-06,667.3479614257812,683.3222168860977,664.2592695723066,681.1987375548402,10406502
2021-10-07,668.4096069335938,677.7721792751863,667.2513402366735,671.5465473271449,8121590
2021-10-08,671.3052368164062,675.2143353274953,664.9348584214382,670.9674360348135,6297352
2021-10-11,666.8170166015625,671.8361332675845,661.1705471722217,668.9887446762158,8792050
2021-10-12,662.4735107421875,674.104367354323,660.398339418148,666.9617719911095,8579567
2021-10-13,665.900146484375,672.5600775789604,659.3366541659117,665.0314316446086,7062149
2021-10-14,661.9426879882812,669.8574418793204,658.1300870194137,668.8922294270446,9820591
2021-10-18,656.9235229492188,677.5308426308704,656.006618316772,675.6486667055274,8574445
2021-10-19,657.4061889648438,674.6835157219077,651.9527738630119,674.6835157219077,7328862
2021-10-20,683.8047485351562,689.0651679896392,657.6957644403905,659.6261892741903,21217306
2021-10-21,671.8361206054688,687.5690719118365,665.2244388231148,686.2178098157673,8908979
2021-10-22,670.3400268554688,680.7643092272144,660.4465995332678,674.2008765421813,6587256
2021-10-25,667.0582885742188,679.5095525189389,651.5183919748349,668.8922157608305,9540441
2021-10-26,671.98095703125,685.156072363008,665.0314152204423,670.8226902441328,10953878
2021-10-27,677.9169311523438,689.7890912497796,669.8574308730231,675.0696015944287,11878571
2021-10-28,665.7553100585938,681.4882617469725,660.5914468400048,678.3030723358851,8884507
2021-10-29,661.50830078125,676.6138985431535,653.4970495708917,668.1200411284135,8602343
2021-11-01,687.7138671875,697.6555435904286,665.6104786282255,665.9483383311723,17121001
2021-11-02,689.1134033203125,697.9450614146972,684.866445204444,687.7138335608633,7725455
2021-11-03,674.780029296875,707.0181500803122,671.7878941377437,700.502965762166,23261507
2021-11-04,676.7103881835938,680.2816858359886,674.8765199758539,679.509527700525,1064714
2021-11-08,684.335693359375,690.0304709309331,679.5096306417489,682.8396256992907,7565546
2021-11-09,688.3895263671875,691.5264668080184,680.6195779807385,686.9417077021886,5278131
2021-11-10,709.8656005859375,712.3268808716098,682.7430918614366,692.5400230696206,15180490
2021-11-11,703.2537841796875,712.9059089085434,699.0551334873928,709.431167570913,7421118
2021-11-12,717.6354370117188,719.0832556472501,700.0203102794204,707.5007065629991,9207508
2021-11-15,711.8923950195312,720.0484515954502,710.5893818421238,714.2571771858353,5454742
2021-11-16,704.8947143554688,716.2359618320123,701.7577735640845,715.5603012637958,4639931
2021-11-17,695.001220703125,706.8733221900633,691.3334251340074,699.3446767772654,8002927
2021-11-18,689.49951171875,698.2829806363773,683.3704360337699,695.5320897204606,4469597
2021-11-22,716.2841186523438,729.6523461160489,707.597206807641,714.257196120003,36884348
2021-11-23,732.499755859375,734.5266784506578,710.1068151150315,719.083279166544,18240414
2021-11-24,732.499755859375,754.6030857376269,729.9419192881865,737.4223158164291,21653712
2021-11-25,738.5322875976562,741.7657255561446,726.6118791722944,732.6444566410333,8483653
2021-11-26,713.0506591796875,736.4570598363473,707.5971855650295,736.4570598363473,11142921
2021-11-29,713.6297607421875,728.7353582900415,701.8059089023822,725.839721104783,15885643
2021-11-30,702.916015625,724.1024421591387,697.5108490936378,714.2572627016821,14272616
2021-12-01,697.124755859375,711.7477493808937,693.2639057057751,707.5007906471747,10488561
2021-12-02,707.06640625,710.1068491947351,689.3065315680668,698.717353458471,11507427
2021-12-03,693.3603515625,709.0933618918122,691.3816777890761,704.6051003590144,11024093
2021-12-06,673.332275390625,696.7869883237809,669.712728198706,693.0226356794248,8804487
2021-12-07,674.5386352539062,681.1503752771606,669.9538765368874,677.9168785190781,10238693
2021-12-08,690.2716064453125,693.987650270743,677.8685929257495,680.4746779428008,8296393
2021-12-09,689.1134033203125,698.7655273001141,686.2660149638931,691.8642350898001,9069515
2021-12-10,685.9765014648438,693.8912553541538,682.4052036098253,686.2660534180847,4251339
2021-12-13,678.640869140625,693.4086671709972,674.0561098740192,690.1269211838269,9896899
2021-12-14,667.5409545898438,681.729590401825,664.4523216584955,676.6139758333956,9275631
2021-12-15,661.6049194335938,670.7261893344411,660.3018472123895,667.68574639686,7674319
2021-12-16,657.69580078125,665.9001067782272,654.027946264851,665.9001067782272,9633006
2021-12-17,642.8796997070312,661.8461467096172,638.1018866006199,657.3096367003792,13850460
2021-12-20,635.3511352539062,638.1502751000721,622.658567171732,636.2198500784119,11812939
2021-12-21,643.7966918945312,647.5610439426292,636.2680467102269,640.8528057604503,8084499
2021-12-22,660.92919921875,662.1357147339357,643.7966789031124,643.7966789031124,8522226
2021-12-23,655.137939453125,665.0313668997468,652.0009990432205,665.0313668997468,5602466
2021-12-24,653.4970703125,659.095290678634,649.250170926281,658.371381349085,3756020
2021-12-27,652.2423095703125,654.7518383620229,645.389324777024,651.4701513968548,3658572
2021-12-28,656.3927612304688,659.7227562006937,651.5666986393884,656.1997069444462,3892590
2021-12-29,653.3040771484375,659.7227640355616,651.5184575332905,656.2962713375808,3847574
2021-12-30,655.7169799804688,661.942611359323,650.7461717738241,653.9313607152259,5701612
2021-12-31,660.0122680664062,669.9539446175205,656.3444725024477,656.8270787322289,4598628
2022-01-03,667.2514038085938,668.5061683031827,659.3366493561058,663.8731599859865,2939833
2022-01-04,673.1873779296875,678.7855978824227,666.3826425167987,668.1682618330709,6473875
2022-01-05,675.6487426757812,678.3030770220075,667.6857396371024,676.5174574811224,4586105
2022-01-06,685.6869506835938,695.4355729013538,675.6487176002049,677.5791425076342,21642414
2022-01-07,680.1852416992188,690.2717238273206,677.0483011610753,689.0652082357269,4315015
2022-01-10,680.426513671875,686.6038378709388,679.1717492964317,680.8608710473454,3565324
2022-01-11,678.978759765625,684.8665325797101,670.4365936065574,678.5444023487407,10642484
2022-01-12,704.7981567382812,707.2111879110965,679.7026325410018,683.3221793002248,12366953
2022-01-13,706.3424072265625,710.058510233144,700.8889926319075,703.6398243475231,5829874
2022-01-14,695.5320434570312,705.4737784720896,693.4568721096099,704.5568148944427,5344096
2022-01-17,703.2537841796875,709.1898644526916,694.5186230824517,694.952980477629,4340924
2022-01-18,689.49951171875,705.2807711183615,687.7621410366363,701.70947315897,4312058
2022-01-19,679.219970703125,690.1268589289956,677.289545922904,689.1616465388852,5879490
2022-01-20,690.5130004882812,694.6151533425236,680.7160706951576,681.4399800223767,4812496
2022-01-21,671.0639038085938,689.1616358422667,665.369127230576,684.9146778269429,6704622
2022-01-24,665.900146484375,682.4052571447579,653.7866821311417,666.2861961483509,11091633
2022-01-25,687.0864868164062,695.3873495699885,658.4197230190127,660.2053425591296,14128764
2022-01-27,682.6465454101562,691.0921548443575,677.0965734962525,681.9226360300818,8937312
2022-01-28,690.8990478515625,727.7701745794794,677.2413272699181,690.0303920088811,21450677
2022-01-31,703.929443359375,709.4311662267778,694.5186217665707,702.6746789293799,10745370
2022-02-01,697.8968505859375,709.4311511523578,693.3120914458373,707.5007262512629,4814511
2022-02-02,699.8272705078125,706.294205662847,695.4355656714469,700.840731791298,3286577
2022-02-03,696.5455932617188,703.6398812569597,693.5051504569623,700.7442438855319,3651578
2022-02-04,695.1460571289062,698.0899434835819,691.5747590819032,696.0147130353258,3284198
2022-02-07,681.922607421875,695.0494733984303,675.166120157964,693.0225507840145,6833983
2022-02-08,684.2391967773438,689.8374177564721,676.6139941063925,686.4591738486655,7167684
2022-02-09,694.3255615234375,700.8407456470843,677.7239542934375,682.501708854597,10185173
2022-02-10,698.862060546875,701.661200208248,683.9495164566629,697.8003504198122,6074014
2022-02-11,690.2716064453125,700.1650326139844,686.1694541314729,696.5937352877944,5646980
2022-02-14,665.70703125,679.5095573513203,661.17052100235,679.5095573513203,7441445
2022-02-15,686.796875,688.2929424453821,662.7148137127098,671.7878338845269,4650249
2022-02-16,696.6903076171875,702.8676906224497,683.3703881059746,692.4434083489739,5433910
2022-02-17,692.0573120117188,702.1920425223507,690.1268871525508,699.2481563944978,5107708
2022-02-18,687.7620849609375,694.5185717719728,686.6038182966678,687.2794787601492,4099366
2022-02-21,685.2525634765625,691.6229418290986,678.5443254327934,683.4186363295555,4307430
2022-02-22,674.9248046875,678.0617451454684,663.5835584163837,670.05049360442,9148804
2022-02-23,679.8956909179688,684.2873958966022,675.166126225967,675.745230146178,4124469
2022-02-24,647.56103515625,664.5969989961626,622.9963673222941,658.274869437172,14139461
2022-02-25,664.693603515625,670.9674846884714,653.9314607082151,653.9314607082151,6452099
2022-02-28,662.6183471679688,665.9965907442075,643.2658493207512,657.3096786910222,8301523
2022-03-02,650.7945556640625,660.2053779372915,642.8315522020996,660.2053779372915,10220908
2022-03-03,648.6710205078125,656.1514170560589,645.341025745892,651.5184090408139,6517030
2022-03-04,630.9594116210938,644.7136894973393,627.3881136533038,641.866300891457,7094874
2022-03-07,651.9044799804688,655.7170218394705,616.7707249772586,617.7359373794139,12615451
2022-03-08,659.2401123046875,662.9561567229067,644.3758168080235,651.518412599801,8462985
2022-03-09,667.4443969726562,673.718277782956,650.8427313537925,658.2748788652951,9896395
2022-03-10,673.4769897460938,682.8878111721409,666.5756971355686,675.6004689271701,5989327
2022-03-11,670.6777954101562,677.9651959731568,667.4443575176676,672.4634736515881,3353880
2022-03-14,676.0347900390625,680.3299380991718,664.2109381125772,664.2109381125772,4016137
2022-03-15,678.640869140625,684.8182525593359,671.3052778788134,674.683521548944,6006439
2022-03-16,687.2312622070312,690.6095057712513,680.4747750785914,685.3008373131913,3843706
2022-03-17,697.7520751953125,702.626386086519,690.126873586731,694.952935639785,8168953
2022-03-21,683.5634155273438,699.1515600312151,682.2120946380433,696.8833345154837,6317305
2022-03-22,694.2290649414062,695.9181867539157,681.2951943551475,683.8530309502764,3000133
2022-03-23,680.426513671875,694.808143518234,678.5443376527643,694.2290396255345,7974713
2022-03-24,681.77783203125,684.1908633032682,673.5735257063883,673.7183311474679,3597143
2022-03-25,684.67333984375,689.5959580531963,681.2950967029453,687.5207279876623,2930336
2022-03-28,707.5490112304688,711.3616123872436,685.3973725766008,690.3682405155712,7960258
2022-03-29,728.6871337890625,736.4570820466257,711.3615589362557,714.6433047539068,15833573
2022-03-30,723.4266967773438,743.1170533831375,718.6971324331229,736.2157611299787,9938988
2022-03-31,728.6871337890625,732.5962323373379,713.9676442724032,726.8049577734065,7371181
2022-04-01,732.1136474609375,739.9801525376349,723.1854322479993,733.3684118706475,5920139
2022-04-04,741.090087890625,748.0396291307339,729.8936473290375,731.4862124826328,5783224
2022-04-05,739.931884765625,746.8814266027639,734.5267182877926,741.0901515571309,3990794
2022-04-06,748.6670532226562,753.5413642660012,736.4570922825723,737.4223047233096,7490027
2022-04-07,735.8780517578125,750.7905381219762,733.127160717665,748.0397059937259,5818505
2022-04-08,735.58837890625,741.6209566722174,731.2449229147535,741.6209566722174,5583587
2022-04-11,731.6792602539062,738.5805525938877,729.7005865832477,730.6657989993631,4927865
2022-04-12,715.849853515625,733.513229973118,714.3537270543173,733.513229973118,3904026
2022-04-13,714.8846435546875,730.1832377268371,712.278558088419,716.1876568318745,6343030
2022-04-18,704.1224975585938,714.4020339389772,698.2347250505516,711.0237902906495,8950327
2022-04-19,698.3312377929688,713.2920314153474,691.9125511579642,713.2920314153474,9957060
2022-04-20,713.6297607421875,718.6006281416369,698.7655252049944,704.6532972502642,6632292
2022-04-21,710.155029296875,718.0215339880592,704.6050579500085,718.0215339880592,6111830
2022-04-22,713.0506591796875,715.1258894006007,703.6398382971129,705.5702630935385,5182247
2022-04-25,713.6297607421875,717.1528095490077,703.7846414418203,704.5567995755114,3571031
2022-04-26,729.9901123046875,732.4996998435784,713.3884475614509,719.0832241767336,4987848
2022-04-27,726.3223876953125,735.0575488147842,720.4346151604803,723.909356506956,4571399
2022-04-28,721.3515014648438,728.0597397795776,718.6971672254226,724.8745504746507,6101866
2022-04-29,713.2919921875,734.5266658385488,709.9619974916617,725.8397538903924,7219115
2022-05-02,715.5601806640625,717.1045558328268,704.9428443903497,708.4658931732008,3938533
2022-05-04,697.2694702148438,713.6297734739236,692.0572996236334,711.3615478697599,6785271
2022-05-05,693.939453125,707.5971729694631,689.402943151774,700.7441886288946,4836692
2022-05-06,685.5421752929688,698.7173494282994,683.1291440529371,686.5073877889814,5912312
2022-05-09,686.7486572265625,695.4355692645654,679.9439212458387,681.5364864390037,4819274
2022-05-10,694.6151733398438,703.1572800821932,685.4456549310848,686.2660619607954,6746893
2022-05-11,697.7037963867188,709.4311512268587,691.9608294348727,694.6151636741569,6919703
2022-05-12,680.86083984375,697.65549999315,676.8551848818329,690.3681582698481,6754953
2022-05-13,665.900146484375,688.1965323114745,660.9292784015176,688.1965323114745,11938252
2022-05-16,669.0852661132812,673.7182739800495,656.0066495110898,661.990919428391,5412233
2022-05-17,682.4534301757812,685.3008185988165,666.8169771803033,670.8226322903909,4847812
2022-05-18,671.9326171875,701.8542007575712,665.2243794111871,695.9181210974632,18992703
2022-05-19,650.7945556640625,668.8922908048874,644.6171718379017,661.1705904781354,7322668
2022-05-20,663.9696044921875,667.4443454154961,659.2400403742354,664.5487083421099,5577407
2022-05-23,661.990966796875,669.760974518957,655.958388697057,658.081867970572,3788601
2022-05-24,654.6070556640625,665.2726408072119,652.3387711970205,665.2726408072119,4053608
2022-05-25,664.2591552734375,665.9000280612418,655.9100448281281,657.5509176159325,4188088
2022-05-26,669.5195922851562,671.3052116269571,652.3870725060355,665.9965435263845,5780597
2022-05-27,660.5914306640625,675.6487214633454,652.4836224417451,672.8013329262284,7131633
2022-05-30,674.7317504882812,679.2682607795963,659.2401024688658,663.5353096480034,4675033
2022-05-31,675.841796875,682.0191214601576,668.506146608263,673.2357113711842,44593174
2022-06-01,670.4849243164062,681.6331175346477,667.2031780674811,677.1448555930145,3749781
2022-06-02,671.7396850585938,672.7048976073058,659.2884196154477,664.9349483725529,3466993
2022-06-03,662.6183471679688,676.4208734256513,661.4118316050264,672.8013267368241,6673615
2022-06-06,659.1918334960938,665.8035150030688,652.9662016096765,658.4679241816706,6407024
2022-06-07,661.4600830078125,663.3422590756732,649.877533558692,654.5588493081806,8349903
2022-06-08,640.2254028320312,663.8731077288397,637.4745709292002,658.7574935539494,13904149
2022-06-09,652.8214111328125,655.7653562084009,632.3106467544236,637.0402112817266,6774925
2022-06-10,649.92578125,652.9179751995354,644.761918194487,644.761918194487,3221484
2022-06-13,647.9472045898438,649.9258786313321,635.1098888320028,637.1368117209613,5982102
2022-06-14,658.3231201171875,665.4174667603588,645.8236074798876,645.8236074798876,8878530
2022-06-15,658.3713989257812,661.1705386395236,650.0705952901009,658.2266524031423,6005970
2022-06-16,631.4419555664062,660.1087752521555,627.3880517572891,659.3365582127893,9525587
2022-06-17,621.2589721679688,638.7292926872934,615.8054986543154,633.179321500362,11085830
2022-06-20,618.6046752929688,624.9268049816776,612.1377401737531,622.5137738858427,3883001
2022-06-21,631.5384521484375,635.2545551803235,618.2185330088448,619.7628492611294,3515991
2022-06-22,620.48681640625,627.7259099736181,619.1355542874778,626.0367881412321,4348884
2022-06-23,637.2332763671875,641.4801758340067,625.2163694862313,625.6024780340755,4336533
2022-06-24,647.8506469726562,652.194103257454,639.0671778051498,639.0671778051498,5621332
2022-06-27,660.1570434570312,663.1009295423448,647.8505851576647,651.5183805547056,5284297
2022-06-28,657.4544677734375,661.0740143722521,652.7731521585026,659.2400871974296,3216376
2022-06-29,663.8731079101562,665.1278723063184,651.518400396134,653.4488252861966,5011798
2022-06-30,661.1222534179688,667.5408806109858,655.3792277838762,665.8035100516688,6505666
2022-07-01,650.0223388671875,661.9426891082027,642.8314943031892,661.0257254946108,4488771
2022-07-04,658.1783447265625,661.6530857257939,642.8796931740993,647.174900042516,4229588
2022-07-05,660.6397094726562,665.3209665475324,656.3927508946213,659.5296915294279,3494504
2022-07-06,669.8092041015625,670.7744165697795,660.3983825364469,660.6879344945331,4697006
2022-07-07,662.9078369140625,672.2704085862994,661.6048237931153,667.9269529672924,3485283
2022-07-08,670.9674682617188,672.3669792057284,662.7631623134713,664.0661755757885,2732170
2022-07-11,637.5711059570312,657.3097133911717,636.0267895196957,651.51843838332,18687521
2022-07-12,639.935791015625,643.7001427628246,637.0401539522059,640.1770941042432,7416645
2022-07-13,621.1141967773438,646.6923260929609,618.7011657098327,646.6923260929609,12030163
2022-07-14,619.32861328125,629.5115931945136,606.8773486858013,627.3881139495362,11379990
2022-07-15,629.12548828125,634.6272112485979,620.8729332861758,626.3746562535237,5567877
2022-07-18,639.9840698242188,646.6923077843599,626.5676528158262,634.1445465885439,8982417
2022-07-19,649.491455078125,653.4488023993918,640.0323263186067,651.5183775769416,7836419
2022-07-20,647.31982421875,656.3445380522082,644.9550416742703,656.3445380522082,4458819
2022-07-21,654.751953125,656.2963286545013,647.8507182822223,648.1402702840342,3550107
2022-07-22,655.234375,658.1783197734987,651.7113852977668,656.0548408380796,2415220
2022-07-25,654.8001708984375,662.6666172741332,653.0144924608419,656.3444873038062,2913348
2022-07-26,660.3018188476562,661.5083344199636,646.9336498712471,658.8540001608873,5016687
2022-07-27,651.4219360351562,660.157097327095,646.4028192818984,660.157097327095,6237523
2022-07-28,643.6519775390625,655.7654423994859,641.0941995804739,655.1862795114263,7374170
2022-07-29,654.36572265625,656.9718077764243,647.6574850599138,649.3948555027346,7669970
2022-08-01,673.2711181640625,676.5189283288264,656.4017486091443,657.274324652026,8812526
2022-08-02,665.8543090820312,678.942592909021,660.3766554290518,678.6517539920574,6236599
2022-08-03,672.0107421875,675.5978544222158,666.0482776049458,667.0177801924349,5237250
2022-08-04,673.1256103515625,677.197532906723,659.9403993073412,676.9066939757273,6352142
2022-08-05,682.1904907226562,688.3468082253165,675.1130747920523,676.7127776637618,5811092
2022-08-08,682.869140625,688.2014049873479,677.6823253238499,686.3593855300555,5918607
2022-08-10,693.4367065429688,696.1028385849025,684.4688078564641,692.1279017555156,12201239
2022-08-11,688.1529541015625,697.4602148424794,684.178016992899,696.8784777609409,7142902
2022-08-12,688.0559692382812,690.770564534335,685.0989983055489,688.2013591160448,4540159
2022-08-16,682.6268310546875,694.1639369159466,679.1366449855036,693.1944342107568,6679663
2022-08-17,700.90185546875,702.5500215799728,680.8816048526583,685.4382785106021,8812954
2022-08-18,710.8392944335938,713.5538897882575,698.9144246862827,702.8893615441395,10354897
2022-08-19,709.9667358398438,715.1050877394601,703.8588813488378,707.9308040674225,13743828
2022-08-22,705.4100952148438,712.0027604873383,702.3077341145463,709.5304814232803,8118490
2022-08-23,715.1051025390625,719.9526155963331,700.5141000714267,702.889393304238,8229797
2022-08-24,716.219970703125,731.1987961383641,696.1027938610406,700.8048573088525,14922081
2022-08-25,718.4014892578125,731.0534874565508,712.8268488216014,722.0855876243851,9849958
2022-08-26,708.5609741210938,718.8862008096377,705.797915292537,718.8862008096377,5928897
2022-08-29,698.62353515625,702.7924435873202,693.2912709687097,695.8120131797917,5878942
2022-08-30,704.4405517578125,707.8338107916627,690.0919253922798,699.9808635542488,8894800
2022-09-01,712.6328735351562,723.2489388285817,704.3436381487461,704.3436381487461,11869518
2022-09-02,712.5844116210938,718.3045006355765,697.7025703676197,702.8893856126434,5693707
2022-09-05,717.8197631835938,719.3224804091459,710.8877957843207,712.5844253685315,3660135
2022-09-06,738.0338745117188,741.6695093615302,717.819768416265,717.819768416265,10166270
2022-09-07,730.1323852539062,738.6640554829893,665.2726967414533,732.4592151661549,126794211
2022-09-08,746.3230590820312,752.3339867906219,733.9619014382421,735.8524432655696,10648073
2022-09-09,742.3966674804688,751.1706547847311,739.6336085481793,749.4255618183511,4627905
2022-09-12,745.6929321289062,747.8743129311342,741.1847214681385,743.6084779150585,2654087
2022-09-13,760.3323364257812,764.840546725024,746.5169257862309,750.3949357903152,8335652
2022-09-14,759.4598999023438,764.3559357701447,752.091703211664,752.3340788814068,6645392
2022-09-15,761.1564331054688,766.5372196306804,758.1509988511303,763.968014187584,5485310
2022-09-16,755.8727416992188,763.9680649104346,752.7703214790469,763.9680649104346,20211162
2022-09-19,758.878173828125,762.029057334917,748.6499330485184,749.9102746164864,5760313
2022-09-20,767.9915161132812,772.6451168061222,761.0595487828951,762.7077150544984,7936714
2022-09-21,756.4059448242188,772.693576765711,755.2425298625958,767.9915127974243,9966193
2022-09-22,760.18701171875,770.5607020111631,752.6733661068906,767.0705161061205,7721133
2022-09-23,747.8258056640625,763.9680475981654,745.2566592823497,763.9680475981654,9271829
2022-09-26,732.02294921875,747.6319770717967,730.2293930220814,746.4685620806155,13144297
2022-09-27,737.4036254882812,741.6694604334732,734.1073522794878,735.7069960036296,5965026
2022-09-28,738.2277221679688,747.486459605901,731.9744189396307,732.4591702104517,5546932
2022-09-29,741.3302001953125,745.5475129122497,736.1433256870603,740.6515365282639,5413233
2022-09-30,775.5051879882812,784.3276383721659,738.2277995213816,742.5905614159116,7469164
2022-10-03,778.8499145507812,790.6778584777533,773.7115624438268,778.8984370213025,12619046
2022-10-04,784.0368041992188,791.8412886900959,782.8733891854943,788.2056537557979,5772140
2022-10-06,764.5497436523438,790.9686900884585,762.6592608793967,785.8303380292107,6503205
2022-10-07,768.9124145507812,772.4995856610487,760.7686289970858,767.845985462689,6025982
2022-10-10,768.1854248046875,770.5607182053634,755.9212514073163,761.0111404771584,3519416
2022-10-11,756.5029296875,773.1783876252647,752.3340799964958,773.1783876252647,3699862
2022-10-12,751.8977661132812,757.5208696316345,745.7414479737794,756.5029036869427,5984299
2022-10-13,745.4506225585938,755.2425758025818,744.2387442277167,751.3645651437752,2842056
2022-10-14,742.5905151367188,756.163551296034,739.7789339770782,756.163551296034,3608210
2022-10-17,742.6389770507812,747.4864899558124,736.6765125080963,737.7914641457501,4566333
2022-10-18,759.2659301757812,761.6411640357185,745.2081434882487,746.3714991854675,4391263
2022-10-19,759.5083618164062,764.5982504751646,755.727278000403,763.9195868192483,5219180
2022-10-20,768.7186889648438,769.7851182299205,754.5639145107759,758.15108621637,4756732
2022-10-21,773.1298828125,778.3651615013437,765.6647007394557,765.9070763965433,4807736
2022-10-24,777.6380004882812,782.8733381216878,775.6020687273686,775.6020687273686,522406
2022-10-25,777.8319091796875,781.7583827993933,774.3417235563361,781.5645296221171,3184277
2022-10-27,792.1805419921875,797.1250407015173,779.6739940953365,781.9038382158224,8159181
2022-10-28,791.9381713867188,799.2579633210171,786.557443816972,794.0226256363355,3905093
2022-10-31,806.6261596679688,808.3712525055789,794.9921285189115,797.9006363061758,5487233
2022-11-01,810.06787109375,815.7879600008483,796.0100836454067,802.7481384295334,10488759
2022-11-02,785.1516723632812,804.6871738065153,782.6309892232644,804.6871738065153,11729925
2022-11-03,793.683349609375,799.2579897170575,779.6740248083631,785.0547525558121,5897840
2022-11-04,791.501953125,796.7372317058346,784.5215225101441,790.8232894644076,3768226
2022-11-07,797.60986328125,798.9186682241891,784.3276647869441,792.0836861939844,7171570
2022-11-09,794.071044921875,800.3243481504086,789.6113568996785,799.0640066809825,3969171
2022-11-10,800.5668334960938,805.3658835697844,792.616899730169,794.7982807478696,4425290
2022-11-11,801.6817016601562,811.376727394715,798.6762081781984,805.4142628984649,4325441
2022-11-14,796.834228515625,805.4627663452762,792.0836419993747,793.053144621161,10406576
2022-11-15,809.7770385742188,813.1702976403783,797.5613296055412,797.5613296055412,6229710
2022-11-16,815.5455932617188,818.3086519829337,802.7966104912177,811.9584218320109,3445345
2022-11-17,820.3447265625,823.4956103117197,812.831080698976,816.127354347757,4545534
2022-11-18,811.7645263671875,825.8707775574455,805.7535983293432,824.0287580962269,7405949
2022-11-21,825.2406616210938,826.7918421805173,809.5347069685124,811.4737122546646,5527122
2022-11-22,821.7503662109375,834.3054365036278,819.3266097518753,827.373528534955,7601660
2022-11-23,817.5330810546875,825.8707798839393,815.9333780685696,825.8707798839393,4596816
2022-11-24,822.4774780273438,825.0466834962114,812.2007744993549,820.1991706672089,3455310
2022-11-25,821.0233154296875,833.7722992564212,815.9334263935291,826.0162778679894,2991065
2022-11-28,811.8615112304688,826.5494403029468,810.5526471995839,814.6245700060977,3668846
2022-11-29,810.3587036132812,819.0357634939478,809.5346500940592,813.412660393911,2680296
2022-11-30,822.8652954101562,826.0161787210052,807.2078054421341,809.3407229026876,6874390
2022-12-01,822.7198486328125,827.1795959124404,815.9333307137504,826.9856835657191,4506664
2022-12-02,822.7684936523438,825.9678407417009,813.5096954875198,825.4346260890997,3505272
2022-12-05,818.357177734375,825.6284477385559,815.2062940658966,825.0467698077201,3311316
2022-12-06,807.9349975585938,819.2297269307463,804.396348443554,819.1328003367022,5567349
2022-12-07,808.565185546875,815.933381793632,806.6261803057554,812.0069080151135,3771882
2022-12-08,807.2078247070312,814.5760798217273,801.0999702857476,807.5956494086569,4822179
2022-12-09,809.4376831054688,811.0857900616527,798.8216186047445,804.9779359789891,4615843
2022-12-12,803.135986328125,811.4252218143943,800.2274784961888,807.2078499538409,3149823
2022-12-13,812.4915771484375,814.3821189020648,796.9310734970206,796.9310734970206,3832999
2022-12-14,803.9115600585938,816.3211813850431,802.8935941730876,815.01237655707,7491333
2022-12-15,801.1484375,805.6566481900547,799.2094323298675,803.7176430199222,2996482
2022-12-16,797.6582641601562,807.3048268650276,794.8952054196182,799.839645010184,4309644
2022-12-19,814.77001953125,819.2781711768815,796.9311477848175,797.6098114485801,6397169
2022-12-20,803.669189453125,814.1398056638297,796.931134570608,814.1398056638297,2828863
2022-12-21,789.1751098632812,807.6441224055543,787.5754069170345,807.5956591107042,5079337
2022-12-22,791.69580078125,799.5488073582989,784.8123559795246,794.0226306945407,3626834
2022-12-23,783.9883422851562,793.0047051033788,780.4496339400292,789.1751577977439,2804496
2022-12-26,786.2666015625,790.3385242808026,776.7170247074708,780.4980493093831,6023206
2022-12-27,789.9507446289062,794.4589556051742,780.4496305268073,790.1446569929788,1782053
2022-12-28,779.2861938476562,789.0782058104647,777.0078863609536,788.2056297832735,2907741
2022-12-29,795.71923828125,799.597248580519,736.918883449088,782.4370411715056,6110313
2022-12-30,781.5160522460938,799.6457633980757,780.4011597174627,799.5488368038452,3113243
2023-01-02,788.6903076171875,791.3079762811502,781.031213965915,781.6614142794805,1626846
2023-01-03,792.6653442382812,793.8287592548911,783.842893778669,785.6364500145393,1717603
2023-01-04,787.042236328125,795.4284578870157,781.6130451790569,793.9742039177569,2970216
2023-01-05,782.4854736328125,799.8395927077241,779.2376638046463,799.8395927077241,5297349
2023-01-06,771.7240600585938,787.47847711381,767.8460497065405,782.921803115399,3199618
2023-01-09,794.4104614257812,796.4463932350345,776.6200530476913,778.2197560219211,4340729
2023-01-10,768.6701049804688,800.9060661050337,766.1978852101753,800.9060661050337,8392344
2023-01-11,742.2027587890625,755.8727819698776,728.7267071511633,751.3645708751279,28389020
2023-01-12,733.8165283203125,745.838324838356,730.5686591648848,741.6694755686011,12732671
2023-01-13,740.9908447265625,742.5905477279014,729.0659742694048,733.9134873961962,12279288
2023-01-16,735.9978637695312,744.6748640086155,731.6351024174268,743.026757059033,5779293
2023-01-17,742.34814453125,745.4505646520488,735.6100897002358,735.9979144054889,6594428
2023-01-18,752.8672485351562,756.2120444124987,742.6390077179154,744.7719253189559,5800899
2023-01-19,748.4559936523438,752.8187552733742,742.2996759232751,752.3340039821486,4169463
2023-01-20,741.1363525390625,752.1886478400054,735.1738872509724,752.1886478400054,6289718
2023-01-23,749.1347045898438,752.3340514791685,740.5545706892169,744.481103735031,2685320
2023-01-24,751.9946899414062,753.8367093148988,737.7914536619912,749.4254844687506,5012125
2023-01-25,752.8187866210938,756.6967971123808,744.5780143271088,751.3160693904688,6560514
2023-01-27,750.8797607421875,755.1455958348809,742.4450763206643,751.3160487452175,6745926
2023-01-30,746.7109375,751.3160749927421,739.7305067288842,748.0682056778247,5420851
2023-01-31,746.807861328125,755.2425460130842,744.9658418420958,751.3645355072404,8537557
2023-02-01,745.6444091796875,760.7202216087921,733.5256269529096,752.2855373442065,4472974
2023-02-02,754.0307006835938,757.1815843572957,741.7180049546861,741.7664682533782,2841909
2023-02-03,768.7186889648438,770.7061575990759,754.6609002818036,756.1151542834974,5493687
2023-02-06,765.179931640625,770.415269381531,755.0486175750946,765.616219647991,2407975
2023-02-07,761.93212890625,771.5786325878756,759.120547652853,769.6881498273519,4126502
2023-02-08,751.46142578125,757.1815146704078,741.6694733967503,754.273006931597,9951783
2023-02-09,743.2691650390625,751.4614143733536,738.0822908126801,746.5169749619331,5913945
2023-02-10,748.4075927734375,749.6194711025694,737.7915267754929,745.499084783521,2954992
2023-02-13,745.15966796875,755.82419647255,743.3176485496116,747.4864978572577,3705892
2023-02-14,751.5584716796875,753.8852425526687,742.8329477650791,745.5475433704303,3502010
2023-02-15,761.4474487304688,763.144078465453,748.6500011804085,751.3645969216336,3602838
2023-02-16,760.5263671875,766.3918463972841,756.793746473095,765.5677928125918,3399428
2023-02-17,753.109619140625,763.4348456549831,746.8078521461091,761.9805917331718,3093216
2023-02-20,755.387939453125,769.5911163806722,753.4004118762373,757.4238711492783,3381774
2023-02-21,755.291015625,763.9680760391274,754.4184987581361,759.1690261632697,2769616
2023-02-22,748.6015014648438,757.8117767210191,743.1237877745673,753.3035656892874,3261898
2023-02-23,739.6820068359375,753.7882575705153,738.6155184913999,750.3949985332204,4062194
2023-02-24,734.0103759765625,752.1400859666156,731.974444238244,752.043159378597,4357223
2023-02-27,729.9385375976562,731.3927915103834,715.9292130703031,730.0354641890075,6719439
2023-02-28,719.6133422851562,734.0104329746132,717.0926590635243,731.9745010781986,10562614
2023-03-01,727.3208618164062,730.4717452640741,718.4014260682596,719.7587533767521,3744982
2023-03-02,717.5288696289062,728.872062184627,713.3600201730414,728.0964719187965,4910541
2023-03-03,741.0877685546875,742.5420223711812,720.8736050011814,722.2793955252065,5759333
2023-03-06,743.2206420898438,752.2370632764253,741.7663882434584,743.3176278505138,4597345
2023-03-08,743.1721801757812,746.4200492763146,737.5006138338476,740.6999604670856,3546995
2023-03-09,749.8133544921875,770.7545875407789,746.7109342547587,770.7545875407789,5240056
2023-03-10,750.1526489257812,755.1940743623575,744.7719212431948,749.4255219639792,4113931
2023-03-13,741.9603271484375,754.0791096354228,739.8759320649216,753.7398073952842,3447889
2023-03-14,748.2620849609375,753.0611346022921,740.6999766155792,740.6999766155792,3753502
2023-03-15,733.5741577148438,742.2026952536219,729.5506983005664,734.882962540637,8101060
2023-03-16,723.2005004882812,735.8524980066104,720.8252072041039,727.1269743148324,7465693
2023-03-17,734.1558837890625,736.2888014598446,716.6079094439262,727.1269895566812,9306857
2023-03-20,731.7805786132812,736.6280917985491,725.9635627909599,731.9260276783373,3566109
2023-03-21,733.8650512695312,742.6390385191136,732.1199583140268,736.822022551601,5332221
2023-03-22,733.6226806640625,739.9244480056649,730.180958027629,737.7915303014502,2680654
2023-03-23,740.2637329101562,742.4451138618634,733.7680533525457,734.8830050640275,2454948
2023-03-24,739.197265625,743.6084905988889,735.7070207776568,740.2636948103384,2336818
2023-03-27,738.5186157226562,746.2261733335719,736.1917857811085,739.7304939893492,2258853
2023-03-28,725.624267578125,742.2512024606756,720.1465539561249,742.2512024606756,4166723
2023-03-29,720.922119140625,731.877546003227,716.316981730259,728.096462144166,4891868
2023-03-31,726.157470703125,730.0354812275742,719.4194155821455,729.2114276606266,5796532
2023-04-03,737.355224609375,738.6640886839983,729.114452129229,731.9744967659111,2120667
2023-04-05,740.166748046875,744.577972900535,732.9439420739641,744.577972900535,3197932
2023-04-06,742.5905151367188,745.2566472394413,735.9493869402373,739.3426459800661,1777379
2023-04-10,746.274658203125,752.6248886694224,743.0753113213163,745.4990679247692,1701065
2023-04-11,750.5404663085938,752.3340224606845,744.7234506710112,752.3340224606845,3485481
2023-04-12,747.5834350585938,750.9282308806487,741.7664194284957,750.3950162826383,3794841
2023-04-13,743.656982421875,747.6319787193585,742.1058018793781,746.5170270224893,4292170
2023-04-17,736.482666015625,764.9375433569343,731.3442549506595,764.9375433569343,9083437
2023-04-18,736.5796508789062,741.6695398780695,729.5992198453044,741.6695398780695,4051481
2023-04-19,741.3302001953125,743.4630586149741,732.9439788838241,738.1307942183325,3429794
2023-04-20,748.746826171875,750.152616739123,739.3426393679902,740.6999666412795,2355441
2023-04-21,741.8634033203125,751.6068926413793,741.136276368386,746.1291792673691,4524208
2023-04-24,737.0642700195312,743.9962365113074,732.6045822229424,741.8633191927812,5271105
2023-04-25,749.0376586914062,753.3034936505582,738.5185795216379,741.6209995670447,5773233
2023-04-26,749.86181640625,756.1151201661215,743.7054392392857,756.1151201661215,5057352
2023-04-27,762.5138549804688,765.1315240414704,747.8258657636665,748.4560661728186,4129769
2023-04-28,774.9234008789062,777.5895329756942,763.1924433225362,765.7615896570142,6572656
2023-05-02,766.1009521484375,782.1946713405041,764.5012492186048,775.8444412630091,6301210
2023-05-03,755.5333251953125,770.2697757864532,753.4973935103067,770.2697757864532,3908267
2023-05-04,765.0344848632812,768.5247297588819,750.0557168977118,755.5333711326754,2457671
2023-05-05,763.2893676757812,766.8280757542876,756.4543863369626,765.0344604810927,1438467
2023-05-08,769.5426635742188,771.0453807203085,761.2534284501517,765.8101023558274,2489174
2023-05-09,769.3972778320312,774.0024154103229,766.3918432925391,772.5966839096303,2486331
2023-05-10,771.7725219726562,773.2267758520748,764.0165012824242,772.6935612643697,2737334
2023-05-11,764.5497436523438,770.3182960850698,759.799216311197,770.3182960850698,4808171
2023-05-12,767.797607421875,769.4942369973248,760.5748011087828,763.4833089524111,2576010
2023-05-15,772.7420654296875,778.0258666391196,765.4707956480134,768.8155915823326,7569060
2023-05-16,763.3379516601562,776.8140632919125,760.0901411804797,776.4262385299731,4846217
2023-05-17,768.0884399414062,773.3237776856066,759.993116847242,763.9680538640936,6529233
2023-05-18,774.971923828125,778.5106321893934,770.4153086873084,773.6146556149814,11383252
2023-05-19,781.1766967773438,783.6973797930737,769.0579146368326,774.9718566519057,3432240
2023-05-22,777.3956298828125,779.4800841255307,775.1173224606489,776.5715763489428,9996762
2023-05-23,775.5536499023438,784.2791736758401,773.6146446193445,784.2791736758401,6516636
2023-05-24,776.9594116210938,778.413665529164,770.754571277164,778.413665529164,9104329
2023-05-25,797.60986328125,800.3244589389647,773.5176862813829,775.2143159641729,9570396
2023-05-26,793.004638671875,804.0569324615277,788.5934138147607,802.6512010745422,6150206
2023-05-29,796.2039794921875,804.1054490464463,793.053096163908,804.1054490464463,3684829
2023-05-30,793.4894409179688,801.148476205777,788.0117273782038,796.2040364525558,5148256
2023-05-31,823.9803466796875,861.6455019123487,793.0531876954162,794.0226903698606,47342125
2023-06-01,802.6996459960938,812.3946714705952,797.9005965514676,812.3946714705952,9713155
2023-06-02,810.9889526367188,813.7035481748123,801.7302143248082,807.401781059285,6834131
2023-06-05,809.0499267578125,815.6909959562494,806.7716192974345,812.9279371916426,5298053
2023-06-06,804.1539306640625,812.6855415741426,800.9545839695002,809.049906881744,2722174
2023-06-07,818.5025634765625,821.6534469012576,802.0210194089267,803.6207223555764,4110739
2023-06-08,810.504150390625,823.4955085281051,809.0983598261323,821.847342320553,4050621
2023-06-09,808.0803833007812,814.1882375905623,803.6691584900361,812.976359391251,3332436
2023-06-12,810.8434448242188,817.387587123893,806.3837567043073,809.3891909798467,1569715
2023-06-13,808.9044799804688,818.2602038479911,807.3532994720553,812.5401147724474,3224345
2023-06-14,802.6996459960938,808.5166612807947,794.0225863616671,806.626119478519,5108720
2023-06-15,804.3963012695312,808.3712381721482,799.0640370874277,801.7786324726594,3865201
2023-06-16,812.249267578125,814.3821851358484,795.7677233551376,797.4158896121849,4907797
2023-06-19,802.8936157226562,814.3821980615268,802.2634153522778,814.3821980615268,3017364
2023-06-20,805.8505859375,808.2743424765482,801.6332140553098,802.845092324834,2691557
2023-06-21,813.4127197265625,815.1093493565047,805.075020643202,806.6262012067938,3022724
2023-06-22,817.0968017578125,817.7754654310934,809.2438541528682,811.1828594058168,4380046
2023-06-23,828.7308349609375,836.4383926918325,815.6910127735891,818.260218408469,7667340
2023-06-26,825.9677124023438,831.2029906877177,820.5384625977553,831.2029906877177,4431992
2023-06-27,838.5228271484375,844.7760716147837,827.5674003675284,830.3789815929152,5533649
2023-06-28,845.6001586914062,846.957426793673,837.2624010328767,842.982489901243,6272649
2023-06-30,851.950439453125,856.0708256467817,840.6072468028977,853.162317745377,5217511
2023-07-03,852.3381958007812,857.1857085809171,847.9269118318657,853.1622493039084,3333167
2023-07-04,838.7651977539062,847.1513597366053,827.2765564438464,847.1513597366053,7397493
2023-07-05,840.2194213867188,844.4367338737677,836.7291766494715,841.5282261795986,4284477
2023-07-06,843.1279907226562,851.1263874663905,837.1170625471615,837.9895794149583,6365222
2023-07-07,843.903564453125,856.6524883571523,836.1960068164162,838.6197633579131,18763997
2023-07-10,858.397705078125,862.469569035621,838.6198265399382,840.5588319192213,4310681
2023-07-11,864.6994018554688,865.911280118427,859.2701517331698,862.857323226275,3353977
2023-07-12,862.808837890625,868.3834777578325,856.167709675011,862.808837890625,3033186
2023-07-13,858.0582275390625,866.0566236464394,856.3131347685646,864.166081822675,4228714
2023-07-14,859.4640502929688,863.0996850234806,852.8229811880643,858.0097964007641,3860080
2023-07-17,851.3202514648438,869.3045729226673,849.28431957372,858.9793460528722,5614592
2023-07-18,848.7510375976562,853.356174809803,836.826167809372,850.302218041725,4731911
2023-07-19,844.1943969726562,850.2537882802407,840.752674544697,848.7510710707083,6641825
2023-07-20,857.8644409179688,859.6580564182476,841.5283440830902,844.4368521847599,3779959
2023-07-21,858.9793090820312,864.6993981280341,848.1208680579838,851.3202148236536,7001587
2023-07-24,861.063720703125,865.377959747964,853.9378413963733,858.0097639754114,4125577
2023-07-25,856.7009887695312,867.4139805723717,852.2897046385892,860.9183013736554,3652262
2023-07-26,862.275634765625,869.1590795453999,856.3616334105965,859.4640535605098,2845581
2023-07-27,867.8502197265625,873.9096105832419,861.0637019670814,862.2270576725728,3445446
2023-07-28,867.8016967773438,872.4553562916725,863.390472070886,872.4553562916725,2314339
2023-07-31,862.7604370117188,870.41947248781,858.2522259930336,866.7353742307506,4424817
2023-08-01,864.45703125,870.0316712921554,861.0637720939054,867.2200900361795,2087412
2023-08-02,851.3202514648438,863.4875570351761,845.9879869013101,856.2647504734587,3328903
2023-08-03,845.1154174804688,855.1497455930452,838.7166648978001,848.3147641849321,4642067
2023-08-04,862.5180053710938,865.7173520926486,839.7831577347351,842.4977531598805,7066276
2023-08-07,864.2146606445312,873.0855741287542,857.1372441671945,858.1552692589648,4086452
2023-08-08,858.397705078125,867.026243511686,853.5986549296498,864.79639916026,3282856
2023-08-09,856.7493896484375,870.0800493122807,851.9988036260091,858.0097310909988,3185159
2023-08-10,848.120849609375,856.943358638016,841.7221562172219,855.1012800568323,3439922
2023-08-11,847.8773193359375,850.9453042805002,842.4718758367313,849.289567317491,2812690
2023-08-14,844.468505859375,847.9260376390342,835.2646101195944,847.8286658209527,2665905
2023-08-16,834.631591796875,851.2375294234035,830.9792568594177,847.3417054901156,3962408
2023-08-17,834.3881225585938,837.4560483113703,827.8626054267071,834.8751005617859,3013019
2023-08-18,833.9498291015625,839.5500761291058,830.0540050824019,834.3881211928294,4929835
2023-08-21,849.240966796875,851.2375647564485,831.8558161056242,833.3654954988813,3220142
2023-08-22,854.7924194335938,857.032506114537,843.6406124892178,848.3155889202192,3333869
2023-08-23,845.5399169921875,854.1594037305159,844.2250407375834,854.1594037305159,1860153
2023-08-24,846.8060302734375,851.9192991175547,841.6927614293203,850.2635620789201,2842728
2023-08-25,850.7505493164062,853.136753358723,838.6734713750204,846.8060394828711,3124339
2023-08-28,847.6825561523438,852.9419421775066,843.2997542798929,851.2862051365809,3094455
2023-08-29,832.9271240234375,847.3416599121427,826.4016073970726,847.3416599121427,14064286
2023-08-30,835.4107055664062,840.134368086054,834.1445747365004,837.4559892573654,3261665
2023-08-31,834.0958862304688,837.1151258497277,824.9893625739633,833.2193021110438,12528190
2023-09-01,843.397216796875,844.9555226310459,830.5409856055146,830.930591786836,4427899
2023-09-04,842.7640991210938,846.8060402235877,837.3099694015035,843.2023912019934,3102649
2023-09-05,843.3485107421875,845.198991445372,836.0438408585637,840.62138642919,2216754
2023-09-06,857.3734741210938,859.4188174342554,843.2511118046698,844.5659881014648,4235096
2023-09-07,852.503662109375,860.6849161647449,850.4096924081529,857.3734420362485,4532834
2023-09-08,862.7788696289062,867.4539058271677,855.2794562391008,858.8343598514836,3741470
2023-09-11,867.5999145507812,869.0608484188322,860.5874200950261,864.8728498861963,2733894
2023-09-12,867.2103881835938,873.15149560806,861.9510023570922,871.5931898904943,4106031
2023-09-13,891.3157958984375,894.0915465293764,862.4866646131653,864.9215544457617,5222561
2023-09-14,891.1210327148438,896.6238483155203,886.3973105608121,896.3316734116396,5513106
2023-09-15,911.7689208984375,923.9920566447039,886.2999480632333,888.8322098509059,14003428
2023-09-18,896.2343139648438,911.4280036319391,894.0915988975468,905.1947209627322,2977375
2023-09-20,886.981689453125,895.3576867872904,881.2353256094291,887.2738643470045,5241903
2023-09-21,894.0428466796875,896.1855615880683,879.8230546117438,886.4946883163486,4896202
2023-09-22,887.6635131835938,898.3282837190831,880.2614119912647,894.0429130298404,6112928
2023-09-25,886.6895141601562,889.5626366351578,878.5569463699233,888.2478198905148,5278045
2023-09-26,888.9296264648438,896.9647632241839,884.3520215128359,886.2999334544942,5355047
2023-09-27,896.282958984375,897.0621118517843,883.8163347691661,891.1210043615408,4713145
2023-09-28,901.5423583984375,907.7269549679048,894.6759213221188,901.8832192063088,7386917
2023-09-29,902.2728271484375,912.0123867703094,897.7925940550438,907.726956758464,5608557
2023-10-03,901.2014770507812,904.0746591467149,892.1923840293892,894.3350991235884,4338272
2023-10-04,900.1788330078125,901.8345700969383,894.3837829186509,894.3837829186509,5603669
2023-10-05,904.6589965820312,905.3894635737631,895.4551600426539,900.9579757130341,7063132
2023-10-06,901.9319458007812,904.9999309922357,900.2275227934304,904.9999309922357,2420855
2023-10-09,900.4710083007812,903.8798543022572,892.6793602974075,894.0916083871303,2248103
2023-10-10,923.651123046875,929.2026839810675,897.062136877964,900.4709827828386,7897875
2023-10-11,930.7123413085938,931.8811004121299,923.3102993954607,923.797277401471,5645289
2023-10-12,925.5989990234375,931.8810266931243,922.3362704194988,930.7122676820461,5544735
2023-10-13,929.3487548828125,931.0531777503863,921.6544793024011,921.6544793024011,4421671
2023-10-16,921.8980102539062,933.7802849607709,919.2683172493909,933.0011320749472,1881721
2023-10-17,928.8131713867188,935.2412572653051,921.3623841426489,921.8980480582716,3863410
2023-10-18,928.033935546875,933.9264168063335,925.8912799385872,928.1800527226927,2334392
2023-10-19,918.3917846679688,926.5242931583757,916.8334194641325,921.1675353766442,4306963
2023-10-20,920.5831909179688,922.8232777505742,912.5967401079557,913.3758929916157,3125104
2023-10-23,914.8368530273438,924.3816098768477,912.5967661308616,917.0769399238259,2180066
2023-10-25,898.57177734375,915.1777746174395,895.0655595394459,900.5196893340426,6365249
2023-10-26,881.9171142578125,900.5196491569232,876.6090424319761,897.6465266558724,6595332
2023-10-27,890.7800903320312,894.481170507782,882.8423849869006,887.0303836933224,3508393
2023-10-30,902.126708984375,907.6782698518512,886.6407854243972,890.9749013404775,3686768
2023-10-31,890.5853881835938,899.4970498963005,888.6374761879565,896.3316929033899,5697563
2023-11-01,889.66015625,890.7314841153222,872.1289475374311,879.4823037472024,4821458
2023-11-02,899.7892456054688,901.8345889155006,892.5333208104419,896.0395387054137,6611573
2023-11-03,906.509521484375,909.3827034926146,898.1822098078761,900.9092746420058,3895154
2023-11-06,914.7394409179688,916.2003748442286,905.7790342811307,909.8696611637691,2760800
2023-11-07,912.7428588867188,914.4959677394264,908.165253949526,911.6714716549412,3616946
2023-11-08,912.3532104492188,917.2716759689886,910.0644378094457,917.2716759689886,1808553
2023-11-09,908.0678100585938,912.8889039206678,906.3147012302634,912.3532400350048,3914416
2023-11-10,911.1358032226562,912.5967371668936,904.8050894642947,904.8050894642947,1345614
2023-11-13,910.6488647460938,915.8108196838854,909.4801056508911,913.5707327613219,1656368
2023-11-15,925.2581787109375,927.8878717395428,911.8175981093002,923.3102667557565,4816316
2023-11-16,924.8198852539062,929.056629417445,918.68397449334,924.2842213561406,5310736
2023-11-17,922.6284790039062,929.1539958956386,921.3623481313145,924.089412959717,3249469
2023-11-20,936.3612670898438,939.1857036563414,917.4178121152213,924.2841896221446,4646962
2023-11-21,945.5651245117188,950.9218823173476,935.9716820380419,941.8154178260005,5704644
2023-11-22,944.4938354492188,950.8732353901588,940.7928145208957,948.9253233809827,3309732
2023-11-23,951.214111328125,955.4507959724109,938.601369767411,944.7372804212422,2749555
2023-11-24,947.8052368164062,951.7010605354144,945.7112077892185,949.6070315082266,2322104
2023-11-28,959.249267578125,962.2685073350635,945.9060587755622,948.6818095377297,5096984
2023-11-29,969.4757690429688,980.8710060149546,965.1416532092849,969.9627470142691,5647918
2023-11-30,988.2731323242188,991.6819782112029,966.8461010346036,969.0861878712252,9934052
2023-12-01,988.2731323242188,995.9186628925186,981.9424185341052,988.5653072254207,5544950
2023-12-04,1005.9991455078125,1016.8100329999928,998.4996132017866,1009.0183852375408,5164902
2023-12-05,1004.2460327148438,1018.7092558951329,995.4804284975636,1011.7455654354088,4266159
2023-12-06,997.7691040039062,1008.0443866122897,987.0556482294245,1002.2980228524142,4121251
2023-12-07,973.9559936523438,993.1429386164061,972.0080816650391,988.565333557129,13805235
2023-12-08,974.1994018554688,977.8517365287585,965.4824845461071,972.6897820796194,6630766
2023-12-11,974.7838134765625,978.4361483815986,966.213012788522,970.1575225968501,6195119
2023-12-12,969.3296508789062,974.7837803736535,961.2945143606937,973.2254746453123,7119331
2023-12-13,973.8585815429688,975.9038652668033,965.6773277565226,967.3330647663454,4153219
2023-12-14,979.0205688476562,984.8643047626496,973.1281470224825,979.7997217472108,6541673
2023-12-15,966.699951171875,984.523332889148,962.5119525414527,973.6150739761094,10119597
2023-12-18,964.4598388671875,972.787149999854,956.5708197826721,969.0861294348413,5750263
2023-12-19,962.706787109375,971.9593687924065,960.2232112835669,969.5244788758192,3912964
2023-12-20,946.2468872070312,967.7713492755003,943.7633114344723,967.0408823161857,3990591
2023-12-21,952.4315795898438,955.9864832605945,934.997743715264,942.7893915795579,4294277
2023-12-22,963.7781372070312,972.9333472835748,950.1427533584678,956.327409557114,4605120
2023-12-26,973.8098754882812,976.3908826470671,963.8755719195391,969.0862127020765,2460643
2023-12-27,994.6038818359375,997.3796921109375,972.0080906844227,973.9560026898023,4791379
2023-12-28,1009.7000732421875,1014.8133419160496,995.5777715885023,997.2335085720063,5288328
2023-12-29,1005.3173217773438,1016.0795829853465,997.7205364167932,1006.2426512992488,4631749
2024-01-01,986.6660766601562,1005.0738086978541,980.7736549717309,1005.0738086978541,3804406
2024-01-02,995.0908203125,998.7430957319624,989.5392594285636,990.9028215563916,6865791
2024-01-03,1008.2392578125,1009.9924262631365,994.7499902659945,1005.0739006424371,3604276
2024-01-04,1020.6084594726562,1031.2246030610402,1000.7884797520878,1008.287892978971,4664043
2024-01-05,1019.34228515625,1035.9482818502177,1011.8914982752682,1026.35483941116,4008221
2024-01-08,1021.7285766601562,1031.4193911832901,1018.0274963497017,1022.653787292214,4489695
2024-01-09,1036.776123046875,1040.087597100681,1020.7545950052714,1029.4714533213216,3371125
2024-01-10,1035.02294921875,1045.346977488517,1027.815770240984,1039.1622620410842,3111573
2024-01-11,1035.1690673828125,1045.9313282876392,1029.812309607599,1037.9935634425103,2604325
2024-01-12,1048.3175048828125,1050.4602793930771,1024.2120941573417,1030.542808085243,3394013
2024-01-15,1073.6890869140625,1075.9291143141684,1046.564436882113,1049.9732827828525,3312897
2024-01-16,1067.3583984375,1087.908846148748,1064.5339022744688,1078.1692862011316,5025540
2024-01-17,1056.9857177734375,1080.068426735059,1050.7037493154712,1063.5599205792155,4568700
2024-01-18,1058.7388916015625,1067.455750033071,1047.1974181694297,1047.1974181694297,4407330
2024-01-19,1095.7005615234375,1106.7549389659166,1061.4173559548856,1062.5860556640625,11753391
2024-01-23,1127.8409423828125,1142.012048412198,1105.439956480563,1115.1795155684977,18194595
2024-01-24,1158.9588623046875,1162.903431551066,1110.4071808376661,1110.4071808376661,9546592
2024-01-25,1130.32470703125,1169.3803196710523,1126.9158609598512,1155.1118401939746,11424697
2024-01-29,1131.8829345703125,1139.2849760349768,1127.840993587094,1127.840993587094,4015858
2024-01-30,1128.47412109375,1150.095896314162,1124.4809253501203,1131.8829670270381,3902023
2024-01-31,1140.2103271484375,1144.4471311790478,1116.3484033590212,1128.8150886503488,5981966
2024-02-01,1121.218017578125,1139.7231802236747,1119.0266167385205,1134.7074023036857,3606209
2024-02-02,1120.8284912109375,1144.5929199294526,1115.4717337899262,1124.9190584123605,4969983
2024-02-05,1084.548583984375,1129.4479248770983,1081.0909931615195,1124.2859113172765,7809331
2024-02-06,1104.5147705078125,1125.9904274400494,1093.752509919659,1095.7004217806023,9863065
2024-02-07,1104.7581787109375,1118.3448153911254,1102.3232890627967,1109.1409800775912,2770694
2024-02-08,1112.40380859375,1116.6404931847862,1087.1295804355839,1114.5952094744005,6519392
2024-02-09,1091.07421875,1116.104840617232,1087.1783947151862,1116.104840617232,4203171
2024-02-12,1089.5645751953125,1099.5963699711601,1082.3573956068903,1093.655261901001,3887976
2024-02-13,1088.7366943359375,1095.7005035366376,1075.052683826437,1082.065119492626,3211554
2024-02-14,1086.7886962890625,1091.9507102534951,1075.9290639355402,1081.0910778999728,4653070
2024-02-15,1091.512451171875,1101.9824782632727,1080.5068196104696,1093.0708758983699,5056712
2024-02-16,1090.8306884765625,1097.6971256345778,1087.7627033870003,1094.7265123639788,3091952
2024-02-19,1112.452392578125,1115.1795166819104,1089.2235679084297,1091.853320199459,4711035
2024-02-20,1114.1568603515625,1121.6076471399647,1105.4400021640683,1115.1795616545007,5397418
2024-02-21,1110.21240234375,1128.9610542319738,1103.1024764089161,1124.9191132934343,4570259
2024-02-22,1105.975830078125,1109.0924418533402,1069.0628723405234,1107.9723686278003,8642368
2024-02-23,1096.4310302734375,1102.3721384380674,1086.2532370425372,1097.6484753436944,6709844
2024-02-26,1081.139892578125,1096.5770712174456,1075.5882721090734,1088.9801669507904,3186134
2024-02-27,1098.1353759765625,1101.5442219330307,1072.6177766588735,1084.0130141569084,7149094
2024-02-28,1099.352783203125,1122.6303542846065,1094.2395144440407,1103.881702167964,5302711
2024-02-29,1094.093505859375,1108.3132404224596,1070.3776998012384,1089.7107036308896,13818650
2024-03-01,1099.3040771484375,1111.0402943714844,1088.2984458081996,1098.6223555126314,5927490
2024-03-04,1103.9791259765625,1119.318932976237,1102.5181919765935,1102.5181919765935,5855090
2024-03-05,1138.457275390625,1149.0246749847972,1103.5409740167365,1103.5409740167365,5375008
2024-03-06,1162.6112060546875,1165.4357021756023,1127.207929951227,1143.3755754449699,5464839
2024-03-07,1168.454833984375,1181.9928446371614,1158.4717861092452,1178.3405100486991,8903981
2024-03-11,1165.4356689453125,1186.5705844485385,1155.1117596273702,1155.1117596273702,6679208
2024-03-12,1172.8865966796875,1176.5389319402636,1166.6046275879453,1168.7472833843678,4249548
2024-03-13,1138.31103515625,1180.4346306818181,1121.7050383810565,1180.4346306818181,7528096
2024-03-14,1163.48779296875,1168.4549447015017,1133.246531045428,1143.3755781509958,8569080
2024-03-15,1188.226318359375,1190.953442712055,1156.9136092243868,1159.0076383997182,10115416
2024-03-18,1193.3883056640625,1198.5015745411251,1183.551255187682,1193.0960713146433,4141080
2024-03-19,1196.3587646484375,1208.0949813753457,1182.966870366786,1184.525176104975,7703719
2024-03-20,1199.718994140625,1206.7314294672847,1191.7812293211134,1196.26140294043,6596032
2024-03-21,1189.0054931640625,1210.5298962763454,1182.4799168444927,1205.7574882554325,9952250
2024-03-22,1203.906982421875,1212.575214561218,1190.1742266616934,1194.9952612836244,7840007
2024-03-26,1181.505859375,1201.8615611335201,1178.4866199121227,1193.095958175496,10898138
2024-03-27,1192.9013671875,1196.261467861563,1179.0224940614855,1179.0224940614855,5779169
2024-03-28,1196.602294921875,1206.2444829155709,1188.5185316112454,1194.9952437744073,10518377
2024-04-01,1185.645263671875,1199.8163704408694,1176.5387992275982,1196.0179184201083,5461473
2024-04-02,1176.7823486328125,1195.774490820555,1171.8638232277463,1193.0961117940785,3625577
2024-04-03,1193.77783203125,1208.289800335749,1158.4719267240346,1163.877430127516,9532291
2024-04-04,1175.418701171875,1200.8876727542518,1170.013317045236,1199.8649714618873,7327626
2024-04-05,1159.9815673828125,1179.8015477156234,1157.9849100756255,1174.4935352030195,4227519
2024-04-08,1173.32470703125,1179.0224445566369,1152.2872819017819,1157.059689922952,4827733
2024-04-09,1173.0811767578125,1183.3077140613948,1167.0914428785984,1183.3077140613948,3372798
2024-04-10,1197.3814697265625,1198.647541127975,1177.2692555637361,1181.6520573424636,6442196
2024-04-12,1193.6318359375,1199.7676874675049,1187.7880998759063,1194.1674404084774,7877073
2024-04-15,1192.6578369140625,1202.8356292978308,1178.8275907324091,1179.0710797261943,4281602
2024-04-16,1184.7686767578125,1201.812906011378,1180.483365658374,1192.0247199747096,5235632
2024-04-18,1232.7847900390625,1248.4654576451017,1184.1357360648326,1188.2263036521085,19939924
2024-04-19,1255.42919921875,1262.7338687254532,1220.7076463853323,1246.6635958107058,13103862
2024-04-22,1263.7567138671875,1271.4022450429457,1254.6988750913729,1270.0386828015914,7894656
2024-04-23,1307.3897705078125,1315.8145134133665,1268.1880427765852,1275.882318705781,12074766
2024-04-24,1301.5947265625,1318.7363271250476,1298.8189759446304,1316.7884152681422,6277492
2024-04-25,1303.8348388671875,1308.802109539023,1289.8585941609256,1296.3354252856163,8512627
2024-04-26,1291.465576171875,1310.6524606294493,1287.5697524126838,1303.1530474494486,5289771
2024-04-29,1297.7476806640625,1310.9448325901958,1285.6219754970716,1290.0047776862662,3195888
2024-04-30,1287.862060546875,1300.0365104919558,1285.5731688443097,1288.689899364918,5272565
2024-05-02,1270.0872802734375,1285.5244580124624,1259.909369452641,1280.9955391518947,7995432
2024-05-03,1244.1314697265625,1276.3693908840598,1225.382815949746,1271.9865887024664,11290875
2024-05-06,1249.9749755859375,1264.6329399569881,1240.0405544706666,1241.7937225766252,5555467
2024-05-07,1252.653564453125,1260.7373281202838,1237.898106906504,1252.8483081015418,5767030
2024-05-08,1255.0396728515625,1265.5584451663512,1241.501660726953,1242.913968256028,2682816
2024-05-09,1242.2320556640625,1261.565176178905,1236.972788702863,1249.5854705648264,4809145
2024-05-10,1267.2628173828125,1274.421369889411,1238.6284884653103,1241.842590680244,5532513
2024-05-13,1252.4586181640625,1268.9672430069998,1248.0271898844126,1267.262820078417,3703942
2024-05-14,1250.8516845703125,1266.0453737387672,1247.345348008193,1256.9389093085642,3262908
2024-05-15,1275.784912109375,1283.9174204462504,1247.150583638478,1248.1732849339446,6891004
2024-05-16,1310.068115234375,1321.5120975653526,1286.8880351241648,1293.4134923862373,11932181
2024-05-17,1309.43505859375,1324.5801215101071,1304.3705350973612,1318.346779513014,6614017
2024-05-21,1309.2890625,1327.25850265144,1300.9616913716097,1320.6842998314826,5422220
2024-05-22,1312.7952880859375,1315.8145278431066,1294.9232196466014,1307.1950412057763,3026723
2024-05-23,1338.2642822265625,1341.4296392096985,1309.289091380934,1315.57105999102,7147341
2024-05-24,1352.337890625,1361.3469835225737,1338.264274141451,1339.6764627689502,5622368
2024-05-27,1348.2958984375,1370.356024529577,1342.1113019202255,1359.6425090570644,6553974
2024-05-28,1335.3424072265625,1350.8282123498093,1331.3004660911097,1348.7343020848566,2068963
2024-05-29,1341.2347412109375,1354.0422859822663,1320.1973160575162,1320.1973160575162,4445083
2024-05-30,1341.283447265625,1350.3411661777993,1327.988924899303,1342.8904983457046,7100303
2024-05-31,1336.998046875,1351.8508752959387,1303.1530771945002,1344.0592275997085,24825643
2024-06-03,1354.8701171875,1383.4557009409755,1348.929009587754,1378.439922841316,6017122
2024-06-04,1265.8504638671875,1360.6164226043009,1187.3010138955774,1354.8700588880947,19924421
2024-06-05,1309.337646484375,1313.6230764062013,1246.5174882428921,1291.1247179304962,12175520
2024-06-06,1334.904052734375,1340.4069278421582,1294.3875074312286,1323.6061870572157,10279789
2024-06-07,1388.1307373046875,1393.3901232870458,1327.6480957353415,1334.9040201086787,12280748
2024-06-10,1388.9100341796875,1399.2339442454434,1384.040254064603,1384.040254064603,5318477
2024-06-11,1390.07861328125,1397.237165651298,1376.1997411570546,1388.861168358075,4416792
2024-06-12,1400.938232421875,1410.1420683969143,1385.0627032185396,1387.8871991916067,4876138
2024-06-13,1388.6177978515625,1418.0312221486088,1383.4557833804304,1411.2622753546652,7990376
2024-06-14,1390.2247314453125,1396.6528168660566,1383.9426443025695,1396.6528168660566,3978442
2024-06-18,1391.1500244140625,1406.3924595439912,1381.0696036242239,1406.3924595439912,8671131
2024-06-19,1356.0875244140625,1397.4320252533494,1352.143074205882,1396.604067594436,8640918
2024-06-20,1345.1793212890625,1370.307314158704,1340.4069132239758,1369.3333581817928,8742855
2024-06-21,1379.17041015625,1386.8645672692987,1337.0954405734203,1348.8802841285958,43929578
2024-06-24,1382.82275390625,1386.718577843001,1353.1657228530653,1365.486289831263,6195831
2024-06-25,1378.0989990234375,1396.652908438851,1373.1318471858735,1396.652908438851,6353748
2024-06-26,1421.48876953125,1441.4061220000974,1372.255246606662,1378.0989825554032,9579826
2024-06-27,1437.3642578125,1450.220428968199,1402.5453321337807,1425.8715298921716,19675528
2024-06-28,1406.441162109375,1496.2398547362907,1399.2338641732695,1496.2398547362907,29145832
2024-07-01,1416.1319580078125,1428.5986417833064,1411.505667223399,1412.236134189359,6011806
2024-07-02,1381.994873046875,1435.0268506691887,1380.095706328558,1423.9237280538828,7792632
2024-07-03,1382.871337890625,1395.0945326731442,1371.7682162337367,1390.7603573419824,8261388
2024-07-04,1385.988037109375,1403.567870353912,1374.73879853411,1381.0695120944865,9570938
2024-07-05,1392.4647216796875,1396.2631735197538,1379.949411972083,1385.4522866604134,4881198
2024-07-08,1397.77294921875,1401.3765387902226,1386.085477452533,1393.7310081213777,3261797
2024-07-09,1398.16259765625,1404.1037055387903,1390.9552994043142,1398.6008303042868,2897480
2024-07-10,1407.4151611328125,1411.0187507655528,1389.0073690098313,1403.4705917882047,3416762
2024-07-11,1400.5,1413.0640563339296,1390.8091852363468,1412.2362175018927,4178558
2024-07-12,1395.92236328125,1409.898607364941,1384.4296355317363,1404.4444778311965,6342135
2024-07-15,1400.1590576171875,1402.4965756882227,1388.909937667686,1395.9223729896842,3324806
2024-07-16,1428.306396484375,1434.9293444813864,1407.3663436208128,1414.1840352508098,6967651
2024-07-18,1445.0098876953125,1447.249915229654,1421.05059313541,1427.819539987499,6470342
2024-07-19,1423.6800537109375,1441.454749096759,1414.1352382212883,1441.454749096759,3858596
2024-07-22,1427.235107421875,1433.6631930690987,1411.3109510325157,1412.2361616509463,3560584
2024-07-23,1427.5272216796875,1431.7152799188873,1391.2473616953482,1431.7152799188873,2936143
2024-07-24,1417.3006591796875,1437.1693844542099,1399.1364757187496,1427.8194310577016,4529339
2024-07-25,1411.4083251953125,1416.1319878966633,1402.593976063583,1407.3663841201364,4277756
2024-07-26,1474.958984375,1480.4131141753182,1411.4083556250398,1412.479683442602,9564987
2024-07-29,1442.7696533203125,1485.2828552167043,1438.5817139812525,1485.2828552167043,4589313
2024-07-30,1432.05615234375,1446.2272594183871,1425.9203010004362,1445.7402814280713,4263689
2024-07-31,1452.7042236328125,1464.976046335472,1434.7834081682183,1439.3609541403532,5634305
2024-08-01,1466.2906494140625,1471.6474070173686,1446.3245528926489,1446.3245528926489,4531379
2024-08-02,1454.8955078125,1465.9498845389678,1444.9610853634856,1455.1876232753134,3335905
2024-08-05,1427.5272216796875,1449.2464874280981,1413.6970944233094,1443.4027515916946,5111901
2024-08-06,1405.9542236328125,1454.0189281905457,1393.828400164758,1444.474111886535,8249573
2024-08-07,1412.0262451171875,1424.905162819,1393.2710260658325,1422.0649265893228,5700734
2024-08-08,1421.869140625,1436.266031544555,1400.5185305889627,1405.4154485280849,5986360
2024-08-09,1433.91552734375,1451.446517969499,1427.255790491473,1434.7969965083105,3615910
2024-08-12,1428.5289306640625,1447.0393050762789,1415.2093372827228,1435.776393395482,4028226
2024-08-13,1429.606201171875,1447.920746327499,1420.4489883708943,1437.7351329192459,4495208
2024-08-14,1441.35888671875,1449.585733385574,1423.142374526713,1423.142374526713,5891784
2024-08-16,1452.9647216796875,1460.261082351524,1437.833171931165,1449.4878617573813,7176426
2024-08-19,1439.3511962890625,1458.400160343048,1434.1115177044917,1456.3434786014188,4404075
2024-08-20,1419.2738037109375,1454.1398368411508,1416.6784131946285,1449.4877646236089,10046892
2024-08-21,1433.2789306640625,1436.3640130204067,1417.8536384360075,1423.0444195151686,6175510
2024-08-22,1455.706787109375,1468.9774826849505,1434.7969712008999,1443.3175606828124,6781325
2024-08-23,1475.686279296875,1478.8692760831466,1448.8511440188054,1462.2197544318794,6238112
2024-08-26,1482.34619140625,1489.3486889558953,1473.9724132635838,1477.889947916776,4307432
2024-08-27,1491.3564453125,1494.8822025235036,1471.034234680266,1486.7043729990971,3965066
2024-08-28,1524.263671875,1532.2456722824425,1490.279108109249,1496.4491531781878,6225319
2024-08-29,1533.6168212890625,1539.2971745040477,1514.0780465057771,1532.735352127905,8036748
2024-08-30,1556.2896728515625,1575.2407230066742,1529.4055193050206,1543.5086681019654,37820442
2024-09-02,1538.9544677734375,1571.9107513622646,1533.225097356776,1571.9107513622646,4890314
2024-09-03,1528.4261474609375,1546.4468310879597,1526.4673801004715,1546.4468310879597,4546295
2024-09-04,1529.6993408203125,1533.7147898587623,1510.2095823513482,1525.8797206896243,5213811
2024-09-05,1515.3023681640625,1530.7766779895196,1509.7199290600413,1526.8591433049655,5652812
2024-09-06,1507.5162353515625,1523.529133609417,1498.6527657792883,1520.7869312087687,5497805
2024-09-09,1510.84619140625,1514.861640406891,1491.8461249392576,1491.8461249392576,3912508
2024-09-10,1545.3204345703125,1553.302435054624,1513.2946377345995,1513.2946377345995,6163457
2024-09-11,1545.271484375,1565.9364543236159,1541.990453688051,1545.90798806897,5994914
2024-09-12,1612.800048828125,1618.725367817293,1557.3179403471083,1563.2432593362764,12204496
2024-09-13,1600.7535400390625,1620.782007177514,1597.4237313112744,1616.9623870768355,5609618
2024-09-16,1601.73291015625,1618.8721236843983,1596.4932316455206,1600.7535265260701,3762063
2024-09-17,1627.49072265625,1631.7021200233282,1604.7200536014839,1615.9829651769596,4223072
2024-09-18,1620.781982421875,1636.5010178466666,1613.877280054815,1621.0757257767227,3171195
2024-09-19,1630.52685546875,1676.410955832833,1613.7304018608315,1613.7304018608315,8498240
2024-09-20,1676.4599609375,1687.869804357462,1631.6531590021177,1636.5500772464218,21646275
2024-09-23,1714.362060546875,1718.0837662344907,1683.560492607718,1683.560492607718,5001827
2024-09-24,1720.4342041015625,1731.1095091235463,1710.1016594247126,1715.8800465057552,7579205
2024-09-25,1724.1070556640625,1730.4730495895321,1709.0245230683695,1719.3570687227157,4017103
2024-09-26,1734.5863037109375,1742.3234582118184,1710.1507302382015,1733.5090056407637,7417423
2024-09-27,1698.8387451171875,1727.093937675068,1686.9882276320716,1719.01402308699,7116861
2024-09-30,1674.3052978515625,1697.2717956784875,1669.0654998965256,1678.6635070934378,6907288
2024-10-01,1663.678955078125,1687.3310940886556,1661.0346670499255,1669.849119882148,3649090
2024-10-03,1638.9495849609375,1660.0553512600789,1630.6738406183076,1630.6738406183076,7200276
2024-10-04,1607.0706787109375,1651.9263788050805,1596.5423043193828,1635.6197364369107,8576527
2024-10-07,1627.7845458984375,1635.570597628558,1608.5885318641795,1616.9623093920654,5387707
2024-10-08,1623.2794189453125,1644.8748767291975,1617.941825755662,1628.3232687656362,5224335
2024-10-09,1643.503662109375,1669.4573285652077,1626.8052427822563,1632.3876817078933,3414614
2024-10-10,1643.503662109375,1663.9237870893628,1630.6737603381684,1651.8284230480383,5047657
2024-10-11,1652.6119384765625,1655.403157872996,1624.4546595007607,1643.5036230211854,2367678
2024-10-14,1660.642822265625,1674.7949871372712,1644.7278386312976,1651.2407635370012,2069815
2024-10-15,1681.8465576171875,1697.0270040536798,1664.9031728053133,1672.7872589373453,5891334
2024-10-16,1698.2022705078125,1706.3312028081489,1681.6996795427726,1684.5399161027499,3299887
2024-10-17,1666.0784912109375,1702.1197371736191,1659.467651688099,1700.9445246354699,4373392
2024-10-18,1672.6402587890625,1680.7201734960177,1650.457196319235,1674.7459574416075,4154915
2024-10-21,1657.6558837890625,1673.7176803855682,1627.7356647532665,1670.38787153984,3836168
2024-10-22,1657.3619384765625,1677.5862342322007,1652.5629348060213,1657.1170925704498,3070057
2024-10-23,1651.044921875,1666.2742651336275,1645.4623636188348,1655.1582851764588,2764757
2024-10-24,1643.8463134765625,1658.096392312883,1623.2303609570235,1652.2200908634575,3669575
2024-10-25,1631.653076171875,1650.016518655802,1621.7123087298432,1646.4417446081984,3434386
2024-10-28,1629.0577392578125,1643.2588019120608,1611.7226968047826,1623.964992196376,2811651
2024-10-29,1603.3489990234375,1633.5629616483573,1576.8077251994482,1616.4727642494965,6990747
2024-10-30,1599.6761474609375,1616.962291569245,1584.4468045148162,1594.2406403208079,4622628
2024-10-31,1579.35400390625,1605.0139265182734,1569.119492884427,1600.3128373142442,4921681
2024-11-01,1583.1246337890625,1592.8205557157842,1572.2534993182333,1586.6014935253534,279441
2024-11-04,1558.4442138671875,1590.372096553199,1540.6194794782016,1585.769041276362,6094029
2024-11-05,1545.859130859375,1561.0395769805762,1533.7147500516812,1550.609117509147,6473278
2024-11-06,1565.838623046875,1577.5422098100612,1534.2044834191904,1550.364313598837,6631728
2024-11-07,1543.312744140625,1575.387557444631,1537.2895110140255,1563.0472282862656,5160994
2024-11-08,1537.534423828125,1546.936483004981,1526.71218661938,1538.6117219378443,3096384
2024-11-11,1528.377197265625,1548.9931512908813,1519.8075903593187,1528.8178720850538,3664301
2024-11-12,1523.5782470703125,1562.1169710021709,1518.1426198199647,1536.457166384607,4479934
2024-11-13,1518.4853515625,1540.0808091401138,1514.469902457352,1527.7405989044787,5816699
2024-11-14,1518.5343017578125,1535.6735150959369,1504.871948089745,1518.044609948152,5139154
2024-11-18,1505.3126220703125,1536.6038808689812,1497.918227927031,1536.6038808689812,4816078
2024-11-19,1494.0496826171875,1525.8796496345974,1487.9775521153313,1505.3125940233479,6238241
2024-11-21,1493.70703125,1510.2586392174064,1479.8487283805728,1506.2920875243688,7356679
2024-11-22,1536.94677734375,1542.5292162095182,1488.858945500254,1501.3951037772642,7640321
2024-11-25,1546.201904296875,1576.0731049816286,1530.3359373284065,1549.3358840882354,12155641
2024-11-26,1544.7327880859375,1571.7637516224531,1533.7147225503745,1557.2199290262424,4030593
2024-11-27,1545.1246337890625,1551.0988501218922,1522.109118096646,1536.799872793933,4982785
2024-11-28,1528.230224609375,1555.750880421554,1524.8512793880643,1538.6116670709862,6714728
2024-11-29,1593.6041259765625,1614.9057203101715,1519.1709687648715,1519.1709687648715,10775801
2024-12-02,1609.7149658203125,1612.2613394353152,1583.8592131867144,1593.6041523731776,3790108
2024-12-03,1587.1402587890625,1618.8232966936391,1579.8927956995556,1618.8232966936391,9131055
2024-12-04,1551.441650390625,1596.8850766671083,1549.7767459702447,1596.1505389133515,8772014
2024-12-05,1582.04736328125,1588.6093055023152,1552.6658536296206,1567.0138480869002,10324005
2024-12-06,1564.9080810546875,1591.155609686663,1561.9210327692717,1584.6426847539194,4296866
2024-12-09,1569.51123046875,1572.792141606452,1556.289551915358,1562.9983056409765,4264409
2024-12-10,1546.10400390625,1578.6194928635823,1537.6813285309088,1577.346365866492,14645786
2024-12-11,1553.3023681640625,1555.261135337031,1538.807443262631,1555.261135337031,3853182
2024-12-12,1577.346435546875,1584.544881692818,1545.9571407435683,1545.9571407435683,13120939
2024-12-13,1647.078369140625,1650.261365840317,1573.6736161491926,1584.6426646466664,12900707
2024-12-16,1628.2742919921875,1652.220173778838,1625.9237473837254,1647.0784097525554,4375126
2024-12-17,1581.9984130859375,1624.4546692062916,1575.3385566321442,1616.4726687729897,6182486
2024-12-18,1568.874755859375,1589.539727793647,1563.1942826397521,1587.9727378014427,3905144
2024-12-19,1567.3076171875,1576.5627443522937,1552.7636751375935,1553.6941612863984,5865855
2024-12-20,1545.5653076171875,1588.8541364962953,1540.9622523031237,1576.8076698307793,9738879
2024-12-23,1554.1839599609375,1574.3102225193852,1545.810181814163,1553.302490752803,4363599
2024-12-24,1551.2457275390625,1565.8385672740658,1542.5291894782622,1557.2199436637693,3610076
2024-12-26,1566.524169921875,1573.722615938572,1548.503486600974,1551.2458086805107,3400479
2024-12-27,1566.8668212890625,1594.877168208542,1563.3900812573695,1566.5240609413831,2559578
2024-12-30,1554.1839599609375,1579.794866679481,1548.5034868895539,1571.9107803645957,4438130
2024-12-31,1555.016357421875,1564.2714848972985,1531.1193729562094,1550.3642851826976,2249626
2025-01-01,1562.802490234375,1573.4288988044955,1551.3927660061897,1560.158202120047,1405565
2025-01-02,1576.5137939453125,1586.2097158702666,1555.6529941923711,1566.915906027072,3728040
2025-01-03,1565.887451171875,1583.663287493246,1560.4519439024723,1581.7045202854622,3669685
2025-01-06,1555.701904296875,1576.660738227019,1534.7920873704866,1563.2432301014803,4584188
2025-01-07,1558.052490234375,1569.9520257564257,1551.3927529989269,1561.137572711006,2830856
2025-01-08,1566.230224609375,1580.186441081448,1545.3204084022998,1565.7895498054065,3674564
2025-01-09,1573.91845703125,1586.7972556860143,1559.5704634276497,1567.0137548524667,4684859
2025-01-10,1582.5860595703125,1591.4984268499386,1558.9829375813024,1574.84890484597,4145892
2025-01-13,1564.271484375,1581.4106978820362,1545.5652809723395,1547.4261337781222,3705039
2025-01-14,1567.1116943359375,1599.7252164512684,1545.957032218217,1571.6168350423754,7284572
2025-01-15,1574.3101806640625,1580.5782598563335,1560.1581349201829,1574.89790648964,2960985
2025-01-16,1596.5911865234375,1601.2922758887987,1567.552556796279,1585.6711544133693,5299325
2025-01-17,1593.9468994140625,1605.209811452933,1589.5396729640697,1596.493273007769,2678801
2025-01-20,1607.3154296875,1611.0860326617203,1584.7405897366411,1604.2303474163514,3933044
2025-01-21,1592.6246337890625,1622.5447304495628,1586.8952637522568,1619.9004426029326,7958844
2025-01-22,1598.1092529296875,1607.168551590389,1589.0989712724024,1593.9468724639598,3262136
2025-01-23,1602.271728515625,1611.4779591794445,1583.8592671879856,1591.008815998553,2457080
2025-01-24,1610.8902587890625,1627.6376951212437,1600.3618846597449,1600.3618846597449,3620058
2025-01-27,1569.5601806640625,1613.2406666273066,1560.8436424511233,1605.1607516842503,6622807
2025-01-28,1584.9854736328125,1596.6891797430176,1564.075657043929,1574.5061166137216,5216471
2025-01-29,1567.4544677734375,1593.3592362705992,1560.3050390752305,1586.601465377702,5009227
2025-01-30,1606.9237060546875,1611.037069517956,1562.3127334666256,1573.5756453176868,4283637
2025-01-31,1592.7716064453125,1605.3076448713791,1541.7946419255927,1605.3076448713791,8340866
2025-02-01,1589.7845458984375,1610.1067570965847,1576.024157482561,1593.457234669187,2741589
2025-02-03,1618.2845458984375,1626.7562383593265,1574.9468195002435,1586.503594361229,4146970
2025-02-04,1627.1968994140625,1633.9057729850488,1595.4649651491256,1627.8825396936547,6385876
2025-02-05,1626.217529296875,1640.6634380941864,1615.1015488110334,1635.5706909498217,3920893
2025-02-06,1586.356689453125,1632.9264304886667,1579.9906956383725,1631.5552694486014,5229162
2025-02-07,1642.1815185546875,1672.3465824915468,1601.292251580089,1601.3412685835613,14873255
2025-02-10,1658.1455078125,1664.9521762409597,1643.4547533162563,1663.8258611521812,6782878
2025-02-11,1661.7691650390625,1671.4650868333297,1651.4366199780725,1670.828463566607,8965266
2025-02-12,1676.2640380859375,1678.3696171700503,1649.7716640475035,1668.869644129977,7148192
2025-02-13,1679.251220703125,1692.7667632030439,1668.7718632304325,1674.7460797210422,5356002
2025-02-14,1681.650634765625,1688.555217317204,1670.0938606252178,1678.66346700579,5125863
2025-02-17,1641.00634765625,1681.503838291885,1631.8980317505927,1676.459988506573,4906462
2025-02-18,1634.493408203125,1660.985664378593,1621.6635062140265,1657.1171467569811,7529598
2025-02-19,1611.281982421875,1638.949571380284,1604.671142582255,1635.570745505947,7776555
2025-02-20,1609.6170654296875,1615.7872303866636,1593.7020807547667,1606.042291115048,5524503
2025-02-21,1605.4547119140625,1624.5036768403306,1595.611858019855,1609.6170925915887,5447583
2025-02-24,1568.287109375,1603.7897672038362,1565.0550954615276,1593.4572217245966,4673190
2025-02-25,1607.560302734375,1615.1505258127734,1564.0756459615916,1564.0756459615916,6286808
2025-02-27,1616.374755859375,1621.8592802393061,1604.8669982852132,1609.5190704960446,7568745
2025-02-28,1537.828125,1614.464893897771,1527.3487680009405,1608.0989003152085,13640211
2025-03-03,1562.9005126953125,1569.7071813990185,1540.3256712184098,1546.4468191727033,6993525
2025-03-04,1542.8720703125,1557.7097571092486,1535.673624110218,1556.2406815759798,5219668
2025-03-05,1584.8875732421875,1592.5757108948412,1544.5859126010873,1545.467381786604,6295425
2025-03-06,1593.3592529296875,1598.1092396285444,1557.6606478532499,1584.642714704449,5174009
2025-03-07,1597.080810546875,1608.5396705558314,1582.2921418952958,1595.4159062255637,3035558
2025-03-10,1597.32568359375,1620.7819932654293,1593.0653887138053,1606.1891532670866,3778450
2025-03-11,1628.666015625,1641.8387976331303,1590.5680867524259,1596.3953717296026,6078564
2025-03-12,1608.9803466796875,1681.2589052292008,1600.3128256047398,1655.1583080000062,9907628
2025-03-13,1598.84375,1622.7407340944999,1596.0035136084095,1616.766517959291,8317331
2025-03-17,1605.356689453125,1614.4159879653216,1578.9622290826883,1578.9622290826883,6405522
2025-03-18,1605.356689453125,1605.356689453125,1605.356689453125,1605.356689453125,0
2025-03-19,1603.3978271484375,1608.1968305270643,1593.9467518366469,1601.2921285732214,6283464
2025-03-20,1670.093994140625,1674.4033061758093,1612.163426465975,1625.776883315313,12074465
2025-03-21,1690.22021484375,1695.7047389312363,1657.1170023187558,1674.4031462595856,14715349
2025-03-24,1683.3646240234375,1704.1275090711138,1679.4959869689217,1704.1275090711138,4120999
2025-03-25,1694.8233642578125,1704.6172005147198,1670.9263798802256,1689.4367543165135,4857399
2025-03-26,1702.7073974609375,1728.6120457356244,1690.5630169682665,1703.2950037073958,7142394
2025-03-27,1689.142822265625,1710.395517805376,1677.9289280319506,1704.0784219460495,6222339
2025-03-28,1697.6636962890625,1709.7590608367752,1625.776910204237,1697.5657818317122,4133264
2025-04-01,1688.604248046875,1728.6120439638617,1673.2278538839514,1679.6428642481715,6773056
2025-04-02,1718.426513671875,1724.1069866147252,1681.552695654231,1684.5398635826323,6431226
2025-04-03,1710.00390625,1718.7693423695034,1699.6713605986702,1711.962673611111,2341989
2025-04-04,1707.50634765625,1734.292585669951,1704.1275219428298,1718.3285846256867,7817334
2025-04-07,1651.87744140625,1738.161116236426,1634.9830736051072,1694.333698317519,14870388
2025-04-08,1684.931640625,1706.3801662830263,1671.6120470123005,1685.2253839852283,7206935
2025-04-09,1680.181640625,1691.2486039536727,1676.3130035396634,1684.1970896124594,5600666
2025-04-11,1720.38525390625,1730.5708675296646,1696.6352009704297,1723.7151821461289,8340002
2025-04-15,1761.71533203125,1782.4782172903078,1744.380169944084,1770.9214425655305,10313411
2025-04-16,1785.024658203125,1788.844278437926,1757.1122235272528,1765.2411558332735,6180958
2025-04-17,1850.1536865234375,1858.5763622631896,1788.060737282373,1796.1896696502415,10894325
2025-04-21,1844.5711669921875,1865.040308929045,1830.0762413340394,1859.2619215563914,3501123
2025-04-22,1814.014404296875,1849.0763878627756,1798.9319912676267,1849.0763878627756,6155127
2025-04-23,1842.8082275390625,1847.0196249997905,1798.2462720538554,1828.5092503490482,6855027
2025-04-24,1807.5504150390625,1839.0866398565374,1801.5761987690448,1835.8546260356482,5180688
2025-04-25,1779.73583984375,1823.3184102823932,1768.7667912851523,1808.6276562019516,4570083
2025-04-28,1784.2412109375,1800.9886477190944,1776.0143642305343,1798.1484111763282,3301891
2025-04-29,1786.1998291015625,1809.7050351278385,1780.1275791459118,1786.1017951001916,4684155
2025-04-30,1826.060791015625,1838.2051720240217,1789.3339046315616,1799.127741000645,9139821
2025-05-02,1810.0968017578125,1844.767006641983,1794.3287490111354,1813.8185074238856,3866806
2025-05-05,1827.5299072265625,1834.875284667184,1811.0762139381034,1829.4886745440615,3548839
2025-05-06,1861.8082275390625,1872.5814471618555,1843.7875453502033,1849.3701036142118,8597920
2025-05-07,1857.6949462890625,1877.4784481033216,1846.6278632753329,1861.808309777994,5554616
2025-05-08,1836.2464599609375,1866.509439162061,1824.0041641314917,1857.890815076663,5500724
2025-05-09,1810.292724609375,1832.5246851767095,1798.638035508037,1816.7566326530948,3686209
2025-05-12,1832.23095703125,1844.5711669541938,1815.7772640982137,1830.3701042090893,3936019
2025-05-13,1783.0657958984375,1844.8648784525835,1779.1482614157194,1831.4473706707397,8817763
2025-05-14,1796.3853759765625,1832.1328778676475,1782.674005388201,1792.2720126215197,7401614
2025-05-15,1828.7049560546875,1831.3493634287345,1787.375017177579,1811.7616920076102,8788351
2025-05-16,1776.6019287109375,1796.1896015743437,1772.7823085918399,1796.1896015743437,100662047
2025-05-19,1780.813232421875,1790.9987261315525,1771.7049171985607,1784.4369038893187,5799804
2025-05-20,1771.6070556640625,1787.2771935976427,1762.4008257173512,1772.4885248335593,12512596
2025-05-21,1784.9267578125,1788.8442925347222,1768.0814063284133,1775.6226128472222,6849562
2025-05-22,1793.643310546875,1798.8339723623242,1778.85464076524,1782.3803981321564,6496923
2025-05-23,1793.93701171875,1803.8288823801695,1783.9473461552147,1787.3751889834023,3460945
2025-05-26,1809.313232421875,1811.8596057949633,1793.1534035053253,1796.1894686637636,3254715
2025-05-27,1805.78759765625,1819.3030201141573,1795.895727279977,1805.9834265621762,5847725
2025-05-28,1817.833984375,1828.5092901618798,1807.0607641330178,1809.9010006530016,3713699
2025-05-29,1825.1793212890625,1828.5092495642944,1812.3494195601106,1819.6947968347397,5786774
2025-05-30,1817.9317626953125,1828.5091532350082,1805.0039471944938,1815.7771666297294,16712960
2025-06-02,1815.8751220703125,1820.6741256559856,1793.7410764598912,1805.983371549025,3199499
2025-06-03,1803.3392333984375,1830.9578055917787,1794.2309172742116,1828.5093463706075,5596977
2025-06-04,1836.736083984375,1845.7463655607316,1811.8597158666082,1816.7566340175993,5892170
2025-06-05,1840.06591796875,1850.0555826635211,1830.0761337203191,1845.158664763406,8999675
2025-06-06,1831.6431884765625,1843.1020485012896,1828.8030716367302,1833.5040412553128,4644174
2025-06-09,1826.6483154296875,1836.3442369113116,1810.5864005934377,1835.3648533182923,3649505
2025-06-10,1818.8133544921875,1836.9319520369907,1812.1536173971094,1828.1174991773566,7925901
2025-06-11,1821.849365234375,1828.0195298724475,1809.70510396843,1819.5968546367014,8907265
2025-06-12,1806.17919921875,1844.1793309710038,1793.838989688041,1833.30819684999,7346031
2025-06-13,1802.4576416015625,1806.5710049919535,1777.581273695314,1777.581273695314,4613000
2025-06-16,1822.9267578125,1831.447347382601,1800.8906266274153,1804.1225208023632,5722187
2025-06-17,1816.560791015625,1840.2618268610227,1809.509157200723,1840.2618268610227,6561555
2025-06-18,1827.4320068359375,1832.4268396232678,1805.1020114231221,1809.5092379214143,5069427
2025-06-19,1838.3031005859375,1840.2618678747876,1825.66902766212,1833.406182363812,4712312
2025-06-20,1896.772216796875,1908.8186831936525,1835.3649113929732,1841.2412131370274,16228526
2025-06-23,1896.380615234375,1908.8187398067225,1887.370213894056,1890.210450398653,2946463
2025-06-24,1893.7362060546875,1922.5301093411883,1889.3289796196211,1910.6795910598546,6837210
2025-06-25,1925.0765380859375,1929.3858501899895,1898.045572420406,1901.9631071416038,4152765
2025-06-26,1972.7724609375,1976.7879098430187,1925.7620474789437,1929.385719028242,9413241
2025-06-27,1985.30859375,1996.963283217521,1967.1899960356675,1968.5611570707292,6405854
2025-06-30,1968.1693115234375,1982.174545201148,1958.963081525383,1976.3961578951812,5597484
2025-07-01,1977.767333984375,1988.9323313203035,1965.5250385620116,1967.5817202822354,3769165
2025-07-02,1991.380859375,2003.6231552213676,1976.6901043593589,1995.0045311240567,6513288
2025-07-03,1977.66943359375,2002.7416308862903,1971.4013543821982,1999.7055655106897,5558647
2025-07-04,1975.6126708984375,1994.5148233556847,1963.7621525245636,1985.2106785867777,2178315
2025-07-07,1991.9683837890625,1994.0250654959825,1969.1486974479224,1976.3961602018137,4165432
2025-07-08,1988.1488037109375,1993.045721946679,1973.2622200957514,1984.2312691223447,3624619
2025-07-09,1978.06103515625,1998.6280910271873,1957.2981503841977,1993.0456522551126,2937734
2025-07-10,1923.9991455078125,1986.7776124227605,1921.844549338382,1986.7776124227605,5695845
2025-07-11,1882.2774658203125,1918.7104898751322,1874.736139963181,1901.963053326605,13103980
2025-07-14,1881.298095703125,1887.7620039459805,1861.024782216484,1875.5197082005461,5269381
2025-07-15,1894.3238525390625,1902.9424766831307,1883.5506321358125,1885.1177416555859,4163140
2025-07-16,1896.67431640625,1903.9217791883793,1889.0351958145457,1903.9217791883793,4211258
2025-07-17,1890.112548828125,1904.8033037241096,1887.8599185892729,1903.6279716002293,6256455
2025-07-18,1877.372802734375,1892.186370351953,1868.287196150176,1891.297532184274,4643961
2025-07-21,1885.4708251953125,1896.03790902182,1869.0771679217364,1871.2498968225996,5109654
2025-07-22,1883.100830078125,1887.5449005198893,1859.5965870759885,1885.4709045378984,4513541
2025-07-23,1919.640869140625,1924.776190951675,1883.5945217985336,1896.1366273100134,5194282
2025-07-24,1912.0364990234375,1945.9102380372574,1909.6663041284937,1919.640869288336,4150685
2025-07-25,1913.814208984375,1928.4301900794749,1901.0745166840238,1912.0365326436295,3896884
2025-07-28,1866.805908203125,1906.0124370549743,1861.5717325640553,1906.0124370549743,3575044
2025-07-29,1894.4578857421875,1899.6919407829134,1856.6338604698753,1856.6338604698753,3748040
2025-07-30,1908.580078125,1915.098023938185,1898.2105805189387,1909.9627019164334,5044683
2025-07-31,1890.507568359375,1902.5558885995397,1872.039914861235,1889.2236775971553,4674966
2025-08-01,1860.9791259765625,1895.840315741839,1854.6586464148972,1890.2112083270038,5192594
2025-08-04,1890.8037109375,1896.0378862849125,1855.1524163208508,1868.4846269252325,3074380
2025-08-05,1907.7900390625,1913.5178795305437,1888.3348146343578,1896.1366510069379,5167672
2025-08-06,1905.716064453125,1940.3799094341891,1897.7167619779266,1906.0123840294045,5461349
2025-08-07,1898.704345703125,1909.2714297675527,1885.3721346386885,1904.1359872478954,4268534
2025-08-08,1835.499755859375,1870.262333439792,1832.932094923232,1862.8555496510396,93801105
2025-08-11,1834.314697265625,1842.8077851336448,1822.7600423581562,1839.8450716527227,5266532
2025-08-12,1827.302978515625,1841.820226449231,1824.1426784493622,1834.3147096906787,4645011
2025-08-13,1844.1904296875,1849.227018551301,1828.784343523411,1829.9693807079097,6697206
2025-08-14,1850.5108642578125,1859.5964705928338,1843.597866225869,1849.7207591186288,3958631
2025-08-18,1868.781005859375,1888.828628628729,1847.0544397398173,1868.9784718755761,7146376
2025-08-19,1885.964599609375,1907.7900187292848,1876.3852075604461,1877.4715117278834,5706265
2025-08-20,1904.4322509765625,1927.7389062654595,1902.0620560795467,1912.9253388505097,6962619
2025-08-21,1905.9136962890625,1916.7769795648605,1903.7409673020275,1906.0124292991263,3376913
2025-08-22,1909.2713623046875,1923.4922904951002,1893.5689568285607,1909.962613891984,3271920
2025-08-25,1906.70361328125,1915.9868064073212,1889.4211177737689,1915.8880734007598,2451388
2025-08-26,1881.0267333984375,1901.8645812412458,1872.6323785689278,1898.2104956306462,5984656
2025-08-28,1857.7200927734375,1876.1877458749298,1854.8561122867761,1869.472213737456,5494113
2025-08-29,1865.324462890625,1876.483944712588,1849.2270046952606,1849.2270046952606,4339042
2025-09-01,1876.977783203125,1881.1256545409544,1860.7815915454387,1865.5219814877794,3421488
2025-09-02,1863.7442626953125,1893.6677173497806,1854.6586561579597,1880.8292921474092,4423049
2025-09-03,1860.4853515625,1868.5833869365088,1846.7580881867443,1867.4970827599643,3803044
2025-09-04,1857.0289306640625,1879.8418015446011,1853.276111838205,1875.397731091777,5205333
2025-09-05,1871.74365234375,1886.952151639917,1852.3871613247754,1863.5467635620546,2620140
2025-09-08,1864.238037109375,1875.3976394781234,1860.682805031415,1874.4100683146278,2547552
2025-09-09,1870.1634521484375,1880.335483288737,1859.5964889877582,1868.4846294024633,4517793
2025-09-10,1867.8922119140625,1881.3231562681335,1859.5965896340658,1880.3355850574942,3566139
2025-09-11,1889.2236328125,1892.1863462983536,1858.7076597975863,1860.5840691159176,4718266
2025-09-12,1878.952880859375,1901.0744991418314,1877.9653096909897,1901.0744991418314,3192824
2025-09-15,1880.829345703125,1889.2237008821623,1874.8051855087938,1880.3355601043581,3553258
2025-09-16,1915.394287109375,1917.8632150381059,1878.8541537641588,1879.6442589226012,5427586
2025-09-17,1917.1719970703125,1925.8625512000215,1908.5800553957365,1914.0116969342262,4234637
2025-09-18,1916.974365234375,1925.566306706066,1896.630423335774,1920.3321313076867,5080814
2025-09-19,1938.009765625,1952.2308151523634,1903.8398258870736,1906.2099003473625,11287603
2025-09-22,1931.88671875,1941.5649646587653,1919.8383984214852,1929.7141103475217,4469137
2025-09-23,1914.604248046875,1930.701706919165,1906.111159789467,1925.7638508912387,4348633
2025-09-24,1907.0986328125,1913.2216463037748,1894.9515799410397,1902.0620440339374,5237977
2025-09-25,1911.542724609375,1925.7637735089886,1904.8273130131136,1906.0123501909477,7133365
2025-09-26,1892.7789306640625,1920.5296571686774,1888.1373942628345,1907.0987130100048,3239306
2025-09-29,1878.557861328125,1904.0372461419377,1873.9163249763105,1904.0372461419377,5072608
2025-09-30,1855.0537109375,1883.8907408973337,1851.893410859755,1872.4349394291717,5945625
2025-10-01,1844.387939453125,1853.6711327956514,1832.833404694242,1844.7829920417032,5675393
2025-10-03,1873.126220703125,1876.6815734160555,1825.1302851629223,1828.1917317296138,5828332
2025-10-06,1879.4466552734375,1883.2982069178736,1864.0405692488132,1869.0771580670203,2809218
2025-10-07,1905.0247802734375,1921.8134901047742,1876.3852164435102,1876.3852164435102,5713060
2025-10-08,1919.3446044921875,1938.2071900783988,1903.642198487338,1905.024822261605,4957406
2025-10-09,1917.86328125,1924.578813669242,1907.2963175714692,1920.8259948667612,3945737
2025-10-10,1915.789306640625,1923.3935563086916,1911.3452364455711,1912.9253261820775,2512581
2025-10-13,1930.6029052734375,1941.4661881486695,1911.9377860408238,1913.8141953753518,3672419
2025-10-14,1922.406005859375,1939.5897682426169,1915.0979551270627,1939.5897682426169,4454239
2025-10-15,1944.0338134765625,1951.4405971194756,1927.3438368905747,1932.874211233326,3447352
2025-10-16,1942.947509765625,1962.2051472416201,1937.6146014308795,1937.9109209979117,3700674
2025-10-17,1986.9931640625,2009.016049042492,1945.8114951160508,1949.0704075960111,6743801
2025-10-20,2026.0023193359375,2031.4339609427361,1994.5975069153783,2000.819253704416,7387180
2025-10-21,2018.1016845703125,2032.9152521105889,2013.1638287235537,2026.2985734971805,240850
2025-10-23,1982.9442138671875,2041.3096470077273,1978.6976095346013,2038.248079880311,8790128
2025-10-24,2004.0782470703125,2007.7322122210348,1981.9566284915368,1983.0429326806875,3236799
2025-10-27,2054.246826171875,2067.973968584839,2004.7694155812908,2004.7694155812908,5796831
2025-10-28,2064.22119140625,2076.4672184599,2045.9511249374389,2065.998867716355,9891522
2025-10-29,2074.4921875,2084.170192507201,2055.7283344436864,2057.110837700071,2742750
2025-10-30,2040.618408203125,2062.0486549107854,2033.0141582237939,2044.2723734029337,4222189
2025-10-31,2028.9649658203125,2048.0251375948988,2026.1997183270773,2030.4463225731627,4659723
2025-11-03,2048.22265625,2055.135654607642,2021.75570003092,2029.458803564971,2979629
2025-11-04,2087.0341796875,2109.0570647665995,2077.355934102712,2080.8124331611193,12263078
2025-11-06,2068.86279296875,2096.90995947568,2054.6418642513268,2088.7130703636412,9546299
2025-11-07,1976.327392578125,2022.5457719154097,1970.7970180936684,2022.5457719154097,70392750
2025-11-10,1994.6962890625,2003.584429555406,1967.4392284417588,1970.2044759274668,7457061
2025-11-11,2016.9166259765625,2031.3350202322856,1992.3260800101352,1994.9924739178298,14825625
2025-11-12,2048.025146484375,2053.950573521495,2029.359906653702,2034.396616077751,8210277
2025-11-13,2065.801513671875,2080.812547903464,2053.160553911391,2073.800695841544,5958875
2025-11-14,2074.5908203125,2081.7012848981435,2056.0244330954692,2064.0238564457277,6312655
2025-11-17,2085.94775390625,2095.625999486105,2074.7881515878325,2085.75028789569,5998770
2025-11-18,2122.488037109375,2132.1662833746614,2084.0716127444325,2095.626147902284,10972556
2025-11-19,2132.956298828125,2139.276657985165,2120.0190198303203,2128.2159089072215,7419461
2025-11-20,2131.474853515625,2142.338136126123,2123.179111222048,2126.339531775546,7452899
2025-11-21,2135.820068359375,2147.4734560986562,2121.8954598702126,2123.3768165886067,6720938
2025-11-24,2125.35205078125,2138.8817278396996,2113.7972749931514,2135.227762664242,9686848
2025-11-25,2134.73388671875,2143.720639488166,2112.118362800138,2132.166105295353,7102592
2025-11-26,2100.366455078125,2108.3656370532426,2071.4305709903592,2077.849783725252,43174047
2025-11-27,2089.3056640625,2110.340737102211,2077.652276033199,2105.501734810856,4444877
2025-11-28,2075.479736328125,2103.032876444822,2070.3441731883636,2091.675807612178,6263457
2025-12-01,2063.7275390625,2092.663424153835,2057.209713646303,2088.4168196683736,5058900
2025-12-02,2077.849853515625,2088.5156709469375,2061.1599962868277,2063.8263903680922,6591396
2025-12-03,2060.073486328125,2083.6763411431734,2055.728269568397,2073.9983364413933,4357641
2025-12-04,2077.65234375,2082.2938801798505,2048.3215272611046,2068.764202928744,4611819
2025-12-05,2082.590087890625,2085.65141378975,2064.02370206231,2066.5914834930163,2938290
2025-12-08,2060.27099609375,2088.120455805432,2053.061678088443,2088.120455805432,4327091
2025-12-09,2063.7275390625,2074.294502940563,2054.543078455864,2060.863678954721,5139229
2025-12-10,2041.3095703125,2070.837851302198,2036.5691805636764,2046.247426070392,3987451
2025-12-11,2027.68115234375,2043.4822916429123,2012.670118230796,2040.3221120043302,3254850
2025-12-12,2057.505615234375,2061.1598213348784,2025.1134747493904,2027.5824025977115,2706420
2025-12-15,2043.97607421875,2053.0616810810616,2035.8780385611733,2044.3712473643945,3233614
2025-12-16,2075.87451171875,2080.417435351493,2044.371089167985,2044.371089167985,5756692
2025-12-17,2081.800048828125,2101.551472441295,2070.344126689988,2091.280828604945,6412516
2025-12-18,2065.9990234375,2090.2933722588573,2062.1475920638436,2072.9120220818895,3760341
2025-12-19,2071.6279296875,2088.712958610383,2056.123111029228,2087.6265339151837,10127415
2025-12-22,2120.907958984375,2124.9568561517053,2075.578297236128,2091.6757556638554,7670853
2025-12-23,2096.5146484375,2137.1039181875285,2092.8606834899415,2130.1909203006003,4110853
2025-12-24,2097.304931640625,2110.637142983157,2084.76282548779,2084.76282548779,3145464
2025-12-26,2079.232177734375,2096.6135262076054,2075.6770663009197,2096.6135262076054,1297870
2025-12-29,2055.728271484375,2086.441590619533,2053.55542199624,2079.232272760599,2371034
2025-12-30,2073.701904296875,2076.66461768302,2045.8524466883603,2051.1852343409278,6983390
2025-12-31,2079.429931640625,2094.6384310672643,2064.1225786554564,2069.9491520589277,2991434
2026-01-01,2084.170166015625,2097.502377228279,2080.8125203749382,2088.5156239634994,2097756
2026-01-02,2080.121337890625,2098.5888717406915,2071.9244484291626,2081.800160766766,2927138
2026-01-05,2078.83740234375,2085.8492543951065,2070.4430470373736,2075.973542269958,2642580
2026-01-06,2079.133544921875,2095.4284685411026,2061.5547306144313,2080.614901614532,9119265
2026-01-07,2058.2958984375,2077.6523908854297,2051.185433840431,2069.554355063594,4171371
2026-01-08,2040.618408203125,2065.998939690308,2029.4588054797239,2062.0486549107854,5534929
2026-01-09,2001.905517578125,2058.0983419068393,1998.0539658602852,2044.4698113831362,4165409
2026-01-12,2018.595458984375,2023.3358487922794,1976.426218507662,1998.350250124698,4689135
2026-01-13,2001.7080078125,2024.422023933682,1989.8571538954727,2021.5581640128967,7388496
2026-01-14,1997.3626708984375,2008.7197392372914,1983.7341406705648,1990.054620204551,4842964
2026-01-15,1997.3626708984375,1997.3626708984375,1997.3626708984375,1997.3626708984375,0
2026-01-16,1991.3385009765625,2004.473125005689,1963.9827076522358,1994.893733023803,7310676
2026-01-19,1985.01806640625,1997.8564917113652,1971.4883894982622,1997.8564917113652,4272071
2026-01-20,1971.1920166015625,1992.918581914806,1952.5268977445612,1992.918581914806,6076838
2026-01-21,1971.290771484375,1982.154054261563,1942.552474793529,1952.4281864091545,7952295
2026-01-22,1977.31494140625,1993.807452219183,1965.2666213958255,1983.8330075478484,6722567
2026-01-23,1960.032470703125,1986.6968925356227,1955.4896673904352,1984.030498573622,4340925
2026-01-27,1948.873046875,1978.895235722646,1938.3059626126596,1947.5891560827586,10510891
2026-01-28,1933.3680419921875,1970.2044950583875,1914.9005092321872,1970.2044950583875,9426909
2026-01-29,1943.44140625,1946.0090672827064,1914.9005742000345,1939.5898544243773,6065044
2026-01-30,1944.2313232421875,1949.4654986888927,1901.6670297269297,1901.6670297269297,7683747
2026-02-02,1940.972412109375,1945.317749391463,1902.5558692783113,1912.0365284508803,5326225
2026-02-03,1972.4759521484375,2024.5209047467765,1955.4896556401525,2024.5209047467765,6915795
2026-02-04,2000.6217041015625,2009.3122579774831,1973.5622302075833,1983.0428892327334,7464725
2026-02-05,1967.6368408203125,1997.7577617747622,1960.3287899863135,1986.9932118148427,7708690
2026-02-06,2013.0650634765625,2024.2245451796375,1963.7852388045374,1969.2168801489804,13870403
2026-02-09,2012.8675537109375,2029.656263961574,2003.4856273944054,2025.7059791967183,7570161
2026-02-10,1986.302001953125,2031.4339575530587,1983.438021363694,2026.4961015551173,9077763
2026-02-11,1987.0919189453125,1995.8813264331036,1971.8832988786914,1987.8820240993398,7423601
2026-02-12,1989.462158203125,2001.8067980529831,1984.1292496773617,1994.1036945654223,7437690
2026-02-13,1979.783935546875,1999.041573938394,1967.2418295336483,1988.8696629147487,4808543
2026-02-16,2004.177001953125,2006.942128959951,1970.2045288241784,1985.0180967100746,3455964
2026-02-17,1995.1900634765625,2013.1638103736861,1989.1657829559306,2002.7943131900101,4471158
2026-02-18,1996.6715087890625,2003.3869206454656,1989.9559763795341,1994.9925654101178,2182669
2026-02-19,1963.884033203125,2006.7446467170569,1950.2556231901685,2006.7446467170569,4712417
2026-02-20,1952.8232421875,1968.9205798155008,1946.5027626325084,1956.4772072700266,5180301
2026-02-23,1972.4759521484375,1975.6361316809398,1959.2424743189804,1969.2169190561328,3728878
2026-02-24,1916.8756103515625,1972.475914555702,1897.914292411682,1972.475914555702,10006761
2026-02-25,1889.6187744140625,1937.417245015064,1880.335580943736,1930.7017125761574,8285195
2026-02-26,1905.6173095703125,1910.9502180102677,1880.8292972612687,1890.2112233962027,10795028
2026-02-27,1855.942626953125,1891.1988710006594,1846.8568994707498,1886.2610149406055,13754648
2026-03-02,1849.9183349609375,1872.3362736702609,1824.932855779622,1827.1054642116926,11785758
2026-03-04,1882.2119140625,1896.1366434270433,1792.7379903114106,1837.9686774946206,20565585
2026-03-05,1883.2982177734375,1905.1235164802192,1873.6199721037467,1895.1490717919385,11398717
2026-03-06,1847.5482177734375,1878.4591234760856,1843.894132063681,1876.385248101966,10896859
2026-03-09,1843.4990234375,1849.1282513425515,1795.5030895031166,1808.2427814898845,8073518
2026-03-10,1827.4017333984375,1857.6213873596932,1823.5501816904166,1857.4239213451783,11741600
2026-03-11,1784.5411376953125,1824.7352368477207,1777.134353781248,1818.1185581057389,9548404
2026-03-12,1778.9119873046875,1795.206911523239,1768.7399560864042,1775.554221233877,12922735
2026-03-13,1780.98583984375,1793.4292122498375,1754.5188847456875,1758.9629549302274,8970772
2026-03-16,1766.5673828125,1782.467254770144,1748.8898345017506,1775.6529894874043,14261268
2026-03-17,1804.2926025390625,1811.6993866217351,1768.8387719527107,1774.6654662083718,7181491
2026-03-18,1832.339599609375,1845.770543606319,1804.09508784673,1804.09508784673,6428092
2026-03-19,1804.2926025390625,1838.1663432984026,1793.7256388023666,1803.897549944028,7145082
2026-03-20,1823.1551513671875,1837.771253213415,1811.2055640682022,1811.2055640682022,7691633
2026-03-23,1773.5791015625,1807.2552546004413,1769.727549860104,1804.2925410683094,6874051
2026-03-24,1779.7020263671875,1804.0951072151279,1758.8642982636834,1793.7256096678125,7535860
2026-03-25,1812.0943603515625,1826.2165557226956,1787.6025471628632,1791.4540988288527,12473682
2026-03-27,1820.9825439453125,1833.8209694335987,1795.7994785644432,1817.032259179686,24490425
2026-03-30,1760.2469482421875,1801.8236720590414,1752.4451115750994,1795.404459196129,14240129
2026-04-01,1759.7530517578125,1794.713094488286,1754.4201434509405,1788.4913480380824,10694662
2026-04-02,1767.4560546875,1777.035567259756,1725.1880814226272,1743.0630952863276,10857093
2026-04-06,1770.5177001953125,1791.7504810506462,1741.4830827290216,1789.577752073109,8183498
2026-04-07,1807.5516357421875,1817.1310282677834,1749.9761859187568,1765.8760583054745,10057628
2026-04-08,1838.4625244140625,1848.2395034185392,1817.3284765934955,1840.8327194080457,11587604
2026-04-09,1836.2899169921875,1846.6594146125253,1823.155171785176,1846.6594146125253,10113053
2026-04-10,1846.758056640625,1851.3008598351064,1836.783612103083,1844.7829143340575,5857988
2026-04-13,1847.64697265625,1870.1635235681833,1815.1558562332882,1815.1558562332882,10371983
2026-04-15,1832.6357421875,1867.398319138862,1830.561866874802,1857.127555027025,11049107
2026-04-16,1817.7235107421875,1841.7215389139549,1800.5397479015621,1840.338915135399,15871247
2026-04-17,1823.9451904296875,1828.389260627552,1806.958894230423,1814.266944888646,7344787
2026-04-20,1823.1551513671875,1841.8202709853854,1816.3408860395123,1841.8202709853854,9243641
2026-04-21,1831.944580078125,1845.6718438993087,1807.2553000231637,1807.2553000231637,10485373
2026-04-22,1806.2677001953125,1834.808531597159,1802.6137350263361,1827.2041611288694,5687058
2026-04-23,1818.3160400390625,1823.056430006809,1789.577742311552,1799.1572552561386,7489947
2026-04-24,1791.9478759765625,1827.6979038701402,1784.8374118213812,1822.0687964600484,6306448
2026-04-27,1797.478271484375,1805.675160458021,1791.4541114275748,1793.5279867844245,4413769
2026-04-28,1820.8837890625,1828.981824513503,1790.071495928887,1803.304973845387,10558455
2026-04-29,1864.6331787109375,1876.7803528231393,1822.4639362375847,1825.03159727464,7713013
2026-04-30,1863.349365234375,1882.310683817584,1836.8824091819024,1836.8824091819024,12709188
2026-05-01,1863.349365234375,1863.349365234375,1863.349365234375,1863.349365234375,0
2026-05-04,1804.3912353515625,1871.7436605351234,1799.0583269975498,1849.9182415409805,10707858
2026-05-05,1783.65234375,1823.0564592606802,1778.6157546741522,1805.280177426069,11407461
2026-05-06,1810.9091796875,1818.6122829219387,1791.2566101348034,1794.416789611275,5507749
2026-05-07,1803.8974609375,1820.9824902664523,1798.5645525504826,1812.1930828114023,7914845
2026-05-08,1811.6993408203125,1817.9210875137167,1792.6391687081764,1797.379558622496,4839183
2026-05-11,1737.9278564453125,1797.1821288020824,1734.1750376414666,1791.4541675863443,15803791
2026-05-12,1734.965087890625,1754.4201918104775,1729.7309124435978,1729.7309124435978,11945399
2026-05-13,1766.9622802734375,1775.652954747063,1718.8676127570984,1718.8676127570984,9825413
2026-05-14,1860.09033203125,1865.7194395798856,1774.9617438728374,1797.3795616123573,21279151
2026-05-15,1881.7181396484375,1899.0006351989316,1857.0288602905885,1859.7939872467946,15807294
2026-05-18,1914.01171875,1929.5166589230141,1866.904620727789,1881.1256701194588,13888648
2026-05-19,1889.7174072265625,1917.8631851758478,1884.0882998579534,1904.432241563304,8962228
2026-05-20,1881.224365234375,1890.2112388633832,1874.1137804052098,1890.2112388633832,5778742
2026-05-21,1861.8680419921875,1891.4951781578525,1857.423971567338,1887.248573752857,6419014
2026-05-22,1848.1407470703125,1873.0274928100464,1846.0668716841888,1867.7934378406026,5099120
2026-05-25,1851.49853515625,1868.9784971860931,1839.9438797770422,1868.9784971860931,5903841
2026-05-26,1823.9451904296875,1850.7083446217582,1821.8713151146414,1850.7083446217582,5803034
2026-05-27,1829.1793212890625,1846.1656181947292,1817.5260535063592,1817.5260535063592,8653155
2026-05-28,1829.1793212890625,1829.1793212890625,1829.1793212890625,1829.1793212890625,0
2026-05-29,1806.2677001953125,1836.8824069782838,1795.8982027365641,1836.8824069782838,52886264
2026-06-01,1788.0963134765625,1819.1060719295247,1781.4796349432352,1807.255218040733,6391656
2026-06-02,1791.651611328125,1802.3174284409706,1755.3090637330802,1762.8145806943191,10791294
2026-06-03,1801.4285888671875,1812.686924576928,1782.4672701846632,1807.1565500072857,5832363
2026-06-04,1796.293212890625,1807.057762680342,1776.0480040446246,1792.4416612434447,6735759
2026-06-05,1775.8504638671875,1805.0826675045578,1768.443679949568,1802.2186869457869,3926715
2026-06-08,1790.7628173828125,1797.478228881691,1748.9885094496947,1753.0375270605523,6324919
2026-06-09,1776.6405029296875,1814.1682067158622,1766.9622574162158,1814.1682067158622,10377475
2026-06-10,1753.1363525390625,1785.232416658435,1748.9886017048862,1776.6405954077302,7999362
2026-06-11,1760.4443359375,1773.6778136690402,1746.61833961714,1750.9636768570203,5020731
2026-06-12,1799.8485107421875,1802.3174387404622,1761.8270195687587,1761.8270195687587,5910557
2026-06-15,1818.3160400390625,1833.9197131758635,1793.4292940912053,1818.118574020875,5307277
2026-06-16,1829.9693603515625,1836.0922533252306,1814.365687794883,1817.3284012762938,5957732
2026-06-17,1852.38720703125,1854.6586689578253,1818.6123210254714,1829.9693895521034,7653632
2026-06-18,1851.49853515625,1855.448819958757,1838.6601095481026,1855.448819958757,4262944
2026-06-19,1887.051025390625,1893.6677039576514,1843.9928262662233,1851.0046779619659,15918432
2026-06-22,1892.7789306640625,1900.5807672252354,1877.372844112846,1891.9889460389197,3798060
2026-06-23,1877.96533203125,1903.74091572211,1873.1262091379713,1883.890759112051,5155908
2026-06-24,1853.9674072265625,1870.5585305646887,1849.6220699642718,1867.694550058648,8957457
2026-06-25,1827.6978759765625,1865.521899178507,1825.031482097343,1861.5716145852227,8521503
2026-06-26,1827.6978759765625,1827.6978759765625,1827.6978759765625,1827.6978759765625,0
2026-06-29,1818.21728515625,1826.809226800286,1810.316715673802,1814.2670004150261,10940130
2026-06-30,1828.9818115234375,1853.276038257023,1820.2911369839348,1829.9693826959665,7233634
2026-07-01,1847.7457275390625,1863.546866844581,1822.661394780927,1822.661394780927,4307333
2026-07-02,1851.6959228515625,1860.3865972707272,1827.2041098907312,1837.6724606170815,5282404
2026-07-03,1886.656005859375,1889.2236668160383,1861.5716737837074,1866.5095296823379,5087043
2026-07-06,1901.7657470703125,1908.6787452356762,1891.7913023994834,1892.9764601311326,2740217
2026-07-07,1901.8646240234375,1932.1830109860744,1893.1739494302603,1899.5931620913436,5767438
2026-07-08,1864.6331787109375,1900.284475304649,1851.7947529725336,1887.2485835453665,6188780
2026-07-09,1907.0986328125,1941.564890223635,1875.2001568461908,1878.360336320119,11145066
2026-07-10,1896.53173828125,1906.0123975990975,1882.310689027917,1906.0123975990975,6420887
2026-07-13,1878.1629638671875,1893.1739979457682,1873.1262542846123,1890.2112843339596,7862506
2026-07-14,1912.431640625,1916.9744440624643,1861.5717235105217,1861.5717235105217,6964062
2026-07-15,1894.4578857421875,1929.417809863854,1892.7789423662703,1929.417809863854,5763065
2026-07-16,1897.914306640625,1911.9377689145142,1893.1739168435556,1904.037199621479,4644787
2026-07-17,1885.075927734375,1901.2719987394955,1879.0516470583107,1894.1615344227657,4715613
2026-07-20,1915.98681640625,1918.3570113416981,1877.570273509941,1877.570273509941,6437294
2026-07-21,1924.1837158203125,1927.7389479661829,1914.6042030195495,1922.208573455593,5061312
2026-07-22,1924.7762451171875,1931.6892434321287,1915.3943188326245,1918.2582993880105,6589708
2026-07-23,1907.0,1924.6775487092787,1901.864677946781,1923.7887105126877,5612121
2026-07-24,1898.199951171875,1905.0,1878.0,1900.199951171875,4483600
2026-07-27,1905.300048828125,1917.0,1890.0,1892.0,5230299
2026-07-28,1901.800048828125,1908.4000244140625,1892.4000244140625,1901.0,6309089
2026-07-29,1950.199951171875,1957.0,1913.0999755859375,1915.199951171875,6315728
2026-07-30,1956.800048828125,1963.199951171875,1943.9000244140625,1954.0,5356472
2026-07-31,1972.0,1976.4000244140625,1947.4000244140625,1969.0,6529385
2026-08-03,1970.5,1987.4000244140625,1943.0,1987.4000244140625,4361200
2026-08-04,1970.0999755859375,1980.0,1936.0,1980.0,4977391
2026-08-05,1978.0,2031.0,1951.800048828125,2020.0,14286999
2026-08-06,1948.0,1970.0,1944.300048828125,1969.0,5391645
2026-08-07,1959.9000244140625,1961.0,1938.300048828125,1938.300048828125,3019876
