Price,Close,High,Low,Open,Volume
Ticker,BIOCON.NS,BIOCON.NS,BIOCON.NS,BIOCON.NS,BIOCON.NS
Date,,,,,
2015-01-01,68.17953491210938,68.49231892274226,67.45771887893285,68.05121401981819,1496142
2015-01-02,68.7730484008789,69.42267859843646,68.1394546477899,68.1394546477899,3961962
2015-01-05,68.86927795410156,69.45474759367895,68.6527345899481,68.6527345899481,1729986
2015-01-06,66.535400390625,68.47628705834083,66.22261635909098,68.1875576886995,2587974
2015-01-07,64.85918426513672,66.99255238865601,64.53036377623339,66.44718119056735,4228686
2015-01-08,65.87773895263672,66.28677096645764,65.14790471492904,65.36444805172566,3145614
2015-01-09,66.71986389160156,67.40959975162366,65.94190557607124,66.23865316799046,3810000
2015-01-12,67.4176254272461,67.75447146579614,66.08627037173046,66.88829069331534,2729310
2015-01-13,68.47628021240234,69.08581177327048,68.01913154175124,68.66074332462864,5188932
2015-01-14,67.95497131347656,68.95749855517765,67.70634772957806,68.38806537281164,3303558
2015-01-15,68.99760437011719,69.61516162814827,67.53793559372441,68.33193043992776,2786424
2015-01-16,68.97352600097656,69.37453978243329,68.17151312344713,68.81312489400908,2931264
2015-01-19,69.2462158203125,70.00011208354401,68.82916557381125,69.13393870986405,3474804
2015-01-20,68.79708862304688,69.77555383910476,68.21963723222733,69.3424671316633,2585316
2015-01-21,68.36399841308594,69.47880269216311,67.61010215261703,68.97352999757304,2291508
2015-01-22,68.22765350341797,69.61515072562221,67.3213743262892,68.71688976881515,6769236
2015-01-23,66.2627182006836,67.8507151297047,65.89379192044123,67.77051089120681,9542958
2015-01-27,65.68527221679688,66.08627875712479,64.92335758736569,65.58100596384142,7389474
2015-01-28,65.7895278930664,66.07825728723361,65.41258337908015,65.45268182833368,4175184
2015-01-29,65.74140930175781,66.56748432548375,65.5168403700348,65.61308839374084,3593808
2015-01-30,66.52738189697266,67.18503752525115,65.7975475979265,66.08626962369004,3130188
2015-02-02,67.71437072753906,68.66075580557371,66.4070849219698,66.4070849219698,4371726
2015-02-03,68.29182434082031,68.97353463781462,67.3935633439385,68.1634960964851,4219668
2015-02-04,68.54045104980469,69.29434739538043,68.17152476940859,68.4843088171021,4199268
2015-02-05,67.4176254272461,69.13394318813724,66.591543100902,68.94145449275655,4394418
2015-02-06,66.0862808227539,67.48179654985525,65.76547851754195,67.23316558494837,3071064
2015-02-09,66.0862808227539,66.607597418438,65.2281254779443,65.89379943962673,2007228
2015-02-10,66.13439178466797,67.24919609627403,65.76546553515482,66.08626777703901,2002056
2015-02-11,68.08331298828125,68.46025754884393,66.26272862119552,66.26272862119552,2466582
2015-02-12,67.44971466064453,68.55649360044957,67.04870077494998,68.37203044381539,2342514
2015-02-13,72.24578094482422,72.58262703854135,67.44169113459813,67.85072325441517,10444218
2015-02-16,70.41716003417969,72.50241119869888,70.1204124706638,72.27784229973886,3684510
2015-02-18,71.53197479248047,72.4623160619719,70.46529439375044,70.56955329595093,3508698
2015-02-19,70.74598693847656,71.9008969558252,69.98407248941096,71.62018583562303,2048688
2015-02-20,71.30741882324219,72.79114963309966,70.42520149612339,71.05879520842856,3519300
2015-02-23,70.3530044555664,72.29389108252495,69.93595419381687,71.39563010994023,2368506
2015-02-24,68.49231719970703,70.81817369878232,68.15547119457037,70.38507968415614,3377460
2015-02-25,68.20359802246094,69.71139055944056,67.8988322269749,68.62064827187105,2587314
2015-02-26,67.62613677978516,68.436175244901,67.08879121904184,68.37201480011649,1882782
2015-02-27,67.75447082519531,68.89333717456256,67.38553722199254,68.21963776113917,3212994
2015-03-02,70.49736022949219,70.81816977707656,68.33993052380356,68.58855406826825,3881280
2015-03-03,69.78358459472656,71.2994030284404,69.39059626214019,70.97859337916196,3912678
2015-03-04,68.61261749267578,71.21917768197886,67.87476506342432,70.208632358874,3823038
2015-03-05,69.76753234863281,70.01615591559678,68.28379448163905,68.80511096147684,2004534
2015-03-09,69.1419677734375,70.77808144996875,68.82115814673399,69.13394955201065,2329464
2015-03-10,69.37454223632812,70.50538293015967,68.98155400333812,68.98155400333812,2175042
2015-03-11,68.59658813476562,70.20863960660955,68.3319207758979,69.37454642778921,1928904
2015-03-12,70.04022216796875,70.38508642603182,68.41212686828334,68.81313335636217,3288132
2015-03-13,68.48430633544922,70.32092679252452,67.89081114574918,69.93595674129494,2770410
2015-03-16,68.65274047851562,69.14196948073123,67.87478207086802,68.65274047851562,1830132
2015-03-17,69.919921875,70.70589843667547,68.86927793822325,69.03769729132904,3429180
2015-03-18,72.08537292480469,72.4061752012657,69.46277576559538,70.25677057820317,6248232
2015-03-19,71.11490631103516,74.01019562394852,70.37705393516741,72.98361393588556,6819012
2015-03-20,69.71939849853516,72.66280447103414,69.14194721631026,71.11490637580295,4132590
2015-03-23,69.79961395263672,70.82619580688285,69.23018079779342,69.47880436967507,2870928
2015-03-24,69.66327667236328,70.40915482897805,69.17404768447254,69.69535690061709,2146146
2015-03-25,69.46277618408203,70.4171721406702,69.1981087973871,69.70338156422406,2359746
2015-03-26,69.20612335205078,70.25676727918619,68.85323352182073,69.35048804102608,3901602
2015-03-27,68.17953491210938,70.71390924832234,67.03265041619899,69.67930920451293,3031524
2015-03-30,69.98408508300781,70.1605300066883,68.2517234165934,68.66075549809759,2177604
2015-03-31,75.27738952636719,76.19168686099303,69.65524438366506,70.32091816386158,11922354
2015-04-01,74.7560806274414,76.80924419763107,74.21872773282149,75.7906806323297,11657898
2015-04-06,76.48844909667969,77.53909308247482,74.72400718970992,75.1330392741949,8624922
2015-04-07,76.71299743652344,77.87591823647146,75.5500692938839,76.83330009463472,4855686
2015-04-08,77.86791229248047,78.66190702410432,75.7425625499087,76.8894470923399,6680160
2015-04-09,76.02840423583984,78.4432871696126,75.38010763982783,78.26500597666475,5156094
2015-04-10,75.7042465209961,78.2001680735804,75.08026984240414,77.95705873509351,11052762
2015-04-13,79.20501708984375,79.70744650293967,75.87442370586481,76.10942395187142,14026584
2015-04-15,77.45462799072266,80.33952564336045,76.89547212379722,79.52105713481764,8206014
2015-04-16,76.40115356445312,78.18395769232636,75.03973990784671,77.47083307353405,5505780
2015-04-17,75.49354553222656,77.18720910680459,75.08026413965473,76.49839689370798,3865872
2015-04-20,72.87606811523438,76.15804387274596,72.18725591531339,75.6880359919451,6961572
2015-04-21,71.7820816040039,73.63781568987164,71.47414410388187,72.9328001060019,6082572
2015-04-22,73.89713287353516,75.35578881838866,70.35583692294605,71.96035994610646,7856052
2015-04-23,73.2002182006836,76.17425655678475,72.93279646316378,75.97976464808502,12084402
2015-04-24,72.13053131103516,73.74315581815088,71.62000030405528,73.548663929293,3960972
2015-04-27,70.501708984375,72.79503697529435,70.14514663866882,72.64106822039547,3609828
2015-04-28,71.60379028320312,71.96035256714454,69.69132996811783,70.55032159935007,3814902
2015-04-29,71.96035766601562,72.86796676993647,70.99602206571129,71.79828726142532,4241172
2015-04-30,73.36228942871094,74.45628138788689,72.71400037038333,73.40280517638523,8921748
2015-05-04,73.56488800048828,74.36714585738231,71.79829444678211,73.970067762067,4431414
2015-05-05,72.38175964355469,74.05111104308737,72.20347846061028,73.74317351585933,3651360
2015-05-06,68.96200561523438,72.25209040771546,68.39475550065042,72.2196689083206,4731630
2015-05-07,68.694580078125,69.75615784164597,67.88422069678118,68.94579846030216,5693556
2015-05-08,70.33963012695312,70.58273943912104,68.92959166491475,69.69133368176706,4482540
2015-05-11,71.344482421875,71.79828697200614,70.33963107925054,70.66377188712454,2533704
2015-05-12,69.98307037353516,71.39310146783434,69.69133622066263,71.34448405509406,2391600
2015-05-13,70.35584259033203,71.06896728878458,69.52927230548708,70.3315301721378,2305650
2015-05-14,71.18240356445312,71.53896586704072,69.71564602759153,70.36393505302655,2290056
2015-05-15,71.5308609008789,71.83069669429977,70.58273611193893,71.30395493002761,1586976
2015-05-18,72.90849304199219,73.09487588895574,71.3606963426022,71.63621977973638,3623064
2015-05-19,72.5924301147461,73.84039054994058,72.28449269271051,73.06243791177245,3286458
2015-05-20,72.7302017211914,73.74316215743343,72.47899073805786,72.92469362676866,2633100
2015-05-21,72.33312225341797,72.91658312055917,71.66052081027253,72.91658312055917,1230282
2015-05-22,72.4546890258789,73.2569543440734,71.96036865208076,72.57624370265607,1533702
2015-05-25,72.7302017211914,73.09486569765271,71.9441472716049,72.46277998796492,1352880
2015-05-26,72.6248550415039,72.91658176007773,71.98466769074943,72.91658176007773,1758834
2015-05-27,72.90039825439453,73.24885156222697,72.00899968768258,72.2845231508157,1869522
2015-05-28,71.68482971191406,73.17589959668568,71.47413448978601,72.93279029570002,3656724
2015-05-29,73.15159606933594,73.35418965113774,71.65242433750497,72.1386429985429,2973636
2015-06-01,73.79988861083984,74.87767731695685,73.09487300304082,73.22453675942062,3069618
2015-06-02,73.62161254882812,75.35579197235185,72.93280029522606,74.00247988240109,4525632
2015-06-03,70.67997741699219,74.47248394188216,70.32341513555721,73.87281236294278,4847562
2015-06-04,70.53411865234375,70.97171247168767,69.40771260266943,70.939298389481,2756052
2015-06-05,72.04139709472656,72.60864722441616,70.22617887386156,70.61515526677658,3397014
2015-06-08,70.48548889160156,72.44657411398411,70.21807458686936,72.44657411398411,2213634
2015-06-09,73.76747131347656,74.02679139583279,70.13704209424552,70.34773734268869,5290914
2015-06-10,73.32987213134766,74.22937955931566,72.93279408040594,73.58108311030706,2511954
2015-06-11,72.90849304199219,74.71560984527189,72.48710251011434,73.64592276322412,4153662
2015-06-12,72.34123229980469,73.07866940838557,71.59570094405878,72.73831781471425,1767966
2015-06-15,72.3736572265625,73.53247748457962,71.96036835955672,72.12243878823121,2381886
2015-06-16,73.47573852539062,74.55351967682876,72.75451225659916,74.44007410554033,7048080
2015-06-17,75.720458984375,76.4254745981044,73.42712354927632,73.87282648628153,7286892
2015-06-18,75.7690658569336,77.13858114283605,75.59078470694288,76.24718281198984,5276544
2015-06-19,75.66372680664062,76.49839869613014,74.78853175012097,76.08511729382074,3310578
2015-06-22,76.1904525756836,76.82253823485507,75.36388244558567,75.6880306495701,3139806
2015-06-23,75.720458984375,76.93600570429066,75.31527179833085,76.46599034906546,3173154
2015-06-24,76.16615295410156,77.55187915428219,75.76907486160744,75.85011378099074,4797780
2015-06-25,76.27149963378906,76.98461685584842,75.80148431681837,76.32822613198262,2706108
2015-06-26,75.01542663574219,77.29255103620659,74.39955168589628,76.17425412804667,3061086
2015-06-29,75.05595397949219,75.34768072082059,72.63296237203156,74.07541500436626,4064250
2015-06-30,74.73179626464844,75.49353823245252,74.24557767162001,75.30715542767254,3328542
2015-07-01,75.18560791015625,75.6880372995202,74.32662362610023,74.4643816169998,2144730
2015-07-02,74.78852081298828,75.5664735092613,74.5535131873694,75.35577829648348,1733982
2015-07-03,76.7090835571289,77.308755124574,74.56972474773941,74.99921684255057,5390106
2015-07-06,77.47894287109375,78.03809133670434,76.18235736442624,76.6604743365066,5410722
2015-07-07,76.70098876953125,78.33792581066797,76.2471842209258,77.26824631006494,3853302
2015-07-08,75.64751434326172,76.82254519748274,74.91008471694667,76.18235781544423,2342580
2015-07-09,75.51786041259766,77.27635220735593,75.32337591787652,75.7204539922631,1888596
2015-07-10,75.63130187988281,76.4983877272023,75.23422386603531,75.8663020870654,1977672
2015-07-13,76.30390167236328,76.85494839768681,75.53405807361814,75.53405807361814,2510382
2015-07-14,76.75772094726562,77.61670527748899,76.38495528231708,76.49029919754287,2552286
2015-07-15,78.90518188476562,79.25364255223123,76.3039164733198,76.96841630601918,7853850
2015-07-16,78.3784408569336,80.10451845930149,78.0137768882266,79.59398741929022,10041090
2015-07-17,77.28445434570312,79.26984472977456,77.05755576714122,78.60535232586075,3937032
2015-07-20,77.18721008300781,78.25688962080905,76.3363274521715,77.47083515358399,3487938
2015-07-21,75.16130065917969,78.08672177972207,74.88577723933996,77.46273768769471,3183468
2015-07-22,74.65887451171875,75.63131180286688,74.31041385886654,74.94249958193437,3489120
2015-07-23,74.35093688964844,76.10131955905446,74.09971848254818,74.90198369774521,6301116
2015-07-24,75.49354553222656,77.45463084264969,75.23423288106113,77.00082628400251,16523364
2015-07-27,74.54541778564453,75.96355790397264,74.22937864947947,75.49354261324706,4077996
2015-07-28,73.07865142822266,75.02352567823999,72.77071399451744,74.55351044429567,4656534
2015-07-29,73.86470794677734,74.91007491946519,73.31365379640056,73.74315330255287,6893232
2015-07-30,73.89713287353516,74.78042958997814,73.58108630068556,74.56973434778101,4472700
2015-07-31,74.13213348388672,74.6345628852123,73.74316449859859,74.1483442344943,2183940
2015-08-03,74.91007995605469,75.52595488310536,74.36713485279947,74.52110358456214,2866422
2015-08-04,75.8095932006836,75.97976527570536,74.97491389963075,75.03974206336359,3584622
2015-08-05,76.04460144042969,77.21153076772202,75.85011692876857,76.00408568861076,3715926
2015-08-06,76.31201934814453,77.22773019433546,76.09322242881622,76.32823009951723,2929740
2015-08-07,75.8501205444336,76.88738616095492,75.40441757674517,76.44979227930368,2640966
2015-08-10,75.46923828125,76.54702696396248,75.08837094400863,76.49030046286096,2260788
2015-08-11,74.97490692138672,77.13047655086041,74.64265704884902,76.33632049038701,8593128
2015-08-12,74.77232360839844,75.59890128007336,73.93765168978605,74.55352669141135,3607110
2015-08-13,75.01542663574219,76.80633240862142,74.54541875799335,74.87766864811704,4008066
2015-08-14,76.07699584960938,76.32821421941706,74.97490239701813,74.97490239701813,1981920
2015-08-17,77.7058334350586,77.95704439351816,75.36388106641894,76.01217004341703,3405156
2015-08-18,77.77877807617188,78.58914501616381,76.43357503945404,78.28120750793502,4212330
2015-08-19,77.40601348876953,78.59724778813157,77.07376355803623,77.6329194995671,2909874
2015-08-20,76.18236541748047,78.42707602095254,76.012185908684,77.25204504947831,2980302
2015-08-21,75.20991516113281,75.8501024974335,74.71559489037939,75.36388389168071,1629558
2015-08-24,66.40125274658203,73.726945799697,64.06740199091995,73.61349281499844,6194328
2015-08-25,69.22132110595703,69.67512561912393,64.10792423239951,68.03818870581907,6279048
2015-08-26,68.8647689819336,70.17755788824213,67.74646457318632,69.52926881059659,2689620
2015-08-27,70.88258361816406,71.94416167906012,69.41582575309492,69.69134920699008,6861792
2015-08-28,71.57138061523438,72.73020069035032,71.0365445754695,72.73020069035032,2455458
2015-08-31,71.92794036865234,73.15158856158257,70.8582609079747,70.98791722584902,1823976
2015-09-01,70.81774139404297,72.51140495521481,69.9668587807031,71.76587366990775,2633418
2015-09-02,70.80152893066406,71.58758328033618,69.41580302860594,71.26343509164789,2468292
2015-09-03,71.26344299316406,71.69293512481076,70.420662060593,71.26344299316406,1566570
2015-09-04,69.40771484375,71.31207376608916,68.40286342468237,71.1499959307147,2144142
2015-09-07,69.3833999633789,70.380149681025,69.11597822170198,69.36719663188154,2102892
2015-09-08,70.40446472167969,70.82585522382787,68.08681695986466,69.54547296617388,2701872
2015-09-09,70.72050476074219,71.29586402048794,70.33963742236735,70.98792651568456,2116152
2015-09-10,70.48548889160156,70.77722303017329,69.62650464451762,70.17755142261326,1307220
2015-09-11,70.7934341430664,71.75776230012981,70.39634867831943,70.58273891281812,1104528
2015-09-14,72.51951599121094,72.7707344263843,70.55843786202092,70.90689113406803,1883226
2015-09-15,72.63297271728516,73.50816790414187,71.98468355844376,72.60866029726796,2200386
2015-09-16,72.09000396728516,73.5405579988029,71.78206653182119,73.17589407484189,2114958
2015-09-18,71.44982147216797,73.33796937132225,71.13378235119973,72.73830520796952,1766040
2015-09-21,71.31206512451172,71.70103407641584,70.84204984563345,70.98791691215109,1660098
2015-09-22,70.63946533203125,72.68969135268253,69.98307457730134,71.27966017368513,2946942
2015-09-23,71.2229232788086,71.60379055885193,70.01547844297231,70.33962664954028,1440012
2015-09-24,70.82585906982422,72.25210107027067,70.46929671493548,71.05275766532073,2559954
2015-09-28,71.74156188964844,72.5276163476717,70.50170287255101,71.11757783875606,1662696
2015-09-29,70.78533172607422,71.63621439246306,70.21808156122036,71.03655014444922,2182644
2015-09-30,72.05760192871094,72.43036757927192,70.80964123061345,71.45793028625528,1401714
2015-10-01,72.65727233886719,73.41901437753688,72.07381145677451,72.36553818826702,1594044
2015-10-05,73.19210815429688,73.90523277831343,72.93279550491458,73.62970937879093,1554966
2015-10-06,72.77071380615234,73.85659648558982,72.62484675395731,73.41900274811121,1256718
2015-10-07,72.17107391357422,73.38662084966731,71.96848028452213,72.7707457138094,1266222
2015-10-08,71.87931823730469,72.82744308077855,71.4093103578187,72.18725571336577,1319154
2015-10-09,71.85501098632812,72.47899506779872,71.55518257321985,72.26829981864964,1049682
2015-10-12,71.15809631347656,72.68158029738797,70.99601849792364,72.68158029738797,1297794
2015-10-13,70.96360778808594,71.53896699667112,70.5989438144379,71.14999060762504,1673340
2015-10-14,71.61189270019531,72.12242371772662,70.70429107015944,70.98791611585146,1112028
2015-10-15,71.36068725585938,72.26829637523956,71.06896052262783,72.21967154348046,1161402
2015-10-16,73.0948715209961,73.33798085800507,71.47414508063898,71.92794967099628,2872890
2015-10-19,74.1888656616211,74.52111559298648,72.85987335526795,73.42712354512425,2406960
2015-10-20,74.11592102050781,75.28284267081057,73.90522580321607,74.44006922075053,4100058
2015-10-21,73.3379898071289,75.3639036691201,73.10298952669014,74.71561449769092,9622062
2015-10-23,72.5276107788086,74.0835088251222,72.38174371403701,73.90522768141327,1777842
2015-10-26,72.25209045410156,73.05434821561511,71.84690332158728,72.52761384627543,1764648
2015-10-27,72.22779846191406,72.43038466634619,71.77399379017524,72.43038466634619,1151346
2015-10-28,73.32177734375,73.7107537658206,71.83880890785422,71.92794949247681,2394570
2015-10-29,73.20833587646484,73.60541402721759,72.80315605831758,73.37040631990187,3418188
2015-10-30,73.73505401611328,74.19696766082619,72.85986639669609,73.28935854080837,1590780
2015-11-02,73.16781616210938,74.21318344916673,72.64918335205881,73.87283182680683,1594854
2015-11-03,73.38658905029297,74.06729207190364,73.03812845608033,73.27313607365569,1412574
2015-11-04,73.03813934326172,73.97006086906957,72.7058894472315,73.59729522638948,1133106
2015-11-05,71.60379028320312,73.17589906321118,70.98791537029123,72.91657901513368,1342494
2015-11-06,71.61189270019531,71.7982829281092,70.68808032112501,71.47413471938468,981954
2015-11-09,73.71075439453125,74.19697307148961,70.31532532200981,70.66377857824614,1502766
2015-11-10,70.97171020507812,73.49194396647442,70.8096397992208,73.19210815130766,1050342
2015-11-13,71.90364074707031,72.28451552247384,70.70430475513747,70.98792985572577,1382520
2015-11-16,72.04949951171875,72.60864798172956,71.3525856310502,71.8955307698705,1072296
2015-11-17,71.9927749633789,72.67347811217776,71.14189231782639,72.31692320614917,1934640
2015-11-18,73.01383972167969,73.4028087240108,71.79829304162458,71.96036345926254,1794834
2015-11-19,73.67021942138672,73.94574279957617,72.73830538594022,73.41900845697131,1799568
2015-11-20,73.54866790771484,74.39144882710413,73.27314451777717,73.58108198776002,1355844
2015-11-23,74.1888656616211,74.50491226024633,73.38660779416549,73.61350638628633,1474044
2015-11-24,73.80799102783203,74.22938150500077,73.32987405345507,74.05110034780571,1533684
2015-11-26,74.54541778564453,75.20181589196564,73.84040226866354,74.55351945090328,4744644
2015-11-27,75.33147430419922,75.67992753018184,74.13213104830788,74.71559934528615,1537866
2015-11-30,74.8209457397461,76.17425778032809,74.47249250218645,75.85010954002708,2284602
2015-12-01,75.73666381835938,75.89874166363309,74.48060132258514,74.95871835365806,1408386
2015-12-02,76.5794448852539,76.98462466028785,74.95060928036858,76.14185102498159,1781250
2015-12-03,75.6961441040039,76.95220653402497,75.40440993306996,76.95220653402497,1751238
2015-12-04,75.16130065917969,75.94735516902213,74.76422257120161,75.20992549407829,1416618
2015-12-07,76.2309799194336,76.7090969237688,75.20182349695258,75.20182349695258,2212416
2015-12-08,74.39954376220703,76.17424601534833,74.22937171214035,75.97975413356352,1361766
2015-12-09,75.10457611083984,75.80959913965899,74.04299815355729,74.42387291921045,3529176
2015-12-10,76.70098876953125,76.98461383024434,74.79662999846691,76.02028565617682,3984882
2015-12-11,75.80147552490234,76.74149863070632,75.36388175974659,76.44166284309306,2161842
2015-12-14,76.63615417480469,76.98460736762306,75.29905305651955,75.36388121243428,1664448
2015-12-15,76.5389175415039,77.4384175445233,76.04458983304572,76.38494880516338,2622606
2015-12-16,76.24718475341797,77.14669219151808,76.14184084525426,76.709090970642,1571838
2015-12-17,78.15965270996094,78.60535563909322,76.17426224220486,76.44978566591165,2906442
2015-12-18,77.88412475585938,78.8565620580496,77.68153117820047,78.32982765906584,2102640
2015-12-21,78.52430725097656,78.71069006638272,77.34927644446383,78.5405105814776,2328468
2015-12-22,78.45948791503906,79.11587867540969,77.87602698834021,78.60535500149082,2528292
2015-12-23,78.1839599609375,78.92949126319016,77.95705396869867,78.60535044443152,1856094
2015-12-24,82.34111785888672,83.28924258727636,78.32981465337882,78.78361172788627,18829452
2015-12-28,82.42216491699219,83.54857098992638,81.8630164230501,82.83545374754625,7044960
2015-12-29,82.11421966552734,83.30545379171743,81.8467979427237,82.8273442596704,4584876
2015-12-30,83.29736328125,84.71550357516118,82.04940249348714,82.10612899553658,9858684
2015-12-31,83.969970703125,84.72361119615213,83.56479091314763,83.79168951818448,5784240
2016-01-01,84.47237396240234,85.65550629792082,83.58096831427481,84.43185080260149,4697472
2016-01-04,86.579345703125,87.77058007582389,83.5647911418741,84.23739271110323,7605240
2016-01-05,86.57123565673828,88.25679025008706,86.30381390448024,88.00557924907562,6621660
2016-01-06,84.88566589355469,86.09311079194725,83.9537518074394,85.26654061243774,10462026
2016-01-07,82.86786651611328,84.7317022188006,82.4951008593974,83.62960858027995,5126274
2016-01-08,83.97805786132812,84.52100298917797,83.11097192514072,83.46753423341957,3083310
2016-01-11,84.6911849975586,85.84190344916117,82.69768558098946,83.41891188443614,3850968
2016-01-12,84.04290008544922,85.5177594277373,83.62961124826512,85.5177594277373,4194828
2016-01-13,82.56803131103516,85.9877726692499,80.38814901503666,84.27789828058856,5443176
2016-01-14,83.9132308959961,84.3265197064031,80.60694267006302,81.14988780565353,4784736
2016-01-15,81.34437561035156,84.71549182887149,80.76901642248045,84.01857798749391,2731692
2016-01-18,78.04618835449219,80.84194535426974,75.36388434182984,75.36388434182984,3606630
2016-01-19,80.09642028808594,81.03644349858953,78.13533495301725,78.60535026782293,2223570
2016-01-20,78.07050323486328,79.73985433859136,76.40925379644015,79.41570611621168,2711238
2016-01-21,78.3136215209961,79.97487114978536,77.10617648789784,78.7674261166871,2987970
2016-01-22,78.29740142822266,80.06400218371574,77.14669045336709,78.11912769681663,5788890
2016-01-25,79.26173400878906,79.69122611918857,77.97325767759051,78.90517172124716,2624034
2016-01-27,80.99594116210938,81.48215993330585,79.25365970502523,79.86953483677819,5088372
2016-01-28,79.77227020263672,81.8305977354234,79.54537163527266,81.52266025587552,3778086
2016-01-29,79.31035614013672,80.5015901939863,78.44326286475221,79.81277805631102,3529986
2016-02-01,78.88086700439453,80.55831970799605,78.4513748924812,79.74795289321013,2160486
2016-02-02,76.7901382446289,79.13209108579166,76.2228806383613,78.89708340930972,2395086
2016-02-03,74.99113464355469,76.45789244601912,74.59405652344493,76.14185325092868,3263172
2016-02-04,75.78528594970703,76.95220781464616,74.21317690516015,75.68804369748015,3148158
2016-02-05,76.61185455322266,77.21152622421965,74.82905029147047,74.94250329281759,1980150
2016-02-08,76.29581451416016,77.61670508937158,75.68804118403968,77.38980650837702,1352556
2016-02-09,74.28609466552734,76.82253899205897,73.41900878355003,75.38008651826236,2279340
2016-02-10,74.14835357666016,74.99923632262184,72.7788380325291,73.7512754564853,2259600
2016-02-11,71.81449127197266,74.14024055016883,71.47413970955819,74.05109997202365,2962920
2016-02-12,72.30072021484375,73.25695429504206,69.85342334755948,71.81450150806053,3737928
2016-02-15,74.23748016357422,76.86305774529765,72.7383085574965,73.05434769301802,5411040
2016-02-16,72.68968963623047,75.34768151407859,72.30071322458957,75.0316423528686,3300888
2016-02-17,74.8209457397461,75.20182047853288,72.34933673738585,72.89228188676923,3902850
2016-02-18,74.9587173461914,75.93115472832964,74.16455372088453,75.28285819416519,2846124
2016-02-19,74.96681213378906,75.43682002977815,74.48059348733452,74.85335913785427,1218120
2016-02-22,76.49030303955078,76.70099829969335,74.85336579502327,75.33958448472022,1817130
2016-02-23,76.69290161132812,77.70585480757673,76.10133154360766,77.02515156546083,3478590
2016-02-24,75.4287109375,76.74149966985046,74.9749064175495,76.39304646978319,2604666
2016-02-25,74.10783386230469,75.76907609335656,73.66213092711331,75.76907609335656,3236100
2016-02-26,75.71233367919922,76.41735656100143,73.59728729111303,74.55351371034568,3017028
2016-02-29,76.09321594238281,77.106168953138,74.14834141350401,75.80959087995717,3248382
2016-03-01,76.14183807373047,76.82254116706152,75.52595572074202,76.17425215345541,2543130
2016-03-02,77.94084930419922,79.41570855209423,76.49029505296457,76.73340437242925,3936900
2016-03-03,78.38654327392578,79.35898053313606,78.01377763632384,78.37033994312961,2571954
2016-03-04,78.8565673828125,79.820903084363,78.11913769061897,78.14344268952865,3214362
2016-03-08,76.95220947265625,79.780381029063,76.60375620655843,78.8808809026984,3120486
2016-03-09,78.54861450195312,79.09155958197671,76.88736518390388,76.9846074178394,3497430
2016-03-10,79.54537200927734,80.35573145849527,78.36223949754725,78.7674192221562,3608580
2016-03-11,78.65397644042969,79.90193727659766,78.36224967171361,79.25364814923114,2192088
2016-03-14,78.33793640136719,79.17260836556237,77.9489599615319,78.83225676287219,1396794
2016-03-15,77.0899658203125,78.52430930522418,76.8225440880831,78.0380906717553,2253612
2016-03-16,76.80634307861328,77.61671004353448,76.01218686578041,77.18721785204988,1675914
2016-03-17,75.99552154541016,78.41159040333446,75.51231377240107,77.60077791281469,3942138
2016-03-18,75.23385620117188,76.14294790356892,74.50493922940967,76.00372095286653,2117382
2016-03-21,76.74081420898438,76.9865158473288,74.93899969505222,75.34849992621996,1519674
2016-03-22,76.5114974975586,77.51887583049906,76.11837333126235,76.75719916421627,1447866
2016-03-23,75.99552154541016,76.56063987057156,75.52868988425577,76.29855459691908,987072
2016-03-28,78.70642852783203,79.6073320495627,75.78257298793025,76.98651703293407,3592560
2016-03-29,78.99308013916016,80.90955000172454,78.64909933026645,79.77113286144582,6217566
2016-03-30,78.85384368896484,80.0086444088099,78.6490973188844,80.0086444088099,2073702
2016-03-31,79.17326354980469,79.60733546978476,77.86285223608078,78.85384690238318,3424422
2016-04-01,80.40996551513672,80.81127774282007,78.97670327442763,79.23878855486366,1565286
2016-04-04,80.59014129638672,81.0733565414898,79.6974258002003,81.0733565414898,1554630
2016-04-05,86.36412811279297,87.38788246631206,81.58932215169835,82.14625237814639,27156060
2016-04-06,87.10124206542969,87.6335931846646,85.60246037791795,87.04391067596718,9732312
2016-04-07,87.87928009033203,89.23883460206359,86.8473377480417,87.1503707567343,10536900
2016-04-08,87.8629150390625,89.10779944959367,87.28960866682233,88.1249928104503,6035454
2016-04-11,89.50910949707031,90.49191611245718,87.09304823305723,88.20689373097049,5717976
2016-04-12,90.94236755371094,92.45752518488045,89.87765793552153,90.25440595316952,8748762
2016-04-13,90.80313873291016,92.20364118265033,90.29535930548077,91.87603647261169,5124042
2016-04-18,91.6385269165039,91.96612411598217,89.85309593557996,89.85309593557996,5772270
2016-04-20,92.86703491210938,94.06278343256014,90.99970088719265,91.71223416692924,6637932
2016-04-21,90.38544464111328,92.46572054530246,89.55824861221204,92.42476527277589,4679478
2016-04-22,90.24622344970703,92.05622631325367,89.77939176053242,90.22165928045061,3156114
2016-04-25,91.44196319580078,92.37563398127553,90.22983853349285,90.97513155217311,3922602
2016-04-26,92.60494995117188,93.2192040732919,90.9341817382931,91.40101337146046,6533682
2016-04-27,93.67784118652344,95.23395402125006,92.47390468989302,94.6770313220558,10925106
2016-04-28,94.2920913696289,94.64426769317139,93.30109682813963,94.00544197700616,6660552
2016-04-29,95.88916778564453,96.62627277289143,93.93993809631637,94.1037367051869,7570914
2016-05-02,99.5173568725586,99.91866906996412,95.56155878537325,95.897351542168,11342964
2016-05-03,100.31180572509766,101.14718994442288,99.05872564699968,100.41828045303672,11135580
2016-05-04,101.7696304321289,102.94899539922841,99.6156393839506,100.31179658573855,8998926
2016-05-05,101.433837890625,102.70329396898502,100.5411223583995,101.81057843675953,6349422
2016-05-06,100.34456634521484,102.35932315529594,100.00877354353466,100.57389191622586,3729888
2016-05-09,99.97600555419922,100.90148082191298,99.60745305830154,100.57388360215042,5101392
2016-05-10,101.32737731933594,102.01534656291707,99.85316715223148,100.53294084063356,4492440
2016-05-11,102.62958526611328,103.78437855663353,100.32817924257242,100.57388089990263,8953212
2016-05-12,102.62139129638672,103.36669183382152,102.13818352820547,102.703294349501,3717678
2016-05-13,102.94898986816406,104.04645922189235,102.32654769664856,102.53948962346479,3609786
2016-05-16,102.71148681640625,103.75162489292701,102.39207764251655,103.19470210355935,2359176
2016-05-17,102.50672912597656,103.1701190674623,100.81138177966838,102.88346964816988,3366528
2016-05-18,102.05628204345703,102.76881537202037,101.34374871489369,101.90067148890228,3310230
2016-05-19,101.40107727050781,102.93261110713836,101.10623228157749,102.04809113678647,1549590
2016-05-20,101.8924789428711,102.53949279871226,101.2126978681489,101.6385817349693,1643292
2016-05-23,104.97193145751953,105.39781529911738,102.03169983840058,102.5558628361628,5575548
2016-05-24,105.5124740600586,106.03663707518085,104.47234358343012,105.48790989386818,5524842
2016-05-25,106.42157745361328,106.92936437844936,105.23401694256627,105.51247832127653,4106982
2016-05-26,107.66646575927734,108.43633042746536,105.68446895507887,106.91297720199796,4975788
2016-05-27,114.57068634033203,117.44539889414189,107.84665010181119,108.20701455261562,14273718
2016-05-30,114.9064712524414,116.2742139616289,112.3757472104376,115.29959539927621,4549752
2016-05-31,117.53548431396484,118.23164151507837,115.31598132334187,115.47977993021935,8952624
2016-06-01,117.04408264160156,119.07521538833299,116.49534792806836,117.44539485776141,5438574
2016-06-02,116.19231414794922,117.03589385093302,115.15217611518143,116.90484746619072,4309752
2016-06-03,115.18492889404297,117.11778234662803,114.93103919215362,116.62637905356776,3174912
2016-06-06,118.96874237060547,120.47571199631433,115.31597732717415,115.31597732717415,15300162
2016-06-07,118.6001968383789,120.62313405087097,118.1169815637686,120.23001738497084,5770854
2016-06-08,119.90240478515625,121.04900998178275,118.49371433026754,119.47652092686717,4955826
2016-06-09,118.11698150634766,120.22182177232224,117.71566928643819,119.86965288473628,2932230
2016-06-10,116.85572052001953,118.80495034905654,116.59363522882235,118.25621559723572,4492260
2016-06-13,117.48633575439453,118.57561706175818,115.79918393486996,116.36430222533251,5449392
2016-06-14,116.9212417602539,118.26441296450761,116.29879949417352,117.52730791313233,1708842
2016-06-15,117.8958511352539,118.39544252001393,117.06865503188384,118.00231835732582,2751402
2016-06-16,117.6665267944336,119.41101012929984,117.17512346056816,117.8548970726527,3731136
2016-06-17,117.4617691040039,118.7394207299879,116.68371634997366,118.42819962837581,2109690
2016-06-20,118.96055603027344,119.55023853848742,116.29879293806117,116.29879293806117,3854244
2016-06-21,118.71485900878906,119.86965990201682,118.16612425800538,119.37825654289355,2563086
2016-06-22,117.29796600341797,119.52566445865685,116.94579713820828,118.52647425125062,2275350
2016-06-23,117.82212829589844,119.08339625601265,116.39706173648992,118.16610910352608,2198058
2016-06-24,116.3970718383789,116.78200045468257,112.71973485387339,116.11861044630182,4041912
2016-06-27,124.03019714355469,125.11129046508711,116.46258888214616,116.46258888214616,11701296
2016-06-28,122.71979522705078,125.30785079959556,122.3102874478467,124.16124551390784,8545038
2016-06-29,121.2455825805664,122.99825394263746,121.09816008318816,122.85083144525922,4296216
2016-06-30,121.40938568115234,123.34223933394274,120.78694344499509,121.99906819426027,7605222
2016-07-01,121.16368103027344,122.75255380287226,120.91797936433423,122.0318249170667,2511738
2016-07-04,121.97447967529297,123.17022814693756,121.21281059596406,121.44212862562655,3441120
2016-07-05,120.31190490722656,121.04900985389757,118.49371420508196,120.72141265418996,3651726
2016-07-07,119.82049560546875,121.9253431246617,119.32090427728379,121.04900378836221,3795498
2016-07-08,119.14073944091797,120.70504058833126,118.80494665544077,119.73861750944418,1995216
2016-07-11,121.22100830078125,121.7697430025005,119.55023253022034,119.83688946289132,3281160
2016-07-12,120.45933532714844,122.03182448393412,120.27915310633658,121.360238932988,2773008
2016-07-13,118.84589385986328,123.5142253181038,118.17430833452924,120.45933073322233,4818522
2016-07-14,116.60181427001953,118.56742755825279,116.29878871987393,118.55923950241039,2186946
2016-07-15,115.31597137451172,121.44212872183286,114.97198308241707,120.55760132456751,7383990
2016-07-18,113.72711181640625,115.79100431444083,113.3995070951459,115.64358181496269,4765764
2016-07-19,114.6607666015625,115.29959238619746,112.85076396087307,113.70253167371968,4555038
2016-07-20,116.43800354003906,117.05225762866368,114.98836539052873,114.98836539052873,3795540
2016-07-21,114.75904846191406,117.41263082248948,114.0874704398314,117.0686500067351,3960552
2016-07-22,132.6297607421875,135.13592081847264,116.45440552182005,117.76480945215552,86454660
2016-07-25,132.5150909423828,135.62731698307812,130.23006849249924,134.48070423199263,28969002
2016-07-26,131.63876342773438,135.29972430088822,131.1309839766198,133.57981261484488,13860840
2016-07-27,132.30213928222656,133.95653125209589,130.4921292821781,131.6960732639496,11849022
2016-07-28,135.10316467285156,136.24977757867106,132.54787604938926,133.08842277626596,14937048
2016-07-29,135.815673828125,137.13428061096192,134.480690935211,134.734580627157,7719462
2016-08-01,135.31610107421875,137.71578639099258,133.49790271294282,136.47090192549186,4964466
2016-08-02,136.11871337890625,138.7067687456708,134.9393484644417,136.26612836954988,7970508
2016-08-03,133.71902465820312,136.53640548657023,132.80992558332986,136.1187096957973,4482618
2016-08-04,135.08676147460938,137.57654514325554,134.31690431807502,134.9229703755041,6044658
2016-08-05,137.05238342285156,137.5765539643366,135.66008400899432,136.0695767794515,4105590
2016-08-08,137.9287109375,146.8476929383401,137.13428958949498,137.87139454847755,28426206
2016-08-09,138.1990203857422,139.60771115452414,137.30629719657074,138.23177261482633,8762958
2016-08-10,137.7731170654297,139.39474208462823,135.54542592895172,138.39555929494912,6387558
2016-08-11,138.7149658203125,139.19818109369632,135.2096230707283,137.59293221735248,5225316
2016-08-12,138.60850524902344,139.88614190036557,137.76492553974953,139.06714135527253,4076592
2016-08-16,137.39634704589844,139.21453001145733,135.55358492080978,138.57571180666787,4492398
2016-08-17,138.19081115722656,139.19818199030223,136.84764004883263,137.41275088193456,3426804
2016-08-18,140.1809844970703,144.63638157802998,138.41192955321222,138.55935954645656,15077538
2016-08-19,138.8214569091797,140.61507627349675,138.2153907319976,140.4594731989572,7188030
2016-08-22,144.66094970703125,145.57004886939757,138.42012139975492,138.77229778630434,17551050
2016-08-23,144.8411407470703,147.02789170349033,143.19493648738296,145.2915888294606,9259146
2016-08-24,144.52171325683594,146.17610536347965,143.6945097052948,144.65275213706374,5143044
2016-08-25,141.77806091308594,146.43820489154245,141.08191113473057,144.84114393215484,10475460
2016-08-26,146.18431091308594,149.0262563337789,144.57087388709488,144.80018445671632,23374140
2016-08-29,146.06964111328125,147.19167472749223,144.84113277759343,146.59381166817988,4388490
2016-08-30,149.4193572998047,150.8362356906448,147.74857422934312,148.07618639820558,10664154
2016-08-31,150.15646362304688,151.3522045611776,149.25555264470358,150.18921584238439,6407568
2016-09-01,149.09176635742188,150.61511966984688,148.40380469916397,149.87801467961924,3226698
2016-09-02,149.4193572998047,150.20559051362508,148.76414795851707,149.55039616877477,1731918
2016-09-06,150.9427032470703,152.00742035657657,149.58315616527057,149.58315616527057,3112836
2016-09-07,152.7936553955078,153.80922918934505,149.8452356666386,151.67980994190452,5601702
2016-09-08,152.10569763183594,153.2359342209689,151.10651491976367,153.137647562283,4103910
2016-09-09,148.7559814453125,154.13683888923677,147.83050617730947,152.00743446545536,7760514
2016-09-12,145.0950164794922,146.9132147394328,142.728098515726,145.78297811963978,4917042
2016-09-14,151.4423065185547,152.0729517780602,145.0950186194395,145.0950186194395,7613076
2016-09-15,152.16302490234375,153.23593007763955,150.2055998085461,151.36858858816933,6749328
2016-09-16,150.86083984375,153.42433151224148,149.4275849634836,152.66264726435128,5667204
2016-09-19,152.8509979248047,154.3661631725502,150.76253379789787,151.27032823006405,6314316
2016-09-20,157.16717529296875,158.46939116167297,152.6626346198973,153.15403796630943,12113346
2016-09-21,154.8821258544922,158.1909101327199,154.42348976469333,157.2818260087423,6764448
2016-09-22,157.73226928710938,158.34652340448665,155.17696616024458,156.43005355755724,5230314
2016-09-23,157.650390625,159.7060876263648,156.59386143278127,158.0516953599085,5093820
2016-09-26,158.6659393310547,160.13196122007642,156.44643635821362,157.24906077281224,4570788
2016-09-27,159.6815185546875,161.30314354991123,158.72327605977557,158.72327605977557,5717988
2016-09-28,159.16552734375,160.79535530217166,158.66593598365154,159.8698800783692,3607602
2016-09-29,151.2293701171875,160.0582536714141,145.20967951138556,159.67331007746398,8913114
2016-09-30,152.9083251953125,154.30063957457546,149.779723117127,150.69701029695074,4761582
2016-10-03,157.91246032714844,158.3956755927047,154.05494125496904,155.6110467738829,3414018
2016-10-04,155.38172912597656,158.34652503058004,154.34159114344044,157.57665286388996,3174288
2016-10-05,156.74948120117188,158.55947654901442,155.23431586731982,156.7576692575116,4242738
2016-10-06,157.23268127441406,159.1327750509182,156.5938479809222,157.57665458958164,4383234
2016-10-07,154.6773681640625,158.06804774699063,153.4406719270789,156.79041123490015,3702132
2016-10-10,154.669189453125,156.58565933347884,153.4980125819955,155.9386529833244,2367780
2016-10-13,154.308837890625,156.5938604382481,152.38417979436983,153.97305260429212,5783124
2016-10-14,155.9304656982422,157.47838310938997,154.80022909910855,154.93945603644661,8268858
2016-10-17,155.18516540527344,157.8960867690166,153.40792236441754,156.97879955449613,4631382
2016-10-18,158.2236785888672,158.67412662656818,155.7093306398356,156.41366838950108,3669780
2016-10-19,164.26792907714844,164.94770264214253,157.90426534228953,158.24823865430324,9541320
2016-10-20,160.5823974609375,165.01321502533622,159.8534805978464,165.01321502533622,8039214
2016-10-21,165.13607788085938,167.07712697220026,160.0828177945251,160.88544220864856,25017504
2016-10-24,158.9935302734375,166.20897666105245,158.34652393241018,165.43910449970159,9018696
2016-10-25,153.89114379882812,159.542282312419,153.56354656496956,159.542282312419,9939390
2016-10-26,148.58396911621094,153.44885846954,147.1507145835287,153.44885846954,9286560
2016-10-27,150.8362579345703,152.64625319924187,146.58560713876633,148.0516290707748,14619996
2016-10-28,151.62249755859375,152.7691103734285,150.72978947136423,151.0246344804863,5233548
2016-11-01,151.52423095703125,153.46526525552844,151.21300982488788,152.5397899156757,4008930
2016-11-02,148.95252990722656,151.3849822183063,148.24817718563995,149.74696623464206,4945632
2016-11-03,148.58396911621094,150.00903559395252,147.6011625803288,149.05080821933,4772844
2016-11-04,143.82553100585938,151.27030207400784,142.67074539133566,151.05735267233732,11442552
2016-11-07,147.1097869873047,148.52666567665483,144.7756210254714,145.01313464918334,5340318
2016-11-08,146.39723205566406,148.96072333852152,144.4725740778168,148.40380058333562,3323562
2016-11-09,145.51272583007812,148.24000847722127,131.76161981805205,134.0302663279176,9262380
2016-11-10,148.62493896484375,150.51682973482798,146.9459676370758,148.56760757819825,4495260
2016-11-11,144.2350616455078,148.55941983447784,143.42424917146317,147.63392959046223,3283950
2016-11-15,141.1555938720703,145.7502175944349,140.32020228748104,144.63637214594132,4087692
2016-11-16,142.41688537597656,143.86651623508212,140.5904989582582,141.85175953627726,3364866
2016-11-17,144.5299072265625,145.61918858313345,141.91727258123893,143.16217198722254,3753576
2016-11-18,142.92466735839844,145.455391611816,142.51515956788512,145.455391611816,2558478
2016-11-21,139.5503692626953,143.5389276224653,137.6420871723519,143.24408260067148,5407278
2016-11-22,138.80506896972656,141.2129423630146,136.9786825368512,140.21375955970376,2638818
2016-11-23,141.0655059814453,141.982778090559,138.17440274063188,139.88612613399513,5060004
2016-11-24,140.0990753173828,140.9754071500898,139.026170179468,139.72233480979733,3127482
2016-11-25,143.7108917236328,144.28419053748078,140.00078805241006,141.343958984454,4139256
2016-11-28,144.5299072265625,145.5372780323103,142.8673269964254,144.11221140596982,2335032
2016-11-29,150.71339416503906,151.50783047901456,144.66093668006843,144.9803458174231,7825440
2016-11-30,150.1728515625,153.31782968495494,149.73059159154266,152.498829183314,7814820
2016-12-01,151.5569610595703,153.2523084239433,150.4513036470936,150.69700529431063,5343270
2016-12-02,149.7060089111328,153.645423276229,149.24737283999295,152.8264227938315,5656608
2016-12-05,150.43492126464844,151.20479339217025,146.6101697814751,149.5585894251591,4099188
2016-12-06,150.32846069335938,151.41774205209705,149.15728378007483,151.18841650363876,2687376
2016-12-07,150.34486389160156,151.3358586674238,149.4849080121677,150.87720753362416,1589616
2016-12-08,151.40956115722656,152.474263402448,150.8444503116038,151.51603588068068,2264532
2016-12-09,154.57090759277344,155.4963828413986,151.51602796495294,151.95828795162032,6048300
2016-12-12,153.96484375,156.38090486330717,153.0803088534629,154.69374561403177,3760356
2016-12-13,153.2113800048828,154.62825875241685,151.2539545394387,154.62825875241685,2102430
2016-12-14,151.1802215576172,154.57090131289684,150.8690004687963,153.31782890217562,2508264
2016-12-15,153.67002868652344,154.79206238838304,149.77974198865908,150.36943203442925,2491854
2016-12-16,160.93458557128906,161.99109969865248,153.29327002594547,153.3178341931059,21064644
2016-12-19,158.4202423095703,162.16309866746587,158.06806592452477,162.16309866746587,6068664
2016-12-20,157.9288330078125,159.86988208369945,157.49476108311305,158.65774991822678,2983056
2016-12-21,156.70848083496094,159.11635356721285,156.11880598020065,158.88704306635734,2720226
2016-12-22,154.0303497314453,156.59382560535047,153.1540029665561,155.28342197986007,3029922
2016-12-23,152.43328857421875,154.46442093351283,151.35219546517857,153.15400231714233,2381688
2016-12-26,146.4955291748047,151.810867393822,145.84031971163154,151.45051793533887,4268694
2016-12-27,150.19741821289062,151.35221898691623,144.42342933920145,146.6756995015102,3371094
2016-12-28,151.81085205078125,154.4644418604005,150.7297737917128,150.7297737917128,4180512
2016-12-29,154.8985137939453,155.6110395791497,150.9427082418108,152.35139869775284,4208484
2016-12-30,155.5865020751953,157.05252416697235,154.9558717328867,155.8240157097783,1875402
2017-01-02,155.9304656982422,156.31539428803032,154.06312414175832,155.05411880711515,1430544
2017-01-03,154.84120178222656,156.2580804708934,154.18599230321448,155.85676072843285,1451376
2017-01-04,152.97384643554688,155.91407827894454,152.66262533484388,155.28344802178836,2383914
2017-01-05,154.9886016845703,155.58647971352568,152.21217596964186,153.5963022974861,3221976
2017-01-06,157.1753387451172,158.9689576794619,154.88211348988006,155.28343315829974,4288128
2017-01-09,166.02059936523438,166.91330731621852,157.29819123886008,158.1827111347905,13862976
2017-01-10,163.32608032226562,168.13363868217172,162.64630674657099,166.6594287594934,7755504
2017-01-11,164.24337768554688,166.34821798445716,162.81831100450333,163.63731156909898,3404958
2017-01-12,165.25074768066406,172.27782437646093,164.3416485106645,167.73234352290282,17947320
2017-01-13,162.89202880859375,166.74136019889318,161.0164989514244,166.74136019889318,4755954
2017-01-16,163.46531677246094,165.76673039488506,160.52508481161203,162.96572538022932,3684006
2017-01-17,163.24420166015625,165.11152842351268,162.37604273006207,163.80112446658399,2531028
2017-01-18,162.40879821777344,164.62011317081422,161.83549933987226,162.5807923800756,3070998
2017-01-19,162.72003173828125,165.27533521089958,162.16310892959885,162.16310892959885,4900866
2017-01-20,159.50950622558594,163.5881474136352,159.0508551703553,162.64629613441204,3316062
2017-01-23,163.47349548339844,164.32526321689906,159.10819709653686,159.5586601265536,4107240
2017-01-24,163.62913513183594,164.91497495745446,162.34329530621744,164.2925326845911,3982110
2017-01-25,167.50302124023438,172.1467888502101,165.04600451462605,171.99117079258292,19152900
2017-01-27,166.9952392578125,169.40311261321537,166.299074531789,167.69138898739627,3731232
2017-01-30,167.06895446777344,167.822435621283,164.2925284809967,165.52103688191036,2210514
2017-01-31,165.5947265625,169.46043358104313,164.7839141044588,167.38834563548542,4603326
2017-02-01,166.61849975585938,166.92972087194346,162.9984941454585,165.60292585317885,2874258
2017-02-02,173.5145263671875,174.60380779510305,166.74954222955222,166.74954222955222,7473576
2017-02-03,173.2196502685547,175.9223682160073,171.9993301654829,173.62915798667817,3563778
2017-02-06,179.951904296875,182.22873871159112,173.79297160276658,173.94040159869002,5866026
2017-02-07,179.75534057617188,182.62186513490698,177.7569749382136,179.34584777952415,3892350
2017-02-08,178.34664916992188,180.88557648074487,177.6668755342159,179.68982032868652,1890930
2017-02-09,178.51043701171875,181.8192212355301,177.81428733462982,178.3712100755887,2513238
2017-02-10,178.39576721191406,179.60789930476747,176.02884940522284,179.36219766413166,1956288
2017-02-13,176.88882446289062,178.88719002684044,174.86587973433046,178.87081391472665,1671546
2017-02-14,176.15170288085938,177.75695162435244,175.58659209816614,177.06899001948946,1366404
2017-02-15,173.41622924804688,176.7413897257304,172.15496872031002,176.0861952943499,1129122
2017-02-16,179.41134643554688,180.09111999550356,172.35151808062795,172.4907450154961,3133908
2017-02-17,181.0575714111328,183.9486601381821,180.50883666718767,181.65543449322567,4287222
2017-02-20,184.53012084960938,185.66035739854323,178.8707950390616,181.00021426452977,4000512
2017-02-21,185.5375518798828,186.4875914607902,182.7447345410634,184.60387341691782,2288304
2017-02-22,182.04855346679688,185.42285725496652,181.18859765907177,184.4400506175664,1791234
2017-02-23,182.10589599609375,184.44006190273754,181.4998298664223,181.802862931258,2496930
2017-02-27,184.1943359375,186.3319282255873,179.50961363300092,181.98302115966783,2972274
2017-02-28,183.85853576660156,187.35569013858714,183.15419805765322,184.27623155741935,3737772
2017-03-01,182.515380859375,185.66037415199634,182.31063447176433,184.76765110885012,2188362
2017-03-02,169.19015502929688,183.78483945519696,167.53576287222813,183.29343614114563,10807350
2017-03-03,175.5865936279297,178.05179814808866,166.6757999189074,167.48662734944256,16938204
2017-03-06,175.01329040527344,176.79053342238782,172.83474267266445,176.24179871219863,2992416
2017-03-07,176.6021728515625,178.2237979072258,174.554663893003,175.75859310207417,3153606
2017-03-08,176.6676788330078,179.02642372998434,175.48012582705897,176.7413863305673,3010542
2017-03-09,175.48013305664062,177.14271333204098,174.93958639153615,176.15990666692,1271634
2017-03-10,173.8175506591797,176.4629375674047,173.0722576134205,175.60298174592265,1503738
2017-03-14,179.26393127441406,179.97647211138315,173.80116318030363,178.01904682018,3710082
2017-03-15,182.875732421875,184.2762348056859,181.3441911595052,183.4572343164734,5290458
2017-03-16,183.489990234375,184.7676418207209,182.31062530714752,183.45723801229465,2007468
2017-03-17,183.53094482421875,184.7676411319152,181.17219998211837,183.661983704929,2211414
2017-03-20,184.53834533691406,185.80780906762348,182.7037707183909,183.1460457576235,1816968
2017-03-21,188.0682373046875,188.72343170824848,183.4572373310984,184.5137514287243,5226534
2017-03-22,185.93064880371094,187.86349498490404,185.22629600289878,186.7332732768047,2137914
2017-03-23,184.8659210205078,187.22465077978816,183.9486338926903,186.73324749690158,1228116
2017-03-24,187.17550659179688,187.99452205713501,184.4564124380405,184.4564124380405,2171118
2017-03-27,185.49655151367188,187.69149017958554,184.849530191893,187.55224825183686,1318500
2017-03-28,186.7742156982422,187.5522609523787,184.66936049345367,187.04448152396301,1631184
2017-03-29,188.44497680664062,190.48429749490873,185.50474507284827,186.962578856577,2631618
2017-03-30,186.57765197753906,187.8798828315087,185.83235890806807,187.8798828315087,1822680
2017-03-31,185.4720001220703,188.20748580884052,184.93146842629903,186.40567849790875,1285524
2017-04-03,185.29183959960938,187.28201726979665,184.7267137212028,185.67676824431112,1144644
2017-04-05,184.0633087158203,186.13538169700792,182.85117653957903,185.24267367271818,1443198
2017-04-06,182.5399627685547,185.09525111168537,181.22135582205573,184.1124444420721,1386744
2017-04-07,180.04196166992188,183.95681160247085,179.46047481621233,183.78481746384557,1728630
2017-04-10,181.0166015625,182.5317667777688,179.85361272091725,179.85361272091725,1365024
2017-04-11,182.33522033691406,182.94947456927997,180.67263988107314,181.00025213596243,984678
2017-04-12,183.45726013183594,186.73327754611213,181.00024332201866,182.63824453093653,3973200
2017-04-13,179.58335876464844,183.5882930345997,177.6750767710926,182.83481190324133,2002536
2017-04-17,181.9666290283203,182.6382145123841,178.0026505581058,179.03460044790512,1134702
2017-04-18,182.20416259765625,185.1607706642707,180.83642731403276,181.98304009472844,1800876
2017-04-19,181.89292907714844,183.5882764661432,181.00022107739542,182.96583428367867,1101324
2017-04-20,182.93307495117188,184.2762460328924,181.16401998996824,181.8929369182458,995628
2017-04-21,178.9608917236328,184.04691907449927,177.17546066438717,183.12963187928287,2724054
2017-04-24,174.5382537841797,179.2311642614845,172.5644525436604,178.37939654841324,2875452
2017-04-25,190.9019775390625,194.5956900261449,181.32780206981684,181.32780206981684,29486430
2017-04-26,184.60385131835938,194.00603430493717,182.96585016853993,193.12151428389228,10255668
2017-04-27,183.55551147460938,189.19027340003302,182.5972840227842,184.60383753091625,9396354
2017-04-28,180.78726196289062,184.27622821640887,177.33106292605962,180.1811959238983,13781616
2017-05-02,178.01902770996094,182.87572916776764,177.6095199744223,182.63821558094153,4392354
2017-05-03,169.14102172851562,177.76514363830873,166.59390662737363,177.26555228321803,18772320
2017-05-04,172.87567138671875,174.9068039851916,167.25730077058287,169.20653781955255,12115680
2017-05-05,169.79623413085938,173.5800459376555,168.71515575494632,172.81836174463024,8304348
2017-05-08,172.54806518554688,173.58001503974936,168.8789168134658,168.8789168134658,3582576
2017-05-09,171.34414672851562,173.4653781336825,170.7135164444551,172.81016868488365,3505212
2017-05-10,164.52183532714844,170.02555883721826,160.9591610451547,163.80112141231842,18225156
2017-05-11,163.9075469970703,166.7495067722263,162.63809860693075,165.43908811626443,6033504
2017-05-12,160.77894592285156,164.82483467002396,159.86986190990226,164.1286850665083,8949924
2017-05-15,165.68479919433594,167.56851674700047,159.21466107339634,162.1630807229037,9869076
2017-05-16,164.7429656982422,166.29088318202503,163.0721973824696,165.76672763030317,4996968
2017-05-17,162.67086791992188,165.27531439992342,161.67168521198823,165.24254718168433,3496896
2017-05-18,161.8682403564453,165.43910225608533,159.87806303507307,161.68805815076158,6657726
2017-05-19,160.49234008789062,163.51446774719074,159.02631806699048,162.89202549183076,4031016
2017-05-22,161.0328826904297,164.78392723663737,160.03368488821854,161.42599936916062,1968834
2017-05-23,155.01318359375,161.01648316735836,153.28506891814513,160.78717261496826,7386690
2017-05-24,146.22523498535156,155.03772632430713,145.27518069810122,155.01316216023153,10481328
2017-05-25,152.99024963378906,154.30065358259856,144.98036594357978,146.11060265876873,14920812
2017-05-26,153.9075164794922,155.82398631186345,149.76334073430024,152.64624103638732,6463830
2017-05-29,154.9476776123047,157.69952445157554,150.94272820142905,153.21956278656418,4376208
2017-05-30,154.39889526367188,155.89766906222846,152.3431838279778,154.6282057653001,3689400
2017-05-31,155.38992309570312,157.52753052677434,153.154029002526,153.51439343499553,3478512
2017-06-01,156.73309326171875,159.4112323296466,155.28344748441208,155.44725358816646,6851280
2017-06-02,159.09181213378906,160.52506670374925,157.4128559234678,157.4128559234678,5368764
2017-06-05,161.17208862304688,161.65530385041828,158.24004503808175,159.21466354800873,3183024
2017-06-06,162.41696166992188,164.29249106653978,160.5250561640719,161.67166874261915,5360562
2017-06-07,163.43255615234375,165.27531856825678,161.95834621961333,162.98209311971684,4885512
2017-06-08,167.61767578125,168.69875408951464,164.26793614498428,165.43911306019385,10116804
2017-06-09,167.527587890625,168.69057682440382,165.46370280840412,168.38754375732708,3891492
2017-06-12,169.656982421875,172.4006557340513,168.8052147370072,170.3531320697367,7966398
2017-06-13,167.59307861328125,171.17214341389325,166.9133050920652,170.02553078933377,9589266
2017-06-14,167.03614807128906,169.37031348560527,166.09429685028957,169.37031348560527,7626414
2017-06-15,169.4358367919922,170.02552669819087,163.66184852984264,167.07710716007196,7863822
2017-06-16,166.63487243652344,171.00835908038326,164.81667411439182,170.5169557496925,3030016
2017-06-19,162.3105010986328,166.63485905942474,161.57339616176992,166.48742907418918,2437896
2017-06-20,164.52183532714844,165.1360895136991,160.73803853586054,162.8510669390187,2795084
2017-06-21,165.8731689453125,166.65941718207662,163.51443923145786,164.12869332323643,2097086
2017-06-22,163.19503784179688,168.30562912845346,162.55620455819073,166.09431429318911,3418612
2017-06-23,161.62255859375,165.50464205413058,160.68889522932025,164.47270701769986,2235642
2017-06-27,158.69871520996094,163.5881694623007,157.19992601982352,160.68889274538748,2741360
2017-06-28,161.18028259277344,161.94195171010898,156.88050371263085,158.6987019233809,2020448
2017-06-29,163.21961975097656,164.32527728880012,160.07464130934423,161.720845531614,6544718
2017-06-30,162.67906188964844,163.46531019514728,160.5414694605385,161.4014252642068,1616202
2017-07-03,162.80189514160156,163.26873424033704,161.2294136968182,162.16307689785168,873348
2017-07-04,163.9567108154297,164.8658099350748,161.1802851228153,163.98128997870805,1781366
2017-07-05,166.85601806640625,167.56855899325333,163.83389016303033,164.62013860041017,1652714
2017-07-06,166.7085723876953,168.79703644855812,165.87318076477465,168.05993148590065,1158810
2017-07-07,165.52920532226562,168.94444927421597,164.6938137100667,166.48743276355873,1729858
2017-07-10,158.25643920898438,161.4259967417592,155.40630584347443,158.5758633762493,1165300
2017-07-11,158.62496948242188,161.8682340621759,158.33013951771142,159.853477656841,2373658
2017-07-12,180.22216796875,181.74552126307023,167.19997996282805,169.63243240024576,39679954
2017-07-13,180.68902587890625,181.81924763590447,175.60299797953266,180.83644089192663,16555402
2017-07-14,196.73330688476562,198.74806333960578,189.80451761150465,191.52442909795192,38763834
2017-07-17,200.98394775390625,202.65471595844076,193.61289832527888,196.73331224935217,14915896
2017-07-18,202.97412109375,206.1436782840587,195.6522151384906,199.28859645219947,13531086
2017-07-19,204.89064025878906,215.65237101726245,203.02329846277428,203.56384516679014,10908282
2017-07-20,198.31460571289062,206.8363151167357,196.63982071839123,206.34373041055989,8229630
2017-07-21,197.1570281982422,201.73805994225629,193.6843120406017,198.51163613714328,6064292
2017-07-24,196.5413055419922,199.94013714261078,195.1128128440502,196.5413055419922,4181670
2017-07-25,198.8564453125,200.97455346593347,194.81724484258993,196.83684507754495,4688486
2017-07-26,198.7086639404297,200.8514103807881,196.2703787076014,199.49680246283063,4376088
2017-07-27,196.68907165527344,200.99918793275245,195.3098404594772,199.9401337967847,5105080
2017-07-28,192.42822265625,194.07838451586574,182.84745863302098,183.24152040584278,9448788
2017-07-31,189.49734497070312,194.84187707699695,188.88161407988656,192.60062264742163,3863370
2017-08-01,185.55667114257812,187.67477943820114,182.50263984738456,182.50263984738456,6565618
2017-08-02,189.32493591308594,190.4825129857493,185.2364738088379,185.95072764989402,3885206
2017-08-03,184.64537048339844,189.12789408223978,184.25129371952175,188.19197116333982,3158206
2017-08-04,175.85275268554688,177.1334760197274,170.68061290067786,173.58685986853416,19186688
2017-08-07,174.4981231689453,178.3649159196249,174.0794231837777,177.42900803262708,3447586
2017-08-08,172.38003540039062,176.6162521291655,171.71504299634094,175.21239764921907,4010842
2017-08-09,166.98622131347656,172.89723799713946,165.50846714256085,172.89723799713946,3264160
2017-08-10,163.0948028564453,169.15358886445205,158.8585712824157,166.00104968116,3971982
2017-08-11,167.7497100830078,170.72985647551954,159.69596243150988,162.55294761909116,5133978
2017-08-14,172.05984497070312,173.3898297917623,166.59216634133261,169.84321362393345,3625286
2017-08-16,161.7648162841797,173.11890290614204,157.75025389110743,172.40464906131962,21620110
2017-08-17,161.7648162841797,166.46900929949115,156.66656151258218,160.5826159828291,13748168
2017-08-18,162.03573608398438,163.46422864582738,159.6959588599771,162.06035930492473,4462056
2017-08-21,161.2476348876953,162.99630488868314,160.16394233081886,162.5529815817773,3303856
2017-08-22,161.7648162841797,163.6858936529359,160.5826159828291,162.06037011764045,3433816
2017-08-23,162.6022186279297,164.91735778601884,161.56778771229753,162.0603724309326,2787660
2017-08-24,166.96160888671875,167.60196305585973,162.55296931207556,162.55296931207556,5205450
2017-08-28,169.4984130859375,170.68061346273046,167.08475085154907,168.46398211905864,3098648
2017-08-29,168.73489379882812,171.69040218846746,166.1488239578937,169.00582442070754,3128062
2017-08-30,169.3506317138672,172.10910933139107,168.11916983394525,169.94173942922717,2497856
2017-08-31,166.0010528564453,169.30137653750828,165.11440636160387,166.9862223095993,5582306
2017-09-01,166.51824951171875,168.71025740930352,165.18827985966607,166.98621098322303,2627086
2017-09-04,163.41500854492188,167.4049484593753,162.65150811257067,167.4049484593753,2653334
2017-09-05,164.5725555419922,165.0158787769841,162.1835166785732,164.40014788602522,2714098
2017-09-06,164.05532836914062,166.44436717132547,162.55295104670577,163.75978957504935,2702616
2017-09-07,164.89273071289062,169.39987777666238,164.54791540490035,165.95178482672887,3761042
2017-09-08,168.6856231689453,173.8823853293911,167.20786918597597,171.07464674875303,12346352
2017-09-11,165.87791442871094,170.2372924691936,165.31144497316654,169.94173861293325,2192928
2017-09-12,168.143798828125,168.78415295741033,166.05031374758622,166.29660611000256,2246256
2017-09-13,166.8876953125,170.72986510631333,166.24734119644404,168.46397241239663,2018262
2017-09-14,169.4737548828125,171.17317805927533,167.15861588251295,167.23250057877402,2599054
2017-09-15,171.44410705566406,172.2322456200131,168.02065224574673,168.2423063518965,5353306
2017-09-18,175.80349731445312,176.2468205906354,171.05005740109428,172.89725024559854,4117514
2017-09-19,176.9364471435547,182.18247169284786,176.27145472857532,182.18247169284786,6703658
2017-09-20,174.74441528320312,178.06936187421545,173.5868382783524,178.06936187421545,2139146
2017-09-21,179.37472534179688,179.7934253662717,174.6951704350035,175.11387045947833,5594390
2017-09-22,175.01535034179688,179.10381266200986,174.17796531174827,178.31567407946937,2243028
2017-09-25,168.71026611328125,174.8675750955178,166.49363487967608,174.76905213880494,2067612
2017-09-26,169.6954345703125,171.419481075381,168.56249573712165,169.178226631789,1478452
2017-09-27,166.61679077148438,170.9022840859213,164.74497474477258,170.43432256299658,1543244
2017-09-28,162.725341796875,167.429519181633,161.56776486527508,166.00102670609056,3088878
2017-09-29,163.6120147705078,165.38532280183622,162.2820450213812,164.5232995258773,2436356
2017-10-03,166.0010528564453,166.518260806354,164.3755292717384,165.01588340329133,1413298
2017-10-04,167.4049072265625,168.34081511610103,165.50845319388426,166.49362255813358,1265622
2017-10-05,169.42449951171875,171.8874228072373,165.82862248076714,167.7250764248146,2419920
2017-10-06,172.84796142578125,173.58683844672288,168.0698990431869,170.08948420776753,6643290
2017-10-09,169.5476531982422,173.38980769670673,168.46396088714118,172.89722301575017,3333264
2017-10-10,181.837646484375,183.04448506205483,170.01561319768675,172.40465209753688,15511330
2017-10-11,180.95098876953125,184.52222776989055,178.8082423628173,183.2415045701599,7459136
2017-10-12,183.16763305664062,185.38426431985332,180.50767854728397,180.95100179342793,3033512
2017-10-13,182.57650756835938,184.22666924321263,179.32544569286324,183.09373049883112,2409040
2017-10-16,184.71926879882812,186.4925767857954,182.28096843768657,182.99522229003907,2511642
2017-10-17,190.08843994140625,191.36916321653538,183.66021537531503,184.7192695140303,3928060
2017-10-18,188.19200134277344,190.26086334554782,186.0492696650711,190.26086334554782,1586856
2017-10-19,185.33499145507812,190.2362151823022,183.85723737038649,188.65993814563436,533212
2017-10-23,178.51271057128906,186.32018187306355,177.37977165815815,186.32018187306355,3252492
2017-10-24,180.18748474121094,181.3697000963743,178.41419177345125,179.3008382573311,2231004
2017-10-25,180.80323791503906,182.6011843923011,176.8871979242432,181.51749186073175,2755926
2017-10-26,181.39431762695312,183.9803873283557,174.54739323354755,181.02487909818132,9243978
2017-10-27,176.8132781982422,179.6210018753788,169.22746204450752,172.40463926685038,8516018
2017-10-30,180.5076904296875,181.02489841215328,176.7147817832925,177.3305127302726,2897558
2017-10-31,176.9364471435547,180.77860215733443,176.56700858328765,180.77860215733443,2940662
2017-11-01,178.7836151123047,179.91655386009725,175.9512532103319,176.3945764145772,1832812
2017-11-02,187.32998657226562,189.07867156777522,178.38957578591013,179.02994502197495,8158566
2017-11-03,200.33419799804688,206.7870453647365,184.42370360575345,187.18218085645213,23753058
2017-11-06,202.94488525390625,204.29949310450877,196.048699832657,198.78253875451287,4577394
2017-11-07,198.61016845703125,207.402793830903,197.18166071901385,203.93007750949928,6113380
2017-11-08,198.5116424560547,205.40782854633946,197.15703447403445,199.0042271767893,3484724
2017-11-09,197.45257568359375,203.7330304712524,194.02910608046156,199.49679913739214,3894512
2017-11-10,192.23118591308594,200.18642609043454,189.98993146252235,197.77276398232928,2845260
2017-11-13,185.97535705566406,194.4478203452629,184.86704142355046,193.4380276712232,2697266
2017-11-14,180.97560119628906,186.81273242761856,179.84266249054178,186.68958626253772,3375568
2017-11-15,192.94544982910156,195.38373528724077,181.00026981240376,181.27118540803255,12160772
2017-11-16,188.38900756835938,193.43800028882603,186.68958449335236,193.09318501687105,3745260
2017-11-17,194.25079345703125,201.91048008129982,189.84215406117036,190.13770790897829,8738178
2017-11-20,208.4618682861328,209.34851480643334,200.5066126974937,200.974574214176,16072536
2017-11-21,206.56541442871094,210.77700795705118,205.26006786976578,209.3485152126868,7657022
2017-11-22,201.31936645507812,207.82147526733135,199.64456650272547,207.82147526733135,3561774
2017-11-23,202.82174682617188,206.7870475817257,199.64456955141725,201.5656618752178,6123062
2017-11-24,204.25027465820312,206.39302144341045,203.14195891059532,204.79212091908803,2572920
2017-11-27,204.32412719726562,205.85114277115028,202.15675752747387,204.44727337205484,2262400
2017-11-28,212.84585571289062,215.25951777989673,204.2502465299642,205.90040831120555,12511006
2017-11-29,210.5799560546875,217.00818027914966,210.3336637084247,213.28917186357822,7003946
2017-11-30,212.87049865722656,215.1610147592233,208.41261264186187,210.7277519685869,5990374
2017-12-01,220.30850219726562,221.66311009227397,215.43191678173395,219.20018664680427,12401208
2017-12-04,252.57281494140625,255.89776179826532,237.7460118769139,242.327058788082,68326606
2017-12-05,252.62203979492188,255.65144758712074,248.7552621030751,254.14907033395022,29755028
2017-12-06,255.65142822265625,257.62176678313915,247.99174308177507,251.21816646156972,10967898
2017-12-07,257.74493408203125,258.9024960552598,253.23777222928112,254.17369514826208,8509326
2017-12-08,256.9814758300781,258.6069995284019,255.23280594150268,258.11441476739543,4133396
2017-12-11,258.4346008300781,261.4639790002636,256.3903620938251,258.4099475406154,4460676
2017-12-12,256.41497802734375,261.0452865666016,254.71555467703178,258.1144013776557,4016282
2017-12-13,253.8042449951172,256.9075223270394,252.30186780144663,253.77962177521732,2948976
2017-12-14,252.9668731689453,254.6416732179528,250.67635726161646,253.92741937161182,2959690
2017-12-15,256.7351989746094,257.8188915273532,254.02598262524472,254.66633684027843,2065532
2017-12-18,254.14907836914062,259.4936102622559,250.08525465184596,254.17370159079414,3607292
2017-12-19,264.9366760253906,266.43908345296046,254.567773823306,255.79923560656985,5972642
2017-12-20,260.4787902832031,265.99574508310906,258.16363611855684,265.99574508310906,3250564
2017-12-21,265.94647216796875,270.2812111989609,261.2422645739275,262.25208718729675,8894410
2017-12-22,266.0942687988281,268.6803385500788,264.05003020755976,267.96608470102206,3407450
2017-12-26,265.8233337402344,267.3503342173713,264.6164952650866,267.2025648268392,2636406
2017-12-27,266.4144287109375,270.1827137731476,263.5574434023588,265.3553896221029,5152700
2017-12-28,266.118896484375,269.44384336317097,265.13372703880583,266.73462738785577,3676912
2017-12-29,264.665771484375,268.60644935517155,262.3506172222848,266.48834101261565,4818908
2018-01-01,265.0105895996094,268.92664428791693,263.8283741999362,266.06965881452436,1284310
2018-01-02,266.83319091796875,269.59165375899846,263.2619511347658,266.1928366939787,2971036
2018-01-03,266.9070129394531,268.95125151081305,265.40463558778345,266.48832796217926,2077604
2018-01-04,266.8085632324219,268.7050026458145,265.4293017699659,267.22724827745986,1727854
2018-01-05,266.4637145996094,268.852738504191,264.5179989111947,267.3749843203296,1633394
2018-01-08,273.5569152832031,277.8177851848156,267.104067405082,268.06461363281386,4312964
2018-01-09,268.7049865722656,274.98544226208486,267.84296324229047,272.67028787715395,1432588
2018-01-10,266.9070129394531,270.72454443983554,262.2028349745595,268.45866680108634,1738816
2018-01-11,269.07440185546875,271.75899457805355,265.01057793728546,267.37497856759506,1508092
2018-01-12,266.19281005859375,269.66552652178035,263.5328403912665,269.4438573720052,1705276
2018-01-15,265.5032043457031,269.1483438525121,263.0402803721808,266.4637507083748,1471954
2018-01-16,263.4342956542969,267.7936883562561,260.6019335851365,265.94649570245593,1708080
2018-01-17,271.5619201660156,272.8919047762972,258.73009563853816,263.2865037959041,2724666
2018-01-18,265.7986755371094,273.8278296989517,264.07462919450217,273.43373791151276,2045654
2018-01-19,280.453125,283.23624095889573,268.50794440303787,270.4290370198848,17493658
2018-01-22,297.447265625,302.6440583765291,275.4040998141497,280.231454032536,16940018
2018-01-23,317.0767822265625,321.5592910387595,297.52116332607363,297.52116332607363,22387056
2018-01-24,312.5696105957031,323.8744353009537,309.0229947969013,316.2393725676232,13558448
2018-01-25,299.2205505371094,304.17102023811,295.6493118379575,296.0433735434884,15475136
2018-01-29,303.1612548828125,316.19012600687694,299.984077604546,301.9544163737055,11886780
2018-01-30,310.3037414550781,312.7912882065586,299.3191085279077,304.39272498503294,10156634
2018-01-31,302.8903503417969,310.82095215038487,300.0087117480045,310.82095215038487,5244186
2018-02-01,304.9591979980469,308.8260062142132,297.274888143287,303.43219734260947,3798306
2018-02-02,294.6641845703125,305.8951101372332,292.4721765603578,303.28441714261777,4026690
2018-02-05,298.11224365234375,300.10720552176537,279.2216038131746,289.63978144735006,4501562
2018-02-06,288.137451171875,293.7282759739054,275.94597879358247,275.94597879358247,4003260
2018-02-07,290.9205017089844,298.6540872438895,288.95016297728796,293.11250956099326,3382180
2018-02-08,302.8903503417969,305.8704818256459,291.9303405393467,293.77753320268096,6155780
2018-02-09,298.9742736816406,302.323843449428,295.89561947136133,300.378127975535,3055682
2018-02-12,301.4864501953125,305.3286047221816,299.98407292028475,300.9446190682478,2231182
2018-02-14,298.9250183105469,304.4173498360092,297.7428330492037,303.8016189504186,1871904
2018-02-15,296.3143615722656,302.939632723692,295.575484419281,300.47670888040994,1833094
2018-02-16,298.94964599609375,304.2695543790062,296.95465404564226,298.5063077704419,4481384
2018-02-19,291.09295654296875,300.4520665523933,286.7089403546648,300.08262799938973,2604488
2018-02-20,281.9801330566406,291.75792786411006,280.92106386732405,291.61015845896924,2946942
2018-02-21,285.5267639160156,288.06355735331687,272.4978911946751,274.86229199453385,11719712
2018-02-22,305.2793884277344,309.83579721023784,283.7288063483259,286.191730014544,29124000
2018-02-23,309.46636962890625,315.1803407110615,307.52065385063355,307.8654691891228,14618488
2018-02-26,309.73724365234375,312.1755438540227,305.3039814911032,310.3283512868391,4946746
2018-02-27,306.8310241699219,314.6877261473061,305.451762946634,307.9639629762074,3664298
2018-02-28,310.3529968261719,317.71714440324416,304.90994168311335,304.90994168311335,12994872
2018-03-01,308.7767333984375,315.2542347796707,307.91471010021183,310.8209721030816,3365274
2018-03-05,307.028076171875,311.58448522082426,304.6390521019346,308.03786892107695,3206678
2018-03-06,311.5105895996094,317.0767909341484,308.35803535908144,309.7126433418889,6686004
2018-03-07,297.64434814453125,313.2346681867028,296.6838018272194,313.2346681867028,5263106
2018-03-08,295.6493225097656,303.21048510594113,291.11753757012764,299.4914768910958,5478088
2018-03-09,293.16180419921875,300.9200134350892,292.5953197528279,296.53599745993665,5286572
2018-03-12,293.2110290527344,297.5211449774911,287.3739126549141,297.5211449774911,4142314
2018-03-13,297.4226379394531,300.64906173415505,286.83206681494556,289.73832859138554,6169106
2018-03-14,298.3832092285156,303.9247876087398,296.191201100674,297.3734165144499,6306426
2018-03-15,295.7970886230469,301.90515043909085,293.48193470575694,298.5063042557309,3025462
2018-03-16,288.8023681640625,298.0383301559094,287.324614245367,296.04336837866657,5882140
2018-03-19,285.2558288574219,290.87130727276445,283.3593895150851,289.14726057428066,2693364
2018-03-20,283.8765869140625,287.5217261093447,279.3448011770863,283.72881750127806,4869594
2018-03-21,285.77301025390625,290.35404170280685,284.5907950119398,287.1768645468817,3258926
2018-03-22,285.6498718261719,288.90091873220337,283.1376718851627,286.93057998552166,2861812
2018-03-23,281.3643798828125,282.5712183817704,276.38925649353337,280.7732722440389,2481754
2018-03-26,282.6204528808594,285.4035682772694,279.68956809724665,282.6204528808594,2353032
2018-03-27,297.2995300292969,298.9743302626384,284.1721640312968,285.4036259484631,9897180
2018-03-28,292.5460510253906,304.3680832462789,290.87125110143836,299.4422364875754,9339930
2018-04-02,294.81195068359375,298.40781307492466,289.6398111979167,295.501581307678,3212826
2018-04-03,299.8116760253906,300.8214686014005,293.6297142699748,293.82676016699355,4883322
2018-04-04,294.7134704589844,302.4470575861559,293.4573852719094,301.658933957204,3127898
2018-04-05,299.3191223144531,300.42743795363526,296.3143374314567,297.2748836650784,2032570
2018-04-06,299.8609619140625,302.22536266441216,297.76747675901566,299.7378157284715,2373300
2018-04-09,305.1808166503906,308.11170135735375,299.09740819394784,300.2303468861824,6181164
2018-04-10,304.4665832519531,309.0476448966997,303.94937534318655,307.37284493356833,3006396
2018-04-11,301.9544372558594,306.7817615611451,300.5013063001138,304.41736088763633,1625164
2018-04-12,305.4764709472656,311.41211168102456,303.5307550048328,307.98864136180583,9078604
2018-04-13,308.0624694824219,309.81113907539003,304.6389999591564,307.8161771435536,3291334
2018-04-16,309.46636962890625,313.53019382220265,304.7375680481562,307.6191768137715,5086188
2018-04-17,308.481201171875,312.2741097781235,306.63400835048657,310.3283939932635,2404724
2018-04-18,307.22509765625,310.0328365895077,305.50105112626545,308.85062122866697,1706016
2018-04-19,315.05718994140625,315.7468206083552,306.6340028528879,307.86546471173483,6173982
2018-04-20,314.0473937988281,317.88954874345336,310.82096977689883,315.25423242030945,4499566
2018-04-23,313.2838439941406,315.52509818581933,308.8505820508273,313.2838439941406,3060100
2018-04-24,320.5002136230469,326.95306049342184,315.2541750897024,315.2541750897024,13515760
2018-04-25,321.48541259765625,325.0073751211227,317.76637410559255,320.50024320955646,3960546
2018-04-26,326.83001708984375,328.1846252993344,322.5445232868206,322.6430462605089,5641872
2018-04-27,321.75634765625,332.0021039001109,319.1949010790384,329.5391802806739,7513924
2018-04-30,328.84954833984375,333.92319502779395,323.2833469949409,325.1059164791088,4935540
2018-05-02,327.0516052246094,330.99228267576217,324.36701269801495,329.04656717125886,2636790
2018-05-03,308.85064697265625,322.64302036218476,306.4123463782956,322.64302036218476,6158048
2018-05-04,308.2594909667969,312.6927531477143,305.5995516972364,309.66337536307736,2687610
2018-05-07,308.1609802246094,311.51058027932095,301.782032330233,309.83578025196516,2408454
2018-05-08,306.7078552246094,312.7912638418397,305.57488643744847,308.67819389447925,1686494
2018-05-09,308.21026611328125,309.68802027709916,303.43218830393965,307.3728660741207,1968354
2018-05-10,308.1609802246094,312.15093438449185,303.28440967139903,310.27911851361364,3046856
2018-05-11,310.500732421875,315.2541864783619,304.95915492518503,309.7865087076206,2989600
2018-05-14,313.6286926269531,317.71713972985975,307.5945298956496,311.65835377591526,3653596
2018-05-15,315.303466796875,320.6972754861889,310.69781169742964,312.79129675444756,2758936
2018-05-16,316.534912109375,319.41655060618024,311.90463402811554,313.7764498509644,1786416
2018-05-17,315.89459228515625,319.19491610354527,312.91446057835975,316.7319923681784,2050106
2018-05-18,320.0076599121094,324.16997654300945,310.57465095389216,310.9440894760419,6055754
2018-05-21,308.7767333984375,321.09135194451835,303.53072393679906,317.4462428938704,3420338
2018-05-22,317.7417297363281,320.130783382455,303.62919723006,309.3431672747474,3855386
2018-05-23,314.3675842285156,319.88453927945363,312.05242995852535,317.22456968159486,2227750
2018-05-24,317.8894958496094,319.4165263228035,311.83071059140417,316.2393492773479,1837622
2018-05-25,325.08123779296875,327.0022998417779,314.83548333771205,317.717091443416,2920878
2018-05-28,328.13531494140625,330.03175403936996,323.184814578828,327.5195840570044,3628646
2018-05-29,333.2089538574219,335.9427931552924,325.00740589882366,328.08606052817936,3407790
2018-05-30,332.4454345703125,336.4353587165055,330.2041500759232,331.5095115903487,3294788
2018-05-31,327.76593017578125,334.5635942416337,325.96798367240837,332.4701088912631,10228124
2018-06-01,319.6874694824219,328.9973323146062,315.79603833638026,328.2091787576314,3211592
2018-06-04,322.42132568359375,327.0023576123555,315.84533163190184,320.18007119820345,5453284
2018-06-05,299.1959533691406,343.1344837587223,283.55638942833565,342.34636027903736,34948544
2018-06-06,299.6639099121094,304.4173646054872,291.11757683146107,304.4173646054872,16317564
2018-06-07,298.50634765625,301.46185604888615,296.0434239957199,299.49151712046205,4704876
2018-06-08,299.51617431640625,304.66369136376363,296.04345757416644,296.04345757416644,7217454
2018-06-11,297.64434814453125,303.13668037211795,296.60993215049604,300.47671058032944,2911528
2018-06-12,303.82623291015625,306.5847252324955,296.5606086816924,298.7526165805647,7297208
2018-06-13,301.5357666015625,308.2595303970168,300.13188202570774,304.417375361759,3749148
2018-06-14,302.619384765625,304.17103852661216,298.7033606292929,301.46182279884476,3002986
2018-06-15,307.2004699707031,309.12153232293207,302.37311570488015,306.3876931638083,6192276
2018-06-18,305.5749206542969,310.0574596691738,304.1710662208104,305.89511274999717,2944410
2018-06-19,299.88555908203125,306.38768312928295,298.9742894138301,305.00845198349845,2053358
2018-06-20,307.24969482421875,309.0722641572147,298.28464761554955,298.28464761554955,3910236
2018-06-21,305.5749206542969,308.7028516819556,302.2007273303112,307.86545164049636,2820816
2018-06-22,310.1559753417969,312.2001838536844,303.0627434766104,305.3532744090103,4102932
2018-06-25,312.54498291015625,317.71712210725104,311.31352119656225,313.65329845239086,8163702
2018-06-26,313.7764587402344,315.6975511258623,310.72242754012683,311.31353520224195,2742898
2018-06-27,314.4660949707031,317.1999341336822,311.09187162442623,317.1999341336822,3897876
2018-06-28,303.72772216796875,315.254216484165,301.7820366025935,314.61386236992854,5027980
2018-06-29,305.1808166503906,306.33840862733274,297.6935238897816,304.54046261260424,3360664
2018-07-02,303.4075622558594,306.3876937788138,300.72296953692256,304.90993962875524,1722434
2018-07-03,309.6141052246094,311.06723609346636,301.5110809475785,302.5455268500626,3308766
2018-07-04,309.46636962890625,313.28390144685136,306.1414225616637,310.5500620934494,3175462
2018-07-05,309.12152099609375,314.244413877628,308.2841209970951,313.5301600530414,3939260
2018-07-06,310.8702392578125,312.20022416237464,308.28416919088176,309.83582325703566,2107790
2018-07-09,314.17047119140625,314.7615787607605,310.3283170880737,312.2986556092678,2699834
2018-07-10,312.0278015136719,315.5744175631437,309.9589396460645,314.8108871838584,2080916
2018-07-11,308.08709716796875,312.66812872430813,307.5452359756165,311.8061055257772,1920466
2018-07-12,301.215576171875,310.32839409367335,300.0580140294253,308.4319548224292,3484008
2018-07-13,295.181396484375,304.220314162992,292.98938844491903,301.21555936619995,4725598
2018-07-16,286.95526123046875,296.5360413364808,284.7140064659235,295.6740179605027,3435452
2018-07-17,291.4131164550781,295.52621702080575,284.44306051163716,287.0045071400867,2968842
2018-07-18,288.06353759765625,293.5804924622937,284.54157489653767,292.5953230245008,2258616
2018-07-19,282.2904052734375,290.0372379912358,279.2805037635681,289.6918320516239,3114900
2018-07-20,284.2888488769531,289.86458503222576,279.7739659512511,280.29205986490064,3578366
2018-07-23,280.51409912109375,285.27569613957627,276.09790807205565,285.27569613957627,2304212
2018-07-24,283.42529296875,287.3973856770406,277.80019700413453,281.2788612985634,4328590
2018-07-25,273.0140075683594,284.4368904167744,271.4103647992054,284.36286408852584,3852008
2018-07-26,275.4564208984375,279.0091116158112,268.07965985063316,272.29846690155387,4523444
2018-07-27,289.247802734375,303.18715834182626,280.7608262173374,281.2542547344153,31015426
2018-07-30,287.5455017089844,291.39423856570363,284.8069791445778,291.39423856570363,4735092
2018-07-31,289.34649658203125,292.84982703236966,285.2016849616001,287.5948012403752,4217088
2018-08-01,287.84149169921875,292.0603292954948,286.5585896980897,289.5438259781478,2760404
2018-08-02,288.38427734375,291.49287070332406,284.1161090016274,287.86618346990167,3934060
2018-08-03,287.6194763183594,294.9715426843054,286.68195014907485,290.08661874649255,3978168
2018-08-06,283.0058898925781,289.7658658819588,282.36443891179385,289.6425087657894,2176628
2018-08-07,283.3019714355469,285.5963957781943,280.31670506368124,283.72137359339564,2582750
2018-08-08,279.4285583496094,286.18853493958295,278.7871073118351,283.30199021135576,3153580
2018-08-09,281.4022521972656,283.62268032630743,278.44168135854324,279.7739442592651,2988584
2018-08-10,278.73779296875,284.97964590021195,277.8002667006075,281.254266464203,2920018
2018-08-13,282.0930480957031,283.72135594128713,276.39395557791806,276.8133577096732,1869712
2018-08-14,290.8267822265625,291.59159041055887,281.3035876812634,283.62270775248385,3979448
2018-08-16,294.8975524902344,296.0077666055162,290.62938395600116,291.6162409473628,4779160
2018-08-17,291.7642517089844,300.9420394284951,290.2839662816263,296.10641627260463,4450590
2018-08-20,298.0801086425781,300.69530346851093,291.61620812332393,292.10963656346496,4403302
2018-08-21,302.126220703125,303.4338180850515,293.7872983325817,299.0176276273253,4426668
2018-08-23,302.39764404296875,305.901004461291,300.30057291890796,303.45852736408784,3133324
2018-08-24,299.3630676269531,306.7398294949421,297.389353688574,302.3483039354546,2286308
2018-08-27,300.1525573730469,302.96510591049696,299.0670086249889,301.608177504546,1543182
2018-08-28,303.5572204589844,304.54407746300154,300.4979577232339,300.9667208234393,2436836
2018-08-29,302.2989501953125,309.79903849886296,299.97983047039355,305.40754338908437,4602896
2018-08-30,298.6475524902344,306.1970013254274,297.6113648503674,302.4716227616913,2637066
2018-08-31,307.8993835449219,310.85995454054614,298.67226458526255,299.3384111291693,5483094
2018-09-03,303.384521484375,310.8599758063123,302.4963561482259,309.28099847733193,3890658
2018-09-04,293.26922607421875,305.8516532166109,290.72808728986286,304.3960631894057,2282206
2018-09-05,307.92401123046875,311.8467733424879,292.899109244706,293.41723319866617,10549228
2018-09-06,327.1183776855469,329.5608543924966,309.3796199294535,309.3796199294535,13724504
2018-09-07,326.32891845703125,333.31094360807265,322.2334680303697,327.63651599668424,9024170
2018-09-10,315.0047607421875,331.92935196240376,312.34023484384505,326.1562325936518,5348358
2018-09-11,314.3139343261719,325.46540566383504,309.82374731096286,316.2383173992521,7571130
2018-09-12,315.7201843261719,318.1873265968038,302.4716423794717,316.58368412089305,6374350
2018-09-14,327.1183776855469,327.8831857147079,315.35009177623664,316.7810462435553,5323982
2018-09-17,324.034423828125,330.0048951916729,322.43078158986447,327.11835120939526,3363376
2018-09-18,334.1004638671875,338.442659261577,323.68913336204656,324.18256191900093,11858300
2018-09-19,329.6102294921875,342.93279864830885,324.5279220966678,338.4919422629351,12619460
2018-09-21,334.00177001953125,341.2058142093157,324.3058877643857,336.024814861235,11872418
2018-09-24,328.35198974609375,343.4262238651538,326.18089237621444,338.9853675220699,5965584
2018-09-25,346.1647644042969,349.7667864960612,325.662815882278,329.6102439535783,8873304
2018-09-26,348.6565856933594,354.2816829568174,343.54961247727596,350.3342547344573,9003790
2018-09-27,349.5447692871094,351.2964344781032,343.1795294477387,347.62038604734994,5292590
2018-09-28,341.1317443847656,352.7026474765735,337.06095970181383,350.33419695706164,6669856
2018-10-01,335.03790283203125,341.6251603035649,327.8338598250926,340.46561554359585,4410798
2018-10-03,326.1069030761719,340.4656601761366,323.1956629208253,335.5313752460477,3556932
2018-10-04,308.2201232910156,323.44238040617665,305.43224023100436,323.44238040617665,4603768
2018-10-05,301.95355224609375,314.4126208662843,298.4255267090307,305.4322168672464,5491804
2018-10-08,293.68865966796875,302.2742978034149,286.4599198392934,301.4848242219325,4620370
2018-10-09,289.7165222167969,300.00449320188034,285.57171125096755,294.1080172875272,3752424
2018-10-10,304.1492919921875,305.1854796339237,291.17210037374457,291.17210037374457,3974046
2018-10-11,300.3746032714844,308.63953075369767,290.13596176366786,296.0571038404774,5881730
2018-10-12,299.2150573730469,305.92567299208537,295.687031516947,302.2249592058908,3623798
2018-10-15,309.03424072265625,312.78431511582465,300.15252837804957,300.991362789448,5025472
2018-10-16,310.3171691894531,312.833642277903,306.2463844121776,310.3664999886451,2502792
2018-10-17,314.09185791015625,318.26133412469846,307.33188246436646,312.36485842265785,5461334
2018-10-19,326.1808776855469,328.5246628721697,311.5754073060275,312.31554999653997,7933980
2018-10-22,332.5214538574219,337.3570467801797,329.51152215784487,330.59707080168437,7570988
2018-10-23,308.7382507324219,331.3372723704281,307.1592733441422,330.5971295430928,6010110
2018-10-24,318.2366943359375,319.6676188136971,309.87307583586085,309.87307583586085,4626816
2018-10-25,305.0868225097656,320.8765338360765,301.978229115695,314.560655328849,5263276
2018-10-26,298.0554504394531,317.9653065496903,296.0570712319341,316.7810662181695,15536856
2018-10-29,307.060546875,308.0967647859428,292.3810491267687,299.1656909431781,6634806
2018-10-30,315.64617919921875,318.13798679877436,305.92563290459884,306.91248978493627,5816620
2018-10-31,325.16937255859375,326.64965801788935,311.8961342269829,317.74327986109125,5155028
2018-11-01,318.1626892089844,329.0921424767247,316.435689467494,323.2203313090633,4608936
2018-11-02,311.3533630371094,322.085432206772,309.6756942007756,320.136383736571,3941340
2018-11-05,310.63787841796875,316.2876402618554,307.7019730817891,312.34021261428154,2502072
2018-11-06,310.5391845703125,314.7826873321945,307.8993543957243,310.8599251110678,3191324
2018-11-07,312.19219970703125,313.82050763846235,311.00795932972653,313.4011054845957,329210
2018-11-09,316.1396484375,316.7810994692028,310.8846228249446,315.7942424615106,3429154
2018-11-12,308.96026611328125,320.7285237456625,307.38128889615933,319.889689275646,4286340
2018-11-13,304.66741943359375,311.23001216057133,299.3137023832162,307.8993699376877,4326838
2018-11-14,308.1707458496094,309.8730800995678,303.0144122991781,305.8763215270427,2769934
2018-11-15,308.96026611328125,311.6000965313629,306.221713855803,308.3928112939063,2477520
2018-11-16,308.36810302734375,312.8089588926712,307.15919735181944,310.8599105729257,1912780
2018-11-19,310.88458251953125,311.69875149191665,305.75294481472724,308.5407974301281,1829138
2018-11-20,302.2249450683594,314.7333450339826,301.1147309844348,308.3928010901626,3916238
2018-11-21,310.267822265625,311.4767280651748,300.9913728629808,300.9913728629808,3879718
2018-11-22,307.4059143066406,312.1921761385636,305.678914788064,309.37962804215675,2855918
2018-11-26,303.33514404296875,308.39278572892306,302.02754658488493,307.8993572717568,2421214
2018-11-27,300.3498840332031,306.8137842618364,299.51104969938154,304.445333878943,2989438
2018-11-28,294.9222412109375,300.72002649361235,291.71495573541523,300.72002649361235,4166462
2018-11-29,297.2413024902344,301.26272618182554,291.443518355585,295.0702053208794,5150282
2018-11-30,308.07208251953125,309.0836350724956,297.3647077946138,299.0176812798467,5176392
2018-12-03,304.0506286621094,312.1181720847541,303.4585084759328,311.84679245006424,3986606
2018-12-04,307.70196533203125,311.0079419269069,303.4584927643583,304.39601885363777,3274624
2018-12-05,308.6148376464844,310.85993112576267,305.65426687385803,306.3697441672061,3298992
2018-12-06,298.5982666015625,308.3681448056279,297.5620486893753,306.91252471815307,2474986
2018-12-07,301.657470703125,307.9980443521981,297.6360469076179,299.0916668576531,3970116
2018-12-10,301.28741455078125,305.037489027714,296.3284644042392,296.5998440419783,3916480
2018-12-11,310.687255859375,312.932349430056,298.2281866840034,300.7446598965936,3728702
2018-12-12,315.1774597167969,318.38474502115565,311.84681728534736,313.2777720061942,4542604
2018-12-13,316.4603271484375,318.6067589947338,312.3402116012386,315.7942107816631,2970086
2018-12-14,319.71697998046875,324.67593003135926,314.85669152941017,316.28764612477397,4995460
2018-12-17,312.7349548339844,323.14631350672806,310.045763678671,321.2219304482328,7929444
2018-12-18,315.2267761230469,316.28765941416566,312.73496829292486,312.8336600133869,2036946
2018-12-19,313.0803527832031,319.14951671929725,311.3533532012627,316.13961520879417,3679684
2018-12-20,314.6099853515625,320.9258939596439,312.5129143212266,313.32708335606833,4835738
2018-12-21,306.3697814941406,317.2745397886487,304.7908041997333,315.30082569976133,2900468
2018-12-24,301.3614501953125,307.06054323015036,300.00452184813753,306.36976141420683,2727316
2018-12-26,303.31048583984375,304.4453652949561,296.5505097929799,300.89267429577006,2533238
2018-12-27,301.70684814453125,306.4190840743913,301.01603623045906,305.38289631976727,3031426
2018-12-28,306.3204345703125,307.7020284723726,301.73155512724327,302.34834080820656,2776504
2018-12-31,310.39117431640625,311.7481026145291,305.9256526676987,308.3927950279221,2771364
2019-01-01,308.78753662109375,311.8961300203914,307.47996921957554,311.57541957842705,1501848
2019-01-02,307.3072204589844,311.4520313213302,305.43219844658273,308.294077319878,2465144
2019-01-03,301.97821044921875,309.1575883508179,301.4847820007723,307.2825662700179,1772780
2019-01-04,305.21014404296875,305.8515949675121,299.63440890427506,302.5209531229607,2021902
2019-01-07,306.2463684082031,307.1591989609322,304.1986283685377,306.9124847448993,1070616
2019-01-08,310.4405822753906,312.83369868084907,305.1115298765955,306.4437929762943,2941908
2019-01-09,311.77276611328125,313.8205063063707,310.07046198829687,312.19219838185137,2905760
2019-01-10,311.08197021484375,311.9701353955203,305.999663237628,311.3533498372057,2953536
2019-01-11,317.0278015136719,317.59525631783885,309.92241928529296,311.27934761861997,3551582
2019-01-14,318.50811767578125,319.6183318737216,314.93076081575117,318.2614034095723,3714704
2019-01-15,319.5935974121094,321.44395400884866,317.29914318556024,320.7778075641339,2435202
2019-01-16,321.07391357421875,323.1956499859442,318.26136525333436,320.1857483456458,1874162
2019-01-17,324.5032958984375,325.6628409369966,320.4325103867251,321.7647433700947,2201550
2019-01-18,321.74005126953125,331.8306702391337,320.7285288556683,325.66281391498626,7051164
2019-01-21,327.14306640625,331.238516568733,322.8502328147266,323.0969470427856,3652816
2019-01-22,329.9062805175781,331.5346186482504,325.71213829981644,327.98192745226106,2370580
2019-01-23,330.9178161621094,334.1497666242471,328.6480271253491,332.32407525803313,4858128
2019-01-24,330.6463928222656,332.4227533149695,328.2532768825671,332.4227533149695,3029878
2019-01-25,327.98193359375,336.74028956542975,323.83712210140294,336.02481220923477,16858364
2019-01-28,320.2597351074219,328.8700677353422,316.3123074376803,328.12992504726566,3619544
2019-01-29,319.84033203125,323.0722824031279,317.76792648738353,319.7416403164977,3482528
2019-01-30,318.8041076660156,323.022944982453,317.5458711490441,320.7284906565478,3730288
2019-01-31,319.8896789550781,323.3683437309445,318.7547994694282,320.72851339803145,1906104
2019-02-01,328.7467346191406,330.3503772270389,316.2876651270081,316.2876651270081,3040754
2019-02-04,321.9374084472656,329.6595458650529,320.8271943995165,329.6595458650529,1862736
2019-02-05,320.3831481933594,325.31743364256096,318.75484001842057,323.44241119516204,1227120
2019-02-06,313.10504150390625,321.98675430114787,309.9224217282644,321.02456272481635,2359142
2019-02-07,323.49169921875,325.0706763769601,312.414253943562,313.3024191836538,3229060
2019-02-08,322.8502502441406,327.4884900286435,318.8534915804085,323.6890846881232,2066194
2019-02-11,317.86663818359375,323.19565983389384,316.3616873175879,323.1463290316582,1461566
2019-02-12,317.5458984375,322.4061871296252,314.21525613292323,317.2745187915352,2613640
2019-02-14,316.7070617675781,317.9653285003642,312.88299100017167,315.0294229846713,1895160
2019-02-15,303.58184814453125,316.78105893342394,301.4107509588309,315.74487125453356,2908320
2019-02-18,298.9436340332031,308.8368991990984,298.03080338730274,306.8631852693812,4083386
2019-02-19,304.0259704589844,306.27106402308726,298.6229225715056,300.20189973319356,2789238
2019-02-20,305.6296081542969,306.41908166432637,301.5834886533069,304.34667605489403,2093984
2019-02-21,306.73980712890625,308.3434495869092,304.642736222287,306.02432985511615,1578606
2019-02-22,306.51776123046875,309.7743769758385,305.23482918192707,307.10988139775856,1408220
2019-02-25,304.86480712890625,307.57866406095326,303.729927526075,307.3566453142486,994254
2019-02-26,305.728271484375,306.7891547536794,299.65910725681493,303.3104900234363,1861648
2019-02-27,304.1492919921875,310.56386149136455,302.224909095842,307.405907537485,2426426
2019-02-28,306.6411437988281,310.26783118525384,304.81545234666396,305.9749972616476,3454658
2019-03-01,312.2909240722656,313.03106685633657,307.40596965080255,307.8993981735165,1697140
2019-03-05,309.330322265625,312.4635810275987,307.652653408145,312.43891562720603,2515868
2019-03-06,308.9355773925781,313.03105810986085,308.0227466976577,311.057344074153,2315916
2019-03-07,301.75616455078125,306.59175736915904,299.5357365112369,299.5357365112369,9733460
2019-03-08,303.35980224609375,305.67892196305667,301.78082519732226,302.4716370675605,2711610
2019-03-11,307.4059143066406,307.97336905219413,303.38446052393385,303.4584868356083,1605956
2019-03-12,313.99322509765625,316.75644286583974,307.899394952483,308.39282347003507,4217094
2019-03-13,305.21014404296875,314.28923904359755,303.95190759165655,314.28923904359755,2261018
2019-03-14,304.6921081542969,307.89939350328945,301.7808678678474,304.9388224119117,2086494
2019-03-15,307.4059143066406,310.31715411311956,304.9387721372454,305.9749598017988,1950202
2019-03-18,310.61322021484375,311.8467913832903,306.02434149151924,308.39279211163995,1662440
2019-03-19,310.5638732910156,312.4635607452029,307.7019642356157,312.3402036347627,1649138
2019-03-20,309.9471130371094,314.41263477623255,309.0589176762581,311.30404136270664,2939410
2019-03-22,304.4206848144531,310.8599199909696,303.95192176894807,310.8599199909696,1521608
2019-03-25,301.1147155761719,303.9519292010191,300.1031932636534,303.06376400262434,3148742
2019-03-26,301.6821594238281,303.9025873976547,301.18873098520004,303.40915895902657,1679568
2019-03-27,297.1919250488281,304.69204289728816,296.05704573015856,303.3104493738434,2553814
2019-03-28,299.4864196777344,300.37458491167126,292.15898873566596,296.05708574456304,4625466
2019-04-01,305.678955078125,307.4059548243291,302.2249555857168,303.95195533192094,2404756
2019-04-02,303.5572204589844,308.63952800637577,302.2989838021596,306.4190997473371,1472882
2019-04-03,299.9552001953125,305.185530301007,299.31371904571097,303.97662444062416,1263426
2019-04-04,302.34832763671875,303.18716214958357,298.7463054401091,299.5111136278879,1233466
2019-04-05,301.73150634765625,303.8285773239073,301.0406944500625,303.06376922645364,1244644
2019-04-08,299.3630676269531,304.1986607526851,298.77094742214246,304.1493299508195,1538652
2019-04-09,305.3335266113281,305.87631599003856,297.8087425572266,299.5110767763692,3248518
2019-04-10,309.7743835449219,314.19057431915127,302.86638505184277,305.8763167508601,4839682
2019-04-11,310.6625671386719,312.8336645544133,307.70199618074366,310.2431649662261,1910560
2019-04-12,310.3664855957031,312.6115789515172,308.1460576383412,310.5638690162835,1347294
2019-04-15,307.085205078125,311.3287081118988,305.4815625045646,310.3911819453773,1187214
2019-04-16,307.1592712402344,309.05895910412073,305.8270081368585,308.02277119954425,1429346
2019-04-18,303.5572204589844,308.3434829517649,302.1756266766575,307.8993852533629,1609038
2019-04-22,299.88116455078125,303.7052353451351,299.3384052588218,303.7052353451351,1981688
2019-04-23,302.8170166015625,305.4815119048581,300.79394208166514,304.93875270876447,3874316
2019-04-24,302.6690673828125,304.4947288206696,300.7446841007902,304.4453980150739,2798844
2019-04-25,306.02435302734375,307.7513527282695,303.2118046339677,306.44375519383186,4641322
2019-04-26,306.22174072265625,309.87312397533026,301.53416957971734,309.87312397533026,8819548
2019-04-30,292.84979248046875,305.82695502033357,288.85303398099336,305.82695502033357,7935554
2019-05-02,275.259033203125,293.04715191180185,273.3593458247619,293.04715191180185,10658318
2019-05-03,271.90374755859375,277.80022369404645,270.9909169518407,275.333081387705,8856308
2019-05-06,268.1043701171875,273.85282433219663,266.52542297098375,270.3988247460248,5272432
2019-05-07,271.8297424316406,275.801835391099,269.0418596704434,270.6455021168972,5387214
2019-05-08,269.263916015625,276.31993695382795,268.0796756678011,273.8527946595973,4941092
2019-05-09,262.1338806152344,270.34947687311035,257.6683588840506,268.9185222311581,7588682
2019-05-10,265.9332580566406,268.8444677203018,262.20787943785183,262.50392444890844,4127272
2019-05-13,259.1486511230469,266.92014990507477,256.8541965789017,265.4645298241916,2362374
2019-05-14,261.2210388183594,265.4398461288342,255.6946340420522,259.1486332626838,3463746
2019-05-15,261.8131103515625,264.9217335233534,259.0745886151343,262.7259710080259,2609224
2019-05-16,259.3213195800781,262.99736760840784,256.1880609243948,262.01051069430497,3848124
2019-05-17,256.952880859375,259.0499518985538,254.46107305964767,258.30980917884364,4112592
2019-05-20,258.08770751953125,262.9973259121054,251.03168772567287,262.9973259121054,5642580
2019-05-21,256.015380859375,262.42995175226815,255.4232907162979,261.02369248772885,3075850
2019-05-22,255.76861572265625,258.5318330121994,254.60907095385818,257.00218680285906,2192792
2019-05-23,251.944580078125,259.5433755130566,250.90837727830663,259.5187101128255,3678966
2019-05-24,263.786865234375,264.45301178224867,252.41334428175304,252.5613818673615,6214188
2019-05-27,271.8297424316406,273.0879789432541,262.4546019754491,263.7868346839326,5533128
2019-05-28,266.9941101074219,275.2343708710102,263.31809241526696,271.3856351593197,6397988
2019-05-29,267.29022216796875,271.0649320905212,265.76057576127033,266.994147000631,3711044
2019-05-30,267.8822937011719,271.7310292452101,266.9447676830498,267.9316244951868,4315506
2019-05-31,267.388916015625,269.9053893173276,265.63722074862204,268.42510381832943,1755052
2019-06-03,273.0633239746094,275.7278196098355,266.944798975527,269.41194129507903,4095406
2019-06-04,266.7721252441406,276.5666687269488,266.45138467895157,274.98769153518396,4738490
2019-06-06,268.6717834472656,272.8659251539723,266.9941147179903,268.42506922922405,4672504
2019-06-07,260.9496765136719,269.4119881892899,259.049988643548,269.38732278509775,5270454
2019-06-10,261.6897888183594,263.342792337289,259.04995843141427,261.71448433616,3235478
2019-06-11,265.0204162597656,268.5977726277066,259.2966581176534,263.2440858340021,7107350
2019-06-12,254.5104217529297,267.78366083942444,252.684730226003,266.352706100796,4531522
2019-06-13,253.6222686767578,255.2999377535105,246.76361500629193,253.52357694580388,4247264
2019-06-14,245.03659057617188,255.15185953942103,243.75367349350495,253.9182883172879,3790765
2019-06-17,242.0760040283203,245.03657477047287,241.03980125691865,244.7405146846093,1917379
2019-06-18,240.00360107421875,244.14839714629016,235.85880500214734,243.80300625759185,3112519
2019-06-19,247.65176391601562,249.18139529482056,239.5101935746997,240.9904790913026,4023193
2019-06-20,249.8721923828125,250.66168100392227,243.3589451397036,247.65176410620293,3452192
2019-06-21,246.27017211914062,250.61233697972622,244.88856325750476,249.67482582326377,1982582
2019-06-24,246.22080993652344,247.50372698792128,243.06287069648096,245.72738145969674,1812625
2019-06-25,243.0628662109375,246.7142338604234,241.9773175586549,245.7273769249817,1754510
2019-06-26,249.42811584472656,250.41497288070966,241.28654529786607,242.96419924738865,3178466
2019-06-27,245.0859375,249.67481644294688,244.09908051801207,249.625470582199,2117103
2019-06-28,247.2570037841797,248.83596581782805,244.09906465864142,245.08592157651222,2143049
2019-07-01,248.88531494140625,249.7241493559008,246.17145838164853,247.75043549425882,1285096
2019-07-02,250.9577178955078,252.28996570324162,246.8129218410444,249.67480088720586,2097823
2019-07-03,245.579345703125,251.599163760995,244.98722553955164,250.90836694232024,1853775
2019-07-04,245.6780242919922,247.65173810845044,243.55628796259614,246.2207986031665,1646732
2019-07-05,236.94436645507812,247.05965048017498,235.71079523250535,245.72738753649938,2035287
2019-07-08,237.1417236328125,240.2503169435011,226.97709422749793,226.97709422749793,3786185
2019-07-09,241.73060607910156,243.9016883501625,235.46407350259028,237.5364640556858,2057019
2019-07-10,243.3589324951172,244.69118035691542,241.2865268546637,242.42140633600022,1261188
2019-07-11,249.3293914794922,250.9083685536673,243.65496426539747,243.95102434908546,2645060
2019-07-12,250.26693725585938,252.33932788806047,248.24387742628204,248.83598258194982,2274950
2019-07-15,249.3787384033203,251.50048979696,245.92473921474735,250.90836962705092,1652668
2019-07-16,254.7571258544922,255.39857687446673,246.71424741215307,249.62547251996793,2314557
2019-07-17,259.4447021484375,260.33286743497126,255.5959658291338,256.5334920361053,3398831
2019-07-18,260.0873718261719,262.50979062654955,257.56610342077647,260.037947023663,2702868
2019-07-19,237.59359741210938,261.71879873739255,235.3194984017641,260.28511745489243,17950305
2019-07-22,243.72377014160156,244.51476308236911,233.93527587454267,237.2969770141354,4151155
2019-07-23,239.22499084472656,244.9102304178084,235.51722590576014,244.9102304178084,2476080
2019-07-24,235.5172576904297,240.46094494290276,232.4521806460581,240.46094494290276,1769322
2019-07-25,235.9127655029297,237.19811213961944,230.37582965666445,235.51726146423277,3109298
2019-07-26,239.1261444091797,248.76633398598537,237.49471865940524,248.51914963786214,10202100
2019-07-29,234.3802032470703,240.55981198546104,231.36455116534856,240.55981198546104,4152112
2019-07-30,231.4634246826172,240.85642971104312,230.17806308239295,237.29696913918139,3066345
2019-07-31,223.99844360351562,230.9690447499345,221.82322450971517,230.37579632120062,4007230
2019-08-01,221.03224182128906,223.89957415614745,218.75814285557297,223.454645357557,3423702
2019-08-02,228.64553833007812,231.36456635346283,214.60546937216978,218.51097933382601,5716497
2019-08-05,225.8770751953125,232.60049310368848,220.5873387082408,225.4815862364996,3725062
2019-08-06,222.7625274658203,226.81634153944105,221.1805416746439,224.44337793961108,2369955
2019-08-07,222.41647338867188,229.04101089993827,220.38955871699534,222.66365773675597,3647449
2019-08-08,228.64553833007812,229.68371568366683,221.97156045449745,223.80073079591264,2693736
2019-08-09,226.32199096679688,230.91962905372162,224.9377646040081,229.73314715891183,1976395
2019-08-13,221.52662658691406,229.6342705825602,220.2907047861468,228.0028598403218,2119261
2019-08-14,229.83200073242188,233.14427698686407,219.64800271127908,222.96027896572127,3091928
2019-08-16,225.43214416503906,228.84328543435956,221.4771942674068,222.5648115240303,4433182
2019-08-19,213.814453125,228.79381802591973,212.4796516603128,228.79381802591973,5925621
2019-08-20,215.74249267578125,217.96715177435883,208.6730264639643,212.57853608630236,10072138
2019-08-21,220.93336486816406,224.4433855897073,216.83011076991042,218.4615214145329,9297994
2019-08-22,219.4008331298828,223.70184705274315,215.59420301672708,222.1693009947736,6412842
2019-08-23,221.62548828125,222.66366559724,212.62798674552027,219.49970884745662,4049142
2019-08-26,219.4502716064453,225.4321361308124,214.35827982949303,225.4321361308124,4012642
2019-08-27,226.27256774902344,227.31072998491476,218.7581572177304,221.37830538240004,3895225
2019-08-28,218.36265563964844,226.22311476561097,216.18742134175207,226.22311476561097,3686564
2019-08-29,225.38267517089844,226.37141251763362,216.4345991655581,216.4345991655581,4041972
2019-08-30,232.946533203125,234.5285039619544,221.97154222960435,225.38268317966558,3564896
2019-09-03,222.8614044189453,230.37581471036665,221.6254826662073,223.55353267002698,3311896
2019-09-04,228.6949462890625,229.38705939917315,220.5378633578419,224.34449300691762,3538906
2019-09-05,226.96466064453125,230.07917724763809,225.13549052084338,229.38706412327375,2314469
2019-09-06,233.78695678710938,234.33076537815887,226.7669302519925,227.9534121225961,3702650
2019-09-09,230.82073974609375,234.52850494362235,229.38707355376974,234.28132059712044,2259752
2019-09-11,232.15554809570312,236.1104977563218,229.43652020402777,230.96906621490464,3450784
2019-09-12,229.58482360839844,234.18246161753612,227.45904421145244,233.0948444316492,3058922
2019-09-13,230.0297393798828,234.82512158169337,227.85452021840774,234.82512158169337,4257695
2019-09-16,228.25001525878906,232.05664487031694,226.17366086200357,227.9533910468291,2295895
2019-09-17,225.4815673828125,231.3645519031333,223.7512769305455,229.33763721309055,2059261
2019-09-18,225.2838134765625,227.90396144539068,223.00971453152087,227.90396144539068,2470092
2019-09-19,224.74000549316406,227.31071358326898,222.46590654223425,222.66365099732928,2775405
2019-09-20,225.4815673828125,230.27693472693412,220.98280918953117,225.43212749536065,4510119
2019-09-23,222.66366577148438,227.36016855455338,221.62548845468194,225.43213358731222,2443651
2019-09-24,221.87265014648438,225.43211055849753,221.47716125045372,223.45463590447562,2027112
2019-09-25,215.7919464111328,222.9602928554889,214.06165589008137,222.41648424577122,4216139
2019-09-26,213.715576171875,217.57166096128293,212.08416554858294,215.74249079473796,3937051
2019-09-27,215.6436309814453,221.8726644743181,209.8100713232073,213.56727642586418,6791696
2019-09-30,220.43899536132812,221.92210142801605,214.65489075340628,216.9784145390563,4672776
2019-10-01,219.64801025390625,226.42086756744467,218.11547933336942,220.48844308969504,5199099
2019-10-03,229.58482360839844,230.3758165538675,218.95589644979725,219.99407374779193,4420153
2019-10-04,228.49722290039062,233.2925903164172,227.6567900619133,230.6724421984702,3920558
2019-10-07,226.025390625,230.9690779519953,223.8007313278521,229.93090059593902,2548046
2019-10-09,230.87017822265625,232.15553983400238,221.2299887679629,226.4208600127978,3434478
2019-10-10,237.44528198242188,240.46093408768093,230.37581556529955,230.37581556529955,5293267
2019-10-11,244.81138610839844,247.57983875696866,236.5554227892351,239.02726628755522,9019033
2019-10-14,250.4966278076172,251.63366978957384,242.2406644339709,245.20687665152974,3897859
2019-10-15,257.36834716796875,259.64246141615047,248.42028528016263,249.3595828439342,6484566
2019-10-16,257.0223083496094,258.999783220008,251.63367725822437,258.999783220008,3208876
2019-10-17,255.14366149902344,255.93466948458845,252.12802464633074,254.69874779514564,2271152
2019-10-18,256.5279846191406,259.8896864535832,253.0179480043073,255.09430301712914,2197794
2019-10-22,254.05609130859375,258.40652990760736,253.16620349440367,254.5998848182687,2416440
2019-10-23,255.39085388183594,255.98410234622995,250.6943664009466,253.9572027812433,2577640
2019-10-24,242.29010009765625,248.07420476889675,238.4834551167118,246.78885823324458,8606912
2019-10-25,238.9283905029297,242.29010676894663,233.49033471581043,241.40023404252935,8084796
2019-10-27,239.96656799316406,242.2901069569651,237.29697998571194,242.1417872923126,347213
2019-10-29,241.35079956054688,243.47657888456192,237.69245919912927,240.2631824119738,3420282
2019-10-30,245.4540557861328,246.78885729043873,241.2519219005696,241.4002264735213,3232514
2019-10-31,243.32827758789062,247.1843473721216,241.59798715628577,246.39335444314378,2665863
2019-11-01,243.47657775878906,245.70123684490997,240.26318130105884,243.9709464445937,3805645
2019-11-04,260.6311950683594,262.0154214487861,243.27884998898654,243.72377881934256,7579244
2019-11-05,253.36395263671875,269.5298147714356,251.38647788443217,261.5210359899009,9080951
2019-11-06,257.81329345703125,259.29639965141496,252.2269328262939,253.31455007028316,3790931
2019-11-07,260.9772033691406,261.8670608394618,253.16615512977614,257.1705590070198,5664711
2019-11-08,262.0154113769531,265.4759922819317,259.14807894760213,260.87836940009146,3380307
2019-11-11,260.53228759765625,264.4872369350021,259.14806136435897,259.14806136435897,2187838
2019-11-13,253.8088836669922,261.17495864175544,252.1774580268465,259.29636375703114,1384512
2019-11-14,251.83140563964844,255.4403060997332,246.8382788934902,252.226909640623,2855539
2019-11-15,254.35267639160156,259.04917867677204,250.24942253512106,252.12801741441555,1929705
2019-11-18,257.56610107421875,260.03794465458554,254.40212922180055,255.63805101198392,1470719
2019-11-19,255.6380615234375,259.7413461746647,254.50101946448967,257.66499144700566,1196367
2019-11-20,259.8401794433594,262.2625981689452,252.62240841532707,255.93468477570343,3361132
2019-11-21,251.48536682128906,260.9772520129359,250.49662940911483,260.77949246095255,2416856
2019-11-22,253.0178985595703,255.34143752047476,249.65619738207116,252.62240962819476,2112123
2019-11-25,255.6875,257.4672152666364,252.17747918069273,253.41338585499668,3109987
2019-11-26,261.3727111816406,267.70062386424917,254.4020951152038,254.74815920483417,7533282
2019-11-27,273.435302734375,276.1543304534522,265.08049021098685,266.90966034768536,13468016
2019-11-28,280.5542297363281,281.69127168110225,270.76573577325314,272.00165749015326,7459630
2019-11-29,278.4779052734375,285.1518832650243,277.3902880104042,280.01046647212587,3744414
2019-12-02,282.58111572265625,288.6618744171117,279.2688698194002,280.0104228139564,5871834
2019-12-03,282.4822998046875,295.63249573960957,279.6643920546693,295.63249573960957,14029949
2019-12-04,283.96539306640625,285.74510831508337,277.9835136980483,280.8014213200127,3777498
2019-12-05,283.3721618652344,285.9923100975593,280.70255865562166,283.9654103755786,2282643
2019-12-06,285.7451171875,290.04613104153253,282.8283297002934,284.8058045597225,4928960
2019-12-09,285.94287109375,288.61244399691464,284.5091897794398,287.42597720902074,2425661
2019-12-10,286.38775634765625,286.9810047695504,283.0754803181264,285.6956583336699,1742487
2019-12-11,287.12933349609375,288.41471021401856,280.75199540215823,286.7338445728364,2758154
2019-12-12,289.5517883300781,290.93601482121557,283.9654273852783,286.8327601541789,4016927
2019-12-13,289.0574035644531,291.67755180863753,287.32711300287644,290.6888143448794,2882337
2019-12-16,292.2707824707031,295.23699468081065,287.5248248302085,288.4147126323375,3806083
2019-12-17,287.47540283203125,292.27078531989355,285.34962342883864,292.1719055438185,3309345
2019-12-18,290.73822021484375,292.32020608860796,285.2507397178953,286.7338458169485,2719997
2019-12-19,291.87530517578125,292.4685235023466,288.11808478892516,289.7989505111861,1829935
2019-12-20,286.1900634765625,291.6775441874902,284.5091977625434,290.7876865281333,1819717
2019-12-23,282.43280029296875,288.11803969918094,281.74070229566337,286.7338135307028,2330310
2019-12-24,285.3496398925781,286.43725714441297,279.4172150722496,282.7789164356612,3078549
2019-12-26,286.33837890625,287.9203649016405,283.4710462624083,284.75639291085946,1742982
2019-12-27,289.1067810058594,289.7000294217013,284.7563429127985,286.23944886546934,1510004
2019-12-30,288.464111328125,291.1831389413293,287.1787648896121,289.10678454738144,1064390
2019-12-31,290.3921813964844,293.35839354486984,287.2282097019918,288.11806731173334,2016481
2020-01-01,291.23260498046875,291.82585348759096,288.2663926187303,290.68881145036573,829510
2020-01-02,292.8145446777344,294.94032383300606,290.7876452870058,291.1831341713104,1572279
2020-01-03,297.560546875,300.8727931848082,290.392200381099,292.46852488161386,5147717
2020-01-06,284.9541320800781,297.60995878962336,281.8395851164388,297.60995878962336,4725262
2020-01-07,280.9497375488281,291.3809356454336,272.1005555649119,289.4034607653801,14775959
2020-01-08,279.81268310546875,282.92719986851165,275.9566132953265,278.82394570933633,2807790
2020-01-09,279.1205749511719,286.140617003825,278.32959704687556,285.7451280516769,2737162
2020-01-10,277.9340515136719,282.28448944939714,276.9947390414039,279.8126462843411,1984913
2020-01-13,280.7025451660156,282.33395586065774,277.98351728365503,280.257631435043,1580164
2020-01-14,278.92279052734375,282.58110033022854,277.3902296510864,281.83954737606535,2441388
2020-01-15,278.3789978027344,281.09802560294315,276.4015230389462,279.614919530102,2832670
2020-01-16,284.5586242675781,285.1518727686565,277.88464652165874,278.8239591628555,3793695
2020-01-17,287.2776184082031,288.6618748056661,282.7788756380543,285.25071895656873,2989855
2020-01-20,288.7607421875,291.28204063202253,285.25073652853416,289.2056860817894,2567355
2020-01-21,291.33148193359375,292.5674037389916,286.83273863149464,288.31584479797203,1876487
2020-01-22,289.3539733886719,293.6549868059571,286.8327052684712,292.22130560890577,2043331
2020-01-23,290.98541259765625,293.45725616431616,287.9697755158798,290.68880343920574,2503937
2020-01-24,291.0348205566406,292.9628401228408,279.2688531149057,284.75633287683974,8973074
2020-01-27,286.832763671875,294.544904341275,282.77893376149814,285.745146353402,4281963
2020-01-28,285.3496398925781,289.2057099910171,283.02610080317487,286.8327460976603,2283893
2020-01-29,294.0999450683594,300.47728305024447,285.745102157191,285.7945269565283,7779268
2020-01-30,292.02362060546875,296.42348428492534,289.70008149386615,293.5067268247206,3150843
2020-01-31,291.0348205566406,295.3358337025746,287.3270558056401,292.1718623788408,1949668
2020-02-03,295.1380920410156,303.5423593185655,284.7563501099246,284.7563501099246,6391361
2020-02-04,286.832763671875,298.1043654863346,275.8577710470559,296.96732336087973,12882529
2020-02-05,291.9246826171875,294.9897742272811,284.8552170830773,288.2169178083324,5284304
2020-02-06,292.2213134765625,297.6099441359472,290.54047807579747,292.1718886783136,2786408
2020-02-07,305.42095947265625,307.9916826013741,290.688779084443,292.12246030253635,4270700
2020-02-10,306.26141357421875,313.2320002639866,304.2345139477958,308.43664795163903,5937650
2020-02-11,302.4053649902344,309.3759521707618,299.34027276039046,307.49735698920375,4381088
2020-02-12,303.9873046875,308.3871677090525,303.0479921528783,303.0479921528783,3311333
2020-02-13,303.591796875,306.26139983902857,301.9603862520358,304.5311094444578,1953998
2020-02-14,304.3333740234375,305.7670553906954,298.1537649815884,303.0480274122818,2119124
2020-02-17,299.7357482910156,307.99171193298235,298.8953154339522,305.5692931403651,3201093
2020-02-18,297.263916015625,300.97168154926544,291.7269801172806,299.68633490048603,3625458
2020-02-19,302.6525573730469,305.7176496840342,299.58746506205955,299.58746506205955,2287640
2020-02-20,311.5016784667969,315.4072029236432,302.35585831932445,302.5041930554051,6990659
2020-02-24,310.710693359375,319.8565132911943,299.8840079651338,302.5536107174821,9992600
2020-02-25,300.4278259277344,312.14436862774255,292.2707434392798,311.4522404682663,10227070
2020-02-26,295.3852844238281,304.23449580916923,294.2976672999623,296.52232634583214,4964185
2020-02-27,295.53363037109375,298.59872263155665,289.1562916510022,292.6662976786118,6122061
2020-02-28,283.66876220703125,291.578661635175,281.79016712762143,289.156273039629,5345967
2020-03-02,279.4665832519531,292.6662318375059,275.01726553820725,286.8326879809236,4391067
2020-03-03,300.5761413574219,303.54235327871226,282.08674164516486,282.7788698296798,5949680
2020-03-04,300.477294921875,303.5423869486388,294.05050171286473,302.40534495412663,4471521
2020-03-05,309.42535400390625,310.463516112442,300.57614298784193,300.57614298784193,4949625
2020-03-06,306.5580139160156,308.8815528037685,299.19193850770296,302.05927088724314,3440903
2020-03-09,297.60992431640625,305.76700695963,295.1380810911869,301.6142982717145,3585552
2020-03-11,293.3583984375,308.9804372766596,289.700057990596,299.58743198344916,6484414
2020-03-12,271.4578552246094,291.3809390103192,264.2400838986116,291.3809390103192,7953481
2020-03-13,284.75634765625,290.34270746959373,236.20933929535872,244.46530193752713,7126380
2020-03-16,265.17938232421875,284.41030661905114,263.35021210237846,266.9590975718159,4445076
2020-03-17,260.2851257324219,272.1499747686576,258.0604665381277,266.9591033153045,5279912
2020-03-18,249.55731201171875,266.959096167009,246.44279525787778,266.959096167009,5294708
2020-03-19,250.0516815185547,261.9659852496767,232.89709674291734,237.59359937588812,5393068
2020-03-20,271.408447265625,273.8308662415528,250.64495949667008,255.29203787641447,5172336
2020-03-23,252.72128295898438,266.6624861949767,247.1843475393293,251.13929709995858,2795092
2020-03-24,267.9478759765625,271.06239322343384,251.18877752604328,254.10555028035634,3196614
2020-03-25,268.59051513671875,282.7789032028235,262.0648421049562,264.9322047730331,4207895
2020-03-26,279.3183288574219,281.44410833430567,267.5523592695297,271.70503844379454,4741420
2020-03-27,274.5723876953125,287.9203425780918,268.9365724530351,280.8014212377278,3958414
2020-03-30,272.49603271484375,277.4397197010569,270.1230689962356,273.78137926171087,2550913
2020-03-31,267.50286865234375,278.67561842237296,265.0804803335687,274.8689737227341,3739997
2020-04-01,275.2644958496094,282.4822972289182,271.30954610989124,274.8195821082142,4724998
2020-04-03,287.67315673828125,292.5179639321608,274.77011564744237,274.9678751957112,6293405
2020-04-07,314.715087890625,316.39595346294465,293.95160344461925,296.62120637151065,9742198
2020-04-08,323.71258544921875,341.1143679351782,311.45224898429313,318.7688989574046,14303626
2020-04-09,329.9910888671875,339.087484510003,326.5799329576644,330.2382732034176,6297479
2020-04-13,336.71453857421875,351.49617605009416,327.86535618445464,332.16637028060177,13175876
2020-04-15,333.0561828613281,349.02428505202215,326.4316305372519,349.02428505202215,8436350
2020-04-16,345.959228515625,349.5186893785831,335.2808761006232,336.1707337728946,9196306
2020-04-17,351.24896240234375,356.83532269430634,339.1863540166558,351.4467219524846,10074247
2020-04-20,353.9185485839844,363.65758739967913,347.6400603397771,355.8465683235044,9125141
2020-04-21,352.979248046875,362.07564409970405,343.09187415200455,345.7614771731678,10212915
2020-04-22,356.5387268066406,360.2464922056825,350.5074223894248,352.97926598878604,5087344
2020-04-23,343.7840270996094,361.3835418276878,340.66947995980746,356.43985452498345,7383940
2020-04-24,353.3747253417969,355.94544850465996,335.1819640085548,342.10312550725655,11732990
2020-04-27,359.0599670410156,363.5092851708271,351.1995231160038,357.774620539729,7966984
2020-04-28,348.03558349609375,361.8284830365817,344.4761226301092,361.8284830365817,6311042
2020-04-29,348.18389892578125,361.8779191127743,346.750247678429,361.8779191127743,8830644
2020-04-30,349.9635925292969,355.9454413490881,343.33904030130793,355.9454413490881,5869773
2020-05-04,353.9185485839844,361.8778722287576,345.2176417484794,348.03554924732975,9023354
2020-05-05,345.26715087890625,362.76778671766766,343.0919162853572,362.76778671766766,8533450
2020-05-06,349.271484375,351.4961435111465,341.4604649984153,346.99740043870963,6743672
2020-05-07,345.8109130859375,356.93420907512063,344.1795023756316,349.9636223247811,6104697
2020-05-08,355.20391845703125,356.9342089435999,345.26711944657103,351.0017844182215,5545552
2020-05-11,347.6401062011719,359.70268542912896,346.10754499315635,355.40170150302913,8182212
2020-05-12,339.58184814453125,352.7814673642979,333.8471535247495,350.01301490914034,7690803
2020-05-13,333.4516906738281,348.8760002653458,330.3371738750292,348.8760002653458,8732429
2020-05-14,331.3753356933594,339.63129907090524,329.2495563045457,333.4516902814055,8706127
2020-05-15,324.80023193359375,334.83591038626554,317.08809237732146,321.3396510758538,26971956
2020-05-18,328.0136413574219,333.00675329346467,321.3396637261857,325.2946134335849,11946046
2020-05-19,332.80902099609375,334.68761605587235,325.591219739015,330.2382976740365,8104263
2020-05-20,342.9435729980469,345.8109054213771,330.2382913816724,332.1663413799461,7499785
2020-05-21,350.85345458984375,353.67136207137526,340.8672013227007,342.59749168474485,9872658
2020-05-22,346.3547058105469,352.8309540094019,343.68513288353586,351.00178374945443,4965022
2020-05-26,354.26458740234375,356.93419036939133,347.24457621838513,348.5299227291148,8874007
2020-05-27,346.8985290527344,359.2082917994122,343.38849311539525,353.9679955548802,7296906
2020-05-28,341.5593566894531,350.80402750533074,338.691994008171,350.80402750533074,6473058
2020-05-29,350.70513916015625,355.10500212590347,341.1143750951792,342.25141697738945,46798558
2020-06-01,381.1582336425781,385.5086717790816,353.4241641202335,355.94543219540367,20553193
2020-06-02,378.3898010253906,391.5399958884602,376.90669498035857,384.61883434497736,11915276
2020-06-03,378.19207763671875,385.6076085707721,377.05503559493843,382.64139619715075,4094182
2020-06-04,389.21649169921875,391.29284638188193,377.6977064254678,378.1920751511556,7533701
2020-06-05,385.2121276855469,395.98936016718244,384.2233902069771,392.52877899218834,5323472
2020-06-08,376.95611572265625,389.4636371997292,374.08878343455615,388.5737796170594,5660808
2020-06-09,377.3516540527344,385.6076180640077,373.7427682774228,378.68645568849985,5427669
2020-06-10,385.55816650390625,389.0681722526472,378.1920607030179,379.67516682342193,5870538
2020-06-11,382.5919494628906,389.4636562968902,380.1695307604086,385.55816166648293,3728200
2020-06-12,380.46612548828125,391.78718037237473,376.9066951180003,381.6526223942881,7259046
2020-06-15,383.1852111816406,389.85918939592403,377.0056017239708,385.6076301585969,5516081
2020-06-16,380.7627868652344,388.573806456429,373.79216994279994,385.50871441652765,4888303
2020-06-17,391.6388854980469,395.29719573003894,378.68641967794366,380.56501468073634,5772303
2020-06-18,389.41424560546875,400.0431730534438,386.7940974321377,391.4906002579871,7878288
2020-06-19,376.95611572265625,392.77591336609885,375.8190738018077,389.4142124016412,6460476
2020-06-22,383.1852111816406,387.14016123454934,378.68646756600674,381.50437551347903,3952487
2020-06-23,392.0343933105469,394.2096277389436,383.63012510590715,386.596337413427,5777685
2020-06-24,385.5086975097656,399.1532914256154,383.2346136107258,394.5062136811268,4999774
2020-06-25,399.74652099609375,401.82287558253216,384.0750572571534,384.6188507606599,6439347
2020-06-26,397.274658203125,405.82726048522363,394.8028148091935,401.42736717447775,6825050
2020-06-29,393.2702941894531,403.75091648672424,390.15577746697574,397.0769391497568,4003881
2020-06-30,385.70648193359375,396.6814735681551,383.9761914111048,395.4949765688996,3210718
2020-07-01,384.0750732421875,389.3153696401762,380.169548258153,386.0030931589393,2727818
2020-07-02,387.53564453125,392.97370035097026,384.0256085796531,384.0750635550644,2876895
2020-07-03,391.1445007324219,393.4185845622791,385.90417468599327,387.5850402464055,3047780
2020-07-06,397.3241271972656,401.773445463363,388.2277311170295,394.55564439403827,4992083
2020-07-07,395.6927185058594,401.77344746504656,393.02311546335244,399.25214899737426,3193987
2020-07-08,397.22528076171875,405.7284290853566,395.89047913508773,396.4837276551319,4745512
2020-07-09,401.3779602050781,403.2071002587409,390.8478827400955,391.49058619016176,4085452
2020-07-10,409.6338806152344,415.76406438317883,395.9893169689967,395.9893169689967,9984659
2020-07-13,410.177734375,441.91621233871564,408.1013797093603,441.91621233871564,20180741
2020-07-14,432.6715087890625,436.280394402033,412.3035115368788,415.0719642929972,26086206
2020-07-15,420.015625,436.03318255101385,417.69211630690813,436.03318255101385,6557656
2020-07-16,421.6470642089844,427.6289132379089,411.51250614958883,420.2133829505463,5033817
2020-07-17,426.73907470703125,428.41991020961956,418.2359268961184,422.3886361121532,3695712
2020-07-20,423.17962646484375,430.0019088006474,419.5707408253269,428.12331368990033,3442929
2020-07-21,421.49871826171875,428.617639217931,419.7684279073211,426.3435553931275,2774113
2020-07-22,425.8492126464844,436.03319585425766,420.9055256186583,423.1796095819099,9092877
2020-07-23,425.4537048339844,433.561363844293,418.28535845343447,428.3704923273431,7095324
2020-07-24,410.47430419921875,430.6939950457992,408.8923184068287,423.1795851623482,10176507
2020-07-27,395.0994567871094,411.80911220807735,392.9736774887564,408.8429001153421,5594055
2020-07-28,394.5062255859375,402.9104935495477,392.03438206722865,396.48370040090464,4421237
2020-07-29,391.3422546386719,398.9061199609873,388.5738019614214,395.49496382841875,4788454
2020-07-30,398.9060974121094,400.339748470625,390.65013447409996,391.53999205763887,6207472
2020-07-31,404.98687744140625,408.1508192699466,396.28596952170545,403.40489144019944,7274579
2020-08-03,407.2608947753906,412.0562767968827,403.1082161489452,407.16201500893203,5226697
2020-08-04,409.1395568847656,411.95746473568283,399.44994165670187,409.7822603854406,4147507
2020-08-05,403.6026306152344,414.0832232242611,402.613893186166,410.3260330633502,4342564
2020-08-06,402.8610534667969,409.28784637164927,401.3779474118309,406.3216342617174,3597915
2020-08-07,394.951171875,407.2115097670942,391.58944053014875,404.3936021039671,5634970
2020-08-10,407.80474853515625,409.8316481149098,396.1870842037927,397.67019028864763,7027651
2020-08-11,402.9599304199219,412.30351127005093,401.7240086235488,410.3260363958541,5384749
2020-08-12,392.1332702636719,403.20711136097174,387.68395183444835,402.9599270037927,5536052
2020-08-13,388.82098388671875,396.58257853817634,387.28845298099844,394.5062239562639,4016926
2020-08-14,390.650146484375,397.7690375454214,387.09068586691666,390.05689801915355,5376913
2020-08-17,386.8435363769531,395.1489251167891,384.96494121270865,394.30849222982175,3371592
2020-08-18,390.4029541015625,392.52873339879716,383.63009712527275,388.07941526203496,3100510
2020-08-19,391.8860778808594,397.6701977551683,390.0569076404203,392.92424009020175,3750344
2020-08-20,389.7108154296875,393.41858044425487,386.94236295502475,391.5399855383145,2563562
2020-08-21,389.6119689941406,393.6657984583303,388.1288628614277,392.5287564580247,2232607
2020-08-24,387.7828369140625,391.9849710435607,386.10197119271436,391.49060232244324,2093401
2020-08-25,383.0368347167969,390.15575554579533,381.1582398289377,389.56250711440066,3291773
2020-08-26,387.9311218261719,390.00747638436115,382.1964268476553,383.8278676837208,3691011
2020-08-27,386.9423828125,392.5287430196938,386.2008297715308,390.2546590969365,3531297
2020-08-28,387.1401062011719,389.2164607185624,383.63010059772523,387.43674551729623,2849942
2020-08-31,371.9135437011719,393.41858080540374,368.0574741172558,389.36475168431497,7034961
2020-09-01,400.7846984863281,403.4048464789296,374.7314627831233,378.14261877510336,17386460
2020-09-02,406.6182556152344,408.7440349897557,397.5218594687009,400.9330155671186,9366591
2020-09-03,420.5594787597656,421.6965207880774,405.9261464522452,407.35982781872895,10173029
2020-09-04,416.2090148925781,429.5075146359094,413.73717142647155,416.9505679324101,12330317
2020-09-07,417.2471923828125,419.5212763854925,410.7215193581648,416.20903015851763,3965218
2020-09-08,411.1169738769531,419.76842560141654,409.2383789658434,416.5056044491665,2994233
2020-09-09,423.08074951171875,427.13457909811893,405.08574599663075,405.38235516256657,9364414
2020-09-10,425.7997741699219,429.01317086251504,420.2134136468035,425.750349367277,3975281
2020-09-11,428.22216796875,434.6983857783696,422.53692799848824,425.602019930273,5770695
2020-09-14,425.1571044921875,435.04447901526163,421.54821882603994,430.39740091986783,2912856
2020-09-15,435.0938720703125,439.9881341716577,424.1683360890812,425.1570734692423,6044185
2020-09-16,433.7096252441406,448.78786957789976,429.6557961425857,435.0938514760726,10058926
2020-09-17,437.21966552734375,439.83981345381636,427.6783260199361,434.0556939574231,4431078
2020-09-18,448.8867492675781,458.6752428313705,437.76345426920756,437.76345426920756,11410360
2020-09-21,424.514404296875,448.8373501179486,420.5594547381271,448.8373501179486,4258280
2020-09-22,417.2966003417969,426.7884852514647,408.8429077883928,424.31664179446113,4812948
2020-09-23,419.1257629394531,424.16832953513426,413.48997806393754,419.8178911644197,2537773
2020-09-24,403.6520080566406,418.6313723147221,401.5262288683358,416.85165722076187,2881966
2020-09-25,423.17962646484375,425.70089488007375,405.8767211771457,409.97997553916827,4535615
2020-09-28,445.32733154296875,447.1070770177179,423.27849896779344,425.1570940462467,7268338
2020-09-29,450.369873046875,457.5876437945437,444.0913846984947,446.9092922440999,8425390
2020-09-30,442.6577453613281,458.2797841874915,439.59265339131935,450.36988499978935,4767304
2020-10-01,447.5519714355469,451.8035602967947,439.29600823325444,445.4756168915766,2796960
2020-10-05,453.18780517578125,454.81921589366897,442.95436678339934,448.4913024029662,2454220
2020-10-06,452.64398193359375,463.9650375403551,450.3698979214316,455.9068335464584,4423027
2020-10-07,447.0576171875,457.8843039762433,443.4487316492093,452.5945527590314,2382859
2020-10-08,463.86614990234375,468.4143480234672,446.06887652097714,447.89804676439184,4296562
2020-10-09,446.8104248046875,472.61647696672424,444.43746108063294,468.16715866892037,8232112
2020-10-12,457.4393615722656,458.42809899279314,438.85111013589756,446.90931407842226,6011802
2020-10-13,446.4149475097656,459.2191092365711,445.42621008449487,456.69781069780765,3674671
2020-10-14,441.66900634765625,448.3429837628728,439.6420765838977,446.9093024707965,3073279
2020-10-15,428.5682373046875,445.920566572956,426.5413075341243,443.0037791788174,3402625
2020-10-16,442.85546875,444.4374546009287,429.1614499316378,430.1007625170277,4502795
2020-10-19,432.96807861328125,443.44870053585913,429.40861812604567,443.44870053585913,3027829
2020-10-20,434.8467102050781,439.1477240658976,432.17713724495945,433.95685255170525,2325336
2020-10-21,434.6489562988281,438.50502602845313,427.6289148980969,434.1051326379883,2393080
2020-10-22,424.81103515625,436.82418902016275,422.5369511132902,436.28039549758995,3241918
2020-10-23,412.501220703125,425.65141494907766,411.0181147276927,415.31909791735177,7474637
2020-10-26,398.0162048339844,415.02249918086585,385.3603789297021,414.28094617458675,9674569
2020-10-27,408.9417419433594,410.32596809009476,396.73083059313376,396.73083059313376,6336840
2020-10-28,401.872314453125,411.80911291120646,400.43863320297385,406.61824174005676,3214888
2020-10-29,398.658935546875,404.2452958753123,394.5062263577711,398.01623209165643,2353631
2020-10-30,399.054443359375,403.99813064040325,393.61638735024394,399.7465414743954,3090935
2020-11-02,399.5982360839844,402.41614386325585,391.1445429200424,399.05444255371816,2582524
2020-11-03,402.3172607421875,408.1508056388067,397.0769643479421,399.64768774231374,4350062
2020-11-04,405.8767395019531,407.2609659526906,397.8185349960679,402.36673348323967,2700433
2020-11-05,408.6451416015625,410.32600719455803,401.8228598058727,408.3485324610903,3442421
2020-11-06,410.1282653808594,412.204619975532,405.18457833348225,410.3260249323029,2844165
2020-11-09,411.3147277832031,425.15705035283014,408.64512493237044,425.15705035283014,6594973
2020-11-10,401.5757141113281,413.09449950755715,393.566934635255,412.847315142085,6221362
2020-11-11,413.193359375,415.76408268679126,401.67457453390955,405.38233983729947,4289470
2020-11-12,417.9393310546875,422.8830182913227,408.44744552557347,410.32604064072035,4545563
2020-11-13,428.5682373046875,430.49625712678915,418.5819835484347,419.1257770478778,4922210
2020-11-14,429.4580993652344,433.41304899875996,427.3323199719886,431.08951005428946,420659
2020-11-17,423.327880859375,431.43553901681696,418.13700988846693,430.15016238636616,3459673
2020-11-18,418.23590087890625,424.9593028187593,414.97307967918596,424.9593028187593,3057647
2020-11-19,417.9887390136719,421.99311344443186,415.6157752704856,417.39549053440754,2835931
2020-11-20,415.22027587890625,421.1527001743132,410.3260137656474,418.33479259922086,3344749
2020-11-23,415.5169372558594,420.510049595928,412.8967888974681,416.2584903860007,7777720
2020-11-24,428.6671142578125,431.0895331074378,413.3911385857372,417.5932727960735,6936794
2020-11-25,415.4179992675781,438.9993915369376,413.93489321508844,435.04444206363183,6156478
2020-11-26,420.9549255371094,423.0807047986474,413.5393954336958,417.6921043611551,3912570
2020-11-27,424.514404296875,430.1996442875751,417.5437875952596,421.30100778039235,14778896
2020-12-01,428.419921875,433.4130640652221,424.7121564646791,432.0288376801434,3028740
2020-12-02,425.4537048339844,431.089520264793,422.48749253858443,430.10078283299305,2346320
2020-12-03,429.01318359375,434.5501194785356,424.5144401601654,425.1571134829813,2909161
2020-12-04,437.66461181640625,438.9994133647897,426.5907708448605,430.15020140872116,6358494
2020-12-07,445.5250549316406,448.1946276662484,432.07822096744513,439.839815182069,5920675
2020-12-08,440.4330749511719,453.8304542881701,435.5882376835093,445.9205553027553,6249683
2020-12-09,445.87115478515625,448.44184795631634,440.08703480230275,440.4330989365348,3297713
2020-12-10,448.83734130859375,452.3473469035432,441.81729994482487,447.3542352531723,2511207
2020-12-11,450.369873046875,451.75409933321106,444.931817499657,449.8755043607643,2521883
2020-12-14,448.8867492675781,456.00567013608287,445.4755933985303,453.8304359335206,3253116
2020-12-15,450.172119140625,454.7203171445772,444.9318230717723,449.82608519510995,3057712
2020-12-16,454.8191833496094,457.29102673737896,450.2709854813394,453.83044599450153,3074459
2020-12-17,455.70904541015625,460.7516120055055,453.78102565308166,456.5989030037191,2153719
2020-12-18,466.6346435546875,467.8211103699156,455.01697871741584,456.20344553264385,4375062
2020-12-21,444.93182373046875,468.06827252967906,434.64896095013864,464.7065714518229,3273294
2020-12-22,456.94500732421875,458.92248222786037,432.0782664456995,442.31170510681955,2403391
2020-12-23,478.1534118652344,482.25666603351317,453.92934560624707,456.99443757583185,4958976
2020-12-24,476.5220031738281,480.77356193475674,467.5739115774551,480.77356193475674,2511169
2020-12-28,460.5538635253906,472.1221030411835,457.78541090694864,463.6189554647253,8802460
2020-12-29,455.31353759765625,471.13333477803087,452.1990210625437,471.13333477803087,7433306
2020-12-30,453.53387451171875,458.42810672151967,448.1452434094474,456.7966959849194,3511633
2020-12-31,460.15838623046875,461.6909473257909,451.4575090607948,453.8304728185357,3582436
2021-01-01,460.50445556640625,463.2234834844043,458.13149178183676,460.75163992258786,2177971
2021-01-04,461.7403564453125,464.50880903967635,459.2190881959408,462.72909382528104,2821496
2021-01-05,462.3830261230469,466.436855384266,455.6596240609298,466.1896710411901,2558959
2021-01-06,454.5719909667969,463.9649956741043,448.68899173846205,462.08640076741654,2960254
2021-01-07,449.677734375,458.8730098274621,448.7384519975223,456.3022866846059,3183329
2021-01-08,460.40557861328125,462.67969280842476,456.0551399525731,460.899947328677,5550289
2021-01-11,465.9425048828125,467.57391557600994,452.05075632932966,459.41683193615165,3550553
2021-01-12,466.4368591308594,469.00758235427196,460.8504989672458,466.68404347592076,3014910
2021-01-13,457.587646484375,466.8818019769864,455.3629873837995,466.68404243183164,3430890
2021-01-14,461.19659423828125,464.01447182322863,453.38554426761954,457.8843177559449,3484973
2021-01-15,451.9024353027344,461.34489596783936,449.8755356183981,461.246016188973,2795557
2021-01-18,443.8442077636719,454.17652554539154,435.53881973315987,450.8642492583902,2898351
2021-01-19,446.51385498046875,451.5069672182173,444.289195635633,445.03074875057825,2056058
2021-01-20,444.7341003417969,448.7879299890359,443.00380977550105,446.51384588573916,2513241
2021-01-21,436.9725341796875,449.87554601224787,435.1927886405901,449.87554601224787,3617650
2021-01-22,389.31536865234375,418.2359388950893,372.0618881815672,417.642690393797,28411474
2021-01-25,378.3898010253906,389.85913030120935,373.39665923612756,388.6726635695056,13627688
2021-01-27,373.29779052734375,382.59194615739716,364.3991539934488,375.72020920889673,10430905
2021-01-28,375.819091796875,382.44361427294206,368.799050221688,372.3090559223461,9111175
2021-01-29,367.6125793457031,381.6526634918973,364.8441264987308,380.663926021711,6608798
2021-02-01,374.9292297363281,378.29093082198403,359.1588563224098,369.2934145531179,4007717
2021-02-02,387.0906677246094,389.56251106895553,374.8303307714262,379.67513769157085,4891113
2021-02-03,396.68145751953125,400.33976780046527,387.1401174567248,391.8860750878667,7249108
2021-02-04,405.283447265625,406.2721846486462,395.24776886273366,397.4724279745314,5668584
2021-02-05,402.6138610839844,412.9956032614195,393.7152249318971,412.9956032614195,9808981
2021-02-08,404.3935852050781,408.59571903667126,401.52625286064745,403.05878371791573,3333450
2021-02-09,400.2408752441406,405.3328968379438,398.2634005044485,404.39358426704206,3195358
2021-02-10,403.55316162109375,405.2340272616698,395.4949578888819,399.84539639088547,2646877
2021-02-11,401.8228759765625,407.90360499191064,398.46117482915525,398.46117482915525,3799980
2021-02-12,403.45428466796875,406.61825642275187,399.25215071101627,402.41612246579945,2998690
2021-02-15,403.35540771484375,405.87667584849635,400.6363800447259,404.34414504943203,2040087
2021-02-16,412.6990051269531,413.88550213515583,401.67458860673656,403.3554543393783,5407782
2021-02-17,413.984375,418.18650908754336,410.52379398672895,414.23155935809075,7395024
2021-02-18,415.3685607910156,419.9661833675642,409.33725700805553,413.9843345557139,4311757
2021-02-19,399.4499206542969,415.0719599370697,397.07695686340213,415.0719599370697,4834156
2021-02-22,393.1714172363281,402.2183583232203,390.79845353427174,400.4386430901456,3183792
2021-02-23,381.00994873046875,396.23649808044553,379.774027027161,393.76465467383014,9103379
2021-02-24,385.11322021484375,388.03000763646867,381.0099660085612,384.42109196005686,1470901
2021-02-25,393.3197326660156,396.1870953162569,386.1513863881553,387.2884585575337,4350060
2021-02-26,385.8053283691406,397.32411253142016,382.641356760488,389.51309345402905,5197606
2021-03-01,391.1939392089844,394.506215473928,383.036855806328,390.55126594536733,2691673
2021-03-02,393.5174865722656,395.3960816040425,387.6839419266972,393.3197270220277,2769928
2021-03-03,398.16455078125,399.25213774864244,392.1332467923132,394.50621044442295,2975783
2021-03-04,395.2477722167969,402.5149980784464,393.81409092970176,394.50621917323815,1939204
2021-03-05,390.1557922363281,396.7308900490965,389.06817503880245,394.011862142218,1607741
2021-03-08,388.91986083984375,392.4793215010276,386.89293107326023,391.54000890506563,1923276
2021-03-09,384.61883544921875,393.02310306186234,381.2571344389353,393.02310306186234,2605409
2021-03-10,398.0162048339844,399.89482992232,384.32221679045904,387.5850379485394,7942179
2021-03-12,395.6927185058594,400.24088639476633,393.22087501237917,398.0162272506342,3756453
2021-03-15,391.2928466796875,396.58259808334725,382.64139397356684,396.53314310641736,2963338
2021-03-16,387.2884521484375,391.5400109043659,384.91545824628406,391.5400109043659,2743146
2021-03-17,383.8278503417969,389.16702598314396,382.0481050121017,387.2884310578012,2105069
2021-03-18,384.7671203613281,388.5243402652256,378.93357623360146,385.60755311442813,2764770
2021-03-19,391.243408203125,393.51749219399403,381.50433860525817,382.14701189190623,4200208
2021-03-22,397.7196044921875,398.8566464255081,389.611946041444,391.14450705928454,3713607
2021-03-23,396.2365417480469,401.13080430206975,393.56693850514836,398.46120105917123,3443734
2021-03-24,397.5713195800781,398.8566661467119,393.22088100008153,393.5174901542674,2567380
2021-03-25,394.0118713378906,401.22964260778116,392.8748293123424,397.27469283274587,3411079
2021-03-26,390.7984313964844,394.5061964002461,386.3491133919703,392.03435306440497,4226903
2021-03-30,403.84979248046875,404.88795465362233,394.5556370257584,396.38480720243524,4193149
2021-03-31,404.294677734375,408.74399560417487,401.2295860559615,408.34850671718846,5228409
2021-04-01,405.9261474609375,408.5463258388754,404.19585692585446,404.59137604439985,1860699
2021-04-05,401.872314453125,405.92611351435556,397.02747722095614,405.92611351435556,1318706
2021-04-06,409.5844421386719,410.86978860812314,400.5375015335692,402.0206075401063,2107437
2021-04-07,409.5350341796875,413.7865928370192,407.80474376758525,411.26532459178975,2467709
2021-04-08,408.59576416015625,411.8585857790002,406.5194094145859,409.3373172711547,2086999
2021-04-09,415.5663146972656,419.62014404810907,407.5575659436398,408.39796858958204,3202010
2021-04-12,399.74652099609375,415.76407903562335,396.48369962731266,413.98436377517385,3599430
2021-04-13,402.36669921875,407.70587517342335,396.82976371343756,402.11951486738667,2068043
2021-04-15,400.04315185546875,407.2609226937087,395.4949538514035,407.2609226937087,2744731
2021-04-16,408.2002258300781,413.83601068768735,394.8522714465572,398.46115678214267,5669099
2021-04-19,401.7734680175781,408.2002614293862,395.2477948261985,408.2002614293862,4445076
2021-04-20,396.63201904296875,405.33292664170597,393.31974257566173,405.33292664170597,4436026
2021-04-22,394.852294921875,400.1914709579417,394.16016665795814,397.4724430514949,3847504
2021-04-23,393.12200927734375,398.8072495153839,391.5400233502451,394.85229978457335,3386298
2021-04-26,391.045654296875,396.6814697279716,390.55128558094975,396.6814697279716,2469336
2021-04-27,393.6163635253906,394.5556459476095,387.78281892164523,390.5512715619028,4372334
2021-04-28,386.4479675292969,395.2971479803714,383.13569164418027,393.5174329661516,11363709
2021-04-29,389.46368408203125,397.7196480058014,381.60323928605396,383.6301390335635,13684521
2021-04-30,375.3741455078125,387.3872988072736,373.94049439117674,387.3872988072736,9710688
2021-05-03,374.237060546875,377.54933647024035,370.8753598290477,376.6594789528547,3474482
2021-05-04,368.9967956542969,377.8459769419458,368.304667431187,376.7089350101537,3492859
2021-05-05,377.00555419921875,378.290930908706,365.9811383512319,370.77652072065985,6252361
2021-05-06,375.423583984375,380.07063142653664,373.1494699743276,378.63698037290067,3004849
2021-05-07,376.85723876953125,379.6257214821491,375.1269483893462,377.2527276787996,2241936
2021-05-10,380.1695556640625,383.08634325821237,378.14265592838063,378.7358742688621,3712233
2021-05-11,383.2840576171875,387.23900732596564,378.0437613226051,379.2302281309155,4098740
2021-05-12,381.1088562011719,386.10196817589525,379.8234794319866,383.28406045276927,2213659
2021-05-14,384.42108154296875,388.4749108385744,381.8998132917558,382.6413663272737,3423148
2021-05-17,381.4549255371094,389.21652115252783,380.2684586099983,389.21652115252783,2226281
2021-05-18,380.66387939453125,383.778396009349,379.8729015848176,382.69077889059076,1749322
2021-05-19,382.2953186035156,383.13575144791764,378.4886734898394,378.6864330440063,2120283
2021-05-20,379.2301940917969,384.02557621803857,377.8954228239886,382.29528587575635,1321922
2021-05-21,378.19207763671875,382.048147687652,377.3516447627515,380.1695525524663,1448078
2021-05-24,379.1313781738281,380.21896520363083,376.90671896471446,378.34037012848694,1993913
2021-05-25,377.2527770996094,381.2571820369439,376.7584083547933,380.16956476357376,1427832
2021-05-26,378.73583984375,382.09757106157,376.2639964035118,378.38980590121275,2349815
2021-05-27,377.59881591796875,380.5156033862097,375.72022084850056,379.18080182999995,3269387
2021-05-28,377.8459777832031,381.85038221347764,375.8190782556639,378.68641057774494,2268969
2021-05-31,383.8278503417969,385.21207659342474,377.89542625721805,379.675141413044,3454331
2021-06-01,381.50433349609375,387.04126899512454,380.6639006676378,386.2997159418759,1748372
2021-06-02,383.72900390625,384.81662111767633,380.16954311152375,381.6526492615037,2300520
2021-06-03,380.7627868652344,383.48181477300835,378.5381276679647,383.135750640881,2896950
2021-06-04,380.5650634765625,383.432396235196,379.5269011553954,380.8617028353776,1481960
2021-06-07,384.66827392578125,387.58506132931296,378.93360906749797,380.1695308191858,3314421
2021-06-08,397.9173889160156,398.7083667867755,385.6075959004152,386.20084439042097,6809356
2021-06-09,399.94427490234375,410.9686907839136,396.13762990990824,402.4655431813764,9635843
2021-06-10,410.0788269042969,410.82037993667353,401.2790702882011,401.42737485990244,4364390
2021-06-11,410.3260498046875,415.5169215190841,408.3485748658697,413.1439576272774,3376513
2021-06-14,407.4092712402344,410.3260589092593,400.4881088008011,410.3260589092593,1526684
2021-06-15,405.8767395019531,410.9687315388838,404.9868817960415,407.35984573643043,1344636
2021-06-16,398.7083435058594,406.5688176482445,397.96679048012004,405.38232073751357,1728594
2021-06-17,394.1601257324219,402.16890404190843,391.58940267119715,397.47240178204595,1390138
2021-06-18,394.4568176269531,397.37357499924167,384.66829273583545,395.00061115473864,4009623
2021-06-21,401.18017578125,401.62511965388217,388.77153423143915,391.04561804432376,1549277
2021-06-22,396.8297424316406,404.98682558916937,395.79155010726987,403.30596002049447,2011236
2021-06-23,393.0725402832031,400.38922116336465,392.1332578599564,398.3622913942877,1824603
2021-06-24,390.7490539550781,396.3848393394882,389.56255694053255,393.71526631756944,1888424
2021-06-25,392.47930908203125,395.4455211768479,389.9580106971153,391.5399965157914,642550
2021-06-28,399.5982360839844,405.08574705917044,393.07256285142734,393.86357091911844,3019858
2021-06-29,402.9599304199219,406.3710866474603,397.4724497135743,402.31725712058227,2239813
2021-06-30,399.89483642578125,406.37105404972664,399.0049486646789,404.1463949947099,1217199
2021-07-01,401.5757141113281,405.28347959341085,398.95556587209757,399.9443033339863,1608707
2021-07-02,403.45428466796875,406.2721922974052,401.13077591322116,401.62514461403913,1266537
2021-07-05,398.856689453125,404.9868738380559,397.966831764699,403.50376763272163,1225126
2021-07-06,384.4705505371094,398.1151148186788,383.6301176980996,397.4724415325671,4329007
2021-07-07,387.6839294433594,389.6614041865809,380.66388807014886,382.54248304143533,2686889
2021-07-08,384.9649353027344,389.0681897186136,382.64139624168604,388.57382098961915,972707
2021-07-09,384.1739196777344,386.54691366934384,382.49308413652835,385.6076010331758,1497908
2021-07-12,382.9874572753906,386.29973376751906,381.652655683175,386.29973376751906,1345110
2021-07-13,383.4323425292969,384.61883945062067,381.6526273211814,384.61883945062067,1211746
2021-07-14,394.852294921875,395.6432727887473,381.8009489013818,382.690806545081,3947672
2021-07-15,398.7083435058594,399.4498965315987,390.7490197658049,395.8410111744412,2772769
2021-07-16,404.690185546875,408.64513494942986,398.4611523073989,400.38920221069213,4905898
2021-07-19,406.7666015625,409.73281406320933,400.5375673805599,404.2947578119089,2649721
2021-07-20,399.6971130371094,409.3373031474664,397.9668225044812,407.85419697664224,1845582
2021-07-22,398.4611511230469,403.3059580920024,391.8365988239101,402.66328485077133,2808364
2021-07-23,393.66583251953125,397.0275340097712,382.9380245299298,387.58510288405876,5803946
2021-07-26,385.11322021484375,393.6657927548023,384.42109196005686,393.6657927548023,2134036
2021-07-27,375.2752685546875,390.5018486722146,373.74273765238087,390.5018486722146,4496288
2021-07-28,377.40106201171875,379.47738632658843,372.45737521656326,378.4392241691536,1969181
2021-07-29,378.2414855957031,400.33977282984574,375.7696420610981,392.5287532952683,7709849
2021-07-30,381.99871826171875,384.86605082008043,376.8078466706965,379.13138570335707,2792729
2021-08-02,385.6075439453125,387.3872590016669,382.097538627665,382.93794118691335,2419224
2021-08-03,384.9154968261719,388.03004409145007,383.6301501452348,384.4211280759847,1072037
2021-08-04,381.25714111328125,386.99180586804675,379.27966634627654,384.124473490664,1116220
2021-08-05,379.823486328125,382.6413941024134,377.40109767391897,381.99872079308824,1233269
2021-08-06,379.2796936035156,382.54251513401056,378.53814051259656,379.8729421110254,945840
2021-08-09,377.94488525390625,381.10885712152566,375.7696508231839,379.57629599001206,730646
2021-08-10,374.7314758300781,380.12010674731494,371.76526362034133,378.68642544306044,780964
2021-08-11,368.4529724121094,375.6707732687786,361.9272997793227,375.6707732687786,2382866
2021-08-12,370.18328857421875,371.4686653403786,366.9698919196268,368.7990622039381,876559
2021-08-13,367.217041015625,372.75397613893466,365.19014154383353,370.77650146445757,1487839
2021-08-16,362.81719970703125,369.04623323529233,362.075646659673,367.56312714057583,1228973
2021-08-17,362.4711608886719,366.8215997021165,358.56563583038053,361.9273371783207,1875933
2021-08-18,365.83282470703125,369.4911650236495,362.91603741346785,364.745207571777,1733630
2021-08-20,353.3253173828125,366.62381736336783,349.9141612691876,363.55875554981617,1544686
2021-08-23,329.44732666015625,358.26901696486624,323.86093599213626,355.2533496723637,7250084
2021-08-24,345.563720703125,347.98613939848923,328.26081623301144,332.21576582618025,6358215
2021-08-25,343.2402038574219,346.05811165855897,339.97738230276167,346.05811165855897,1712055
2021-08-26,337.1594543457031,345.56372226927635,336.1707169429298,343.7345520393715,1697599
2021-08-27,342.7952575683594,344.1300288761149,335.725761247791,337.1594425009942,1401316
2021-08-30,352.5837707519531,353.9679971081043,343.6356789777186,345.0693603092973,2905130
2021-08-31,354.80841064453125,356.0443323548899,348.03555363699195,352.9792404784265,2105520
2021-09-01,350.70513916015625,355.94543488192613,348.8759690850171,355.94543488192613,2210493
2021-09-02,354.6106872558594,355.59942472495356,350.8040419650721,352.7815169032605,1467915
2021-09-03,359.4060363769531,361.5812706749174,353.47361211763615,357.6263211687061,2170998
2021-09-06,357.4285888671875,362.1250917637827,355.99490749236213,359.7026729370425,1068045
2021-09-07,352.7320556640625,358.763359637311,350.60627635986594,357.42855815713693,899814
2021-09-08,351.4466857910156,358.0217828094078,349.81524510489527,357.92290304451143,1639254
2021-09-09,348.7771301269531,353.6713924987795,346.1569819594981,350.0130519204576,1096752
2021-09-13,349.6175537109375,351.0017800481843,346.107517806133,350.01304263959787,1302790
2021-09-14,351.69390869140625,352.386006773857,349.0243056157318,351.0017804350844,1174007
2021-09-15,353.4736022949219,355.9454456676136,351.0017589222301,352.68262448520824,1208117
2021-09-16,372.50677490234375,374.73143381018787,351.8421715264763,353.4735820241218,5530580
2021-09-17,373.1495056152344,389.7108578148572,365.9811591407708,385.6076034539042,18497586
2021-09-20,356.3409729003906,371.76528323979494,354.9567464975701,371.76528323979494,3169722
2021-09-21,363.11376953125,364.99236434633184,351.9904750255276,359.900373340708,2727117
2021-09-22,363.410400390625,364.3497129412968,359.15884186140045,361.0868917606239,2107108
2021-09-23,364.0531311035156,367.6125616860976,362.4216902169821,364.8441089721179,1257724
2021-09-24,356.0937194824219,365.68448300974114,353.96794040026623,364.34968166898915,1493295
2021-09-27,354.1163024902344,357.7746430298166,348.6782466564007,351.00178563835846,4098510
2021-09-28,357.87347412109375,362.3722167202428,353.0286372618656,355.8465445726355,2068898
2021-09-29,358.51617431640625,362.4711237734568,355.05559354148704,357.7746212932093,1385922
2021-09-30,358.61505126953125,364.8935093441657,357.0824902626455,359.40602908517775,2147714
2021-10-01,361.1857604980469,363.4598746245579,354.21517389088694,357.92293914445514,1551246
2021-10-04,360.790283203125,366.42609863977714,360.147609906563,362.8666378468322,1734169
2021-10-05,357.92291259765625,363.3115431027209,357.4285439338473,361.4823730118542,1114071
2021-10-06,352.385986328125,360.09815578045624,351.8421928539029,357.92292153582883,1197301
2021-10-07,355.6982727050781,357.77462723931194,353.1770044538536,355.4510883599043,1040559
2021-10-08,354.7095642089844,359.4060671497305,354.11631569748397,357.6757765926135,1179337
2021-10-11,356.0443420410156,357.92293705709363,352.48488138357425,354.95672487153763,1707523
2021-10-12,354.26458740234375,359.9004024777242,353.5230343752605,356.04433277166544,1703354
2021-10-13,348.2827453613281,355.89603532805796,347.34343277199775,355.89603532805796,4417346
2021-10-14,343.73455810546875,350.6062952455615,343.0918848170986,349.76586240359836,2334243
2021-10-18,338.6425476074219,345.0693404817233,337.50550567212713,343.7345390038252,2870530
2021-10-19,340.5211181640625,344.82213142957045,335.3797023373902,338.14815469222395,2739563
2021-10-20,337.9010009765625,342.7458081233105,336.9122635925784,340.5706039828677,1610459
2021-10-21,341.06494140625,345.8602931398419,334.1932051480087,342.1031034947071,4144347
2021-10-22,320.1531677246094,339.1369384477956,318.867821135318,338.14820101791867,7224929
2021-10-25,317.68133544921875,323.218271288242,311.2545419264301,321.3891009431353,3480754
2021-10-26,329.7933654785156,330.93043768890806,316.4948648359602,319.36219741575434,3113691
2021-10-27,333.89666748046875,337.6044331239125,329.249589137803,330.9304549657138,2813487
2021-10-28,334.044921875,337.11001371443484,331.2270143746507,334.1932264436774,3263752
2021-10-29,347.14569091796875,348.52991717837136,331.7213821655138,334.04492098147676,5793111
2021-11-01,344.3772277832031,349.9636182879849,342.20202358584316,347.5411995642899,1940664
2021-11-02,341.658203125,346.9974093276207,339.2358145523538,344.3772310277203,1961079
2021-11-03,344.5255432128906,346.9973865989097,339.9773453478416,341.65818074601293,2061255
2021-11-04,344.7232971191406,348.0355735269699,343.28964595751444,346.05809867738486,265779
2021-11-08,344.8221740722656,346.9974084585424,339.68072743590477,345.56372713478663,1043298
2021-11-09,343.09185791015625,348.43103352585746,341.90536102939194,345.46482149781576,1079524
2021-11-10,343.9817199707031,347.1951163763306,342.30088457054273,343.0918623854571,1175287
2021-11-11,342.6963806152344,344.72328016683446,338.6425513381641,343.8828473623161,873619
2021-11-12,342.548095703125,345.36597324783673,340.1256769229333,343.5862579381376,704956
2021-11-15,357.6757507324219,358.3184240009679,343.1907540077489,343.5862429288641,7501814
2021-11-16,365.1901550292969,366.32719697433527,356.2420636925383,357.72516975316313,6775061
2021-11-17,372.1607360839844,373.3472329849416,363.4598593898631,367.2170492864451,6964611
2021-11-18,362.81719970703125,373.1494873959005,359.9004123178738,373.1494873959005,3134730
2021-11-22,353.8196716308594,362.7677327026963,352.1388060430403,362.32281899335817,2115434
2021-11-23,361.6801452636719,367.810329491411,347.4423320923272,352.43547429324093,3195124
2021-11-24,355.74774169921875,364.39919485507403,354.660154584439,362.4217198480214,1154465
2021-11-25,358.41729736328125,360.88914079337286,352.2871135871061,356.09375850422117,1290274
2021-11-26,358.71392822265625,369.3923105914662,354.8578582730326,357.92295034668746,3526533
2021-11-29,360.2958679199219,367.7608526772557,343.68509326488373,358.4172730751293,2513989
2021-11-30,356.3409729003906,366.77217115944774,353.5230651176549,360.3948025024076,4131254
2021-12-01,366.52496337890625,369.6889049298036,354.06686620170456,358.1206955447289,3496010
2021-12-02,363.36102294921875,374.3360149832759,358.91170430086095,370.67767424729914,5011584
2021-12-03,362.71832275390625,366.7721521457704,361.23521664765383,366.7721521457704,2610184
2021-12-06,355.6982727050781,365.3384621668558,354.4623509792092,362.8666187151179,1309429
2021-12-07,356.1432189941406,360.69138683686856,353.5230407785585,357.52744530166086,1585988
2021-12-08,378.4886779785156,383.5312449308583,356.53872502989464,356.93421396904716,7931372
2021-12-09,368.7496337890625,381.65264508307376,367.8103211681436,378.6864328155887,4191269
2021-12-10,368.0080871582031,373.7427522394178,366.22834166226363,368.74964023804324,1732117
2021-12-13,374.237060546875,376.21453510722836,366.52492183104374,369.78774278607995,2794613
2021-12-14,373.89105224609375,379.0819237414648,369.9855575110424,372.2596415251801,2419263
2021-12-15,371.1720275878906,376.8572678471616,369.2934324935146,375.02809755505655,1909185
2021-12-16,359.0599670410156,373.2977790216385,357.5768609977451,371.96300772179086,2537038
2021-12-17,349.271484375,363.1138078888004,345.4648393739308,361.28463767541695,2108444
2021-12-20,346.84906005859375,350.06245653640576,339.1863453807343,347.0468196036995,1946996
2021-12-21,346.79962158203125,353.6219031849368,345.2176358051869,348.0355432555239,1339312
2021-12-22,356.0443420410156,361.77900686354235,345.90978374036587,349.02430050042557,3069556
2021-12-23,370.13385009765625,372.0124451146237,355.994887235489,356.73644028222907,6612121
2021-12-24,350.4579772949219,361.8778819931917,348.5299273295084,358.9116698457065,7151655
2021-12-27,352.4354553222656,353.81968163579785,347.5411931640627,351.00177403482866,2537639
2021-12-28,351.9411315917969,356.34099544244907,351.05124368652224,354.9567689520627,2072197
2021-12-29,357.5768737792969,358.26900202711107,349.8152791739698,351.00177612054534,1961291
2021-12-30,357.3296813964844,363.4104102197686,354.9567177305528,356.4398237934938,3285675
2021-12-31,360.5430908203125,362.866629770511,357.52745378686353,359.85099273706203,1788993
2022-01-03,358.66448974609375,363.3609923685443,358.07124127479955,360.54308476029985,868445
2022-01-04,360.2958679199219,365.4373139756502,354.51174865069447,360.88911633771636,3115452
2022-01-05,359.25775146484375,363.756494704795,357.67576554101447,361.87789962131666,1049204
2022-01-06,356.29156494140625,360.2959397556415,355.40170722422886,356.93423828304134,967933
2022-01-07,354.4623718261719,358.565626162607,352.6826565057985,355.94547798444034,1182457
2022-01-10,354.1163024902344,355.20391969177547,349.5681043035264,352.78150093260996,1843562
2022-01-11,354.6106872558594,358.61509211001464,353.02870127053404,354.1163185213123,1019918
2022-01-12,360.7408447265625,361.87788669643567,352.5343062408728,355.10502950354515,1738270
2022-01-13,366.08001708984375,369.9855418332741,354.56123258012985,360.8891458144307,2924164
2022-01-14,353.67138671875,370.13385870440965,352.28713019355035,366.08002925319215,4700387
2022-01-17,353.078125,356.9341947534208,349.5186643915076,356.9341947534208,1571893
2022-01-18,344.772705078125,355.4510557401313,343.0918396156483,353.96794980519337,1631061
2022-01-19,363.21270751953125,365.33848699773415,349.3209282722629,349.3209282722629,8460578
2022-01-20,360.09814453125,363.7564545161884,357.42854169386464,361.8778596402613,1513144
2022-01-21,372.8528747558594,378.19205061207936,351.9905098507196,359.9004089484886,9950400
2022-01-24,368.601318359375,375.57193565770075,363.75651076994967,372.85290760330287,4407054
2022-01-25,370.08441162109375,373.05062394028135,361.6801433833955,365.83285269980695,3877973
2022-01-27,355.35223388671875,369.93611129028585,352.9792700388789,368.2552757277575,2404382
2022-01-28,359.9992980957031,365.2395943148745,354.2646029961774,357.3296950111463,2352469
2022-01-31,362.96551513671875,373.1494985554567,359.455479169928,361.63071357678064,2706629
2022-02-01,371.9135437011719,372.6550967047661,362.0261703199158,364.94295753693393,1563744
2022-02-02,382.8885498046875,385.50869782280546,373.89103362602026,374.7314664324766,4529790
2022-02-03,388.2771911621094,389.90860184621147,380.3672919190727,383.63011328727697,4692928
2022-02-04,387.239013671875,391.2434184219584,385.26153878507995,389.3647931404053,2637508
2022-02-07,394.8028259277344,399.9442724014545,385.85476465925245,386.1019490056069,6057343
2022-02-08,400.04315185546875,406.07445593647674,395.1983447055631,399.3510236166806,7761396
2022-02-09,402.6632995605469,404.59134952854333,396.978059603584,400.0431515281989,2428075
2022-02-10,399.1532897949219,403.40484843188636,396.7308711600353,401.526253456806,1556043
2022-02-11,398.3622741699219,400.0431397424431,390.25464596578365,395.4949418760941,2008633
2022-02-14,389.1175537109375,398.21394897240555,387.5850229601067,390.55123487051566,1638123
2022-02-15,399.35101318359375,400.29032574399935,388.1782930987282,389.11757548526424,1702145
2022-02-16,397.3241271972656,402.267814159596,395.7421413345458,399.44990655629357,1075794
2022-02-17,391.243408203125,401.1802071801836,388.87041426185306,398.4611792818583,1131202
2022-02-18,388.2771911621094,392.72650948631747,383.2840491606199,390.5018503242134,1428851
2022-02-21,383.1357727050781,387.78285092098577,380.66392901020663,386.00310535635435,1125934
2022-02-22,379.9717712402344,381.1582681913121,373.00118463079764,376.6595250850616,1727260
2022-02-23,390.9962158203125,392.67705129135055,379.1313670530621,379.774040326514,2297257
2022-02-24,369.9360656738281,390.4029404571751,368.7001440123668,384.6188210467623,2949622
2022-02-25,390.1063537597656,391.34227558789047,374.13824977516765,375.42362658074114,1945989
2022-02-28,344.9210510253906,390.45239662193904,343.09188078470373,390.45239662193904,15809887
2022-03-02,340.9660949707031,349.4692425593383,339.18634956440985,346.05808649434584,13122596
2022-03-03,336.22015380859375,347.5412095461465,333.7977651891956,346.503047305529,5683175
2022-03-04,324.503662109375,337.11006533304277,323.31716503053894,336.1707526311414,4510173
2022-03-07,326.2833251953125,328.2607998934659,315.5060941251503,322.3283757990057,3343221
2022-03-08,330.6832275390625,334.6876018431175,321.3396472644407,326.28333414543215,6020844
2022-03-09,333.9954833984375,335.3797399047788,328.90349179656243,334.04493837301885,3009188
2022-03-10,329.44732666015625,340.1256789290785,327.766460944737,340.1256789290785,5133631
2022-03-11,328.21136474609375,331.47418582561284,324.3058402708457,329.24952686034027,4955659
2022-03-14,324.99798583984375,330.5348909770291,320.9935813839255,328.2113822948284,2757846
2022-03-15,323.7620544433594,333.1550591846976,322.03176409627076,327.51924427034703,4762960
2022-03-16,325.4923400878906,327.12375064251626,323.8114745625984,326.8765663107891,1461561
2022-03-17,327.7170715332031,328.9529934651071,326.2833900226444,328.2608651136908,3561872
2022-03-21,326.0855712890625,331.82026611709557,325.09683392290543,328.26080556415604,1872846
2022-03-22,330.930419921875,331.86970234775777,324.99799552057846,327.2720794715271,1558965
2022-03-23,333.4022521972656,338.0492997174997,331.9191461468754,332.2157552874055,2868421
2022-03-24,338.4447937011719,339.38410628337607,331.4247824298909,333.20449764748065,1779377
2022-03-25,344.9704895019531,346.94796439754913,338.14820714692127,339.6807381214593,4089702
2022-03-28,341.8065185546875,347.93667210268814,335.72575963143316,346.0086523486182,3149400
2022-03-29,339.58184814453125,345.31651259044423,338.14816694611864,343.1907333651766,1145170
2022-03-30,337.7032470703125,343.6851264476438,336.17071616909,341.9548359967735,2474161
2022-03-31,331.8202819824219,340.0267904443557,330.68323999174976,339.13693280704155,2009138
2022-04-01,338.04931640625,339.1369335983367,331.62252320394913,335.18198393538233,2395845
2022-04-04,342.548095703125,344.08062665459533,337.90101769887343,340.32343647906515,1627838
2022-04-05,343.3885192871094,346.0581225880524,341.41104430089194,344.031222796729,983530
2022-04-06,346.3547058105469,348.6288199785986,342.1031469783415,342.1031469783415,1959648
2022-04-07,349.3703918457031,351.8916603303293,344.42670448457494,348.0355902234239,3929845
2022-04-08,351.0018005371094,353.77025337320504,349.0243256045059,350.55685660772446,1524533
2022-04-11,347.39288330078125,357.6757459825761,345.86032226273977,351.00176869057225,3390421
2022-04-12,345.2176818847656,350.6063131700144,338.4448241752127,346.7007880909215,2291502
2022-04-13,346.7502746582031,350.80407451857064,344.57503995479186,346.0087214875687,855439
2022-04-18,339.3346862792969,346.6513369728215,334.5887286755374,343.88285416049416,2986116
2022-04-19,334.1438293457031,344.52557244793604,329.2495669565302,340.1256787779171,2438919
2022-04-20,348.5793762207031,349.8152980342411,333.50113009553974,338.1482081839915,3702037
2022-04-21,369.73834228515625,370.776504428007,344.67384455104917,348.62879393161455,8965603
2022-04-22,371.3203125,380.51558827572893,364.00366189300956,369.6889018511374,7481010
2022-04-25,376.5606384277344,379.0324818857425,366.9204489415026,367.6125470054227,4861868
2022-04-26,375.7696228027344,383.6300969094738,372.5068015738254,380.56500504887674,4954362
2022-04-27,377.64825439453125,379.57627418138264,367.8103053930979,375.62132466102673,2724204
2022-04-28,372.50677490234375,380.6638575644389,371.023668963781,380.6638575644389,1707353
2022-04-29,364.30029296875,377.40106301058586,362.8666117248125,372.75398534129243,3420515
2022-05-02,368.601318359375,373.2978213624259,359.20831235327313,360.83975332501035,3155507
2022-05-04,362.916015625,372.65508411118697,360.3947475675315,368.79901465758365,2138364
2022-05-05,358.0218200683594,365.832839526171,356.7364433386746,365.832839526171,840435
2022-05-06,344.08062744140625,357.62634237287244,343.1907697845218,354.06688157146283,1273996
2022-05-09,334.737060546875,345.9592369381595,333.20452952809035,336.36850152194194,1321944
2022-05-10,327.0743408203125,339.53243889381815,324.4047677734795,334.73705616159555,1277055
2022-05-11,330.4854736328125,332.41352361884236,323.3665523331782,329.0517923433164,1135305
2022-05-12,324.2564697265625,330.2383194311401,320.9441931226431,329.6450709063693,716609
2022-05-13,322.4767150878906,331.7708411351429,319.856566865498,326.283360326474,691415
2022-05-16,316.297119140625,323.1688568118283,313.4792112404239,322.47672849463015,1437402
2022-05-17,326.7283020019531,328.2608329779337,316.64316795537127,319.0161317975457,1061358
2022-05-18,334.044921875,343.19074242116574,328.260802305624,328.7551709837951,5155939
2022-05-19,318.8677978515625,333.9954673545074,317.92848529221936,330.238277464874,1342321
2022-05-20,336.17071533203125,337.0111481551355,322.081207410027,323.3665539579247,3683548
2022-05-23,334.2426452636719,339.92788496095335,332.5618098922752,338.19759461830245,1242086
2022-05-24,325.6900939941406,337.15945388542787,324.3058676669218,335.18197908258077,1142414
2022-05-25,320.54864501953125,329.00233687263176,319.16438865918474,326.283309295172,1231892
2022-05-26,321.7351379394531,323.81149247559745,317.3846994951657,321.3396490215852,1800315
2022-05-27,329.2495422363281,329.94167046072715,323.41599782307105,323.8114867339263,895936
2022-05-30,330.2877502441406,336.26963023141013,328.26085043599807,331.37536753036,1520296
2022-05-31,330.3371887207031,335.6763649262879,328.40913861991334,329.3978760718317,3592613
2022-06-01,324.0092468261719,331.9191457521804,322.47668580493587,330.23828016085565,1443964
2022-06-02,319.2633056640625,325.7889786459173,315.95102928493674,324.3552973228435,4452479
2022-06-03,316.6925964355469,323.31714948849947,315.8027387561329,321.3396745680805,1528233
2022-06-06,315.11065673828125,317.3847409434039,309.6726004292821,316.69261261634523,1951463
2022-06-07,313.1825866699219,316.2476787936522,310.71074304979624,314.31962870040525,1628890
2022-06-08,316.9397888183594,317.58249232285243,308.38721560596383,314.8140092599068,1973109
2022-06-09,333.352783203125,334.73700942382527,317.9284748930696,319.75764497971966,8216222
2022-06-10,335.1819763183594,340.1256632847069,325.2946023856644,326.3327645790491,4659316
2022-06-13,327.321533203125,334.9842487320881,323.910406975201,331.4742427206286,1783868
2022-06-14,322.7733459472656,329.6945079541396,321.43854438259416,325.2946143230782,1117224
2022-06-15,321.8340148925781,328.0630482725639,319.658780602558,328.0630482725639,1762878
2022-06-16,318.12628173828125,325.69011736721404,314.7645803669637,324.15758635457416,1456444
2022-06-17,310.56243896484375,317.38472133254453,308.4860842858377,316.8903526077275,1353964
2022-06-20,312.5399169921875,314.3196323497923,305.96481892108795,310.4635622924001,1642311
2022-06-21,321.33966064453125,322.8227667705829,309.96918034480166,313.42976130558895,1465141
2022-06-22,310.46356201171875,320.44981637871734,307.99171836512863,313.528654168265,2795435
2022-06-23,322.9710693359375,324.9979991332342,309.02986580314695,311.94665323575555,3009496
2022-06-24,323.2677307128906,336.1707427396729,322.2295382559883,323.31715551727365,4598920
2022-06-27,316.3465576171875,328.5080161219032,315.80273391808,326.28335687051333,2463482
2022-06-28,312.3915710449219,315.6543921597983,310.95788984888515,315.0117189309734,2250561
2022-06-29,306.7063293457031,311.6005609851505,304.5805199643655,311.35337665465715,2928101
2022-06-30,305.4189147949219,309.9744559751767,304.0324536242148,307.89474910782263,2216979
2022-07-01,308.5384521484375,308.9841144024755,302.05177850241995,305.7655298774497,1136834
2022-07-04,308.2908630371094,311.3609034950253,306.1121470708293,308.98410870336266,876910
2022-07-05,310.51910400390625,313.6386791808346,308.58797151911466,308.98409893477054,1233143
2022-07-06,317.8970947265625,318.3922615407783,310.9647593275409,313.73768139811597,1838655
2022-07-07,318.2932434082031,320.967156472727,315.4212817383056,318.88744966949577,841241
2022-07-08,319.6797180175781,321.4128020562602,316.6097076128396,319.97683627204736,628813
2022-07-11,325.7207336425781,326.71106729927345,316.1640198999851,319.38260428424496,1048019
2022-07-12,321.31378173828125,328.6917496854412,320.7690800685697,325.0275331211898,1244564
2022-07-13,325.9188232421875,328.295618052348,320.6205319591181,322.8487827603784,1056581
2022-07-14,328.6917419433594,332.3559886438884,324.6313678158345,327.8004476769723,1831364
2022-07-15,329.1869201660156,331.21712241127506,326.85962989588234,329.78112643834976,740797
2022-07-18,329.2364501953125,331.959867866518,326.0673702706935,329.63257763024336,693547
2022-07-19,325.8692932128906,338.34750392783565,324.4828320718048,329.0878777508978,3775546
2022-07-20,322.8982849121094,328.5431989882821,321.36327979411465,327.8004487268165,1825208
2022-07-21,327.99853515625,330.5733786109551,321.8089495005432,323.83912150658057,1968504
2022-07-22,324.3837890625,328.6422420760747,322.94782334115996,327.0577021227117,2378460
2022-07-25,319.63018798828125,324.3837774556958,317.6000160792486,323.8391060330533,781225
2022-07-26,315.1737060546875,321.3137872011897,312.9949597839708,321.16521296527844,1097083
2022-07-27,320.1748352050781,321.1651687878004,313.53961833438836,315.17366270136364,1004738
2022-07-28,303.7848815917969,312.945468893261,302.10130210681695,312.945468893261,8467901
2022-07-29,304.23052978515625,306.6073246601399,302.2498623522388,305.9140789695842,4759094
2022-08-01,306.211181640625,307.54810791176345,304.0324354862174,306.95393189018415,1775428
2022-08-02,308.0928039550781,309.0831376031352,304.5275967775557,306.2606806616556,1840725
2022-08-03,305.4189147949219,308.93461765279307,303.0421198990545,308.6374994016929,1605452
2022-08-04,310.9648132324219,311.60852415797115,305.3694333063563,306.40927170742907,2363017
2022-08-05,310.27154541015625,313.29208141913944,308.7365402182343,311.9551248395952,1413210
2022-08-08,310.66766357421875,312.4502519718713,307.9937507551568,309.72683456165686,1005221
2022-08-10,310.4201354980469,313.73772948370294,309.5288109177808,311.9551407683478,941323
2022-08-11,312.6978759765625,313.34158685804596,310.9647919450218,312.8464199918915,1098580
2022-08-12,308.1423645019531,312.5493621250781,307.548158160704,310.9648219559439,1477133
2022-08-16,314.2824401855469,315.3718134194617,308.2413979089185,309.9249774724768,1424508
2022-08-17,314.43096923828125,316.4116367610421,313.0940126159001,315.9164698803519,1205595
2022-08-18,311.955078125,315.2727016670363,309.9744109623016,314.82703946639623,1262974
2022-08-19,305.17132568359375,312.89594672962085,304.6266542339281,311.9551176191951,2301259
2022-08-22,302.54693603515625,305.2703536263074,300.0711018613825,305.1713142148394,1994185
2022-08-23,303.98297119140625,305.963638786144,300.96243497587784,302.3488962476764,1233007
2022-08-24,303.8343505859375,306.85488634060505,302.5469289348231,303.68580658351425,1296571
2022-08-25,303.5372619628906,305.91405666457587,303.0420951407652,304.03242878501607,1189693
2022-08-26,303.7848815917969,305.8150537155186,302.5964689879772,304.032465032377,1074937
2022-08-29,300.5662841796875,301.55661790021367,295.6641201740484,301.06145103995055,1948405
2022-08-30,306.9044189453125,307.4986252318238,302.34887771217547,303.537290285198,1608532
2022-09-01,298.6846618652344,301.95275111641286,294.67379208687464,298.0904555770418,3239075
2022-09-02,292.7426452636719,301.50710447831597,291.25714472636224,299.5759416907791,2893357
2022-09-05,289.9696960449219,292.9406971528517,287.84048462875603,292.7426485458748,3619567
2022-09-06,289.57354736328125,293.1387544757463,287.3948315108632,293.1387544757463,2326067
2022-09-07,299.2788391113281,300.2691727546845,288.8803358560863,289.8706694994426,2690548
2022-09-08,297.2982177734375,301.85372905888477,295.96126110375667,301.7547198573143,1457902
2022-09-09,299.22930908203125,301.80418264046193,297.3476811740728,298.6351028419958,1116425
2022-09-12,300.61578369140625,302.64598591769357,299.62544998763275,300.0711122433653,1445662
2022-09-13,300.4672546386719,302.05179468811065,299.4274162869774,301.2595397746851,1230351
2022-09-14,302.2994079589844,304.37911509019824,297.14965984574917,298.09048909305255,2500445
2022-09-15,296.5554504394531,304.18100210152016,294.17862528612534,302.5964620734974,2340192
2022-09-16,288.4346923828125,297.94190202175037,287.1967752481223,297.49623976422737,2749903
2022-09-19,287.1967468261719,290.1182430639542,283.3344517926814,289.9201642529718,1319012
2022-09-20,295.6640930175781,298.18946190651906,287.4938405736674,289.1279152405167,2482788
2022-09-21,286.5530700683594,295.56511303223726,286.20644721925123,294.57477930483503,1423489
2022-09-22,286.7016296386719,287.69196341980717,282.74029451413065,287.1967965292395,1145495
2022-09-23,281.0566711425781,289.82112978258385,280.2149117380276,286.7015849032825,1747197
2022-09-26,273.3816223144531,281.05670895320344,272.68840681611874,281.05670895320344,1352658
2022-09-27,277.4419860839844,278.43231980566384,270.8562728793333,274.76810316900185,1411277
2022-09-28,281.3042907714844,284.27529203387326,274.81761677097046,277.0953723164335,1977859
2022-09-29,284.0772399902344,285.9093634577938,281.50236621603636,282.7402833937674,1541227
2022-09-30,288.1376037597656,289.52406490321545,283.0868958162254,284.0772295219162,1858560
2022-10-03,288.9298400878906,293.43584607049326,283.23542164571285,288.13758526323005,1655669
2022-10-04,295.6640930175781,296.2582992398339,290.1677534625263,290.1677534625263,2244077
2022-10-06,288.38519287109375,295.8622004074181,287.69194717440985,295.61461697611475,2959566
2022-10-07,280.1158447265625,287.19672341450746,279.07597638754766,287.19672341450746,4811153
2022-10-10,274.71856689453125,277.4419846147273,273.4311451522005,276.7982737435619,1970884
2022-10-11,266.15216064453125,274.17386901917155,265.45891502079576,273.3320793968023,2615823
2022-10-12,264.8647766113281,266.89494873343784,259.71502896231567,266.89494873343784,4144672
2022-10-13,259.86358642578125,266.20171678297794,258.72470858561604,265.9046287281834,4126270
2022-10-14,258.7742004394531,263.47828581836745,258.18002435913434,262.5374868761374,2411572
2022-10-17,261.1510009765625,263.03262890582744,255.75367038378545,259.36838223627063,2632881
2022-10-18,264.22100830078125,265.01329336203776,261.89374837871395,262.4879243964253,1152193
2022-10-19,267.093017578125,271.05435247599803,262.43843698408944,265.2113593235659,2359801
2022-10-20,267.93475341796875,270.1630041013572,264.7657039129223,265.6074935489414,2421174
2022-10-21,266.2016906738281,269.024147807907,263.92393521690076,268.875603795079,1080940
2022-10-24,267.4891662597656,269.9154659437884,265.70654728064585,267.8852937364847,309236
2022-10-25,269.3707580566406,271.15334657239316,264.56763371589307,267.7862181412022,1941410
2022-10-27,273.5797119140625,274.52054111194286,268.7765869454426,271.3514608667987,1528784
2022-10-28,269.9649658203125,274.96613878948733,269.073671557426,274.96613878948733,634150
2022-10-31,267.2415466308594,273.8767640797745,266.59783579051026,271.35142531279524,1369705
2022-11-01,267.68719482421875,272.3417754389372,266.99397934756274,268.3309359260531,2436287
2022-11-02,265.8550720214844,269.8659110880718,265.3103703976647,269.0736562821678,3665906
2022-11-03,277.0458679199219,278.53136855220026,264.617191385561,265.2113674604022,5298720
2022-11-04,271.3514099121094,279.07600000305575,270.50962029669745,278.08566639023786,2172686
2022-11-07,275.7088928222656,276.0555156577432,270.4106015444967,272.7378917568908,2212874
2022-11-09,276.5011901855469,280.26444627977406,274.421483302911,276.35261594761164,2106632
2022-11-10,273.2330627441406,280.26443808332795,269.3707673451067,275.2632649698154,1807736
2022-11-11,278.3332824707031,281.65090650766,275.3622812834439,275.80794355056753,1949030
2022-11-14,283.2354736328125,285.01806242678026,276.0060488074445,278.2838045133577,2662219
2022-11-15,281.106201171875,284.1762414066147,275.31274351032454,283.2354123883195,4141668
2022-11-16,281.65087890625,284.7209192100754,277.7885837858301,281.65087890625,2687912
2022-11-17,283.0868835449219,283.68108978709586,279.52167631446315,281.2547602242959,1319951
2022-11-18,284.5723571777344,286.9491516994951,280.2644001068407,284.522822365721,1722626
2022-11-21,282.6907958984375,292.1484716194554,280.3139705953265,292.1484716194554,1901674
2022-11-22,279.4721984863281,282.24512091859856,277.29345213055296,281.7994586386393,1458767
2022-11-23,277.4419860839844,280.46252206865876,276.89731462609535,280.2644432352882,1410001
2022-11-24,271.7970886230469,281.3538025222472,271.40093097580905,278.9274729345491,2395644
2022-11-25,279.42266845703125,280.016874766305,272.4408274351826,273.33212178779905,1972475
2022-11-28,278.4818420410156,281.8489704980517,277.5905175537127,279.42264090054545,2087670
2022-11-29,279.37310791015625,280.75956887241716,279.1255245160889,279.7692352961476,764612
2022-11-30,280.1158447265625,284.2257228274608,277.7885548888598,282.146016372012,6560699
2022-12-01,282.7897644042969,283.73059346993267,280.26442566139946,282.0470141596112,1127965
2022-12-02,280.8091125488281,282.78977997706204,279.27410738098143,282.7402753803908,987241
2022-12-05,276.748779296875,282.54220757243115,276.20407759930623,281.452864622469,1492167
2022-12-06,271.0543212890625,277.68953834601376,269.61832546477143,276.6992047354912,2383617
2022-12-07,273.0845031738281,273.97579741165555,270.11350223268045,271.4504587007138,1244697
2022-12-08,272.88641357421875,275.31274300266404,270.36107496304777,273.33207578681754,1261574
2022-12-09,269.6183166503906,274.66902394345436,267.98427229096535,273.5301463731023,865434
2022-12-12,268.0833435058594,271.5495114406909,267.2910584157749,270.26205950277335,975963
2022-12-13,263.5278015136719,269.37076425257453,263.03263466761933,269.37076425257453,2463416
2022-12-14,268.8260803222656,271.3514190307811,264.4190835080969,264.8152109220191,4452626
2022-12-15,267.68719482421875,271.1533628752598,266.399773065724,269.8164365193564,1793894
2022-12-16,263.5278015136719,267.7862243006893,262.4384284078391,267.7862243006893,1190382
2022-12-19,260.5072937011719,264.8647865942286,258.972288401974,264.8647865942286,1324054
2022-12-20,259.5169677734375,261.3490914014151,256.5955011117452,261.0520033417819,1660191
2022-12-21,268.5785217285156,269.96498291665034,260.1606849588416,260.45777299108937,4912220
2022-12-22,267.04345703125,272.7378753983394,262.4879162930617,271.35141436217356,2390292
2022-12-23,264.4685974121094,274.32242962672444,263.5277985487459,269.07367320665526,6383847
2022-12-26,262.6365051269531,267.6871827380754,260.8538863619227,266.30072162477546,2370002
2022-12-27,262.8345642089844,263.87443275235626,261.29955902638034,263.87443275235626,1313840
2022-12-28,261.2500305175781,264.4686151971516,260.45777560856425,262.78506595985033,1368720
2022-12-29,258.27899169921875,264.2705281338381,257.6848157151957,261.4480713193962,2886509
2022-12-30,259.31890869140625,260.7548745518877,258.62566295007815,258.9722858207422,1010982
2023-01-02,260.8538513183594,261.6461362927978,255.90218356279985,259.3188464031685,1918322
2023-01-03,260.8538513183594,263.37922000724365,260.1606359661299,261.3985529050198,1276723
2023-01-04,258.32855224609375,261.94326421436455,257.78385057636854,261.4480973632977,1149776
2023-01-05,257.6848449707031,259.6159775831898,256.94209468376516,259.46743357031954,1262638
2023-01-06,253.87205505371094,258.922763067984,252.08945133624437,258.2790219722007,2352217
2023-01-09,254.31768798828125,256.49643426800947,252.63413879266105,255.01093368344573,1334267
2023-01-10,255.40707397460938,257.387741520318,254.1691567585415,254.51577962355816,1043545
2023-01-11,249.1184539794922,256.1993492491871,248.5737674031628,255.50610354588048,2705579
2023-01-12,247.88052368164062,250.35635788718778,245.9493760235724,249.46504850641514,1776838
2023-01-13,249.6136016845703,250.55441563802773,243.8696634421515,247.88051778193574,2003170
2023-01-16,248.02906799316406,251.54475559160448,246.5930871744469,250.55442190817297,1312173
2023-01-17,246.93971252441406,249.0689239209708,245.15710885381452,248.02907052051333,918909
2023-01-18,247.23680114746094,248.12811054058474,245.60275659367343,247.5339042785022,734471
2023-01-19,246.79116821289062,248.52425228055318,245.35518729337184,247.28633508936565,844207
2023-01-20,242.5822296142578,247.97954509728206,242.08706277891076,246.74162800891446,1225843
2023-01-23,245.9493865966797,247.18730375267003,242.82982629680797,242.82982629680797,1263514
2023-01-24,243.7706298828125,247.97954803309142,243.12691903375756,247.33583718403645,859906
2023-01-25,232.92648315429688,243.82015385132965,232.03518886905684,243.57257042639708,3603904
2023-01-27,233.2235870361328,237.6800886992436,230.40112993831207,234.70908759050306,6734102
2023-01-30,231.1934051513672,233.71875917316643,227.4301339729304,233.22359231051144,1975246
2023-01-31,232.7779541015625,233.71876815450193,230.2030802722919,232.72843439113538,1215429
2023-02-01,237.38296508789062,241.59188296218403,234.06535653610499,234.7090673429508,3814127
2023-02-02,236.9373321533203,239.3636466390059,234.51101766763472,236.1945818957864,1593164
2023-02-03,230.99533081054688,237.68008314911577,228.02432977118295,237.63056344286784,1479173
2023-02-06,238.71994018554688,242.48321124854596,229.5098338004234,230.74775091908805,3621954
2023-02-07,235.45184326171875,239.9083450269248,234.3624701190399,239.9083450269248,907564
2023-02-08,241.74046325683594,243.07740469082466,233.32262677054055,236.19458846840644,2197586
2023-02-09,240.79962158203125,242.58222517894646,238.62089056859813,239.31412110315063,1746290
2023-02-10,240.0073699951172,242.13658133246025,237.2344327081107,240.05687458938226,2898885
2023-02-13,235.40232849121094,242.4832238445724,234.7586176005843,240.60158065968258,1676915
2023-02-14,232.67889404296875,236.34312562016262,231.39145724252424,235.89747848843368,3846790
2023-02-15,235.7984619140625,237.1354033530568,228.370959104228,231.4409845321837,5789278
2023-02-16,240.50254821777344,243.12692651239195,234.9071536732174,236.59071796285718,4463420
2023-02-17,230.25257873535156,240.3539791672891,229.75741189936156,240.3539791672891,4081551
2023-02-20,225.49899291992188,231.4409954480426,224.31059543655653,230.25259796467722,5289644
2023-02-21,224.9542999267578,226.93496737972964,223.51831904561192,225.7960896387882,2613050
2023-02-22,220.10166931152344,225.7960882025977,219.3093993131153,225.1028576207256,2512629
2023-02-23,217.8734130859375,221.78522816226734,216.88307939009235,221.2405416072939,4162618
2023-02-24,224.11253356933594,225.89513736483707,215.24904941352872,218.6656978733177,4747013
2023-02-27,227.380615234375,228.17287007631614,220.34924017745385,224.11251112184416,3574047
2023-02-28,226.93495178222656,229.80692845841747,221.1415089472501,222.82507314430413,51617861
2023-03-01,224.9542999267578,230.45065513101332,224.6572118978468,228.56902709520745,3583078
2023-03-02,221.33958435058594,224.95429635027287,219.21037291701035,222.92412433228864,5807866
2023-03-03,223.36976623535156,224.0134770877021,220.64634859475743,221.389098860374,3976008
2023-03-06,224.21156311035156,227.38064331465023,223.12220501250647,223.8154356404614,4048944
2023-03-08,221.43862915039062,225.74657183008384,219.85408913016033,225.74657183008384,4032570
2023-03-09,221.6862030029297,224.11251752611722,221.14151645006075,221.33958016620593,3943009
2023-03-10,221.587158203125,222.52797216541606,218.26953437098578,221.43861419744997,3829349
2023-03-13,216.04129028320312,221.53764533213533,214.55578973545352,221.09199819006906,2406396
2023-03-14,215.69468688964844,218.22004089382557,214.06062718751343,216.04129462431223,1694587
2023-03-15,219.111328125,222.13184889090263,216.48694990044933,216.6354939088983,2460149
2023-03-16,219.70553588867188,223.46879183393,218.86374620490506,219.85407989813993,2654387
2023-03-17,200.34451293945312,221.24054519374891,198.06674237982648,220.84441775350655,43622635
2023-03-20,199.79983520507812,207.92056897925872,196.87835364813006,204.00875366664732,12777914
2023-03-21,199.15611267089844,201.63194691538354,189.69842283470678,201.63194691538354,12170982
2023-03-22,201.73095703125,202.22612384532343,198.06672562936512,199.2056032572172,4977834
2023-03-23,204.99908447265625,205.791354488046,199.10660173350288,201.73098010373198,6145350
2023-03-24,196.77931213378906,204.9990852405732,194.74912493402707,204.9990852405732,6907260
2023-03-27,204.65245056152344,205.89036767140755,196.9278598848809,197.12592360020378,11575501
2023-03-28,200.5425567626953,204.80099432361828,197.32397251835576,204.65243521479684,4260256
2023-03-29,199.6512908935547,202.0280858591447,197.72012798380717,200.04741835072173,11020214
2023-03-31,204.35536193847656,206.18747018889897,200.34450749208165,200.6416106198318,3884594
2023-04-03,207.3263702392578,209.8517091351603,204.99907995371998,207.07878680936201,3426689
2023-04-05,210.44590759277344,213.26836463324068,204.65244950393762,205.79134230592123,7498043
2023-04-06,213.71401977539062,216.33839808859247,209.55462117409436,210.59445949094842,5396768
2023-04-10,213.41690063476562,215.39756792603956,211.13913022754218,214.90240110322108,2349024
2023-04-11,213.91207885742188,216.14032967885336,211.23818089396272,213.3178725938563,3201574
2023-04-12,221.48812866210938,224.8057526420937,214.15966523723682,215.2490383650418,12681754
2023-04-13,221.9337921142578,222.6270226941804,218.2200406740011,222.28039984857244,3557030
2023-04-17,221.7852325439453,222.4784631224741,220.10166825000596,221.9832962647688,3100051
2023-04-18,229.85646057128906,232.03519171516098,220.2997311848951,221.78523175271138,12504374
2023-04-19,227.1825408935547,230.9458119121719,224.60768238387445,230.35162076899618,4306899
2023-04-20,227.2815704345703,228.56900718913786,221.43860800168426,226.88544302299204,6045806
2023-04-21,226.63787841796875,228.71757016825302,225.00381870921677,227.28158929301767,2460397
2023-04-24,223.4687957763672,227.6777140468691,223.02314862880797,226.63787573966204,2793727
2023-04-25,228.66802978515625,231.63903068376612,223.91444043641405,228.46996608084066,8767164
2023-04-26,228.56903076171875,231.88663973188878,227.38063329313107,229.50984479471342,3597575
2023-04-27,230.6982421875,231.14388934916227,227.47965752584852,228.76709441276785,2489889
2023-04-28,230.30210876464844,231.7380896311297,227.18254849129957,231.54002591011388,3853989
2023-05-02,236.59071350097656,237.58104719518124,230.30210360955274,231.68856473692207,5099831
2023-05-03,235.94700622558594,237.82863422861794,234.95667251634947,237.0363793502633,3025688
2023-05-04,239.16558837890625,239.9083386533749,235.79845984583224,236.8878178482771,3603842
2023-05-05,240.50254821777344,243.12692651239195,237.4325076633237,239.6112388094042,5343250
2023-05-08,241.9385223388672,242.63175289631238,239.46268812563952,240.65108552573022,1822973
2023-05-09,243.8696746826172,245.05807210551242,241.98804668897412,242.53271813730183,3022793
2023-05-10,244.16677856445312,246.7911568443602,241.49288057692095,245.3056562833653,2318845
2023-05-11,243.72113037109375,245.50371894759297,238.22477529677298,245.05807180346815,2268718
2023-05-12,242.73081970214844,244.86003132129406,241.4929024558325,244.41438413487924,1502958
2023-05-15,245.55322265625,247.13776252244708,240.70059387187112,242.73078085315734,2300820
2023-05-16,243.8696746826172,247.08825922157558,243.22596381934272,245.65227837260662,1319381
2023-05-17,243.077392578125,245.45420241671104,240.7005978508313,240.7005978508313,1990771
2023-05-18,242.6812744140625,246.09792263155794,242.03754844704324,244.11725524619328,1911242
2023-05-19,239.4131622314453,244.2657911194375,238.22476486206892,242.6317466254565,2389591
2023-05-22,238.125732421875,241.1462531946206,237.08587902649793,239.16558581725207,1895656
2023-05-23,239.80931091308594,242.03756184496538,237.72961911010805,238.17526627422518,2133409
2023-05-24,240.65109252929688,258.08097194219124,240.15592567224073,257.48676566920653,17725181
2023-05-25,237.53155517578125,246.79116664007574,236.54122142914267,241.0967475969039,6697848
2023-05-26,237.13540649414062,239.4626967832332,234.41198876112708,238.17525992354993,3430449
2023-05-29,239.71026611328125,242.0375411541856,236.19457858793194,237.9771822033069,2492152
2023-05-30,239.3141326904297,240.60156952338735,236.73927413580736,239.90833895526956,1529554
2023-05-31,242.829833984375,244.01823146948962,238.22478806282058,238.22478806282058,2814189
2023-06-01,242.92884826660156,245.55322640430032,242.6317451482432,244.6124124555758,2522264
2023-06-02,237.92767333984375,239.66075732879165,231.73808766502992,239.66075732879165,7195827
2023-06-05,239.06654357910156,242.0375446100496,238.17524931433422,240.3539803814376,2965611
2023-06-06,240.9977264404297,241.64143733964477,237.5315582818692,239.66076982046735,2307032
2023-06-07,241.3443145751953,244.76096274584287,240.6015643158679,242.08706483452272,2294336
2023-06-08,239.21511840820312,242.1861196342757,238.57139240911118,240.65109931187948,1798133
2023-06-09,238.7694549560547,242.1365834046908,237.77912128159787,241.6414165674624,2166494
2023-06-12,236.78878784179688,239.80929346284935,236.34312559881556,239.16558261833157,3072631
2023-06-13,236.8383026123047,238.1257394679477,235.35280203532275,236.5907191828077,3405151
2023-06-14,237.036376953125,238.17525466271223,235.99652354668407,237.58104839866226,1976055
2023-06-15,241.14627075195312,242.3841879529385,236.68976882840573,236.68976882840573,3481429
2023-06-16,242.53271484375,245.5532356230899,241.14625372108227,241.64142056650545,3714937
2023-06-19,242.4832000732422,245.00853878989858,241.09672389746044,243.12691090076396,2326163
2023-06-20,242.63174438476562,243.8696614479532,242.03753814991867,243.4735340322501,1272664
2023-06-21,242.73081970214844,244.26582499854462,241.8890299301358,242.63178027792537,1728130
2023-06-22,236.64022827148438,243.5230442803684,236.19458114064733,243.12691685546716,2270480
2023-06-23,234.61004638671875,236.9868563223631,232.53035469323453,236.9868563223631,1917570
2023-06-26,237.63058471679688,238.5713987745635,233.8178087750492,235.64991717990122,2646456
2023-06-27,241.2947998046875,243.0278837785685,237.82863185692548,237.82863185692548,2772073
2023-06-28,242.63174438476562,243.4240143274641,241.19576361372648,242.63174438476562,2727619
2023-06-30,262.93359375,265.2113491397793,243.62208686440678,244.21629312078832,18396181
2023-07-03,260.9529113769531,267.63766337617295,260.06161715490725,265.4589173022085,5176929
2023-07-04,260.0120849609375,267.8852494839733,257.2886674523204,264.4190817457334,6335870
2023-07-05,255.1594696044922,261.9927660322365,253.97108730808515,260.55680031292144,3783626
2023-07-06,256.9916076660156,261.943276407172,255.15948418727027,256.9916076660156,3801171
2023-07-07,252.95742797851562,258.933992049924,252.0111441135713,257.43985483185935,2992725
2023-07-10,253.70448303222656,255.34804300377283,250.5668011215957,254.00331349970307,3929446
2023-07-11,253.20643615722656,255.3978342434138,251.56289139237333,254.9994037547066,2604446
2023-07-12,258.1370849609375,261.3245896586703,253.30605070189355,254.00331165484178,4526585
2023-07-13,256.1449279785156,260.62733981309384,254.99942881156133,259.3822254145999,2780982
2023-07-14,261.1752014160156,262.3704929676842,255.14882964918286,257.0413974047163,2624910
2023-07-17,263.5658264160156,266.9525315576086,261.5736433446902,261.972073879295,6311920
2023-07-18,265.0599365234375,268.6458717635541,263.96422986697155,264.21325272533664,3653085
2023-07-19,265.7572021484375,267.151754578138,264.21327247051244,265.5081792714625,3708586
2023-07-20,265.2093505859375,267.6995792299369,263.86462103851807,266.2054420435373,3529099
2023-07-21,262.9183349609375,266.20542439375873,261.72301313174967,264.96031015431174,2515077
2023-07-24,248.5248260498047,259.3822171803366,247.52873456263112,258.9837866651271,8242031
2023-07-25,244.7396697998047,250.7660262001547,242.4486563915126,250.7660262001547,4702511
2023-07-26,248.47500610351562,249.22207468181793,244.04240224541846,246.03458512089125,2240553
2023-07-27,255.09902954101562,256.991597239476,249.6205264990888,251.01504846646492,4530779
2023-07-28,255.74649047851562,260.17910977563264,253.50528462232612,255.94572093616355,3317740
2023-07-31,256.0951232910156,258.18692145991645,254.99941659318193,256.99159953531614,3156485
2023-08-01,254.80018615722656,259.48181275247015,253.6546719142619,257.8880604140623,3486144
2023-08-02,251.96133422851562,255.69669243915487,249.67032080830543,255.69669243915487,1574491
2023-08-03,253.55508422851562,255.84609762675834,251.11466319090582,251.9613318125687,2844993
2023-08-04,252.55899047851562,257.19082484584544,252.0609447529414,254.89979626922485,1988139
2023-08-07,260.3782958984375,263.2669549899197,252.3099643674963,254.89979298765124,6179897
2023-08-08,272.0823669433594,272.92905073515357,262.66932120625347,263.16736691927383,13421010
2023-08-09,268.9945068359375,275.4193093952558,263.71523386037603,273.62635679178624,10018397
2023-08-10,260.3782958984375,267.9485969093655,259.5316120962018,267.9485969093655,6839209
2023-08-11,255.19863891601562,264.21325428264515,248.72402936121256,255.94570749551414,20590950
2023-08-14,253.60488891601562,262.6693271787501,252.30996699288937,257.14100139954405,6885295
2023-08-16,256.1449279785156,256.99161184915164,250.66642462514224,253.007245773971,3619987
2023-08-17,254.85000610351562,256.99159666271174,254.10293750856587,256.1449128421089,1982358
2023-08-18,257.1908264160156,259.8802551115564,254.25234445786862,254.25234445786862,4142938
2023-08-21,258.4359436035156,258.9837817517477,256.24453021398887,256.9418064011017,1392931
2023-08-22,258.9837951660156,261.1752086690484,257.738680766179,258.6849798693752,1855647
2023-08-23,259.3324279785156,260.92618045740045,258.784559414802,259.0335822896809,1152160
2023-08-24,259.4818115234375,262.9681314479367,258.88415059957816,259.38219630307805,2373743
2023-08-25,254.40174865722656,259.4818211000739,253.10684193965497,258.7845449301209,1994407
2023-08-28,258.8841552734375,259.4818162080869,252.85781431160913,254.9495971845842,1511554
2023-08-29,258.1370849609375,260.12926779744606,256.54333261207114,259.1331763791918,1535249
2023-08-30,258.9837951660156,260.9759782057542,258.2865189427868,258.9837951660156,1662468
2023-08-31,258.3363342285156,260.726947726867,255.94572073016423,259.2826029058319,1952045
2023-09-01,259.7806091308594,262.32066028505875,257.7884264522537,258.83434059749885,2015580
2023-09-04,260.3284912109375,263.9144262994838,259.68103788621454,261.4241978210901,2135956
2023-09-05,266.0560302734375,268.2474132071515,260.47791211783186,260.97595783889847,5013357
2023-09-06,268.3470153808594,272.43099617465435,264.61167265451587,266.9027010989847,3864756
2023-09-07,266.5540771484375,270.68785057152604,265.1595552030737,270.68785057152604,2855904
2023-09-08,265.3587341308594,268.1976006069149,264.86068844728106,267.0022788070085,1573069
2023-09-11,275.3197021484375,276.96324714900993,265.8070398736833,267.30117721934954,4969656
2023-09-12,266.2552490234375,276.2161641443787,264.5120888772728,276.2161641443787,5319049
2023-09-13,269.7913818359375,270.8870885370923,264.81092446550593,266.25523886395143,2367997
2023-09-14,273.8753662109375,274.32358914061825,270.4388384252198,271.5843375543591,2486100
2023-09-15,275.6683044433594,278.8059863817542,272.18198442329884,273.92514443332914,6956452
2023-09-18,272.1322021484375,277.31185956078815,270.9368802234262,276.7141985982825,2554179
2023-09-20,272.1322021484375,274.57260801441157,267.4505600734924,272.87927075199474,3260778
2023-09-21,265.9564208984375,274.92124407478934,265.15955988652587,273.9251526107502,4855030
2023-09-22,263.3167419433594,268.19758324683704,260.2786452312061,265.95637781580496,3614837
2023-09-25,263.0677490234375,265.1097242667491,261.7728119437664,263.31677187741684,1072534
2023-09-26,260.6273193359375,264.960323181918,259.88025075553736,263.81482410496415,1175241
2023-09-27,263.6156005859375,264.7610996929976,260.6273261857985,261.7728252928586,1584824
2023-09-28,265.8568115234375,268.6956783380874,263.21717516529975,264.113651423005,4594900
2023-09-29,271.1361083984375,272.92906087258746,264.06385293120337,267.64978827780226,2867446
2023-10-03,271.6341552734375,273.825538262368,268.0482199117431,268.0482199117431,1984718
2023-10-04,263.8148498535156,270.6878753843504,261.67325912700716,270.6878753843504,2557186
2023-10-05,262.5697021484375,266.60386020565323,262.2210640747565,265.7571764262272,897722
2023-10-06,263.5159912109375,264.8109283853978,261.57363104669685,262.96815305140035,1215958
2023-10-09,259.4320373535156,262.81874229578034,258.63514593290665,260.17910596129315,1225855
2023-10-10,256.8919982910156,260.6771643260744,254.6507923591272,259.9798880990554,2682999
2023-10-11,256.3939514160156,258.7845649866648,256.0951361190473,257.78847346570257,1496819
2023-10-12,259.0834045410156,260.2289036833108,256.39394533884416,256.9916063169156,1572827
2023-10-13,253.55508422851562,258.48573391657413,253.00723088558703,258.43594150288476,2764245
2023-10-16,253.20643615722656,254.0531199446654,251.51308378149773,253.50526662333138,1514070
2023-10-17,253.90371704101562,256.49356101833655,252.70841028192524,254.00333227058567,2999430
2023-10-18,237.71722412109375,251.01505137477443,235.77484878719034,250.5170056379197,13082442
2023-10-19,234.47991943359375,238.56390042661087,232.48773654902917,238.06585470546972,5417771
2023-10-20,230.0473175048828,235.67524332096315,229.59907939188687,234.57953664550698,4771316
2023-10-23,225.3656768798828,232.48772423532253,224.22017786158918,230.54534906557973,3841041
2023-10-25,223.52291870117188,228.503376026948,223.02487296859428,226.1127625902353,3158091
2023-10-26,221.23193359375,225.16649207431905,217.1479522650679,223.8217624370541,3304417
2023-10-27,221.82955932617188,225.11666409841214,221.58053646765595,223.2240964533506,2766883
2023-10-30,221.03268432617188,223.17429004040017,218.99070903469377,222.12839098918627,2213338
2023-10-31,218.79147338867188,222.57662380833162,216.6498829244802,221.33150953865072,1965042
2023-11-01,217.84519958496094,220.7338739427309,217.44676908003035,220.13621298618554,1171523
2023-11-02,220.88327026367188,222.7260454526337,219.38913314802133,219.58834839027833,2216990
2023-11-03,223.62252807617188,227.10884811299417,222.12839091753375,222.8256518850684,3721458
2023-11-06,223.97117614746094,226.01315152934183,222.72606179307022,224.71824476009536,3115669
2023-11-07,224.46922302246094,225.01706118183878,222.72606291751353,224.26999256543274,2717764
2023-11-08,225.96334838867188,228.45357697924948,224.56881125845894,225.31587983563224,3110053
2023-11-09,226.16258239746094,228.6030035788429,225.01706803127934,228.0551502036387,1989025
2023-11-10,226.5111846923828,227.7562989776293,221.6801503851158,226.95943799439075,2629871
2023-11-13,226.4613800048828,230.9437911887997,223.47310588227157,229.20063128394315,8590243
2023-11-15,228.20457458496094,230.84421104802902,227.55710597385806,230.59518816663956,3215676
2023-11-16,230.9936065673828,233.2846199956914,227.3578787696744,228.7026083382239,4508925
2023-11-17,231.8402862548828,232.58735484646675,230.59517193557625,230.9936024380946,1783108
2023-11-20,234.0814971923828,237.76703261898612,231.39205324319389,232.08931423755402,4820490
2023-11-21,232.7865753173828,235.87446497816106,231.98969909532877,235.87446497816106,1697203
2023-11-22,235.07757568359375,236.57171281717592,232.7865623722713,233.5336309390624,2803434
2023-11-23,233.73284912109375,235.57562435532995,232.2885195803095,235.57562435532995,1158811
2023-11-24,234.4301300048828,238.0160501232551,233.98187669083057,234.52973003088934,2203816
2023-11-28,232.1889190673828,235.3266010010708,230.34614383702697,234.47991720352374,2846098
2023-11-29,235.8246612548828,236.47211464646114,232.28853341059732,232.28853341059732,2307166
2023-11-30,237.36859130859375,238.21525990638696,235.22698561009534,235.82464654901327,3794118
2023-12-01,239.70941162109375,244.1420309226051,239.11176584500737,240.05804972317327,3020077
2023-12-04,239.70941162109375,242.44866322581876,237.966251508996,242.34906319604602,1817846
2023-12-05,242.14984130859375,242.44865658888202,239.3607821657568,241.1537498432341,2272088
2023-12-06,239.4603729248047,243.49454624320387,239.06194243374136,242.54826242756675,2329446
2023-12-07,241.30316162109375,242.79729884475375,239.60980914077567,240.00823965409177,1857120
2023-12-08,238.0658721923828,242.84711450636954,235.97407393027916,241.65180772766044,2350010
2023-12-11,239.1117706298828,239.60981638616286,236.72114188024838,238.86274775174277,1612669
2023-12-12,237.71722412109375,242.05022811138963,237.31879361126985,239.51019181360067,1455169
2023-12-13,248.3256072998047,249.0228682911901,238.0658620863777,238.86273830473945,4745442
2023-12-14,247.0804901123047,250.6664102549029,245.93497581187023,250.6664102549029,7398830
2023-12-15,250.71621704101562,253.95351428083586,248.2757960077503,253.95351428083586,6815893
2023-12-18,253.10684204101562,255.79627070127174,248.0765772081718,250.91542870454163,4310027
2023-12-19,251.36367797851562,255.89588181737275,248.6244265510464,254.8997903892021,4813865
2023-12-20,241.6517791748047,254.5511597358906,240.45645733818094,252.75819218010352,3532183
2023-12-21,244.7396697998047,246.03459174354802,238.36469050635233,241.40277251305602,2124226
2023-12-22,245.3373260498047,248.22598516189865,243.84318888165623,245.48673368695984,2273146
2023-12-26,249.67031860351562,251.0150481554367,246.78165944646602,247.0306823116996,3586164
2023-12-27,251.76211547851562,254.70058223358828,249.86954779196697,251.16445452531636,2913019
2023-12-28,246.38323974609375,252.3099811587209,244.04241863058925,252.0609582825672,7352066
2023-12-29,248.67422485351562,249.76993153011705,246.433019087044,246.433019087044,2137811
2024-01-01,254.55117797851562,258.63514388249916,248.6742291911008,248.82365203096154,7038993
2024-01-02,265.1595458984375,266.6536830156752,254.84999370983783,256.5931536799485,17494142
2024-01-03,281.2464294433594,283.3880199999027,264.5618975101489,266.9027185177517,28706243
2024-01-04,282.49151611328125,286.7249043983408,280.1009029260833,284.8821293004792,9653743
2024-01-05,290.1614074707031,293.34891205300863,277.61068037382967,284.2346819856899,12166860
2024-01-08,279.45343017578125,292.05401070735434,278.9055920649725,292.05401070735434,7064064
2024-01-09,280.1009216308594,285.6790093073868,279.4036454721445,281.99348926384533,3105303
2024-01-10,280.3499450683594,283.83626507255775,277.71027846082785,280.1009222109166,2847064
2024-01-11,280.9974060058594,285.38020233554124,280.1507221880313,281.8440898236874,3239162
2024-01-12,273.1282958984375,282.5413421428081,268.04822327220757,282.3421420858439,5430166
2024-01-15,280.0013122558594,281.8938799283689,272.72982644275623,274.62242451356434,4445241
2024-01-16,286.4759216308594,287.57162836109774,275.22006943593857,281.1468260233867,13568999
2024-01-17,278.6068115234375,288.1194734217765,277.1126742368941,285.1311988486898,6926246
2024-01-18,279.20440673828125,286.1272541146472,272.2815897602123,279.0549991082202,5337699
2024-01-19,275.0208740234375,282.34215275571177,274.17419015401924,280.8978078962159,4152394
2024-01-23,261.4739990234375,275.36948655943075,260.4281151866629,273.5267113437965,5447314
2024-01-24,263.4662170410156,265.3587849211962,259.83048893466577,261.4740339253936,4637208
2024-01-25,257.6888732910156,265.3587593068258,255.99550564687237,265.2591440809999,3864418
2024-01-29,259.0834045410156,260.5277189731965,255.39785384149175,260.2786960988584,3314421
2024-01-30,258.9837951660156,263.3167993571072,258.0374960628195,260.9759782057542,2637680
2024-01-31,267.3509521484375,269.2933427300556,258.9837896397368,260.1292887834833,4943291
2024-02-01,268.8948974609375,272.5804175646737,265.10973173484547,267.2513222597365,4986173
2024-02-02,273.6263427734375,279.7024765062944,269.54236160998477,270.9368836077175,5660639
2024-02-05,283.5374450683594,288.36849501967913,274.2738060923325,274.87146708395056,10372100
2024-02-06,297.3830871582031,305.8996872064764,284.88215174949397,285.2805822457077,23649986
2024-02-07,289.11553955078125,302.81179680770884,283.23860615292284,302.81179680770884,11567515
2024-02-08,283.5872497558594,293.1995262290855,282.49154307431627,291.85479668347796,5818098
2024-02-09,272.3314208984375,289.91243049603924,270.4388530525002,279.85193026281934,16961839
2024-02-12,265.6576232910156,279.4036742498706,263.56582499772003,274.024786065897,6238533
2024-02-13,266.1556396484375,273.22786441352963,259.9798606836074,265.95640920506963,5350604
2024-02-14,270.6380615234375,273.3274902232992,262.86852990558396,264.5120747329937,4842342
2024-02-15,273.2278747558594,276.91342530958707,271.43492229087224,272.6302441997296,4257799
2024-02-16,285.7288513183594,288.8665334468287,274.4729991898995,274.9212525218094,12781234
2024-02-19,289.91241455078125,301.9153351840463,285.7288485527488,285.8782561958393,28508993
2024-02-20,280.1009216308594,288.4680835439485,278.9055997582904,285.6292168953206,10218574
2024-02-21,272.9290466308594,282.69073029994337,271.5843171462668,280.39973221382087,5852991
2024-02-22,269.7415466308594,274.7220037724801,266.952502790871,273.92514278914,4385098
2024-02-23,271.9827575683594,273.9251480502167,269.0443060373453,270.93687370785074,4763062
2024-02-26,271.8831481933594,274.8714222659079,268.04819038726293,273.72589288612767,4389040
2024-02-27,274.6224365234375,280.8978007641681,272.2317926238259,272.331407852693,8810926
2024-02-28,269.9906005859375,280.39976937019054,269.0443318590154,274.92126588338397,6304110
2024-02-29,275.4192810058594,276.5149876609492,266.4046657036848,271.5843229121941,5644851
2024-03-01,272.8294372558594,281.1468067960943,271.4349153301531,275.469073472071,4963400
2024-03-04,277.8099060058594,286.07748347864975,274.6224315281891,276.8138145319063,17778466
2024-03-05,278.8558349609375,281.59508665839934,275.9173527988853,277.8597434345877,5524477
2024-03-06,273.4271240234375,279.75231129635387,268.19764350932803,278.9056274191712,6070958
2024-03-07,280.7981872558594,284.0853074388168,274.9212534962872,274.9212534962872,9041425
2024-03-11,278.1087341308594,285.0813740083693,277.01302749901976,282.8899607446901,4569107
2024-03-12,269.2933349609375,280.54915641122915,268.94469686682066,278.2083353773581,3628757
2024-03-13,251.8617401123047,272.3812309500129,249.42130379486733,269.9407946325755,7078060
2024-03-14,266.3548278808594,272.3811989450472,248.9232287996736,251.51307245710908,6106792
2024-03-15,250.66641235351562,261.5736261096693,249.27189037513278,260.97596514799113,10073254
2024-03-18,249.67031860351562,253.555084420649,246.78165944646602,251.811924364014,4693478
2024-03-19,244.7894744873047,251.41347656772868,244.09221351028364,249.81973936298763,4014805
2024-03-20,245.8851776123047,248.57462145575678,243.59416426449397,245.53653952925663,3465199
2024-03-21,247.72793579101562,251.3138710214233,246.58243672529738,247.52872054469276,3542830
2024-03-22,251.21426391601562,253.7044925733892,247.47892092995528,249.22208099011678,5586546
2024-03-26,256.6927795410156,257.93789385699205,250.0189546480626,253.20644425713232,7271365
2024-03-27,255.59707641601562,262.2210785894219,254.85000781604575,255.9457145089947,7577249
2024-03-28,263.1175231933594,265.707366774854,258.1868892653806,258.9837501835503,7744310
2024-04-01,268.6458740234375,271.58432553788504,264.4622778083922,264.4622778083922,3457178
2024-04-02,268.9945068359375,271.43494325572226,267.40078469876505,268.9447144185138,3294776
2024-04-03,271.5345153808594,273.87533619587384,268.69564887747146,270.8870620656332,3164455
2024-04-04,269.1937255859375,273.77575252663473,268.14784167915116,273.3274991961263,1849002
2024-04-05,269.8909912109375,271.8333513043098,267.94860071926644,269.8909912109375,2215292
2024-04-08,272.7298278808594,276.016947917255,266.653694331547,271.73373642709686,4185920
2024-04-09,270.2395935058594,275.8675344187045,268.4466410864933,274.3733972698001,2814928
2024-04-10,277.2122497558594,282.09312237986893,270.93688552256117,271.73374655595467,14611970
2024-04-12,272.9290466308594,282.0432769624129,272.03257044056346,278.90559509722857,6929503
2024-04-15,264.2132568359375,270.6878512541603,261.0755748513816,270.6878512541603,4071926
2024-04-16,262.7191467285156,267.9486273742965,261.2250094011497,263.7650306983511,3484465
2024-04-18,266.1556396484375,274.42318627714116,264.7610873414581,270.83725108460425,9499931
2024-04-19,260.6273193359375,264.3128698252309,258.8343669022965,263.9642317413845,5479033
2024-04-22,270.0902099609375,271.43493959455236,261.12538626790644,263.3665921911642,8601670
2024-04-23,279.0550231933594,279.9017070345116,270.2396074793385,273.9251581298601,10392195
2024-04-24,288.4681091308594,293.8469972379274,280.3001465398408,282.98960579252514,24783743
2024-04-25,290.5100402832031,292.5520458187481,286.7249052586406,290.85867834032507,7923803
2024-04-26,305.202392578125,312.1750322341449,290.858682793972,290.858682793972,45364974
2024-04-29,304.9533996582031,313.47000002704965,299.67412698848267,309.28640366358474,17313094
2024-04-30,297.3830871582031,305.8000719828484,296.18779566956186,305.7004567592204,5854305
2024-05-02,309.684814453125,311.82640491301356,295.34110417488137,298.8274241229828,15169926
2024-05-03,304.00714111328125,313.76882575523507,298.2796149288603,312.77273424490096,9554032
2024-05-06,299.4250793457031,307.79224098206095,298.030557472693,306.2483114794956,5949489
2024-05-07,293.89678955078125,306.79618683854017,291.0579530496496,300.9192529755139,8939775
2024-05-08,305.800048828125,306.796140192386,294.84304382125407,294.84304382125407,9296466
2024-05-09,297.48272705078125,311.07937025031254,295.83918211867103,306.84598128060094,9996765
2024-05-10,302.8117980957031,306.69654863635014,295.34111228742097,300.81961521349456,9538715
2024-05-13,300.47100830078125,305.05303548486734,292.303075875351,302.76203709197506,6333418
2024-05-14,309.684814453125,311.67699728061154,300.4709688759997,301.7659059528445,7379389
2024-05-15,310.680908203125,319.94457665957685,307.8918643829898,312.77270626737527,16776785
2024-05-16,304.5549621582031,315.36256051723,301.3176649316646,313.768808110659,8380049
2024-05-17,304.654541015625,310.0334281471944,302.4631279183991,304.05688013471837,12344552
2024-05-21,306.3977355957031,309.4856251652839,302.8615927150401,306.79616609538806,4862961
2024-05-22,306.7463684082031,310.2824808297689,303.3098408111224,309.2863893985337,3666833
2024-05-23,314.266845703125,316.05979811517074,305.30202284630053,308.7385504340691,10367039
2024-05-24,318.2014465332031,329.70629136877517,315.16334917435944,316.0598254579377,31341057
2024-05-27,313.7190246582031,317.70339058928914,304.20633275875554,317.70339058928914,11540435
2024-05-28,316.508056640625,318.74926239181747,309.7844393870476,311.7766222769965,8345701
2024-05-29,322.335205078125,323.53049660057366,309.88406172991483,314.266858108825,8347446
2024-05-30,309.6350402832031,324.5265895569884,307.34401165764433,322.8830447071458,9357893
2024-05-31,308.0412902832031,313.569585839556,306.0491073226004,310.7805418540319,5589376
2024-06-03,308.4397277832031,315.76100640893793,306.0989066718049,313.6692081732565,5311869
2024-06-04,289.76300048828125,308.78835351000936,268.4964416749482,308.78835351000936,17873006
2024-06-05,304.05694580078125,306.1487441365649,287.77084286987514,293.6477769383708,8516880
2024-06-06,331.4494323730469,334.4377067445544,305.6008469001869,306.8459612216484,17874585
2024-06-07,334.6867370605469,339.9162173271179,329.70627966381255,334.6867370605469,14591288
2024-06-10,338.57147216796875,343.9005674168688,335.2345597860745,336.6789045239729,7375334
2024-06-11,343.1037292480469,348.08418674679456,336.08126593583256,340.86252337361043,7100803
2024-06-12,337.5754089355469,344.59787236737833,328.80981574776234,344.59787236737833,5164721
2024-06-13,336.8283386230469,341.0617275480402,335.2844089391342,338.6711139994688,2407975
2024-06-14,333.4914245605469,338.372297266067,332.84397116031477,336.82833719042065,5033189
2024-06-18,327.0666198730469,331.250185547369,325.22384468871934,328.71016461646974,6208267
2024-06-19,330.9513854980469,337.87423326071155,326.51876636967904,328.71017972717976,7310198
2024-06-20,341.46014404296875,342.9542812492214,330.70236831726885,330.95139118497764,8166456
2024-06-21,344.34881591796875,349.6280882825746,338.77069788850173,344.149585474728,9300900
2024-06-24,340.8625183105469,344.0499928234196,335.68283042946666,344.0499928234196,4460873
2024-06-25,337.9240417480469,344.1994060456544,334.9855596604829,342.65547637827007,3221011
2024-06-26,350.77362060546875,352.5666035698026,335.18479448969435,336.7785469918909,7782868
2024-06-27,344.79705810546875,352.31756698318225,340.66328456251335,352.2179517559895,4933878
2024-06-28,349.72772216796875,353.5128576051616,344.996287672328,346.4904248814777,5816457
2024-07-01,356.2521057128906,357.9952657733882,346.88885203902055,351.2218559833458,9143802
2024-07-02,355.3058166503906,360.48547372218763,353.11440339805137,358.39367569009966,7001966
2024-07-03,360.0372619628906,364.4698506173296,355.15638960430874,355.7540505460023,6614689
2024-07-04,359.8878173828125,365.71495826131365,354.3097297572604,361.53139254214955,4658012
2024-07-05,369.26409912109375,370.4610471030131,359.1896271277041,360.08734572425004,7658844
2024-07-08,365.7230529785156,372.9048625780583,364.476213148069,370.06206167655495,5022489
2024-07-09,362.082275390625,368.466089033945,360.1371931400427,368.3663357625569,2059302
2024-07-10,356.8455505371094,365.5734291316578,349.81338624567167,365.5734291316578,4383222
2024-07-11,353.6536560058594,358.99013685004087,350.61137883509696,358.99013685004087,3175235
2024-07-12,349.8632507324219,355.0999779351167,348.2174282710885,354.10250608698436,4058531
2024-07-15,358.2420349121094,360.5861000182944,349.86327685039214,351.1101167536366,4074238
2024-07-16,352.5065612792969,359.58861781534034,351.5589812441781,358.0924099742224,2060110
2024-07-18,342.3323669433594,352.50656202008633,340.0880551769661,352.50656202008633,3890681
2024-07-19,334.3525695800781,343.3298160497535,333.20545262328,342.43206705044634,3570488
2024-07-22,334.502197265625,338.54194615779835,329.16571667985136,331.8090110438923,2886436
2024-07-23,336.1978759765625,337.69408375650346,319.589975707303,337.4946076500998,3807462
2024-07-24,347.1202087402344,348.2174338789352,335.3500529188909,336.846260715185,3384480
2024-07-25,360.9352111816406,362.9800163895844,341.48450923518675,345.22502884027404,6420578
2024-07-26,367.5683898925781,375.84739436799083,362.4314157691389,365.0747101782458,9109767
2024-07-29,360.9352111816406,369.8625663748597,358.89037553327034,369.8625663748597,4052190
2024-07-30,358.541259765625,363.62834172210796,357.49389608484813,360.9850474732557,1660024
2024-07-31,361.4339294433594,365.87266089327846,359.4888471677199,359.63846185651715,2699613
2024-08-01,353.8531494140625,369.5134701055276,352.60630956411865,361.58355648371435,4177876
2024-08-02,355.1997375488281,361.78305795210815,347.17007076376683,349.2647677703231,3828727
2024-08-05,339.5394287109375,351.9579660435354,332.8563852444254,343.1801950582706,5620180
2024-08-06,333.6543273925781,348.5166515829668,331.41001577334555,340.5368769368065,2981838
2024-08-07,345.9731140136719,347.1700619581836,334.45229599003824,341.1353694984885,3645534
2024-08-08,338.2925720214844,348.66627317898246,335.9983989414197,346.0229788631449,4003614
2024-08-09,336.0981750488281,344.1278118150074,331.80902753586304,338.2925950048414,10005232
2024-08-12,336.995849609375,341.1353514408208,329.4150579337166,329.4150579337166,4281522
2024-08-13,336.2477722167969,341.13537827356697,333.2054647603357,337.145490808379,3360380
2024-08-14,326.8216552734375,337.14549531571697,322.53253836718903,336.7465126519493,3713151
2024-08-16,340.0880432128906,341.135376490859,327.2705237098712,329.1657141578464,3040369
2024-08-19,343.92828369140625,346.52171660447885,339.78878157806895,341.13537467143595,3453510
2024-08-20,345.87335205078125,350.0128539973345,342.4320621108764,345.6239840968874,4296486
2024-08-21,354.1025085449219,355.54885491092335,344.67638733847144,345.7736124671182,3548478
2024-08-22,355.59869384765625,358.14223474108445,352.8057850062283,356.49641237237074,2368633
2024-08-23,350.71112060546875,357.09493457685807,349.9630166922491,357.09493457685807,1312131
2024-08-26,352.35693359375,354.85061323701785,351.1100937721161,351.1100937721161,1350106
2024-08-27,351.8581848144531,355.34933618752353,350.96046626374846,352.60628868011105,1158652
2024-08-28,355.7982482910156,362.8304131953315,352.8556939322296,354.1025338401173,6636720
2024-08-29,354.5513610839844,364.02734311978196,349.1649890481397,363.07973274003285,5275221
2024-08-30,358.1921691894531,362.03244213340116,354.6511256425184,354.6511256425184,2738006
2024-09-02,362.48126220703125,367.0696387798646,358.09239217927006,367.0696387798646,5156434
2024-09-03,360.98504638671875,365.7729293978069,360.13718924971545,363.827847168236,2513914
2024-09-04,378.4408264160156,382.2312378366118,354.3518865236737,359.04001655110744,12159916
2024-09-05,381.8821105957031,393.7021583147541,379.73755216846536,384.0266690229409,17885888
2024-09-06,372.7552490234375,384.92438754145843,368.1169804876884,382.72996769743446,7030758
2024-09-09,376.6453552246094,378.6901602246314,365.22429101556605,372.20659356841475,6395312
2024-09-10,385.62261962890625,388.8145112542805,377.2937236725702,381.0342430744794,9473666
2024-09-11,384.3258972167969,393.9016332041098,381.53298817235896,389.21353370520154,11687316
2024-09-12,375.6479187011719,392.8543087504967,373.90234289906647,388.11631728763916,8824201
2024-09-13,377.9919738769531,382.82968805014065,371.5084067808848,377.4932379464863,5555196
2024-09-16,390.21099853515625,393.8517646868726,379.33853105573814,381.5329812942542,7932099
2024-09-17,374.8998107910156,394.79935645871024,373.35371111851333,392.6049365951317,10455441
2024-09-18,362.73065185546875,374.80006798374933,359.08988549341257,374.05196405563805,6911164
2024-09-19,360.5860900878906,368.06712930133233,350.11263518907225,364.0772417208301,6351383
2024-09-20,364.4263610839844,366.27169016849064,359.4888630525252,362.38152544531613,4175049
2024-09-23,369.4136962890625,371.907375850295,362.68076147373483,364.4263371665976,3890925
2024-09-24,374.8998107910156,377.04436923695016,365.1245681391354,369.41371547143035,4468287
2024-09-25,370.51092529296875,380.8347344330476,367.66812447508744,376.84484709298243,5125312
2024-09-26,371.9073791503906,373.7527081301619,367.31900262892333,371.0595220039633,3506872
2024-09-27,367.9175109863281,377.79247656285617,366.96990051910893,374.9995674601461,4580392
2024-09-30,362.1820373535156,368.26662176911134,360.236955056256,361.0848122227647,3231111
2024-10-01,369.71295166015625,370.8600382509067,360.9352111634966,361.4838085293779,2195117
2024-10-03,355.6485595703125,368.41621692685385,351.85817889095927,361.48377571229406,3235274
2024-10-04,345.4743957519531,359.2394956801896,344.2275558874235,358.4415303430612,5693848
2024-10-07,339.1404113769531,348.51664019164303,333.75406975493325,345.6738394787809,5769251
2024-10-08,341.8336181640625,344.47691250162063,335.1006831176129,338.6416960399459,2950082
2024-10-09,346.1725769042969,351.80831694113266,342.58170276739884,344.1277718852064,1874883
2024-10-10,344.9257507324219,350.8607203675453,343.92827889058094,348.81591526794136,1469718
2024-10-11,345.2748718261719,348.4169020386211,343.5791879599798,345.025503865812,1211519
2024-10-14,345.6239929199219,347.21995395366883,342.28245616435714,346.17259025632325,1249060
2024-10-15,351.3096008300781,352.4566873795626,345.4743843682697,346.1227349883761,2051189
2024-10-16,345.77362060546875,352.50655578556825,342.28246903060233,350.9604865500121,1554072
2024-10-17,338.19281005859375,347.56906956506026,336.79635559180866,347.5191777095603,1768096
2024-10-18,339.090576171875,341.68397869521846,331.65939852499423,336.59689648371716,2364315
2024-10-21,336.5469970703125,342.282460224316,334.5021919480987,339.14042997586,2490409
2024-10-22,324.976318359375,338.7414482301081,323.72947853994765,335.2004048786793,3431583
2024-10-23,324.3778381347656,332.85634834586057,322.13352660829935,323.1808598111476,3082744
2024-10-24,321.83428955078125,328.21810336689185,319.44036317479294,327.0710168159418,1978924
2024-10-25,311.2112121582031,323.8292247681992,303.8797880913913,321.8841729564652,3282892
2024-10-28,322.9315185546875,324.9264622986547,312.4580638988598,313.15630638541865,1994728
2024-10-29,326.1733093261719,327.66951716711765,314.9517505190788,322.9813870893171,2547066
2024-10-30,319.8892517089844,326.5722951998573,318.3930438533585,323.18089681519064,5277837
2024-10-31,315.3008728027344,322.2831760833498,302.2339848609259,304.7276646040028,13655954
2024-11-01,316.9965515136719,318.0937766705388,314.6026250880515,315.40062085687566,536689
2024-11-04,310.1139831542969,316.6973032629662,305.3261305882233,316.6973032629662,3983931
2024-11-05,314.90185546875,316.0988033494156,308.4681502636382,310.11397262481796,2332169
2024-11-06,322.0337829589844,323.9788347424246,314.9018655388551,317.24589996194277,2183502
2024-11-07,327.1707763671875,328.66698418593984,321.335559785968,323.0811355745124,3711683
2024-11-08,320.4877014160156,331.0609093842041,318.7920174919527,328.1682470333931,3218359
2024-11-11,347.8184509277344,349.91311748843754,325.1758274534268,328.168243043489,22071949
2024-11-12,346.6214904785156,352.6561833883736,344.975667906775,347.81846895274174,5707023
2024-11-13,330.7117919921875,346.0229915472741,327.66951491269975,344.32730760345805,3915358
2024-11-14,334.9510498046875,338.9908292393498,329.71432236156807,333.0059978757847,4264527
2024-11-18,324.5274963378906,336.7963888184666,323.8791456758228,335.5994407747477,2389049
2024-11-19,326.22314453125,333.3550923523495,324.37784602803583,326.12342170220796,1376851
2024-11-21,322.2831726074219,327.5697614295568,318.69226772803484,326.47253626635154,1816318
2024-11-22,330.66192626953125,331.7591514191443,321.78443267798195,322.2831686150401,1533051
2024-11-25,335.4996643066406,338.09309721609696,332.70672485013944,334.1530712151512,1449701
2024-11-26,351.7584533691406,354.5513929051395,335.2004140271494,335.4996738562347,5258746
2024-11-27,357.7432556152344,359.089848635703,348.31716535280134,353.10501782510795,5405033
2024-11-28,363.0299072265625,365.7230630703876,357.1447987121186,359.0898810774587,3951858
2024-11-29,364.2268371582031,367.3688673736258,360.43645633331624,360.4863177492655,2323081
2024-12-02,374.4010925292969,379.03933088493494,367.1195292243562,374.0519712680279,9412158
2024-12-03,372.90484619140625,376.2463828782503,371.85748251560034,373.50333537180614,1730134
2024-12-04,378.74005126953125,380.0367524218354,368.1668441954323,372.9546966167034,3567460
2024-12-05,374.3013000488281,380.4357456470865,371.55825254680474,379.0392911886867,1805601
2024-12-06,379.08917236328125,380.53551875227146,371.8076398818065,375.54815939772004,2246090
2024-12-09,368.6656188964844,379.8372858688466,363.0299087714543,377.0443767358627,4676618
2024-12-10,368.2666015625,374.00206442536944,363.07973601469206,369.06456682812103,2044166
2024-12-11,366.9200134277344,371.2590219133385,366.0721562964561,366.570892204217,994507
2024-12-12,355.7982482910156,368.41626207075404,354.60126980327243,367.46865156458836,1766527
2024-12-13,351.9080505371094,355.89793786945944,345.87335812309965,355.09997257915927,2638692
2024-12-16,352.8058166503906,357.74328419938746,349.86326242389805,356.0974616830552,2170312
2024-12-17,350.0627746582031,353.95290897097243,348.5665668117206,353.10505176988033,1545233
2024-12-18,347.1700744628906,356.8954252594165,345.57414381272457,348.2174381975413,3312516
2024-12-19,349.4642639160156,350.6612118552531,341.63410391341876,344.12778350402766,1729883
2024-12-20,335.1006774902344,350.41184591232786,334.30268175239337,349.11514469392034,2889197
2024-12-23,328.7168273925781,338.741437487104,328.16823006559866,337.59435097769517,2007668
2024-12-24,343.6290588378906,346.820980994558,331.2105218938488,331.70925782830153,6890831
2024-12-26,345.57415771484375,347.02047372979393,339.04069839624105,341.8834994469047,3134559
2024-12-27,351.65869140625,353.0052845028055,345.57413742401997,345.87336680528773,2606743
2024-12-30,366.7704162597656,368.0172560887145,351.30960238079984,354.10251142147507,8766841
2024-12-31,364.4263610839844,367.5683914492646,360.13721369291216,364.82534375188203,1638414
2025-01-01,367.86761474609375,369.4137144141711,361.7830606704902,365.9724242746553,1559938
2025-01-02,372.3063659667969,373.0544698501863,366.37139631573757,367.8676040825164,2019572
2025-01-03,368.31646728515625,376.0468738429354,367.0696275177725,375.9970124284097,2143230
2025-01-06,357.1946716308594,371.8574893997762,355.84807856013623,368.5159830914953,1962539
2025-01-07,381.3833923339844,387.9667130532269,362.18205799310937,362.18205799310937,19915058
2025-01-08,370.2615661621094,382.68007253989333,367.4686266932188,380.03677820216285,3256228
2025-01-09,369.7628479003906,375.0494368284507,368.0671334832402,370.2615838536199,1698790
2025-01-10,360.0374755859375,369.6131809710508,357.0450600429833,369.0147222148,2223573
2025-01-13,364.2767333984375,376.545625031232,359.53874209009746,370.0620579777141,23779837
2025-01-14,386.6699523925781,390.21099568612834,369.3139484779195,370.9099095087855,16972762
2025-01-15,381.0841064453125,390.5102275626499,377.4932321533982,389.11377306685824,6005133
2025-01-16,392.15606689453125,395.74697178138905,381.1340147022472,383.0790666206599,10454325
2025-01-17,392.7046813964844,396.7942916486737,386.37072903065234,393.0039107767433,6070039
2025-01-20,400.5348205566406,401.8814136804357,389.7621364471321,394.0013919299224,8026751
2025-01-21,389.5626220703125,403.6768732171419,388.2659208307345,401.98115888191654,4681084
2025-01-22,387.0689392089844,391.35808642815806,379.1390562658899,389.56261883393705,2830379
2025-01-23,396.2955322265625,398.6395970343714,384.57523862794153,384.57523862794153,3214357
2025-01-24,387.2684631347656,396.79430755341025,385.423134041402,396.29557160603775,2939290
2025-01-27,369.3139343261719,387.2684267444598,368.4660772072236,387.2684267444598,3292383
2025-01-28,358.9901123046875,371.5084022717191,349.5141297408327,371.059527763577,3909804
2025-01-29,354.8007507324219,370.4111791633285,350.91058614851187,359.28937407654087,4128263
2025-01-30,356.09747314453125,361.4339539702168,352.3569534686433,357.09494505810136,3459428
2025-01-31,361.6334228515625,369.96231925127813,346.22250035956824,346.22250035956824,7341863
2025-02-01,369.5134582519531,374.7002935970761,357.59365749269335,360.33670507457595,2156378
2025-02-03,363.52862548828125,366.8701318111933,358.49137441506446,364.0273614099607,1613162
2025-02-04,370.1119384765625,372.7053715197674,365.57345348127404,366.07218943418167,2847492
2025-02-05,389.26336669921875,392.7545179700638,370.510909191992,370.510909191992,7674111
2025-02-06,395.94647216796875,398.5897665433633,389.2633984426233,389.2633984426233,6664546
2025-02-07,385.82208251953125,397.9413893190077,384.17626012714055,395.94644570631016,2413427
2025-02-10,376.1965026855469,385.2236412054068,373.2539789880302,384.9742732425448,1726831
2025-02-11,361.0848083496094,377.7426003584823,359.0898646570701,377.5929552292019,1959111
2025-02-12,355.05010986328125,361.0349408398866,341.88346953857973,360.03746901045236,3963839
2025-02-13,358.3916320800781,367.6182469127258,357.2944373712391,357.2944373712391,2780469
2025-02-14,348.466796875,361.832913576509,343.3796843520695,361.832913576509,3103224
2025-02-17,346.67132568359375,351.9579446978321,337.1454817913973,348.4169014029279,2799003
2025-02-18,337.3450012207031,350.2123823551918,333.305221851686,350.2123823551918,3284422
2025-02-19,335.948486328125,339.09054681552453,328.7667077122396,335.25027434014316,3227705
2025-02-20,335.1505432128906,336.4472444479609,329.016097393954,334.15307135809036,3698825
2025-02-21,321.6846618652344,338.1429468908975,319.5899649557015,335.15053143168603,5201717
2025-02-24,320.0388488769531,324.42771892497854,314.80212166909416,319.1909917171195,2522998
2025-02-25,320.3879699707031,328.1682382142011,318.7920089247375,323.2307403870879,4105011
2025-02-27,311.0616149902344,321.98391392167696,307.86969276600587,321.4353165583375,3877068
2025-02-28,301.68536376953125,311.0117009228885,297.79519932390673,310.9618395081186,4697901
2025-03-03,304.2787780761719,305.3760032079467,290.26431064884946,303.2314448015472,3555060
2025-03-04,314.004150390625,314.85200761651794,296.6481449518291,303.0319591954701,3678170
2025-03-05,324.02874755859375,325.1259727189202,315.94921921127775,316.94669109513336,5199973
2025-03-06,332.1581115722656,333.80393396494435,323.48009467934327,326.02366605023195,3181206
2025-03-07,332.85638427734375,338.043219878614,331.06091659809795,334.95105090915735,3889175
2025-03-10,327.32037353515625,336.2477585518807,325.6745511107367,334.15306162969915,1955824
2025-03-11,328.0685119628906,330.3627156680631,322.13357223869076,324.37788408306506,1517485
2025-03-12,324.2781066894531,330.0634312819324,322.5823923569547,327.32038367610727,1782978
2025-03-13,322.2332763671875,325.674566504895,320.68720714034833,325.17583056844035,1439684
2025-03-17,332.407470703125,333.0558212720758,322.73198226042825,323.9788219854962,2440747
2025-03-18,332.407470703125,332.407470703125,332.407470703125,332.407470703125,0
2025-03-19,341.0356140136719,342.332345662344,333.2054540273746,337.8437224085917,1681648
2025-03-20,340.2376403808594,343.72879171485147,337.49459290415126,343.72879171485147,1006613
2025-03-21,343.2300720214844,345.5242451160112,339.33993786795287,340.2376564510101,1452797
2025-03-24,348.4169006347656,350.9105802283166,344.1776453257291,347.12019942228903,1156746
2025-03-25,347.2698059082031,353.8531259677815,344.2275290520916,349.1151348519339,1585833
2025-03-26,347.41943359375,351.70858081812753,344.92575396577183,347.12020421456265,1426825
2025-03-27,344.6763916015625,349.364521554481,341.6341145821834,347.6189457865428,1367034
2025-03-28,340.8361511230469,348.41691300423344,338.49208613380523,344.0779347097526,2340187
2025-04-01,338.2427062988281,347.668796902139,337.3449877328592,337.6442171080406,1068942
2025-04-02,341.18524169921875,343.629059962203,334.0034624838578,336.9958781003646,937244
2025-04-03,344.8758850097656,356.4964257340127,343.32981585038914,348.11766845526597,3567999
2025-04-04,326.9712829589844,342.3323748680113,320.4877154837601,341.6839937681471,3716291
2025-04-07,306.72259521484375,310.9618505958619,298.2440844528074,298.34383772632816,2647332
2025-04-08,321.48516845703125,326.5722810335722,307.7200689585561,311.26108188709543,4084647
2025-04-09,305.5256042480469,315.3008462829749,304.22890306688225,314.85197179080495,3481679
2025-04-11,315.74969482421875,322.18340028787077,312.80717119729934,319.1909848053209,3064653
2025-04-15,328.0186462402344,329.81408351601385,318.8917842809056,320.18848559781,3208011
2025-04-16,328.31787109375,330.86144271305295,326.6221871213081,328.21811781527066,1251281
2025-04-17,330.4624328613281,332.15814729093614,326.72191318462836,328.26801291525385,958981
2025-04-21,331.0608825683594,334.951016479552,328.3677269869599,334.951016479552,1861695
2025-04-22,332.9560852050781,336.3973752001973,326.8715313847826,331.6095225847854,2356750
2025-04-23,334.8512878417969,338.64166841966227,332.2578551325308,335.300131877363,2687947
2025-04-24,325.9239196777344,334.1530622556726,324.2282053945955,333.1555904280437,4713095
2025-04-25,311.0616149902344,327.56976259386363,307.6702166522581,325.923940063419,4326450
2025-04-28,320.0388488769531,321.6348099236238,312.20868877330753,314.0540177822571,2427466
2025-04-29,318.0439147949219,323.0312741912969,315.8993563425658,320.18847324727795,1214417
2025-04-30,320.9864501953125,324.3778790599694,316.19859717762654,318.64241554649516,2632538
2025-05-02,317.34564208984375,323.6795940082909,316.99652087725093,320.9864080144872,1172553
2025-05-05,335.0508117675781,335.94853040729885,321.18595817065693,321.18595817065693,4679123
2025-05-06,340.5867614746094,344.6265101262585,331.21050211449364,333.953549590173,7013338
2025-05-07,345.6239929199219,347.96805783444785,335.250291861204,335.250291861204,5299681
2025-05-08,333.75408935546875,349.11514986128,331.5097776777891,345.1252624342939,2552004
2025-05-09,329.06597900390625,339.9384168003395,327.17078845157096,332.65688398963084,6131597
2025-05-12,327.32037353515625,335.4497628270178,317.0962873211132,334.15306162969915,7577972
2025-05-13,329.0160827636719,336.6467360254984,327.9687190984493,329.96366271934113,4488167
2025-05-14,337.3450012207031,339.0905770067112,328.71684512609386,332.5571179433968,3246085
2025-05-15,337.7439880371094,340.8860184024778,333.20547267342045,338.14297070501823,3182074
2025-05-16,338.5419616699219,343.52932124207877,337.74399631454764,341.13539473552885,1989564
2025-05-19,340.7364196777344,344.27743287698263,337.6442505857615,338.99084378844316,1347546
2025-05-20,331.6593933105469,343.32982624381,330.7117828677752,341.23512925060567,2112277
2025-05-21,339.7887878417969,340.337415636836,332.5072553366576,333.6543419038472,2264172
2025-05-22,332.25787353515625,339.7389122798366,329.3153194527455,339.7389122798366,2162491
2025-05-23,329.913818359375,334.9510390863487,328.1682426008598,334.1530737729119,2051454
2025-05-26,331.5097961425781,334.452320019621,330.3128176716416,331.26042816450195,1361946
2025-05-27,334.20294189453125,334.951045806046,329.21558248443273,333.1057471766504,1717048
2025-05-28,333.50469970703125,337.3948336073237,332.40747464786585,335.15052207556766,1143647
2025-05-29,334.7515563964844,336.5968853930036,331.70924901291886,335.15053904535813,1103161
2025-05-30,335.0009460449219,336.7465218821244,330.56218388272185,334.20295025508744,1880217
2025-06-02,333.1556091308594,336.14802478173533,329.7642108146185,335.00093820365146,1175008
2025-06-03,336.3475341796875,339.1404433012923,333.6044864765153,339.1404433012923,3111241
2025-06-04,335.5495300292969,337.6442270384477,332.2578850437925,337.6442270384477,902848
2025-06-05,329.7641906738281,337.64421198510007,328.6669655807695,334.2528138759934,3888417
2025-06-06,329.215576171875,331.36016502943676,326.77178837204093,331.11079706371333,1250474
2025-06-09,337.29510498046875,340.9857630562505,330.06343396095957,332.05837769047935,3325964
2025-06-10,340.33740234375,347.26981333408105,338.69154946334316,338.9409174221412,6067297
2025-06-11,353.5539245605469,355.09999381813503,337.2452530260388,340.33742198164157,8322371
2025-06-12,351.3594665527344,356.8455618431248,348.6164189075391,354.1025141979296,4265927
2025-06-13,354.50146484375,356.9951442959998,344.1277644104753,347.0703183402993,8013966
2025-06-16,356.3468322753906,358.1422694990681,347.36958527615053,357.3941655824648,3802901
2025-06-17,351.7584533691406,363.7281159623257,348.9655442735679,354.1025183817246,11636919
2025-06-18,341.1353759765625,351.11009457236844,339.24018553144447,351.11009457236844,8974019
2025-06-19,347.7187194824219,350.06278459654493,342.1328706088852,342.1328706088852,8981677
2025-06-20,350.46173095703125,352.0078001058846,343.67890429912694,347.1700556782113,3627362
2025-06-23,351.3096008300781,354.8506137524922,346.9705921564039,347.07034543036457,4480305
2025-06-24,348.3171691894531,350.611342182615,344.77612598992624,349.1151344634858,12193270
2025-06-25,350.5115966796875,354.5513758751019,342.18270077056985,349.4642634292604,14074406
2025-06-26,349.6138916015625,356.0974587781963,348.5665583107381,352.6561686390434,12779994
2025-06-27,353.5040283203125,354.6511148946699,349.11515813470425,351.11010189547403,4598232
2025-06-30,354.8007507324219,355.6984693131606,348.6662744764524,354.1025082582777,2637925
2025-07-01,361.58355712890625,362.53116759272484,353.10504613415947,355.0999898976293,5293503
2025-07-02,367.6182556152344,371.2590523931315,361.5835628120589,362.28180531641834,7387741
2025-07-03,373.50335693359375,375.3486555557522,366.17193254141705,371.25904520785144,5847231
2025-07-04,379.5960388183594,380.54491628764265,372.25484237723913,374.0027520977204,6787795
2025-07-07,371.6555480957031,381.54371686052286,371.00633058994055,381.4937887758973,3307833
2025-07-08,368.9088134765625,373.5033248224139,366.1121398185499,372.00511658884005,2519720
2025-07-09,373.1037902832031,378.8968805953259,368.55923735381094,368.55923735381094,4170233
2025-07-10,371.9551696777344,376.6495678157743,369.5580425251477,374.5520701268389,1858411
2025-07-11,373.7530517578125,376.94921125269923,371.7554406430858,372.4545862445642,3092326
2025-07-14,378.6471862792969,380.79461209389626,368.5592442298956,372.40465165480674,5647593
2025-07-15,389.983642578125,391.03237622228585,380.2952164665015,380.4450312040778,7845415
2025-07-16,394.1785888671875,405.4151508672848,392.730339164739,399.02280169234336,17490369
2025-07-17,396.5257873535156,398.3236250785374,392.1809772900669,395.77668322123566,4252872
2025-07-18,398.2737121582031,405.51505237926136,395.8765849398712,396.7255757516688,6228336
2025-07-21,394.1785888671875,399.37238971746035,393.0299686256248,399.37238971746035,2504038
2025-07-22,386.7375183105469,394.2784879651822,385.8385689372516,393.5793118928695,2387785
2025-07-23,396.4758605957031,397.92411030094337,384.1406064133711,384.1406064133711,3735346
2025-07-24,397.1250915527344,404.0168437302765,395.62688323235017,396.32602882652037,3142162
2025-07-25,393.67919921875,399.2725163634691,391.7315466958966,394.52819002769303,2122908
2025-07-28,386.9872131347656,402.71840016494104,386.0882637767122,393.6292637846146,3698071
2025-07-29,397.6744079589844,398.62328538652787,385.5389271011198,386.98720728397564,5529147
2025-07-30,396.8254089355469,402.51861242029366,393.92887911112945,399.5221959506637,6133305
2025-07-31,390.9324645996094,395.6268626179929,384.3403422371798,387.5365320132441,2938178
2025-08-01,382.64239501953125,392.3807486922074,381.34392957449944,391.0323551643811,3141290
2025-08-04,381.9432373046875,386.13823281901006,372.604399289533,382.64241338411676,8430624
2025-08-05,371.9052429199219,386.33796445158333,370.20726133684377,382.54251565321835,3095425
2025-08-06,359.9695129394531,372.4545822733765,358.97070739273926,371.55566337755926,4170067
2025-08-07,363.7649841308594,365.8624513469217,355.1252919610406,358.3714099149116,2148156
2025-08-08,342.93988037109375,365.3630459399132,340.7924546056879,358.5212525331058,5841196
2025-08-11,341.6913757324219,342.44047987514955,330.6046283238267,342.19077849424036,5044883
2025-08-12,354.47607421875,357.072974676257,339.693764662365,341.6913757095049,7056392
2025-08-13,359.8197021484375,361.46772522235767,353.57716741303784,355.0254476641012,2379044
2025-08-14,358.8208923339844,367.5604408598643,357.7222001373628,360.56880203916035,2525023
2025-08-18,363.8648376464844,365.9124072449862,359.47009946795976,362.5664026668494,2143775
2025-08-19,363.4154052734375,366.0622338833263,361.06820613594124,366.0622338833263,1024689
2025-08-20,359.0206604003906,364.61394699049197,357.8720096545521,363.415398641667,998355
2025-08-21,357.3226623535156,361.0182548414455,354.3761739795344,359.5699746953616,2257658
2025-08-22,359.0705871582031,361.0681982133252,355.9243558426109,355.9243558426109,1023391
2025-08-25,359.5200500488281,363.2655706543606,357.772140432913,360.7185983539237,932540
2025-08-26,357.87200927734375,362.86603692833165,355.17525263448573,358.52125725687284,4216073
2025-08-28,352.82806396484375,362.2168301298202,350.48086480331796,360.5688070525367,2513036
2025-08-29,347.93389892578125,355.6746414819146,346.7353201439946,352.82803973601483,1810109
2025-09-01,352.1288757324219,352.9778665251046,346.38574396226727,348.58312831025495,1594809
2025-09-02,355.6746520996094,356.5735709722218,348.88275626860604,352.97786500064655,3049894
2025-09-03,361.1181335449219,363.06581655520637,353.42734911702246,355.075372174349,2632511
2025-09-04,356.42376708984375,364.1145515464414,354.57597072365013,364.0646234613253,1203504
2025-09-05,363.2655944824219,364.3642562138773,353.57716835482483,353.57716835482483,2400088
2025-09-08,363.71502685546875,367.4106195008128,362.0670038308088,363.5652121225225,1348143
2025-09-09,364.0646057128906,366.1121448008561,360.86841591198726,363.71501769074104,819081
2025-09-10,363.7649841308594,370.3570762061278,362.5664053092875,365.56282188209155,1707668
2025-09-11,363.6151428222656,368.80894379668695,362.11693451977396,363.76498803741555,1755595
2025-09-12,364.7637939453125,366.36185841803655,362.7661828732815,363.6151431939939,1189542
2025-09-15,357.82208251953125,366.5616309411527,356.5735756021567,366.5616309411527,2232052
2025-09-16,359.769775390625,361.517685122987,357.92197900590264,359.0206712196127,968345
2025-09-17,353.9267578125,361.86724376015627,352.5783642044446,360.51888063322775,3387333
2025-09-18,367.9599609375,369.3582826204473,357.5723892455854,359.3702270549282,9086347
2025-09-19,368.7590026855469,373.40344216297547,367.1609077897852,370.1573242889165,14210253
2025-09-22,361.7174072265625,370.5069139516327,358.4213612553643,369.05863377818577,3850328
2025-09-23,359.0705871582031,363.9148000630994,357.67226551584275,360.2192074186732,836722
2025-09-24,358.521240234375,360.81848065230673,355.7245665939316,359.0705710574513,1684569
2025-09-25,355.52484130859375,360.96831316932963,353.6270864128891,360.56879705275395,1822433
2025-09-26,338.49517822265625,349.8815548388398,337.29662991002505,348.58311987987474,3635613
2025-09-29,339.7436828613281,343.0896873641613,337.7960304357086,339.79364142472843,1703064
2025-09-30,340.5926818847656,342.39051962601803,336.647387893357,340.5926818847656,845656
2025-10-01,346.03619384765625,347.8839597241555,340.5926914256752,340.5926914256752,1955193
2025-10-03,351.8292541503906,352.52843022617765,346.3358236384612,347.18481445016647,2628207
2025-10-06,347.3346252441406,352.37858100994447,344.18839390105876,351.8292501574365,2505387
2025-10-07,347.3845520019531,350.6806285477923,346.48563311895185,348.8827603006639,1920469
2025-10-08,348.5831298828125,354.52603497727637,346.48563217411197,346.48563217411197,3503144
2025-10-09,352.0789489746094,356.12409917463333,350.0813379165974,350.4808540319747,2666494
2025-10-10,353.02783203125,357.4724984173024,348.18361904234354,351.62947988351317,2001620
2025-10-13,348.9826354980469,353.02781606049626,346.5355803124632,353.02781606049626,833741
2025-10-14,351.4297180175781,355.4748680626769,342.5403552461036,350.7805005448137,4339891
2025-10-15,355.9742736816406,356.7233778057523,349.63185266793687,351.42972085447974,2332613
2025-10-16,357.77215576171875,359.6698801869386,355.5747713865425,356.02424607091416,1381944
2025-10-17,355.7245788574219,360.9183797393539,354.07655585025367,360.06938895350197,1510809
2025-10-20,363.8648376464844,364.51408561742727,356.2739401022716,357.5224469985073,2280530
2025-10-21,365.6627197265625,367.1609280588365,361.3678375520345,363.8648514391578,433779
2025-10-23,361.8672180175781,369.1085578437518,360.9682991698643,367.4605348760889,1776193
2025-10-24,359.0705871582031,364.7637908577515,357.4225641339525,363.7649853301904,1007188
2025-10-27,360.01947021484375,363.5652177005164,358.22160194852813,359.12052084112287,1247932
2025-10-28,365.3131103515625,367.8600521752342,359.42016401832956,360.1193095772175,1341101
2025-10-29,373.2536315917969,374.3023651857244,365.16330085780163,367.1109533152564,2588388
2025-10-30,376.1501770019531,379.7458830855938,371.20607732680645,379.5461097827312,7053197
2025-10-31,371.6555480957031,379.8956938132406,371.0562586745661,377.5484946944441,2113126
2025-11-03,376.6994934082031,379.5460952185675,371.5556511087029,371.65553775630127,5042950
2025-11-04,380.0455017089844,384.44023991635856,375.65076350161024,377.54848790012113,4295964
2025-11-06,384.7398986816406,386.33796312950943,379.7458710792368,379.7458710792368,4037698
2025-11-07,379.94561767578125,383.99079836266026,375.7006941714936,383.5413236815207,2407710
2025-11-10,381.6935119628906,383.84093767047864,375.9004523124964,377.5484752750116,1642994
2025-11-11,384.6400146484375,388.0359473449351,380.7946072722175,383.54132247221384,2492054
2025-11-12,405.4151611328125,408.31169109217785,380.7446826721478,387.0371453590838,16384325
2025-11-13,416.50189208984375,422.5946117154405,405.2653302528875,406.66365185192825,12453552
2025-11-14,410.65887451171875,419.44838118504623,407.5126432884374,414.2545804016652,3320956
2025-11-17,420.44720458984375,422.6445584909157,409.1107556056023,412.00728557768076,3740504
2025-11-18,421.0964050292969,424.4424095515792,416.00249088146217,421.995323883356,7436143
2025-11-19,409.6101379394531,423.94300283097266,407.96211497559193,423.4935281675903,3249725
2025-11-20,394.6780090332031,407.41277986174975,390.8326015495343,407.41277986174975,8463319
2025-11-21,396.3759765625,401.4199322441954,394.52818025495424,394.97765493123916,3348385
2025-11-24,394.77789306640625,401.41994386807244,391.9812497229025,397.47468023995555,1994127
2025-11-25,392.7802734375,396.1262780487045,391.1821784982996,394.5281831095041,1628532
2025-11-26,397.97406005859375,399.52219637710516,392.03115519503444,393.6791781588651,1595568
2025-11-27,399.172607421875,403.51741739350024,396.2261495191863,397.4746563799335,1913627
2025-11-28,397.8741760253906,401.3200367030911,395.9264931128155,399.6220856460158,2397734
2025-12-01,394.0287780761719,400.5210139633585,392.1809817659014,397.8741854286537,1957799
2025-12-02,398.5234069824219,401.22019410933973,392.1809857625416,394.02878209164265,2851443
2025-12-03,409.51025390625,412.0072676495808,399.57212701534354,401.51980992759144,10962895
2025-12-04,387.8861389160156,411.2581825377847,383.7411020066991,409.51027283665263,12104103
2025-12-05,392.18096923828125,393.5293627449266,385.8385482856343,388.8349647532353,4217316
2025-12-08,383.341552734375,395.1274763543079,381.1441988426467,394.72796023591417,6232858
2025-12-09,383.1917419433594,386.4378599705421,375.10141091784794,382.5425244341481,4551712
2025-12-10,378.6971130371094,384.49020343701625,377.3487194667183,383.44143933510054,2562204
2025-12-11,381.29400634765625,382.242883781836,375.9004626487868,378.54729117422846,1102516
2025-12-12,385.8885192871094,388.2856464422318,382.04311193351424,382.2428852302434,1966174
2025-12-15,390.1833801269531,391.13225758732125,383.0918546599751,388.5353570736373,1455127
2025-12-16,384.44024658203125,391.43188536807384,383.441441041168,390.1833784419948,1015368
2025-12-17,385.6388244628906,388.23572495889135,383.2916253514837,384.5401322744527,1318360
2025-12-18,391.7814636230469,394.97765346646895,385.5888572318386,388.0359429383141,3763050
2025-12-19,398.0739440917969,400.9705046032177,392.9301015495481,394.42830989085127,4142159
2025-12-22,398.8230285644531,402.3188478548342,396.8254175413782,398.1738110781788,2260788
2025-12-23,401.0703430175781,403.2177992632718,398.5234011425757,400.1214960654377,1907267
2025-12-24,397.8741760253906,405.86462000539143,396.87537052789054,403.5174209900412,2707789
2025-12-26,394.9776611328125,400.7207929608744,393.5793089984706,397.82423252355983,1962359
2025-12-29,389.9336853027344,398.7231925368788,387.53655805019565,395.87659058899607,4725731
2025-12-30,389.9336853027344,392.430699207697,388.43547695975684,390.4330880837269,3936901
2025-12-31,393.42950439453125,394.47826852229156,387.6863724185936,392.53058548582726,1242838
2026-01-01,387.2868347167969,393.4294824787493,385.6388117291206,392.5305636201191,1345267
2026-01-02,392.48065185546875,394.2784896474779,385.88852914955794,387.2868508190236,1452427
2026-01-05,390.8825378417969,398.47346572482735,387.98600799305655,392.48063273524406,1485564
2026-01-06,384.68994140625,394.1286657988778,382.4925875425031,390.9824344950438,1770828
2026-01-07,386.5876770019531,393.0799130948704,386.0882742255749,386.5876770019531,4830813
2026-01-08,377.4985656738281,387.8861371836522,375.850512149506,386.5876716942204,1288204
2026-01-09,379.1465759277344,383.84094351421237,371.7054627204141,375.90045803534133,1597546
2026-01-12,371.35589599609375,380.145403235978,365.51290783956705,379.5461138021703,2148460
2026-01-13,376.84930419921875,383.4913851810034,369.05863346599943,376.54967474068144,5162057
2026-01-14,378.54730224609375,383.3915152444128,372.5045408802623,374.951596181304,3555556
2026-01-15,378.54730224609375,378.54730224609375,378.54730224609375,378.54730224609375,0
2026-01-16,377.19891357421875,384.78984192516504,374.0526821569742,379.7458860404656,3434497
2026-01-19,375.6007995605469,377.9479986035065,372.10498027817624,376.05027423215887,2516848
2026-01-20,366.41180419921875,375.60079652127723,364.5640079258354,374.55206293750217,9421803
2026-01-21,364.4142150878906,369.60798571728134,358.6211245444478,364.5640298258403,2608596
2026-01-22,372.5544738769531,373.8529089124918,364.5640293970185,364.5640293970185,1700808
2026-01-23,365.7626037597656,375.35111263277344,364.713839646006,372.1049946027522,1896911
2026-01-27,364.813720703125,369.25841751468255,358.87081559299196,367.2108478846206,3333643
2026-01-28,370.05743408203125,371.2060542994213,362.9159809240415,362.9159809240415,2519290
2026-01-29,364.8636474609375,370.75662446547943,358.6710714713458,370.75662446547943,3013441
2026-01-30,366.3618469238281,367.560425721893,359.5699816844605,363.5652037031768,1851119
2026-02-02,369.7078552246094,371.80535290201436,360.1193161858475,369.45815384589747,4695435
2026-02-03,371.85528564453125,387.2369151508111,370.4569640024492,384.5401280344826,4840490
2026-02-04,368.1097717285156,376.05028801042937,365.6627164298725,373.3535008441989,1872248
2026-02-05,367.36065673828125,369.5580410668043,363.06580521022534,368.10976087557884,1513592
2026-02-06,364.9635314941406,367.41061721449563,360.66867994373763,367.36065864974057,1797290
2026-02-09,373.5033264160156,374.5520599915421,365.9623266528444,368.4094123039057,2278289
2026-02-10,370.6067810058594,374.55207505556166,366.31192940433925,373.55326952208014,2703185
2026-02-11,374.7518310546875,376.34989544958427,366.8612433195436,370.65672246023456,2634512
2026-02-12,374.60198974609375,388.7351119244355,370.80654104701864,376.74944595119854,8323909
2026-02-13,377.4985656738281,381.4438292643731,367.8600678371604,373.55327160215705,5387172
2026-02-16,379.89569091796875,383.7910264039831,374.1525590980002,376.5496862831532,2108997
2026-02-17,378.8968811035156,380.7446774165945,376.4497953806374,379.74587189397084,1118253
2026-02-18,378.49737548828125,382.44263912339096,375.3011855347892,379.2464796510253,1489234
2026-02-19,382.19293212890625,386.53774230530735,377.14897636620987,378.54729801992636,2784719
2026-02-20,383.49139404296875,388.28564837710394,381.1941230436378,383.6412087756994,3482530
2026-02-23,387.2369079589844,388.8349723881839,382.74228316932897,386.48780382737516,3572627
2026-02-24,390.28326416015625,391.5317710832534,384.590060398383,386.48781530639144,2179315
2026-02-25,395.3771667480469,396.37597225683004,389.8337778856251,391.5317594430066,3958867
2026-02-26,394.37835693359375,400.5709327317662,388.7351119668046,394.37835693359375,5256998
2026-02-27,389.3343811035156,395.2273580806331,388.335575579411,394.57811010506464,4394250
2026-03-02,387.4866027832031,389.48421376704516,379.5460869299813,379.5460869299813,2439315
2026-03-04,377.8980712890625,385.13941124584346,374.9016547552221,381.643591956363,2886127
2026-03-05,386.33795166015625,388.5353359324296,379.19649849695475,379.8457159697686,2832306
2026-03-06,390.23333740234375,393.7790848835435,385.3391658622637,386.53774470496217,2552685
2026-03-09,389.2345275878906,390.4830345015275,378.9468123308471,384.4902013160704,2914481
2026-03-10,395.32720947265625,397.9740684644603,391.93127682794807,393.17978371799705,3554902
2026-03-11,394.8777770996094,402.3188600983378,393.77908490725736,395.3272213048037,3931225
2026-03-12,391.7315368652344,397.0251939251191,388.53534701099704,390.0335552899598,1921703
2026-03-13,383.09185791015625,398.22378643286083,382.1430109228643,392.93009870983786,4757886
2026-03-16,376.599609375,387.4366553704608,368.65912377437354,382.54251441541817,2652299
2026-03-17,377.0989990234375,382.5924291960964,374.5021291448983,379.4961565745882,2698117
2026-03-18,382.14300537109375,385.5389381079437,376.5496882556859,380.5449104122449,2240407
2026-03-19,368.1097717285156,379.4462207700752,365.8125311655239,378.49737379019876,2008502
2026-03-20,380.4949645996094,382.1929156483599,369.508104180975,372.0550459946631,12193711
2026-03-23,366.7114562988281,377.9480188807275,365.113361302066,377.54850275181866,3017643
2026-03-24,368.6091613769531,376.74945067064783,366.6615089205792,373.5532608452968,4115023
2026-03-25,379.1965026855469,381.5437017111467,370.55684119066865,370.55684119066865,2037267
2026-03-27,369.6579284667969,378.4973634011186,367.7602040780069,378.09781680884663,4192803
2026-03-30,360.4689025878906,369.50811074520317,356.87319665441754,364.56401127653703,3227869
2026-04-01,364.7637939453125,371.4557727479408,361.5676040376125,368.55924278972105,2832071
2026-04-02,352.1288757324219,362.7162203962364,341.6913762822945,361.8173015197417,5941534
2026-04-06,354.5759582519531,356.5236412009985,345.8364099851796,353.5272246523905,3066911
2026-04-07,339.643798828125,360.61871437416846,337.29663028287246,353.62707585882066,15931957
2026-04-08,349.3821716308594,353.17765103596923,343.8388129822026,351.2299680074538,6053110
2026-04-09,345.2870788574219,351.5296133285126,343.88872675099725,350.0813331387694,2365693
2026-04-10,348.1836242675781,350.08134873510943,345.6866103678983,346.5855292755577,2064193
2026-04-13,344.587890625,346.08609884510867,337.59625226449276,343.63901322648144,3581778
2026-04-15,349.9315185546875,351.42972682837865,347.4844328485418,347.4844328485418,3655984
2026-04-16,350.3310241699219,354.57594748488174,346.5855035978985,352.6282645949798,2652908
2026-04-17,357.6722717285156,358.2715611516869,348.7329499091201,350.580746263429,2422877
2026-04-20,358.6211242675781,362.0670156433935,354.62590202599586,359.0705989622068,1867816
2026-04-21,361.0682067871094,364.26439674365054,358.6211209940269,359.5699984601919,2237236
2026-04-22,357.3725891113281,362.066987067131,355.7745247257244,362.0170589855025,2600977
2026-04-23,357.5723876953125,364.3642532579684,355.1752604662061,357.02305683404126,2299349
2026-04-24,349.43212890625,358.5212655371937,348.08373531311594,357.6223161543533,1586087
2026-04-27,361.5675964355469,362.11692727635517,350.0813330128707,350.83043714913214,4058236
2026-04-28,362.36663818359375,364.2643930969249,358.7210040541504,361.51767785840747,4198319
2026-04-29,361.8172912597656,367.7601961588977,360.81848576284426,364.2643769196729,1477358
2026-04-30,359.22039794921875,361.21800898242014,353.8268542558,360.0693887345544,1996623
2026-05-01,359.22039794921875,359.22039794921875,359.22039794921875,359.22039794921875,0
2026-05-04,360.1692810058594,366.0622275495866,358.77095935701107,358.77095935701107,2608351
2026-05-05,367.81011962890625,370.45694806633134,358.77094218757026,360.1692637695001,2660976
2026-05-06,380.1453857421875,384.0407211609894,370.60677476927964,372.35468442345837,6230919
2026-05-07,381.79339599609375,385.83854601105844,379.14656756154125,383.54130559189014,5229003
2026-05-08,379.94561767578125,395.92650616251126,376.7993863511814,378.5472960294175,5679695
2026-05-11,389.983642578125,395.7767026260045,371.30596643840295,379.9955869913489,12928412
2026-05-12,401.96929931640625,406.1143361859269,391.7814706780263,392.4306881788457,11231905
2026-05-13,417.1011962890625,419.74802485282544,402.3688146910157,402.5685575087544,11445147
2026-05-14,418.49951171875,423.89305541555893,416.0024979256787,417.0512315263185,8089949
2026-05-15,429.5862731933594,434.0808981688002,416.8015438634296,417.5007199409487,8177038
2026-05-18,425.7408447265625,431.3341616274062,421.84550936957083,427.93822902082695,3394086
2026-05-19,427.6385803222656,435.22950842428435,424.6421637410313,426.4899600623509,3984186
2026-05-20,432.18316650390625,436.37813145560074,424.69212500324545,425.49115723753226,4845230
2026-05-21,430.3353576660156,436.2283040457376,428.58744803331945,435.47919991743925,2683900
2026-05-22,429.736083984375,432.68257252256376,421.24623688648495,432.4827992219276,3777650
2026-05-25,429.53631591796875,431.983401715513,426.63978591020566,430.0357186945185,1976858
2026-05-26,435.6290283203125,439.873951847242,428.98697760381276,429.53630845602385,7107481
2026-05-27,431.6837463378906,437.92628067016506,429.78599151597945,435.6290097472132,2573291
2026-05-28,431.6837463378906,431.6837463378906,431.6837463378906,431.6837463378906,0
2026-05-29,428.1379699707031,439.4744184519966,425.1415534812577,431.6837477718884,6229370
2026-06-01,425.1415710449219,434.48040891906254,423.99295077274036,430.6849600680821,4681079
2026-06-02,416.3021240234375,425.7408482774042,409.8598467780616,424.49234139096023,3030795
2026-06-03,411.95733642578125,416.85147722916435,410.6588710004758,414.504278232107,2368146
2026-06-04,415.55303955078125,418.99893091283684,405.56498398670885,412.90621092252735,2493074
2026-06-05,411.8074951171875,424.4923371491533,411.00846291029785,415.8027171138854,2479909
2026-06-08,408.76116943359375,417.00131518271326,405.3152781096933,409.61016024336465,2875099
2026-06-09,415.8526916503906,417.0013119223347,409.51027039079577,411.1083653470826,3205041
2026-06-10,414.1047668457031,421.0464467895628,412.30689865507674,416.0524192841422,3001231
2026-06-11,415.4531555175781,419.29853226695366,411.65767636909936,414.1546900926547,1772908
2026-06-12,418.49951171875,421.64574300179476,414.00488689122164,418.9989144773643,1674659
2026-06-15,415.55303955078125,421.64575954109074,412.40680814432375,421.49594480385497,3231332
2026-06-16,415.95257568359375,423.0440705706036,413.15590190740426,417.5007120645887,2806167
2026-06-17,411.3580627441406,417.2010811783294,406.26414845584463,415.9525742685081,1646656
2026-06-18,413.3556823730469,414.903818780884,409.1107587916128,411.3580712759014,1664666
2026-06-19,415.0036926269531,417.201076958463,411.60775996281325,412.50667883256716,1865496
2026-06-22,420.5970153808594,423.9929480914919,412.6065711294296,415.50310107434774,3013395
2026-06-23,422.69451904296875,431.6338103864105,419.79795857615255,422.94422042934076,6927189
2026-06-24,420.14752197265625,427.7883778512963,418.19986956185556,425.94061208541154,7398931
2026-06-25,415.6529235839844,425.2414629613103,413.9549724374653,422.49474769849496,2347786
2026-06-26,415.6529235839844,415.6529235839844,415.6529235839844,415.6529235839844,0
2026-06-29,414.7539978027344,421.29616185497497,413.00608811903834,416.3021341872719,3282287
2026-06-30,417.8003234863281,420.59699714172666,410.7088289056066,415.6528977831043,6045593
2026-07-01,417.7004699707031,430.1855386513061,415.90260179202147,420.9465878276599,6386499
2026-07-02,418.1000061035156,420.4971333088133,414.2046705847661,419.99773053766273,2609668
2026-07-03,426.79998779296875,428.79998779296875,418.6000061035156,418.6000061035156,6403875
2026-07-06,424.29998779296875,431.75,419.75,431.0,3802294
2026-07-07,406.8999938964844,426.6000061035156,405.20001220703125,425.0,3261586
2026-07-08,397.04998779296875,411.04998779296875,395.25,405.54998779296875,2984173
2026-07-09,403.54998779296875,409.6000061035156,394.8500061035156,399.79998779296875,5590149
2026-07-10,418.5,419.79998779296875,404.0,407.20001220703125,4324350
2026-07-13,410.95001220703125,415.6000061035156,402.70001220703125,413.5,7504643
2026-07-14,437.29998779296875,444.5,422.20001220703125,427.3500061035156,43015136
2026-07-15,434.6000061035156,441.25,431.1000061035156,438.0,10227698
2026-07-16,440.70001220703125,447.1499938964844,434.0,438.3999938964844,7716191
2026-07-17,437.20001220703125,444.45001220703125,432.79998779296875,444.3999938964844,8811391
2026-07-20,436.5,442.6000061035156,435.45001220703125,440.3999938964844,3615759
2026-07-21,440.29998779296875,441.6000061035156,434.5,435.79998779296875,3318862
2026-07-22,437.95001220703125,441.5,426.3500061035156,435.0,6102889
2026-07-23,435.20001220703125,437.75,428.45001220703125,435.75,4438335
2026-07-24,433.6499938964844,435.0,426.70001220703125,431.20001220703125,2748079
2026-07-27,436.25,437.54998779296875,434.04998779296875,437.0,2570388
2026-07-28,432.45001220703125,439.95001220703125,429.6000061035156,436.54998779296875,3429523
2026-07-29,431.1000061035156,435.5,427.1000061035156,434.95001220703125,3351508
2026-07-30,425.3500061035156,432.70001220703125,421.3500061035156,430.8500061035156,4969746
2026-07-31,425.70001220703125,428.25,422.8999938964844,425.95001220703125,2304756
2026-08-03,427.0,429.5,423.29998779296875,429.0,3389704
2026-08-04,422.0,427.0,421.6499938964844,425.95001220703125,2478487
2026-08-05,425.20001220703125,428.6499938964844,422.29998779296875,426.0,3296172
2026-08-06,436.6000061035156,442.5,421.25,428.0,10929015
2026-08-07,426.3500061035156,436.20001220703125,425.29998779296875,430.0,5265823
