Price,Close,High,Low,Open,Volume
Ticker,EICHERMOT.NS,EICHERMOT.NS,EICHERMOT.NS,EICHERMOT.NS,EICHERMOT.NS
Date,,,,,
2015-01-01,1395.726318359375,1404.715712853358,1372.7406084399934,1372.7406084399934,291150
2015-01-02,1379.2286376953125,1412.8910545417962,1372.9233254705923,1412.8864776283672,399730
2015-01-05,1385.50244140625,1394.2311754073364,1373.5637275325264,1373.5637275325264,353760
2015-01-06,1349.411865234375,1373.1063253219113,1338.812960553632,1371.73459073118,481180
2015-01-07,1368.0675048828125,1371.7071562072924,1345.7310482052524,1349.7868638082766,318150
2015-01-08,1360.1845703125,1380.87947714049,1354.4507019072198,1368.3510126298481,294870
2015-01-09,1347.8388671875,1369.9055070907657,1330.5824518137943,1364.9170061960697,387420
2015-01-12,1358.7169189453125,1384.9947693307263,1335.1779609808139,1339.9103786046103,657230
2015-01-13,1353.3671875,1366.9061462690759,1343.3854957625972,1362.585204356223,144320
2015-01-14,1356.5128173828125,1366.7962493385617,1346.1379587857432,1350.2440085061742,157940
2015-01-15,1383.3714599609375,1396.3343965877923,1357.5600095559778,1370.8201106934393,461690
2015-01-16,1403.714111328125,1406.9422864924609,1372.7403522292207,1382.7083114570041,329840
2015-01-19,1415.13623046875,1425.7717504082937,1404.656213969591,1406.485193414864,382660
2015-01-20,1416.6087646484375,1424.9398655465172,1408.497244019238,1415.2690682545228,367410
2015-01-21,1405.78564453125,1422.0315684177333,1393.6823860248396,1418.4650360483463,260600
2015-01-22,1400.5364990234375,1409.333886102732,1393.801290830737,1399.260767939369,140850
2015-01-23,1385.0816650390625,1410.1524388672435,1382.0684925638627,1405.7536893039369,1040970
2015-01-27,1471.3453369140625,1475.3462292201943,1380.3490378381214,1389.109808688928,1340650
2015-01-28,1494.2991943359375,1508.1537369150644,1463.1836570525193,1478.451014905973,850260
2015-01-29,1506.9739990234375,1522.6437903236704,1490.7097670401972,1504.7015053175257,615340
2015-01-30,1488.4141845703125,1521.7107841265915,1465.0124255834132,1508.999355610665,374570
2015-02-02,1514.5550537109375,1545.0303789175011,1497.7329974833187,1499.4887462977747,508360
2015-02-03,1492.7763671875,1528.4689263459277,1486.5029813510669,1508.4507337672007,310210
2015-02-04,1455.822021484375,1499.7541480745822,1444.1988916168827,1497.4770773577447,272800
2015-02-05,1448.3280029296875,1470.7467369498465,1441.277321294682,1455.8679679340128,291850
2015-02-06,1425.483642578125,1461.3544771774273,1417.6418267617328,1453.8557066156902,215600
2015-02-09,1382.301513671875,1424.7749382422628,1377.916495417028,1424.7749382422628,265960
2015-02-10,1383.9110107421875,1420.2025902720932,1349.334211135871,1385.451979563568,528920
2015-02-11,1476.1053466796875,1481.4733970543493,1392.0362547275076,1401.9127886940232,398680
2015-02-12,1501.4046630859375,1519.7767299740008,1469.9324642147833,1487.0516846742162,426470
2015-02-13,1487.636962890625,1542.9269743279106,1408.4969886770293,1516.864017926209,741780
2015-02-16,1467.856689453125,1535.245499944268,1460.9111663085905,1519.973453513423,710030
2015-02-18,1549.8131103515625,1558.9900457417089,1490.6182099724933,1499.7631069661898,929620
2015-02-19,1521.7474365234375,1572.9222430819195,1508.9079657471902,1568.2583680596545,492290
2015-02-20,1496.2974853515625,1525.8263999802446,1490.7374269404377,1525.8263999802446,305210
2015-02-23,1461.5281982421875,1501.3908834997026,1456.3248055814483,1498.7571487737775,332010
2015-02-24,1448.7574462890625,1467.7559924428865,1435.6528488618283,1463.183543868298,392330
2015-02-25,1426.2747802734375,1465.0125519593637,1419.288065318934,1456.5992910703437,438780
2015-02-26,1390.513671875,1432.356153906716,1376.4076231469492,1426.603977786846,557840
2015-02-27,1445.47900390625,1449.4615886641084,1398.6205608972489,1398.6205608972489,911790
2015-03-02,1502.1455078125,1527.1979738737923,1479.0958324722026,1513.4806268030695,1004760
2015-03-03,1454.7657470703125,1495.1449567257323,1434.4868924198972,1495.1449567257323,1177760
2015-03-04,1467.568359375,1486.960070911752,1399.1690704151172,1408.3139663001834,2456430
2015-03-05,1463.2841796875,1480.376051154448,1450.3807427178049,1472.3284967059683,439860
2015-03-09,1435.7305908203125,1456.8370855621702,1431.1764497550632,1451.752469000743,516080
2015-03-10,1458.41015625,1467.518439474181,1435.7307632164793,1435.7490708746907,814820
2015-03-11,1472.7254638671875,1486.0410433394786,1458.6117805414729,1469.6201713380124,513190
2015-03-12,1495.65966796875,1502.4022851902012,1473.2896906989563,1480.628618174418,485690
2015-03-13,1459.7813720703125,1502.8195149725038,1448.5574142819091,1501.255446504988,431710
2015-03-16,1451.3050537109375,1463.1894891289685,1434.118216293003,1460.4465739318061,165110
2015-03-17,1462.5335693359375,1473.2850710043863,1450.3555143943468,1458.5200934501213,313240
2015-03-18,1471.84033203125,1487.600616493935,1457.272556125196,1463.1987043848364,256920
2015-03-19,1478.023193359375,1497.7785862994797,1470.546639289709,1480.6284810165425,579030
2015-03-20,1469.390869140625,1484.1696207420455,1460.506126412516,1477.8765039397827,338780
2015-03-23,1455.4881591796875,1479.619519047725,1444.9659989227835,1476.0279956259221,188250
2015-03-24,1422.017822265625,1459.0702386840776,1417.0732073900472,1458.1528729257097,333070
2015-03-25,1428.5955810546875,1440.1727341152618,1408.1566421352334,1425.5865940574283,451180
2015-03-26,1425.42138671875,1444.4201100332239,1403.2165861513872,1421.9170983682554,1414180
2015-03-27,1421.0682373046875,1431.0905024435733,1386.2312969895838,1430.1685454290205,398000
2015-03-30,1469.519287109375,1476.5004282279774,1428.710278149265,1430.999101609317,383940
2015-03-31,1459.359375,1483.8393377018767,1451.4288408899918,1481.545922960452,386800
2015-04-01,1469.5743408203125,1485.8529951460134,1452.1948921463645,1461.2722461513401,458790
2015-04-06,1447.8280029296875,1476.4407008658332,1423.7746981909252,1476.4407008658332,653130
2015-04-07,1466.2532958984375,1472.3721663366432,1441.645002148401,1449.424246518037,326890
2015-04-08,1515.9332275390625,1521.9098792309198,1465.6111439342344,1469.6200280457706,766960
2015-04-09,1495.5357666015625,1532.0010613247105,1492.7377557981015,1532.0010613247105,538500
2015-04-10,1488.907958984375,1507.5075768366003,1477.537189615919,1498.5173453373054,386810
2015-04-13,1474.271240234375,1488.9766432114316,1467.8772264724842,1486.132831178029,436620
2015-04-15,1456.107421875,1478.7938631611555,1450.3555196388256,1476.9499487031528,444450
2015-04-16,1452.8505859375,1489.8021084592265,1443.3834198410523,1489.8021084592265,1081000
2015-04-17,1404.587890625,1456.3181598317385,1394.391379050403,1454.0247454068067,575680
2015-04-20,1354.215576171875,1404.4872752320964,1342.1063903752822,1404.4872752320964,902330
2015-04-21,1312.7779541015625,1371.3425530294282,1296.7882195872087,1366.874986244986,904210
2015-04-22,1317.9013671875,1327.4236280016098,1289.8483633089652,1321.0066591609136,1109130
2015-04-23,1352.843994140625,1361.925938644454,1325.6853954939181,1331.0978765200898,475210
2015-04-24,1350.408447265625,1363.1139419195342,1329.299850051895,1352.3806942609683,1226260
2015-04-27,1355.045654296875,1382.4703240641418,1275.1477031540041,1335.2259831953274,982640
2015-04-28,1392.107421875,1399.4417581735156,1345.830945751936,1353.114777650564,487630
2015-04-29,1397.8914794921875,1415.9405875941254,1386.3739005734062,1395.3136273885586,384040
2015-04-30,1393.625732421875,1407.8815235911752,1385.2226286964867,1394.5797168917718,635740
2015-05-04,1406.743896484375,1421.9125732043171,1403.6477865293866,1416.5597789389653,260220
2015-05-05,1427.0084228515625,1442.2550380523048,1395.4051036774285,1406.597033689017,323440
2015-05-06,1383.415283203125,1440.154340005078,1376.048808373015,1423.7518337299462,465440
2015-05-07,1358.3389892578125,1386.5067795848636,1329.7172192937078,1382.9290303435664,750550
2015-05-08,1447.7088623046875,1457.6943989743747,1348.5278580820207,1369.6272735486102,1368920
2015-05-11,1547.742919921875,1556.3110851687063,1462.0976619709027,1465.0331877479657,2452730
2015-05-12,1574.066650390625,1587.0428073308706,1522.8272024099683,1554.9350048704196,1304850
2015-05-13,1659.4735107421875,1681.540795667758,1597.6843514652614,1601.2621006981665,3417440
2015-05-14,1667.41796875,1695.108711485622,1623.8293156876657,1651.2585777931918,1784400
2015-05-15,1717.492431640625,1724.175473727035,1667.4959889712272,1667.4959889712272,1506160
2015-05-18,1706.09423828125,1757.2144321366786,1678.3209624610042,1717.703530956573,1626570
2015-05-19,1674.330322265625,1730.1198733059462,1658.2305066246586,1707.6765488897565,1045160
2015-05-20,1699.7413330078125,1707.8599985758497,1660.7900139294597,1672.2662699432474,1050920
2015-05-21,1689.17333984375,1699.8790403850392,1679.3300214937397,1697.1269426402173,431240
2015-05-22,1715.17626953125,1718.2264665967373,1686.3755469055611,1687.9533895024008,699030
2015-05-25,1758.9022216796875,1792.991568296098,1697.1360188146061,1706.300494771421,1777900
2015-05-26,1734.6748046875,1778.3138526396083,1726.147848066998,1752.1689236737952,1986630
2015-05-27,1684.563720703125,1731.0328075343168,1655.9418360326804,1731.0328075343168,1934440
2015-05-28,1649.9923095703125,1706.30022135433,1632.4522816666831,1686.1181757254078,1915360
2015-05-29,1733.4957275390625,1770.5114154389407,1633.7367873791468,1655.8452809216967,12860700
2015-06-01,1722.6207275390625,1736.188494456201,1685.1554196764052,1697.035376501226,1096380
2015-06-02,1664.57861328125,1739.1421325580466,1649.4237123120058,1730.84451856344,1097880
2015-06-03,1668.7939453125,1692.081286039166,1646.7633913029701,1664.101628015748,897950
2015-06-04,1588.120849609375,1628.3243626719511,1555.9212191046784,1605.390216718825,3314370
2015-06-05,1595.4552001953125,1603.2802457618347,1565.2141544257552,1577.777542409042,761860
2015-06-08,1585.4375,1610.894401851584,1578.57562149028,1604.0141581079126,690480
2015-06-09,1569.4984130859375,1587.043036246758,1527.3912951033399,1587.043036246758,1049390
2015-06-10,1613.8896484375,1622.5724848680702,1571.1724493242798,1577.6858364574896,861190
2015-06-11,1581.9378662109375,1628.324417629415,1570.5303678769344,1621.077204867,595110
2015-06-12,1596.5927734375,1603.2894771333274,1568.6956458309237,1582.4423600261496,455360
2015-06-15,1653.772216796875,1662.578907163736,1617.1418586067964,1626.948446463398,718280
2015-06-16,1692.705322265625,1699.443348170501,1653.8273495287604,1658.5058933924768,1012840
2015-06-17,1769.4976806640625,1788.858667400634,1701.3649067342983,1701.3649067342983,1717320
2015-06-18,1788.46435546875,1806.1099866898478,1770.5161458047655,1773.8324144974533,1066240
2015-06-19,1783.831787109375,1839.3094681569355,1759.5124078604306,1793.4641291707885,3874280
2015-06-22,1780.1346435546875,1803.357818090228,1765.979751314601,1777.3963199526333,1000180
2015-06-23,1768.387939453125,1786.1068079802453,1759.5077883083711,1779.6898380178518,577410
2015-06-24,1754.32470703125,1785.2812157396481,1746.8757001878816,1765.9294083973473,984390
2015-06-25,1787.3681640625,1796.6610849526348,1758.1317178002168,1758.1317178002168,1835900
2015-06-26,1794.51904296875,1805.1926038251222,1770.5161291449858,1788.4047636104403,408400
2015-06-29,1770.35546875,1779.5979966805942,1745.527016303649,1761.4846128397808,425730
2015-06-30,1796.8170166015625,1807.2015487906763,1765.9338593086616,1768.6630003262162,577540
2015-07-01,1867.05517578125,1876.0132672410407,1806.3851729697935,1811.0637166675072,1219040
2015-07-02,1950.1090087890625,1957.6589125447879,1871.4265143352236,1871.4265143352236,1601620
2015-07-03,1860.014404296875,1977.3866197306122,1852.6203816042748,1962.6124602546306,1986580
2015-07-06,1865.399169921875,1884.7280178683227,1825.580880882101,1843.9052401632166,951730
2015-07-07,1867.9908447265625,1885.085854695294,1853.0790580253547,1878.1231910780616,570230
2015-07-08,1878.9991455078125,1890.9249019635035,1846.2034272378023,1853.0836713468548,719440
2015-07-09,1893.5533447265625,1900.0114123116355,1879.6871446111807,1885.182381173253,535190
2015-07-10,1904.914794921875,1908.1210962870018,1888.8564121417967,1901.2408519494286,447180
2015-07-13,1941.15966796875,1945.7328349638296,1908.3042660468045,1908.3042660468045,530250
2015-07-14,1905.7265625,1944.3524580263002,1898.9473273499354,1944.3524580263002,595940
2015-07-15,1900.630615234375,1909.9511954873392,1890.2323092947215,1905.8230492161301,405100
2015-07-16,1933.6925048828125,1940.7792455279543,1900.7820056299295,1903.5341031284283,414520
2015-07-17,1935.7017822265625,1947.5679648647329,1920.248779254122,1947.5679648647329,270490
2015-07-20,1949.2236328125,1955.6315323150393,1926.4684338555435,1943.8983863523317,354460
2015-07-21,1958.4246826171875,1983.3449616915461,1949.4024253443736,1949.4942515156042,620990
2015-07-22,1936.531494140625,1966.3734279970945,1902.157827362713,1961.786599380353,1130050
2015-07-23,1884.1044921875,1932.2478366188695,1867.867048595719,1932.2478366188695,677200
2015-07-24,1845.1761474609375,1889.5857531262934,1839.3187568253131,1872.3439315114535,813960
2015-07-27,1774.9149169921875,1831.0622540629902,1767.2319779251648,1825.6635470256015,1163350
2015-07-28,1788.8084716796875,1801.2480074694308,1755.1503693867526,1783.8180547615525,849090
2015-07-29,1765.585205078125,1809.3894233245264,1756.86104710328,1798.037021213548,842570
2015-07-30,1745.559326171875,1793.5420879099802,1734.5463438222455,1779.1394877583177,877940
2015-07-31,1749.52685546875,1765.9385449021922,1715.0155546965727,1758.1317521133894,1033940
2015-08-03,1750.6185302734375,1788.8634599289344,1746.316026079607,1788.8634599289344,632610
2015-08-04,1851.0699462890625,1862.2525816853097,1738.8760636927989,1752.9026226672866,1375040
2015-08-05,1886.70947265625,1900.6901185418858,1840.3275158660135,1878.7651654263925,1188320
2015-08-06,1887.2371826171875,1896.4704158991835,1869.1558260475774,1886.1041372775082,449180
2015-08-07,1892.6678466796875,1905.2769230230103,1874.1095546325746,1888.8561649395676,359450
2015-08-10,1868.178955078125,1904.4424565672712,1853.0791479546451,1889.7737845478066,366400
2015-08-11,1849.7078857421875,1882.4257787389824,1817.3019778015555,1870.4174896049044,462080
2015-08-12,1820.8931884765625,1846.657371357598,1810.2379935761376,1842.0797249346913,375670
2015-08-13,1825.8060302734375,1859.3174368272116,1817.3249861592399,1822.8521386560305,439660
2015-08-14,1889.828857421875,1897.099027002315,1830.6128435418457,1839.1352086222469,551230
2015-08-17,1895.718017578125,1903.5339919345977,1866.655932402176,1892.5256025836507,402480
2015-08-18,1921.38623046875,1930.137937369185,1896.2872237765566,1912.7491943107918,488900
2015-08-19,1948.072265625,1959.4934254887382,1903.5477714410376,1925.092206642377,521390
2015-08-20,1928.078369140625,1981.1435997298745,1918.8039247860754,1949.2192198037253,686080
2015-08-21,1877.37548828125,1917.111249367362,1862.252725277747,1917.111249367362,745150
2015-08-24,1704.97021484375,1831.5207793741472,1634.8375337880316,1831.507005449475,1289170
2015-08-25,1715.3778076171875,1760.970844867623,1642.084846241525,1729.3309061464581,1385870
2015-08-26,1703.273193359375,1760.8792244040615,1697.1222954162831,1714.5522472258915,754800
2015-08-27,1722.037841796875,1788.8403707251075,1717.6023019625327,1738.4082077799385,689780
2015-08-28,1735.587646484375,1756.3750786037463,1700.163568738056,1742.9953318514838,757970
2015-08-31,1744.352783203125,1760.3929115113626,1722.0882963020883,1737.8578733561617,1500930
2015-09-01,1675.0460205078125,1751.0681305872395,1654.3961044812531,1732.9042403944,1010600
2015-09-02,1685.8662109375,1717.3089492723275,1672.3580205787675,1691.1640213587264,940840
2015-09-03,1686.361572265625,1710.2452238737385,1679.0684464619517,1704.1905195889872,475860
2015-09-04,1667.560302734375,1686.3984436682708,1629.2419095018176,1686.3617131960625,615140
2015-09-07,1600.15673828125,1678.7795397453963,1586.1669087833716,1670.981929861333,736180
2015-09-08,1581.0113525390625,1603.358372164136,1533.0192978097386,1603.358372164136,1248080
2015-09-09,1648.263427734375,1653.7630318950703,1589.0933264364003,1605.3903452938894,1048270
2015-09-10,1696.8424072265625,1714.9603829978132,1600.8080202115468,1628.3244047579765,977380
2015-09-11,1732.1749267578125,1745.1969990793993,1705.3832946032742,1705.3832946032742,906040
2015-09-14,1727.9964599609375,1750.3342992980106,1698.1545175943286,1740.7019564559619,495720
2015-09-15,1704.1263427734375,1739.7751665668306,1689.7879099377994,1727.3677709444114,860460
2015-09-16,1645.479248046875,1720.0611440459672,1617.2014876320184,1710.8874846110555,1147980
2015-09-18,1672.7659912109375,1694.8332742656296,1661.3494233802735,1664.9913386417165,566930
2015-09-21,1695.131591796875,1702.6311027891086,1656.0426444105826,1665.019101057237,331240
2015-09-22,1681.9810791015625,1719.7810980917598,1672.1973366178029,1704.3740105324064,384670
2015-09-23,1674.5960693359375,1706.2085690106285,1660.4319960058858,1660.4319960058858,376810
2015-09-24,1630.7232666015625,1681.7930631621682,1624.044816419057,1678.7748937178728,990070
2015-09-28,1585.4423828125,1644.837240078218,1577.8695219936058,1643.4474171484835,524080
2015-09-29,1599.9456787109375,1631.87464761574,1545.0275789558148,1568.6956635856259,835400
2015-09-30,1632.140625,1636.947613000981,1576.3968767811039,1612.7520891822242,921680
2015-10-01,1677.5274658203125,1681.8070137424927,1616.3850038445273,1651.3503975049234,1104200
2015-10-05,1722.14794921875,1724.647748691903,1687.9531157410115,1691.6225790361007,702630
2015-10-06,1709.0711669921875,1737.0324638346833,1704.0072889215337,1736.0875500098232,466230
2015-10-07,1734.30322265625,1741.8944480161554,1701.0303429289118,1701.7137760577602,574360
2015-10-08,1712.3828125,1743.4769493792087,1707.011652765085,1742.995309857487,366520
2015-10-09,1680.4490966796875,1730.4501278429277,1674.4312348109931,1720.0610041709901,634010
2015-10-12,1649.648681640625,1698.7919249201939,1644.9288160440083,1682.5454102396122,478200
2015-10-13,1634.778076171875,1667.954535832568,1619.3571025539927,1650.7814740772833,672010
2015-10-14,1667.7896728515625,1677.7706189298174,1632.9114012953544,1632.9114012953544,307510
2015-10-15,1679.8026123046875,1695.1089175677178,1672.0141840245394,1672.8168792641097,369030
2015-10-16,1677.545654296875,1691.984983636375,1668.6884602501063,1683.274599479046,367070
2015-10-19,1673.3946533203125,1682.8114276636813,1660.8084201259323,1681.4949538533967,411100
2015-10-20,1666.0419921875,1683.3664564761527,1655.8454789860793,1675.5596635694837,473380
2015-10-21,1670.57373046875,1690.7052749337834,1652.81802023561,1668.6884943594964,609590
2015-10-23,1665.8126220703125,1684.2746108191777,1662.2670118232813,1679.2382809837286,572690
2015-10-26,1645.286376953125,1673.2752164233302,1636.3833821928256,1668.5369862395914,365660
2015-10-27,1620.045166015625,1642.543586320383,1608.601049211277,1642.3830025002603,692190
2015-10-28,1595.510009765625,1626.9389692071995,1585.9739749110806,1609.9585202766018,961090
2015-10-29,1597.93212890625,1608.1515984264347,1584.6395060308625,1600.2714567344824,612850
2015-10-30,1627.6318359375,1638.5989048177241,1599.0834139741576,1607.1057741876702,456200
2015-11-02,1649.0064697265625,1659.9184426620327,1635.2046599267433,1652.3501742500296,524390
2015-11-03,1652.2540283203125,1659.9736986806997,1648.9653072000872,1651.6256908711985,330980
2015-11-04,1629.9893798828125,1668.3812310188446,1626.232793531877,1656.762756473973,350640
2015-11-05,1621.7196044921875,1648.2313914048746,1614.5641051420478,1636.5808883939849,185730
2015-11-06,1531.3909912109375,1650.799961163251,1507.0487673267328,1623.7376667179517,1569340
2015-11-09,1463.427734375,1508.6951211036476,1451.1579672869163,1504.4798522958786,1375940
2015-11-10,1453.2542724609375,1478.0461062060897,1432.099762846055,1472.2804306574553,751830
2015-11-13,1433.3153076171875,1460.9509523953823,1423.7792721905312,1458.6116248076273,496620
2015-11-16,1400.0975341796875,1439.324108138863,1377.883550766779,1430.9990575771199,875000
2015-11-17,1421.3575439453125,1425.5865872429792,1402.7487455873152,1417.5137226506638,379790
2015-11-18,1457.13037109375,1466.2810743475745,1419.6238540429833,1428.3342395437141,698710
2015-11-19,1483.077880859375,1485.2153029641656,1460.2629967749458,1467.3266689877596,657680
2015-11-20,1506.0302734375,1509.9841739632698,1476.8856547409925,1486.1326621023675,445250
2015-11-23,1537.1658935546875,1540.7620083511586,1483.7476928193896,1513.65380004795,474880
2015-11-24,1527.4278564453125,1541.0828555651112,1523.0106818132826,1541.0782642567094,369720
2015-11-26,1512.3282470703125,1534.7210688983814,1490.7334171426007,1527.5105860928668,697660
2015-11-27,1522.4970703125,1564.1087717643964,1514.5710159431194,1515.9562473330689,677220
2015-11-30,1534.652099609375,1546.7750574038662,1522.64840384922,1531.0835331791482,594670
2015-12-01,1489.568359375,1548.490756005771,1486.58232874973,1548.2384579746915,614350
2015-12-02,1500.8702392578125,1513.6537872676465,1475.4822042885291,1502.6453960875183,432550
2015-12-03,1531.2945556640625,1537.9638232054042,1490.1231724877741,1498.0538180529197,828180
2015-12-04,1507.1358642578125,1530.152543273362,1500.8106084765452,1521.9100241213866,366790
2015-12-07,1488.962890625,1520.5340759151861,1486.224566677393,1509.9843673945077,213830
2015-12-08,1495.9576416015625,1516.4057623991898,1484.0318854544423,1488.7930724859468,255070
2015-12-09,1442.84228515625,1501.760086471287,1436.4573424754738,1495.3063861426865,464660
2015-12-10,1471.4317626953125,1476.9589139469258,1438.447916207399,1457.2217756433802,438360
2015-12-11,1427.4991455078125,1476.958959157943,1417.3301813037401,1472.372130092235,614540
2015-12-14,1409.6702880859375,1428.7973440998926,1385.2224652268624,1408.1566120021414,659440
2015-12-15,1455.1212158203125,1460.9052573362283,1400.8177883531682,1412.651831358675,418850
2015-12-16,1473.6337890625,1493.471828554198,1458.6073296988263,1458.6119210080928,382320
2015-12-17,1493.20556640625,1502.6452970556913,1466.8680280781748,1480.6285161464505,309700
2015-12-18,1482.49072265625,1492.5771554337234,1462.7581747804788,1487.6004010344554,1118880
2015-12-21,1470.629150390625,1498.2785701462406,1465.024058566465,1476.9681796773853,378080
2015-12-22,1474.7435302734375,1485.2107058788126,1468.7027120425814,1476.959004614963,165960
2015-12-23,1485.1968994140625,1489.802093754175,1468.7164537900946,1483.9171561760795,172870
2015-12-24,1483.577880859375,1495.3064353904012,1478.2892529428543,1486.2244904720762,123040
2015-12-28,1522.6942138671875,1527.4140788931402,1485.9445976236657,1486.0317204999633,381400
2015-12-29,1532.2808837890625,1535.2301837732512,1514.387657606369,1522.9190932025044,277630
2015-12-30,1516.3873291015625,1532.276167750341,1508.126445446503,1531.9091990271968,288980
2015-12-31,1546.270751953125,1552.1831259943915,1517.497467045173,1521.9100508420188,340390
2016-01-01,1593.54248046875,1622.7835180156574,1538.6702938796923,1548.4218977040728,599660
2016-01-04,1604.959228515625,1648.9560623035106,1599.8907593995575,1607.2205041582476,917430
2016-01-05,1574.190673828125,1630.2646634698722,1569.69555860132,1612.2705406195603,563490
2016-01-06,1607.688232421875,1615.9353423982363,1579.703982879975,1585.850289239622,487940
2016-01-07,1562.7921142578125,1600.6518162926895,1552.1369201385448,1595.2990230304615,496240
2016-01-08,1581.667236328125,1603.55557298826,1565.026205673897,1565.026205673897,282520
2016-01-11,1581.4561767578125,1597.1339276098015,1550.6235243101107,1574.1997816073633,302910
2016-01-12,1565.6500244140625,1596.2166057762313,1557.7743623111671,1596.202831850274,296900
2016-01-13,1565.27392578125,1585.9422063006336,1529.680084211914,1585.9422063006336,450700
2016-01-14,1558.4212646484375,1568.2554004030735,1536.5833197208901,1549.4310338682592,370670
2016-01-15,1489.8756103515625,1576.768595827599,1472.4686143307626,1560.4394375782022,339700
2016-01-18,1418.20166015625,1493.1917254535003,1398.9828908101767,1490.4717671227106,485220
2016-01-19,1451.6168212890625,1459.6575465928095,1357.701490170037,1417.3302718329103,629330
2016-01-20,1425.4810791015625,1443.5165235273128,1378.800907676434,1431.1824766492837,438840
2016-01-21,1426.7056884765625,1459.7033111815247,1410.908675436381,1448.4151871227407,458590
2016-01-22,1511.1263427734375,1521.2724630792663,1440.7322859568735,1457.2356890511212,550390
2016-01-25,1505.9615478515625,1539.1105721733388,1500.4023689691771,1539.1105721733388,228320
2016-01-27,1489.0775146484375,1511.5163614334408,1478.0599408760518,1509.4339228560896,265500
2016-01-28,1464.0196533203125,1494.2056047733445,1457.6026834061825,1489.0682662085112,370670
2016-01-29,1517.9287109375,1527.496774686782,1453.483755635111,1467.7854588444466,574020
2016-02-01,1566.296875,1569.5214297594343,1522.850436948877,1541.1747994444515,439140
2016-02-02,1577.603271484375,1595.9414068136016,1559.7054538685702,1577.7776292361038,491340
2016-02-03,1536.97314453125,1579.520577460516,1524.423530334237,1560.4393228406384,641660
2016-02-04,1549.8299560546875,1586.7675917320516,1536.5877268774261,1550.439928167874,468130
2016-02-05,1662.189208984375,1692.5402264793431,1550.20628153325,1565.0263557581352,2169440
2016-02-08,1686.554443359375,1732.7805297814546,1672.3582268310415,1685.5683196974294,1032770
2016-02-09,1667.3858642578125,1685.0818882190417,1649.1991301702853,1669.6059300391582,365830
2016-02-10,1642.997802734375,1672.4957313302996,1633.828734668495,1663.8265560311374,488060
2016-02-11,1616.33447265625,1651.2585415371814,1611.0916461590111,1628.3243951269426,1258780
2016-02-12,1650.6805419921875,1674.192632593914,1596.0147437714256,1625.5722438117346,817740
2016-02-15,1722.1019287109375,1733.82129877521,1676.5180775230813,1676.5180775230813,564820
2016-02-16,1714.58447265625,1734.8215068600812,1709.6031263790235,1733.82160935071,859740
2016-02-17,1724.8773193359375,1765.9294454044302,1698.8700171729745,1715.474318392875,1820560
2016-02-18,1714.9788818359375,1742.9906819645914,1699.2873554641121,1742.9906819645914,601230
2016-02-19,1708.7269287109375,1733.7251480813095,1671.7662228421218,1701.7136488822048,283560
2016-02-22,1735.5322265625,1742.9950062452583,1713.1852092888257,1724.4642620247444,254910
2016-02-23,1743.34375,1760.8745982722605,1733.8214878256322,1752.2605193471502,476050
2016-02-24,1751.677978515625,1781.5245082624162,1722.5699775620894,1737.2294661545884,381300
2016-02-25,1732.78955078125,1760.4114251728133,1711.1626940274664,1747.50872727004,717030
2016-02-26,1732.4959716796875,1757.7509692912292,1723.7488566439479,1743.0868891128287,435180
2016-02-29,1733.876708984375,1779.689909924014,1692.567694147658,1726.4826858128838,531940
2016-03-01,1759.9068603515625,1776.0203382324307,1733.8215078818669,1738.4083372677976,795420
2016-03-02,1772.5250244140625,1788.8633635530846,1763.470628176327,1788.8633635530846,738640
2016-03-03,1773.121337890625,1782.5335202565225,1766.112649517818,1782.4418060702326,450450
2016-03-04,1766.7091064453125,1779.6898564028172,1752.2605934358567,1779.6898564028172,232010
2016-03-08,1816.572509765625,1834.2731251986906,1756.7557063043223,1761.342535824699,1035450
2016-03-09,1828.6541748046875,1859.7299433738272,1814.3157419051213,1819.686901108773,799690
2016-03-10,1816.3798828125,1835.649157937744,1807.2291803963203,1830.1449625616187,942390
2016-03-11,1835.0986328125,1846.4510349840139,1808.586737869873,1818.2190791063092,473310
2016-03-14,1820.95751953125,1857.6659290940154,1816.3844640030375,1853.0790996394624,728910
2016-03-15,1793.294189453125,1823.2507972455978,1785.2856037446038,1823.2507972455978,1359590
2016-03-16,1714.873291015625,1792.6200492070298,1711.3460460892663,1792.6200492070298,940110
2016-03-17,1654.579345703125,1724.647751933892,1650.7998029814037,1722.8130202828986,938590
2016-03-18,1689.1868896484375,1696.576320385435,1641.6260869746807,1655.936970952352,736590
2016-03-21,1683.94873046875,1706.3003385797208,1667.7709760956625,1702.9978441919982,457150
2016-03-22,1682.136474609375,1706.4229838940446,1660.4878769106078,1706.4229838940446,356490
2016-03-23,1711.408447265625,1724.852247492621,1660.580122683383,1687.8828665353963,458270
2016-03-28,1698.1490478515625,1720.673757617692,1690.7422232003012,1715.370010872792,286470
2016-03-29,1718.732177734375,1729.4826690282212,1677.0032289037842,1701.8109463237695,401700
2016-03-30,1728.2652587890625,1737.1386538587421,1709.5083651415114,1734.080869779824,541470
2016-03-31,1769.2008056640625,1784.8260504782486,1710.979395087582,1736.4005374807766,1633290
2016-04-01,1775.9759521484375,1794.0501735316193,1744.3194356467648,1759.9771101433773,800180
2016-04-04,1799.021728515625,1805.2109344864264,1778.8398141761472,1787.9622723072118,505960
2016-04-05,1728.145263671875,1793.9485893529795,1719.5300528529494,1789.438084998282,486520
2016-04-06,1769.131591796875,1773.333131164439,1718.9213103626757,1737.2307440515124,338800
2016-04-07,1741.85205078125,1770.8012951903388,1732.2360816050152,1766.3783907476832,206780
2016-04-08,1769.2562255859375,1779.3702091168477,1734.5651213292497,1746.5469687376358,256300
2016-04-11,1788.4140625,1791.7438793123908,1752.5422757753115,1767.3005265186825,285040
2016-04-12,1803.998046875,1807.8858924074095,1781.2287768827089,1782.0589510873035,542410
2016-04-13,1835.21630859375,1841.829890792188,1803.9980207483618,1813.221928229099,855590
2016-04-18,1869.5338134765625,1900.1249386286252,1837.1486878642374,1837.1486878642374,545380
2016-04-20,1891.93408203125,1898.2108875624856,1867.8457458039886,1875.2294877105262,519920
2016-04-21,1875.1094970703125,1909.3301674469087,1863.2291010705171,1893.6679923256295,362600
2016-04-22,1860.4576416015625,1879.3574202327284,1854.0977389706882,1865.9043863410623,241410
2016-04-25,1839.7454833984375,1862.3071275758186,1836.47556729793,1862.3071275758186,293890
2016-04-26,1858.4697265625,1874.7591785536142,1830.945618415215,1839.7083304428947,510010
2016-04-27,1855.324462890625,1863.2984362877448,1850.3158316105437,1860.342214489338,283840
2016-04-28,1871.8031005859375,1879.223662595649,1851.2383569282576,1863.137220904652,459210
2016-04-29,1848.009765625,1871.5214955370593,1840.1786775974554,1871.4385119011672,304180
2016-05-02,1831.346923828125,1856.772570681361,1826.3336760800273,1843.3932884140954,326220
2016-05-03,1843.0753173828125,1870.6040455457905,1826.3339007730845,1841.4611333796038,394060
2016-05-04,1822.7225341796875,1852.953914276553,1808.633105202839,1844.7723126259382,255450
2016-05-05,1815.87841796875,1844.7814960268622,1772.3368906469989,1832.7904163026876,1524120
2016-05-06,1864.6959228515625,1876.9729980311527,1809.7306884634347,1823.4466346922195,628300
2016-05-09,1889.3558349609375,1890.9008843806848,1870.6590705535264,1881.6354295124731,368000
2016-05-10,1866.8450927734375,1890.8086734035933,1852.086841046186,1890.8086734035933,413240
2016-05-11,1842.646240234375,1859.5397729647525,1836.3370063637442,1854.0054284023574,206790
2016-05-12,1822.003173828125,1867.287922263332,1817.20205774433,1845.1505434874691,630110
2016-05-13,1751.878662109375,1803.6016881621476,1695.354519232784,1743.3280802238032,14316680
2016-05-16,1758.3673095703125,1771.912672096468,1738.7066043216253,1766.3783274673276,504570
2016-05-17,1715.7989501953125,1767.5910984573457,1711.5098108767647,1761.858471724738,494760
2016-05-18,1726.7156982421875,1735.7367079196356,1689.926129606051,1707.2532735216935,480240
2016-05-19,1678.815673828125,1730.6633341738711,1669.5272485677915,1729.4826469970214,380270
2016-05-20,1686.190185546875,1692.5870194186402,1671.8332276274034,1684.2855027021455,587130
2016-05-23,1685.0328369140625,1700.8886811480586,1678.751301350036,1695.354336198553,282280
2016-05-24,1676.6573486328125,1687.7860517719241,1661.2257691370617,1685.0327288477085,335600
2016-05-25,1709.25,1711.9572709591928,1684.86665851905,1687.9751109134281,280010
2016-05-26,1696.677734375,1722.1033791211053,1689.031079697669,1709.1899097543694,1290760
2016-05-27,1728.7724609375,1734.0024572170976,1699.5281016679567,1705.8695383074307,271290
2016-05-30,1728.7171630859375,1735.1092681165685,1715.6468452409372,1725.8853603464559,205130
2016-05-31,1705.1177978515625,1738.63756131776,1685.2080280340062,1737.7289072751657,643950
2016-06-01,1726.0927734375,1734.924732161785,1706.4228363222862,1706.4228363222862,611780
2016-06-02,1734.7264404296875,1745.1632373509176,1720.4523540004577,1724.9628581202044,238200
2016-06-03,1732.8956298828125,1743.1342583065743,1718.0682421357985,1734.6481950019768,361990
2016-06-06,1752.07666015625,1758.5841766144968,1729.390486074747,1732.7110703444964,478670
2016-06-07,1736.6822509765625,1765.820548030186,1726.3791040712479,1760.8442311007582,319570
2016-06-08,1736.359130859375,1745.163391569885,1723.9253209052843,1745.163391569885,150210
2016-06-09,1714.171142578125,1742.2164628134055,1709.9511369690463,1738.7067161595303,142550
2016-06-10,1717.5052490234375,1724.8705248922108,1700.3349559879136,1710.5827026536324,279580
2016-06-13,1701.5941162109375,1711.2838351493506,1685.9134740988586,1706.4228180791624,203860
2016-06-14,1729.8193359375,1735.012400412109,1692.587041975553,1704.1169264576752,230410
2016-06-15,1719.078125,1736.8387640504702,1712.879685954447,1732.2498924191984,350050
2016-06-16,1736.6451416015625,1743.041863299194,1706.9257368172246,1715.646901364408,293590
2016-06-17,1732.1622314453125,1742.7235605127578,1722.5647286515332,1736.866401759272,224540
2016-06-20,1721.236572265625,1730.1744847699617,1716.5692209286412,1726.816968859571,205560
2016-06-21,1726.0927734375,1736.9400973398976,1719.031958031373,1729.2058421253853,174170
2016-06-22,1732.9510498046875,1734.0948054558821,1722.6386705148714,1724.4097014892402,144490
2016-06-23,1721.1302490234375,1732.9692101125129,1715.6559188204822,1725.8852000604973,217010
2016-06-24,1721.3841552734375,1727.2690131617082,1660.3034626860126,1696.092271253636,367500
2016-06-27,1725.85302734375,1729.330458552665,1699.9938832464231,1721.3840710983854,228880
2016-06-28,1767.8863525390625,1773.3606829303528,1723.9390285224497,1723.9482614374024,422380
2016-06-29,1763.256103515625,1784.766320310916,1758.8009964273008,1779.2595615885293,325870
2016-06-30,1773.0565185546875,1780.8552923930306,1764.8241354581332,1780.2142803164286,446640
2016-07-01,1766.848876953125,1794.05017366331,1757.1683896458828,1773.019617591521,481990
2016-07-04,1797.9425048828125,1811.5754674502334,1775.6022275161401,1784.8261351915487,416680
2016-07-05,1792.3343505859375,1798.6619375315167,1782.5339490032338,1798.6619375315167,203110
2016-07-07,1807.24951171875,1812.4056445906117,1780.2141842320832,1798.5697830551292,238640
2016-07-08,1794.19775390625,1809.7307837442831,1789.4381857614217,1807.8860021094777,297610
2016-07-11,1802.9095458984375,1812.0273874295026,1796.8171730371312,1809.7260270223126,263370
2016-07-12,1814.99755859375,1824.0093346932028,1798.8464867353646,1798.8464867353646,245520
2016-07-13,1802.0335693359375,1817.1100211430123,1790.4529023744485,1809.8969740533394,285270
2016-07-14,1800.2391357421875,1807.8857907554022,1794.049930111866,1800.598881630502,206180
2016-07-15,1824.585693359375,1832.3291815379255,1800.9678967796624,1801.8902875078466,297590
2016-07-18,1840.55712890625,1844.6894217606482,1826.3338219400248,1826.3338219400248,237760
2016-07-19,1818.0277099609375,1842.936878835648,1801.6137246019198,1836.2033807362225,269150
2016-07-20,1830.92724609375,1834.5753737175771,1812.9590915810852,1812.9590915810852,153130
2016-07-21,1822.1829833984375,1840.0773870252756,1817.1098341153743,1821.721788009068,123310
2016-07-22,1827.48681640625,1831.7390245848273,1808.8084022574922,1828.6398049339512,151190
2016-07-25,1842.203369140625,1848.4710547937996,1823.6771870400098,1830.945630621603,235760
2016-07-26,1855.1304931640625,1858.5249402932122,1830.9454373821081,1842.936515813326,291660
2016-07-27,1876.119873046875,1885.8280590887598,1852.1607936660453,1856.998729083886,356150
2016-07-28,1946.2261962890625,1959.9881954873963,1887.220881589059,1890.808882852756,1363220
2016-07-29,2071.767822265625,2077.223799136605,1985.081564684772,1992.2715279312908,1991410
2016-08-01,2059.256103515625,2108.027521250213,2048.726975599335,2098.420784213064,895520
2016-08-02,2015.096435546875,2079.9912212434397,2010.8119123329043,2061.640238550993,487560
2016-08-03,1971.001953125,2044.0967066517917,1959.1628761528352,2027.410798536799,633640
2016-08-04,1974.28515625,1996.191937505967,1937.481853817201,1990.7084864000583,475940
2016-08-05,2049.843017578125,2056.8393163144774,1984.65772668655,1992.3642844101062,483330
2016-08-08,2069.074462890625,2073.6080489760157,2036.5601924081568,2069.0053286303323,289940
2016-08-09,2036.8603515625,2074.3646822692417,2007.6620423264144,2074.3646822692417,257300
2016-08-10,2005.2498779296875,2037.316919839625,1994.2365859477259,2036.8602283060827,314570
2016-08-11,2054.0078125,2066.155628665678,1985.460161199549,2004.8166334396656,444390
2016-08-12,2058.923583984375,2077.500659152667,2036.5695710421528,2062.4611415500003,323420
2016-08-16,2071.841796875,2089.1226609832906,2042.2791291283286,2060.1412164932,412380
2016-08-17,2061.363037109375,2075.3788251626843,2048.8231640756094,2075.3788251626843,225290
2016-08-18,2045.3831787109375,2073.6221646739823,2036.459002483619,2061.359050776714,202150
2016-08-19,2008.718017578125,2066.1508045240057,2002.7871080282005,2054.994290079598,305600
2016-08-22,2010.3507080078125,2025.5656520392704,1987.5030703376974,2010.3507080078125,325200
2016-08-23,2030.16845703125,2034.8864770654766,1997.3449905557222,2006.107703341357,230270
2016-08-24,2041.4586181640625,2050.47489881825,2019.113609317656,2044.7561204773465,288280
2016-08-25,2037.6165771484375,2061.8662661504336,2026.617022346401,2050.474650238553,401510
2016-08-26,2059.79052734375,2061.542979396679,2038.4832145264704,2040.5124287964454,233470
2016-08-29,2057.673828125,2061.543320364258,2044.017896164293,2056.9313666274247,465400
2016-08-30,2125.474365234375,2129.246799423958,2045.4891671907365,2066.155359765487,595460
2016-08-31,2098.526611328125,2161.092449601587,2084.6954787698965,2130.722688323558,1436180
2016-09-01,2100.675537109375,2116.8910113426205,2091.562200534525,2098.531023921446,365860
2016-09-02,2104.619140625,2123.735780916053,2098.900362439215,2111.3526388149257,301210
2016-09-06,2116.73046875,2125.663653839621,2105.5417495693346,2106.8332319986616,438450
2016-09-07,2118.9853515625,2132.9365131799823,2103.973530543896,2132.9365131799823,448720
2016-09-08,2160.16064453125,2167.525808136427,2108.400699592736,2118.984997721731,384880
2016-09-09,2114.585205078125,2174.346935168713,2108.6682578397113,2162.913884310701,320360
2016-09-12,2097.6455078125,2105.35679322443,2070.3196830592583,2093.4395773263095,652980
2016-09-14,2084.432861328125,2113.5665436025333,2061.543783832721,2110.6149375860023,580700
2016-09-15,2069.849365234375,2091.9777357086327,2053.799856119131,2084.603113504255,392840
2016-09-16,2133.973876953125,2143.6267768013126,2075.4759301955373,2075.4759301955373,552940
2016-09-19,2133.420654296875,2152.200403716289,2121.4987089049614,2125.4650341384813,291340
2016-09-20,2160.958740234375,2171.7736372224467,2135.8927252662274,2145.5271602030452,559090
2016-09-21,2232.061279296875,2239.5649377149402,2152.2792014682564,2160.2393262472774,956520
2016-09-22,2288.3544921875,2292.1408879930673,2238.2548953962673,2252.016892569446,714740
2016-09-23,2292.4365234375,2305.9771582567205,2264.4695694080997,2291.587770711966,537950
2016-09-26,2277.7333984375,2305.5159188023626,2269.5426758204494,2291.2188606941663,520090
2016-09-27,2273.0703125,2292.140784386571,2258.01233005164,2283.1013109024966,323640
2016-09-28,2378.527587890625,2402.366750216409,2270.930569913303,2271.3872614351726,1021860
2016-09-29,2298.44580078125,2457.36906250904,2255.383929282481,2429.946400159043,1385000
2016-09-30,2290.093505859375,2356.708543820438,2264.4140643750115,2319.794445208635,726900
2016-10-03,2379.422119140625,2395.356328470552,2319.213156031079,2335.493261874909,552100
2016-10-04,2383.68408203125,2405.360267295246,2355.9706954422195,2397.266152362735,398270
2016-10-05,2424.167236328125,2430.121340223251,2362.445428007709,2384.3799053790017,393970
2016-10-06,2420.431884765625,2444.796874366176,2403.8750145449026,2424.0430808656142,382610
2016-10-07,2380.732177734375,2429.5774564035432,2375.1656301214994,2429.5774564035432,259690
2016-10-10,2380.1923828125,2405.7794930388354,2376.2400195446544,2390.3985823467315,200100
2016-10-13,2380.063232421875,2396.1866038312123,2358.294721839806,2370.5440973504474,499960
2016-10-14,2342.88623046875,2397.2935476798557,2336.503358571333,2397.085919684886,457330
2016-10-17,2273.45361328125,2359.3098256104295,2265.8438887732354,2345.6491630836426,456480
2016-10-18,2312.3505859375,2326.2972426039696,2278.3052233655358,2287.067935763095,412220
2016-10-19,2303.966064453125,2333.5562057885804,2296.752905927444,2316.1231111581574,223660
2016-10-20,2304.925537109375,2328.1143423695826,2287.529147811634,2318.8904345155033,274840
2016-10-21,2317.243896484375,2323.8573659214458,2288.912584293947,2317.4143676217986,178800
2016-10-24,2298.0810546875,2335.7700381537065,2290.3006350083747,2324.4245873909276,183110
2016-10-25,2271.94091796875,2308.181464110804,2269.053717602834,2298.5979225795427,334050
2016-10-26,2252.36767578125,2287.4277612321434,2228.459376851008,2279.9657633292677,376440
2016-10-27,2259.10595703125,2280.5191171447154,2219.170890828979,2256.1680880378935,509740
2016-10-28,2215.58251953125,2287.4366668693033,2183.879842247792,2283.839433122138,953980
2016-11-01,2335.58544921875,2354.0240292593444,2241.5338057524873,2246.0212272460194,884820
2016-11-02,2285.6611328125,2322.944091994934,2281.182944081515,2312.225804212576,360140
2016-11-03,2264.413818359375,2315.2007054096325,2250.8177881648107,2290.2961559888913,260960
2016-11-04,2207.258056640625,2282.4603750093233,2192.9794660945918,2272.7707684418892,331120
2016-11-07,2215.725341796875,2267.6929121559206,2209.5913088504653,2238.817310680597,274500
2016-11-08,2238.44384765625,2258.4736428999636,2203.231762620688,2233.2002276410735,248850
2016-11-09,2152.052978515625,2193.4407607131943,2014.6858872084076,2121.4987840711224,560530
2016-11-10,2127.609619140625,2213.6455285107936,2111.4355779875586,2204.449319516909,361550
2016-11-11,2000.2230224609375,2111.9660799104445,1989.8738241553674,2111.9660799104445,624710
2016-11-15,1870.7144775390625,2005.2774589965113,1801.429106449028,2005.2774589965113,1532410
2016-11-16,1947.7847900390625,2010.811821629246,1845.7038784771198,1909.348839803917,1516430
2016-11-17,1940.3411865234375,1973.9161182710166,1905.9404718823928,1950.7180820050023,577040
2016-11-18,2010.1016845703125,2023.1858521114052,1926.0488229411465,1954.3616715941873,752340
2016-11-21,1878.1353759765625,2029.250627698393,1854.2823622174685,2029.250627698393,857430
2016-11-22,1905.018310546875,1935.9368688665872,1860.651334598544,1901.1672838325353,720490
2016-11-23,1933.3634033203125,1980.0042672933491,1904.7325808078535,1923.1941343861727,701470
2016-11-24,1877.6739501953125,1916.2667469191138,1865.2584943692514,1916.2667469191138,748210
2016-11-25,1865.3092041015625,1909.2564142940337,1838.938085592367,1900.7335332585694,889860
2016-11-28,1864.5115966796875,1904.7325430429896,1844.7816434909673,1867.8367975766344,1097740
2016-11-29,1964.143310546875,1977.6055752075515,1874.9711484452134,1888.5948765100102,1123840
2016-11-30,1994.18994140625,2008.1134000015822,1948.3978436604277,1983.1397204213893,892390
2016-12-01,2047.915283203125,2070.213901500992,1994.3335184895352,2006.2000675827096,1297540
2016-12-02,2099.010986328125,2116.697649139624,2040.8911350630767,2047.8919368645013,1830060
2016-12-05,2098.286865234375,2138.9319622887792,2084.603233579359,2084.603233579359,725890
2016-12-06,2071.45947265625,2120.392357514269,2064.320175722369,2107.2021219117014,370370
2016-12-07,2156.734375,2169.1681864183565,2076.4079988467092,2086.8170991689226,1117730
2016-12-08,2144.545166015625,2186.0709983234856,2126.664608908687,2181.454539831877,703600
2016-12-09,2107.14208984375,2179.0376857281453,2101.672149719238,2167.567926141411,764510
2016-12-12,2045.7890625,2130.238719758231,2033.9641738233522,2103.0511591044187,461830
2016-12-13,2060.072265625,2074.0880569798173,2030.8694537690683,2045.7889449054835,500860
2016-12-14,2010.9547119140625,2083.1317837702895,2002.6162640035554,2083.1317837702895,436400
2016-12-15,1984.5511474609375,2035.4256298938535,1979.911495549531,1994.67897860512,507650
2016-12-16,2007.0391845703125,2022.5261613616613,1983.1401212024377,1989.5968564807713,715780
2016-12-19,1992.4378662109375,2001.5879103105806,1983.1400954690084,2001.5879103105806,215560
2016-12-20,1951.4287109375,2006.2001735602234,1946.2447660745156,2006.2001735602234,286490
2016-12-21,1965.1260986328125,1994.8133035680364,1956.5018788997907,1962.3866247039875,309990
2016-12-22,1965.1856689453125,1987.313813731288,1950.8564099070538,1964.6922709702246,804070
2016-12-23,1929.8167724609375,1977.4029953624508,1917.4660586144942,1969.3043770369948,409580
2016-12-26,1869.944580078125,1925.5647942839082,1865.812287017802,1918.572999464458,340060
2016-12-27,1909.4456787109375,1921.3399254052588,1871.715258193435,1872.637648940149,344740
2016-12-28,1926.3944091796875,1937.0203674968268,1912.1158199147246,1914.7906627259606,349770
2016-12-29,1982.333251953125,1990.9484636331113,1904.7371210530812,1928.7192833520546,614480
2016-12-30,2011.09326171875,2020.0359038081617,1992.364179098461,1992.364179098461,341740
2017-01-02,2077.58837890625,2107.4784788671864,2057.0329816415997,2066.155327282916,676060
2017-01-03,2075.444091796875,2089.206091541229,2058.9239271607025,2080.45261117628,352730
2017-01-04,2047.3843994140625,2086.051170164987,2037.45496274815,2083.680563044082,288600
2017-01-05,2059.17724609375,2074.913284791962,2049.372116282381,2058.3561922986546,740730
2017-01-06,2095.4638671875,2107.7916088544025,2061.547545969222,2068.401070436104,497160
2017-01-09,2121.494140625,2136.8748256430863,2107.662783761005,2112.182408187257,443740
2017-01-10,2121.9599609375,2141.579230580478,2092.904651757091,2126.3967145761444,332290
2017-01-11,2136.3818359375,2151.0155584196254,2115.5035091060936,2126.618364384401,398250
2017-01-12,2105.495361328125,2153.021684485791,2101.667529418484,2146.9799794438,380260
2017-01-13,2102.4560546875,2121.498830685336,2091.9084618894744,2121.498830685336,218480
2017-01-16,2060.92529296875,2093.946700005317,2057.853659863791,2093.9192264540848,385490
2017-01-17,2061.55712890625,2078.146426160078,2045.4060573498978,2059.2374151808144,438100
2017-01-18,2070.762451171875,2093.919049818387,2061.081853460932,2066.1550019031047,356790
2017-01-19,2105.0849609375,2128.8734556231148,2046.3838845080707,2070.767339273198,469260
2017-01-20,2102.050537109375,2127.9558500374314,2084.6127097632916,2114.3091484532297,262290
2017-01-23,2097.235107421875,2113.658210168414,2079.9909508748738,2094.288006191309,215190
2017-01-24,2121.5634765625,2126.064635586881,2093.850091764847,2103.051030098756,276870
2017-01-25,2120.663818359375,2136.7180555082123,2110.96948309938,2125.188171763834,393410
2017-01-27,2166.017578125,2181.5137860656323,2133.0790440825895,2139.5173127966796,755910
2017-01-30,2143.119384765625,2187.048241664628,2130.76867243056,2175.9196519632105,375140
2017-01-31,2124.122802734375,2158.0253903039984,2066.6440798172794,2151.688458047994,569100
2017-02-01,2216.472900390625,2231.0789227475802,2126.110804167012,2139.762233110906,1000720
2017-02-02,2193.36669921875,2255.2452427838366,2179.1480106653635,2255.2452427838366,718540
2017-02-03,2157.093994140625,2197.5960933262973,2150.369729140018,2197.5960933262973,305680
2017-02-06,2196.710693359375,2208.2036470705466,2160.912651199918,2160.912651199918,250030
2017-02-07,2193.8046875,2200.824179714706,2167.8856443048494,2195.2898355913667,210570
2017-02-08,2209.988525390625,2216.1223343275337,2177.4233550269273,2193.353062662549,266500
2017-02-09,2203.8916015625,2222.9620785404645,2167.6186243029424,2209.9887045226274,277970
2017-02-10,2214.94140625,2220.1807477292487,2192.1214686242947,2206.8198189359323,192800
2017-02-13,2292.95703125,2301.180179715003,2223.169037528076,2223.883800186306,565240
2017-02-14,2335.064453125,2351.068023173181,2273.600934730265,2301.549420294524,597730
2017-02-15,2282.958740234375,2356.70857112363,2261.7023156145365,2331.804018708625,578650
2017-02-16,2336.535888671875,2350.2519490733157,2275.2245942449263,2275.999483649296,466880
2017-02-17,2309.694091796875,2352.0871338109782,2280.168355456251,2340.1052872093783,428890
2017-02-20,2318.802490234375,2333.1871453745307,2287.5380411881083,2326.31538008183,208840
2017-02-21,2329.359375,2341.0275269305366,2310.3118724960327,2320.7441650488954,216010
2017-02-22,2312.46142578125,2325.5870288011843,2299.178863194612,2325.4395273432347,491010
2017-02-23,2294.696044921875,2333.6485881224025,2277.087524505634,2313.3098271280214,846550
2017-02-27,2244.8544921875,2310.2611316586203,2239.1032874394637,2301.364655885257,446110
2017-02-28,2225.73828125,2254.0464014653176,2215.956344620778,2254.0464014653176,792400
2017-03-01,2186.961181640625,2249.7114632116813,2176.8518131463875,2241.409944897247,713150
2017-03-02,2162.908935546875,2213.036221313092,2152.213844494907,2190.677484124943,431420
2017-03-03,2129.7353515625,2156.5448065878063,2121.2678685644023,2144.558232160989,379400
2017-03-06,2127.1669921875,2176.842331703361,2121.4988825922587,2135.3901423654825,656300
2017-03-07,2140.975341796875,2149.0784647723226,2130.722975965699,2139.854555785458,314880
2017-03-08,2162.85400390625,2172.691336947771,2131.9771097270973,2144.553916178794,266790
2017-03-09,2158.113037109375,2176.680654368834,2150.5816807853885,2158.3897993663472,282200
2017-03-10,2154.38671875,2173.152732620364,2140.0389928584264,2173.152732620364,329800
2017-03-14,2213.853271484375,2233.5648714416902,2173.6646403188315,2232.185789070231,412850
2017-03-15,2226.04296875,2242.904301675696,2204.8002789842058,2212.8158019779585,303300
2017-03-16,2261.222412109375,2267.4532786001264,2232.014873569838,2236.797523558294,302620
2017-03-17,2277.511962890625,2286.4176732522733,2240.754823947594,2264.4232912432253,492770
2017-03-20,2315.13623046875,2323.6868110261607,2269.274987849356,2277.604203626995,396670
2017-03-21,2302.467041015625,2321.4681536973553,2281.072126375934,2319.8125345068643,361030
2017-03-22,2263.63916015625,2294.9081155440404,2253.3775633775413,2294.5392493325867,429790
2017-03-23,2248.193603515625,2272.8630512850464,2220.1944513726075,2272.8630512850464,285820
2017-03-24,2246.035400390625,2273.6841555055566,2234.0305828628766,2250.4536884825875,140400
2017-03-27,2228.832763671875,2252.0170646807237,2215.5826292701613,2252.0170646807237,257770
2017-03-28,2296.545166015625,2319.812561003903,2238.1809857956146,2240.4869624964135,391840
2017-03-29,2311.151611328125,2341.5812734938504,2256.1770319530096,2306.069229232628,787230
2017-03-30,2366.720703125,2379.7634333541146,2295.0924283636896,2305.8843542031495,841950
2017-03-31,2360.16748046875,2381.14263843938,2315.9019545911983,2370.5443770609427,561690
2017-04-03,2356.123046875,2375.156592302985,2336.157877620563,2375.156592302985,363260
2017-04-05,2376.5625,2380.777888361062,2344.9521541352465,2357.999388007955,397580
2017-04-06,2360.978515625,2375.1557670729526,2339.6621952177265,2358.5527364681707,292420
2017-04-07,2380.400146484375,2397.2936798743217,2347.6043795789456,2357.6263717673028,373480
2017-04-10,2359.31396484375,2379.768023807917,2354.494608516012,2379.768023807917,261280
2017-04-11,2387.1884765625,2396.006585366318,2346.8985153689387,2358.552930429054,280880
2017-04-12,2437.187255859375,2444.335785042045,2400.1071882343344,2409.2849322754046,717640
2017-04-13,2406.115966796875,2437.4173482654887,2402.790766443161,2435.102138673417,206380
2017-04-17,2409.787353515625,2431.4221013693696,2405.1339640821816,2409.2847226012113,166820
2017-04-18,2355.103271484375,2424.9651336139373,2347.4843153470792,2400.6141093787123,362790
2017-04-19,2348.185791015625,2372.5737515803594,2337.6059947563053,2355.325087344124,219190
2017-04-20,2352.26220703125,2362.662297089552,2335.5947695418026,2347.484286351195,189940
2017-04-21,2362.293212890625,2381.377647311374,2354.4668540359316,2358.5529817167285,236560
2017-04-24,2406.808349609375,2416.664150391186,2349.0483487336382,2369.3454523315495,261130
2017-04-25,2405.8076171875,2422.207754536029,2367.6898579969047,2422.207754536029,353410
2017-04-26,2402.011474609375,2425.8875671439105,2386.2247666164626,2397.2934551357503,254520
2017-04-27,2395.80859375,2424.135405004727,2388.9922246726615,2392.787853890625,277790
2017-04-28,2404.48828125,2421.2250796268286,2395.4488067519474,2398.2389487272562,154720
2017-05-02,2378.9150390625,2467.201756726419,2337.0430901250106,2426.9025561855965,637930
2017-05-03,2390.370849609375,2403.5378859727516,2366.941992140428,2388.0693768603805,177170
2017-05-04,2376.47509765625,2407.347488524885,2357.169522632162,2398.11907731646,276090
2017-05-05,2382.84912109375,2412.0519326389112,2357.755407415357,2397.1092467755166,422100
2017-05-08,2483.025146484375,2487.2173402393946,2413.8965110123545,2448.9610951013287,1065060
2017-05-09,2502.307861328125,2504.3832405364537,2471.084844050046,2489.0714638555614,470110
2017-05-10,2570.638427734375,2581.6794181514515,2482.365676696855,2501.5237508721875,692260
2017-05-11,2718.1982421875,2771.8768409023614,2573.470478453999,2573.470478453999,1635450
2017-05-12,2691.38427734375,2746.8799590208787,2657.8462720516063,2727.5097511164336,513380
2017-05-15,2668.531982421875,2716.902101937101,2659.3450060829496,2712.114947730491,200260
2017-05-16,2708.369873046875,2716.4407922087858,2658.330174243029,2667.5955173791244,361890
2017-05-17,2683.562255859375,2702.6050318552475,2672.2906673571943,2699.099901792385,185450
2017-05-18,2615.651123046875,2674.827129078922,2602.3410874788724,2665.7092874392497,301530
2017-05-19,2576.795654296875,2647.0772876702326,2560.188115252615,2647.0772876702326,442510
2017-05-22,2507.97119140625,2608.5165112109958,2492.4380502611452,2576.795367525685,489520
2017-05-23,2545.63720703125,2573.4703951427796,2501.574579418682,2508.81070839906,680400
2017-05-24,2524.0947265625,2560.2848287013594,2508.902977102989,2545.7986091192097,346800
2017-05-25,2583.56591796875,2593.762885033485,2520.068455318271,2530.1179209270445,423650
2017-05-26,2615.1025390625,2641.12787744268,2574.854006122428,2574.854006122428,302510
2017-05-29,2598.568359375,2628.352392157162,2585.2767899896867,2615.0423569417553,217650
2017-05-30,2612.5244140625,2625.064289843035,2565.3579519567747,2604.370398400519,237300
2017-05-31,2622.818359375,2633.333524897163,2603.692486180097,2619.589991427818,428750
2017-06-01,2655.876953125,2676.7275802896347,2628.813924495944,2636.193051301547,474760
2017-06-02,2691.544921875,2702.604375825007,2665.70875294685,2672.165486950528,299540
2017-06-05,2704.95703125,2710.445211158264,2688.8750945232027,2688.8750945232027,168290
2017-06-06,2692.5693359375,2710.7865528555903,2674.933117086665,2703.0660343525765,169780
2017-06-07,2740.718017578125,2746.4874633556456,2693.0027643378535,2693.0027643378535,465870
2017-06-08,2738.67529296875,2771.8768600259573,2715.149822206302,2740.792107928039,308510
2017-06-09,2745.482421875,2753.7699769311675,2709.1585558319885,2743.190181700098,216230
2017-06-12,2707.53515625,2741.1332856877975,2700.077662771833,2730.4611612336416,179460
2017-06-13,2686.116943359375,2734.574656381614,2674.932956429476,2711.7362542700325,264820
2017-06-14,2679.499267578125,2694.9400814737924,2667.6696499084983,2691.4441841045573,182570
2017-06-15,2653.902587890625,2679.4989308851286,2629.274800210199,2674.9331417679628,269500
2017-06-16,2651.58740234375,2664.3119358293957,2636.0405243191153,2661.0973049912823,426980
2017-06-19,2623.759033203125,2662.3886508835426,2619.5898088721515,2662.3886508835426,236690
2017-06-20,2575.0751953125,2649.8442450612265,2569.7806813084812,2640.3251092752594,809740
2017-06-21,2539.63720703125,2581.771957488469,2518.1269896189783,2581.771957488469,700620
2017-06-22,2553.25634765625,2582.131731379046,2537.589664516496,2548.5660260171126,1033640
2017-06-23,2505.8310546875,2565.8603131167165,2495.0713312107587,2560.0953712790315,272600
2017-06-27,2459.190673828125,2522.7388051829034,2449.408737536819,2516.277565805626,328010
2017-06-28,2511.195068359375,2519.0491264739653,2435.1115686163557,2462.7787871259334,432310
2017-06-29,2521.821044921875,2548.842637544886,2490.455252693132,2531.90744274162,1515530
2017-06-30,2494.089599609375,2517.656732176157,2485.11025029337,2499.679342517583,255510
2017-07-03,2561.183837890625,2565.3715278500495,2501.431339173495,2518.034372370336,573820
2017-07-04,2568.94580078125,2580.57251799727,2532.935630403963,2561.110208576497,464820
2017-07-05,2588.88330078125,2594.1316500920366,2559.634326187488,2559.634326187488,659910
2017-07-06,2554.017333984375,2599.297584833692,2544.0464593922857,2596.530412103209,338710
2017-07-07,2569.066162109375,2596.502561022077,2541.186808408137,2564.2465798093,247320
2017-07-10,2576.357177734375,2601.141925378431,2554.561192317576,2564.246295231219,36700
2017-07-11,2594.7685546875,2605.754148630448,2571.634920130971,2582.6898735420623,329090
2017-07-12,2606.5380859375,2612.985588507201,2578.8294307670085,2601.1420097761647,341120
2017-07-13,2587.855224609375,2619.5856061279187,2583.478596966153,2615.762277899124,326870
2017-07-14,2574.1298828125,2595.6076711899264,2549.4881319008373,2587.767349510781,323410
2017-07-17,2588.187255859375,2604.2736980274913,2574.3883249540145,2574.3928288155284,525700
2017-07-18,2637.8994140625,2646.3391997880135,2583.796554775977,2596.530096689877,438050
2017-07-19,2694.764404296875,2701.682334480762,2647.261283700849,2654.3636469843655,391910
2017-07-20,2698.237548828125,2705.958068272605,2666.1060998602043,2701.5904485483693,305320
2017-07-21,2665.999755859375,2711.137001076129,2652.1177300888785,2698.177366051937,218450
2017-07-24,2660.520751953125,2683.234623594935,2649.738058405842,2661.097246157232,140000
2017-07-25,2620.277099609375,2673.088475528572,2599.573975536257,2673.088475528572,431310
2017-07-26,2675.1591796875,2684.156993061268,2620.3321041876707,2622.107751360865,438470
2017-07-27,2684.365234375,2782.161642652414,2635.2571502688193,2674.011306108362,1117140
2017-07-28,2710.758544921875,2720.867910139042,2647.2473564651864,2651.8730463637394,314600
2017-07-31,2784.1357421875,2795.1310499088568,2688.69394039246,2717.7465441667714,568380
2017-08-01,2915.896240234375,2924.7074021304106,2796.3350053368954,2797.288338978978,1282190
2017-08-02,2883.4091796875,2943.6619341641463,2873.894825740402,2938.5899921915875,423810
2017-08-03,2843.819091796875,2906.191365036615,2834.7024315203453,2880.650887391838,344120
2017-08-04,2928.154296875,2954.7866215363397,2822.897163879667,2838.168574766229,475230
2017-08-07,2958.937744140625,2979.406053224668,2929.4592032832225,2933.961946569686,359100
2017-08-08,2972.91357421875,3003.3176583025574,2912.8228352391643,2963.482374391989,478780
2017-08-09,2914.4423828125,2996.3852198405298,2900.0504150869615,2983.0157298823415,638950
2017-08-10,2786.958984375,2943.2087538878386,2760.8865876336736,2915.4518106088076,770240
2017-08-11,2742.130126953125,2785.8756800270417,2696.5981188070614,2731.791690459838,589910
2017-08-14,2812.30908203125,2862.1400146550873,2754.888540083565,2754.888540083565,454920
2017-08-16,2833.726318359375,2842.329367969744,2785.8759363395557,2841.4083470307096,391640
2017-08-17,2862.510498046875,2877.8049579833028,2833.726110234598,2848.3496891682885,347620
2017-08-18,2916.51123046875,2924.6004423313425,2823.966480022325,2861.492433050188,390890
2017-08-21,2927.87646484375,2968.938038538492,2915.4510449597524,2920.078745031117,442130
2017-08-22,2867.059814453125,2951.9177951440297,2860.4468117106817,2933.0368656301534,318720
2017-08-23,2836.618408203125,2890.44796534623,2796.2001441100806,2886.3431407481135,376370
2017-08-24,2846.119384765625,2868.2026465438857,2822.8975007004447,2847.8870851328747,211260
2017-08-28,2895.862060546875,2952.472753748759,2859.9232681675653,2869.1741494110197,472790
2017-08-29,2856.137939453125,2899.5967445029037,2842.426117939717,2895.089256029395,304980
2017-08-30,2867.693359375,2903.178648203802,2860.937097405316,2878.3047579823024,273110
2017-08-31,2910.90234375,2919.616340228289,2834.0038781990875,2869.1744031408134,454320
2017-09-01,2940.6630859375,2958.9517677727213,2896.8434160103307,2918.112309920681,446150
2017-09-04,2938.91845703125,2956.7305852682393,2910.647906110432,2956.7305852682393,313840
2017-09-05,2955.740234375,2961.7284519734,2924.7068463237324,2938.5899484423576,295470
2017-09-06,2969.37353515625,2972.941474459052,2927.974141145892,2938.3494103686567,249010
2017-09-07,3041.505126953125,3084.7137921590297,2989.58698532101,3008.00514180452,806950
2017-09-08,3018.90380859375,3098.7086030704563,3005.053244056196,3091.299762198991,549310
2017-09-11,3007.875732421875,3031.143710212286,2998.7498079657425,3008.005208607612,341640
2017-09-12,3022.985595703125,3026.4193137177167,2989.4993883160223,3026.3314145134736,281890
2017-09-13,2982.682373046875,3017.6540494570295,2969.3409026506383,3017.168005339652,249440
2017-09-14,2967.762939453125,2993.1967640091225,2946.614257213799,2989.605776786145,280080
2017-09-15,2962.4638671875,2970.9279489507207,2929.334233683405,2958.507273891702,394870
2017-09-18,3032.63427734375,3035.6976435768756,2974.394616925364,2976.537188189102,319690
2017-09-19,2999.115234375,3046.5862175720686,2988.5686878995903,3035.7712283402466,222790
2017-09-20,3002.776123046875,3021.4211464956234,2989.494532186287,3003.516374359599,179870
2017-09-21,2945.466552734375,3012.5404174757273,2933.8094021495704,3006.154281093403,297920
2017-09-22,2922.818603515625,2941.2738190396044,2895.0894580318645,2941.2738190396044,360420
2017-09-25,2867.309326171875,2929.4454672244738,2830.079386822062,2915.451193036174,388190
2017-09-26,2853.185546875,2874.7411848757083,2822.9016775303703,2859.918760367794,545410
2017-09-27,2820.13916015625,2873.8019560607454,2807.9035473814656,2866.194043698297,248950
2017-09-28,2793.76171875,2831.616223848272,2768.2953527316777,2829.3764887950024,779270
2017-09-29,2888.916259765625,2895.9224358898273,2795.5431342762495,2812.2536981320563,397520
2017-10-03,2882.807861328125,2958.762264987143,2863.6169114719337,2943.125244947721,465150
2017-10-04,2858.493408203125,2895.1494040825633,2851.1539388206734,2882.964633078613,207680
2017-10-05,2849.617919921875,2887.6852779609503,2842.5466666127904,2860.8446135183644,191930
2017-10-06,2919.260009765625,2927.0206728251746,2855.3050961422,2868.0638115008956,291400
2017-10-09,2950.08056640625,2960.8029127920995,2897.0425518645447,2934.239955922241,273150
2017-10-10,2919.630126953125,2968.415537066753,2911.036568182988,2952.4730179253093,321830
2017-10-11,2891.687744140625,2938.4553079223742,2865.4763878099357,2928.144891642811,277740
2017-10-12,2900.267822265625,2916.557418521168,2871.094780038296,2896.986854896635,251190
2017-10-13,2906.126953125,2923.749275265694,2888.7037034801506,2923.749275265694,221600
2017-10-16,2937.659912109375,2957.1007744669437,2915.553376623904,2917.9411165529154,249080
2017-10-17,2949.0947265625,2953.398397553039,2899.8743423776264,2933.9575366194044,276080
2017-10-18,2917.427490234375,2945.994277734469,2901.5683508317816,2945.994277734469,310130
2017-10-19,2914.4423828125,2933.8649411534007,2906.195901902126,2917.2097386615023,35890
2017-10-23,2884.982421875,2929.6582577088316,2859.9187252693546,2906.38079011209,266370
2017-10-24,2913.906005859375,2925.7204269094386,2878.781575033974,2887.6853800843082,171660
2017-10-25,2935.47998046875,2947.516747285717,2909.555592548125,2913.600311353128,211990
2017-10-26,2926.331298828125,2945.878816662816,2897.4036478224702,2933.0369461585715,419940
2017-10-27,2944.304931640625,2952.4682582005644,2921.92995560354,2934.8875163822695,140260
2017-10-30,2996.070556640625,3008.005414662835,2947.8453063695783,2947.8453063695783,220420
2017-10-31,2983.330322265625,3032.6799546445545,2980.2389371770428,3006.986954023458,297420
2017-11-01,2862.67724609375,3011.633628340204,2856.309638121017,3007.912938741942,911230
2017-11-02,2882.1689453125,2905.4832463313114,2869.1743260817548,2869.1743260817548,280410
2017-11-03,2890.93359375,2910.8234402699973,2843.536724219893,2910.8234402699973,267400
2017-11-06,2877.3515625,2910.1944539911015,2859.9190500108843,2890.9339093295775,256310
2017-11-07,2883.96923828125,2896.940583675956,2865.0139686858197,2896.940583675956,383640
2017-11-08,2887.250244140625,2896.936102998656,2869.2485337092057,2883.8904159507247,146090
2017-11-09,2855.596923828125,2891.2717973581352,2832.1529190239344,2891.2717973581352,205050
2017-11-10,2827.677734375,2863.1537584473936,2810.883791310615,2859.9188873606395,349830
2017-11-13,2830.680908203125,2873.107746119319,2820.9073768500266,2828.45043799328,234260
2017-11-14,2784.908935546875,2862.0480578061083,2740.709644990232,2845.110626645073,704760
2017-11-15,2821.3564453125,2840.1078981110995,2776.6204975500523,2776.6435456694167,383980
2017-11-16,2813.55908203125,2843.903064843226,2809.4820499667585,2836.7809690919253,253040
2017-11-17,2842.09765625,2854.356317000824,2822.9110026765497,2832.212725590555,269930
2017-11-20,2835.827392578125,2846.4062538436424,2820.579253289867,2846.4062538436424,161620
2017-11-21,2815.5439453125,2850.1870754206225,2795.2747066457196,2841.4082277757193,258810
2017-11-22,2793.11328125,2831.4953992425144,2789.114885044411,2830.301416447921,152660
2017-11-23,2833.9990234375,2840.0195528089293,2792.8170117650134,2795.1308618161856,341910
2017-11-24,2851.806884765625,2869.466037676664,2832.250103338675,2834.004020049856,265280
2017-11-27,2846.563720703125,2878.337361942198,2840.8807773673307,2851.806942061525,335950
2017-11-28,2826.280517578125,2855.2915483502215,2813.7070899769865,2850.663847299411,192880
2017-11-29,2797.005126953125,2850.6634026524343,2786.0468771897326,2840.4824619286755,377330
2017-11-30,2771.44189453125,2799.726453853519,2765.550840909165,2796.982146146096,405630
2017-12-01,2710.069091796875,2808.45856086374,2698.78206792512,2803.2756723020207,495010
2017-12-04,2721.4306640625,2754.213224647602,2703.3826307081213,2735.2952377623947,380530
2017-12-05,2677.476318359375,2720.990712412438,2637.789267594974,2711.9759609363978,761130
2017-12-06,2606.117431640625,2672.0343730207005,2601.7859670728603,2649.821409753469,488200
2017-12-07,2666.527587890625,2682.8632817263947,2606.2285094256868,2628.256410960807,750650
2017-12-08,2684.061767578125,2706.0756574842203,2647.044682860794,2647.044682860794,457670
2017-12-11,2707.010498046875,2746.0589811083496,2693.326242886856,2713.9983710789684,478110
2017-12-12,2646.919921875,2709.426195735757,2642.9400539626804,2709.426195735757,387470
2017-12-13,2658.26708984375,2691.109982558775,2619.093646912318,2646.9522707569295,437940
2017-12-14,2659.8818359375,2673.787984511113,2633.258550421264,2670.1829880153305,232630
2017-12-15,2728.371826171875,2736.3035416220764,2675.7084623188107,2684.066115995427,475120
2017-12-18,2768.23486328125,2776.5276664557477,2669.9796072275717,2713.7299060025002,376610
2017-12-19,2852.82421875,2864.5462186711006,2775.361087379962,2775.6943811937417,533600
2017-12-20,2792.7802734375,2869.0817472211606,2770.5072045282695,2855.291289723643,584440
2017-12-21,2799.6201171875,2818.9545508352767,2792.817306933308,2799.5737949891973,182310
2017-12-22,2799.827880859375,2843.2634099537354,2780.0492084850302,2818.2693106212582,240850
2017-12-26,2799.865234375,2818.2696083269693,2771.992603264129,2817.3440682257124,206110
2017-12-27,2794.265869140625,2806.23778542773,2785.8759017603784,2802.535624760939,123940
2017-12-28,2761.11279296875,2804.3863088872326,2747.558241065508,2804.3863088872326,298510
2017-12-29,2808.167236328125,2819.79207395905,2767.3603188331977,2767.364838071868,218040
2018-01-01,2766.73095703125,2815.493093320497,2762.7373055758326,2813.6374938098093,198470
2018-01-02,2653.53759765625,2772.455732391247,2641.463997779455,2769.6791117278603,847930
2018-01-03,2666.883544921875,2688.231071918002,2641.6903719072984,2670.183040965204,470880
2018-01-04,2644.33740234375,2680.1419748872017,2629.9221606621927,2667.934155354514,494210
2018-01-05,2706.001953125,2714.146752425269,2655.023350385762,2665.278182585627,527770
2018-01-08,2702.33642578125,2721.0878771294697,2687.7729529747894,2721.0878771294697,329240
2018-01-09,2646.7626953125,2706.432243759432,2638.775166037763,2702.669977148654,827180
2018-01-10,2600.536376953125,2656.295650475644,2591.512360697126,2648.895848683991,842020
2018-01-11,2632.6708984375,2640.1030122095635,2574.8987603957567,2600.7675597927687,600910
2018-01-12,2651.649169921875,2663.704238573736,2611.041100614223,2639.640197502535,596570
2018-01-15,2589.800048828125,2660.9278988750066,2582.2569870821803,2660.9278988750066,575940
2018-01-16,2581.4423828125,2605.3952509384435,2563.8385929157057,2592.4376901877727,465370
2018-01-17,2612.138427734375,2619.371696919664,2561.9048182694546,2573.0020374428236,475950
2018-01-18,2587.291748046875,2635.845545259981,2574.024166943519,2612.693259214764,493990
2018-01-19,2592.38671875,2608.9445300556536,2568.4661643792183,2580.405540087396,324590
2018-01-22,2559.099853515625,2600.5593500828018,2553.5651417818312,2592.386984635096,344660
2018-01-23,2505.552734375,2575.7272477788256,2500.809341379231,2563.7460679572423,1173990
2018-01-24,2443.80078125,2503.586018029054,2434.36958168282,2499.5137318965194,940580
2018-01-25,2454.476806640625,2473.9687357592916,2425.660106024195,2452.6813130423207,1754720
2018-01-29,2540.9453125,2577.5364579257453,2458.794366613506,2473.968614181484,1274230
2018-01-30,2470.2109375,2540.885278880198,2458.14185845559,2540.607571658121,1416630
2018-01-31,2491.88720703125,2534.77659002951,2455.0088634334356,2482.9741384969084,1377660
2018-02-01,2595.894775390625,2619.278446265928,2472.5340202765574,2497.477280429353,1255640
2018-02-02,2574.089111328125,2639.7791863522266,2517.469148791141,2582.349602164985,1498590
2018-02-05,2548.747802734375,2572.9090106302947,2526.724646847426,2526.724646847426,486830
2018-02-06,2552.570068359375,2596.139820692516,2452.6811140232326,2456.8968856498846,614080
2018-02-07,2592.4794921875,2629.5474197445205,2510.0741077077105,2584.075741425373,1388510
2018-02-08,2609.837890625,2623.906054259686,2573.926891321406,2612.7995736067346,685330
2018-02-09,2568.18408203125,2586.884692879189,2550.788627397154,2554.9535580296965,335150
2018-02-12,2582.38623046875,2591.5121548372467,2564.347463829449,2568.466297845072,175940
2018-02-14,2594.06689453125,2611.6383735307395,2568.6145406546957,2574.852672166326,379990
2018-02-15,2623.022216796875,2628.441235997983,2600.767677430737,2610.0230784180353,302320
2018-02-16,2529.329833984375,2630.843235640988,2512.934035599948,2628.533904611649,493090
2018-02-19,2507.241943359375,2550.67747931583,2470.7942807256063,2543.8471014727206,332660
2018-02-20,2491.220703125,2535.9706582031267,2480.540159974164,2510.0647993457023,210980
2018-02-21,2532.809814453125,2543.3841551230526,2502.993685212399,2510.4348376922885,366820
2018-02-22,2486.787353515625,2531.3520161761503,2471.191913415108,2531.3520161761503,617210
2018-02-23,2473.450927734375,2512.51342939286,2452.681857107333,2508.214276513537,868030
2018-02-26,2516.168701171875,2525.3499868024774,2472.117646525282,2498.032769738576,450250
2018-02-27,2513.27197265625,2531.056082078683,2499.587716879891,2517.5618603034454,506840
2018-02-28,2539.473876953125,2554.398212120303,2453.699622893652,2501.7350670934616,627240
2018-03-01,2567.666259765625,2591.605349338927,2525.0866629831635,2527.784648970961,914230
2018-03-05,2549.71044921875,2572.9924395949793,2539.6867767473614,2566.060152675463,510190
2018-03-06,2544.166015625,2571.543561578749,2522.20296914421,2564.6713817744294,427350
2018-03-07,2547.840576171875,2559.581106387017,2527.24279003131,2542.4586148056896,274720
2018-03-08,2564.8427734375,2577.5364106855523,2538.344444143106,2552.639473572463,298230
2018-03-09,2588.166748046875,2597.528578156107,2560.0857769584495,2568.374061779154,286790
2018-03-12,2620.84228515625,2626.6824967353828,2597.5279869936053,2597.5279869936053,230320
2018-03-13,2670.123046875,2676.661933363088,2596.325008566304,2596.325008566304,412710
2018-03-14,2669.873291015625,2689.6151345607327,2661.853449527861,2674.255597051174,464660
2018-03-15,2655.88818359375,2677.8837708177,2649.8213314500113,2670.18321384327,252620
2018-03-16,2598.838134765625,2669.1098166126485,2581.164972524191,2651.6725586503,534360
2018-03-19,2536.262451171875,2616.9326820584793,2526.821986038849,2602.6191210864226,195130
2018-03-20,2624.873291015625,2630.7550802527007,2531.3659479385037,2534.128784550172,470700
2018-03-21,2589.740234375,2636.771507586619,2575.778495964909,2626.6832093238995,341710
2018-03-22,2594.335693359375,2636.679160619552,2584.6035109028358,2589.129529351976,261320
2018-03-23,2581.896240234375,2592.9286068690776,2530.36200033371,2551.714275549715,441270
2018-03-26,2579.762451171875,2591.604890249465,2555.2541677237355,2573.2744061178796,262750
2018-03-27,2630.764404296875,2643.3425758412427,2592.7987305963175,2606.2283267410476,356170
2018-03-28,2626.00244140625,2651.8066169829253,2591.419644489664,2614.4657286358383,785360
2018-04-02,2618.2373046875,2665.8981015871746,2609.00969681456,2638.714879824687,311000
2018-04-03,2590.5869140625,2613.327499117669,2573.001650980261,2613.327499117669,309720
2018-04-04,2677.980712890625,2707.204594215282,2628.593797348635,2637.604028985448,860680
2018-04-05,2746.794677734375,2753.389150941693,2693.326208122434,2702.5770898763953,510750
2018-04-06,2758.03125,2767.3607678240846,2736.6373966269493,2753.2971207631176,463320
2018-04-09,2758.641845703125,2775.338626515956,2748.854303602386,2767.365106993648,246410
2018-04-10,2774.03369140625,2792.3546867231125,2744.2265979894028,2759.1278850782755,465160
2018-04-11,2840.029296875,2854.3659051747695,2769.6789789998375,2776.616011086507,694830
2018-04-12,2839.70068359375,2859.9190811800563,2825.6740954183533,2827.1317759712247,584100
2018-04-13,2901.845703125,2915.4510963824005,2832.1524936286173,2839.6494582612263,452320
2018-04-16,2896.87109375,2906.195864907595,2869.1742615329763,2906.195864907595,350060
2018-04-17,2871.728759765625,2912.5081100932025,2859.9188592565606,2896.9404626126325,272920
2018-04-18,2857.503173828125,2900.3882645285275,2850.6635318551416,2873.8065537875787,222400
2018-04-19,2861.78369140625,2886.66684532483,2830.3015452242666,2885.8339496433173,268080
2018-04-20,2882.937255859375,2889.5362484390807,2839.33496147649,2855.2912640725704,175600
2018-04-23,2875.20849609375,2906.1910375174944,2869.173957306591,2906.1910375174944,256980
2018-04-24,2881.831298828125,2915.4514999004596,2864.611642252494,2883.05759434601,302840
2018-04-25,2845.75390625,2887.6854420030695,2832.8193914895755,2883.057740974218,193600
2018-04-26,2888.16650390625,2898.4215608522063,2846.0358991210055,2846.0358991210055,223920
2018-04-27,2924.641845703125,2983.6357622509436,2891.053959540952,2900.6426543371886,444460
2018-04-30,2886.630126953125,2951.070857113109,2873.288430113309,2933.962148756177,256470
2018-05-02,2824.956787109375,2911.175278262252,2803.4610274074835,2901.475635868019,592920
2018-05-03,2765.3662109375,2843.7223657119966,2739.7841523603,2843.7223657119966,317930
2018-05-04,2703.354736328125,2785.8758136341908,2697.949500579291,2758.109609511591,247580
2018-05-07,2755.04150390625,2762.737315934006,2693.3263247223645,2725.7111911213897,292550
2018-05-08,2816.14599609375,2822.8977398555076,2758.1099228752173,2758.1099228752173,385600
2018-05-09,2805.8349609375,2845.1240935769897,2790.503443182852,2822.804702770574,382510
2018-05-10,2836.549072265625,2888.3747995548356,2783.5711650314915,2850.6635590433557,701120
2018-05-11,2857.419921875,2883.0573367882425,2834.4664827974293,2846.035733747623,339570
2018-05-14,2822.457763671875,2864.546792797354,2811.476238721164,2859.0536577214925,229720
2018-05-15,2848.150634765625,2869.1743598486864,2794.219394124675,2822.4576321047603,446290
2018-05-16,2828.978515625,2866.435100976098,2807.6262396152756,2822.90217238803,309740
2018-05-17,2822.522705078125,2862.2330339958535,2811.5967664181867,2829.0801211621615,267980
2018-05-18,2784.598388671875,2845.110088135426,2757.3365344362687,2832.1525275518557,309090
2018-05-21,2724.132568359375,2795.1121742689857,2713.3175796032683,2767.438619612674,299030
2018-05-22,2770.10009765625,2773.8345708228894,2729.4179079713886,2729.4179079713886,234060
2018-05-23,2720.3525390625,2763.033817652612,2711.8328689530613,2763.033817652612,435040
2018-05-24,2731.76904296875,2748.877527558804,2710.814685650763,2725.715973718699,194780
2018-05-25,2795.4501953125,2807.472951351966,2732.430092860964,2732.430092860964,319310
2018-05-28,2839.8115234375,2846.0358711339445,2778.281634290721,2786.8013034095306,259690
2018-05-29,2823.8876953125,2846.035806629382,2808.102446219233,2839.649670326111,202310
2018-05-30,2789.235595703125,2816.418819753483,2776.6205912784917,2807.9640010145617,269970
2018-05-31,2848.87255859375,2915.3586961048713,2792.9792908891236,2799.6661825929486,915480
2018-06-01,2764.47314453125,2836.780979447845,2713.684121285834,2836.780979447845,688830
2018-06-04,2719.019287109375,2801.961556409744,2713.220877646921,2772.015723728976,346680
2018-06-05,2705.941650390625,2740.2051656424533,2689.490264214539,2740.2051656424533,241330
2018-06-06,2771.92333984375,2782.3587145030688,2703.507259266371,2721.088002629448,221440
2018-06-07,2750.001708984375,2801.332125867429,2738.09916408591,2786.6439222407575,239620
2018-06-08,2731.54638671875,2743.3007001267733,2711.832338519381,2743.3007001267733,176900
2018-06-11,2746.725341796875,2756.2584501310866,2730.3433270271003,2745.2028102375602,159110
2018-06-12,2703.354736328125,2774.6721683476776,2697.949500579291,2739.908826555315,407860
2018-06-13,2725.5859375,2735.5262284761056,2707.2046129101227,2719.2366334119456,269270
2018-06-14,2733.73974609375,2737.2846367138604,2698.411955482421,2735.89632666988,320230
2018-06-15,2737.1689453125,2744.0411252253525,2710.953069163838,2735.155850555534,539840
2018-06-18,2789.142578125,2801.1468047872313,2723.031319317365,2738.6728549034915,389680
2018-06-19,2771.96044921875,2790.503564861502,2747.424370692883,2789.1430479502874,227870
2018-06-20,2758.600341796875,2794.2058459479576,2746.3785112261316,2773.843961678049,250430
2018-06-21,2723.392578125,2782.016371521617,2716.9924319485444,2765.513918635058,235940
2018-06-22,2697.083984375,2727.7795582538283,2675.45422952088,2725.6229774913395,490230
2018-06-25,2724.79052734375,2750.8306116155227,2697.0844254104177,2697.0844254104177,266160
2018-06-26,2687.34765625,2735.661037411071,2674.825069722745,2724.9291995120575,507450
2018-06-27,2625.92919921875,2700.523095108084,2614.9336625821306,2693.2297197968455,345850
2018-06-28,2630.89892578125,2642.4173371278534,2568.5221243642814,2613.7255902098277,766890
2018-06-29,2646.160888671875,2664.5189415515497,2628.5340486709188,2656.2631956501687,815170
2018-07-02,2608.880126953125,2663.7972425183843,2579.0314565954905,2652.135346040387,419650
2018-07-03,2598.823974609375,2626.2200521460536,2591.9750682061754,2626.2200521460536,504760
2018-07-04,2613.5400390625,2627.6082026337754,2599.3792311014295,2609.9302972894047,378770
2018-07-05,2581.146484375,2622.800311475299,2577.560016198066,2622.795792236165,366200
2018-07-06,2556.925048828125,2604.47015800657,2542.954046435704,2581.8915864454016,599240
2018-07-09,2557.498779296875,2582.2569779203045,2549.8630731793687,2580.401378410451,288720
2018-07-10,2618.26025390625,2627.816636045519,2558.8962123266992,2576.7035945088937,981850
2018-07-11,2606.3671875,2647.9701689039903,2598.1760674071525,2617.3116537537126,426020
2018-07-12,2591.08203125,2633.1617966328286,2584.1081673809695,2633.1617966328286,269670
2018-07-13,2547.933349609375,2607.616678505443,2543.3980673836795,2607.616678505443,507800
2018-07-16,2538.229248046875,2567.9113867069977,2503.5863402567775,2554.4910532749373,193280
2018-07-17,2513.18359375,2543.309739207151,2497.2641253891106,2536.6273676941123,835930
2018-07-18,2519.556396484375,2563.746422984163,2514.2300209517975,2522.18975727076,596180
2018-07-19,2497.16748046875,2534.758285373533,2480.4013293550142,2530.4268206543425,450820
2018-07-20,2503.409912109375,2512.8318460794762,2476.846959190573,2497.1670363215253,295350
2018-07-23,2501.12890625,2531.167385768001,2486.9265189873704,2508.1861502795045,324740
2018-07-24,2563.542236328125,2573.001228116057,2480.909997109745,2480.909997109745,860040
2018-07-25,2525.641845703125,2582.2570653990483,2508.6766221376774,2564.671802229664,578560
2018-07-26,2616.099365234375,2642.4171538858195,2531.1672719689013,2545.235437192996,1331650
2018-07-27,2679.087158203125,2684.066455786951,2619.3758084247434,2633.069102742218,579170
2018-07-30,2646.5498046875,2695.631227039031,2636.586238214493,2695.631227039031,222190
2018-07-31,2572.867431640625,2651.6725668931904,2566.80057914174,2651.6725668931904,676180
2018-08-01,2526.60400390625,2577.258790342947,2511.4064833580464,2577.258790342947,550960
2018-08-02,2505.4306640625,2535.409399473586,2471.990479048601,2478.402453137525,958940
2018-08-03,2508.668701171875,2533.1320710390983,2498.4744771069936,2527.55159946311,533280
2018-08-06,2512.5537109375,2536.9474362864075,2500.8121887278458,2500.8121887278458,206860
2018-08-07,2557.72119140625,2564.8255905853352,2509.068512529132,2532.2402793349274,426990
2018-08-08,2564.18896484375,2573.8395948030975,2543.452032771806,2573.8395948030975,289800
2018-08-09,2549.8408203125,2583.4112269942143,2527.6541501526126,2583.4112269942143,267970
2018-08-10,2694.712158203125,2711.653001677632,2569.565448851502,2573.1850312378992,1509370
2018-08-13,2639.78173828125,2694.7118555596116,2623.3706525024663,2694.7118555596116,432310
2018-08-14,2694.21435546875,2708.6786148423334,2640.696777287378,2644.372170232951,495590
2018-08-16,2676.697509765625,2738.6017961262605,2658.5950633793937,2685.63257238035,459330
2018-08-17,2646.244873046875,2711.187939237117,2639.168379583003,2694.9254580248976,371630
2018-08-20,2637.5703125,2676.340044531054,2609.059920273167,2666.0900066492563,448570
2018-08-21,2658.790283203125,2676.3398331633407,2639.0801917736567,2648.368274017671,394040
2018-08-23,2673.263916015625,2678.6585769829994,2635.4513764921808,2658.418729243053,368200
2018-08-24,2682.826171875,2694.9254761282596,2651.6161833076753,2659.8914903138193,408080
2018-08-27,2693.257568359375,2722.8041020472665,2657.847193912705,2697.46249076993,423760
2018-08-28,2664.997802734375,2719.7373423188646,2648.46125497255,2713.5111805332795,405620
2018-08-29,2619.537353515625,2678.3191470749694,2614.542448358374,2678.1984489670635,421530
2018-08-30,2565.025634765625,2647.5227927713627,2560.3606074490326,2639.168532442655,613400
2018-08-31,2607.549560546875,2615.378602144191,2566.2195353995735,2567.3625373575915,627530
2018-09-03,2684.317626953125,2694.83242817084,2610.3605454153285,2611.289830052358,1030520
2018-09-04,2677.009033203125,2698.6428085630246,2660.0774929447857,2685.6328225713296,396520
2018-09-05,2700.036376953125,2708.86458056044,2657.758465619449,2657.758465619449,802480
2018-09-06,2680.443115234375,2718.1163582055838,2667.9767230513116,2718.1163582055838,396840
2018-09-07,2665.392822265625,2690.186073487576,2658.7485276921307,2680.442650870855,276550
2018-09-10,2659.896484375,2680.986666582509,2653.1081223892766,2665.1888248730106,187090
2018-09-11,2608.464599609375,2665.1881664821017,2597.415505815804,2665.1881664821017,355320
2018-09-12,2677.473388671875,2713.2277049506215,2606.1787003016657,2627.30132143054,387700
2018-09-14,2730.586669921875,2734.4199689437587,2679.118232646337,2679.118232646337,356980
2018-09-17,2756.6025390625,2767.410011907572,2710.9094531931923,2723.268985861363,446770
2018-09-18,2685.6650390625,2769.2682129451596,2655.1613162867447,2750.775539454804,434830
2018-09-19,2640.14404296875,2729.3599015763393,2628.026135554504,2704.027594451489,386640
2018-09-21,2596.440185546875,2667.0147791446216,2540.2928737641296,2657.2897325971535,740660
2018-09-24,2402.461181640625,2611.2575693622844,2379.9911410713157,2600.4174270131402,1398350
2018-09-25,2378.94091796875,2415.2109269088755,2326.4873797341675,2403.130225850847,1391260
2018-09-26,2340.008544921875,2439.4141028775125,2332.5976355037983,2406.5685621096195,786090
2018-09-27,2314.123291015625,2380.54854243523,2286.151958002422,2357.5580483044237,1258480
2018-09-28,2247.51220703125,2369.671397282534,2186.0215123351168,2321.8177737691217,1129010
2018-10-01,2299.93310546875,2323.1187131828992,2158.728341748546,2256.3032345094575,1144040
2018-10-03,2159.262451171875,2299.9794191941614,2142.001034845471,2299.9794191941614,2467470
2018-10-04,2035.8629150390625,2128.061978914476,1858.676272565359,2128.061978914476,4125330
2018-10-05,1969.1961669921875,2106.6375201924357,1949.1841012051289,2006.999634674281,1791150
2018-10-08,2056.948486328125,2073.605732623202,1919.0704102258428,1988.6692040959172,1614900
2018-10-09,1959.4617919921875,2061.260206065211,1933.0327642010313,2036.3321907803113,1727430
2018-10-10,2098.543212890625,2119.6982780364096,1981.9132253907214,1981.9132253907214,1488910
2018-10-11,2077.64404296875,2100.1837378565506,1968.4530742970046,1979.3767086878108,1748840
2018-10-12,2221.3388671875,2248.7759066169147,2090.9835494373133,2132.150679264708,1761030
2018-10-15,2177.73193359375,2242.7401098825917,2137.359100934763,2239.575868619014,1162290
2018-10-16,2137.554443359375,2225.636601897262,2114.1224506539756,2188.4652181495003,1051540
2018-10-17,2042.391357421875,2204.9510741454446,2030.4871654023502,2172.6677312177094,1207330
2018-10-19,2009.6060791015625,2079.739168519946,1984.1204007072715,2042.3912706990793,1219710
2018-10-22,2083.93017578125,2096.466216912833,2030.4870052989982,2039.7798520051722,955160
2018-10-23,2068.41552734375,2088.567118148659,2035.2262733788702,2048.143238442556,894490
2018-10-24,2102.478515625,2108.546771328219,2030.5798836236504,2100.183209872973,760590
2018-10-25,2052.994140625,2084.1344773109927,2035.1333174567478,2074.534894587651,1298190
2018-10-26,2026.435302734375,2072.3048956767434,2017.0124556351443,2069.730758889421,495930
2018-10-29,1994.4215087890625,2052.232274630869,1978.4471589824536,2043.4970890570294,961780
2018-10-30,1953.9278564453125,1999.2073422573833,1950.1038591441948,1997.9620191374881,631350
2018-10-31,2031.843994140625,2043.4972617561473,1923.7263820210546,1970.0837630391234,1215870
2018-11-01,2043.6920166015625,2072.28612284137,2021.1940719900747,2021.1940719900747,1402560
2018-11-02,2107.0693359375,2144.840130647136,2063.0120300698445,2072.3048770521414,1318660
2018-11-05,2095.745849609375,2115.5162877506036,2079.1904728495624,2109.568957353847,358560
2018-11-06,2096.433837890625,2121.3060430366513,2078.8098718966958,2104.829843471621,507640
2018-11-07,2104.857666015625,2121.17595913698,2100.1971763832407,2109.476183562429,52410
2018-11-09,2090.44921875,2113.147044494221,2082.0625145023027,2113.147044494221,724590
2018-11-12,2038.2510986328125,2090.4489443948196,2027.736297354578,2078.8097449994893,537710
2018-11-13,2159.82958984375,2174.5261727533443,1969.7815689781971,1993.4086775766114,2688470
2018-11-14,2159.6669921875,2247.3820771228093,2142.55894215991,2165.233398587793,1993430
2018-11-15,2225.20458984375,2234.181624973788,2164.443302504958,2174.5261319441292,1123080
2018-11-16,2298.58544921875,2307.4136528846398,2223.322698830594,2241.4344465395693,1302650
2018-11-19,2313.6494140625,2354.807470435931,2297.7864604344386,2322.2825053746615,1244430
2018-11-20,2285.650146484375,2355.7367263093533,2272.152150023521,2313.6493857351848,1030740
2018-11-21,2250.392578125,2351.089953591261,2226.5751235826324,2299.4216409358055,1178150
2018-11-22,2240.417236328125,2274.8844887488126,2224.7076506923954,2269.3133178741978,679060
2018-11-26,2216.1865234375,2275.6328497302393,2195.584123460714,2245.152260422118,765770
2018-11-27,2212.399169921875,2233.9773611151786,2191.2534046818296,2231.951357042461,513890
2018-11-28,2147.702392578125,2234.9296913961775,2141.0719372044878,2209.839004632063,814340
2018-11-29,2185.798583984375,2192.745078730082,2132.8992273677477,2165.2336199197784,924630
2018-11-30,2175.018310546875,2206.1168984799833,2166.162201904262,2183.818607668389,864900
2018-12-03,2190.0732421875,2220.804752556275,2132.987343221348,2167.0920483497334,927780
2018-12-04,2174.65625,2206.001232406103,2165.2334027423285,2184.283739547572,530750
2018-12-05,2118.16064453125,2163.3750238989173,2108.08257805614,2163.3750238989173,885510
2018-12-06,2064.066650390625,2115.98112779078,2053.7190568369015,2115.98112779078,1152120
2018-12-07,2078.740234375,2089.603518127573,2041.025250917903,2081.597739468013,962340
2018-12-10,2082.04833984375,2100.164625432194,2031.8808100924189,2053.5517908330808,505070
2018-12-11,2103.95654296875,2115.6143478753615,2025.8408103010806,2045.4488098118006,611520
2018-12-12,2204.449462890625,2216.344354276233,2103.9566996253984,2103.9566996253984,668060
2018-12-13,2165.735107421875,2241.894704318659,2155.940410807078,2211.6974903969162,1087130
2018-12-14,2203.9052734375,2211.697333833635,2151.358948667429,2169.8795271014865,767570
2018-12-17,2202.2001953125,2225.72974607122,2188.4653410214205,2225.72974607122,442650
2018-12-18,2217.798095703125,2220.990242824568,2169.3173896557214,2190.3238503504217,614160
2018-12-19,2226.16650390625,2250.7274338059906,2212.4454889282206,2217.79817761463,490790
2018-12-20,2238.83251953125,2246.8244582221796,2202.4139087737,2211.6974532946265,501230
2018-12-21,2192.888671875,2247.9394833852134,2175.557604558012,2243.8507218302093,579890
2018-12-24,2156.934814453125,2190.7885911723056,2148.431723668173,2181.9558493584964,346870
2018-12-26,2144.914794921875,2179.172870222414,2109.4765097675395,2146.647902010139,550490
2018-12-27,2136.843505859375,2172.9463046336873,2126.937413338274,2165.2331967977652,474780
2018-12-28,2148.88720703125,2166.162691726483,2136.890222919368,2138.377169228286,373040
2018-12-31,2152.0703125,2173.597232032352,2138.075228415511,2169.8800926872777,431030
2019-01-01,2155.485107421875,2164.5828406980636,2128.526549902097,2152.4324889373083,444340
2019-01-02,1966.579833984375,2076.0216940825867,1946.8742824122103,2076.0216940825867,4814970
2019-01-03,1878.21923828125,1955.2151078502309,1872.6016711474604,1955.2151078502309,4683010
2019-01-04,1868.19677734375,1918.7916329621546,1858.6623072392308,1888.7711542304455,3418330
2019-01-07,1842.808837890625,1902.8963072030042,1835.8019946858935,1900.3872837927877,2156680
2019-01-08,1862.718505859375,1917.114214074207,1838.5896619223552,1845.0946544083074,3664290
2019-01-09,1885.6160888671875,1895.5315968009136,1844.6300080228953,1848.3471465781051,1637520
2019-01-10,1910.246826171875,1914.3262857611821,1890.634179300898,1892.0234552474594,1021430
2019-01-11,1905.73974609375,1929.8732405729463,1894.5325190691915,1914.3263269512433,1122200
2019-01-14,1903.212158203125,1917.0398048024322,1879.1993613317381,1916.928408620765,701210
2019-01-15,1917.87158203125,1920.831408148167,1903.1749994617542,1908.7507074679897,633190
2019-01-16,1926.9368896484375,1931.4206428360953,1916.7426639751575,1916.7426639751575,674680
2019-01-17,1892.9481201171875,1937.3492530510912,1873.4796527019957,1932.9120097407194,1037770
2019-01-18,1869.976318359375,1898.0639246174464,1853.9229031147152,1895.740712959408,1081400
2019-01-21,1861.1715087890625,1886.2575456210504,1853.8997876898602,1872.6016429431074,950380
2019-01-22,1860.762451171875,1891.0943166245543,1849.2765061832251,1858.6622587279983,1378300
2019-01-23,1866.8538818359375,1879.2923657705442,1857.732894140889,1865.7247193271817,535950
2019-01-24,1869.31201171875,1889.2358215150468,1865.5390613337217,1872.5086966811702,457230
2019-01-25,1863.211181640625,1889.9560226624094,1843.245513376163,1877.155103169763,671890
2019-01-28,1857.3984375,1880.965083185361,1846.6373618286352,1864.2379590779979,1019070
2019-01-29,1754.2340087890625,1858.5694754020615,1747.0553068779377,1858.476569615907,1931980
2019-01-30,1758.1275634765625,1774.4596954402364,1747.0551008325415,1756.3479471135656,1026320
2019-01-31,1766.1751708984375,1782.2704449499713,1750.40988819359,1776.792293655998,675110
2019-02-01,1827.28955078125,1872.016025617825,1772.7080303606824,1774.0044006002636,1857170
2019-02-04,1870.491943359375,1898.7096621103979,1806.0646807167134,1832.549292705613,1621290
2019-02-05,1903.1424560546875,1912.923199938356,1873.4379032062423,1873.5308089860491,1018700
2019-02-06,1961.1856689453125,1970.0835243937017,1907.7890074569755,1907.7890074569755,1297160
2019-02-07,2035.5234375,2041.1735602922884,1965.5019811977052,1973.326484685516,1352940
2019-02-08,1937.31689453125,2035.5236339516769,1928.2656710108038,2030.9516260212588,1234030
2019-02-11,1928.5584716796875,1994.2032716044853,1889.328748836144,1898.9004268643157,2619820
2019-02-12,1964.2755126953125,1979.3763889017225,1865.0743720778203,1902.245759662829,2590360
2019-02-14,1860.09326171875,1913.2205037485903,1849.2763752379565,1873.4377751154373,1403410
2019-02-15,1880.3240966796875,1893.6221025274665,1852.2549780724175,1872.2578550986693,1235950
2019-02-18,1872.9918212890625,1900.38711469953,1863.0020112729158,1898.807376165227,850970
2019-02-19,1896.6513671875,1901.7391779596574,1869.8136219525918,1877.1549933766785,654740
2019-02-20,1907.6865234375,1918.9727030785773,1893.8820188252498,1897.1345149321626,698580
2019-02-21,1900.1502685546875,1917.5511021418897,1881.8015464088314,1900.3872406943508,670210
2019-02-22,1913.9036865234375,1923.6194311783836,1886.448041203922,1912.1891833860047,740010
2019-02-25,1924.065185546875,1931.1416787931046,1905.0334548407995,1923.6098451619825,462600
2019-02-26,1916.1851806640625,1939.8774045893686,1895.750217807585,1920.8316044775058,878770
2019-02-27,1896.4610595703125,1931.1326137128642,1886.6384564902369,1931.1326137128642,624010
2019-02-28,1846.405029296875,1918.8798179562305,1839.9836404858534,1918.8798179562305,1870270
2019-03-01,1853.7974853515625,1861.5383859452684,1832.549400089365,1849.6482609928235,984330
2019-03-05,1998.463623046875,2032.9957550868712,1795.3777421459818,1812.1048639672176,4523630
2019-03-06,1998.3289794921875,2025.8404319791355,1989.1336902070364,1998.8911785262019,1265860
2019-03-07,1999.9599609375,2016.5477834550888,1989.7146879494364,2002.5154938428002,831150
2019-03-08,2032.4432373046875,2053.110520381282,1988.6738362870376,1999.8207153925787,1957920
2019-03-11,2134.794677734375,2150.8479797115574,2034.6687917316895,2039.6450930059978,2485590
2019-03-12,2087.354736328125,2170.3444439734512,2069.7865816299327,2137.4478559327913,1992480
2019-03-13,2116.655029296875,2127.8760963838395,2087.3591937616143,2089.849613167862,1461680
2019-03-14,2102.032958984375,2136.142430871495,2090.98386231025,2118.769387652236,968750
2019-03-15,2101.331298828125,2122.3005547350162,2084.0140684587795,2122.3005547350162,981900
2019-03-18,2067.788330078125,2118.759683481811,2053.904871966149,2100.1832925488684,993140
2019-03-19,2022.0400390625,2066.7294274676533,2005.3548844937932,2066.7294274676533,2011750
2019-03-20,1982.9075927734375,2030.486920547892,1969.1541348471317,2012.8305125431275,1371030
2019-03-22,1993.0228271484375,2014.1871934852518,1977.0530166040005,1982.9075550483703,2168820
2019-03-25,1965.562744140625,1987.7401160234558,1956.232688782526,1987.7401160234558,994230
2019-03-26,1986.99658203125,1992.77670587826,1951.9625927730401,1977.0532807068043,1098830
2019-03-27,1949.095458984375,1996.567925583156,1938.0833459308508,1988.7620258402833,1175880
2019-03-28,1942.112060546875,1979.3764688565611,1931.15121979036,1953.7281196364088,1255610
2019-04-01,1863.06689453125,1931.8619737199826,1857.2217715701765,1931.8619737199826,1953970
2019-04-02,1912.7930908203125,1969.2516690814512,1886.540686833035,1887.3770656797378,3146450
2019-04-03,1877.406005859375,1902.8033156946453,1868.995934008096,1895.7407747117652,1232650
2019-04-04,1904.0623779296875,1914.3262536163154,1851.2278073264956,1880.8720084074866,1675580
2019-04-05,1949.6671142578125,1954.2252827211082,1914.3356934828867,1914.7910338893291,1276880
2019-04-08,1915.501953125,1969.0612866060794,1909.0854418360689,1963.020935974706,865240
2019-04-09,1946.581787109375,1953.727931522917,1891.5588800121027,1923.5261807980862,802560
2019-04-10,1949.05859375,1958.9322441742656,1918.9730001042972,1936.6294102747484,835500
2019-04-11,1951.32568359375,1958.3649690479954,1933.878456017691,1942.204809715142,976450
2019-04-12,1985.05908203125,1991.4572166015373,1942.6743048146077,1954.0349016187129,1303510
2019-04-15,1982.345703125,2003.5379789362416,1974.8231700813603,1985.138094978941,646040
2019-04-16,1976.6396484375,2001.8464964912605,1970.083608257043,2000.7500040459497,617190
2019-04-18,1953.71875,1995.1697025445023,1946.809690718884,1986.6248662490743,694610
2019-04-22,1895.81982421875,1951.0147095511031,1890.6298052413372,1937.5586846538158,615220
2019-04-23,1887.8326416015625,1909.587115622871,1877.57795276443,1909.587115622871,731720
2019-04-24,1907.9654541015625,1912.4678110087575,1871.5792863807762,1895.7406872973106,804610
2019-04-25,1890.18359375,1917.9505103648994,1886.4478512835742,1906.0045742646207,910660
2019-04-26,1889.296142578125,1900.6241820494672,1874.8318806849745,1891.1872687037069,637860
2019-04-30,1892.794921875,1895.7407952229307,1872.5086776344144,1883.6600940769022,650900
2019-05-02,1911.0831298828125,1917.1141780134424,1845.55926201391,1857.6399621177272,1095340
2019-05-03,1891.312744140625,1914.3264934867864,1890.1650911418076,1911.6316585910752,523280
2019-05-06,1891.0849609375,1903.7092566082963,1877.0620873308503,1877.154993108242,550680
2019-05-07,1891.3917236328125,1912.4586490421243,1883.6647756475843,1902.2458190592995,489780
2019-05-08,1889.8446044921875,1902.2458822492742,1881.8016177600296,1884.589472008563,430210
2019-05-09,1892.107177734375,1904.183227392597,1879.7198540142288,1887.8417928938434,437180
2019-05-10,1891.466064453125,1897.3716504572146,1886.5408102632373,1894.811466620751,547550
2019-05-13,1742.5712890625,1869.813514407948,1728.4693499317839,1863.2156164587238,3429730
2019-05-14,1787.097900390625,1799.6897521715182,1691.76262446638,1701.520112825016,3745110
2019-05-15,1858.3603515625,1874.2697012424953,1787.1074011272099,1791.1962765342805,2171650
2019-05-16,1886.9359130859375,1893.891595729081,1814.4284488015285,1863.2158974888935,1266530
2019-05-17,1945.643310546875,1951.4978494705156,1863.6061443068306,1877.1550742525912,1310990
2019-05-20,1979.1160888671875,2008.1841401102079,1958.3419485479753,1993.3155856253568,1117100
2019-05-21,1942.36767578125,1986.346028439183,1934.0320193221303,1973.8052226245811,603260
2019-05-22,1972.3743896484375,1979.3764683905445,1927.9404680037371,1946.8515029475075,744680
2019-05-23,1888.413330078125,2011.8083147446546,1872.4389808651995,1985.045097438114,1470400
2019-05-24,1937.618896484375,1955.9119197625505,1891.0943136794347,1909.6800071799698,1094940
2019-05-27,1941.02978515625,1965.4001428930037,1929.6598858109191,1943.1345154012192,662950
2019-05-28,1931.9921875,1956.1442877064221,1923.6193233027523,1956.1442877064221,917320
2019-05-29,1897.9478759765625,1944.7374522795883,1892.0840349555474,1940.3464912364586,689320
2019-05-30,1848.486572265625,1905.0242182428683,1841.842164373536,1897.5992430124927,1347270
2019-05-31,1853.7137451171875,1883.032606729452,1839.9835422093008,1867.8620807276234,1118550
2019-06-03,1853.7509765625,1865.0743649123544,1817.6854968845034,1845.5593865051999,1577560
2019-06-04,1862.6070556640625,1892.0235891338116,1838.4503051919912,1858.011792881201,1279550
2019-06-06,1866.35693359375,1892.0237741654855,1854.4759961568702,1876.2259332220606,1262960
2019-06-07,1858.3603515625,1879.0043796095454,1844.6301472998946,1871.9418385090096,722710
2019-06-10,1870.784912109375,1888.3762083930324,1860.89730904263,1876.6904983748173,426260
2019-06-11,1870.8359375,1879.1019431663224,1858.6066323610698,1874.975973493826,429390
2019-06-12,1868.4151611328125,1877.1551110407913,1856.055742573458,1872.6944990650684,418760
2019-06-13,1873.6282958984375,1877.154971943332,1849.2764327560546,1863.0298907970048,597650
2019-06-14,1836.921630859375,1872.50397752417,1821.3979711318977,1858.569358297855,480610
2019-06-17,1833.2789306640625,1857.6400970728707,1824.9293213290578,1835.341915452683,486340
2019-06-18,1833.650634765625,1852.8078292539558,1818.219767458734,1835.3372319994419,550870
2019-06-19,1839.1192626953125,1867.7691801256726,1830.690701106014,1842.7714011640742,847590
2019-06-20,1839.3470458984375,1849.1836013417956,1823.2565361673974,1849.1836013417956,716150
2019-06-21,1832.47509765625,1849.1836181495098,1826.346378943154,1839.0543923911207,546620
2019-06-24,1774.766357421875,1842.859712725884,1757.4723837264783,1837.288655795849,1240360
2019-06-25,1776.499755859375,1788.770920035624,1749.940725341632,1774.9850171929045,1296560
2019-06-26,1779.752197265625,1795.8427076186695,1770.2966799369563,1770.2966799369563,816920
2019-06-27,1810.181640625,1827.8101445974976,1779.7522169038727,1779.7522169038727,1183940
2019-06-28,1778.53955078125,1824.6320529612788,1773.0753517634494,1816.7052266006344,760460
2019-07-01,1823.7490234375,1835.327873825831,1784.2265202201947,1792.590082033727,1021530
2019-07-02,1871.342529296875,1885.4072631755007,1793.4266760359822,1793.5195818241082,1431860
2019-07-03,1826.0537109375,1872.5086433416855,1819.5952277414015,1867.862219909076,922730
2019-07-04,1842.343994140625,1867.3974715669658,1824.7432841891691,1835.7692372938411,1051340
2019-07-05,1825.5889892578125,1862.7510731817893,1819.7113092462223,1853.8578690310069,753860
2019-07-08,1768.6983642578125,1835.6718646163818,1751.7946160867828,1828.8323426385953,991410
2019-07-09,1769.22802734375,1793.0921093238615,1740.5549649082388,1782.368127149171,1295640
2019-07-10,1742.5018310546875,1790.8199876207486,1733.1160776648694,1764.7117595096981,831210
2019-07-11,1768.8145751953125,1771.8347506438665,1748.9139059010404,1757.7374600970616,695000
2019-07-12,1761.487060546875,1774.933782976011,1752.6309501009196,1764.1680559904476,833100
2019-07-15,1750.2008056640625,1784.0407429976442,1745.8935621721612,1774.9337079168745,500530
2019-07-16,1769.4742431640625,1774.933790819069,1733.492366525057,1753.5602425526613,602940
2019-07-17,1713.0155029296875,1770.2873225261535,1701.5249068902785,1770.2873225261535,940840
2019-07-18,1710.44140625,1726.7224924403977,1705.237434586832,1721.9645592857764,683830
2019-07-19,1641.488525390625,1722.8938428506458,1626.2482335429506,1721.68572735907,1841410
2019-07-22,1586.4747314453125,1653.5784541046446,1577.456064627767,1647.1570653200606,2334480
2019-07-23,1588.9327392578125,1615.2222392016604,1583.6498148304722,1598.3696524250288,1131400
2019-07-24,1533.4764404296875,1605.9187385320045,1514.1875349681459,1600.826255398588,2450250
2019-07-25,1538.7003173828125,1565.1926834577414,1515.3813261333,1516.5280606083832,2059680
2019-07-26,1608.881591796875,1636.0619943883858,1528.435352438396,1539.3600107083894,2300560
2019-07-29,1534.1365966796875,1591.4182370795313,1529.6337643458553,1591.4182370795313,1531070
2019-07-30,1513.1158447265625,1565.6747935229337,1498.671447096961,1543.6757754973498,1821980
2019-07-31,1530.387451171875,1540.0904129716318,1495.6149431990616,1521.395841830056,1548640
2019-08-01,1550.49072265625,1568.9511466699528,1477.7722206615251,1493.1247487700325,2568280
2019-08-02,1582.5250244140625,1601.888894781457,1510.2839562812085,1511.8473318123106,3003440
2019-08-05,1544.9862060546875,1579.4356597529375,1529.6383639260669,1579.4356597529375,1434390
2019-08-06,1592.4244384765625,1604.949839986736,1536.1865752827764,1536.1865752827764,1321600
2019-08-07,1540.5537109375,1607.7770289077168,1529.6337370731935,1574.1934240622452,1540540
2019-08-08,1573.7862548828125,1582.0569122916877,1525.2525937049304,1559.5898318804448,1341470
2019-08-09,1646.392333984375,1665.1804942414435,1566.1568084801174,1566.1568084801174,1828890
2019-08-13,1558.1856689453125,1652.2525143156845,1549.0818434188175,1647.5859281127966,1474660
2019-08-14,1551.5999755859375,1590.950163585041,1535.3581712336907,1590.950163585041,2161060
2019-08-16,1554.015380859375,1565.2067552466199,1514.9740710451777,1553.973213941022,1728990
2019-08-19,1529.4183349609375,1572.6955275330465,1525.1963872302656,1572.6955275330465,1350470
2019-08-20,1488.0462646484375,1551.1647681065242,1481.8912660909039,1538.779807583976,2414640
2019-08-21,1497.8521728515625,1524.0169138386022,1489.3239432460196,1503.422090678621,1797430
2019-08-22,1453.1849365234375,1502.6733584241188,1449.1315414297135,1498.2736003711018,1596230
2019-08-23,1440.0882568359375,1457.996395718701,1429.0139002269293,1453.80724444661,2083250
2019-08-26,1455.510986328125,1507.0730074033577,1422.91504845889,1507.0730074033577,2701320
2019-08-27,1497.3748779296875,1517.9977000151603,1452.0287581928935,1458.4927523087076,2884330
2019-08-28,1525.650634765625,1529.8538423052642,1481.446677402555,1497.7867581295557,1933180
2019-08-29,1548.1690673828125,1563.3343005167578,1510.6911379484015,1525.7955775925777,1813980
2019-08-30,1521.9996337890625,1560.151550868762,1494.7208388100125,1550.5843461550405,1774600
2019-09-03,1476.8173828125,1495.4838423117808,1467.9991265229573,1495.0906272499376,1926680
2019-09-04,1464.3294677734375,1491.5193580763462,1453.8073937819556,1479.550924579769,1844770
2019-09-05,1474.7955322265625,1486.5673018428772,1454.8512652055265,1474.3087271460347,1226400
2019-09-06,1535.9293212890625,1544.5183454881628,1472.689228129964,1480.547930442254,2475130
2019-09-09,1517.159912109375,1541.8034460707847,1500.2861751590947,1516.3969080553795,1925930
2019-09-11,1592.6959228515625,1599.8432715947429,1517.5856820901815,1517.5856820901815,2597820
2019-09-12,1561.513671875,1609.0361284244136,1546.624522596989,1595.162756142521,1919550
2019-09-13,1562.342041015625,1580.1847027594297,1539.9311824877143,1568.0150338400738,1655140
2019-09-16,1569.3536376953125,1575.911221097364,1530.6633813925678,1552.1007426102146,1119960
2019-09-17,1524.4803466796875,1578.3077272960916,1504.540766933262,1572.6956423575466,1498790
2019-09-18,1500.6513671875,1549.7559432436678,1483.0146251460887,1544.6119220499625,1677750
2019-09-19,1474.63623046875,1514.6557187103238,1463.1686578147317,1507.1666916709648,1560270
2019-09-20,1671.944091796875,1824.3271027761484,1475.338383588466,1486.188079933127,4954160
2019-09-23,1801.05029296875,1825.4504254712747,1722.4762989062283,1722.4762989062283,3307200
2019-09-24,1725.6824951171875,1831.5351653939538,1680.8184970431096,1824.514202582579,2860100
2019-09-25,1647.5953369140625,1734.0842525836151,1629.331462882305,1717.7955957420452,2085490
2019-09-26,1676.7510986328125,1696.732731987464,1641.0846293006286,1657.8927736533926,1870460
2019-09-27,1665.5970458984375,1702.2839764493501,1642.9053031607625,1657.0408188118934,1480120
2019-09-30,1663.05078125,1685.0310569761314,1625.7226626961537,1666.3084896763967,1499570
2019-10-01,1668.8221435546875,1711.2427479615517,1647.024361346795,1681.2866385880454,2008420
2019-10-03,1711.677978515625,1716.8594811929006,1659.1097751964148,1668.648868716655,1228820
2019-10-04,1684.9375,1732.6753623366803,1671.6865753084091,1727.1568672332264,1431550
2019-10-07,1685.087158203125,1699.3817413175384,1652.7017129003127,1678.9414165072694,794600
2019-10-09,1707.437255859375,1713.1148192478543,1669.4070430003892,1680.355013381865,1112850
2019-10-10,1689.9456787109375,1703.2855075000973,1671.152948073495,1703.2855075000973,823540
2019-10-11,1703.861328125,1717.702018470906,1675.6698305918653,1693.5498601194613,946990
2019-10-14,1715.7314453125,1727.1568509850338,1692.5201011278812,1694.3923578769165,774670
2019-10-15,1797.2822265625,1806.7277296916188,1711.710701420272,1714.0510223136548,2304110
2019-10-16,1799.294921875,1806.7277261666113,1769.5259944598572,1796.2431342941043,1084750
2019-10-17,1918.30029296875,1946.1172015647276,1821.2377668475772,1825.450344565806,3986370
2019-10-18,1898.08447265625,1935.9134517442096,1878.35092793263,1928.4244248515822,2950660
2019-10-22,1870.27685546875,1920.303501187184,1858.6828963538958,1898.0938782519056,1613920
2019-10-23,1921.0479736328125,1941.6146877089136,1851.5684350662968,1870.0101193334258,1854730
2019-10-24,1968.898193359375,1983.5204006979511,1921.0431979669843,1932.1690935803765,2248480
2019-10-25,1995.9896240234375,2004.7189756748496,1961.1935758606974,1979.911572987302,1505220
2019-10-27,1996.1673583984375,2030.3314728930231,1975.2447979536987,2012.6759913109058,248880
2019-10-29,2064.106689453125,2073.52419505031,1996.1672234443315,1996.1672234443315,1910470
2019-10-30,2107.365478515625,2115.5566024908935,2022.0374613234774,2082.885810854045,2022690
2019-10-31,2109.85546875,2123.1578158934035,2087.65990237692,2110.5013424533067,1376540
2019-11-01,2057.249755859375,2142.610676841266,2050.125718343574,2114.4331212503935,1870250
2019-11-04,2035.208740234375,2085.6940809934563,2018.2928360062351,2081.949567383055,1570140
2019-11-05,1992.750732421875,2054.5491507654806,1987.4475282471058,2036.0793549466655,1494120
2019-11-06,2022.5567626953125,2036.079200967995,1969.066488293535,2000.5063229740713,1444450
2019-11-07,2005.5567626953125,2031.398568131962,1981.8914100151253,2028.5901830147288,1055860
2019-11-08,2030.4298095703125,2064.6967712367036,1984.5922003637743,1989.2728423457643,1874110
2019-11-11,2001.152099609375,2042.4119097293387,1994.8940269198931,2025.7816906346727,944160
2019-11-13,1998.840087890625,2043.0065625401505,1984.5922408325491,2000.5064238958291,1589070
2019-11-14,2018.1197509765625,2033.7391094138334,1999.1023558818142,2012.6762187524703,980830
2019-11-15,1996.204833984375,2050.1211197514726,1988.4582346343045,2045.440477925556,1195330
2019-11-18,2010.560302734375,2020.164988792384,1989.2727530972272,2006.0293592221792,694660
2019-11-19,2035.831298828125,2040.755343359551,2005.5801358523463,2022.0373462779173,906060
2019-11-20,2011.72119140625,2035.7983864364885,2002.846712455105,2035.7983864364885,735750
2019-11-21,2055.23193359375,2059.294812164128,2007.9949422881293,2017.3562240703582,1303740
2019-11-22,2129.991943359375,2149.819080816991,2022.0375417220557,2037.6052488337748,2512270
2019-11-25,2177.556396484375,2192.0385049585866,2130.6283862387104,2130.6283862387104,1971380
2019-11-26,2134.906494140625,2195.2211853597205,2127.5390536368877,2185.8411601346806,1997340
2019-11-27,2155.121826171875,2190.540203536328,2141.150065702751,2152.2339069582285,1340190
2019-11-28,2161.670166015625,2168.588282852802,2144.2020924119815,2168.588282852802,943210
2019-11-29,2141.99267578125,2160.5797148985803,2120.3307657811315,2157.9630806829528,1115780
2019-12-02,2032.625,2129.692098416787,2025.8238992246859,2126.415649034607,2399780
2019-12-03,2000.763671875,2058.7288959950583,1986.6515823974594,2032.6155768131573,2054080
2019-12-04,2004.0638427734375,2037.8533719411412,1978.5074902348883,1996.3640948099626,1597410
2019-12-05,2004.910888671875,2030.4624394580107,1996.2937538700821,2030.4624394580107,911910
2019-12-06,1958.3804931640625,2025.2809874600734,1934.50922042234,2012.6759370471962,1432060
2019-12-09,1965.6029052734375,1984.4984831355396,1953.615616682085,1965.8696195877578,984820
2019-12-10,1990.134033203125,2000.0851970306062,1961.4651006907982,1977.852147327169,979760
2019-12-11,2016.589111328125,2024.326340918773,1966.0756569615812,1990.1108005162712,1075180
2019-12-12,2055.13427734375,2068.9376011911813,2020.3242857018815,2020.3242857018815,1254760
2019-12-13,2062.735595703125,2102.450659813784,2044.200207870571,2060.273459192846,1401330
2019-12-16,2026.8115234375,2075.625953121476,2022.0371775716742,2075.625953121476,890300
2019-12-17,2031.8624267578125,2052.7333394387924,2024.4762445849708,2028.2161878078307,1160650
2019-12-18,2034.754638671875,2056.903583179029,2004.8126993879655,2036.0792969429194,1014430
2019-12-19,2099.468994140625,2106.8455752015147,2032.2455682587406,2037.024484790628,1809760
2019-12-20,2080.184814453125,2115.5563414581597,2067.977664347528,2092.3405414932354,1326790
2019-12-23,2075.972412109375,2100.6721695550464,2059.482519171614,2070.7254306113346,939940
2019-12-24,2047.1861572265625,2099.7357272462687,2037.4317737062538,2078.167295156799,1162270
2019-12-26,2063.7607421875,2078.2051400461064,2050.2243614914737,2058.5464427754,964810
2019-12-27,2080.297119140625,2089.4570520407005,2050.308103560986,2076.6554521621624,797560
2019-12-30,2132.921630859375,2141.5433365469894,2076.3747694575113,2084.7624430535097,1158460
2019-12-31,2107.716552734375,2132.5006452874927,2095.6874390759376,2132.5006452874927,1142680
2020-01-01,2066.578369140625,2115.158769866337,2059.5761471186534,2107.7163663829674,1086480
2020-01-02,2022.1165771484375,2091.4837726748533,2009.9704500958094,2067.9073275813353,2285820
2020-01-03,1983.5859375,2028.2111056838717,1976.1670741389935,2026.7180082950833,1572970
2020-01-06,1952.8057861328125,1975.230813839175,1941.4833411919146,1975.230813839175,1258710
2020-01-07,1947.502685546875,1998.6153874601978,1939.077529970853,1961.1889924184707,1371520
2020-01-08,1862.1651611328125,1937.785634729183,1853.5434558182692,1937.785634729183,2892860
2020-01-09,1903.0458984375,1919.0630401475732,1859.1508281624783,1894.5365240755652,2592870
2020-01-10,1912.7677001953125,1941.5302212401357,1895.6786723896873,1903.1489584287347,2169260
2020-01-13,1898.4683837890625,1928.4338628348307,1878.1730699187156,1928.4244924090083,1320920
2020-01-14,1918.098876953125,1926.486550397585,1896.1279720148068,1897.5321645391327,1162260
2020-01-15,1930.7459716796875,1933.1050333940268,1900.3405413026026,1913.4463381391722,1079560
2020-01-16,2016.069580078125,2022.037398789831,1933.105198380093,1937.6921362455932,2921950
2020-01-17,1993.2232666015625,2037.9515085792975,1975.5632136353345,2013.5232656253397,1834850
2020-01-20,2000.0474853515625,2017.3471180689041,1966.3374960933681,2001.442307378063,1005930
2020-01-21,1971.16357421875,2010.3358416921137,1963.0894663563079,1999.3831845620239,1032360
2020-01-22,1975.2308349609375,1992.0811454013624,1960.6271411604507,1980.8476051077457,786810
2020-01-23,1957.982666015625,1984.2178009306854,1945.3216211251324,1972.4224919520523,1059580
2020-01-24,1959.391845703125,1982.252029742259,1947.147212214356,1963.9975246277495,770750
2020-01-27,1974.781494140625,1980.9225509646765,1944.8066461055803,1951.8276087269,971080
2020-01-28,1973.9810791015625,1987.1195579199323,1954.1678864541445,1987.1195579199323,972770
2020-01-29,1890.2537841796875,1987.9622970264911,1881.6180228251492,1987.9622970264911,2869250
2020-01-30,1904.1131591796875,1926.5521281150425,1890.97925111389,1890.97925111389,1385590
2020-01-31,1899.3389892578125,1932.3280296921482,1892.009030965487,1914.3825219248306,1021230
2020-02-03,1861.3460693359375,1907.4177076818949,1826.5408817869259,1829.8781244544243,1486370
2020-02-04,1826.634521484375,1885.3578353325988,1820.769663585253,1872.2567234809799,1500920
2020-02-05,1824.238037109375,1853.534216277324,1811.9794632409955,1845.2962407178086,1283330
2020-02-06,1908.878173828125,1932.3187516927485,1803.0769218147864,1837.1520190612441,3945750
2020-02-07,1847.571044921875,1920.649965764411,1841.0556280149071,1919.0631641794146,2224150
2020-02-10,1784.003173828125,1858.6828356734266,1758.9851665728374,1858.6828356734266,2437470
2020-02-11,1779.5098876953125,1813.1823981216344,1773.4952171402465,1802.0471327500527,1295530
2020-02-12,1804.6541748046875,1812.344436997128,1771.6977039917263,1778.6438173009005,1528370
2020-02-13,1811.9046630859375,1824.5142854421917,1794.633025221481,1804.0130502472252,919630
2020-02-14,1750.8924560546875,1811.408496165109,1732.3056445237903,1803.9194687907832,2318720
2020-02-17,1735.1981201171875,1773.8462111289793,1727.1661799948783,1769.2825854126372,1292680
2020-02-18,1756.209716796875,1759.16780033455,1716.8220448629231,1731.8375813247362,1806500
2020-02-19,1766.9610595703125,1782.2901618055564,1751.5524229902176,1769.7507038612744,1322670
2020-02-20,1764.4754638671875,1781.4521597760324,1736.0030849772436,1766.4647365101323,1249820
2020-02-24,1680.345703125,1750.5600145913534,1666.3178335123357,1750.5600145913534,1928210
2020-02-25,1641.248291015625,1706.5619843675804,1621.4678943823233,1697.6687650305032,2568310
2020-02-26,1606.110595703125,1647.5858103747335,1594.732043048065,1631.6716292517956,2151130
2020-02-27,1596.4171142578125,1614.6342499499358,1582.6279617226555,1607.1264821775371,2554810
2020-02-28,1554.193115234375,1577.1891687252514,1527.4853446465575,1563.0535385140008,3264550
2020-03-02,1592.6727294921875,1664.7078815766606,1557.9986097505357,1560.1516366003054,3483700
2020-03-03,1674.588623046875,1688.8692667245891,1628.8634576065401,1638.2247418456582,2747400
2020-03-04,1615.214599609375,1711.2426034732682,1579.2485076911398,1680.7248424804648,4186090
2020-03-05,1664.0009765625,1674.5464763785649,1606.5648386221364,1633.5440080040835,2313750
2020-03-06,1661.0240478515625,1673.001851572026,1574.7551098557753,1624.1827338637306,1707910
2020-03-09,1674.340576171875,1684.9376141823811,1595.6449931460681,1600.6860539737631,1932250
2020-03-11,1661.965087890625,1710.0212080974006,1639.8162554795167,1674.3406792933904,2219090
2020-03-12,1579.97412109375,1617.7703049549884,1563.3344160561794,1591.3995269900051,3635550
2020-03-13,1654.3402099609375,1734.51963471278,1423.1024267253747,1488.4442383707978,2794020
2020-03-16,1544.0220947265625,1624.8147065788123,1531.5060625879657,1579.7073047680028,1924950
2020-03-17,1597.137939453125,1634.4801133735434,1553.9777597832237,1564.2704865104186,1675350
2020-03-18,1493.5133056640625,1633.54403373008,1481.717996580519,1601.7250390287006,1589120
2020-03-19,1419.6639404296875,1516.237998103529,1401.4162795343661,1429.434080352736,1611810
2020-03-20,1479.29443359375,1509.5390454075525,1364.8641961675999,1452.503140373269,2113350
2020-03-23,1293.1802978515625,1626.6300564675073,1257.4020584891641,1354.046841255146,1443300
2020-03-24,1340.6015625,1373.2945826416933,1309.6069259406872,1320.929176020866,1126980
2020-03-25,1369.67138671875,1396.4107329642393,1293.095209140196,1293.095209140196,761180
2020-03-26,1392.443359375,1430.9436621953994,1368.1051981961855,1380.3709689386342,2048910
2020-03-27,1351.10302734375,1452.644741047006,1320.9292476715104,1438.2089405172726,1106270
2020-03-30,1258.0057373046875,1330.175632027234,1236.0122127986365,1330.175632027234,2263090
2020-03-31,1235.6253662109375,1290.373183399743,1221.8594300551604,1288.7550774848619,1672550
2020-04-01,1226.7279052734375,1256.675243070342,1200.6300904683176,1235.6252409738647,1387180
2020-04-03,1196.38916015625,1236.0028692271937,1188.8362711440495,1232.2382302493083,1806810
2020-04-07,1235.6397705078125,1246.5798685926,1174.6930606480198,1233.257357005993,2405590
2020-04-08,1241.5318603515625,1287.905932152524,1207.7066616521838,1226.577078240499,2799990
2020-04-09,1296.614501953125,1325.2833891583498,1241.9186317132464,1264.3178051060556,3618730
2020-04-13,1264.3697509765625,1295.4539914486884,1255.354359521107,1295.4539914486884,1266210
2020-04-15,1256.2886962890625,1308.8474891692586,1238.154251333083,1283.1884876974386,2755930
2020-04-16,1261.61474609375,1276.946959725354,1230.5398319812102,1256.2979969526584,2501460
2020-04-17,1393.61328125,1413.2007823307192,1284.981004402663,1298.2846246873212,5656840
2020-04-20,1341.162841796875,1396.4438071143595,1326.6185473215398,1393.6132447799584,2999770
2020-04-21,1273.2813720703125,1319.5138931754962,1269.0355282953467,1316.6974972925416,1656250
2020-04-22,1292.934814453125,1315.735031407062,1245.447454123972,1273.2813176820457,2765770
2020-04-23,1327.378173828125,1344.5172676435288,1293.5671396065109,1302.0588276126805,2072670
2020-04-24,1282.16943359375,1329.5152467753992,1274.234390756816,1327.345217860519,1799440
2020-04-27,1320.882080078125,1339.7997207977755,1303.4647205640404,1311.6827510092671,1836150
2020-04-28,1351.7681884765625,1357.2547067896237,1330.4115853881901,1331.3078841016052,1846940
2020-04-29,1350.720703125,1363.3875155596324,1332.775034789037,1359.603988049788,1477410
2020-04-30,1387.725830078125,1405.8461070618678,1358.8587213058204,1375.672327836427,3472310
2020-05-04,1297.22802734375,1357.7265832059031,1284.5424394449067,1357.7265832059031,1924440
2020-05-05,1303.091796875,1336.2990750437184,1289.415467850839,1320.9290847654177,1524890
2020-05-06,1307.7152099609375,1337.478617412985,1283.1883894331822,1304.4176091113047,1871230
2020-05-07,1321.919921875,1330.8361477623594,1293.8407324004488,1307.7151649200057,1270450
2020-05-08,1307.6114501953125,1352.1408676607396,1280.452169286438,1342.705658815985,1643300
2020-05-11,1348.1923828125,1372.8229787207868,1320.9293266041934,1326.5857300778664,1958240
2020-05-12,1336.6905517578125,1346.3521952340234,1301.0208135262178,1343.5735772421822,1479050
2020-05-13,1346.559814453125,1412.4505485087418,1338.355837116104,1412.4505485087418,2529370
2020-05-14,1323.934326171875,1346.418386003289,1319.0421154022151,1332.2514069727667,1481780
2020-05-15,1330.3265380859375,1339.705194643204,1287.9058801640672,1328.4772741912136,2350250
2020-05-18,1225.4637451171875,1325.6657322047233,1212.9385975101486,1325.6657322047233,2752580
2020-05-19,1223.387939453125,1259.2511744031292,1214.787756544516,1254.8826684765104,2506930
2020-05-20,1290.274169921875,1302.0587357875045,1214.1226411510488,1223.387964955859,2665330
2020-05-21,1329.1943359375,1339.705171190005,1260.1757682248647,1271.5829021430902,3221910
2020-05-22,1313.607421875,1330.1709806061492,1292.623527977954,1311.5882734919433,1836960
2020-05-26,1396.8919677734375,1403.4871688519895,1327.0619852035786,1330.83606834671,3191320
2020-05-27,1412.1627197265625,1426.6033552933404,1368.5768299292265,1403.9588575902717,3017880
2020-05-28,1531.947509765625,1550.2046134931356,1419.8100901266312,1426.6033935493738,8154230
2020-05-29,1561.3807373046875,1603.6976244984855,1490.8572758010262,1500.4812576007723,8504020
2020-06-01,1602.6409912109375,1639.8393493339358,1585.2377986210897,1594.550345439788,4643120
2020-06-02,1641.37255859375,1651.1615880083712,1603.9855426367035,1622.8559607853704,3968190
2020-06-03,1655.20458984375,1688.9024064471598,1641.7310837858572,1688.9024064471598,2850790
2020-06-04,1629.7386474609375,1670.0316579482926,1609.155683265451,1648.8024419574247,3037820
2020-06-05,1650.7227783203125,1662.483733436151,1633.244031583714,1646.443879027289,1950650
2020-06-08,1594.0643310546875,1685.6425212817994,1584.1715286294095,1684.1847400854651,2735380
2020-06-09,1606.5189208984375,1636.8295294712798,1571.226494387207,1599.2679075787637,3252740
2020-06-10,1612.4818115234375,1629.4226864665577,1597.1070982225872,1606.5188105890916,1626270
2020-06-11,1551.4124755859375,1627.573450204908,1536.6888512949788,1612.4818389649708,2190020
2020-06-12,1590.521484375,1603.0184142145408,1471.052871418764,1471.8926188493429,3796470
2020-06-15,1555.106201171875,1637.1029032470017,1535.6838625238515,1566.2397925883904,5365180
2020-06-16,1576.5338134765625,1603.9855263575084,1545.6853332226174,1603.9855263575084,3577860
2020-06-17,1584.81787109375,1600.211358446742,1561.5270036729705,1585.1150248764895,2521910
2020-06-18,1614.9349365234375,1620.9687706023365,1567.1975282234923,1584.0299074221768,2089520
2020-06-19,1636.9473876953125,1655.8790781101936,1592.6631816809156,1622.8558486322127,3119310
2020-06-22,1659.5540771484375,1678.971694231232,1624.4833666783668,1636.947355075427,2342470
2020-06-23,1688.0672607421875,1698.337494191969,1661.5401818178098,1661.5401818178098,2064180
2020-06-24,1739.55517578125,1744.5699334748815,1684.1893253762782,1707.7726228174881,3383890
2020-06-25,1706.8951416015625,1733.7147667045276,1690.7892920472277,1733.7147667045276,2768290
2020-06-26,1743.0037841796875,1750.3349596518237,1707.489645373259,1725.699643946714,2248860
2020-06-29,1709.04638671875,1742.6829264446415,1700.224490229152,1733.9506367892873,1948400
2020-06-30,1729.87939453125,1748.3440459473275,1717.302188529169,1721.9254634937251,2009460
2020-07-01,1736.26220703125,1759.623791241919,1726.7373922021095,1749.2875623462799,2334860
2020-07-02,1731.700439453125,1750.1321517840533,1695.5069929244366,1736.2623259751326,2765680
2020-07-03,1791.1326904296875,1816.1832137789877,1731.700324359352,1731.700324359352,2507160
2020-07-06,1816.3671875,1855.9054551514237,1799.464090309158,1855.9054551514237,2833920
2020-07-07,1880.498291015625,1892.2782499533487,1816.2776008949,1816.3672077316933,2872780
2020-07-08,1829.6473388671875,1896.4768781395019,1822.0661167095568,1880.4982975161265,3568650
2020-07-09,1838.28515625,1854.018411999791,1820.8677987625078,1846.470245436942,2742010
2020-07-10,1834.9451904296875,1862.9818796562497,1825.7128068548207,1839.8656193110594,2044230
2020-07-13,1854.4901123046875,1861.4721891842053,1835.14793611428,1850.2442687506957,1331720
2020-07-14,1778.55078125,1854.9240177186239,1763.869543088419,1854.4900350296914,2475010
2020-07-15,1751.4151611328125,1811.465559297079,1742.211111363928,1793.6329936110626,2823590
2020-07-16,1758.6802978515625,1796.3693012750473,1729.0018921028227,1754.948714494543,2654550
2020-07-17,1774.8382568359375,1804.2950669294758,1759.8033111543268,1765.3276076072855,1672170
2020-07-20,1810.394775390625,1819.1081765125134,1770.7055114301827,1787.97198884399,1604480
2020-07-21,1898.0478515625,1914.1206458413246,1820.2450462477623,1820.2450462477623,3687060
2020-07-22,1876.71484375,1915.347252809703,1862.6987453074387,1909.686127924551,3357870
2020-07-23,1970.3028564453125,1985.6726179744123,1864.4114120972063,1875.7194959415217,4460610
2020-07-24,1962.5562744140625,1969.222424171548,1905.912084089071,1905.912084089071,3947910
2020-07-27,1937.7747802734375,1967.2409171657212,1924.7824801045904,1962.556253350008,1922910
2020-07-28,1986.4180908203125,1997.263974124284,1938.9354476436297,1939.8506352735396,2622890
2020-07-29,2019.22412109375,2033.2873262757007,1971.9819700863834,1981.2992379968114,2264820
2020-07-30,2000.3914794921875,2049.7989369446805,1984.3562329355993,2023.8521149580388,2464430
2020-07-31,1947.304443359375,2027.3053809318906,1940.5392423781825,2023.0360413225942,2190550
2020-08-03,1960.8392333984375,2009.1331722302343,1948.672513813133,1955.4469289042804,2018580
2020-08-04,1982.870361328125,2007.336023086959,1962.523389261862,1985.639650337302,1557610
2020-08-05,2071.853759765625,2101.0605201673416,1996.4900350266123,2001.287801491744,2380920
2020-08-06,2045.67578125,2085.1765033774936,2034.1130436251358,2071.929433584469,2035230
2020-08-07,2057.569091796875,2089.2240327963036,2034.2310016545587,2047.4402938730948,1952900
2020-08-10,2014.7095947265625,2075.651460008045,2004.0383184526363,2066.122037476938,1681940
2020-08-11,2023.1588134765625,2044.6098632582896,2004.9819840442387,2036.1181748552785,1619100
2020-08-12,2086.752197265625,2107.821092767183,2028.569943856814,2047.4357549035383,2986670
2020-08-13,2044.887939453125,2104.0468808144437,2033.773236238325,2086.75206998426,2203610
2020-08-14,1900.642578125,2052.1718874844523,1893.3302915828365,2047.2515737073413,5919120
2020-08-17,1994.1031494140625,2013.4831061446484,1900.6427483259645,1931.575999044837,6533930
2020-08-18,2019.577880859375,2044.5717369161134,1988.1256527552025,1992.3102226668796,3396910
2020-08-19,2006.052490234375,2055.0826287201376,1996.9616586338477,2033.2872073498427,2854830
2020-08-20,2016.4315185546875,2031.40046820175,1971.958652364913,2000.2642789538831,2243200
2020-08-21,2047.6666259765625,2061.026797931553,2026.682732043221,2047.4401901926394,2613150
2020-08-24,2053.525634765625,2252.419849560374,2030.1734968342732,2075.2266114291033,11491305
2020-08-25,2092.021728515625,2122.9220381825035,2058.9040525792643,2088.9552855715833,4757108
2020-08-26,2121.836669921875,2158.775414084238,2108.7688157684756,2151.2744704072215,2439339
2020-08-27,2110.043212890625,2127.6397868361555,2089.89894804527,2122.686301744852,1370404
2020-08-28,2088.577880859375,2128.5830734321057,2075.7459049426566,2113.4867395779775,1470617
2020-08-31,1973.8455810546875,2103.107935072131,1955.6828050339884,2099.333851743155,3087530
2020-09-01,2010.737548828125,2051.214504640058,1987.05508131185,1990.8291650370386,2255675
2020-09-02,2047.2987060546875,2064.0931920627795,1982.7145228229328,2010.7372749469303,1972531
2020-09-03,2105.136474609375,2132.357143560581,2040.3638597122813,2052.1578704620633,2577059
2020-09-04,2057.677490234375,2100.2773634851123,2042.7225929673264,2044.6096346236473,1516060
2020-09-07,2069.046875,2089.8987788848913,2034.2310461741874,2080.4635699508735,1354383
2020-09-08,2039.4200439453125,2091.785444102132,2028.5695556245303,2079.4252304829797,1180325
2020-09-09,2053.99755859375,2067.065413808753,2005.5948955045103,2019.0400668986458,1357699
2020-09-10,2052.72412109375,2073.858896690007,2031.023140828113,2072.8681536944814,948267
2020-09-11,2038.2877197265625,2055.648407660527,2019.228648541037,2042.7222207405043,1143868
2020-09-14,2037.438720703125,2073.8587156759904,2026.965778047936,2042.722529316888,1180377
2020-09-15,2019.7010498046875,2047.7235761171275,2000.2644259775832,2037.4390594894671,1264201
2020-09-16,2041.5430908203125,2064.2820337934895,2023.8520761684902,2033.2872839827955,1031516
2020-09-17,2024.27685546875,2039.8449502159572,2004.9818992615071,2024.7958380306798,768952
2020-09-18,2031.3531494140625,2079.3312763397776,2014.605654479276,2038.0050174162607,1310088
2020-09-21,1984.17724609375,2038.8542366057702,1970.1660988303026,2031.4477356939474,1944477
2020-09-22,1947.75732421875,2002.2926440980227,1918.7911655330638,1985.1678331156072,1519039
2020-09-23,1959.5040283203125,2006.72729006459,1934.2176250059806,1967.1936306399996,1353975
2020-09-24,1919.5458984375,1961.5797973072947,1908.7426310498593,1936.5292733059614,1346209
2020-09-25,1997.9051513671875,2014.416764188404,1934.2175019139243,1947.3323479569367,1532674
2020-09-28,2057.771484375,2084.2372868492052,2007.8121079289763,2014.4167530208479,1138014
2020-09-29,2074.330322265625,2093.2007368416143,2056.875188782835,2066.3103960708295,1337331
2020-09-30,2078.3876953125,2095.5597280582942,2062.2061751400747,2080.3689508109987,925934
2020-10-01,2073.528564453125,2104.0515569832564,2057.677597991354,2066.310721880418,999891
2020-10-05,2085.32275390625,2099.3341322781284,2058.951389191363,2085.7945143854135,930504
2020-10-06,2073.481689453125,2108.7692801206927,2053.195989443015,2098.2018917671794,2754316
2020-10-07,2111.599853515625,2127.639709418112,2047.4404299056775,2083.294225452413,1517302
2020-10-08,2084.048828125,2129.337827372837,2052.157778417629,2125.7524021953645,1515381
2020-10-09,2092.68212890625,2108.4861039421426,2072.585087715624,2086.3133628470096,1207901
2020-10-12,2058.1494140625,2106.88217656559,2048.5253165697127,2106.88217656559,1098858
2020-10-13,2094.19189453125,2108.7692466085896,2055.318878874415,2060.885560136381,1587481
2020-10-14,2126.6015625,2138.8673336124402,2066.3106720187902,2076.878059522231,1358092
2020-10-15,2121.60107421875,2172.9285162882375,2100.324632993251,2124.856175079006,1900928
2020-10-16,2141.69775390625,2155.9450100080558,2117.2606575308873,2117.2606575308873,815976
2020-10-19,2074.00048828125,2151.2277703350937,2061.7819380244864,2151.2277703350937,1263185
2020-10-20,2070.509033203125,2108.768845121198,2066.3104119979525,2085.180826719395,976226
2020-10-21,2058.1494140625,2096.9752070833065,2022.0597395198963,2087.3513399423023,1308299
2020-10-22,2037.48583984375,2055.8372723818566,2019.1344073056437,2055.8372723818566,1021353
2020-10-23,2058.66796875,2074.330506378942,2038.0049550959811,2039.8919967210702,1153577
2020-10-26,1989.0362548828125,2089.568210035104,1973.043393328757,2064.423473307594,1551460
2020-10-27,1998.6129150390625,2014.322444064606,1963.466765583047,1995.5464724690746,1019769
2020-10-28,2014.4168701171875,2025.1259231364977,1981.8654031293454,2005.4062005762892,1041016
2020-10-29,2016.16259765625,2023.8522003560568,1981.4409846986691,2009.6993877661541,834115
2020-10-30,1967.8070068359375,2026.116406045219,1953.6069732003002,2003.2832495188945,1013498
2020-11-02,1915.01708984375,1977.7141185676526,1901.3831446436302,1962.3346828542672,1131510
2020-11-03,1976.676025390625,1995.5464409074805,1922.8953411675864,1922.8953411675864,1939408
2020-11-04,1978.9405517578125,2004.9345974178514,1953.0881724372741,1974.7891521310216,1114904
2020-11-05,2000.0755615234375,2021.2103366089525,1984.2243650334153,2002.151261341373,828400
2020-11-06,2018.23828125,2032.2966495025414,1992.7159966804957,2007.812329988681,996379
2020-11-09,2068.99951171875,2077.5854120959184,2021.0213907637058,2031.4001187274782,1129889
2020-11-10,2108.62744140625,2129.9508721566103,2068.3861431861746,2087.067900116518,986762
2020-11-11,2195.28955078125,2201.2337772187107,2096.21987799601,2108.627313322534,2127849
2020-11-12,2217.981689453125,2234.729184928098,2171.9850469514386,2194.6295478753455,1905794
2020-11-13,2372.577392578125,2428.9997496815026,2186.6093588498106,2187.081119229282,9475210
2020-11-14,2397.06201171875,2441.832031291667,2361.3968764741962,2396.5430291657012,1043101
2020-11-17,2398.14697265625,2419.1875343333268,2350.4519461410623,2397.062015785852,2112263
2020-11-18,2466.505126953125,2481.460025712679,2371.7284963760153,2383.333849790961,1880217
2020-11-19,2407.1572265625,2507.8780629899557,2395.127337434162,2421.1686013350236,2433481
2020-11-20,2444.33203125,2453.154042736697,2398.712939474007,2420.1308152383185,1394396
2020-11-23,2450.654052734375,2459.3343987703824,2415.413455683593,2448.955669077992,823238
2020-11-24,2541.184814453125,2561.6591713359894,2443.81350638651,2449.380187398979,2418981
2020-11-25,2448.531005859375,2572.9813115913876,2435.463150181617,2543.7321657683833,1758420
2020-11-26,2405.223388671875,2465.420067072591,2380.0314271682396,2462.5895044238277,2083338
2020-11-27,2391.494873046875,2470.137422863542,2373.0492259237785,2421.0743418899347,2597507
2020-12-01,2389.655517578125,2438.907266202143,2382.3904521705786,2415.366464042144,1227343
2020-12-02,2389.466796875,2405.8839692024467,2365.407012740622,2385.2209526159922,1293136
2020-12-03,2405.506591796875,2434.2839799317267,2391.82553842129,2410.695956870373,1073359
2020-12-04,2409.280517578125,2450.984093546914,2389.4665795052288,2419.942349373419,1140298
2020-12-07,2416.498291015625,2428.1980875642043,2396.542917524191,2409.2804487787485,723083
2020-12-08,2404.27978515625,2461.6458989365865,2373.2852634286123,2416.498334099782,1303426
2020-12-09,2403.38330078125,2416.0263870605977,2387.202011585844,2407.015947915771,954150
2020-12-10,2351.866943359375,2413.526117509153,2346.6305873936376,2413.526117509153,1106304
2020-12-11,2331.251220703125,2366.3029260116728,2313.3715477515843,2351.8670118128284,1488286
2020-12-14,2264.874755859375,2325.779077571618,2257.1851524697827,2325.779077571618,2480823
2020-12-15,2335.402587890625,2347.4796999413816,2273.413318733424,2274.6399418174096,2907490
2020-12-16,2330.591064453125,2364.8879109161808,2307.8521186495122,2358.8022471887903,1462297
2020-12-17,2327.28857421875,2354.0844736822833,2302.1908279698478,2332.10039224648,1059879
2020-12-18,2340.827880859375,2349.36679016305,2288.2265963005034,2320.11764538592,849960
2020-12-21,2261.05322265625,2356.3018346328518,2208.4049446752388,2321.061239526169,1194154
2020-12-22,2308.51220703125,2324.835162317547,2247.8909979489035,2264.449833426182,1197777
2020-12-23,2308.51220703125,2335.166668612204,2280.489686412951,2307.8517885668507,954704
2020-12-24,2299.124267578125,2334.270416738804,2290.3967003368825,2320.1176049962487,599386
2020-12-28,2312.899658203125,2322.948061943703,2288.556777040109,2303.22857061786,711668
2020-12-29,2321.58056640625,2361.632985471026,2298.275644541678,2316.3439789577983,1955329
2020-12-30,2375.172607421875,2382.3904507060665,2315.7307862755456,2338.9884860595403,2429452
2020-12-31,2387.956787109375,2403.4778891132046,2344.743717184911,2387.107710499311,1763710
2021-01-01,2399.09033203125,2410.695684134815,2373.7097142294,2388.051184557815,914818
2021-01-04,2505.70849609375,2519.20089150814,2434.28400752472,2444.66273778936,3287511
2021-01-05,2523.823974609375,2533.3536278829065,2468.250685490385,2481.4599781497373,1494362
2021-01-06,2495.943115234375,2521.087855182212,2462.5895591413073,2517.3137715666694,949386
2021-01-07,2500.141357421875,2562.27206129419,2491.6024484683903,2509.765223109313,1250528
2021-01-08,2604.919677734375,2614.779424723931,2510.709027026004,2510.709027026004,2585123
2021-01-11,2620.298828125,2650.019734805723,2572.6982474638467,2610.722183668586,1616318
2021-01-12,2718.896728515625,2782.4429490449993,2620.346023135402,2620.346023135402,4829997
2021-01-13,2706.631103515625,2746.0231005939204,2676.438435096333,2707.4331884112244,1878124
2021-01-14,2723.567138671875,2742.7676480728633,2680.5424995479348,2717.3398094678114,1159961
2021-01-15,2695.92236328125,2738.0977022174816,2679.5994053403333,2717.3402420352677,882692
2021-01-18,2710.735595703125,2748.193330053726,2656.011382493664,2692.006613351931,2069601
2021-01-19,2720.64208984375,2763.572284082658,2691.062622112068,2724.8879332300157,1447495
2021-01-20,2718.80224609375,2796.595485370499,2703.800128052275,2724.133046156947,1760329
2021-01-21,2761.30810546875,2788.1040044366755,2731.539977726663,2732.4362764293105,1451173
2021-01-22,2804.710205078125,2865.4728564189368,2736.2104983914774,2736.2104983914774,3091826
2021-01-25,2707.480224609375,2858.820872528142,2690.213747472387,2858.820872528142,2024082
2021-01-27,2632.328857421875,2766.7805851944363,2613.0811232709366,2736.1633781685146,2574644
2021-01-28,2640.395751953125,2670.163879435559,2583.6902897563796,2622.987839162846,1430646
2021-01-29,2589.30419921875,2708.329256995938,2572.9340210608016,2653.55782802639,2067268
2021-02-01,2682.288330078125,2706.0650093348277,2546.1382258849826,2620.157390207787,1847361
2021-02-02,2740.78662109375,2755.0808697670736,2666.342688148229,2755.0808697670736,2125895
2021-02-03,2752.15576171875,2781.4993510842573,2709.3200090361074,2740.7865202265607,1349528
2021-02-04,2796.076904296875,2809.8051791640187,2718.2836538520946,2737.059627213521,1259327
2021-02-05,2766.544677734375,2821.127453208911,2741.116835890356,2805.276256230893,915838
2021-02-08,2802.634033203125,2817.353049514094,2764.610330044669,2768.2899689465344,654484
2021-02-09,2781.169189453125,2847.545974539105,2770.2244856149337,2824.2410552114757,1127584
2021-02-10,2737.437255859375,2829.52475824921,2714.2737715026224,2800.3700543390223,2160932
2021-02-11,2658.983154296875,2680.35403946314,2548.732882719162,2594.6823014045917,4481414
2021-02-12,2624.167236328125,2684.2694654772254,2608.882245372494,2679.5990835674156,1907486
2021-02-15,2613.60009765625,2650.3501903953993,2602.230624816843,2638.084418777336,930514
2021-02-16,2572.93408203125,2621.2423024706613,2540.382613386975,2613.599921956543,1525475
2021-02-17,2543.260498046875,2589.9647809826274,2533.353528939291,2566.376759297904,1491311
2021-02-18,2500.51904296875,2559.6307655614887,2476.7423623604464,2548.5443949871133,1924724
2021-02-19,2438.671142578125,2498.348838047905,2424.8486538708944,2496.5562405223295,1588781
2021-02-22,2342.149169921875,2443.7191014374334,2311.62617703541,2440.03946211266,2189183
2021-02-23,2372.671875,2405.7895495280995,2318.089331128144,2336.346321669102,1821712
2021-02-24,2392.580078125,2418.1023617011006,2358.8019875923264,2387.1548335535376,807585
2021-02-25,2407.81787109375,2414.42251672558,2374.841865045179,2410.6956556179707,1351820
2021-02-26,2357.481201171875,2403.100294379075,2324.5049643968136,2386.8245603156843,1695786
2021-03-01,2411.780517578125,2423.8104073631202,2356.11279229854,2380.502896277838,1283153
2021-03-02,2455.32470703125,2463.5332935360575,2387.108093698286,2438.058226923467,1491743
2021-03-03,2452.2578125,2478.4877371439634,2425.886451874941,2458.626577981003,1289447
2021-03-04,2446.73828125,2484.2904580574177,2401.5909456980394,2424.8486430716152,1353079
2021-03-05,2441.59619140625,2485.4226908255355,2415.4134866196505,2438.8128508416344,1153319
2021-03-08,2437.35009765625,2494.197225647652,2429.5660510848134,2453.7672673753045,950809
2021-03-09,2446.266357421875,2470.4205822927065,2427.679043539746,2453.1541054035524,677915
2021-03-10,2521.370849609375,2535.2405602325143,2452.116280017192,2453.154245107755,1977416
2021-03-12,2488.536376953125,2546.562912377814,2462.683996400562,2546.562912377814,1109504
2021-03-15,2518.681640625,2531.938154393969,2439.3316768108934,2491.4612028143465,839684
2021-03-16,2510.755859375,2532.079289447411,2477.6854120508888,2502.641489037946,654829
2021-03-17,2497.49951171875,2518.1625247184493,2481.5068805229002,2516.417149481568,634977
2021-03-18,2514.105712890625,2545.5719945744872,2486.1774039916063,2515.0492337270543,1066000
2021-03-19,2511.180419921875,2525.80499121956,2453.1538950955755,2494.668807166424,906718
2021-03-22,2525.663818359375,2539.9580667503437,2500.3774141207796,2517.313566898186,694227
2021-03-23,2550.10107421875,2562.602725956202,2515.4266816639306,2527.692453179921,1134037
2021-03-24,2510.378662109375,2553.639185303535,2480.563541404645,2547.506299767059,1149589
2021-03-25,2434.708251953125,2501.273691821287,2404.091047438943,2486.6963412342875,1119611
2021-03-26,2415.93212890625,2472.920690688844,2406.9686816832154,2472.02439203689,676278
2021-03-30,2490.847900390625,2503.821312487005,2416.6872974543844,2428.622744442343,980304
2021-03-31,2456.881103515625,2499.103662106985,2434.378269159003,2486.177472362778,829495
2021-04-01,2482.544921875,2499.3868620670137,2442.634172118889,2463.344409786687,744423
2021-04-05,2375.030517578125,2455.984648489188,2365.406651464616,2449.3800028728133,1205767
2021-04-06,2346.158935546875,2408.808625117009,2338.091786560444,2391.6365924654147,916830
2021-04-07,2394.844482421875,2403.3361697421924,2349.3668252878597,2358.8020334215457,684434
2021-04-08,2408.808349609375,2448.436219050657,2404.0907461044603,2413.997713464781,760845
2021-04-09,2379.18212890625,2429.566047220528,2372.9547995183025,2405.978027344601,719036
2021-04-12,2290.113525390625,2368.237089801848,2259.873639189539,2349.366674743666,1050225
2021-04-13,2352.999267578125,2363.472209483108,2283.5088275161406,2290.113472634356,720904
2021-04-15,2276.33837890625,2349.272352614969,2243.6924670183494,2335.2139848067345,1979939
2021-04-16,2297.331787109375,2330.4020079488746,2278.602806476512,2278.602806476512,789681
2021-04-19,2236.474853515625,2251.240863433898,2187.175886577477,2240.862133552183,882318
2021-04-20,2207.838623046875,2268.6484911882217,2187.930242467589,2264.308433815506,1040931
2021-04-22,2205.810302734375,2215.4813914092624,2173.5889276211283,2195.3843513120696,834721
2021-04-23,2186.4208984375,2224.020065869571,2173.9664693638297,2179.533150204163,962271
2021-04-26,2236.002685546875,2241.9466818416627,2197.931532096839,2197.931532096839,1330072
2021-04-27,2264.54443359375,2271.0546351724834,2233.03069969729,2236.0029285193973,523800
2021-04-28,2378.8046875,2396.5429253009274,2274.026652510486,2290.8685915868705,1681975
2021-04-29,2323.79736328125,2403.3834375425627,2314.3621549681966,2383.333619877324,1170842
2021-04-30,2284.876953125,2330.732154137713,2277.659111461771,2304.077692704907,646257
2021-05-03,2260.91162109375,2279.7820362932807,2233.7853992444248,2247.938210644073,461085
2021-05-04,2234.25732421875,2280.3484088797627,2223.029518488593,2262.940265294366,623484
2021-05-05,2238.408935546875,2252.3730912150136,2223.454267195458,2242.749223913927,382620
2021-05-06,2305.25732421875,2309.6918261577393,2242.74906770407,2250.108576428228,628779
2021-05-07,2280.631103515625,2318.2777198958756,2267.374821173532,2311.6258524948776,464237
2021-05-10,2309.03125,2311.6259321687608,2281.0087286477337,2290.066390007628,350564
2021-05-11,2331.62841796875,2337.9499608871765,2274.356754842282,2274.356754842282,500446
2021-05-12,2317.711669921875,2344.6492353765334,2300.445192862633,2324.835298176168,334233
2021-05-14,2278.79150390625,2318.796926035417,2264.450033100302,2316.532337791255,429170
2021-05-17,2344.0361328125,2349.319711399699,2273.9324870794917,2280.4899109641233,577279
2021-05-18,2426.59423828125,2437.9634804675457,2351.8202094375624,2358.802171725159,1022419
2021-05-19,2419.847900390625,2467.307045656592,2396.8733056908895,2405.978189837212,1086010
2021-05-20,2387.674072265625,2436.170954193679,2378.8048376295287,2420.1310989569274,509274
2021-05-21,2379.8427734375,2414.9417042763375,2371.5869656967625,2405.978255872108,743110
2021-05-24,2407.110107421875,2433.3400305175787,2383.899635027754,2397.486241777886,850202
2021-05-25,2476.7890625,2485.2335267045223,2420.130598328436,2420.130598328436,1018896
2021-05-26,2484.76220703125,2506.132862560659,2459.806126131422,2490.8950926760963,1026040
2021-05-27,2456.975341796875,2525.8051368675356,2442.9167439148005,2499.386554935413,1507004
2021-05-28,2489.4326171875,2556.941582151941,2477.780272542634,2481.4599118301126,2284342
2021-05-31,2525.003173828125,2534.2969461324215,2467.6842834790764,2489.4324846530603,838679
2021-06-01,2515.237548828125,2551.27999379437,2462.589047264536,2462.589047264536,1126551
2021-06-02,2526.512939453125,2541.845153164679,2489.102430137641,2496.1316143535073,659428
2021-06-03,2611.429931640625,2617.798697619696,2526.796154255768,2528.8246320195017,1265747
2021-06-04,2589.58740234375,2618.270343880144,2570.2452250285996,2611.146715432747,621362
2021-06-07,2598.880859375,2639.8767926622695,2590.0590779774548,2594.9181180275846,602326
2021-06-08,2607.702880859375,2622.0443512116267,2589.9646434242227,2608.8350597697545,441932
2021-06-09,2574.91552734375,2617.7512802223055,2564.584020485448,2609.9672334952375,471760
2021-06-10,2552.27099609375,2599.3998141677466,2539.014482731545,2574.915495382326,571287
2021-06-11,2591.28515625,2597.0879467613613,2557.743179673431,2567.6971387690187,596669
2021-06-14,2589.91748046875,2615.298329244266,2557.8849940609152,2585.247098386908,525550
2021-06-15,2607.419677734375,2629.639638192511,2585.860135752447,2589.964543289618,646742
2021-06-16,2586.23779296875,2620.7705168129196,2570.4338192139667,2595.6257790691493,312868
2021-06-17,2522.739013671875,2616.28901903675,2514.20010343182,2566.3768554230946,701970
2021-06-18,2554.629638671875,2561.6588221503366,2494.8575073476695,2522.880027398081,649498
2021-06-21,2546.04345703125,2587.1338307193323,2511.6521726385345,2511.6521726385345,528922
2021-06-22,2564.67822265625,2603.504242243989,2545.6191483424222,2547.5061899646184,477522
2021-06-23,2574.4912109375,2606.9482376440387,2555.6207930030514,2567.320359981697,432919
2021-06-24,2553.875,2580.5294633785907,2541.845109448601,2574.4910222229078,402741
2021-06-25,2567.13134765625,2571.0940888053433,2531.4662166109124,2548.4495904085256,455803
2021-06-28,2585.671875,2597.4658865723254,2559.394955427932,2569.6792413782846,243077
2021-06-29,2552.318115234375,2593.738584704637,2547.506067188985,2585.246897814007,290136
2021-06-30,2520.28564453125,2571.0943348112564,2514.6245193903815,2554.6299419302504,391735
2021-07-01,2524.201171875,2555.9977758773953,2517.2189799387766,2528.6356734409082,463026
2021-07-02,2510.708984375,2539.1090541292697,2492.782088206971,2522.9747554373357,621222
2021-07-05,2548.4970703125,2566.376744576604,2520.2856583283333,2524.531502207228,489159
2021-07-06,2558.026611328125,2576.8970294419796,2541.3263373677205,2551.2805289931357,331769
2021-07-07,2557.74365234375,2584.2092285668555,2544.4871379992915,2563.1216752529244,517132
2021-07-08,2575.151611328125,2582.4166761112792,2552.3184518588782,2552.3184518588782,509968
2021-07-09,2558.969970703125,2608.835139562044,2534.3442148300746,2585.2471184086803,971880
2021-07-12,2556.469970703125,2588.97422080945,2552.224126500075,2566.3769405102416,273843
2021-07-13,2553.82763671875,2589.823092511507,2547.506093593886,2571.0941129790144,488409
2021-07-14,2547.506103515625,2560.715394422743,2535.8065379957357,2556.422328807579,830881
2021-07-15,2516.841796875,2558.215277129283,2502.217224109653,2556.941431876757,730937
2021-07-16,2469.4296875,2520.4270302020714,2460.5134624663756,2516.8416052750977,1037591
2021-07-19,2434.0478515625,2469.4298825475153,2425.792044332663,2461.645835730812,561172
2021-07-20,2410.55419921875,2454.097591839052,2394.325457236602,2434.2836551114005,890122
2021-07-22,2415.507568359375,2438.9539208260485,2386.1639808433392,2438.9539208260485,1321161
2021-07-23,2405.647705078125,2432.3966117820632,2398.4298631303354,2421.0271401213417,379798
2021-07-26,2418.4326171875,2439.0014179625286,2396.5429793519625,2401.0719255407776,309303
2021-07-27,2426.122314453125,2451.267051769565,2399.043083064025,2421.168830226108,492846
2021-07-28,2406.355224609375,2430.9812082836274,2380.5028482435832,2430.9812082836274,383896
2021-07-29,2385.362060546875,2415.3660685876266,2375.7854163982856,2405.978082532021,341346
2021-07-30,2387.34375,2418.904477939129,2367.2939309356784,2385.362263975284,606230
2021-08-02,2455.607421875,2467.306988110035,2392.1084234911455,2414.2811631548493,691444
2021-08-03,2499.669677734375,2504.953255953065,2440.982730602936,2462.4006064888654,678468
2021-08-04,2492.593505859375,2528.3528550563897,2486.6492782473924,2507.878498038918,548192
2021-08-05,2577.84033203125,2601.2869166927444,2492.7820217273234,2500.3301883336135,2173169
2021-08-06,2592.18212890625,2603.5043792351803,2580.2464518067723,2580.2464518067723,799082
2021-08-09,2590.900146484375,2628.6386150892686,2579.507401245162,2607.0398689065937,516622
2021-08-10,2595.9794921875,2614.6350197117868,2572.0072575296485,2590.9476500407322,733892
2021-08-11,2580.694580078125,2610.8378902657387,2561.469319249805,2597.1191702540946,361517
2021-08-12,2484.140869140625,2601.2486662790398,2469.3777225964272,2595.6473254819807,2248827
2021-08-13,2417.920654296875,2495.865890563664,2395.562342541139,2444.6935626844083,4134045
2021-08-16,2369.548828125,2427.1770880519994,2356.3996078646956,2424.7560831935666,1022752
2021-08-17,2388.346923828125,2411.4647991644492,2346.1463361999536,2367.7926020142268,1298630
2021-08-18,2458.601806640625,2467.4787467123765,2398.172879644272,2398.172879644272,1901521
2021-08-20,2469.99462890625,2498.619041364688,2393.6633259224213,2411.464490963986,2187864
2021-08-23,2415.261962890625,2489.741987676811,2406.7174040596437,2487.416015241131,1271399
2021-08-24,2418.964599609375,2444.6933092875397,2390.5777680722426,2427.9838564785914,1277071
2021-08-25,2448.9658203125,2452.5260536236733,2412.6039244038443,2429.503211544752,721584
2021-08-26,2448.253662109375,2454.1873840243275,2417.6356570282205,2434.724776143283,440543
2021-08-27,2445.73779296875,2455.7064455259765,2418.6800217419927,2440.136220555467,541875
2021-08-30,2424.70849609375,2476.213199955597,2416.9710157855875,2450.104824726089,926194
2021-08-31,2543.667724609375,2561.3738567952155,2416.211387190766,2424.755946123857,2381821
2021-09-01,2566.358154296875,2626.977144990174,2527.338141341331,2544.3797428889293,1997385
2021-09-02,2594.8876953125,2608.748962118948,2550.5984886163615,2566.2159979998546,898434
2021-09-03,2660.776123046875,2712.4231494540245,2575.7101870734227,2600.0620907830557,2305890
2021-09-06,2700.93505859375,2741.8540957425353,2660.775815958178,2660.775815958178,1197932
2021-09-07,2680.285400390625,2734.258618969039,2664.003362787196,2700.934749335964,545226
2021-09-08,2658.307373046875,2680.2857859346273,2622.467693285261,2661.2505917814374,616049
2021-09-09,2675.58642578125,2689.590009793755,2631.7243988247083,2656.4086825077684,456149
2021-09-13,2663.054443359375,2672.548398594168,2636.5188848353323,2672.548398594168,287427
2021-09-14,2677.580078125,2724.7649864105183,2667.4688773442444,2676.1559849265277,672701
2021-09-15,2698.134521484375,2707.628476578031,2659.446654477727,2677.580201421015,412751
2021-09-16,2715.4609375,2737.486866538046,2699.6535952863487,2722.8662686883627,570872
2021-09-17,2751.870361328125,2786.4282646686247,2719.3535655896508,2720.3029610856647,1375879
2021-09-20,2670.6494140625,2713.8944233811458,2617.1508874759274,2711.568450874338,1190719
2021-09-21,2709.954345703125,2715.1760208051764,2647.674141739347,2667.8012794118727,595121
2021-09-22,2698.989013671875,2733.7842650498774,2682.0422117610365,2715.2710533226773,424342
2021-09-23,2712.470458984375,2731.125987840515,2699.5110713408635,2707.2962998678126,452680
2021-09-24,2782.677978515625,2798.8652167983405,2716.6949967664486,2716.6949967664486,806905
2021-09-27,2733.64208984375,2842.490193760833,2723.19873909847,2814.957723614185,1331462
2021-09-28,2737.15478515625,2795.6374097932217,2719.543452000441,2736.15787350856,838118
2021-09-29,2699.36865234375,2743.752890274664,2691.5361397677066,2724.7649809994064,386614
2021-09-30,2649.00341796875,2702.7868149624,2631.2972836708736,2699.1315493795028,861344
2021-10-01,2632.151611328125,2652.7061637846086,2612.926351695624,2645.9653627546077,411006
2021-10-04,2606.9453125,2630.775235022814,2570.963311599343,2620.3318833139538,874865
2021-10-05,2620.4267578125,2647.8641965720713,2590.9479795429384,2591.84985896083,452282
2021-10-06,2590.852783203125,2642.6423536822476,2576.279701463154,2629.8255145320013,589264
2021-10-07,2678.197021484375,2714.2265320936544,2607.134911835527,2615.584438541462,897524
2021-10-08,2675.34912109375,2727.565875901253,2672.073752831211,2696.283339151053,572893
2021-10-11,2707.438720703125,2751.9652786421675,2685.1279255995837,2686.7893677881457,622401
2021-10-12,2762.361083984375,2784.9565101833696,2707.7233296784584,2715.270977121299,786357
2021-10-13,2758.705810546875,2809.973164506965,2710.761340639754,2763.6901366263282,687451
2021-10-14,2708.815185546875,2775.6052514718676,2701.0301888290687,2757.993918646202,497012
2021-10-18,2683.323974609375,2735.2083442388307,2670.5071357870133,2735.2083442388307,360160
2021-10-19,2566.88037109375,2698.846335522378,2551.2628626678484,2698.846335522378,999095
2021-10-20,2517.037353515625,2573.811251906773,2483.9035426182472,2568.114878792999,1159620
2021-10-21,2528.572509765625,2561.4689699829923,2465.010297820751,2541.53166517586,816204
2021-10-22,2480.343017578125,2555.7724363272423,2469.187621542893,2555.7724363272423,519029
2021-10-25,2432.114013671875,2491.356202387398,2403.869496483727,2470.8018817531197,457696
2021-10-26,2459.171875,2480.770624215809,2441.7978897131543,2449.345538136858,677512
2021-10-27,2453.142822265625,2479.346229525266,2441.9874256748067,2460.8330181617803,430370
2021-10-28,2399.59716796875,2458.8868716173424,2391.289957199323,2453.1429823852786,1332301
2021-10-29,2359.057861328125,2401.970489325676,2346.4783716113006,2401.970489325676,1628906
2021-11-01,2430.4521484375,2437.145432156604,2352.696760309301,2363.994472503662,1071806
2021-11-02,2413.79052734375,2442.794606042419,2398.173017824777,2429.503069126526,657518
2021-11-03,2394.2333984375,2430.4527480425477,2378.4258225475546,2411.749700987084,930846
2021-11-04,2526.9111328125,2559.8075938775523,2421.9078987414505,2449.4403679940974,1389327
2021-11-08,2574.04833984375,2636.471088887448,2545.2816121782007,2586.8651780504406,3081804
2021-11-09,2586.390625,2604.7140040405084,2564.032315187261,2564.5070129251703,726392
2021-11-10,2607.752197265625,2625.60087975957,2572.8619112004526,2582.3558665923365,861635
2021-11-11,2567.497802734375,2604.0968136822453,2550.5034842816394,2591.8497044962824,533140
2021-11-12,2585.203857421875,2602.6253569609885,2561.0417891366274,2587.1026483564488,879209
2021-11-15,2548.510009765625,2629.825645028357,2543.763032067018,2577.6088903436785,686532
2021-11-16,2573.14697265625,2600.5368969811984,2515.9458870533585,2548.5574872424713,1233796
2021-11-17,2538.87353515625,2610.4105826111568,2528.1928352115838,2591.8023371042627,848875
2021-11-18,2471.561279296875,2562.085998505455,2444.6933410746597,2539.63288830086,823299
2021-11-22,2419.107421875,2471.2766619465156,2389.533610878822,2468.428475244311,1013413
2021-11-23,2467.6689453125,2478.8243433781045,2378.90045857769,2407.667191010455,611137
2021-11-24,2408.56884765625,2485.469882526898,2397.223617881301,2467.668717047581,455215
2021-11-25,2392.8564453125,2416.211668496462,2370.688198348989,2416.211668496462,525539
2021-11-26,2310.7333984375,2379.279932549954,2298.96098805387,2368.7415507720034,554629
2021-11-29,2291.271240234375,2323.740755068543,2245.6054511072566,2310.733849965646,342547
2021-11-30,2250.494140625,2323.1704003650907,2240.5730056647385,2293.5493120711244,1101715
2021-12-01,2314.911376953125,2356.8271006869763,2264.356060398873,2288.0434346619204,1691658
2021-12-02,2327.49072265625,2338.8834693330828,2303.993182635283,2316.525157622594,363180
2021-12-03,2331.288330078125,2370.7830465797165,2321.3196766281567,2326.019138325936,659154
2021-12-06,2320.41748046875,2346.763203847574,2301.3820555982024,2335.51277520384,537938
2021-12-07,2346.716064453125,2362.8082733377364,2317.6644667003857,2330.8612044658853,262328
2021-12-08,2378.7578125,2389.5808278992,2340.259780703639,2340.259780703639,404128
2021-12-09,2414.265380859375,2421.053698151009,2349.7539992375137,2378.7580798075287,831115
2021-12-10,2399.7392578125,2422.8571291692447,2389.1535915181835,2404.059053361595,325670
2021-12-13,2370.35595703125,2428.174288359193,2355.4504924126895,2425.6107348007736,403776
2021-12-14,2361.57373046875,2366.225907372851,2326.968311725022,2351.652594101542,395362
2021-12-15,2367.175537109375,2381.2264061161695,2349.7540356859386,2354.5010135358093,314822
2021-12-16,2346.0986328125,2382.555559638892,2308.1703283675256,2375.3875771476105,680394
2021-12-17,2334.563720703125,2364.9443791262643,2292.8378315073,2341.2094897331867,670901
2021-12-20,2284.6728515625,2314.9587083692154,2240.953140575155,2297.537207490571,475319
2021-12-21,2294.3564453125,2314.4838144899486,2269.19746562669,2294.688826437845,333858
2021-12-22,2361.00439453125,2368.7418754782234,2302.284187589055,2302.284187589055,625661
2021-12-23,2354.738037109375,2377.2386626519815,2345.2440827212718,2373.4885970258797,326496
2021-12-24,2314.53125,2377.998433349977,2309.1672580159625,2359.4377045406363,265892
2021-12-27,2315.5283203125,2324.3577456278763,2269.6724671080246,2322.2216055573513,345113
2021-12-28,2354.880615234375,2391.8597571115897,2327.9178744921855,2332.332471058523,632949
2021-12-29,2432.588623046875,2441.560364176371,2345.0068880576764,2345.956283558914,693263
2021-12-30,2427.604248046875,2460.643257185473,2411.6543575883097,2432.588574328551,797282
2021-12-31,2460.73828125,2472.4158930996095,2419.5821224276556,2428.553864192663,406763
2022-01-03,2581.21630859375,2595.2674071361407,2487.5110272024017,2487.5110272024017,2457647
2022-01-04,2568.114990234375,2587.00786916716,2549.601776811244,2577.6089458359806,736616
2022-01-05,2637.990478515625,2648.813494704312,2554.8233384406103,2554.8233384406103,1040082
2022-01-06,2674.589599609375,2685.317815756353,2582.3559139984363,2608.9389895837144,1056323
2022-01-07,2681.472412109375,2690.2070356646354,2643.828975289621,2682.0421420928915,572036
2022-01-10,2673.023193359375,2706.726735665984,2657.1208177640033,2677.3429895051736,493242
2022-01-11,2652.943359375,2685.839820130918,2640.6485024471863,2671.5988878926837,334700
2022-01-12,2673.40283203125,2685.7449741604783,2648.8610961766676,2660.206326622869,440995
2022-01-13,2689.352783203125,2694.384626078377,2653.0859188076197,2667.9438667549866,266122
2022-01-14,2677.010498046875,2701.0302510301103,2657.120708284893,2694.384482398402,324014
2022-01-17,2700.36572265625,2734.2590963475213,2662.105036860573,2662.105036860573,680219
2022-01-18,2597.783203125,2714.606355245389,2587.102504711055,2714.606355245389,1221493
2022-01-19,2581.12158203125,2607.79968914876,2549.554180646796,2597.7835199462634,769880
2022-01-20,2595.45751953125,2616.5340537229035,2574.855683099706,2587.1027925961216,521734
2022-01-21,2573.90625,2614.635224508328,2533.1770437056593,2585.678661564427,459191
2022-01-24,2521.973876953125,2591.042393100284,2488.840069825104,2558.8104652554744,465912
2022-01-25,2555.7724609375,2571.8646668882106,2462.3993290205767,2489.4098140458295,687092
2022-01-27,2510.0595703125,2553.874083151033,2440.183963650165,2553.874083151033,985827
2022-01-28,2478.823974609375,2607.9892704169665,2467.3837132144895,2520.8347227768127,871638
2022-01-31,2511.625732421875,2545.3292718287835,2499.6632567067113,2511.0560024217225,416447
2022-02-01,2489.504638671875,2548.6520200444465,2465.2475391903945,2524.157571706564,671852
2022-02-02,2534.648681640625,2584.7768112979966,2489.504878447759,2489.504878447759,1042951
2022-02-03,2535.693359375,2572.7197881897077,2506.4044120725403,2539.7282907201925,664625
2022-02-04,2498.2392578125,2542.38614912492,2483.618659640642,2540.7247069787536,380540
2022-02-07,2469.710205078125,2512.1956559126056,2432.0665324738375,2498.334388177338,448637
2022-02-08,2458.127197265625,2511.1510271699863,2451.0542473459195,2482.66916296768,386391
2022-02-09,2492.780029296875,2503.460727932499,2456.418369592834,2467.431217558859,677550
2022-02-10,2506.73681640625,2529.189930090725,2483.191758687837,2492.923063786722,558179
2022-02-11,2466.671875,2492.5429028930075,2451.671611228463,2492.16323739981,731373
2022-02-14,2440.7060546875,2466.244701518793,2373.8211865095896,2435.1995143018557,675126
2022-02-15,2586.1533203125,2599.444857201037,2362.523165805662,2411.4645497774413,2216629
2022-02-16,2569.491455078125,2599.824595541613,2544.4750222334524,2570.963064489227,804882
2022-02-17,2584.966796875,2622.942619802188,2563.4630798568915,2591.8023986446883,572432
2022-02-18,2562.65576171875,2601.0587627123027,2551.975062517366,2566.40582752559,311304
2022-02-21,2562.41845703125,2581.2640504392707,2533.4618942526454,2551.9751065209334,273281
2022-02-22,2587.57763671875,2591.8499168013896,2487.4639198061,2496.910359409397,575201
2022-02-23,2569.681396484375,2609.4136933341438,2561.374185344963,2595.5524254614006,479284
2022-02-24,2484.71044921875,2555.060751572364,2456.608480256348,2497.195139663582,775965
2022-02-25,2495.390869140625,2539.6327891349056,2480.295574435492,2501.84680445712,515028
2022-02-28,2458.74462890625,2482.6218341496406,2414.0755221548325,2468.428417108471,815191
2022-03-02,2381.178955078125,2448.49100356287,2369.928525647078,2444.503588805313,630235
2022-03-03,2287.568603515625,2410.5153286267573,2279.8311224103,2410.5153286267573,558686
2022-03-04,2220.873291015625,2279.403427387948,2183.6095198614676,2278.54906420327,862528
2022-03-07,2145.301513671875,2180.9988782647256,2080.1731194759004,2117.1520289608607,1513430
2022-03-08,2141.883544921875,2149.8583735912894,2050.26688854835,2137.0890517803637,1533255
2022-03-09,2177.011474609375,2191.5372726301966,2106.7086889913294,2159.874838871237,1577642
2022-03-10,2186.457763671875,2272.33053742936,2175.7770646526355,2254.8142373950077,1021481
2022-03-11,2174.827880859375,2197.8507232083175,2141.0293061811567,2174.115834188789,621070
2022-03-14,2196.47412109375,2203.3097226966515,2122.6586170801056,2174.1158095336987,681806
2022-03-15,2188.593994140625,2235.77890451644,2164.716789836209,2202.597577879297,611025
2022-03-16,2238.57958984375,2253.7226337215216,2204.8760490952814,2220.3512423313587,758341
2022-03-17,2313.62939453125,2338.3611944882996,2255.099252718575,2258.5169375609544,1229513
2022-03-21,2258.374267578125,2325.0217771154043,2251.965848742118,2325.0217771154043,480116
2022-03-22,2259.94091796875,2283.1063068557924,2211.1420827932543,2258.374508134158,661123
2022-03-23,2272.94775390625,2291.5557657721047,2243.4214625104805,2271.903326190258,439287
2022-03-24,2249.734619140625,2267.3459494025788,2231.0790930556354,2264.3079306117834,568611
2022-03-25,2218.5947265625,2268.9126826118613,2207.3918145188413,2264.3080222212516,446420
2022-03-28,2259.56103515625,2265.8744218047927,2198.040167337656,2231.079173368566,690955
2022-03-29,2354.9755859375,2366.795513797157,2240.620941979778,2258.137242955994,1317033
2022-03-30,2360.719482421875,2390.7677579894043,2320.7498382171216,2362.1910918386993,1198770
2022-03-31,2332.80712890625,2368.741842355387,2313.0598873527024,2358.1561749326147,840572
2022-04-01,2355.639892578125,2368.504247001007,2299.4357295265813,2332.806886148625,745769
2022-04-04,2381.985595703125,2390.6727028788478,2331.287972924578,2368.7415759343576,660191
2022-04-05,2414.73974609375,2468.428103706566,2382.982515501339,2397.2234468688766,1240010
2022-04-06,2402.635009765625,2426.1325470632264,2394.422831868943,2402.9198747567348,469837
2022-04-07,2409.9453125,2447.4464326961743,2384.8813653870825,2395.324715315131,451071
2022-04-08,2425.895263671875,2443.6016282960923,2388.2993420526695,2419.059662630747,800707
2022-04-11,2416.78125,2435.1994297759097,2411.464542546125,2420.8634651747166,332108
2022-04-12,2394.185546875,2409.186041684965,2369.738613478881,2405.7681252724656,359805
2022-04-13,2365.371337890625,2425.705467399786,2354.0736243185083,2401.9705802432322,383935
2022-04-18,2383.93212890625,2403.015071398041,2331.857692396342,2354.5008680555557,322926
2022-04-19,2330.623779296875,2444.598530656138,2298.581679200267,2388.6792249797268,636517
2022-04-20,2408.426513671875,2448.016259055064,2340.639536944063,2354.5008037450293,1193877
2022-04-21,2517.322021484375,2539.1106005818488,2413.078355304817,2420.958383852595,1090334
2022-04-22,2498.334228515625,2503.555903703478,2451.3391518249455,2497.812014639638,829575
2022-04-25,2462.8740234375,2515.897850086743,2449.440171027848,2477.92203348166,630796
2022-04-26,2515.2333984375,2530.6610744165528,2480.7702974317085,2480.7702974317085,616251
2022-04-27,2521.072265625,2537.6866870826393,2473.175308408608,2492.16321864591,499338
2022-04-28,2544.332275390625,2567.165282190383,2531.088255295696,2548.129857169013,739026
2022-04-29,2497.242431640625,2570.630514996966,2487.416095951759,2548.1774051658476,479794
2022-05-02,2423.33203125,2493.8246476340596,2393.9482866700087,2492.068173231971,497152
2022-05-04,2357.5390625,2432.3514807072174,2331.3358835124773,2395.325053014953,515077
2022-05-05,2310.401611328125,2401.2112039250783,2297.4897389980897,2367.8400427064576,477759
2022-05-06,2242.899169921875,2295.8279647355466,2232.361019801869,2288.0429686268776,407390
2022-05-09,2225.66796875,2250.4945689377696,2193.1036559857357,2226.2849831249405,403218
2022-05-10,2293.3125,2318.1391012736085,2216.7911248598025,2225.66806609383,841473
2022-05-11,2268.248046875,2310.4488600604273,2233.927494068542,2274.988847285059,459255
2022-05-12,2263.975830078125,2279.4985388316345,2214.132567567229,2249.117883586898,419477
2022-05-13,2309.54736328125,2357.3495296229457,2276.508578258677,2278.549686304901,650616
2022-05-16,2485.4697265625,2495.390862476548,2368.409223358914,2392.381458033458,2801368
2022-05-17,2569.728515625,2577.323678921951,2468.570388106534,2477.922025630301,1462487
2022-05-18,2559.5703125,2629.7305484553826,2547.6078362776193,2562.418499049518,1173271
2022-05-19,2516.372802734375,2599.4449099742383,2489.3150306619623,2489.3150306619623,1592952
2022-05-20,2570.7734375,2582.356017397296,2517.939433587145,2557.6242157999422,687007
2022-05-23,2602.57763671875,2627.4517496536673,2577.6560076569945,2583.3048638871287,892535
2022-05-24,2581.691162109375,2629.7304340836517,2565.3616062928777,2606.992458809453,481731
2022-05-25,2550.218505859375,2610.6951817035088,2537.734048354597,2595.64717104432,556605
2022-05-26,2587.197998046875,2600.2994716740805,2529.1423190277023,2563.4631084526172,854405
2022-05-27,2603.33740234375,2625.0784658200464,2591.564759483299,2597.7358300177766,404877
2022-05-30,2618.860107421875,2654.509956666355,2604.049675919814,2615.8696041550616,589423
2022-05-31,2640.03125,2676.0132428290744,2579.6971261682006,2629.825249483053,1766731
2022-06-01,2631.439697265625,2675.3967592196627,2612.73665059351,2629.968087751289,358924
2022-06-02,2585.72607421875,2644.398760520818,2577.6562127376596,2636.8508811185256,558032
2022-06-03,2549.3642578125,2626.6449585385344,2526.8161147632322,2602.293056759729,808873
2022-06-06,2518.84130859375,2559.570283069132,2504.5528598774267,2547.2281414964696,906875
2022-06-07,2513.904541015625,2522.3543010095623,2478.4922702194726,2496.340722244521,453936
2022-06-08,2515.091064453125,2539.4431987614516,2486.6091986791876,2526.4365264152234,260633
2022-06-09,2578.55810546875,2586.5804508608903,2488.3655355057417,2506.4040494983433,531562
2022-06-10,2575.5673828125,2598.4476726962016,2537.0218371692736,2537.0218371692736,666106
2022-06-13,2564.127197265625,2586.6753384956587,2531.278023011895,2549.126703269078,556912
2022-06-14,2584.966796875,2612.8789340120716,2540.77238658628,2553.304361795046,739832
2022-06-15,2582.45068359375,2611.8819428552697,2567.1178078423577,2605.141142374521,339705
2022-06-16,2518.271484375,2609.8881472372764,2498.0968306358977,2598.020703861334,542478
2022-06-17,2472.985107421875,2531.752588141107,2454.234548854604,2496.435126715899,836170
2022-06-20,2490.501708984375,2527.195751808806,2468.380747800399,2468.428263931907,717655
2022-06-21,2566.026123046875,2573.811119544808,2498.951194010005,2508.4926648420956,1177839
2022-06-22,2528.002685546875,2575.7098059857935,2508.397762598314,2562.41826994311,273509
2022-06-23,2676.3935546875,2682.042411817132,2530.2341570449707,2530.2341570449707,1338537
2022-06-24,2732.265380859375,2762.3138893109576,2688.640701371097,2694.242274229183,1078547
2022-06-27,2704.163330078125,2762.6934716934566,2692.4857187208277,2761.7915922986203,532402
2022-06-28,2718.87890625,2740.0504724673915,2676.108592193178,2684.6056356453337,770778
2022-06-29,2740.52490234375,2775.03528666647,2686.789029048386,2704.922574220317,856258
2022-06-30,2652.943359375,2762.7408542173807,2643.164539547545,2734.211473609584,928852
2022-07-01,2641.97802734375,2667.6117076249907,2611.217471934645,2634.572695571964,367512
2022-07-04,2654.889404296875,2663.528995803582,2606.802616370588,2652.4211151421046,443843
2022-07-05,2663.623779296875,2699.9854370375037,2648.813118607473,2672.5480031828083,616329
2022-07-06,2760.79443359375,2772.2346950452284,2664.953009928752,2667.801196259278,1058465
2022-07-07,2795.21044921875,2808.3121547156034,2769.7666010541134,2794.071220868161,650305
2022-07-08,2783.248046875,2831.9045681093876,2748.500077532717,2802.615623100719,617742
2022-07-11,2892.665771484375,2898.5519772263483,2760.747081349037,2780.779419110637,1346332
2022-07-12,2804.56201171875,2884.738420727833,2792.647051035353,2884.738420727833,1069397
2022-07-13,2817.236328125,2843.3922224953235,2793.121773306446,2805.93861353066,768270
2022-07-14,2805.558837890625,2854.6900568215815,2754.0541301224243,2827.2048706574774,901976
2022-07-15,2880.466064453125,2891.194280397778,2796.6343920276245,2819.135019937902,536541
2022-07-18,2882.839599609375,2922.2395150988496,2859.579408537276,2901.2104962929734,568164
2022-07-19,2921.95458984375,2932.6828057395933,2862.4275361945206,2867.174513866485,728004
2022-07-20,2890.9091796875,2953.5692801339287,2874.769456845238,2931.7331845238095,432912
2022-07-21,2925.277587890625,2935.6261386892643,2877.6179765692505,2898.5046791375526,469152
2022-07-22,2988.317138671875,3018.1280623646026,2921.8594587833813,2929.0272088282745,1461794
2022-07-25,2930.4990234375,2994.2983542436777,2912.840406329956,2981.1018495983944,623585
2022-07-26,2870.30712890625,2942.081281317711,2855.733816955549,2933.631755061216,676813
2022-07-27,2902.681884765625,2908.0461087370772,2861.003512506079,2870.3076353267184,527215
2022-07-28,2899.453857421875,2924.1381404254666,2877.712793183116,2909.992240187813,486390
2022-07-29,2936.90771484375,2985.849103420778,2911.226518010381,2926.986577375599,570564
2022-08-01,2932.113037109375,3014.852995914226,2916.922708759038,2952.5250408301404,891876
2022-08-02,2963.015625,2988.6968177742233,2765.6364075443653,2900.4030426620875,1843785
2022-08-03,2979.392822265625,3009.583644616136,2915.166311333881,2970.658430285139,1218915
2022-08-04,2986.6083984375,3034.742703739803,2944.075433848625,2991.54520866076,928111
2022-08-05,2933.252197265625,3018.887618227989,2910.846372525267,2992.4943790605485,518285
2022-08-08,2959.0283203125,2985.943774503073,2916.6851897907877,2933.6319915827785,595708
2022-08-10,2994.91552734375,3008.966626662102,2959.598062204002,2973.5066131301996,814819
2022-08-11,3015.707275390625,3100.6781722397586,2980.3422931824657,3091.231733416526,2187872
2022-08-12,3067.984619140625,3078.736399591791,2992.339963786738,3037.2585132271647,1327610
2022-08-16,3190.220703125,3193.995726213486,3068.797210314633,3075.487207347396,1700743
2022-08-17,3247.1337890625,3281.252730193342,3187.4016675699195,3191.128858619617,1654567
2022-08-18,3260.322265625,3285.74434838841,3225.2476125856983,3249.427220628445,591901
2022-08-19,3272.4599609375,3306.7699955950447,3243.9796408993175,3260.9435621194943,1151041
2022-08-22,3214.3046875,3263.810712850768,3182.6228659007484,3250.382886252137,928071
2022-08-23,3311.3095703125,3325.8842065625226,3190.3161032595704,3212.1542581197236,1604447
2022-08-24,3297.8818359375,3319.6721590466495,3242.7850241389383,3302.9949985221074,856684
2022-08-25,3327.27001953125,3358.0917919636713,3257.837499925772,3301.991434233012,1244869
2022-08-26,3206.515625,3300.8445351390556,3193.135631126983,3287.6556373699377,1742915
2022-08-29,3145.827880859375,3190.937529044588,3099.045500066149,3143.3429314556447,1436918
2022-08-30,3210.00390625,3247.133482799239,3170.1028528563456,3174.6903260200143,1236651
2022-09-01,3260.513427734375,3282.781373528893,3097.4685534060104,3097.4685534060104,1592544
2022-09-02,3270.548583984375,3315.3714719251484,3263.7629220594936,3298.16862196993,1038097
2022-09-05,3249.90478515625,3294.34547696915,3229.4047707598834,3292.3862170084594,561306
2022-09-06,3259.31884765625,3272.4599131984864,3249.4271158984807,3260.895682189887,355149
2022-09-07,3233.801513671875,3267.5860961814446,3211.867924506253,3211.867924506253,662832
2022-09-08,3274.037109375,3310.1153114851672,3250.000996532383,3250.000996532383,640524
2022-09-09,3319.33740234375,3328.751276920562,3275.279134684839,3306.7698587841355,567370
2022-09-12,3382.2236328125,3395.6514596663155,3311.644301856554,3329.7072010913153,761569
2022-09-13,3366.0244140625,3423.4629137781385,3355.033704022262,3397.562973308401,528699
2022-09-14,3384.947509765625,3406.1164791445813,3299.124355587803,3299.124355587803,508971
2022-09-15,3461.83447265625,3509.381236412106,3395.9858821127364,3401.9112612819217,1625125
2022-09-16,3391.828857421875,3479.1810203790665,3373.8613882372665,3474.020258306147,957393
2022-09-19,3431.251708984375,3472.7774298154545,3338.7385600473162,3392.736393501147,517408
2022-09-20,3547.18017578125,3572.6976917099673,3459.684516549209,3464.1284931078108,854400
2022-09-21,3518.986328125,3619.5273813382955,3508.7602363049236,3555.255623098147,883098
2022-09-22,3582.732421875,3593.388538347876,3507.8521457482593,3517.0270923641215,659825
2022-09-23,3525.1025390625,3607.293926331577,3489.693295904702,3597.3067637302916,436539
2022-09-26,3359.85986328125,3507.4219880054407,3318.4295746602397,3507.326556617835,979894
2022-09-27,3412.42431640625,3454.9057526465176,3332.8611341357596,3386.8589695505666,651919
2022-09-28,3467.61669921875,3503.3603048111886,3372.7142647685296,3372.7142647685296,670814
2022-09-29,3463.602783203125,3515.354596733133,3445.3485546721795,3485.2017770022544,578779
2022-09-30,3508.99951171875,3530.216315224125,3425.135610704618,3463.459600971462,517861
2022-10-03,3309.9716796875,3614.414142145785,3292.386404723067,3613.55409300599,2180504
2022-10-04,3397.562744140625,3421.35992572596,3360.911024581967,3367.935614726178,961129
2022-10-06,3374.960205078125,3437.559462393149,3364.1127595249304,3402.3413136104414,530684
2022-10-07,3343.61279296875,3392.7842247147446,3313.9856631191283,3374.960254443098,458833
2022-10-10,3375.19921875,3385.138549731726,3298.455347820179,3307.725725754236,412736
2022-10-11,3257.0732421875,3393.4057480338874,3242.259675505016,3391.9721770646147,661794
2022-10-12,3305.049560546875,3315.0367235264584,3227.445643270174,3273.367740027429,660964
2022-10-13,3317.47412109375,3397.5151621025816,3292.4344629901393,3314.22478708871,753969
2022-10-14,3323.208251953125,3397.467173653532,3316.136062583023,3387.6711063980265,387253
2022-10-17,3359.047607421875,3368.8915072861882,3311.8354339561656,3316.3272426334956,492114
2022-10-18,3452.51611328125,3461.5953944096022,3373.6218921791724,3375.867912947612,522357
2022-10-19,3452.3251953125,3521.8055457086625,3440.7131320099643,3469.1456191157536,645494
2022-10-20,3489.454833984375,3497.9129956249067,3402.341602301822,3437.7030178313635,515240
2022-10-21,3468.763427734375,3521.518785727962,3409.987025804174,3489.45453931008,532326
2022-10-24,3479.9453125,3521.7099621419684,3469.814885429382,3521.7099621419684,63729
2022-10-25,3546.319580078125,3559.0784535801527,3488.3556271663683,3514.159901668695,571186
2022-10-27,3546.319580078125,3575.373421737153,3498.8684797413903,3575.373421737153,583285
2022-10-28,3579.865234375,3606.0041020934464,3533.417446886022,3556.211316054028,478514
2022-10-31,3679.928466796875,3692.9741012709737,3591.5727651553507,3597.784905382469,678149
2022-11-01,3630.183349609375,3717.3922373432497,3585.7904884916547,3717.3922373432497,746053
2022-11-02,3564.048095703125,3679.307281056889,3531.3627282132543,3679.307281056889,1177767
2022-11-03,3512.4873046875,3581.059772985256,3486.7786956187956,3534.229794635569,738117
2022-11-04,3504.50732421875,3563.8572527324586,3483.5772824376004,3531.362979041683,631943
2022-11-07,3588.848876953125,3598.262751986302,3517.027072326585,3517.218168436538,505944
2022-11-09,3567.6318359375,3624.0189509734873,3532.605017979623,3624.0189509734873,490411
2022-11-10,3536.953857421875,3573.7964413672944,3475.0713827944637,3573.7964413672944,442138
2022-11-11,3363.778076171875,3573.413997349978,3345.954106638747,3564.812572911318,2463500
2022-11-14,3360.863525390625,3407.119983873917,3343.0871538824576,3380.598923690887,659139
2022-11-15,3352.59619140625,3400.3340492407992,3344.9983133316814,3364.1125894078623,552511
2022-11-16,3347.91357421875,3425.087470494826,3305.623234773346,3359.382140848012,1048177
2022-11-17,3289.423828125,3344.9984955118584,3269.5449332573853,3344.9984955118584,889808
2022-11-18,3240.109130859375,3304.4287246106587,3226.538039804217,3297.1173730948603,868754
2022-11-21,3228.97509765625,3259.9401348937254,3215.9772951971227,3240.300167450503,631291
2022-11-22,3225.582275390625,3257.025169666794,3205.4644509394934,3230.7430371680357,461525
2022-11-23,3231.1728515625,3267.537810101744,3225.534233197378,3241.733536236165,738556
2022-11-24,3227.780029296875,3252.1983297212164,3198.1050697522114,3247.3721617934452,407602
2022-11-25,3262.90283203125,3270.6918067764414,3201.6414793486974,3243.931818292333,512690
2022-11-28,3288.993896484375,3296.7352728161954,3251.4345248861528,3262.5206667166967,435882
2022-11-29,3264.81396484375,3311.3093473031613,3254.2054484644677,3297.5947611125694,456872
2022-11-30,3330.18505859375,3349.299336444769,3265.7222032069067,3268.3504164114215,1151772
2022-12-01,3285.21875,3344.9987020407616,3278.0987279999463,3335.0593706575632,518865
2022-12-02,3184.29541015625,3282.8772043439058,3177.7486766938823,3282.8772043439058,1453049
2022-12-05,3196.289306640625,3211.198536032205,3178.799929848311,3180.71135754833,518257
2022-12-06,3153.569091796875,3190.1729806310072,3133.021243060037,3187.305838946797,944559
2022-12-07,3115.484375,3177.653384012536,3109.8933547707647,3153.6172702534823,943407
2022-12-08,3175.168212890625,3182.5271629681083,3130.9186143794363,3139.4243744265077,862490
2022-12-09,3209.478271484375,3214.0657447259714,3178.84759528596,3187.305756366671,660249
2022-12-12,3173.400390625,3204.4610945090967,3141.431805139243,3193.0403592851267,541993
2022-12-13,3166.2802734375,3194.1392413709877,3154.859538555505,3159.5902758781695,584450
2022-12-14,3220.182373046875,3235.091603457763,3177.7487685367983,3181.571624198196,676995
2022-12-15,3157.20068359375,3232.558813523142,3150.558519043792,3218.8442265305735,338209
2022-12-16,3145.684326171875,3199.0610383864673,3134.7414491811505,3144.298587745727,771552
2022-12-19,3238.818603515625,3258.5064023429545,3136.7961490647936,3146.210023907613,890120
2022-12-20,3166.710205078125,3228.7837768013255,3145.2544744870115,3220.7558732972434,711013
2022-12-21,3128.290283203125,3201.64131940135,3117.5385026528966,3182.5270428676104,485199
2022-12-22,3064.06640625,3150.1760833170133,3054.9871247615483,3129.007115072737,613152
2022-12-23,2975.75830078125,3058.284284091203,2967.5393017648994,3048.8228104187256,581956
2022-12-26,3021.250244140625,3085.6652607989436,2951.4353045260873,2977.048480980007,530294
2022-12-27,3060.004638671875,3070.851850826416,3010.498614785247,3034.3436285763228,422130
2022-12-28,3069.322998046875,3090.3965360416873,3034.965130278082,3046.9591529657855,318724
2022-12-29,3135.888427734375,3336.1583237876766,3023.1620189705272,3040.173773195773,881072
2022-12-30,3084.805419921875,3151.9443187676693,3074.7704243648527,3144.2986078670806,663451
2023-01-02,3085.85693359375,3106.0223569797,3061.4383966702926,3084.0887695391507,381581
2023-01-03,3071.138671875,3096.5129216486703,3064.0186502486536,3085.8568053886265,323237
2023-01-04,3072.859130859375,3099.236927949996,3046.9115916885694,3081.22162752216,372617
2023-01-05,3113.42919921875,3122.2217206416017,3060.7216697148965,3086.000256303819,383751
2023-01-06,3106.643798828125,3133.6427173909383,3093.6938283915692,3115.6274164521005,242107
2023-01-09,3118.06396484375,3130.058219160879,3086.19081771354,3122.221179689938,391801
2023-01-10,3027.271728515625,3121.1706228477597,3004.9078823874543,3117.5388632205936,607830
2023-01-11,2998.313720703125,3033.914066896827,2959.559471670836,3027.2719013196975,856148
2023-01-12,2965.819091796875,3013.3180248660506,2957.9344523036584,3010.498715591769,690116
2023-01-13,3022.01513671875,3054.4615764486625,2924.484488089145,2967.491612913985,964656
2023-01-16,3000.03369140625,3039.0744632734068,2962.713017854336,3015.802970372249,653373
2023-01-17,3039.1220703125,3050.6384683389538,2986.605643345624,3012.40991610413,495809
2023-01-18,3036.87646484375,3050.638651141528,3010.4986688896656,3030.568660015597,330814
2023-01-19,3026.459228515625,3039.2181026989497,2996.2109762319146,3022.9709660336252,320900
2023-01-20,3010.9765625,3053.410165208878,3001.9929454084845,3034.3915524321537,389881
2023-01-23,3061.486328125,3081.795249251122,3006.437112117578,3026.077080154677,424691
2023-01-24,3083.658447265625,3091.5909185722026,3037.593088185599,3076.8249535115956,367438
2023-01-25,3071.52099609375,3091.734250334057,3042.371724181791,3083.658515109409,353061
2023-01-27,3029.374267578125,3120.3581881885116,2989.473210500631,3086.908200219355,627913
2023-01-30,3050.113037109375,3067.841576373763,2961.8051673078076,3020.1515467578292,656403
2023-01-31,3118.8291015625,3131.8745031863555,3036.3031115724907,3059.2880779213438,612164
2023-02-01,3156.818603515625,3206.372228089045,3096.5129644869307,3134.7415196040533,885327
2023-02-02,3074.818359375,3173.6390827327577,3043.9487539175907,3120.40586547596,613267
2023-02-03,3169.816162109375,3177.7486339364973,3057.854375000008,3090.2051496671443,500037
2023-02-06,3116.2958984375,3153.903329285351,3078.0195146044975,3149.0769279955484,346025
2023-02-07,3129.67626953125,3152.900164025345,3096.5608761444446,3131.9222905333313,447240
2023-02-08,3085.044189453125,3132.7820477636146,3061.1513441196903,3129.962738679983,378309
2023-02-09,3093.789306640625,3105.6402995669523,3053.5060571523554,3092.7381612972945,265006
2023-02-10,3070.087646484375,3098.711231184147,3056.516322412824,3082.2251663743073,328745
2023-02-13,3108.602783203125,3127.0959408547146,3074.72277146319,3082.1773866920707,405135
2023-02-14,3035.060546875,3153.855829796381,3005.7201771847326,3117.4908696992234,1519235
2023-02-15,3164.511962890625,3193.947997455302,3061.151598713214,3061.151598713214,2093492
2023-02-16,3143.438720703125,3195.907321130682,3123.3208961935666,3182.479494003873,679170
2023-02-17,3139.52001953125,3150.9885858126427,3096.7039920816683,3141.4792796033703,491317
2023-02-20,3144.776611328125,3187.3058801942857,3135.1716398960043,3153.85589344562,515895
2023-02-21,3129.150634765625,3152.0401697900365,3120.4537780993164,3144.298793714196,494115
2023-02-22,3105.783447265625,3125.32775006321,3072.7158859703454,3125.1844863081187,570379
2023-02-23,3098.37646484375,3129.819590460249,3078.2586416647405,3120.4057157199845,527729
2023-02-24,3063.636474609375,3105.9744123820637,3024.8343981609332,3105.9744123820637,684029
2023-02-27,2992.387939453125,3063.445125218499,2964.6722374072187,3058.2843636862103,482530
2023-02-28,2968.3515625,3040.1257661868644,2954.254783169206,2993.2957873930395,974100
2023-03-01,2999.794677734375,3004.6686783700984,2950.001892839711,2968.447216802363,522394
2023-03-02,2987.083740234375,3019.052322943427,2960.1326554092557,3015.3729644923606,970565
2023-03-03,2988.80419921875,3011.3589078131104,2975.949893615151,3002.040697060259,337278
2023-03-06,3025.981201171875,3028.7529113852856,2993.6780257786904,2999.030116769112,362693
2023-03-08,3062.489501953125,3069.322996277541,3010.5944242844653,3025.7901818346386,657256
2023-03-09,3007.344970703125,3077.3510159321804,3002.9488266312906,3068.797422941926,419727
2023-03-10,2978.10009765625,3007.822659156004,2958.07770532264,2996.1151641933975,362000
2023-03-13,2899.0625,2984.6467278593723,2891.0345964355497,2978.9602767238375,351244
2023-03-14,2883.29296875,2914.9271899460896,2853.283647732476,2899.0622469906916,727498
2023-03-15,2873.736083984375,2924.2456578343335,2869.0531791220424,2909.9577814394675,288927
2023-03-16,2901.021728515625,2944.554543587843,2863.318861599863,2887.880662311687,439612
2023-03-17,2842.86669921875,2922.5731462392937,2811.949260798745,2916.838862760734,692626
2023-03-20,2821.267578125,2857.4890434693516,2780.4108067954458,2842.8668067090234,561183
2023-03-21,2804.8291015625,2843.2487523231334,2797.3744867394325,2835.4119452849673,490092
2023-03-22,2816.05859375,2837.418657559797,2802.0096473077942,2818.8779028440385,222875
2023-03-23,2798.04345703125,2819.3559230474607,2783.85124602594,2811.9013081784324,379191
2023-03-24,2780.745361328125,2801.1975462256964,2758.811539835537,2795.463262610086,542971
2023-03-27,2757.760498046875,2799.286223456672,2743.854813091193,2784.5683216221078,375285
2023-03-28,2726.078369140625,2766.6007804913174,2710.4047537409815,2766.6007804913174,1079359
2023-03-29,2803.77783203125,2817.253491402031,2723.784624974046,2731.908193153793,765293
2023-03-31,2818.257080078125,2832.114931887416,2791.640354133671,2793.64744669266,546110
2023-04-03,2871.251220703125,2914.92729781117,2849.0787056281138,2914.92729781117,1170652
2023-04-05,2803.82568359375,2875.7431553246165,2792.7871412670147,2849.9388797534084,1033837
2023-04-06,2830.53759765625,2838.47006909418,2796.418660663155,2818.113317892538,586845
2023-04-10,2838.900390625,2854.7175027983567,2820.4550651497702,2848.027505302679,416883
2023-04-11,2918.941162109375,2923.528635204964,2838.9001280464736,2838.9001280464736,618391
2023-04-12,2989.807373046875,3005.719914557222,2900.5913960830426,2900.5913960830426,746284
2023-04-13,3070.756591796875,3088.3416342182018,2993.295933568038,3000.941644764891,1337741
2023-04-17,3086.0,3109.8928460823786,3064.018581604212,3091.734283059771,539975
2023-04-18,3119.020263671875,3132.830283386551,3073.432755573245,3085.6657072957687,577513
2023-04-19,3143.916259765625,3153.855590112127,3113.8112745872822,3119.4020604089765,646164
2023-04-20,3103.155029296875,3162.170359357606,3077.446420140311,3162.170359357606,483671
2023-04-21,3058.95361328125,3115.57966519235,3052.6460411667954,3096.5132184297763,443737
2023-04-24,3041.84619140625,3074.9615840982106,3018.240105177945,3062.1072790463327,379317
2023-04-25,3075.439208984375,3102.7248849323364,3016.376048846055,3034.391347500437,574542
2023-04-26,3104.4931640625,3134.741413947976,3082.7028417144634,3086.955721662184,881684
2023-04-27,3119.020263671875,3125.566764138779,3092.92922654354,3104.445626142392,464406
2023-04-28,3154.9072265625,3158.634417415004,3120.740454876392,3129.963000615473,416242
2023-05-02,3207.51904296875,3233.944671730914,3177.7486489573203,3179.6122443564054,838718
2023-05-03,3200.064697265625,3218.748717154315,3174.1169251521133,3218.748717154315,577763
2023-05-04,3191.415283203125,3232.654242204995,3173.925673207181,3193.039950070819,325535
2023-05-05,3206.515625,3241.829205020569,3177.5096163795642,3191.4152995347367,518154
2023-05-08,3242.6416015625,3256.499453127816,3211.2943722707246,3221.7115604608025,322909
2023-05-09,3232.12841796875,3258.9840691722407,3222.045824007037,3258.9840691722407,347387
2023-05-10,3265.435302734375,3271.2174182027666,3206.2288762883923,3246.177761954414,386746
2023-05-11,3254.49267578125,3273.176929682516,3237.0508966483226,3273.176929682516,408412
2023-05-12,3465.753173828125,3485.966429360563,3359.2865060089666,3364.1129078407625,3665298
2023-05-15,3496.479248046875,3540.9199436965073,3469.2414023261326,3469.2414023261326,1269701
2023-05-16,3472.299560546875,3521.8055853182864,3450.127045589963,3506.5141635095774,1035562
2023-05-17,3468.046875,3475.262561736335,3425.4697733480602,3463.5072338959694,755786
2023-05-18,3417.77587890625,3488.307605381575,3412.328356806181,3474.9754442783988,1235091
2023-05-19,3412.758544921875,3420.499920554646,3355.9892347101536,3408.2189040661515,762689
2023-05-22,3388.435791015625,3418.3975150318283,3370.8029162735606,3411.850781502924,303121
2023-05-23,3442.09912109375,3447.9288356249654,3373.717747951914,3388.4356480199554,374270
2023-05-24,3450.987060546875,3463.5070053601544,3420.4042172324366,3440.5698728743255,374043
2023-05-25,3489.789306640625,3519.177509072283,3447.1643733595324,3450.9872289603986,725887
2023-05-26,3526.918701171875,3533.751961870837,3450.1269999604383,3487.399840126216,394991
2023-05-29,3547.084228515625,3553.535297196996,3507.4699349083307,3536.1413512699796,516724
2023-05-30,3515.4501953125,3557.9316300264945,3507.8520834084948,3547.084184306767,598100
2023-05-31,3509.33349609375,3561.9455912701783,3494.3288350098173,3515.450204855087,1188672
2023-06-01,3551.480712890625,3567.6800169582157,3523.717177210003,3549.2346918763997,622442
2023-06-02,3535.567626953125,3582.0154121280493,3495.045454149487,3555.2554250577223,987424
2023-06-05,3510.576171875,3552.8665130185295,3502.7871967246356,3548.70906411705,340655
2023-06-06,3541.015625,3557.1670963996658,3517.027113044269,3517.122777764645,385907
2023-06-07,3562.327880859375,3574.369969274462,3533.465367880149,3541.0156476519724,342012
2023-06-08,3495.427734375,3562.0411762440563,3483.003454350889,3562.0411762440563,511175
2023-06-09,3422.697998046875,3504.7937230003263,3417.7283327791624,3490.2669193991005,447350
2023-06-12,3431.586181640625,3456.3390765805734,3398.5183896918347,3435.7912291738317,358856
2023-06-13,3433.545166015625,3479.51509414159,3424.3226209735126,3440.5219235753125,612123
2023-06-14,3413.85791015625,3480.9968121621596,3405.351916381834,3454.9057758201234,456603
2023-06-15,3378.16162109375,3448.9801090784663,3373.66981276796,3429.96126390453,428887
2023-06-16,3382.175537109375,3406.0683825588144,3335.4412247417,3392.7840538203536,610093
2023-06-19,3341.797119140625,3411.086381121156,3338.308856524081,3409.796307274543,336012
2023-06-20,3404.3486328125,3411.8986794159046,3311.596550618122,3349.5861787712824,378562
2023-06-21,3412.32861328125,3426.7599863575906,3378.496434892839,3417.6328720386377,538051
2023-06-22,3401.00341796875,3469.24129388902,3388.0056162084234,3428.958048229426,559681
2023-06-23,3382.462646484375,3406.833351354212,3354.364750671765,3406.833351354212,281640
2023-06-26,3394.361328125,3414.096961020693,3365.0687891397306,3392.73666108963,346202
2023-06-27,3379.16552734375,3423.5583927179423,3363.1573190193467,3388.1015459189593,336518
2023-06-28,3387.8623046875,3411.80274975644,3381.219906825598,3388.005568432309,657118
2023-06-30,3421.55126953125,3440.5698819360764,3350.0638264297513,3383.3227152875156,712382
2023-07-03,3470.053955078125,3503.647205795711,3426.7600681443905,3431.9208299442403,734331
2023-07-04,3251.1474609375,3401.2423695619973,3237.050681479416,3397.610610222335,4118019
2023-07-05,3163.174072265625,3271.7908633855795,3134.741583814865,3259.7490082741756,2931606
2023-07-06,3079.50146484375,3143.4864675838885,3065.9303733233137,3106.070359507721,3837528
2023-07-07,3043.757568359375,3104.1586380498,3035.347239669386,3068.367200419037,2099192
2023-07-10,3033.34033203125,3088.8674043833166,3020.0560018104206,3067.841698041598,1778576
2023-07-11,3108.985107421875,3117.5387000465985,3043.0408492050706,3056.325178905717,1425815
2023-07-12,3145.875244140625,3160.5455443379683,3091.734150569497,3127.0955612560724,1573745
2023-07-13,3112.903564453125,3158.6345697858515,3101.2917334206013,3158.6345697858515,1050165
2023-07-14,3198.8701171875,3215.977302822041,3111.8044867722338,3129.9630510377965,1577337
2023-07-17,3201.5458984375,3224.57869674569,3177.7965480333105,3201.6415631588807,1556115
2023-07-18,3200.9248046875,3219.800154360584,3170.58088812444,3206.420159655613,743048
2023-07-19,3182.67041015625,3207.901395998802,3173.0178401898143,3200.6857097068437,658755
2023-07-20,3170.19873046875,3194.951627611479,3150.988787387091,3194.951627611479,684856
2023-07-21,3168.669677734375,3188.2618141824387,3147.213945704534,3168.000724618943,536479
2023-07-24,3161.358154296875,3174.738148206368,3136.6528579254164,3171.058556549827,517007
2023-07-25,3178.895263671875,3215.9770065798766,3166.040959449476,3178.274143019862,865631
2023-07-26,3205.129638671875,3211.198514910949,3179.08643643041,3199.204259506504,552958
2023-07-27,3180.52001953125,3218.1274527590554,3173.3521656755242,3211.198527365187,748689
2023-07-28,3206.611328125,3209.765230756626,3182.1927905717325,3201.450566239501,338430
2023-07-31,3216.454833984375,3226.441996653125,3171.4884524682784,3201.641269899764,485771
2023-08-01,3264.623046875,3282.8772758596883,3217.9365624396232,3225.534441346855,1039321
2023-08-02,3185.107666015625,3278.0986750973702,3134.7415901805753,3278.0986750973702,1174483
2023-08-03,3230.026123046875,3235.091453228725,3155.146081253634,3184.725378894396,601722
2023-08-04,3210.7685546875,3324.785265194206,3201.6414406313274,3268.541411032579,1235134
2023-08-07,3207.232666015625,3227.5891859392095,3191.7977461418795,3211.150953107881,438968
2023-08-08,3222.66748046875,3235.139594340911,3145.254649532223,3195.907489527728,881723
2023-08-09,3261.46923828125,3263.762858232323,3184.4386072123284,3225.534303523892,1096303
2023-08-10,3263.47607421875,3282.6860161546792,3230.4085146280563,3260.8956934599814,640761
2023-08-11,3239.10546875,3268.5415032225164,3226.9201166546527,3268.5415032225164,366412
2023-08-14,3226.060791015625,3258.2373817349,3175.47708708533,3258.2373817349,650028
2023-08-16,3214.948974609375,3234.032661547448,3175.2357220679655,3234.032661547448,502272
2023-08-17,3187.168701171875,3210.890494255151,3180.694789185794,3207.025444006273,484577
2023-08-18,3236.59326171875,3255.3386615793834,3164.413257614175,3186.734017776434,680218
2023-08-21,3252.005126953125,3258.2374735161593,3203.643636845441,3232.1000231151397,407887
2023-08-22,3230.60205078125,3255.3384659287485,3216.687964700743,3247.8015710084996,343014
2023-08-23,3244.709716796875,3265.9674933810115,3217.944290733092,3230.6021888840046,347738
2023-08-24,3228.9111328125,3261.1360829867003,3207.9916431158063,3251.473457555629,840229
2023-08-25,3228.427978515625,3248.7194917761553,3211.4702597281903,3228.283133496768,463506
2023-08-28,3235.38525390625,3251.4250704472533,3221.5192921653784,3236.931132420115,329661
2023-08-29,3242.149169921875,3256.3048220418736,3235.481816726069,3246.6421964571796,271577
2023-08-30,3290.848876953125,3296.888018252679,3243.2604435126373,3254.372463503817,903102
2023-08-31,3224.03173828125,3294.9553155206145,3209.9242106039537,3294.9553155206145,835737
2023-09-01,3285.67919921875,3291.525135037983,3210.0210275468576,3236.9796593030546,691510
2023-09-04,3318.29052734375,3344.234771842274,3295.1969461644367,3314.2806320193586,661736
2023-09-05,3288.62646484375,3327.808461241541,3281.9109868196556,3318.2906800787873,374902
2023-09-06,3276.88623046875,3301.8158514203137,3261.1361037351076,3299.7866057053016,431090
2023-09-07,3287.66015625,3296.8396510060115,3261.1362948989463,3275.630233987386,334700
2023-09-08,3257.17431640625,3291.428512326804,3252.5364449164967,3288.191438441637,448502
2023-09-11,3289.64111328125,3294.8588371049254,3249.5412142648975,3263.0688910414983,544361
2023-09-12,3228.52490234375,3299.7384085644508,3208.6681587938865,3294.9554558899176,446513
2023-09-13,3208.28173828125,3256.208221404897,3196.396661193362,3236.931329833932,820181
2023-09-14,3267.320068359375,3270.798707875561,3212.9196759146125,3222.485580728211,436335
2023-09-15,3311.5751953125,3331.576784312734,3257.8027750135,3266.0160072617477,1169429
2023-09-18,3315.9716796875,3336.3599149222246,3296.8879933251987,3316.261605648478,596376
2023-09-20,3325.102783203125,3333.6059411904303,3262.8755666624847,3311.3819015824943,547812
2023-09-21,3319.933349609375,3323.9916052276135,3289.157792355166,3314.0874138728423,477582
2023-09-22,3294.424072265625,3316.0201363788196,3277.5628365754733,3309.4495033228172,393516
2023-09-25,3272.39306640625,3314.183922917318,3266.9821375101924,3302.540647572076,309695
2023-09-26,3355.00830078125,3419.796249663958,3290.123867189296,3290.172227495886,2178639
2023-09-27,3362.303955078125,3378.9236247806434,3311.1887573974354,3372.2565071367126,552573
2023-09-28,3324.184814453125,3381.9190031497533,3309.4493102251154,3362.593751703183,608162
2023-09-29,3330.658447265625,3363.0766010301086,3310.7052211814926,3328.7259222829903,515006
2023-10-03,3238.332275390625,3319.0635601117847,3191.46854085193,3311.2850992601398,1354075
2023-10-04,3286.162353515625,3293.9408145590437,3211.6152889328896,3236.9796819631983,566983
2023-10-05,3327.421875,3337.37419073165,3272.779679574611,3290.607176781317,394665
2023-10-06,3333.992431640625,3347.5684685589345,3322.349155855814,3327.422034583356,249258
2023-10-09,3329.3544921875,3358.728780718276,3286.259086082525,3304.8112807284865,471285
2023-10-10,3342.060791015625,3356.7962957682057,3332.6880909111683,3334.040764199003,206646
2023-10-11,3368.971435546875,3376.2184053911046,3344.621428147092,3364.5265330141615,343468
2023-10-12,3376.31494140625,3415.69014482475,3359.163779181014,3372.256685412622,644992
2023-10-13,3359.115234375,3381.919126273743,3324.909632430843,3363.560136731114,280442
2023-10-16,3368.971435546875,3384.818048578003,3345.2980007223928,3345.2980007223928,147663
2023-10-17,3382.740478515625,3403.9498951599576,3369.357647298557,3386.750373897746,260333
2023-10-18,3378.150634765625,3427.1884597493226,3364.622958908053,3382.740381931587,368551
2023-10-19,3383.078369140625,3414.771827739025,3343.606685792458,3362.593650405152,353664
2023-10-20,3363.46337890625,3382.0639338950186,3348.67974989808,3381.919088867078,216268
2023-10-23,3330.0791015625,3375.058435460435,3310.270718882964,3350.1290498844696,211293
2023-10-25,3270.21875,3329.982180705907,3255.1451963609275,3319.2084480628027,354128
2023-10-26,3214.562255859375,3261.1360629704914,3198.328998054023,3256.3047502846093,428619
2023-10-27,3280.316650390625,3294.9554342781094,3214.5624339128767,3214.5624339128767,293097
2023-10-30,3244.37158203125,3310.41572627339,3223.645296074691,3288.191686079494,257392
2023-10-31,3184.36669921875,3253.406113520296,3176.2983122976525,3252.971342539196,409346
2023-11-01,3171.515380859375,3203.257201250731,3164.5099770932907,3198.135962351286,325630
2023-11-02,3225.67431640625,3232.1482283075725,3173.399418113002,3174.1724753334456,493381
2023-11-03,3312.34814453125,3341.480867135135,3239.878450587305,3246.64228868874,568463
2023-11-06,3392.499755859375,3423.903291540261,3321.4794520887567,3338.340687912009,722080
2023-11-07,3390.66357421875,3419.554729471297,3362.690321187871,3362.690321187871,335436
2023-11-08,3430.522216796875,3444.7262300879747,3387.571890645995,3391.5817861455234,393482
2023-11-09,3422.4052734375,3475.0665830580565,3407.1385136835042,3425.6907076901407,538782
2023-11-10,3421.294189453125,3444.726056739502,3383.9482355417776,3420.569492526742,259237
2023-11-13,3522.41357421875,3551.015041431042,3465.0176703596503,3468.8827207448817,875885
2023-11-15,3718.46826171875,3729.773486504828,3548.2128456036453,3564.5425885275413,1914550
2023-11-16,3707.307861328125,3742.3348789793,3684.5039706474377,3718.2266753905215,755583
2023-11-17,3734.894775390625,3766.491514387483,3688.1275252550404,3695.85762584896,476357
2023-11-20,3716.680419921875,3767.3608418748436,3694.987873545888,3720.6421906123032,249897
2023-11-21,3714.506591796875,3735.1847527123596,3696.9690201948106,3734.6049007982615,260475
2023-11-22,3704.45751953125,3724.362387100054,3676.6291100979447,3700.8823951726545,286194
2023-11-23,3752.770751953125,3782.918098044103,3703.6845644452223,3707.1148438732826,764501
2023-11-24,3719.193115234375,3787.749399662267,3712.4292770206926,3764.2691712539777,266314
2023-11-28,3697.596923828125,3760.8387617578833,3650.298418279177,3725.8601039577434,505274
2023-11-29,3683.63427734375,3722.0432123622863,3663.1011988747214,3722.0432123622863,414180
2023-11-30,3765.428466796875,3787.749226241663,3698.9014312405843,3727.792587354676,1338711
2023-12-01,3759.9208984375,3816.737185236494,3751.0796902054312,3789.6818330373494,683211
2023-12-04,4039.31591796875,4058.302883526525,3783.8843075928266,3816.737235697565,2824695
2023-12-05,3996.945068359375,4053.7129936019987,3961.676485017149,4039.943752160171,1045885
2023-12-06,3910.464599609375,3988.6837429503676,3889.2068231845155,3950.1297250738226,941566
2023-12-07,3952.97998046875,3995.495531468658,3911.4306919915666,3913.363217037017,699553
2023-12-08,3918.19482421875,3973.658202831313,3892.8787914008894,3961.6766410103264,334252
2023-12-11,3889.8349609375,3931.6258185981724,3874.7130455328506,3918.1948627520474,534584
2023-12-12,3818.427978515625,3910.8992560755078,3803.3541885850373,3910.8992560755078,981121
2023-12-13,3896.695556640625,3908.4839133507303,3824.419065932037,3835.096314997617,707209
2023-12-14,3948.293701171875,3961.6765321114403,3908.5320908270187,3921.0935042215183,922658
2023-12-15,3922.92919921875,3995.7853005112433,3908.531981707042,3961.3867314683594,954933
2023-12-18,3947.665771484375,4024.4836466117786,3931.239307620653,3938.4862769722954,886620
2023-12-19,3903.362548828125,3970.90420901433,3886.694519272341,3956.652071819857,328368
2023-12-20,3780.405517578125,3993.0318754270256,3760.4039299140227,3937.278337401928,557214
2023-12-21,3824.4189453125,3872.683714179169,3717.7436504520692,3768.4240757775697,445648
2023-12-22,3870.896484375,3881.4286527573686,3814.998096459494,3848.6240834099744,309907
2023-12-26,3904.08740234375,3932.350584028393,3876.6456382491338,3889.01384698765,475107
2023-12-27,3981.001953125,3995.447767867394,3905.730190169001,3930.7562974059465,385941
2023-12-28,3953.849609375,3990.6643066624456,3943.220721391153,3981.001681222585,450475
2023-12-29,4003.708984375,4037.045043252987,3955.878986854411,3961.6284379058025,673952
2024-01-01,3902.106689453125,4005.158502025442,3894.038302331129,4005.158502025442,763454
2024-01-02,3761.177001953125,3875.4375492828503,3751.369531364202,3874.8095729825736,1221148
2024-01-03,3756.442626953125,3796.397444440141,3747.6011825058185,3762.674973623351,435449
2024-01-04,3730.73974609375,3782.9179243607955,3718.6614640874895,3756.3457039470227,425702
2024-01-05,3746.24853515625,3786.4932788865603,3729.7737103171917,3733.687121105959,402103
2024-01-08,3753.205322265625,3826.7861213301985,3746.6830500315277,3758.761331946523,401263
2024-01-09,3739.87109375,3791.566143689877,3720.6909223707576,3777.362130419899,411462
2024-01-10,3712.912353515625,3742.3350021300475,3662.7631836720534,3739.8709853506434,577499
2024-01-11,3757.601806640625,3792.2905374088086,3722.4780690069947,3738.276555871957,378237
2024-01-12,3740.257568359375,3767.457765379027,3720.1108993868306,3758.9546075710673,220410
2024-01-15,3702.81494140625,3753.591851457181,3682.4267065283357,3744.2675118859356,364325
2024-01-16,3664.357666015625,3698.949913906878,3615.2714792792062,3662.135214878576,519197
2024-01-17,3624.547607421875,3644.7424006993783,3594.4967472432895,3605.125635474385,585284
2024-01-18,3566.619873046875,3634.644897269584,3537.4871518855475,3624.5475009275083,583931
2024-01-19,3574.64013671875,3660.0578923001613,3534.588599036214,3575.1716283307796,894473
2024-01-23,3494.681884765625,3617.6871604521752,3484.391282476882,3577.1524917192455,823427
2024-01-24,3512.36474609375,3525.8440629316656,3442.2623433891317,3506.5671701717242,1318897
2024-01-25,3494.440185546875,3555.846218373765,3475.6947862572433,3555.846218373765,699432
2024-01-29,3545.265625,3556.812415189904,3468.930884223036,3498.9333833167957,936432
2024-01-30,3579.76123046875,3604.062639567942,3549.951936037002,3551.014919217938,612064
2024-01-31,3710.06201171875,3722.1884187510877,3576.2346402337075,3590.6318587611295,759817
2024-02-01,3800.503662109375,3832.052274644393,3713.346830774456,3713.346830774456,1313981
2024-02-02,3696.48583984375,3768.4240413497523,3682.668237844678,3768.4240413497523,872011
2024-02-05,3758.713134765625,3786.2032584164326,3707.5495775340037,3720.110991270762,592181
2024-02-06,3811.51953125,3817.4619518549202,3758.7614991370347,3768.4241250988266,470713
2024-02-07,3795.14111328125,3855.3876792725655,3776.105787709742,3840.8937406286836,416774
2024-02-08,3678.8515625,3823.7909492827284,3663.826132222734,3819.6359730141667,404899
2024-02-09,3711.3662109375,3718.130049000174,3634.6934167265576,3691.123057059287,396729
2024-02-12,3741.223876953125,3771.371222366794,3688.4174852412934,3739.3394761928103,237343
2024-02-13,3724.169189453125,3803.3543607203005,3638.4133854597517,3763.254463641709,633019
2024-02-14,3769.921875,3799.682810109135,3600.8742811722245,3703.6845269267415,919714
2024-02-15,3784.415771484375,3795.962562185248,3745.426981848727,3773.2553914556174,405632
2024-02-16,3796.107421875,3867.9491396523063,3784.174220455916,3792.6290181006716,634008
2024-02-19,3771.177978515625,3821.2785513981985,3763.3511573104192,3802.1948655757756,267834
2024-02-20,3698.949951171875,3767.3611544871032,3656.530881515301,3762.626562111565,1324518
2024-02-21,3706.921630859375,3764.317535107922,3692.0894055438284,3698.949964385746,575380
2024-02-22,3818.08984375,3836.06242200308,3712.2359674025197,3734.4116463136625,1130600
2024-02-23,3794.5615234375,3837.994979358972,3781.613463283999,3836.4488648647193,571998
2024-02-26,3819.587646484375,3856.78875608761,3763.592776742893,3794.561539840143,474465
2024-02-27,3867.70751953125,3877.1769399407963,3807.0745429899753,3816.737168733605,579400
2024-02-28,3733.397216796875,3883.361128994116,3721.0773683299294,3867.707721652201,658953
2024-02-29,3664.453857421875,3758.7611729874525,3633.195406690162,3732.6237248479742,1021336
2024-03-01,3713.878662109375,3738.2767927508253,3648.6559366322304,3662.328458055857,665946
2024-03-04,3624.885986328125,3752.2878116252573,3617.6873767362995,3728.4211712511938,641251
2024-03-05,3663.970947265625,3673.681933281393,3616.2860309466837,3624.885673463841,591293
2024-03-06,3665.227294921875,3678.416921126198,3608.07295574835,3671.7979278683256,315398
2024-03-07,3657.54541015625,3681.4604088753217,3632.229377884931,3665.2271504427986,734239
2024-03-11,3656.24072265625,3686.243221637668,3642.8097677415376,3667.4011021493498,373335
2024-03-12,3682.18505859375,3725.715234197986,3643.7761217495326,3676.0491969627183,528035
2024-03-13,3609.522216796875,3722.4298573802002,3589.6654736581645,3682.9581726509855,428324
2024-03-14,3645.37060546875,3675.421467530684,3561.88560885573,3591.598184636622,720948
2024-03-15,3619.28125,3652.424102865143,3581.983656865513,3645.3703390226697,487749
2024-03-18,3574.88134765625,3618.6530863758417,3557.488622541493,3618.6530863758417,533167
2024-03-19,3591.453125,3604.1593834244886,3548.1161544060915,3574.881580394433,559402
2024-03-20,3742.914794921875,3807.0745353695693,3692.0892892505394,3692.0892892505394,3045475
2024-03-21,3786.734619140625,3815.7708563016276,3750.065002103474,3750.40328836166,838929
2024-03-22,3853.841796875,3878.529854365966,3732.865762222772,3811.906092901497,1033237
2024-03-26,3779.149658203125,3906.1164664236267,3775.284607896212,3866.451340468145,772158
2024-03-27,3781.758544921875,3852.4889188240854,3774.0284442570664,3802.050059166998,510950
2024-03-28,3883.69921875,3937.519997050365,3760.452380005094,3783.2079108498187,1307106
2024-04-01,3813.500244140625,3932.6888317190496,3803.692772988216,3923.799262867454,532524
2024-04-02,3789.875,3855.38764934255,3782.2416200683947,3855.38764934255,485047
2024-04-03,3801.47021484375,3810.0700933928865,3754.9931260461835,3790.6481210722054,392460
2024-04-04,3878.86767578125,3894.0379501432044,3760.7420828767818,3823.50078628205,932478
2024-04-05,3895.24609375,3910.0299586633487,3833.69521350831,3877.6118013565892,537212
2024-04-08,4063.85888671875,4158.262930457646,3876.259099286015,3889.1585633164177,2165986
2024-04-09,4105.31103515625,4123.911588094999,3997.9110537182364,4104.489617677903,970657
2024-04-10,4169.51953125,4188.748061206304,4079.608519884941,4106.6157462806905,1018246
2024-04-12,4157.10302734375,4234.935286491487,4123.815094000458,4164.591562055101,1133493
2024-04-15,4077.0,4172.176861532081,4052.2635842656177,4106.615852907034,860133
2024-04-16,4208.75048828125,4255.420786384221,4064.390468354014,4075.116078321612,1467677
2024-04-18,4204.40234375,4294.071331342892,4191.695612116613,4209.040215870756,1316876
2024-04-19,4197.58984375,4222.036572154153,4117.53488793737,4198.411261373307,719002
2024-04-22,4316.2470703125,4333.687922167954,4222.95412972823,4245.758022297879,781218
2024-04-23,4367.65185546875,4381.90422900945,4295.03731446873,4321.174529425289,740619
2024-04-24,4377.84619140625,4417.4143621608355,4362.482238476514,4391.6635579920585,919636
2024-04-25,4459.49560546875,4473.312972747365,4334.65428140073,4413.887819313092,1260511
2024-04-26,4445.77392578125,4476.549481898125,4417.7523122520915,4436.111300426368,364193
2024-04-29,4417.607421875,4448.237660850749,4379.681617746496,4434.178729826899,465907
2024-04-30,4442.2958984375,4531.723791504769,4423.550497027501,4423.550497027501,663752
2024-05-02,4447.126953125,4477.7576666624645,4393.016246828449,4442.875491991855,908139
2024-05-03,4444.08349609375,4498.5324908205885,4425.482940068354,4467.032234047161,562484
2024-05-06,4443.841796875,4511.286739141585,4426.690635341073,4457.369473577816,716536
2024-05-07,4466.4521484375,4497.952403563025,4415.820082552744,4449.639273556977,505027
2024-05-08,4444.904296875,4477.660501825442,4407.07521371252,4430.313638513088,613158
2024-05-09,4413.93603515625,4549.164685593274,4388.281949792237,4425.48306287536,980283
2024-05-10,4500.7060546875,4530.8531627729835,4402.678531534286,4435.145047156089,471148
2024-05-13,4500.31982421875,4574.093594464857,4375.526635056953,4521.1425940125755,1738770
2024-05-14,4570.953125,4582.93515808681,4494.183848355884,4509.933739224676,870035
2024-05-15,4492.4931640625,4570.9534049778185,4442.972205257039,4570.9534049778185,1082300
2024-05-16,4523.7998046875,4539.453447105525,4389.827593197651,4493.120967970711,845652
2024-05-17,4535.53955078125,4541.433846518093,4466.065369916303,4502.783345696662,287570
2024-05-21,4515.296875,4569.3108584185975,4493.1209602472345,4493.1209602472345,500742
2024-05-22,4537.03759765625,4548.825717469857,4508.097846080221,4515.344815075098,201187
2024-05-23,4689.12744140625,4703.6213800620235,4524.572641449629,4538.197038147637,922926
2024-05-24,4716.279296875,4742.416509656783,4645.210404522699,4659.801063125476,545727
2024-05-27,4631.5859375,4741.450174488763,4609.072209560098,4697.050223076037,655641
2024-05-28,4609.990234375,4662.699664698443,4599.40947134278,4631.5858236691565,333511
2024-05-29,4585.30224609375,4646.611794091549,4564.8658873637805,4585.88209798984,548865
2024-05-30,4582.93505859375,4609.07227132539,4545.975516795386,4550.85495385215,431385
2024-05-31,4573.75634765625,4628.398314398461,4510.755831146265,4582.21114624727,1137018
2024-06-03,4513.26806640625,4638.0607953187055,4483.458768808082,4638.0607953187055,1070710
2024-06-04,4343.73681640625,4548.053232780315,4110.336273093118,4522.012266874876,920927
2024-06-05,4424.5166015625,4490.657467590094,4343.350540297759,4385.962816823333,468061
2024-06-06,4560.517578125,4567.522981470814,4385.189053250405,4424.51612696316,748915
2024-06-07,4601.34228515625,4608.106123038672,4512.542850747172,4541.434006769084,419417
2024-06-10,4621.392578125,4638.060608436569,4596.511315485991,4608.686318944722,301649
2024-06-11,4598.10546875,4649.607548880937,4583.997940300718,4647.723148070716,733966
2024-06-12,4687.0009765625,4709.032044061065,4584.9154405151285,4604.240690000967,523152
2024-06-13,4639.50927734375,4724.6370958194475,4607.139484405915,4722.076594620264,840780
2024-06-14,4768.6025390625,4778.168444215123,4639.509764388051,4654.969965623125,549131
2024-06-18,4769.5693359375,4808.123122724768,4746.813566610734,4773.337666049107,706641
2024-06-19,4716.08642578125,4796.238101267432,4686.37384931395,4773.337487754828,652617
2024-06-20,4712.36572265625,4758.74632492754,4679.65764106794,4720.530829904245,637364
2024-06-21,4682.025390625,4759.132956761372,4657.385694523269,4712.365941659275,414677
2024-06-24,4706.568359375,4723.768116576746,4632.456301742094,4674.7784144978505,302473
2024-06-25,4613.95166015625,4730.821300743141,4601.390247388754,4706.568017115093,660144
2024-06-26,4579.79443359375,4645.210119953888,4560.758874145892,4613.951434579899,600784
2024-06-27,4554.7685546875,4605.6426591355275,4524.089716467107,4562.692096903809,1087487
2024-06-28,4515.296875,4574.238891897867,4498.241963156185,4554.768323623812,939279
2024-07-01,4479.15869140625,4569.891132759615,4469.931071712898,4483.45874897273,1364796
2024-07-02,4469.68896484375,4540.5644168384215,4437.947145898027,4479.496435308021,865321
2024-07-03,4533.99365234375,4545.057547454014,4481.622504320964,4486.985072842212,257361
2024-07-04,4531.2880859375,4565.590405385369,4504.715866646898,4533.993432269395,313153
2024-07-05,4577.4755859375,4588.587605739623,4540.081506731621,4541.482304404536,258687
2024-07-08,4594.04736328125,4613.903870797856,4556.894377944019,4598.3955449395935,542470
2024-07-09,4665.79248046875,4674.778534070274,4582.017322976692,4597.091114140982,631367
2024-07-10,4685.55224609375,4787.83123783677,4633.229220066057,4678.643562786204,832007
2024-07-11,4665.74365234375,4720.192642385663,4643.713054527217,4714.346942575263,308708
2024-07-12,4696.71240234375,4714.58825889774,4652.554016619663,4665.646684994168,290823
2024-07-15,4716.666015625,4751.113182798248,4662.796875917657,4687.3879758921385,223485
2024-07-16,4750.24365234375,4769.133897411305,4697.00248883288,4716.714151470309,664540
2024-07-18,4774.39990234375,4797.493482550747,4623.518101982204,4655.452890016012,773064
2024-07-19,4687.0498046875,4758.842921356594,4657.578797763363,4739.517670914536,662969
2024-07-22,4693.4755859375,4705.601992460573,4599.02341977662,4606.173668428755,377893
2024-07-23,4753.57666015625,4807.1561063867675,4624.484363067221,4693.185251784557,1128441
2024-07-24,4749.5185546875,4775.559046421618,4714.394817852278,4752.079055994569,400075
2024-07-25,4735.314453125,4757.345522265191,4707.969411788085,4734.686476831486,413861
2024-07-26,4843.39111328125,4888.225601993237,4699.659556552953,4731.594345644049,625674
2024-07-29,4794.8369140625,4877.645813256765,4764.786050790167,4864.16626034372,338482
2024-07-30,4784.78759765625,4810.683246870077,4738.696682455676,4783.04804187424,683440
2024-07-31,4795.271484375,4824.355610525336,4773.289010726366,4784.787441042533,567283
2024-08-01,4801.16552734375,4853.537150177936,4738.068766851983,4802.808362524275,654655
2024-08-02,4567.2333984375,4719.2263093161955,4533.268892249899,4719.2263093161955,2120560
2024-08-05,4518.00244140625,4535.008757864556,4401.326230146066,4456.548044467873,946316
2024-08-06,4496.88916015625,4591.679610105226,4481.573804468881,4528.872544731312,594238
2024-08-07,4491.27197265625,4581.983620116192,4473.930776652612,4557.5107427675275,1093582
2024-08-08,4471.48779296875,4535.03989092699,4443.2534939223815,4517.50311255433,979435
2024-08-09,4719.34521484375,4741.229218860194,4608.312814738084,4694.9696543591235,1697560
2024-08-12,4698.046875,4740.300771106401,4682.952994866525,4688.472772592401,738630
2024-08-13,4691.64794921875,4723.545881932217,4679.77787489645,4699.415041213914,194849
2024-08-14,4624.2373046875,4708.989343177256,4607.384593863889,4700.147966863715,328795
2024-08-16,4707.03515625,4713.873937091376,4626.044547121373,4626.044547121373,259101
2024-08-19,4702.443359375,4736.344364846832,4669.910491742545,4736.344364846832,280722
2024-08-20,4770.7822265625,4785.192514350714,4713.189733028631,4737.223257560478,523506
2024-08-21,4800.38427734375,4811.570759568516,4754.906576004055,4777.37685569341,221438
2024-08-22,4819.923828125,4835.018185633086,4792.617838676786,4818.605301984037,536373
2024-08-23,4785.29052734375,4853.4340947734845,4769.854135525462,4806.686046656523,208413
2024-08-26,4762.91796875,4802.729443038415,4753.001354875532,4789.100538940208,314431
2024-08-27,4756.71435546875,4774.690484916619,4725.304905816757,4753.978556769508,382109
2024-08-28,4832.91748046875,4861.151779156539,4728.528284402884,4757.837344016952,424484
2024-08-29,4802.68017578125,4879.3722161580445,4767.607096035137,4832.917546845912,571335
2024-08-30,4846.25341796875,4864.815823964397,4783.238934457212,4788.172435762901,465200
2024-09-02,4798.82177734375,4895.590339905647,4775.178943099945,4835.751004779081,310778
2024-09-03,4753.734375,4826.225647400674,4744.208929643288,4810.545489704604,263404
2024-09-04,4722.22705078125,4765.116359990021,4710.161868500382,4718.759002577,476838
2024-09-05,4689.5478515625,4751.096883590539,4676.895915275859,4738.29849739665,398344
2024-09-06,4643.0439453125,4718.759022800499,4631.027420602805,4684.27221702985,291111
2024-09-09,4638.0126953125,4669.910629624483,4607.482421844767,4643.043988972878,272444
2024-09-10,4628.0966796875,4657.698642806592,4581.348628316408,4639.624720438072,404100
2024-09-11,4617.7890625,4669.42195428411,4593.706879180643,4621.062003088992,384214
2024-09-12,4762.72265625,4782.26203125,4609.045662689209,4635.618926467896,757317
2024-09-13,4746.4072265625,4768.975300756714,4716.805263383237,4746.016534458142,315869
2024-09-16,4786.36572265625,4825.004647776133,4748.068354986993,4772.443917294406,453831
2024-09-17,4738.494140625,4785.681541616456,4705.716552021066,4785.681541616456,356442
2024-09-18,4738.640625,4766.33778536406,4701.418019015823,4751.976153461055,295359
2024-09-19,4752.85546875,4810.398836256589,4733.511677124641,4762.722949138916,357206
2024-09-20,4848.8427734375,4945.611822674073,4742.597412731729,4754.711730867159,1332877
2024-09-23,4767.16748046875,4876.44152614442,4742.841054984591,4875.073865356831,899953
2024-09-24,4764.57861328125,4782.21318474355,4743.183093908414,4774.934577029325,481696
2024-09-25,4782.50634765625,4806.686324593995,4739.27547979786,4739.27547979786,665986
2024-09-26,4879.22607421875,4884.74585212983,4777.377084232805,4801.8013024548545,790345
2024-09-27,4946.001953125,4987.42533157861,4839.268120123049,4875.073928418661,1040624
2024-09-30,4910.48876953125,4967.885678799584,4883.377888983228,4945.415399426449,516973
2024-10-01,4858.12353515625,4929.735630396957,4837.9492259760345,4910.53781292637,449002
2024-10-03,4672.35302734375,4835.995292284697,4602.499762010749,4816.455917366375,1337657
2024-10-04,4598.39599609375,4692.184989452967,4582.813631855882,4671.8642317059985,466001
2024-10-07,4560.44140625,4639.428947000358,4542.904626608349,4639.428947000358,447523
2024-10-08,4585.3544921875,4629.366746648473,4480.57458639916,4542.905006207745,661110
2024-10-09,4600.4482421875,4628.780337112056,4552.674563739063,4590.678554282481,930717
2024-10-10,4589.701171875,4659.163742026934,4581.983214532674,4628.682127696014,305739
2024-10-11,4619.15673828125,4697.412027694451,4552.674208095263,4595.660831519338,844931
2024-10-14,4669.71484375,4699.21948957149,4621.696927117093,4639.624398331602,346430
2024-10-15,4613.34423828125,4689.352216357071,4587.747466169884,4669.666391415408,370224
2024-10-16,4570.50390625,4624.969912293593,4534.111821494415,4615.200225110885,380474
2024-10-17,4517.35693359375,4547.740756342268,4416.875604840519,4538.01972671626,514244
2024-10-18,4655.890625,4689.351801790982,4505.828142582835,4507.635630020978,778795
2024-10-21,4699.6591796875,4741.082556331506,4633.762451376916,4655.255762346827,745473
2024-10-22,4649.44287109375,4715.046703328296,4640.25946038473,4699.659445740111,528037
2024-10-23,4570.015625,4616.617225746872,4545.982098055296,4613.7836347095445,655987
2024-10-24,4560.978515625,4576.756465206083,4523.511669425519,4557.559125070285,288778
2024-10-25,4485.849609375,4565.032732243851,4404.907656612677,4542.904486442794,446738
2024-10-28,4611.92724609375,4655.255903795357,4429.234097298423,4485.849624864973,989928
2024-10-29,4785.33935546875,4805.269422428635,4577.5383899518965,4580.029469433563,1065819
2024-10-30,4757.10498046875,4833.797025643427,4738.396124728144,4738.396124728144,842334
2024-10-31,4781.919921875,4801.801331033176,4709.673370165505,4756.860769237139,510074
2024-11-01,4839.51220703125,4875.07377200511,4816.455650498035,4870.042478649519,79729
2024-11-04,4720.56640625,4899.498131953007,4680.7057962433155,4887.237365328325,719165
2024-11-05,4786.951171875,4796.916443692394,4697.265633660495,4720.566433177997,499976
2024-11-06,4803.90185546875,4846.155754449945,4793.937060311843,4797.844935362127,370356
2024-11-07,4765.65380859375,4807.614809387284,4706.6936460795,4803.902041724247,221554
2024-11-08,4675.03955078125,4765.604741617901,4645.828281564066,4762.722493089931,194765
2024-11-11,4683.05078125,4721.299010247153,4640.894200437862,4652.324924982067,209237
2024-11-12,4629.07373046875,4696.533234879121,4597.17531771674,4677.726585594931,326018
2024-11-13,4483.0166015625,4611.243747357761,4431.578816306505,4591.753030382676,656931
2024-11-14,4771.22265625,4858.465778121537,4596.931043007475,4616.617345695458,2874648
2024-11-18,4763.35791015625,4800.824759639916,4750.9993500465835,4767.559162284471,494329
2024-11-19,4851.08984375,4898.570145067259,4767.607670266869,4767.607670266869,452273
2024-11-21,4769.6591796875,4843.811011626596,4755.297548399128,4777.67003713205,593722
2024-11-22,4871.36181640625,4889.7286382592265,4769.561480915394,4799.847512441075,339941
2024-11-25,4887.14013671875,4950.301076359325,4873.120538559367,4883.8671957213855,945466
2024-11-26,4818.16552734375,4898.863239734396,4762.722551994887,4893.636361629207,564637
2024-11-27,4804.24365234375,4857.390654992064,4777.474804980293,4819.386667414687,189349
2024-11-28,4704.78857421875,4806.686223467065,4683.3925770834385,4806.686223467065,954250
2024-11-29,4720.56640625,4752.2687550001565,4697.265606865415,4726.574668472313,407774
2024-12-02,4709.67333984375,4733.901973494028,4585.451384398445,4726.623365653194,250521
2024-12-03,4732.77880859375,4757.837962413729,4709.722249960161,4709.722249960161,351449
2024-12-04,4686.56787109375,4766.4350684464935,4641.578649821189,4724.669653317077,349544
2024-12-05,4726.134765625,4767.607277945096,4650.371033405462,4686.567533092874,525957
2024-12-06,4764.72509765625,4815.185913594228,4716.365146091413,4739.275253354009,327806
2024-12-09,4730.58056640625,4775.423337445285,4704.10461738933,4774.055676577345,377043
2024-12-10,4702.19921875,4762.624830925379,4687.007545607107,4728.528717194038,342297
2024-12-11,4691.35546875,4722.276435525269,4684.663137135963,4710.943502161902,240736
2024-12-12,4696.923828125,4708.989487883842,4665.025893079947,4691.355392337827,236847
2024-12-13,4714.75341796875,4746.554037156016,4644.7050444770475,4677.726397572183,404369
2024-12-16,4727.06298828125,4752.952658466112,4689.449693861734,4708.989067586158,404180
2024-12-17,4633.42041015625,4718.758719675913,4618.082288116899,4697.36320101243,402231
2024-12-18,4640.455078125,4688.815030890779,4607.726625243109,4615.200340717989,331577
2024-12-19,4662.04638671875,4669.9107946277045,4565.961411258999,4601.522979643617,500287
2024-12-20,4625.45849609375,4711.383087527123,4611.292449374274,4638.647574073952,386086
2024-12-23,4641.138671875,4666.19830176477,4589.799155237582,4640.601529880485,371318
2024-12-24,4682.513671875,4697.265996180263,4629.5131144097795,4641.138947736977,227611
2024-12-26,4690.76904296875,4713.239324409161,4662.094914506163,4682.513466147084,328172
2024-12-27,4764.57861328125,4840.83130742831,4679.240300932254,4708.989189008971,408992
2024-12-30,4743.96484375,4791.983241245814,4721.006077262035,4777.377367070105,242799
2024-12-31,4710.84521484375,4760.182133520551,4699.219382879483,4715.8278505528615,313948
2025-01-01,4772.78515625,4793.448426562915,4633.225554493947,4717.7820074454075,290234
2025-01-02,5185.84765625,5207.243175390942,4755.150909084721,4772.492103524343,2863478
2025-01-03,5188.4365234375,5261.660518315464,5149.357775438159,5202.358327412265,836689
2025-01-06,5129.18359375,5226.782673879451,5068.953567316978,5188.436651458934,419050
2025-01-07,5058.06005859375,5170.118563704423,5047.50898703305,5129.183668971841,439721
2025-01-08,5044.28515625,5117.21577680776,5016.05037821992,5092.156624197465,343162
2025-01-09,5021.521484375,5076.183075681201,4987.425371074853,5066.852738080116,239408
2025-01-10,4941.94775390625,5043.79674588054,4923.922489692275,5031.389051967305,316803
2025-01-13,4825.3466796875,4908.486819702384,4812.1576009306855,4894.6136719735905,213093
2025-01-14,4913.712890625,4925.241407873136,4836.043876503574,4836.043876503574,448429
2025-01-15,4964.857421875,4976.092562560323,4888.94723581374,4921.870796644198,497259
2025-01-16,4931.54248046875,5015.855166652753,4918.939679473547,4994.31272030193,435315
2025-01-17,4896.85986328125,4958.506681632588,4882.938059763731,4889.728182819802,197564
2025-01-20,4901.2080078125,4922.4084206368825,4816.455968209622,4896.909440692197,255315
2025-01-21,4855.48583984375,4963.001055759134,4845.7648103475,4916.448592050699,416551
2025-01-22,4894.32080078125,4909.268232645533,4839.122063439067,4865.30463653229,494734
2025-01-23,4998.36767578125,5039.2047784410315,4863.154820066708,4881.522118663881,442186
2025-01-24,5086.39208984375,5104.173111479839,4997.243693552711,5015.757441733657,730641
2025-01-27,5026.01611328125,5088.053633583196,4997.781809684799,5070.468194757447,418597
2025-01-28,4987.81591796875,5074.3754404109695,4972.770695358458,5041.158504528418,603950
2025-01-29,5063.53125,5114.431417393002,4963.538402812537,4963.538402812537,357310
2025-01-30,5045.40869140625,5146.671407577623,5021.668064409662,5063.531271019254,480830
2025-01-31,5074.6689453125,5123.224486427148,5026.504573353866,5046.043949732307,394118
2025-02-01,5266.00830078125,5298.150479009308,5011.947754245158,5094.696725680324,609534
2025-02-03,5358.91748046875,5447.088904307646,5282.371888576583,5446.600419965049,1330533
2025-02-04,5324.5771484375,5426.2305497349735,5316.6636066478495,5409.035805397885,591631
2025-02-05,5292.435546875,5344.019308434704,5227.760021834388,5324.479932535492,442234
2025-02-06,5218.96728515625,5319.64372832469,5208.12283616149,5303.084393527034,361000
2025-02-07,5248.81298828125,5274.654001160776,5197.522131629844,5245.002905765673,604384
2025-02-10,5212.47021484375,5319.496948520775,5185.163747995497,5275.631147901805,631815
2025-02-11,4857.83056640625,5021.130794433239,4840.831405889014,5020.495860165007,2272410
2025-02-12,4737.76123046875,4884.843682948112,4723.057564761767,4835.99524611863,813864
2025-02-13,4709.3798828125,4794.034126280332,4679.680129381771,4738.933186343565,571526
2025-02-14,4595.0263671875,4738.298748367629,4578.1245204823,4719.8341331883175,476473
2025-02-17,4635.912109375,4645.486211910267,4538.996622615163,4591.752932908151,232211
2025-02-18,4610.7060546875,4662.583188821986,4576.561284345298,4659.163798322064,254026
2025-02-19,4699.8056640625,4709.96604300663,4569.331209609813,4591.752831804845,275722
2025-02-20,4775.81396484375,4786.169929050188,4666.979740982394,4669.910647246356,277284
2025-02-21,4848.15869140625,4868.137415822249,4743.183209981838,4775.42317824742,324027
2025-02-24,4895.39453125,4933.594102515786,4802.338263333377,4822.3174638997525,410180
2025-02-25,4874.87841796875,4958.116345259029,4863.399035297461,4912.1988145738715,402917
2025-02-27,4821.8291015625,4884.843583793435,4777.230575049567,4846.253319481467,561804
2025-02-28,4663.658203125,4818.361302838526,4645.486488645589,4796.965305205614,1076243
2025-03-03,4793.59521484375,4814.5022517800035,4715.82840286974,4715.82840286974,503560
2025-03-04,4704.20263671875,4774.446599113203,4678.019586254276,4774.446599113203,638281
2025-03-05,4873.4130859375,4888.7516863190995,4670.7898600531225,4697.265808917312,551830
2025-03-06,4977.0693359375,4989.477029456256,4880.545017522579,4880.545017522579,648307
2025-03-07,4983.224609375,5013.2172632697175,4956.162384645031,4977.069420133139,590548
2025-03-10,4875.611328125,5011.849814581192,4856.169744914141,5005.011033157787,316750
2025-03-11,4870.72607421875,4894.613149565257,4798.918875317942,4835.995028013577,228128
2025-03-12,4901.89208984375,4923.824752258337,4846.25352821374,4870.18926280526,235018
2025-03-13,4899.74267578125,4931.24991894838,4850.698652192154,4914.641449681985,265867
2025-03-17,4933.9365234375,4960.021780372356,4821.340872860564,4821.340872860564,287729
2025-03-18,4933.9365234375,4933.9365234375,4933.9365234375,4933.9365234375,0
2025-03-19,4983.419921875,5021.22880422773,4938.186458471299,5012.82677736762,417978
2025-03-20,5108.91162109375,5137.8299914605195,4995.534111593074,5010.87271176089,491655
2025-03-21,5183.74755859375,5205.240871212819,5109.88862527748,5128.25544706502,414691
2025-03-24,5299.27392578125,5330.341340286163,5190.537020943037,5202.846922231298,316612
2025-03-25,5306.1611328125,5373.1812795357655,5276.803414850443,5334.248982307249,324007
2025-03-26,5278.85498046875,5368.443204375075,5265.861487094023,5308.750319197759,384678
2025-03-27,5222.63037109375,5280.515765937748,5177.9340535559795,5206.705972271539,603145
2025-03-28,5224.5361328125,5283.789193880549,5199.867671130757,5239.483564324252,286609
2025-04-01,5184.96875,5397.752353312762,5144.815238896759,5241.974495035074,562006
2025-04-02,5232.15576171875,5269.720398250075,5188.924897661976,5238.21315834429,365908
2025-04-03,5255.26123046875,5283.739773443042,5143.740345730526,5143.740345730526,224286
2025-04-04,5127.0341796875,5231.765419929125,5109.546534565212,5227.711095045895,261887
2025-04-07,4948.59130859375,5048.388578010261,4884.79543555107,4884.8440931777795,519173
2025-04-08,5110.865234375,5147.648010020716,4992.1144042899705,5046.580408571363,355195
2025-04-09,5137.1943359375,5201.381370485908,5062.993849227093,5149.162202539388,472302
2025-04-11,5227.662109375,5284.424090464486,5168.164806536722,5168.164806536722,500528
2025-04-15,5401.66015625,5429.015280933487,5274.654220219524,5338.157188234762,542322
2025-04-16,5486.16796875,5500.334015503962,5411.429860013578,5421.199547430104,734279
2025-04-17,5547.71728515625,5583.865130458844,5447.577983980144,5486.168251262644,564357
2025-04-21,5676.6767578125,5722.594287735431,5513.5229812778325,5564.325354809585,551547
2025-04-22,5650.78759765625,5770.466276894302,5633.6906434793855,5677.165755529127,459537
2025-04-23,5607.80078125,5682.5388927074255,5476.398480713741,5655.672251333841,582611
2025-04-24,5520.36181640625,5641.505939091742,5490.564270100544,5603.89264293536,503663
2025-04-25,5447.08935546875,5537.458966334297,5390.425167034136,5532.08563812067,457510
2025-04-28,5492.51806640625,5527.688939830409,5422.664803911044,5451.973865097844,403569
2025-04-29,5450.5087890625,5560.417776115652,5381.144006122289,5496.914805818275,309552
2025-04-30,5438.78466796875,5475.909477989014,5378.701093857006,5475.909477989014,509786
2025-05-02,5314.7099609375,5431.946210075827,5252.183961397059,5431.946210075827,634482
2025-05-05,5334.73779296875,5353.788683356606,5286.37784044573,5343.530511609299,320466
2025-05-06,5387.982421875,5468.093855890185,5315.198253166081,5334.737627316126,514699
2025-05-07,5362.58154296875,5442.692981577501,5326.9221831002205,5334.737933208391,349955
2025-05-08,5248.76416015625,5362.092525456971,5216.524194165528,5337.668308797333,609858
2025-05-09,5201.3818359375,5217.501820966232,5139.344317796623,5173.049741038517,412056
2025-05-12,5392.86767578125,5413.384020199983,5289.3089849057405,5378.213144053584,327631
2025-05-13,5294.193359375,5425.59564888154,5268.303688951779,5379.678120206392,416275
2025-05-14,5321.060546875,5351.346579547932,5236.55274602956,5304.940561742633,315866
2025-05-15,5340.111328125,5420.222767734633,5236.552637897915,5373.328266499726,1930277
2025-05-16,5382.609375,5456.85900064661,5364.5354529676015,5377.236046828206,638327
2025-05-19,5402.63720703125,5498.380144877374,5382.609347583847,5383.097831960613,654074
2025-05-20,5263.4189453125,5429.503626649507,5256.091679959397,5422.176361296404,402780
2025-05-21,5284.423828125,5351.346185719114,5260.9765787489605,5285.400796849001,300888
2025-05-22,5262.9306640625,5285.400945345856,5197.473757715334,5258.0458203052485,461736
2025-05-23,5275.63134765625,5312.267676459418,5252.184097222223,5265.861659975405,282287
2025-05-26,5302.498046875,5346.95012630988,5276.119889847709,5278.56231179468,337099
2025-05-27,5265.373046875,5319.594812178194,5252.183968828277,5295.170593573152,452769
2025-05-28,5203.82421875,5284.912627678236,5191.612108971651,5280.5162681580305,380066
2025-05-29,5255.11474609375,5272.211698697699,5165.233623832991,5205.777825722355,704795
2025-05-30,5210.66259765625,5278.561922778048,5196.985035761211,5254.137705108336,915804
2025-06-02,5237.529296875,5260.976546105554,5194.0541889266815,5217.012953798265,475698
2025-06-03,5230.6904296875,5289.308551798305,5174.026244980389,5289.308551798305,479572
2025-06-04,5196.98486328125,5261.4647957892985,5174.51458377087,5217.01272110572,321913
2025-06-05,5186.23876953125,5215.059348546258,5162.30303441709,5208.709051475154,459910
2025-06-06,5269.76953125,5280.516187691184,5140.321169572094,5168.653263826126,538092
2025-06-09,5266.83837890625,5318.617721158528,5253.649301162745,5297.124409280224,270949
2025-06-10,5253.6494140625,5301.032398085194,5246.8106328633485,5301.032398085194,330659
2025-06-11,5228.73681640625,5309.336739304889,5219.455613163376,5246.322254129589,366787
2025-06-12,5193.0771484375,5251.206786351531,5179.8880709275945,5227.759537445031,337217
2025-06-13,5196.49658203125,5210.662628363165,5099.28819513294,5158.394802241963,414671
2025-06-16,5241.4375,5257.557484855545,5182.819373252562,5182.819373252562,294926
2025-06-17,5217.990234375,5266.838673191467,5188.68117108512,5257.068985428174,710729
2025-06-18,5268.79248046875,5337.180293120857,5185.261652157962,5211.151324090545,774670
2025-06-19,5366.9775390625,5379.6781321284525,5280.5158093442815,5285.400652831187,923400
2025-06-20,5397.75244140625,5414.36091045673,5368.44337837599,5402.637285244627,776879
2025-06-23,5424.619140625,5431.946406461054,5353.3004198207445,5368.443435881923,247519
2025-06-24,5499.35693359375,5509.615105170004,5431.946091806937,5460.278184731829,579369
2025-06-25,5447.57763671875,5522.315744539586,5439.2734025164345,5502.287885581061,449222
2025-06-26,5482.26025390625,5493.006910378311,5385.05186127261,5448.066346949693,788150
2025-06-27,5529.64306640625,5554.067284897444,5466.140098329146,5485.679473122102,413724
2025-06-30,5526.2236328125,5552.601788577715,5483.725492968542,5529.643023374657,340049
2025-07-01,5583.865234375,5616.593689514806,5502.776823133092,5526.224074576535,534027
2025-07-02,5590.70361328125,5612.685409925868,5556.021223019741,5556.021223019741,299925
2025-07-03,5584.353515625,5641.506188939216,5568.722015231368,5578.491702977388,335537
2025-07-04,5499.35693359375,5583.864728007653,5490.564215099817,5583.864728007653,185006
2025-07-07,5551.625,5568.721953365596,5495.44929608447,5500.3341399032115,227078
2025-07-08,5548.6943359375,5573.607040500649,5518.408302939162,5573.607040500649,180630
2025-07-09,5563.83740234375,5586.796169500041,5538.924697557136,5540.390150779878,177978
2025-07-10,5521.8271484375,5573.606490062975,5505.218680368951,5560.905896834085,189074
2025-07-11,5483.2373046875,5552.602088408268,5460.27853824471,5502.288195991091,522930
2025-07-14,5412.8955078125,5486.168166071851,5393.356132276673,5477.375447080729,503684
2025-07-15,5462.232421875,5512.546313795329,5440.250624434079,5461.255453099848,715066
2025-07-16,5496.91455078125,5503.753331880596,5412.406755767906,5471.024879476584,226544
2025-07-17,5519.87353515625,5552.1135044766315,5498.380222275996,5537.458972967367,391603
2025-07-18,5497.8916015625,5550.647913687666,5482.260101673562,5533.550960684141,254828
2025-07-21,5429.9921875,5497.403029698183,5412.895234768576,5468.0939678728855,190717
2025-07-22,5314.22119140625,5411.429576100601,5308.359379263877,5344.018736463312,517944
2025-07-23,5316.17529296875,5336.203151740387,5297.124402917681,5306.894090123357,344237
2025-07-24,5343.0419921875,5375.281960324671,5308.848086587471,5314.709898976047,284450
2025-07-25,5307.87109375,5353.7886239186455,5248.764485766957,5353.7886239186455,292877
2025-07-28,5261.95361328125,5330.341424816655,5233.621519930868,5307.8711438835935,322292
2025-07-29,5344.50732421875,5357.696401794283,5229.713500876148,5265.861343120201,217256
2025-07-30,5354.76611328125,5428.527259340862,5314.7103915800035,5339.134612129544,266223
2025-07-31,5342.5537109375,5383.097914833249,5262.442271914573,5324.4797887189125,307018
2025-08-01,5470.71142578125,5611.239830712679,5418.2606830955765,5493.473068833524,1408773
2025-08-04,5562.74755859375,5611.239753998677,5462.7942578611455,5470.216532668022,505407
2025-08-05,5622.1259765625,5631.032706678512,5526.626036985263,5566.706322507316,458305
2025-08-06,5609.2607421875,5653.299574761132,5592.436918507686,5625.589747523791,202535
2025-08-07,5622.62060546875,5635.485881869541,5530.089579047677,5601.3434175751345,266900
2025-08-08,5604.3125,5652.309878818647,5596.890224924951,5622.620778518453,373874
2025-08-11,5612.72412109375,5649.3406762344475,5593.921025210689,5618.167122533583,475811
2025-08-12,5599.3642578125,5634.991177798582,5584.519707818299,5620.641446137522,429572
2025-08-13,5655.27880859375,5697.833185839271,5589.962787705275,5599.364336166495,427562
2025-08-14,5704.265625,5725.542812879511,5650.825246139833,5650.825246139833,415010
2025-08-18,5850.73193359375,5962.066057837542,5765.128362508523,5819.063560475516,1288582
2025-08-19,5876.95751953125,5932.87199285844,5830.444594816597,5856.6699672620925,843617
2025-08-20,5875.9677734375,5907.636147121711,5843.804581414473,5902.193145394736,510626
2025-08-21,5913.0791015625,5930.397743282558,5836.877077994247,5927.923651608264,499089
2025-08-22,5863.1025390625,5911.099918275012,5852.216535529765,5908.13100822063,273421
2025-08-25,5928.41845703125,5946.72673538115,5819.063605265629,5883.389988657171,822944
2025-08-26,6087.2548828125,6145.64344371088,5898.234287361811,5918.027019869737,1474805
2025-08-28,6069.44140625,6204.526805231432,6057.565766779105,6204.526805231432,719052
2025-08-29,6039.75244140625,6110.511461488267,6007.094432137627,6085.275727053421,496302
2025-09-01,6214.91845703125,6226.794097395004,6021.939301120248,6021.939301120248,698178
2025-09-02,6283.203125,6321.798954559774,6217.39228741731,6245.102113767916,701158
2025-09-03,6305.47021484375,6312.892490071143,6242.628284585165,6283.203389161574,536107
2025-09-04,6358.41552734375,6643.430884834022,6345.055432461393,6620.669241701118,1181698
2025-09-05,6512.30419921875,6530.117659531178,6373.7550634554145,6382.166975269617,610721
2025-09-08,6744.3740234375,6777.032034115921,6500.923398380181,6502.4078534110195,968116
2025-09-09,6803.25732421875,6865.109616423808,6708.747021729421,6711.715931755263,983283
2025-09-10,6765.65087890625,6852.738903091688,6732.00323319824,6828.492805449152,740607
2025-09-11,6687.96435546875,6757.733737987328,6680.047262416997,6734.477277147802,719575
2025-09-12,6803.751953125,6827.503232670455,6692.417830255682,6694.891921875001,731798
2025-09-15,6730.51904296875,6828.9878923696315,6717.1589478239075,6803.752157096039,380686
2025-09-16,6855.7080078125,6882.42819781047,6730.024151155381,6752.29097615369,579275
2025-09-17,6819.09130859375,6866.099049274137,6808.205305488818,6849.2752262937875,310534
2025-09-18,6852.7392578125,6863.130443054327,6797.319603189423,6824.039793811264,224356
2025-09-19,6901.2314453125,6945.270277938356,6853.234065933758,6875.006073074631,550551
2025-09-22,6874.01611328125,6932.8994934626835,6853.23374380545,6927.456491933307,332786
2025-09-23,6918.05517578125,7048.687216866026,6906.179535682634,6942.301274315924,679055
2025-09-24,6938.83740234375,6987.329598409477,6855.707923373932,6877.974748097991,323002
2025-09-25,6913.6015625,6971.495305901983,6860.161183975093,6936.858023524728,375861
2025-09-26,6973.9697265625,7017.513740748502,6893.314336649793,6907.6640685974535,679362
2025-09-29,6912.6123046875,7000.195152069725,6896.778117590148,6975.949053076906,612976
2025-09-30,6932.8994140625,6959.619603082511,6879.459036022477,6912.117044824714,363934
2025-10-01,6948.73388671875,6989.803808572888,6877.974864729091,6927.456698288293,313734
2025-10-03,6869.06787109375,6935.868343835261,6779.010937471861,6927.456432452997,669742
2025-10-06,6808.7001953125,6883.417762862804,6793.855645468068,6869.068031346521,218200
2025-10-07,6884.90234375,6926.467084074493,6808.700319821762,6808.700319821762,286586
2025-10-08,6830.96728515625,6934.384319752241,6818.10200812517,6884.902485017317,476286
2025-10-09,6825.029296875,6885.891952099797,6747.34281825473,6853.233941979174,405889
2025-10-10,6892.8193359375,6911.622432474875,6805.23649153973,6824.039588077104,282882
2025-10-13,6840.36865234375,6973.969602584839,6825.029283982736,6926.961860833344,342990
2025-10-14,6815.62744140625,6870.057455821429,6744.373604353651,6867.583364257103,309415
2025-10-15,6823.544921875,6868.078572561639,6793.855821417241,6822.060466852112,237366
2025-10-16,6915.5810546875,6943.7856998017805,6820.575934302554,6821.565570973231,319047
2025-10-17,6969.51611328125,7025.430584051629,6915.580915812478,6917.560189114084,402013
2025-10-20,6940.81689453125,7030.873832921831,6934.879074417585,6975.948996870433,326177
2025-10-21,6945.76513671875,6984.855786131073,6932.405041349981,6964.073415557433,14379
2025-10-23,6813.15380859375,7026.420515798624,6797.814439862077,7026.420515798624,419750
2025-10-24,6769.11474609375,6837.894493879352,6721.61218647204,6822.555125668175,243740
2025-10-27,6834.92578125,6855.708151684554,6767.630486509538,6796.82476878665,228141
2025-10-28,6929.9306640625,6949.228578799983,6833.4410903750895,6833.4410903750895,485231
2025-10-29,6879.9541015625,6934.878936521752,6817.6069916087545,6934.878936521752,343504
2025-10-30,6817.60693359375,6916.075781016101,6797.8142004435285,6879.954043016947,412184
2025-10-31,6934.38427734375,7025.430852699198,6830.967243380225,6857.192615629348,670785
2025-11-03,6950.712890625,6996.730994051221,6923.9927015388075,6957.145528738343,334962
2025-11-04,6858.18212890625,6986.83489611517,6834.925667141561,6976.938529406791,494329
2025-11-06,6735.9619140625,6902.715690969799,6723.096637505853,6873.026591223692,435650
2025-11-07,6814.63818359375,6825.524187081919,6650.853312930845,6735.962067474711,465149
2025-11-10,6795.34033203125,6843.832529842293,6730.0243104898445,6798.804060446325,514365
2025-11-11,6801.77294921875,6818.596772896433,6684.006183474965,6800.288494188366,409676
2025-11-12,6807.71044921875,6853.23373467653,6767.630165283097,6834.925456829379,300606
2025-11-13,6783.95947265625,6874.511229293456,6688.459532596246,6803.752206347443,842032
2025-11-14,6625.61767578125,6779.011363570062,6600.876758395958,6728.539892104066,739163
2025-11-17,6728.53955078125,6738.435917233347,6605.824606775238,6660.254622261776,789635
2025-11-18,6743.87890625,6782.969553663144,6684.005889326069,6764.166457439101,517129
2025-11-19,6825.029296875,6839.873846929829,6689.9438913760605,6729.529358188936,416170
2025-11-20,7051.65625,7064.026708652025,6815.133080573293,6834.430996070451,857232
2025-11-21,7060.56298828125,7130.332375158232,7015.039700389886,7051.656258041636,654156
2025-11-24,7183.27783203125,7209.00838567633,7061.057702217121,7077.38670741496,1229296
2025-11-25,7143.6923828125,7199.112036956367,7105.591370588592,7183.277850058119,521990
2025-11-26,7123.8994140625,7197.627344374045,7105.591136065674,7182.782794646889,313545
2025-11-27,6926.466796875,7135.774944830288,6908.65333747455,7135.2801265136095,480102
2025-11-28,6980.40234375,6991.783165604841,6883.912767154604,6926.467144524881,449709
2025-12-01,7051.65625,7174.866018174163,6952.197762437724,6988.319501701635,974710
2025-12-02,7038.79052734375,7121.425185907294,7018.008158124177,7051.160985212544,448174
2025-12-03,7008.11181640625,7031.368277281142,6969.021169403773,7016.52372778653,333674
2025-12-04,7026.42041015625,7093.220885886609,6993.267581460442,7024.441136801276,364672
2025-12-05,7133.30126953125,7143.1976364423645,6997.226224503427,7046.213240713443,501035
2025-12-08,7067.98486328125,7159.031433908788,7041.264674075343,7155.0728873597645,273509
2025-12-09,7049.18212890625,7121.425607133142,6978.917924055437,7067.985225979002,436443
2025-12-10,7153.58837890625,7218.409578161747,7055.614352550614,7055.614352550614,626505
2025-12-11,7180.8037109375,7252.5523698463985,7145.671608989004,7174.865890889867,502052
2025-12-12,7154.08349609375,7199.11196463328,7113.508392574613,7160.02131612094,324682
2025-12-15,7047.697265625,7135.7749257584865,7020.97707659574,7125.383741135996,391821
2025-12-16,6988.3193359375,7047.697536058757,6962.588782551623,7046.213081055725,505906
2025-12-17,7060.56298828125,7102.127729399453,7007.122606843562,7030.379069135889,594264
2025-12-18,7032.85302734375,7069.964402637551,6940.816816615126,7061.057672567038,327756
2025-12-19,7142.2080078125,7166.94892511821,7001.679597516064,7001.679597516064,423435
2025-12-22,7215.935546875,7234.243824680278,7138.249070782332,7162.989986735411,233966
2025-12-23,7227.31640625,7261.953688766603,7204.554763453375,7261.953688766603,249187
2025-12-24,7236.71826171875,7273.33481907719,7165.464420372597,7224.34780315171,205296
2025-12-26,7248.09912109375,7283.726041951119,7198.617286569625,7224.34784052217,157706
2025-12-29,7196.6376953125,7298.07545160644,7157.547047765079,7248.098800944547,282572
2025-12-30,7117.9619140625,7236.22349887035,7058.583712485336,7196.638031152242,1976062
2025-12-31,7236.71826171875,7246.614628572383,7066.0059334935895,7114.498131076389,357381
2026-01-01,7271.85009765625,7286.694647392892,7196.1428939993775,7241.171361533858,155326
2026-01-02,7258.490234375,7305.992795047166,7222.368495530541,7271.850329564047,227469
2026-01-05,7404.95654296875,7436.6249170917035,7252.057674156365,7267.891861217841,426798
2026-01-06,7444.5419921875,7490.560098220962,7406.9357980096165,7436.130080331921,396099
2026-01-07,7503.919921875,7518.269653344461,7412.37853146637,7445.036541017557,380761
2026-01-08,7472.74658203125,7522.2284161064135,7460.87094185321,7511.342412609877,459727
2026-01-09,7429.20263671875,7534.598944273105,7408.420266215074,7503.425388517592,474627
2026-01-12,7358.93798828125,7429.202189083828,7246.119412344717,7399.513090153161,315579
2026-01-13,7327.27001953125,7436.624873280332,7271.850365142575,7410.399501114262,262636
2026-01-14,7281.74658203125,7313.41495531543,7161.010908885311,7313.41495531543,426082
2026-01-15,7281.74658203125,7281.74658203125,7281.74658203125,7281.74658203125,0
2026-01-16,7239.1923828125,7340.135325129229,7222.863377437735,7254.036933153196,441023
2026-01-19,7247.60400390625,7296.59101806524,7193.17398817404,7224.347542638851,211682
2026-01-20,7099.15869140625,7298.5704815112695,7056.109496023777,7259.9746511683625,302200
2026-01-21,7066.005859375,7144.1871566986165,6932.404908252363,7026.915210713191,480751
2026-01-22,6975.94873046875,7249.088445266505,6953.187087568937,7100.642948093812,366499
2026-01-23,6900.736328125,7021.47199885944,6877.9746852816215,7015.039360664572,365996
2026-01-27,7090.251953125,7100.643138205301,6838.884237849161,6947.24945368658,498369
2026-01-28,6997.720703125,7050.1714452075375,6780.000641650315,7050.1714452075375,856378
2026-01-29,6983.37109375,7034.832200088128,6905.6846159126335,6998.2156436552295,632904
2026-01-30,7048.68701171875,7076.891656132086,6907.663789652071,6907.663789652071,454539
2026-02-02,6913.10693359375,6924.487755258102,6668.1718586435745,6734.477515296753,490854
2026-02-03,7140.228515625,7183.277710417749,6979.90737639683,7125.383965696466,689971
2026-02-04,7202.08056640625,7252.057216162831,7096.189447120029,7140.228277103552,260280
2026-02-05,7134.78564453125,7233.749312532238,7102.127634090924,7214.451397272046,254212
2026-02-06,7103.1171875,7134.785560889063,7036.81153071665,7134.785560889063,251800
2026-02-09,7120.9306640625,7144.681944159435,6990.298623529354,7042.254548741401,314215
2026-02-10,7220.38916015625,7249.088623649195,7126.373676300049,7204.554973401521,467662
2026-02-11,7690.46630859375,7724.113954262543,7423.2644165180445,7427.222963067314,2286430
2026-02-12,7860.68408203125,7885.424998819715,7679.580571139682,7698.878486234686,1107781
2026-02-13,7981.41943359375,8034.859811698408,7804.76929485891,7818.129389385074,967939
2026-02-16,7927.484375,8000.717487009238,7885.919635751514,7994.779667116597,589984
2026-02-17,7951.73046875,7968.05947344625,7842.870437441661,7898.290089744089,266572
2026-02-18,7926.49462890625,7960.142274499959,7862.663065941713,7940.844360115331,223326
2026-02-19,7815.16064453125,8055.642351080711,7802.29536804918,7952.720139224151,424777
2026-02-20,7854.25146484375,7895.321386823341,7803.779994459194,7812.686724527057,264059
2026-02-23,7955.1943359375,7973.997432582747,7855.241032718033,7907.196957658845,247249
2026-02-24,7846.8291015625,7975.97668609446,7820.108911659337,7907.196938010389,430812
2026-02-25,7925.01025390625,7998.243365643146,7691.456005664258,7847.818595588981,618719
2026-02-26,8105.1240234375,8139.761305588942,7941.3391606928235,7956.678528502747,427401
2026-02-27,7927.484375,8144.709619405779,7904.227913753823,8134.813252918045,774354
2026-03-02,7744.896484375,7913.6295345393155,7635.541633681997,7719.165931270764,494148
2026-03-04,7547.4638671875,7625.150343759219,7493.0338517550845,7620.2021605380905,593728
2026-03-05,7674.63232421875,7720.650429064162,7536.083191350842,7625.15049105164,568151
2026-03-06,7541.5263671875,7654.839767757407,7524.207725179,7652.860494385006,366235
2026-03-09,7190.7001953125,7439.099004701908,7162.0007312794605,7439.099004701908,554984
2026-03-10,7458.396484375,7488.085583364086,7262.44843104703,7303.518351315265,494730
2026-03-11,7178.32958984375,7495.508142755437,7152.104218074141,7495.508142755437,621563
2026-03-12,6903.21044921875,7152.598884915564,6888.860717799687,7100.642960812061,1259945
2026-03-13,6671.140625,6870.552408999036,6600.8764231938885,6793.855568999406,819255
2026-03-16,6756.744140625,6790.391786290506,6574.650999376373,6631.555106016569,866087
2026-03-17,6838.38916015625,6902.22072322862,6699.840031006919,6756.744137621823,555865
2026-03-18,6954.67138671875,6994.751670057364,6898.75691736982,6911.622193503202,557181
2026-03-19,6722.60205078125,6871.54237297212,6680.04767301243,6857.192640933797,629473
2026-03-20,6837.39990234375,6856.202999484369,6732.003594687127,6732.003594687127,575123
2026-03-23,6612.25732421875,6760.702822779374,6591.969772748798,6719.632901510935,380052
2026-03-24,6799.79345703125,6894.303757591065,6683.016331732212,6729.529254520812,723633
2026-03-25,6920.0341796875,6999.699928913791,6832.451337370397,6915.580814823918,490390
2026-03-27,6740.91015625,6844.822006269269,6672.130407903912,6843.337551268994,533428
2026-03-30,6517.7470703125,6713.695129820832,6503.397338681839,6660.749568287015,1015357
2026-04-01,6754.76513671875,6820.081157380011,6680.047567628974,6717.158943004691,736957
2026-04-02,6580.5888671875,6695.881536264475,6516.757303621278,6695.881536264475,660432
2026-04-06,6527.6435546875,6640.956954780241,6504.387092659732,6629.576132936865,971230
2026-04-07,6537.044921875,6591.474937877289,6375.239328850012,6482.120087545417,1150553
2026-04-08,7057.09912109375,7095.694951373186,6780.495670757794,6827.998231101715,917337
2026-04-09,7073.42822265625,7106.086233337979,6964.073368706825,7072.933404312587,648216
2026-04-10,7347.0625,7358.4433214911105,7126.373526737608,7126.373526737608,705365
2026-04-13,6976.9384765625,7195.153360829455,6964.073199939051,7075.90214289672,1246861
2026-04-15,7054.1298828125,7124.888901698737,7001.679141540185,7085.798254901445,913138
2026-04-16,7057.09912109375,7123.899596577389,6978.9178238610475,7085.798584634869,573155
2026-04-17,7114.99267578125,7125.3838605779265,6988.814003250183,7056.604113590403,582841
2026-04-20,7167.9384765625,7188.720846852133,7041.264981463784,7086.293450424656,695282
2026-04-21,7165.46435546875,7220.389191008908,7140.228620220569,7167.938447159748,353002
2026-04-22,7155.0732421875,7191.68979958182,7062.542212015365,7140.228691892505,497850
2026-04-23,7018.998046875,7120.930623375265,6988.814128590941,7120.930623375265,481927
2026-04-24,7037.80126953125,7085.79864864568,6975.948976858016,6981.391978613261,413746
2026-04-27,7099.6533203125,7139.238786274655,7028.399481580621,7075.902040735206,335662
2026-04-28,6998.2158203125,7178.824515385261,6979.907541633891,7095.695033817525,560194
2026-04-29,7114.99267578125,7218.40970542436,7025.430559200375,7032.358015731493,522596
2026-04-30,7035.3271484375,7071.943705547106,6905.684743535923,7046.213151902518,538501
2026-05-01,7035.3271484375,7035.3271484375,7035.3271484375,7035.3271484375,0
2026-05-04,7253.046875,7272.344789321531,6996.730987344795,7035.326815987856,684364
2026-05-05,7225.83203125,7268.881225711327,7138.744005673064,7249.0884926256595,482491
2026-05-06,7234.73876953125,7315.394156948909,7101.137821048011,7293.622150529418,403588
2026-05-07,7251.5625,7394.070176560901,7234.738677072672,7284.220509211873,606372
2026-05-08,7226.82177734375,7293.622252519471,7153.093845483139,7223.85286733594,259522
2026-05-11,7127.85791015625,7193.668746813714,7084.808716252494,7193.668746813714,320656
2026-05-12,7052.15087890625,7200.101560410107,7031.368508929119,7128.847720488517,364492
2026-05-13,6899.251953125,7082.829552967887,6791.8763758584055,7051.1611799491675,668271
2026-05-14,6961.1044921875,7028.399787249876,6771.589065651546,6927.456844656313,447978
2026-05-15,6941.80615234375,7041.759452135142,6902.715505395631,6957.145520133518,313548
2026-05-18,6841.3583984375,6902.221054520807,6742.394730009357,6897.767689441541,316357
2026-05-19,6811.17431640625,6901.726070848847,6788.907491543317,6864.119877747004,406588
2026-05-20,6778.51611328125,6833.440946376674,6682.521359943301,6742.394376200475,455047
2026-05-21,6820.57568359375,6873.521243528786,6791.876221199058,6830.472049936748,491206
2026-05-22,6909.1484375,6968.031819585691,6836.904960319236,6853.233965435436,512596
2026-05-25,7337.166015625,7354.9794750640685,7140.228325159749,7162.000331140832,1354536
2026-05-26,7299.56005859375,7363.88644197344,7278.777688578773,7338.155888621564,388413
2026-05-27,7342.1142578125,7352.0106242470765,7239.192046892901,7298.570245500362,283327
2026-05-28,7342.1142578125,7342.1142578125,7342.1142578125,7342.1142578125,0
2026-05-29,7102.6220703125,7363.391321465816,7057.593603794566,7273.829206743329,1464680
2026-06-01,7026.9150390625,7165.464170175625,6996.236302887451,7102.622242849315,600629
2026-06-02,7067.490234375,7090.746695973798,6877.974813261395,6995.74157625105,452665
2026-06-03,7056.109375,7103.611934607293,6971.990259028752,7065.51092325561,413545
2026-06-04,7036.31640625,7081.839691016175,6957.640294534546,7031.368223123242,429763
2026-06-05,6996.73095703125,7075.90188723811,6956.155855300234,7066.005520962252,422329
2026-06-08,6976.9384765625,7020.482489749556,6883.912630208333,6912.612093445257,402793
2026-06-09,7128.35302734375,7223.358148907682,6976.938614851234,7063.531824610026,547103
2026-06-10,7144.681640625,7192.679017115105,7081.344896390635,7096.684264134895,480600
2026-06-11,7105.09619140625,7152.103931373072,7004.648073371884,7056.109178177668,425248
2026-06-12,7236.22314453125,7278.282701922194,7137.259480081972,7206.534045196467,300260
2026-06-15,7545.48486328125,7565.277596872387,7204.555027173913,7286.694871577132,784420
2026-06-16,7482.14794921875,7586.554616587651,7462.3552160682475,7574.67897669735,453796
2026-06-17,7431.181640625,7499.961388131118,7375.267169630818,7482.147928345361,404085
2026-06-18,7522.22802734375,7588.533681577671,7442.067460284831,7442.067460284831,485856
2026-06-19,7532.12451171875,7578.637434074653,7423.264480673019,7471.756676320662,682982
2026-06-22,7560.3291015625,7640.489669299467,7536.0830039136645,7570.720286269144,375714
2026-06-23,7499.466796875,7596.4511919784245,7479.179244838059,7550.927904480899,365865
2026-06-24,7493.52880859375,7566.761921620155,7410.399328942155,7442.067702142763,324328
2026-06-25,7519.25927734375,7673.642594962284,7503.425090921336,7541.031283674569,673579
2026-06-26,7519.25927734375,7519.25927734375,7519.25927734375,7519.25927734375,0
2026-06-29,7349.0419921875,7527.671413085674,7298.570521462808,7472.746577297039,2326377
2026-06-30,7000.19482421875,7315.888914686804,6870.552423430929,7315.394096363187,2474671
2026-07-01,7065.01611328125,7085.798483134017,6980.402178880697,7000.194912073809,590493
2026-07-02,7174.86572265625,7194.658455684267,7068.974600956358,7080.8502407731685,828736
2026-07-03,7263.4384765625,7303.518762454016,7195.15354504362,7303.518762454016,317988
2026-07-06,7394.0703125,7420.295684015928,7209.008256897042,7263.9330915813425,300086
2026-07-07,7457.90185546875,7524.207511561691,7403.966657602104,7421.285299118917,592213
2026-07-08,7341.61962890625,7514.3112276450975,7268.38651540095,7338.155900564782,905003
2026-07-09,7284.71533203125,7372.2981749717155,7245.624684617143,7341.12462070477,625976
2026-07-10,7289.1689453125,7377.74142791456,7258.985026660402,7322.816592334511,497082
2026-07-13,7220.8837890625,7263.438164849478,7184.762051475879,7249.088433479451,787762
2026-07-14,7204.06005859375,7237.212886667504,7066.005744674686,7181.793233768094,458624
2026-07-15,7327.7646484375,7351.02110994581,7209.503067576094,7209.503067576094,758954
2026-07-16,7341.61962890625,7373.782820648442,7290.158522118742,7333.20771721983,618180
2026-07-17,7485.11669921875,7496.497520537057,7372.792940990242,7372.792940990242,489811
2026-07-20,7485.11669921875,7503.424976991679,7400.502766808728,7490.55970071881,266324
2026-07-21,7609.81103515625,7630.09858652119,7486.60127198869,7511.342188287397,451075
2026-07-22,7552.9072265625,7659.787989202536,7506.889120425818,7611.7906096836305,409800
2026-07-23,7641.4794921875,7708.279966929798,7529.155730954154,7545.48473589116,431136
2026-07-24,7548.9482421875,7630.098446154382,7496.49750059915,7630.098446154382,409577
2026-07-27,7688.98193359375,7765.678773783404,7568.741080909325,7600.409453632795,367549
2026-07-28,7754.79296875,7807.243712413061,7662.261939834976,7688.982130002951,449880
2026-07-29,7698.3837890625,7832.974378510051,7670.673961823298,7809.223098019306,522935
2026-07-30,7830.5,7847.818641390205,7649.891311216429,7787.945624012638,1496307
2026-07-31,7833.5,7899.0,7794.0,7899.0,720608
2026-08-03,8050.0,8056.0,7852.0,7900.0,1009396
2026-08-04,7935.0,8024.0,7867.5,8024.0,599769
2026-08-05,7986.5,8019.0,7905.5,7960.0,424429
2026-08-06,7967.5,8044.0,7896.5,7986.5,377530
2026-08-07,8020.0,8067.5,7920.0,7940.0,339416
