Price,Close,High,Low,Open,Volume
Ticker,GSFC.NS,GSFC.NS,GSFC.NS,GSFC.NS,GSFC.NS
Date,,,,,
2015-01-01,80.77291107177734,81.49308016441971,79.82531711637712,80.35596741793944,835708
2015-01-02,80.31807708740234,82.02374654140843,80.05275188462142,81.11405847940077,425824
2015-01-05,79.33258056640625,81.11405634816285,78.9914432143749,79.59790576221587,273630
2015-01-06,77.7406234741211,80.20436817204543,76.37608563565465,78.76402396114318,572663
2015-01-07,78.11965942382812,80.1285542762097,77.02044680458076,77.32367807139573,611360
2015-01-08,78.3091812133789,79.44629416933124,78.0059499350605,78.08175630872621,454076
2015-01-09,77.09626007080078,79.93904260709367,76.07285951446651,78.83983567318944,482165
2015-01-12,77.93013763427734,78.99143835218923,77.13415631218828,77.32367512376614,294443
2015-01-13,79.21887969970703,79.9390490198782,77.43740365744966,78.11967267762338,426415
2015-01-14,80.01485443115234,81.34148627583218,77.93014724665545,78.23337275565758,838759
2015-01-15,78.65030670166016,81.22776369246968,78.30917515472946,80.01484445669317,300900
2015-01-16,77.96804809570312,79.21887357199206,77.70272288161901,78.57451068531469,257604
2015-01-19,79.63581085205078,80.35598005797613,77.47529166696387,77.47529166696387,609421
2015-01-20,78.68820190429688,81.11404004064894,78.42287097817503,80.35596490008213,475322
2015-01-21,78.53660583496094,79.52210611260479,77.17207366244173,78.91564351349227,727583
2015-01-22,88.50527954101562,90.43837361318923,78.87772682089383,79.21885834720456,7049271
2015-01-23,92.71261596679688,94.30457301670513,88.73272045019829,89.83192737465366,4725750
2015-01-27,81.53099060058594,93.73600024276428,80.20435899200884,93.73600024276428,3068060
2015-01-28,77.24787139892578,81.11405413066569,74.70832039362199,81.0761480535911,4625230
2015-01-29,76.86885070800781,77.93015747984552,75.6559311617604,77.62692614736952,1053717
2015-01-30,76.0728530883789,79.52209792117588,75.84543397487973,77.77852246607195,1135987
2015-02-02,74.40508270263672,77.28576501822519,74.02604509924443,76.1865582818495,964043
2015-02-03,75.16317749023438,76.56561583140508,74.29138961859107,75.23898387393024,596385
2015-02-04,73.79862213134766,76.33817298298916,73.57120303362669,75.80752263798526,545902
2015-02-05,72.58570861816406,74.44299075498388,72.05505823154566,74.21557163942833,590984
2015-02-06,70.7284164428711,73.30586742194946,70.34937885375315,72.62360438846085,619408
2015-02-09,69.51549530029297,70.80422664336906,68.22676974087182,70.6147078385333,709248
2015-02-10,68.79532623291016,71.63810830865025,67.96144464742405,69.36388264805817,620492
2015-02-11,71.18325805664062,71.75181442165588,68.07515108462147,69.21226381465196,944039
2015-02-12,71.1453628540039,74.8220267527024,70.76632521942354,71.8655378298998,2585999
2015-02-13,70.5768051147461,72.32038051547346,70.3493860083394,71.60020555271423,778610
2015-02-16,69.25017547607422,71.56230738701919,69.02275636290848,70.88003848021123,630138
2015-02-18,71.82763671875,72.88894332567904,69.1364670137145,69.85664203939935,1690761
2015-02-19,72.16876983642578,74.29138309547307,71.25908174463743,72.4720011282405,1004192
2015-02-20,70.08405303955078,72.13085964065927,69.89453423113268,72.13085964065927,704409
2015-02-23,69.13645935058594,71.25907232917224,68.83323388249224,70.61470953399053,518893
2015-02-24,71.18325805664062,71.63810199192194,68.56789530737781,69.51548924906989,949598
2015-02-25,71.25907897949219,73.07846087612523,70.91794740422282,72.01715428778465,1239548
2015-02-26,70.23567962646484,71.60021173366506,69.5155046015359,71.60021173366506,615350
2015-02-27,70.95584106445312,71.48649720083024,70.04615309302818,70.88003469744356,438012
2015-03-02,69.13645935058594,70.95584107742347,68.37838411304155,70.95584107742347,826275
2015-03-03,69.40178680419922,70.38728109302284,68.68161189472508,68.68161189472508,485331
2015-03-04,68.5300064086914,70.27357608097061,67.62031260329515,69.81873207010018,637997
2015-03-05,66.06626892089844,68.79533906595728,65.53561269757898,68.49210776458274,759325
2015-03-09,65.61141967773438,66.3315889009106,64.62591947203005,65.80093850316554,490521
2015-03-10,67.58241271972656,68.90904446661655,65.27028079025614,66.10416244585589,715847
2015-03-11,67.99935150146484,69.1364644415138,67.73402630551786,68.22677640293684,730227
2015-03-12,67.77191925048828,68.64370682565115,67.46868803517236,68.41628196825062,1020953
2015-03-13,68.7574234008789,70.34938606529057,67.92354177606887,68.8711358460019,869559
2015-03-16,65.83883666992188,69.32598178840789,65.23237991833821,69.02275630444375,839734
2015-03-17,65.19447326660156,66.86223654833157,64.81543563133062,66.44529861972673,965475
2015-03-18,64.96705627441406,65.57351887807835,64.05736815257364,65.4598064169343,652262
2015-03-19,65.99044799804688,67.84772991120455,65.19446673031945,65.68721676350049,662397
2015-03-20,60.532310485839844,65.95254994243795,59.09196628438884,65.95254994243795,1724001
2015-03-23,61.40410232543945,62.162177662790555,61.025064656763895,61.442008405769336,926043
2015-03-24,58.599220275878906,61.555709181340525,56.93145122331424,60.75973362358366,1737836
2015-03-25,59.9637451171875,60.6460139306381,58.750825995305654,59.31938237590539,571247
2015-03-26,59.92586135864258,61.70733735252707,58.22019174635093,59.50891758439771,870062
2015-03-27,59.92586135864258,60.646030659258805,59.16778597540185,60.26699296763844,607262
2015-03-30,63.033958435058594,63.829933980406594,60.039557715925085,60.039557715925085,806822
2015-03-31,63.109764099121094,63.82993326787123,61.783132421361785,63.2234765425172,536529
2015-04-01,65.08075714111328,65.72511992792529,64.43639435430127,64.51220072034003,689616
2015-04-06,63.94365310668945,65.68722868400319,63.5267151442228,65.19447856140097,177302
2015-04-07,67.62031555175781,69.06065980203063,63.29928858459502,64.39849547409878,1351671
2015-04-08,65.27027893066406,67.96144842542992,65.00495374557644,67.96144842542992,462011
2015-04-09,65.45980072021484,66.17997572234908,64.81543787468301,65.49770679851605,557023
2015-04-10,65.19447326660156,65.99045461413266,64.7775295543414,65.3460860072478,516566
2015-04-13,65.30818176269531,66.52110096544827,64.24687529141586,65.38398812843207,523538
2015-04-15,64.73963165283203,66.06626342529312,64.47430645507093,65.57351332450504,423857
2015-04-16,64.36058807373047,64.96704478650095,63.75412557730499,64.4363944398699,270336
2015-04-17,62.92024612426758,64.51220300200596,62.35168968338564,64.43639663328608,312330
2015-04-20,61.25248336791992,63.18557181219296,61.02505847628534,63.18557181219296,255434
2015-04-21,60.22907257080078,61.59361024979666,59.963747406455695,61.59361024979666,223786
2015-04-22,61.025062561035156,61.934750621153555,59.35729918959956,60.26698724971795,343417
2015-04-23,60.34278869628906,61.74522675096616,59.73633196695432,61.63152009047882,328627
2015-04-24,58.144371032714844,60.532309295579644,57.80323947387216,60.418596848080306,241458
2015-04-27,57.80323791503906,59.4710011545355,56.287087412349514,58.25808190911489,319113
2015-04-28,57.53791427612305,58.03066435943652,56.893551451938656,57.76533338742942,203390
2015-04-29,58.144371032714844,59.73633373039493,57.04516420208367,57.727433103424374,269438
2015-04-30,58.03065872192383,58.864540283015316,57.68952141262179,58.5613090470762,230094
2015-05-04,59.205684661865234,59.50891596363406,58.068571617974136,58.48551538086328,124104
2015-05-05,58.637123107910156,59.8879485055806,58.4476042835254,59.31939203242636,127301
2015-05-06,57.00725555419922,58.97825579888816,56.74193037776958,58.40969937068675,204282
2015-05-07,55.41529846191406,56.893548638760414,53.709629185006385,56.855642563589335,372062
2015-05-08,56.855648040771484,58.97826121442253,55.566922331976244,55.566922331976244,195402
2015-05-11,57.50000762939453,58.371795339903365,57.23468244367148,57.42420125971013,139839
2015-05-12,56.32500076293945,57.5758204622817,56.09757584470127,57.5758204622817,133769
2015-05-13,57.61371994018555,59.12987046492727,56.173375784949855,56.741932231728,314471
2015-05-14,58.447608947753906,59.43310922666158,57.765339968791366,57.765339968791366,335308
2015-05-15,56.24919128417969,57.57582320865238,55.1878903715265,57.120979134135844,361759
2015-05-18,56.24919128417969,57.04517275232578,55.79434720966315,56.43871013053293,199791
2015-05-19,56.74193572998047,58.333892722375516,55.71853521941619,56.62822327688319,402300
2015-05-20,56.70402145385742,57.4999968619726,55.87013419251648,56.8556341648353,301231
2015-05-21,56.21128463745117,57.007260232055636,56.09757218574895,57.007260232055636,146830
2015-05-22,55.566917419433594,56.3249926596242,55.491105268490465,56.173374141393026,258072
2015-05-25,55.604820251464844,56.09757033683023,55.415301432759335,55.71853269941922,125961
2015-05-26,54.846744537353516,55.642725883003465,54.69513179706558,55.60481980610382,138741
2015-05-27,54.35399627685547,54.77094000209835,53.63382706087831,54.77094000209835,248676
2015-05-28,53.36849594116211,54.619321194403184,53.21687742896797,54.619321194403184,228292
2015-05-29,53.8233528137207,54.278196892034984,53.21689018686417,53.482221200899055,178853
2015-06-01,53.36849594116211,54.27818387970751,53.14107106469833,53.937052348666704,204648
2015-06-02,52.42090606689453,54.391900611774815,52.30719361968589,53.40640044750701,304620
2015-06-03,50.639427185058594,52.53461524163032,48.89585185955062,52.53461524163032,569028
2015-06-04,50.563621520996094,51.89025333074575,49.274895790701564,51.094277715089376,342092
2015-06-05,51.132171630859375,52.117671737169665,50.03296486768288,50.563615211908434,290512
2015-06-08,50.336204528808594,52.07977436819,50.14668569081132,51.17008625926544,136187
2015-06-09,51.39750289916992,51.92815324662231,49.9571588056713,50.33619642061014,189424
2015-06-10,52.38300323486328,53.065272176723724,51.39750879320325,51.89025312220543,331835
2015-06-11,51.62491989135742,52.913651199755144,51.0563634921494,52.913651199755144,240621
2015-06-12,51.73863220214844,52.15557587401593,50.41200060722155,51.51120732955621,232634
2015-06-15,50.94265365600586,52.11767258781127,50.63942818787356,52.00396014543413,160215
2015-06-16,51.66282653808594,52.117670505768956,50.94265162090423,51.24588286057785,175226
2015-06-17,51.321693420410156,51.966062026267814,51.1700806800056,51.928155949339015,127851
2015-06-18,52.57251739501953,54.20238033814225,51.094272971986804,51.54911696494648,426329
2015-06-19,53.633827209472656,54.39190250571962,52.534620343376766,52.534620343376766,488243
2015-06-22,54.9604606628418,57.23468662130422,53.93706013826485,54.12657896813672,607328
2015-06-23,52.079776763916016,55.339503240882536,51.92816400000622,55.26369685892764,1266347
2015-06-24,52.57251739501953,53.899149081617416,52.003960957906145,53.06526746391549,515632
2015-06-25,52.11767578125,53.25478870738636,51.77654421687126,52.61042587264018,364975
2015-06-26,51.51121139526367,53.216880723367176,51.397504733647615,52.07976783796484,362710
2015-06-29,50.639427185058594,51.094271161904814,50.108771059025536,51.094271161904814,286410
2015-06-30,50.82894515991211,51.54911429617615,50.52571391908598,50.791039085938266,296956
2015-07-01,52.53462600708008,53.8991582172401,50.90476278770415,51.321700775396316,1106545
2015-07-02,52.95155334472656,54.12657225771983,52.458803291417944,52.79994061308775,602355
2015-07-03,52.95155334472656,54.80884111740446,52.64832209779395,53.55801583859179,825166
2015-07-06,53.216880798339844,53.633824503703515,51.662829989627085,51.70073028233409,405899
2015-07-07,56.36289596557617,56.779839683440066,53.21688239381382,53.671732189176396,1601435
2015-07-08,57.04517364501953,59.39520621984389,55.03627268550685,55.41531038414485,2205325
2015-07-09,57.1209602355957,59.395185639404325,56.43869145772226,57.19676659232513,1015022
2015-07-10,57.50000762939453,59.05406423437355,57.12096999731724,58.182276523864715,675640
2015-07-13,57.765342712402344,58.37180534109703,57.2346922500367,57.916961261404154,348880
2015-07-14,56.32500076293945,58.25808943334033,55.71853817007491,57.84115146144489,279852
2015-07-15,56.51451110839844,57.462105152579134,56.02176104869347,56.47660503316919,313189
2015-07-16,55.832252502441406,56.89355918373467,55.41530873290102,56.77984672080037,276743
2015-07-17,58.826637268066406,59.4330997714748,55.566917217297735,56.09756757003878,1605797
2015-07-20,59.54681396484375,60.49440803949973,59.01615781284326,59.0540638892916,891533
2015-07-21,57.80323791503906,60.98715165722505,57.53791273379943,59.54681330659412,852807
2015-07-22,58.106468200683594,58.826637363956785,56.93144926728514,57.15887415234777,373230
2015-07-23,58.67502212524414,60.4944037771228,58.106465720510485,58.56130968756644,509034
2015-07-24,58.144371032714844,62.237978657103746,57.727433103424374,58.97825845860645,1798204
2015-07-27,57.7274284362793,59.129866418972675,57.42419719534846,58.030659677210124,506409
2015-07-28,56.89354705810547,58.82663538136811,56.552409742008614,58.14436653282928,528560
2015-07-29,55.07416915893555,57.61372013995239,54.73303181949266,57.19677643074063,718870
2015-07-30,55.03627014160156,57.04517100825813,54.84675130104256,55.415307822719555,531662
2015-07-31,55.377403259277344,56.7040350410046,55.187884433316306,55.3394971806229,652784
2015-08-03,55.14997100830078,56.09756501187983,55.03625857114033,55.60481497328776,320060
2015-08-04,54.92255401611328,56.02176668820983,54.61932851837485,55.453210204466814,328068
2015-08-05,55.14997100830078,56.09756501187983,54.884645844029606,55.33948980901659,337704
2015-08-06,58.29597854614258,60.45649150592438,54.88464046743838,55.33948438786809,2131402
2015-08-07,57.7274284362793,58.90244154236083,57.500003559667455,58.56131001109794,588184
2015-08-10,59.622623443603516,61.366193161710335,57.803241568646165,57.803241568646165,1766574
2015-08-11,58.52340316772461,61.40409124321384,58.182271640946446,60.115365715768796,907495
2015-08-12,56.62822341918945,58.90244935222768,56.173379389312935,58.37179894798101,341337
2015-08-13,55.94595718383789,57.99275809734073,55.64272591940831,57.00725793385844,378216
2015-08-14,56.36289596557617,57.5379149641705,56.02176440270964,56.02176440270964,237217
2015-08-17,56.55241775512695,57.613724360606106,55.94596096889295,56.55241775512695,254181
2015-08-18,57.68952941894531,58.750836000196095,56.59032254272645,56.59032254272645,366137
2015-08-19,56.21128463745117,58.22018533867194,55.94595943924969,57.72743523706601,379653
2015-08-20,55.64272689819336,56.85564619359224,55.33949562842978,56.21128336012928,290691
2015-08-21,55.1120719909668,55.52901571938687,54.20238394452097,54.96045924444434,219373
2015-08-24,50.94265365600586,54.12657312429065,49.46440925606815,53.141073001895464,585249
2015-08-25,51.132171630859375,52.041865371373866,48.630526857668215,51.58702139294411,348909
2015-08-26,51.17008590698242,52.23139254919175,49.4265102959488,51.09427952903659,188051
2015-08-27,52.30719757080078,53.29269780951005,51.39750949172742,51.624928619667884,216735
2015-08-28,52.72413635253906,54.429805678030405,52.30719264840131,53.141074273021594,426505
2015-08-31,52.21529769897461,53.624408636108974,51.8630229509813,53.624408636108974,326070
2015-09-01,51.902156829833984,52.60670618445105,51.275884100641726,52.13700462384654,256093
2015-09-02,51.119319915771484,52.33271514028576,51.04103134363937,51.902157856456625,304799
2015-09-03,51.08017349243164,51.667301923379135,50.962746611726295,51.58901932710199,160709
2015-09-04,50.14077377319336,51.43245163031881,49.631927904208965,51.43245163031881,242803
2015-09-07,48.535953521728516,50.297338931791245,48.18367584245801,50.17991204327113,156625
2015-09-08,48.22282028198242,49.240512085291186,47.63569177374583,48.88823438309123,420961
2015-09-09,50.6104736328125,51.19760208337278,48.61423451187574,48.84908828113164,314589
2015-09-10,49.945064544677734,50.21905964052193,48.61423932765028,49.945064544677734,95188
2015-09-11,51.47159194946289,52.332712445356314,50.493044573997814,50.493044573997814,362130
2015-09-14,52.68499755859375,53.07641654202289,51.66730581264611,52.41099949212959,153713
2015-09-15,51.902156829833984,53.03726943234316,51.275884100641726,52.80241566575121,77251
2015-09-16,50.923606872558594,52.84155730419784,50.493043646233495,52.137002012292726,166035
2015-09-18,51.589019775390625,52.29357509316578,51.08017393629861,51.471592893664884,116226
2015-09-21,52.60670852661133,52.958989192183516,51.08017689353747,51.23674209651645,170055
2015-09-22,51.393314361572266,52.841563423858354,51.15846057954543,52.48928872339788,99329
2015-09-23,51.19760513305664,51.58902412341245,50.258195972654796,50.610476647522916,118576
2015-09-24,50.923606872558594,51.82386566338166,50.76703571181352,51.27588153222161,116022
2015-09-28,51.8238639831543,53.46782826849219,50.88446093945741,51.04102612254726,320204
2015-09-29,51.86301040649414,52.37185623141331,50.53218837754783,51.275881986797984,247899
2015-09-30,54.83780288696289,55.26836019240662,51.86301617398896,51.941298777471474,940259
2015-10-01,55.50320816040039,57.93000444958332,54.99436233220579,57.85172185430242,1850671
2015-10-05,55.933773040771484,56.28605372639662,54.95522553500165,55.738063539617514,317047
2015-10-06,55.6597785949707,56.52089916934977,55.30750389672737,56.1294801834884,173961
2015-10-07,55.1900749206543,56.12947806218682,54.95522114898141,55.85548597695479,287049
2015-10-08,56.716609954833984,57.06889063368542,54.95522447831641,55.50321465455869,573707
2015-10-09,56.012062072753906,58.4388587121937,55.58149877769747,57.77344759739925,571596
2015-10-12,55.1900749206543,56.63832391909173,54.876938549283615,56.40347611999836,288984
2015-10-13,54.36809539794922,55.73806186486379,53.85925548830194,55.346642874316764,374251
2015-10-14,54.01581573486328,55.22921688315641,53.8592505420548,54.13324261575927,454108
2015-10-15,54.328956604003906,54.95522339981614,54.17238542561603,54.6420929881999,276398
2015-10-16,54.01581573486328,54.48551728586798,53.8592505420548,54.48551728586798,201978
2015-10-19,54.25067901611328,54.485526846535144,54.01582521311111,54.485526846535144,125747
2015-10-20,54.13324737548828,55.22922173925025,53.97667619633384,54.48552207657116,329381
2015-10-21,54.36809539794922,55.033512459943,53.820111200215315,54.05496498357545,312830
2015-10-23,54.44638442993164,55.26836073341384,54.09410375194224,54.798659135341175,484583
2015-10-26,59.10426712036133,60.86565256434561,56.9906069766121,57.22545478559548,7278241
2015-10-27,57.18632125854492,59.613117990045154,56.834040556704075,59.10427206910633,1606026
2015-10-28,58.477996826171875,59.926251919471866,56.99060938858813,57.61687621162865,1591981
2015-10-29,57.81258773803711,59.1042716913712,57.5385956200766,58.71285267354755,626561
2015-10-30,56.63832473754883,58.51713702034333,56.364332648357454,58.39971013281,509673
2015-11-02,56.09033966064453,57.53858865681025,55.65977640411279,56.99060448720576,362047
2015-11-03,55.816349029541016,57.303736377942464,55.58149525211991,56.48176010212793,358835
2015-11-04,55.5423469543457,56.990601856232175,55.3466374781534,56.52089433530725,901233
2015-11-05,55.15093231201172,55.89463196321023,55.07264970993285,55.73806078647279,363328
2015-11-06,54.21152877807617,55.424930006184105,54.094101889456105,55.150931941877396,517874
2015-11-09,54.13324737548828,54.602948967792045,52.76328091393078,53.82011098975918,391853
2015-11-10,53.467838287353516,55.34664472680007,53.232984496132694,54.13324939903917,413385
2015-11-13,53.546119689941406,54.25067507518666,53.31126590399969,54.21153078666975,218141
2015-11-16,54.13324737548828,54.48552207657116,53.232982506234535,53.624401495250964,167132
2015-11-17,54.60295104980469,55.50321595338557,54.40724154783406,54.681233656076934,286338
2015-11-18,54.8769416809082,56.520900258694525,54.44638437171028,54.720376472578025,547050
2015-11-19,54.99436569213867,56.09034001076838,54.79865620568978,55.58149415148535,337191
2015-11-20,55.73806381225586,57.06889201016047,54.99437009326507,55.229223884830596,411793
2015-11-23,56.09033966064453,56.71660642982401,55.58149380453779,55.97291277499228,290064
2015-11-24,57.46030807495117,58.477993850321134,55.85548785070277,56.129479945126235,672577
2015-11-26,57.73429489135742,58.517132788189386,57.147166468733445,57.93000436556541,341317
2015-11-27,57.538597106933594,58.321435162810246,57.18632237082126,58.16486994066707,299775
2015-11-30,57.382022857666016,57.93000702154071,57.147169088817186,57.53858805517895,112277
2015-12-01,58.59541702270508,59.10426286439788,56.44261274618727,57.616869624287894,879164
2015-12-02,58.63456344604492,59.96538556739493,58.282282786219646,59.10426501989907,748681
2015-12-03,58.243141174316406,59.26082686460948,57.85172222283925,58.203996890137006,456058
2015-12-04,57.30372619628906,58.164852578776156,57.029734153033445,58.12570829863453,308989
2015-12-07,56.91231155395508,58.39970472222157,56.59918117964975,57.538584247723826,294835
2015-12-08,55.972923278808594,57.2646073182203,55.62064852832387,56.677478752358674,206761
2015-12-09,54.44638442993164,55.97291611681277,53.70268475811838,55.97291611681277,354187
2015-12-10,54.99436569213867,55.34664037871486,54.21152774634311,54.79865620568978,163869
2015-12-11,54.99436569213867,56.051195724446785,54.01581825989421,55.268357778651215,244257
2015-12-14,55.46406555175781,55.738057629806455,54.21152607169305,54.87693711054814,257782
2015-12-15,55.6597785949707,56.63832605962413,55.229221294071046,55.46406910204002,239414
2015-12-16,55.77720642089844,56.20776970160047,55.62064121295943,56.051198521081616,205495
2015-12-17,56.36433792114258,57.06889333967289,55.777209401130676,55.97291890780131,178517
2015-12-18,55.73806381225586,56.83403821859494,55.229223884830596,56.32519231858965,159453
2015-12-21,56.05120086669922,56.2469103711029,55.581499250646395,55.89463565220831,120676
2015-12-22,56.442623138427734,56.912324781633785,55.73806768732843,56.051204106992614,185092
2015-12-23,56.56003952026367,56.990602763774916,56.3643300409548,56.716604714679036,129895
2015-12-24,56.28605270385742,57.147173298775044,55.972916313183774,56.71661001502629,181166
2015-12-28,56.40347671508789,56.91231660478185,56.051196053861794,56.364332428536244,137049
2015-12-29,56.09033966064453,56.83403331547626,55.894630175417284,56.40347603152402,146764
2015-12-30,56.28605270385742,56.63832741050285,55.894633708660336,56.28605270385742,140090
2015-12-31,57.93001174926758,58.7128497458793,56.05119936288345,56.286053150898944,504831
2016-01-01,59.37826156616211,59.73054225244321,57.85172984335071,58.32143145247883,692679
2016-01-04,66.3846664428711,67.71548868699385,60.39595439915851,61.061365521219884,6107626
2016-01-05,65.3669662475586,67.48062624018445,63.44901573471586,67.01092468322085,2688599
2016-01-06,64.27098846435547,66.38465431439438,63.91871380897182,65.64095474819256,854335
2016-01-07,61.844200134277344,63.409876087043855,61.21792736413882,63.0967397019746,895741
2016-01-08,62.97932434082031,64.19272581538742,61.96163836875903,62.27477481115515,729950
2016-01-11,63.057594299316406,64.34927203710625,61.139637889199136,62.000758371918735,666732
2016-01-12,63.957847595214844,65.56266751751072,63.68385555234395,64.11441874298292,1552994
2016-01-13,62.23561096191406,65.60181620800516,59.495678403842376,64.54498030040003,1314712
2016-01-14,60.55251693725586,61.76591820287792,59.613113744411564,61.76591820287792,736493
2016-01-15,59.22169876098633,61.76592238413277,58.399716432168454,60.59166532729595,525203
2016-01-18,56.012062072753906,59.10426982698815,55.3857892749591,58.79113342809075,544346
2016-01-19,57.2254524230957,58.71284570890384,55.89463030939236,56.990604623807805,321042
2016-01-20,56.32518768310547,57.0297430272381,54.79865608130103,56.28604936945225,401582
2016-01-21,55.50320816040039,58.00828704486422,54.955218048275746,57.34287602610781,348670
2016-01-22,54.44638442993164,55.816350908315165,53.82011165078151,55.19007812916504,735135
2016-01-25,54.79865646362305,55.85548650090558,54.17238371500696,54.407237488882885,303197
2016-01-27,54.44638442993164,55.34664333766264,54.211530644605375,55.072651236501905,296642
2016-01-28,54.955223083496094,56.20776861307048,54.798657878589154,55.89463223067688,327515
2016-01-29,54.68122863769531,55.54234917282054,53.93753498749159,54.79865552261681,343050
2016-02-01,54.5246696472168,55.1117981660901,54.211533242635,54.87694436950871,226843
2016-02-02,53.70268249511719,55.0726489157711,53.38954611873751,54.40723784882655,237986
2016-02-03,52.7241325378418,54.407235254622975,52.05872150262486,53.428687857957094,292668
2016-02-04,52.33271789550781,53.389547976557026,51.74558940908272,52.91984638193291,315135
2016-02-05,52.4109992980957,52.84156256730562,51.86301511235552,52.37186098344551,191654
2016-02-08,51.78472900390625,52.68499379601544,51.471592645010105,52.371857437119296,281013
2016-02-09,50.53219223022461,51.471595384328815,50.33648274207127,51.471595384328815,343675
2016-02-10,50.25819396972656,51.041031919239934,49.984201881912796,49.984201881912796,143253
2016-02-11,47.79225540161133,50.10162791036255,47.40083643356162,50.10162791036255,466783
2016-02-12,46.109153747558594,48.14453110377129,45.01317948726584,47.90968032979131,519536
2016-02-15,47.71397399902344,48.22281687847428,46.65714096701356,46.97027734382163,262203
2016-02-16,46.30486297607422,48.30109902366793,45.991726621581655,48.30109902366793,202645
2016-02-17,46.187442779541016,46.85285389625568,45.48288737313371,46.42229358624678,218900
2016-02-18,46.34400939941406,47.67483457376099,45.99173170822077,46.50057759397663,285093
2016-02-19,48.41852951049805,48.88823410620105,46.030874187783645,46.030874187783645,540249
2016-02-22,49.31879425048828,50.49305125645229,48.14453724452427,48.14453724452427,459227
2016-02-23,47.75311279296875,49.63192498261781,47.63568591125707,49.592780697854145,249838
2016-02-24,47.283416748046875,47.83140096311209,46.53972004522837,47.75311835704277,168133
2016-02-25,47.43998336791992,48.222821397003024,47.16599125225687,47.244273860649145,131842
2016-02-26,47.32255935668945,48.18367999236985,46.38315312648987,47.713978370415106,163389
2016-02-29,49.47536087036133,50.023348052922664,47.28341512640586,47.90968491235173,837766
2016-03-01,49.357933044433594,50.06248840671357,48.69252196939461,50.06248840671357,159658
2016-03-02,50.25819396972656,51.11932049225493,49.5536416069384,49.5536416069384,261047
2016-03-03,51.23674392700195,52.0587262034569,50.88446922142404,50.88446922142404,297874
2016-03-04,50.21905517578125,51.90215794566302,50.02334569027359,51.236740916873366,184902
2016-03-08,50.14077377319336,50.845323159778275,49.514501015584926,50.29733897630564,186005
2016-03-09,50.297340393066406,50.649615096281636,49.1622247207898,50.10163089737354,299757
2016-03-10,51.745582580566406,52.998121991801455,49.984197353729265,50.140768512995535,551374
2016-03-11,50.923606872558594,52.058719418209726,49.94505652878391,51.70644475854671,365739
2016-03-14,50.53219223022461,51.58902227173674,50.17991156800084,51.51073967099132,326529
2016-03-15,51.510738372802734,52.84156046967386,50.29733718780067,50.6887561542427,498082
2016-03-16,51.19760513305664,51.62816243890015,50.57133235945541,51.62816243890015,258757
2016-03-17,50.57133865356445,51.43245934500637,49.71021796212254,51.354176731708115,182226
2016-03-18,50.41476821899414,50.88446982284286,50.101631825568354,50.8061872176314,155170
2016-03-21,50.84531784057617,51.354163656327465,50.17990683809172,50.57132577750364,181998
2016-03-22,50.06249237060547,51.001898599263285,49.945065472164465,51.001898599263285,222951
2016-03-23,50.21905517578125,50.49304726097607,49.94506010429667,50.25819348933507,196870
2016-03-28,49.31879425048828,50.33648604468908,48.61423885239388,50.25819746622749,183811
2016-03-29,49.436214447021484,50.02334287044792,49.00565121414376,49.39707016309472,451741
2016-03-30,51.19760513305664,51.823871934078056,49.74935307696618,50.1407750536119,461446
2016-03-31,50.297340393066406,51.66730686291646,50.17991350113472,51.5107416553941,456786
2016-04-01,51.902156829833984,52.13700462384654,50.179909810844954,50.4147635774369,259442
2016-04-04,54.8769416809082,55.11179546598333,51.902160914575774,51.902160914575774,1315491
2016-04-05,53.859256744384766,55.42493274308688,53.50697606112882,54.48552356031764,756552
2016-04-06,54.720375061035156,55.34664185078083,52.64585325498451,54.01581969656403,424780
2016-04-07,55.07264709472656,57.06888620213172,54.250670853061635,54.99436449636506,862641
2016-04-08,55.346641540527344,56.36433328045634,54.60294786544208,55.11179373540658,523503
2016-04-11,56.28605270385742,57.38202708492525,55.42493210893981,55.58149731798669,732717
2016-04-12,56.9906005859375,58.164857416917705,56.599181642277436,56.599181642277436,662560
2016-04-13,56.9906005859375,58.321422605350094,56.56003735887979,57.46030212381376,587319
2016-04-18,56.951454162597656,57.30372880962341,56.129472022765725,57.30372880962341,193642
2016-04-20,59.33912658691406,59.965393443449045,56.286056996992464,57.26460455962244,1251766
2016-04-21,58.399715423583984,60.200245268670066,57.93001380347723,59.69139935831269,461869
2016-04-22,57.382022857666016,58.712844954264234,57.02974220439277,58.5562797567513,376839
2016-04-25,58.08658218383789,58.908564543240885,57.147178892446306,57.53859792595621,642277
2016-04-26,58.4388427734375,58.71283480802594,57.77343184012889,58.12570645994568,286865
2016-04-27,58.9868278503418,59.926236806866065,58.63455322450677,58.712835811072495,730552
2016-04-28,57.93001174926758,59.84796245193433,57.69515796125209,59.10426874418516,523057
2016-04-29,58.20399856567383,58.712844411758276,57.30373375684432,57.57773180882937,338123
2016-05-02,60.943931579589844,62.0399058747319,58.08657194415571,58.321425711893085,2300682
2016-05-03,60.39595031738281,62.5487547255213,60.04366964886688,61.2179265987606,1183853
2016-05-04,60.90478515625,62.431316525522874,59.965376182977096,60.55250455155568,1534010
2016-05-05,60.943931579589844,62.979309000522576,60.43508573121181,61.06135846345853,1213224
2016-05-06,60.51337814331055,61.25707183405307,60.082814865988155,61.061362339375584,443094
2016-05-09,60.20022964477539,61.217915228787895,59.57395699878416,60.90478487837087,413650
2016-05-10,61.53106689453125,62.274766593659386,60.082817758707094,60.51338105675918,756372
2016-05-11,62.15732955932617,62.94016744805174,60.66993637623176,61.06135532059455,1480788
2016-05-12,63.87956619262695,64.6624040282537,62.31389052137346,62.35303480218627,1680648
2016-05-13,65.21040344238281,66.22808919100022,64.07528483449703,64.31013860787466,2490182
2016-05-16,65.71924591064453,66.81522027513722,65.17126171468807,65.68010759526466,1497719
2016-05-17,65.48439025878906,66.73692967996766,65.24953650431473,65.83666491792148,920036
2016-05-18,64.89726257324219,65.68010046683358,63.996997801096256,65.01468945179673,750094
2016-05-19,63.801292419433594,65.8366698787892,63.409873447535226,65.24954142094164,706886
2016-05-20,61.29621505737305,64.07528624997607,60.94393438952442,64.03614793526825,835852
2016-05-23,61.68762969970703,62.47046760974098,60.43508426558929,61.76591229619457,433986
2016-05-24,62.35304260253906,64.62327380437783,61.57020466897945,61.844196751209424,1088773
2016-05-25,57.57774353027344,59.29998492792686,55.73806925279472,57.930018279426896,2939864
2016-05-26,56.716609954833984,58.32143022247084,56.52090045744314,57.81258433473867,651497
2016-05-27,57.06888961791992,58.008292799643634,56.67747063010508,57.14717222096694,507755
2016-05-30,57.14717102050781,57.81258209129916,56.87317892930898,57.26459790890149,354108
2016-05-31,56.168617248535156,57.460300930299496,55.97290778077023,57.342874055124746,371965
2016-06-01,56.75575256347656,57.695155734116014,55.69892250336225,56.56004307187837,452072
2016-06-02,56.83403778076172,57.73430267805415,56.36433617382914,56.755755175036285,365722
2016-06-03,57.538597106933594,58.438862065707816,56.990612856852096,57.10803378716929,544271
2016-06-06,57.14717102050781,58.321427959285366,56.912317243720445,57.53859000010033,278939
2016-06-07,57.46030807495117,58.086574866121985,57.18631598052771,57.382025472627284,202139
2016-06-08,60.356815338134766,61.25708033307305,57.303745603056534,57.81259155433301,1027509
2016-06-09,60.20022964477539,62.11817991768331,59.80881073417552,61.17877692127506,717400
2016-06-10,59.41740417480469,60.9047975387877,59.10426778671671,60.552516862471286,359002
2016-06-13,58.63456344604492,59.33911879311592,58.2431444724032,59.06512073350307,288567
2016-06-14,59.49568176269531,59.96538331893757,58.360569170728255,59.22168968593561,398533
2016-06-15,59.02598571777344,59.808823708798066,58.7128493268476,59.652252527045206,442046
2016-06-16,58.399715423583984,59.29998034612703,58.125723309570056,59.1042708400342,234034
2016-06-17,58.08658218383789,59.182556672181725,58.008299571652,58.75199931886911,226556
2016-06-20,58.4388427734375,59.41739002023793,57.929997010585595,57.929997010585595,480462
2016-06-21,58.71284866333008,59.417404041806,58.55628345592646,58.791131267031886,239259
2016-06-22,57.73429489135742,59.33911496889462,57.30373165906817,58.75198654627064,279142
2016-06-23,57.26459503173828,58.086571264035975,56.95145866928135,57.616869706640244,257506
2016-06-24,55.26835632324219,56.12947684642509,53.311261510290414,55.54234840253956,916375
2016-06-27,56.12948226928711,56.560045558766454,55.15093476827039,55.15093476827039,515980
2016-06-28,57.14717102050781,57.7734437768877,56.2860504599202,56.325188774331664,368479
2016-06-29,58.9868278503418,59.69138307459037,57.46029650828532,57.538579094851045,764323
2016-06-30,61.49192810058594,64.11443424068108,59.18255238655944,59.495688785208124,4886283
2016-07-01,61.33536911010742,62.822762819987865,61.06137694653026,61.84421511251142,1244399
2016-07-04,60.98307418823242,61.765912095725575,60.70908211512567,61.49192002261882,814691
2016-07-05,59.49568176269531,60.90479240400141,59.104262803730215,60.74822123686777,767488
2016-07-07,60.043670654296875,60.98307981349006,58.90855797275739,59.80882284393343,846850
2016-07-08,59.065120697021484,60.200239303429086,58.908555496693324,60.043668130521375,373573
2016-07-11,59.61311340332031,60.278524492159356,59.45654222368889,59.65225171879331,395619
2016-07-12,59.65226364135742,60.43510177823918,59.18256195374457,59.887117471454346,511653
2016-07-13,58.71284866333008,60.004532528439306,58.55628345592646,60.004532528439306,343303
2016-07-14,58.75198745727539,59.29997160452311,58.360568502790095,58.90855265003781,504166
2016-07-15,58.20399856567383,59.808818701960305,58.008289084301296,59.0259807764702,585164
2016-07-18,57.499446868896484,58.90855761278572,57.38202595072218,58.399711734571284,282434
2016-07-19,57.1080207824707,57.93000294299069,56.990599878892716,57.4603014109417,249809
2016-07-20,57.14717102050781,57.53859000010033,56.951461530711555,57.14717102050781,379112
2016-07-21,57.06888961791992,58.008292799643634,56.91231843924612,57.303737427060966,448283
2016-07-22,57.93001174926758,58.59542285187156,57.53859275096172,58.55628453558893,682951
2016-07-25,58.59541702270508,58.94769766968287,57.73429650661382,58.203998063338204,425541
2016-07-26,57.85173034667969,59.10426997277886,57.57773823668613,58.79113357310905,494913
2016-07-27,57.538597106933594,58.24315255173865,57.34288759296443,58.0865813570151,420413
2016-07-28,57.69515609741211,58.321428863501744,57.53859089217957,58.08657508307319,545360
2016-07-29,54.68122863769531,55.89462982758504,54.13324447150093,55.30750137555701,1652054
2016-08-01,54.36809539794922,55.503214054083465,53.89839380380875,54.95522388376975,433035
2016-08-02,54.13324737548828,55.22922173925025,54.015820484267394,54.48552207657116,418047
2016-08-03,52.958988189697266,54.13324510755051,52.33271544447705,54.094100821256916,378108
2016-08-04,53.272125244140625,53.85925371058194,52.84156197971848,52.91984458072807,289701
2016-08-05,54.68122863769531,55.11179189154766,53.5461160194729,53.5461160194729,365335
2016-08-08,55.26835632324219,55.77720216912553,55.07264684194701,55.19007372524,267557
2016-08-09,55.07264709472656,56.32518658624889,54.72037241581008,55.50321034458396,537018
2016-08-10,54.83780288696289,55.7380617858815,54.681231707418064,55.11179498544159,252030
2016-08-11,55.424922943115234,56.012051338815276,54.48551392644784,54.52465820852606,265205
2016-08-12,55.346641540527344,56.32518899331305,55.1509320499702,55.503212716520856,249464
2016-08-16,55.816349029541016,56.325188926320635,55.19007627147118,55.385785761795546,300188
2016-08-17,56.168617248535156,56.755745651829955,55.81634259558987,55.81634259558987,283897
2016-08-18,56.12948226928711,56.99060884824579,56.05119966372177,56.32519176949045,209318
2016-08-19,56.32518768310547,56.7557509413475,56.051195597214864,56.16862248333356,352475
2016-08-22,57.81258773803711,58.16486843762653,56.12948476687937,56.67747497538062,768820
2016-08-23,60.356815338134766,62.079062713795096,58.08658369038015,58.16487227717701,4060882
2016-08-24,60.63079071044922,61.45277286390244,60.395942932733284,60.6699349930247,966762
2016-08-25,59.92625045776367,61.06136315298595,59.613114067591354,60.669944158415525,619408
2016-08-26,59.80882263183594,60.43508942983069,58.7128482696204,60.200241620300076,492935
2016-08-29,60.51337814331055,61.374498725375524,59.61311327327815,60.00453226263312,490994
2016-08-30,60.16109085083008,61.4527745681152,59.92624306660132,60.552509797123804,470347
2016-08-31,59.41740417480469,60.63079946634832,58.98684089461124,60.161097870506275,711341
2016-09-01,58.732120513916016,59.98174258583845,58.57088173405869,59.45770732500436,449105
2016-09-02,58.20808410644531,59.25615460746763,58.12746471810476,58.44994842233202,370334
2016-09-06,58.44995880126953,59.37709730898014,57.32126871148557,58.57089098068676,426711
2016-09-07,58.127471923828125,58.85305881056996,57.925920352559054,58.49026844263196,382945
2016-09-08,61.271671295166016,62.40036120709211,58.167778650518144,58.208085270061645,1664652
2016-09-09,60.26392364501953,61.95695572126155,59.78020107335984,61.47323314960186,762572
2016-09-12,59.215850830078125,61.11044057354148,58.53057669882368,58.65150887513117,440172
2016-09-14,60.58640670776367,61.75540342163553,58.28871990585263,59.61895542478745,1189205
2016-09-15,60.46547317504883,61.59416323782294,59.820505667501905,60.70733752809542,493481
2016-09-16,59.618953704833984,61.231366312411545,59.33678272868111,60.74764376031147,747080
2016-09-19,59.33678436279297,60.505787226000166,59.05461337886921,59.90113248150662,409966
2016-09-20,59.659263610839844,60.142986139673525,59.25616047833417,59.90112795068952,414057
2016-09-21,60.10268020629883,61.553847809444235,59.215848383922165,59.820503089615855,944473
2016-09-22,62.11819839477539,63.20657567870315,60.26392142892365,60.66702458229438,2826700
2016-09-23,61.91665267944336,62.96471728690292,61.352304520780606,62.72285906250451,1001809
2016-09-26,60.70732116699219,62.239107820572,60.425144114198105,61.5538338727814,651291
2016-09-27,59.659263610839844,61.35229553719055,59.17554108200617,61.35229553719055,750032
2016-09-28,61.1507453918457,62.07788384832502,59.37709402795417,59.37709402795417,1015054
2016-09-29,59.860816955566406,66.02829629631309,59.094923441397086,61.513542308288656,4876130
2016-09-30,61.432926177978516,62.64223579684319,60.10269051792081,60.4654809432335,2931112
2016-10-03,67.72132110595703,68.52752730959938,61.43291025720065,61.75539396883064,6591568
2016-10-04,69.5353012084961,70.9461623924366,67.35854641362026,68.20505943346458,5882254
2016-10-05,71.6717300415039,73.3647617753781,69.17249213427391,69.33373090859908,6185797
2016-10-06,70.46243286132812,73.64694533168036,69.13219121706561,72.23608428643412,4814441
2016-10-07,74.29190063476562,75.38027774638535,70.38180189627586,70.86552437356629,6107467
2016-10-10,74.25159454345703,76.14617800457633,73.36476889685497,75.05780079507082,2932261
2016-10-13,71.18801879882812,73.92911530000217,68.60815494655158,73.60663770047529,2832557
2016-10-14,71.91358947753906,72.35700534108955,69.97869954788445,71.34924760653398,2009502
2016-10-17,72.7601089477539,75.21904029774704,71.75235120609527,71.9942155244394,3569783
2016-10-18,73.80818176269531,75.38028142839595,72.96166277293939,73.24383371923625,2566999
2016-10-19,77.39579772949219,78.00045239925385,73.2438344336224,74.25159221655849,5912315
2016-10-20,77.55703735351562,79.20976259575802,76.95238267721213,78.04076601525077,3738023
2016-10-21,78.9275894165039,80.13689873498701,77.39579638291892,78.08107043321962,4359256
2016-10-24,79.3709945678711,82.55551261350897,78.60510117065681,79.41130733650971,7042801
2016-10-25,74.25159454345703,77.15393581909356,73.84849141765014,77.15393581909356,4932899
2016-10-26,77.4764175415039,78.48417532989721,72.92135110779311,73.84848950328802,5622852
2016-10-27,77.03301239013672,79.57255724734928,75.90432236978349,77.79890589455546,3163479
2016-10-28,76.62991333007812,77.67797785766106,76.22681016926944,76.99270371445951,1059609
2016-11-01,83.20048522949219,86.02220719571733,78.12138938080639,78.48417974468903,8193114
2016-11-02,78.36325073242188,82.19273069811786,77.87952817745453,82.19273069811786,4271358
2016-11-03,75.94462585449219,80.37876020408466,75.50121611005225,79.33069577560939,6742920
2016-11-04,73.68724822998047,76.83145365379956,71.83297150158671,76.34772501100801,2800711
2016-11-07,74.37252807617188,75.70276964591882,74.00973771663439,75.29966651271464,1122283
2016-11-08,74.77562713623047,76.7508299209923,74.2919046329077,74.8965592997775,1340351
2016-11-09,72.15544891357422,73.16320657996492,61.87632071638906,64.49649064900488,2594998
2016-11-10,72.84074401855469,76.02526285829953,72.55857302031563,74.17098575410043,1265719
2016-11-11,70.34149932861328,73.40508571387346,68.68877396140552,73.3647729387256,1584363
2016-11-15,67.1972885131836,70.86552934584257,66.18953071859215,70.66397778692429,1012040
2016-11-16,67.88256072998047,69.6965247107196,66.71356418051691,68.28566383681138,970184
2016-11-17,67.47946166992188,68.5678450443284,66.6732554079115,67.88256480092706,473191
2016-11-18,66.43138885498047,68.1244205618475,66.14921792898012,66.99573070698119,477529
2016-11-21,65.62519836425781,67.03605948200533,64.69805982813618,67.03605948200533,807082
2016-11-22,65.10116577148438,67.27792055674773,64.73837535756267,65.98799156730031,496361
2016-11-23,66.91512298583984,67.31822613635696,64.77867505792598,65.54457473442805,758033
2016-11-24,66.59263610839844,67.92287767281664,65.6251910529301,66.18953297680902,631472
2016-11-25,68.52753448486328,68.76939883162679,66.632950938102,67.39884445141001,643487
2016-11-28,68.5678482055664,69.73684487903037,67.92288070587641,68.48722265495572,495348
2016-11-29,69.13218688964844,70.3414962813041,68.56784496722206,68.56784496722206,505967
2016-11-30,72.39732360839844,72.76011396004134,69.41435679707963,69.41435679707963,1176377
2016-12-01,73.52600860595703,74.81594354535662,72.55856355227299,73.08259885254586,1337721
2016-12-02,71.47018432617188,73.12290342580259,70.7042847085099,72.67949368481821,696468
2016-12-05,71.873291015625,72.558565122722,70.70428822035058,72.11514920884794,684934
2016-12-06,72.88105010986328,74.00974015012015,72.07484381694636,72.07484381694636,840569
2016-12-07,71.83296966552734,73.56631418891871,71.30893441647437,73.12289832798196,502481
2016-12-08,72.39732360839844,74.37252645777079,72.19577204618226,73.40508141947934,632232
2016-12-09,72.47795104980469,73.52601559916837,72.27639946521171,72.88105421899063,405931
2016-12-12,72.15544891357422,73.28413873010473,71.83296523015626,72.39731321385385,265518
2016-12-13,71.26862335205078,72.96165500033875,70.34148506938736,72.15544886773831,627716
2016-12-14,71.6717300415039,72.1554525153444,70.4624207814702,71.47017849816496,529248
2016-12-15,71.30894470214844,72.71980572571391,70.70428997776324,71.30894470214844,401605
2016-12-16,70.90583801269531,71.75235704491983,70.46242826080227,71.55080548018691,323346
2016-12-19,77.07331848144531,78.12138909686591,70.98646480980241,71.34925517236647,5955290
2016-12-20,75.3399658203125,79.3306901420703,74.73531117921573,78.52448395394126,3330107
2016-12-21,75.42060852050781,78.40356963496181,74.33222499819819,76.10588270616708,2244712
2016-12-22,73.20352935791016,75.78338687633273,72.39732311454492,75.46090314881353,1125671
2016-12-23,75.42060852050781,76.0252632991836,72.63919284807925,73.44539921964697,1716017
2016-12-26,71.873291015625,75.98494180907277,71.38956847831335,75.8237030135908,1082372
2016-12-27,73.56631469726562,73.84848563305472,72.11514109768586,72.55855696168665,724004
2016-12-28,75.50120544433594,76.91206617444575,73.96941256432947,74.00972533124991,1788637
2016-12-29,78.56480407714844,79.00822001718316,75.01750116033517,75.54153035200113,1870528
2016-12-30,78.9275894165039,81.22527589144876,78.48417353938066,79.20976036064357,2593949
2017-01-02,79.8144302368164,80.45939778998574,77.63767550888618,79.41132705380218,1402286
2017-01-03,80.74156188964844,81.22528443776467,78.76635277111377,80.09659439158285,2490532
2017-01-04,82.71675872802734,83.36172617830101,79.97565629066241,81.22527841899311,4130421
2017-01-05,85.01445770263672,86.26408001364827,81.58808069274882,83.40204499210124,4995318
2017-01-06,83.68421173095703,85.78034676382426,81.95086705250054,85.45786303164493,3713083
2017-01-09,87.07027435302734,87.47337747503211,82.63614001097503,83.76482998276144,3898090
2017-01-10,90.61758422851562,93.03620299181658,86.34468861967103,87.39275921078102,7539267
2017-01-11,93.23775482177734,94.56799637556608,89.52920727096145,91.18192640675241,5118681
2017-01-12,91.38347625732422,94.04395931501264,90.41603122772779,93.51992402778728,2301235
2017-01-13,93.19744873046875,93.8424162424459,89.89200407103442,91.42379729883064,3544345
2017-01-16,94.48737335205078,94.89047649118217,92.3106188610876,92.713722000219,2719706
2017-01-17,94.36643981933594,95.77730069398977,91.98812779725743,94.5276786018074,2268469
2017-01-18,96.7447509765625,97.26878627452534,94.16489341086708,94.72923533121745,2939178
2017-01-19,96.30133056640625,97.9540557785719,95.5354371173726,96.78505921933836,2284555
2017-01-20,93.72148132324219,97.79282555289927,92.47185911191927,96.26103236991612,2347111
2017-01-23,92.87495422363281,95.45481782204031,90.81913205005353,94.08426355545545,1022912
2017-01-24,89.12610626220703,89.77106759241565,82.39427893766515,85.45786524646981,7999435
2017-01-25,88.72299194335938,90.89974615365523,87.4733699128301,89.60981750492935,1574797
2017-01-27,88.15865325927734,89.48889481782352,87.55399856456232,88.84392734978124,919953
2017-01-30,88.4408187866211,89.73075364345867,87.59430595654484,87.8764768999036,1054599
2017-01-31,87.27183532714844,88.96486739200533,86.94935156458851,88.52145760049333,804188
2017-02-01,88.27957916259766,90.89974932039165,86.42530243673583,87.55399235026628,1842518
2017-02-02,88.76329803466797,89.65012359097386,86.94933415323389,88.36019494990484,995686
2017-02-03,88.92454528808594,89.89199025650952,87.43305891470739,89.12609683574628,1245503
2017-02-06,88.1989517211914,89.81136397879686,87.75553589000405,89.81136397879686,743588
2017-02-07,87.9974136352539,89.8919970972653,87.51369111423097,88.52144892922273,789231
2017-02-08,88.1989517211914,89.48888029710285,87.55398435780337,88.11833233848407,771971
2017-02-09,87.6749267578125,88.96485548453599,87.15089148265021,88.68268453663794,573263
2017-02-10,90.33541107177734,91.90751076932756,87.47337647782491,87.87647959523424,1516121
2017-02-13,90.41603088378906,91.74627240757309,89.52920525155487,90.6578890648354,853239
2017-02-14,89.04546356201172,90.29508550931685,88.44080897154755,89.8919824490074,493596
2017-02-15,87.35244750976562,89.04547943468128,86.8284122077793,88.68268907607995,647088
2017-02-16,89.20672607421875,90.01293235387574,86.7881072352478,87.47338134278307,652600
2017-02-17,92.95559692382812,93.88272932865969,88.11835870369899,88.11835870369899,2128135
2017-02-20,95.53544616699219,96.74475561214399,93.23775945137696,93.47961764988777,1921605
2017-02-21,94.97109985351562,95.89823213148308,94.00364865135106,95.89823213148308,541921
2017-02-22,94.32612609863281,95.6966741884378,93.51991989266159,95.25326446567276,640165
2017-02-23,93.60054779052734,94.60830563958743,92.31061897390359,94.32613467202376,491516
2017-02-27,93.0765151977539,93.84241487593216,91.94783129452861,93.72148270033918,403584
2017-02-28,96.66413116455078,97.79282115125541,91.54472267759881,93.07650964077054,1436783
2017-03-01,96.86568450927734,100.61454489257437,96.34164920393634,98.11530053646588,2170893
2017-03-02,94.00364685058594,98.074990844447,93.23775337888479,97.22847182762742,802426
2017-03-03,96.94630432128906,97.55095902599565,92.83465355945744,93.43930826416401,706653
2017-03-06,95.73699951171875,97.59127648892371,95.17265755389082,96.9463089792352,438842
2017-03-07,94.5679931640625,96.46257657288118,93.51992260555068,95.97885406543934,683612
2017-03-08,94.40674591064453,95.89822616817868,93.51992031028898,94.93078117703902,878761
2017-03-09,93.31837463378906,95.05171932368268,92.79433933439812,94.32613245920795,397168
2017-03-10,91.58502960205078,94.40675150269149,90.77882334472487,93.5199258498061,501963
2017-03-14,95.8176040649414,96.42225870500313,92.43154054094178,93.51991766287986,994785
2017-03-15,99.48584747314453,99.96956996862613,95.21295210284909,96.26102263544692,1797286
2017-03-16,99.84864807128906,101.05795750974036,97.99437728951659,100.53392218957161,1769692
2017-03-17,98.19591522216797,100.29205006080234,97.67187997479313,99.80832758278902,440889
2017-03-20,101.21920013427734,103.27502859277995,96.90599164882545,96.90599164882545,1356236
2017-03-21,101.98509216308594,104.48433649647068,100.81609554330196,103.19440155632411,1054984
2017-03-22,98.67965698242188,102.791308075259,98.27655381349929,101.90448233380256,1094171
2017-03-23,99.88895416259766,101.09826352013307,98.39747385181042,99.16336731790332,638288
2017-03-24,99.16336822509766,100.93701950536295,98.15561041793204,100.09050663786314,634692
2017-03-27,100.5742416381836,101.42076076161702,97.7122066502575,99.40524489712436,743535
2017-03-28,101.62230682373047,102.83161627668625,99.56647829335927,101.1788908973003,947631
2017-03-29,100.61454772949219,102.38819911203142,100.05019963441815,101.62230559476808,591227
2017-03-30,100.61454772949219,102.18664753897623,100.13081903346705,101.21920244865773,856576
2017-03-31,105.61300659179688,106.21766120968884,101.46104365209906,101.82384011335316,2833164
2017-04-03,103.19440460205078,106.21767817437649,102.46881771451945,105.65333623455535,876322
2017-04-05,101.54167938232422,103.83937222085422,101.17888901353835,103.83937222085422,667792
2017-04-06,98.1556167602539,102.22696102461903,97.79282638657881,101.09827097749015,794607
2017-04-07,96.22071075439453,99.88895150154235,95.61605609173492,98.19591967626847,945661
2017-04-10,94.9307861328125,98.76026582819135,94.52768300698314,96.74475019904459,891367
2017-04-11,94.64860534667969,96.26101768256567,94.00363795197933,94.60829257793657,796699
2017-04-12,98.2362289428711,98.55871266848298,93.76178800917704,94.93078459479649,1896874
2017-04-13,95.53544616699219,98.76027135406366,95.01141084391989,98.51840700468694,707135
2017-04-17,94.6082992553711,96.42226326127204,94.08426397904887,95.53543764411576,382808
2017-04-18,92.59278106689453,96.98660855818872,91.82688763536238,95.09201906285044,625997
2017-04-19,92.95559692382812,94.32614529251812,92.39124877429317,93.07652295863818,358830
2017-04-20,99.72771453857422,101.82385579069121,95.33389276574255,95.81761530435963,2402676
2017-04-21,96.86568450927734,101.38043838824264,96.0191654659676,100.45329994815714,1366711
2017-04-24,96.62382507324219,99.52616656056831,96.34165409476962,97.4703441595259,731405
2017-04-25,97.55095672607422,99.16336923394321,96.74475047213971,97.38971793563354,1276747
2017-04-26,96.82537078857422,98.88119921601294,95.3742032082048,98.07499295440806,635017
2017-04-27,99.44554901123047,100.25175533665734,96.18041708377135,97.2284816163066,1458403
2017-04-28,103.39595794677734,104.64558017178263,98.31685579781734,99.9695811727126,5607971
2017-05-02,102.18663787841797,104.68588206872043,100.211435109556,104.00060186442539,1855918
2017-05-03,107.66883087158203,109.36185635960922,101.98507520794742,102.38817827201045,7288834
2017-05-04,114.76346588134766,116.09370128791248,108.5556678460951,108.83784495741796,6992317
2017-05-05,111.45801544189453,115.12625638513857,110.0068417135887,114.32005012516103,3467150
2017-05-08,113.23167419433594,114.36037041351369,110.85336803146188,111.57894879242954,1804394
2017-05-09,115.4890365600586,118.51230976843708,113.87662418225672,113.9169369520478,4030962
2017-05-10,117.18208312988281,119.7216278917425,116.29525133591821,116.41617735249017,3076971
2017-05-11,112.74796295166016,117.9076786702105,111.6998922364673,117.54488827311023,2097412
2017-05-12,109.8052749633789,113.59444140091485,108.31380096971849,113.23165109444228,1747326
2017-05-15,111.57892608642578,113.4735154570217,110.85334547311179,110.93397100869315,1217806
2017-05-16,110.89366149902344,112.30452230104223,109.84559101432063,112.0626579889216,570714
2017-05-17,111.41770935058594,113.19136076856117,109.9665355352491,110.93399294662832,963135
2017-05-18,106.74169158935547,110.69210918866553,106.2579752701968,110.45024487822127,1094254
2017-05-19,105.61300659179688,108.91845675696484,103.59749119882365,106.7820030593754,1035598
2017-05-22,98.39746856689453,107.58821426983742,97.71218838040507,106.82232084488057,1444158
2017-05-23,95.57575225830078,98.67964505362009,92.8749564323098,98.67964505362009,1835450
2017-05-24,95.49512481689453,99.36491715424157,93.92302513970907,95.21295386853629,1432618
2017-05-25,99.00213623046875,99.96958133139393,95.93854982609578,96.22072080129347,1151109
2017-05-26,100.61454772949219,102.54943791012921,99.04244176914226,99.16337394314854,1043795
2017-05-29,98.9215087890625,102.58974984912204,98.03468310501928,101.34012764601627,1665385
2017-05-30,98.63933563232422,99.80833841112006,93.60054645871891,99.28430310689197,1834738
2017-05-31,105.73394012451172,106.21766877396584,97.99436784535976,99.40522872091529,4191578
2017-06-01,106.98356628417969,109.36187224731766,105.65333090021146,106.37891160024303,2659039
2017-06-02,106.13703918457031,108.79752205165667,104.8874294409703,107.5075995385176,1202884
2017-06-05,106.45954132080078,107.54791241353402,105.49209624890517,106.17736420320428,744161
2017-06-06,101.50137329101562,106.4192304371025,99.88896070863528,106.4192304371025,1732125
2017-06-07,103.03315734863281,103.91997680935589,101.70291585581755,102.22695112884966,1200773
2017-06-08,103.35564422607422,105.33084718212201,102.63006348360172,103.39595700104086,1173540
2017-06-09,102.91223907470703,103.83937758275894,100.77579107376988,103.43627441846387,897996
2017-06-12,102.26726531982422,105.0889934488137,101.74323000799951,102.30757809414372,999730
2017-06-13,100.7354736328125,103.3959568543227,100.29206386313804,102.22696019233948,842081
2017-06-14,101.05795288085938,101.90447190934749,99.96957566627866,100.53391758469367,1079084
2017-06-15,99.6470947265625,101.82385536759318,99.44554315707073,101.17888788487318,723004
2017-06-16,101.13858032226562,102.30758317607574,99.44554828146646,99.96958361932161,1415930
2017-06-19,99.6470947265625,102.38819730182385,99.36492375944717,101.58199102385674,1025263
2017-06-20,99.20368194580078,100.7757816796572,98.88119821425276,100.13081421656116,803735
2017-06-21,100.17112731933594,101.54167549434479,98.47809541171746,99.20368227237269,1599571
2017-06-22,98.84088897705078,101.38043999639812,98.19592764174824,100.17113057298185,836575
2017-06-23,95.49512481689453,98.96181404205397,95.21295386853629,98.84088187822462,734558
2017-06-27,92.87495422363281,96.50288221910074,92.18968016577304,96.4222628271523,963677
2017-06-28,94.72923278808594,95.45481963110394,90.6982016056142,92.87495598380276,1054146
2017-06-29,93.2780532836914,96.30132648196401,92.91526296024472,95.3338815188628,1196314
2017-06-30,92.4315414428711,94.97109218608381,91.62533524825533,92.75402515089043,1070670
2017-07-03,98.80058288574219,99.64709579617467,94.80985807644905,95.13234182127059,2520045
2017-07-04,98.47809600830078,100.57423105666332,97.95406070849373,99.88895696500748,2198333
2017-07-05,101.78353881835938,102.10602254775897,97.59126878876128,98.47809443146102,2611571
2017-07-06,100.3726806640625,102.67036730451248,100.00989030273145,102.30757694318143,1832176
2017-07-07,99.2843017578125,100.49361114304561,98.8408858562141,99.96957584593814,1087533
2017-07-10,100.33236694335938,102.38819537380968,99.96957658545197,102.38819537380968,187696
2017-07-11,99.20368194580078,101.09826541120522,98.92150483640528,99.96957542621995,1239335
2017-07-12,101.90446472167969,102.46880660028975,99.24398180625474,100.33235894406852,1404587
2017-07-13,101.50137329101562,103.43626962004521,100.93702519666299,103.19440527234181,1412385
2017-07-14,101.66261291503906,103.31533213488973,99.44554559624974,101.54168074020464,1324472
2017-07-17,103.03315734863281,104.48433100458861,100.37267436300229,101.98508680256859,2002032
2017-07-18,100.49361419677734,103.11378461106906,100.13081767966362,102.75098809395536,850939
2017-07-19,101.58199310302734,102.54943819604316,100.4936158356681,101.29982213013656,898656
2017-07-20,101.70291900634766,103.59750245135497,98.8005777553933,101.98508996183972,972240
2017-07-21,100.93701934814453,102.9122283376319,100.25174527051239,101.94477715374047,709792
2017-07-24,102.67036437988281,103.59750279459902,101.01764526317312,101.01764526317312,1475444
2017-07-25,104.48433685302734,105.77425949584453,102.34788286997707,102.99285034225133,2489880
2017-07-26,109.64403533935547,110.571167482195,104.52462141568643,105.0889755566108,5626710
2017-07-27,107.58822631835938,110.57118711377335,105.08899421484244,110.45026109166491,2037525
2017-07-28,111.41770935058594,112.02236408183195,106.70140982790622,108.03164531595465,3425083
2017-07-31,111.01461791992188,114.92472384892531,110.45027590484233,111.86113709340783,3542102
2017-08-01,109.20063781738281,111.7401949723224,107.87040238031793,111.61925664966917,1075210
2017-08-02,110.45024108886719,113.87661718104007,109.48279618201131,110.04713801919979,5454266
2017-08-03,110.32933807373047,113.95726645654867,108.79753870883471,111.17584485500247,4288299
2017-08-04,109.8456039428711,111.94174515898723,107.6285367073269,110.81304900348955,2014563
2017-08-07,101.90446472167969,108.23318214980038,101.42074223274747,107.22542440166444,2786308
2017-08-08,100.89671325683594,103.15408706271818,97.30909175953555,101.7432261274672,3107803
2017-08-09,99.56647491455078,101.7432293956562,98.51840429720922,100.53391998373858,1246860
2017-08-10,96.3819580078125,102.50912417337963,94.72923276308902,99.04243489702255,2546037
2017-08-11,99.6470947265625,100.97733631538141,92.71372196621846,93.96334415741379,2497978
2017-08-14,102.42850494384766,102.99284684980177,100.41298934991808,100.9370184836474,829714
2017-08-16,102.14632415771484,102.75097881409641,99.56646675083287,102.38818848061356,1225247
2017-08-17,110.45024108886719,111.25644722820199,101.50135417242389,102.1463153933729,4079521
2017-08-18,111.21615600585938,114.32005516428238,108.19288239768053,110.20839813646643,5242065
2017-08-21,108.15255737304688,111.45800773096849,107.50760225106936,111.17583063880552,1256551
2017-08-22,106.25798034667969,109.56341840823602,104.72618117517077,108.83783774396841,1535804
2017-08-23,111.0549087524414,112.06266654511329,106.86263879527256,107.42698069882263,2423398
2017-08-24,112.62700653076172,113.67507707763927,110.61149097973974,111.82080031035294,2833476
2017-08-28,111.98204803466797,113.79601217541355,111.41770609567124,112.86887986861403,2188245
2017-08-29,113.27197265625,116.09369439501779,110.36962537568235,111.65956023409697,4303420
2017-08-30,117.86734771728516,118.75417948609916,114.0781809174749,114.360358017115,4642023
2017-08-31,119.38162231445312,120.69125203497684,116.63956440108444,119.66809796128312,4288761
2017-09-01,118.56310272216797,120.07736330426029,117.86735293467005,119.70903032427427,1960637
2017-09-04,114.47048950195312,118.72680820124121,112.34232390747185,118.6858795379484,1934385
2017-09-05,121.14144134521484,121.67347646336154,114.47048183457417,115.41177857888712,6008889
2017-09-06,119.95458984375,122.04182671720055,119.50439953933139,120.4456963206551,4608613
2017-09-07,121.22332763671875,123.51518329922709,119.29979253817427,121.01869677473216,3264620
2017-09-08,119.87273406982422,123.06498241452849,119.1360681001017,121.05959034978795,2603877
2017-09-11,119.79088592529297,121.50977730372493,119.50439778405065,120.32292105654416,1083793
2017-09-12,119.17699432373047,121.50977817322551,118.68587536085043,120.28199325569948,1197765
2017-09-13,115.04346466064453,120.15923583472446,114.51141696473478,119.09515293258069,1740312
2017-09-14,115.69828033447266,117.58087404474026,114.83882832040369,116.18938684988699,1141383
2017-09-15,113.77474975585938,115.32993918111241,111.81029864083708,115.28902300387594,1702015
2017-09-18,118.44032287597656,119.74996519457113,114.18400407505636,114.18400407505636,2767023
2017-09-19,119.38162231445312,121.14144232533683,116.5167909081107,119.54532446830937,2717968
2017-09-20,115.73918151855469,119.79088156154101,114.59325397467731,119.50439343073491,2601117
2017-09-21,112.5878677368164,116.55769773053422,110.99175000780933,116.55769773053422,3059569
2017-09-22,105.83507537841797,111.89214338576176,105.09839684368119,111.89214338576176,3458113
2017-09-25,105.54857635498047,107.39025376807902,102.11078101513134,106.40802831236132,2491988
2017-09-26,107.18562316894531,108.37247945082699,104.93468410377601,105.58950523885103,1944821
2017-09-27,104.36173248291016,108.33157593009118,103.62506018112204,107.34933786792315,1851299
2017-09-28,103.09300231933594,105.42579861118975,102.43818745683897,104.36171587298145,1337088
2017-09-29,103.99340057373047,105.79414955762724,102.88838898673595,103.09301983694412,1095777
2017-10-03,104.36173248291016,106.53081447590033,103.66598884865833,105.09839853986038,1562543
2017-10-04,109.3547134399414,110.33693886216297,104.97560896670821,105.5485727555313,5825395
2017-10-05,110.009521484375,111.9330561471238,109.6821171752438,110.05045014543485,2593939
2017-10-06,110.54158782958984,111.9740037816846,109.804909274707,110.66436134389903,1280246
2017-10-09,111.31916046142578,112.71064746925892,108.65895993569319,111.31916046142578,2793096
2017-10-10,114.59326171875,115.57548717840442,111.72843017578124,112.05583449910793,3380508
2017-10-11,112.83344268798828,119.6271761336414,111.89213339261714,116.23030941081484,6075498
2017-10-12,111.36011505126953,114.75698228690459,109.96862771943142,114.18401838434494,3677116
2017-10-13,110.62342834472656,113.32455796085603,110.17325048343451,110.78714301029687,2474280
2017-10-16,110.37786865234375,112.62880765905717,109.1909999116102,111.31916542291795,1498377
2017-10-17,111.89212799072266,113.93843615620652,109.96860580897214,111.23730687983306,2781496
2017-10-18,112.13768005371094,114.02028593940857,111.31915684164005,111.40101415871635,3146475
2017-10-19,112.7106704711914,114.02031291623102,111.48288536259525,112.46511095153697,1361278
2017-10-23,116.68051147460938,117.21254668101786,111.31918078448051,113.44734658946587,4493419
2017-10-24,119.29977416992188,121.79627279971453,117.13069236270228,117.66272752608076,8451669
2017-10-25,124.6611099243164,125.23407377699506,117.58087538364192,120.7321953078874,7884134
2017-10-26,127.15760803222656,128.71279740886422,124.82481147759488,125.80703700440156,6836553
2017-10-27,126.91206359863281,130.71819265060634,126.17538499879244,127.6487297087965,4315452
2017-10-30,126.2572250366211,128.18075987907818,124.41554752393132,127.60778355005694,3247556
2017-10-31,131.41390991210938,132.06873100818387,125.64331851806796,126.46184176574268,4898341
2017-11-01,130.55445861816406,133.17373052510786,130.06333967137988,132.8463262203675,5301571
2017-11-02,128.2216796875,132.43708249646227,127.32131148292213,130.96373794662765,3008539
2017-11-03,130.22706604003906,131.78225536210707,127.07574624203181,128.50816206118515,2298226
2017-11-06,133.66485595703125,134.76985490639743,129.73594166115603,130.14520330677482,4276544
2017-11-07,128.549072265625,134.93355578354038,126.66646639000375,134.76984115026406,3124505
2017-11-08,123.35145568847656,132.3552117604774,122.24645675526271,129.04018998148774,6603736
2017-11-09,115.73918151855469,119.91365505207304,114.10213503320216,117.86734694538238,7246341
2017-11-10,114.92066955566406,117.21253735804555,113.77474189931067,115.00252688383561,2630895
2017-11-13,112.83344268798828,115.57548826831197,112.30139504547212,114.92066712580912,1660063
2017-11-14,114.38863372802734,115.82104953499727,112.17862326663723,112.62881358961987,1856647
2017-11-15,110.21414947509766,114.55232515310011,109.3547100632381,114.34769434271956,1425045
2017-11-16,111.85120391845703,112.3423228941921,108.69989670812585,110.37787197060057,2145803
2017-11-17,111.60567474365234,114.18401855383617,111.15548435894569,112.75160255047263,1612821
2017-11-20,113.11993408203125,113.69289797777166,110.6234351545092,111.72844676675416,1502031
2017-11-21,114.06122589111328,116.02567679871386,112.30139331711659,113.77473774265415,1511955
2017-11-22,113.2017822265625,115.0025311053663,112.79252055003094,114.59326942883474,826861
2017-11-23,117.78550720214844,118.23569755073612,112.95622434556334,113.44734336032724,4908771
2017-11-24,117.3353271484375,119.09514735401858,116.68050597089275,118.60402834844123,2114995
2017-11-27,118.11292266845703,118.64495785353525,116.02568561449405,116.84420896979913,2029975
2017-11-28,117.3353271484375,119.258849525986,116.72143463630339,118.11292183253903,1473715
2017-11-29,117.86736297607422,120.03644486830551,116.47587577220838,117.5399586303441,2449891
2017-11-30,114.7160415649414,119.46347945390535,113.89751822166055,117.04883808916185,4987604
2017-12-01,112.42417907714844,116.76234253011802,111.85120278139088,115.4936414201029,2043021
2017-12-04,112.66973876953125,113.69289299914804,110.0504664396474,112.75159610377086,1879280
2017-12-05,110.58250427246094,112.38325305808266,109.5184214706062,111.52380108390481,1531370
2017-12-06,110.41877746582031,112.30138337118181,109.84581370932067,110.50063478375161,1363299
2017-12-07,112.75157928466797,113.28361440883499,110.50064031528258,110.90990194607993,1314191
2017-12-08,114.47048950195312,115.41178630931535,113.52918020491643,113.77473969499881,1841704
2017-12-11,115.3299331665039,116.27124249768808,114.59326715920754,115.28901699140128,1535676
2017-12-12,114.38863372802734,116.47587068754703,113.77474123932595,115.00252621672874,1020654
2017-12-13,111.31916046142578,114.51139609643553,110.74619669227961,114.38862260650187,1390072
2017-12-14,110.50066375732422,112.01493710838777,108.12695079100043,111.8103062495779,1174488
2017-12-15,116.35308074951172,117.04883054231124,113.07898758748902,114.22492768800151,4047954
2017-12-18,115.49364471435547,118.44032115383595,107.39025640401628,114.42956190717865,5248619
2017-12-19,119.46348571777344,120.07737825742251,116.23032084022348,116.23032084022348,4192436
2017-12-20,120.36386108398438,121.79627694611008,118.72681438441214,120.20015891196218,2694064
2017-12-21,122.65572357177734,123.92442471645847,119.13607082441699,119.91366547461095,2927482
2017-12-22,122.94221496582031,124.53833313402572,122.16462021614858,123.26963182703949,1498944
2017-12-26,125.27499389648438,125.84795771007505,122.12367418722413,122.12367418722413,2321633
2017-12-27,122.32831573486328,125.39777838707468,120.7731263202797,125.07037403337566,2014377
2017-12-28,124.33368682861328,124.94757931622594,120.60941572883621,122.2055336986942,2036165
2017-12-29,127.68965148925781,128.8355792631628,123.80166530609131,124.70204604964238,3251612
2018-01-01,124.90666961669922,128.71279824131966,124.16999109957331,128.22167922990238,1611648
2018-01-02,120.24107360839844,126.01166565133066,119.5044075985241,125.43870181146451,3647013
2018-01-03,123.14683532714844,125.07037019266917,120.85496745260834,121.05959828980522,3381768
2018-01-04,124.45646667480469,124.94757314684126,122.41015848380059,123.59701473664816,2027825
2018-01-05,126.29815673828125,126.87112059140415,124.8248121947686,125.11130036616768,2184348
2018-01-08,125.84796142578125,127.5668654069789,125.39777109835569,126.2981517532068,1181652
2018-01-09,123.96534729003906,126.66647659088117,123.59701431485013,125.97072681244455,1123237
2018-01-10,122.94221496582031,125.02945218101638,121.95998936151517,124.29278610020657,923536
2018-01-11,129.81781005859375,130.5544760876697,122.12368297090708,122.12368297090708,6555751
2018-01-12,128.99928283691406,133.0509708549256,126.1344511589721,130.96373384877575,3673294
2018-01-15,134.97450256347656,135.7930259568019,128.01705372021127,129.57225566133485,8924433
2018-01-16,127.2803726196289,136.20227155658202,126.46184932303964,136.20227155658202,5138255
2018-01-17,129.81781005859375,130.47261875569447,123.63795618472197,126.87112096293923,3282097
2018-01-18,123.02406311035156,130.7591063395445,121.34608772981204,130.10428515571502,3430408
2018-01-19,124.82482147216797,126.01167793249269,123.18777463318872,123.59703634293354,1793284
2018-01-22,126.91206359863281,128.38540830863687,123.59704112354285,123.59704112354285,2362702
2018-01-23,126.74834442138672,129.28575928611644,126.09352325028146,128.09890293893037,1986856
2018-01-24,125.92981719970703,128.38538714843315,125.39776955034493,128.09889899187857,2102174
2018-01-25,122.00090026855469,126.830182738949,121.18237696918791,126.05258810248543,2095005
2018-01-29,119.79088592529297,123.47424065151371,119.13606480936338,122.12366975809506,1500787
2018-01-30,118.72679901123047,120.89588061143299,117.08975252362902,118.27660872920536,1583374
2018-01-31,118.44032287597656,119.91366736197676,116.47587188775948,118.44032287597656,1467465
2018-02-01,114.67511749267578,122.94219519671383,111.9330594856405,119.74995937361459,4780246
2018-02-02,105.67135620117188,113.07898159601696,104.77097563345247,112.13768485767959,2898440
2018-02-05,102.02893829345703,103.78876477022763,99.164106527266,99.859850135802,5818189
2018-02-06,98.30465698242188,101.16948882097194,92.69777306165574,94.13018898093077,3849293
2018-02-07,102.76560974121094,104.23894803363848,101.0467056994557,101.4559673770474,3498142
2018-02-08,105.91690826416016,106.81728887506871,103.01115434434597,103.6659754714,2965116
2018-02-09,108.45433044433594,109.23192503260589,101.53781149129225,103.17485798856524,2671247
2018-02-12,112.83344268798828,115.53455960509159,108.61804016977729,109.43656347548725,6776209
2018-02-14,111.60567474365234,115.98476760298648,110.90992483186237,114.5932802690829,2802346
2018-02-15,110.05046081542969,114.06123268435917,109.5184256390893,111.97399566467571,1978887
2018-02-16,107.75859069824219,111.4828743234708,106.65359170372915,110.66435099879087,2016829
2018-02-19,108.1269302368164,109.35471515628211,105.34394359222301,106.81728799351669,2069680
2018-02-20,106.81729125976562,109.27286117378323,105.83506579209347,108.45433786911069,1215378
2018-02-21,105.75321197509766,107.88137763373761,105.38487897370706,107.63581813625225,895866
2018-02-22,103.09300231933594,106.0396910575014,102.43818745683897,105.34394128914535,1432405
2018-02-23,104.93468475341797,105.71227939190106,102.52004351194964,102.7656030003323,1203210
2018-02-26,107.22655487060547,108.24970902013415,105.67136555919176,106.36710288706645,1434493
2018-02-27,107.02193450927734,108.86361215857657,106.44897062743055,108.4134217908127,1537210
2018-02-28,104.89376068115234,106.44896251585737,104.566356342096,105.67136784334234,974510
2018-03-01,104.77098846435547,106.44896382441493,104.27987570489631,104.36172679066658,1099913
2018-03-05,103.91152954101562,105.83506427529836,102.97023275000237,104.93468365719276,1630317
2018-03-06,101.5378189086914,105.46673328709089,100.55558719167291,104.32079316148402,980797
2018-03-07,98.42742919921875,101.21040973531589,97.81353670941073,101.08762998838682,1515498
2018-03-08,99.8598403930664,100.35095311324523,97.19963972685767,99.04131711115602,1236622
2018-03-09,98.10002136230469,101.49689448308513,97.81353944136026,100.18725838388379,1170426
2018-03-12,100.06449127197266,100.51468166520111,97.40429007251326,99.73708064460999,1319674
2018-03-13,101.41503143310547,102.47910790605312,99.20501492190016,99.85983601666545,1486987
2018-03-14,101.61966705322266,102.80652331820502,100.43280454340321,101.0057745896448,1447748
2018-03-15,103.37948608398438,106.0396865721448,102.806516078094,103.42040849843872,2629334
2018-03-16,100.67835998535156,103.78875084055731,100.0235388858861,103.13392974109185,993448
2018-03-19,99.81890869140625,102.31540712314576,98.55020138998137,100.80114034669057,1823272
2018-03-20,100.59652709960938,101.90616329051996,98.46836750877495,98.95948029976167,1580856
2018-03-21,99.65522003173828,102.15171880151567,99.40966052345804,100.67837424150972,824056
2018-03-22,98.87762451171875,101.37411701599198,98.30465441208727,100.26911172755382,1030434
2018-03-23,95.19425964355469,97.5270497347852,94.78499800492348,97.40426999422843,1115862
2018-03-26,95.56258392333984,95.88999445341494,92.8614548562659,94.1301683184932,1782637
2018-03-27,95.97184753417969,98.01815558394898,95.56258592422583,95.56258592422583,1022126
2018-03-28,93.39350128173828,95.76721994822576,92.9023885822532,95.72629128792,1423468
2018-04-02,97.32242584228516,97.81353859462962,93.39351133385459,94.0483325002055,1302421
2018-04-03,101.21040344238281,101.49688533751323,96.74944788024315,97.28148925396364,1204448
2018-04-04,99.16409301757812,103.01114979585034,98.63205165594384,101.49688303184263,1374309
2018-04-05,102.47911834716797,103.42042142498424,100.14632810724932,100.14632810724932,1172986
2018-04-06,102.80652618408203,103.62504949167,101.16947956890608,102.3154134484967,718492
2018-04-09,102.35635375976562,104.23895383455186,101.86523472345465,102.7246867921609,739592
2018-04-10,102.72467803955078,104.36172470153565,102.06985687682186,104.36172470153565,682000
2018-04-11,101.5378189086914,103.5022698530539,100.842069100656,103.13393686219524,1372934
2018-04-12,102.39726257324219,103.21578586518632,101.16947763532602,101.74244768658917,932019
2018-04-13,105.22117614746094,105.67136647509048,102.39726692338336,103.13393916639653,1757093
2018-04-16,105.75321197509766,106.36710447397363,104.36172480891378,105.1802481407484,1918954
2018-04-17,104.89376068115234,107.10378368364502,104.77098717642495,106.40803385105659,1255987
2018-04-18,103.37948608398438,105.95782925356286,102.84744473738496,105.22116334501852,905248
2018-04-19,107.43119049072266,107.79952350304151,103.50227588341261,103.95246622721353,2405835
2018-04-20,108.86360168457031,109.84582717175931,106.16247222754453,107.22655504269707,3553372
2018-04-23,106.69451141357422,109.43655682732128,106.20339246411346,108.08599845081476,1109833
2018-04-24,107.22655487060547,109.47749399956857,106.817293210794,108.20878035621807,2211858
2018-04-25,106.6126708984375,110.70528782352147,105.99877835967492,107.55396779533655,3970491
2018-04-26,105.54857635498047,108.4543365491375,105.13931470762523,107.43118243074942,1624824
2018-04-27,106.28526306152344,107.3493334354771,105.99877489027422,105.99877489027422,986101
2018-04-30,109.23193359375,110.00952824296458,105.99876900616857,106.69451881790901,1612741
2018-05-02,107.67675018310547,110.9508436132893,106.77636949393482,110.50065326870397,1710766
2018-05-03,107.71766662597656,108.04507093597361,105.0983821873048,106.98098819397244,1266927
2018-05-04,107.63581085205078,108.6589649476026,106.53079943298522,107.14469189031631,1000006
2018-05-07,108.1678466796875,109.51841758828326,107.63581154245753,108.37247750011042,1454313
2018-05-08,110.58250427246094,111.64657458464113,108.29063650454486,108.45433866875146,2765375
2018-05-09,110.95085906982422,112.62883468448682,109.35474079818984,110.5825260055512,1907002
2018-05-10,107.06285095214844,111.27824098333676,106.81729146234609,111.19639614651895,1240144
2018-05-11,108.41341400146484,109.96861584293961,105.87599913854551,107.10378414986374,1409417
2018-05-14,108.20877838134766,110.09138448005675,107.79951672900543,108.45433787068788,878769
2018-05-15,107.84044647216797,110.82805156831645,105.38487653352277,107.63581564394754,1604582
2018-05-16,107.79951477050781,109.19100186525597,106.48988500061068,107.63581261047995,1355724
2018-05-17,100.35095977783203,108.86360372401579,98.63206202063085,108.86360372401579,7132163
2018-05-18,96.05371856689453,101.57875144935784,95.767236629364,100.6783769693314,3045760
2018-05-21,94.3348159790039,96.87223711211806,92.1657278550311,96.38112435165041,2154149
2018-05-22,92.45221710205078,94.90778734375029,92.16573515615346,94.13019259848066,1757792
2018-05-23,90.11941528320312,94.25296050127847,89.62830254561923,92.16572356050037,1748020
2018-05-24,90.73331451416016,91.83831981711162,89.58738054468401,90.28313040657727,1193736
2018-05-25,93.31166076660156,94.41666602671224,91.67461408648575,91.67461408648575,1654971
2018-05-28,97.81352996826172,98.1000118614608,94.04832420589852,94.13017528326442,1761763
2018-05-29,95.64443969726562,98.83668159398914,94.94869618967073,98.14093808639424,1698756
2018-05-30,95.88999938964844,96.83130237025713,94.29387531518061,94.4166550508838,848701
2018-05-31,95.15333557128906,96.7903822047736,94.74407391291793,96.38112054640247,1194760
2018-06-01,93.76184844970703,96.91316197083405,92.90239646901907,95.35796641974204,1544883
2018-06-04,91.67460632324219,94.49850910937155,91.01978520871282,94.25295587505077,1150227
2018-06-05,87.82755279541016,90.89701517766115,86.2314286097373,90.8560865146296,2163943
2018-06-06,91.10165405273438,91.67461791677914,85.20828201118164,86.10865647389674,2183901
2018-06-07,92.69776916503906,93.47536384773792,91.34720439181271,91.92017448234022,1003859
2018-06-08,94.66222381591797,95.97185988737523,93.02517716538705,94.33481323684431,2943853
2018-06-11,95.03056335449219,96.17649733769613,94.29389106208696,94.94871226530002,834325
2018-06-12,96.3811264038086,96.74945942079253,94.53944882921353,94.78500833709461,1133471
2018-06-13,95.27611541748047,96.50390039387884,95.03055592426587,96.46297173006396,574750
2018-06-14,93.92554473876953,95.27610937613751,93.18887255067453,94.86684774328884,673335
2018-06-15,93.43443298339844,95.43981250692099,92.12479699386309,93.84369462043055,964816
2018-06-18,94.13018035888672,94.62129309440041,92.49313374394956,92.86146673437553,643218
2018-06-19,92.61592102050781,93.80277741491679,91.75646897984079,93.67999765984469,554304
2018-06-20,93.47535705566406,94.04832710455861,91.92016780326895,92.4931316073264,461631
2018-06-21,90.8151626586914,93.96648253381345,90.11941906418768,93.8846252034174,1821268
2018-06-22,91.96109771728516,92.41128806062687,89.30089681260941,90.61053293209764,685054
2018-06-25,91.22442626953125,94.86685898023129,90.81516458820569,91.83831879151958,1711084
2018-06-26,90.32405090332031,92.16572845060303,90.03756897826607,90.77424124614667,615937
2018-06-27,87.009033203125,90.77423930358248,85.08549836570096,90.65145955409025,1714398
2018-06-28,82.87548065185547,87.6638405072175,81.89325523095343,86.96809698034215,2131421
2018-06-29,85.57661437988281,85.94494737067939,82.1797414015028,82.50715197378712,1753924
2018-07-02,84.7171630859375,86.231429969424,82.7527058813541,86.026799140714,823142
2018-07-03,86.19050598144531,86.7225411305355,82.87548411876003,86.51791030555091,1545039
2018-07-04,86.4360580444336,87.50014081776068,85.98587398251605,86.76346860890632,1213824
2018-07-05,85.9449462890625,87.50014180421296,85.20827407190309,86.5588387625558,740524
2018-07-06,87.41828918457031,88.23681246815305,84.79901093020334,85.7403139552909,1070334
2018-07-09,89.50552368164062,89.99663642406196,87.74569729686331,88.40051844998331,947665
2018-07-10,92.90239715576172,94.33481297093866,90.03756552540783,91.10164834318851,3732981
2018-07-11,91.22442626953125,93.1479611676315,90.93794434157088,93.1479611676315,959956
2018-07-12,89.99663543701172,92.86146702202593,89.01440996294176,91.42905122951883,1029322
2018-07-13,88.19588470458984,89.7920026259028,87.0499508469317,89.54644938522848,936940
2018-07-16,84.3897476196289,88.23681072329539,83.89863490815829,88.23681072329539,928413
2018-07-17,86.64069366455078,87.50014566328117,83.57123116171003,84.79901616284633,913264
2018-07-18,83.93955993652344,87.37735501286545,83.48936966100491,86.80439124842067,1244717
2018-07-19,82.91641998291016,84.63531781309807,82.67086047366715,84.06234770647694,1323315
2018-07-20,83.1619644165039,83.77585687958563,82.26159005295145,82.8345538538929,800085
2018-07-23,85.74031829833984,86.10865129667461,83.08011749194743,83.48937915446935,1519359
2018-07-24,89.7510757446289,91.10164035810007,85.94494137751448,85.94494137751448,2729186
2018-07-25,88.93255615234375,90.65145380164684,88.31866368867571,90.24219215920148,1159007
2018-07-26,89.42367553710938,90.5696094703053,88.3595926895337,88.8097830277013,1201730
2018-07-27,91.1834945678711,92.32942840791988,88.89162688777353,90.07848938972431,1374457
2018-07-30,96.83130645751953,97.19963943533969,91.3881254001731,91.3881254001731,4393654
2018-07-31,95.48074340820312,98.95946740457477,93.96647656463232,97.52705164136292,4054403
2018-08-01,95.19425964355469,98.22279327149086,94.58036718560787,96.58574671696601,4959941
2018-08-02,93.92554473876953,94.86684774328884,92.49312902379918,94.86684774328884,1428522
2018-08-03,95.56258392333984,96.17647632541697,93.63905564579879,94.37572777725865,1476602
2018-08-06,94.98963928222656,96.8722392802948,94.62130002000355,95.56260314145652,1074927
2018-08-07,93.43443298339844,95.52166358536002,92.73868944941125,95.03055086988888,780463
2018-08-08,93.22981262207031,94.66222851235064,92.61592009766446,93.39351479731013,812263
2018-08-09,95.84907531738281,96.87222942248903,93.47535654456898,94.13017766977178,2357924
2018-08-10,93.8846206665039,96.25833950201775,93.352585513665,96.09463733881151,1571464
2018-08-13,91.59275817871094,93.10702502911818,90.528675394729,92.90239420487835,937790
2018-08-14,91.34720611572266,92.77962200181771,90.56961141834898,91.67461671008334,706561
2018-08-16,90.73331451416016,92.24758150300755,90.2012730735279,90.3649814947889,548464
2018-08-17,93.35258483886719,93.92554865078459,90.89701493950028,90.89701493950028,1147706
2018-08-20,94.13018035888672,94.9487036663553,92.32943158039073,93.76184736846075,1166518
2018-08-21,94.86685943603516,95.685382802619,93.1888840366032,94.08925849087788,1339922
2018-08-23,92.69776916503906,95.19426787448288,92.32943615635804,94.98963703747395,1175489
2018-08-24,92.90239715576172,93.63906939539162,92.08387383280346,93.10702798650128,923230
2018-08-27,96.21741485595703,96.79037865875053,92.90239304666542,93.27072602777022,2831001
2018-08-28,97.8953857421875,100.43280673128511,97.11779110265084,98.63205796349641,5795617
2018-08-29,97.48612976074219,99.77799763925813,96.99501699958522,97.56798084679542,2300745
2018-08-30,98.67298889160156,99.0413218882925,97.15871575115861,98.18186990289718,1846956
2018-08-31,98.34558868408203,99.69615355575408,97.40428551625982,98.55021953600695,1007115
2018-09-03,99.2868881225586,102.15171994190057,98.10002547907139,98.34558499009296,3530889
2018-09-04,95.27611541748047,99.28688092268258,94.74407401207371,98.95947034667556,1799585
2018-09-05,95.88999938964844,96.3401834274444,93.76184020186145,94.45758371106378,2162023
2018-09-06,96.3811264038086,96.91316784099249,95.07149026639742,96.13556689592751,612489
2018-09-07,96.9540786743164,97.73167952644137,95.48074053763857,96.46296596209046,851550
2018-09-10,95.35796356201172,97.64983127860437,94.98963057837656,96.54481983802465,779897
2018-09-11,92.72999572753906,96.817958969302,92.10428726293358,95.94196457284006,1396514
2018-09-12,92.06256103515625,93.64769025003464,90.39400530687055,93.23055131796323,1187646
2018-09-14,94.77397155761719,95.52482296748663,93.02198917794549,93.2722751029138,1263982
2018-09-17,95.2745361328125,96.85966545739375,93.1054148089286,94.73226057561808,1364403
2018-09-18,93.1888427734375,96.44252799224462,92.47970780184716,95.19111109001385,888624
2018-09-19,92.31285858154297,94.18998401257963,91.39515408826554,93.85627155183262,725140
2018-09-21,90.26886749267578,94.27340401452828,83.09407872563911,93.48084254449108,3189758
2018-09-24,84.72091674804688,90.22714918979538,83.9700654230278,89.76829383421853,1696578
2018-09-25,82.51007843017578,85.68033035632423,78.04669332511544,84.92948540344348,2474642
2018-09-26,82.05123138427734,84.09521608799959,81.17524339556954,83.76150365014337,1352624
2018-09-27,78.17183685302734,82.51008576142966,77.67127138495195,82.2180897688053,1559723
2018-09-28,78.63068389892578,80.09067007211539,74.25072537935696,78.96439629723318,2948812
2018-10-01,79.1729736328125,79.54839614013785,74.45930224565475,78.58897528637446,2198054
2018-10-03,80.5495376586914,82.80208555083595,78.42212636552725,80.09068224564484,2122805
2018-10-04,78.63068389892578,80.25752308875178,77.00384470909977,78.71411040724398,2402550
2018-10-05,78.21354675292969,79.8821024169922,76.75356054687501,77.9215507847257,1373577
2018-10-08,74.75130462646484,77.71299395755867,71.83133173976671,77.3375650531046,2870933
2018-10-09,73.8335952758789,75.5021511013225,72.16503945043532,74.75129970686581,1372285
2018-10-10,77.58785247802734,78.33870393630575,73.75017502631489,73.79188510647509,3418675
2018-10-11,74.25072479248047,76.21127636511771,71.33075246918068,72.5821691791663,1504884
2018-10-12,77.79641723632812,78.58897872650172,75.50215292104767,75.50215292104767,1356822
2018-10-15,79.84040069580078,80.50782563046145,76.83700121989955,78.33870414036812,1645771
2018-10-16,81.46723937988281,82.92722572588417,80.21582251188165,80.54953494968903,2853737
2018-10-17,77.4209976196289,83.01065743345532,76.96214219332917,82.7186614190081,1979241
2018-10-19,76.92041778564453,78.92268596533246,75.33529490988353,76.75356475610182,1397347
2018-10-22,79.38155364990234,80.09068868294202,75.79415567329781,77.92156713745288,2863158
2018-10-23,79.46497344970703,80.88324339570859,78.04670350370547,78.4221260291072,2688370
2018-10-24,80.00724792480469,80.75809927066483,78.38040228126854,80.50781336703314,1412219
2018-10-25,77.92156219482422,79.84039767045142,77.37928025159032,79.08955260370442,886400
2018-10-26,78.75582885742188,79.50668018155143,75.91928294684067,78.00497753329233,1250177
2018-10-29,82.92723083496094,83.42779633999375,78.00498957789416,78.83926754129409,2305002
2018-10-30,85.68034362792969,87.43233242945465,83.01065671185418,83.4277956903057,2343239
2018-10-31,87.34889221191406,87.5991781239967,84.34549309209835,86.51461432501885,1351840
2018-11-01,90.89457702636719,92.10428383189557,87.0986163015212,87.64089822365217,2355982
2018-11-02,96.85965728759766,99.23734789140138,91.85399017852248,92.47969856715687,9717192
2018-11-05,96.02537536621094,99.02877423135504,93.93968082582826,99.02877423135504,3388320
2018-11-06,94.98253631591797,97.19337399305896,94.52368729634523,96.52594913636295,1666631
2018-11-07,95.3996810913086,95.94196302489118,95.10768508554429,95.35797101336257,219649
2018-11-09,95.81681060791016,97.40193980929105,95.1493921413,95.85852704677608,1108977
2018-11-12,90.18543243408203,96.23394672063517,89.76829351776802,95.64995478380945,3210513
2018-11-13,90.72772979736328,91.68715074179084,89.51802927941277,90.3105908097892,2462711
2018-11-14,89.72660064697266,92.43800412282681,88.85060620875923,91.64543621086325,2038322
2018-11-15,88.30831146240234,89.8934406919259,87.51575003015807,89.72658766356976,1338433
2018-11-16,88.18317413330078,89.60145042493166,87.47403917000307,88.43346005683429,1013682
2018-11-19,89.93515014648438,90.26885617727852,87.64088617708461,88.43344754777253,619712
2018-11-20,86.97347259521484,90.51915373219002,86.26433764082687,89.9351617379965,2192909
2018-11-21,88.89231872558594,89.76830676004694,85.76377639172021,86.89005035890474,1224217
2018-11-22,88.3917465209961,92.18771375086969,87.93289746614438,90.60258436811911,3068201
2018-11-26,86.76490783691406,89.6431642527974,85.63863386396126,88.89231918085268,1394777
2018-11-27,87.34889221191406,87.84946403607931,86.01404886588877,86.22261833761257,697761
2018-11-28,85.55520629882812,87.5574682863389,85.09635088041945,87.26547227691321,750185
2018-11-29,86.55634307861328,87.43233753048355,84.26207856327655,86.26434704966854,1059041
2018-11-30,88.51689147949219,89.9768779292271,85.84720451741981,86.97347850563673,1501369
2018-12-03,90.22715759277344,90.64429654940666,87.59918089297706,88.97574072287377,1381166
2018-12-04,89.55973052978516,92.43799307931054,89.01744862639326,91.64542526203464,2447491
2018-12-05,86.89004516601562,89.18430940706962,85.09634639545726,88.7254540128447,2158674
2018-12-06,86.38947296142578,87.39060382437849,84.59577433068695,85.51347868256606,1614014
2018-12-07,88.80888366699219,89.2260226346437,85.59691488908267,87.22376068194487,2321227
2018-12-10,85.68034362792969,87.3488995417358,85.26320464947815,85.9723460048743,784377
2018-12-11,88.43346405029297,88.85060303166227,84.51236017143577,84.76263974123593,1328729
2018-12-12,91.18657684326172,91.60371579247145,88.51688374929829,89.14259217311287,1190504
2018-12-13,92.06256103515625,93.60597381081352,91.10314021838498,92.27113050119196,1857269
2018-12-14,91.81228637695312,92.35456192545291,90.01858760066102,91.72885349407441,746140
2018-12-17,91.56200408935547,92.43799847403778,90.5608731054633,92.35456558785047,593095
2018-12-18,92.52142333984375,93.18884186215223,90.76944096686024,91.22829000750318,1376287
2018-12-19,93.35569763183594,94.18997552601671,92.72998921120036,93.43912414824698,1958444
2018-12-20,93.85626220703125,95.60824449522214,92.27113295008324,92.93855780512509,2311301
2018-12-21,92.31285858154297,94.89911901351965,91.93742967631418,94.44026358436304,1269196
2018-12-24,90.22715759277344,92.7717014092149,89.97687167277937,92.35456245258167,1191875
2018-12-26,91.27001190185547,91.97914690887134,89.10089043596862,89.64316602866346,1338810
2018-12-27,90.85286712646484,92.10428401149869,90.18544224176594,92.10428401149869,1015963
2018-12-28,94.02311706542969,94.44025601667832,91.35343032345249,92.10428170870709,1807722
2018-12-31,96.9430923461914,97.19337826972418,93.85626656947615,94.60711797503905,2872762
2019-01-01,97.02653503417969,98.0276660993931,95.73340157366263,97.5271005667864,2192797
2019-01-02,93.35569763183594,97.9442260498302,92.8134157276114,96.19224374505762,2200537
2019-01-03,92.18771362304688,94.27340850139636,91.93742769163069,93.93969604785332,1316882
2019-01-04,93.93968963623047,94.35682858342956,91.81228482453618,92.43799324533482,1309326
2019-01-07,94.0648193359375,95.52480544536446,93.27225799397658,94.60710116387438,922911
2019-01-08,93.93968963623047,94.94082692852943,93.52255068903136,93.8145466790637,501548
2019-01-09,93.68941497802734,95.60825041629569,93.2305595661395,94.73226240046738,1482469
2019-01-10,93.98141479492188,95.44140124555082,93.52255936442417,93.52255936442417,1428626
2019-01-11,93.14712524414062,94.31511553245966,92.39627388986162,93.98140311222065,983920
2019-01-14,92.06256103515625,93.10540836533481,91.43685263704911,93.06369829114864,478414
2019-01-15,93.68941497802734,94.81568892125547,92.68827763346358,92.68827763346358,1900690
2019-01-16,93.14712524414062,94.18997257924065,92.81341282390163,93.89797659841965,542961
2019-01-17,92.64656066894531,93.60597513424614,92.31284824556305,93.18883619627707,416149
2019-01-18,89.97687530517578,93.23056057127435,89.43459336665342,93.02199108453773,1060632
2019-01-21,90.10200500488281,91.52027475987173,89.68486609282317,90.10200500488281,932329
2019-01-22,90.10200500488281,90.60257042634746,88.85058826870389,89.726582530043,777361
2019-01-23,88.35003662109375,91.3117195394256,87.84947112159048,89.7265965185045,1199995
2019-01-24,87.89117431640625,88.7671686457035,86.93175347123191,88.35002970128295,898523
2019-01-25,81.55066680908203,88.60031269822636,80.17410696589607,88.60031269822636,6346019
2019-01-28,78.92269897460938,81.71752905286553,76.50329145722489,81.71752905286553,1803984
2019-01-29,78.75582885742188,80.00724560929288,77.71298156419604,78.67240234697076,1161104
2019-01-30,78.96440887451172,79.92382978557198,78.58897997973044,79.21468843933032,823758
2019-01-31,81.00838470458984,81.55066662523275,78.96440634797669,79.29811878875965,1324518
2019-02-01,80.21581268310547,82.9689256363502,77.87983226971488,81.75922535818677,2564417
2019-02-04,77.5044174194336,79.88210813800154,77.21242143031739,79.67353866505636,602445
2019-02-05,77.7129898071289,79.50668861473999,76.086144038118,76.086144038118,1167883
2019-02-06,78.08840942382812,78.42212185365925,76.71184962892175,77.83812987523117,652247
2019-02-07,79.33982849121094,80.34096580883427,77.6712726602074,78.38040761537682,908874
2019-02-08,76.08613586425781,79.59010658375169,74.87643555177506,78.92268177098103,1249880
2019-02-11,75.37701416015625,76.71185765408944,74.58445262579976,75.12673458537644,1113468
2019-02-12,74.542724609375,75.1684329967481,73.87530614853128,74.95986353429039,701461
2019-02-14,75.58557891845703,76.54499980758094,73.8335965446421,74.62615802933313,973847
2019-02-15,73.45818328857422,75.87758449016728,73.04104427243249,75.627304899504,704395
2019-02-18,71.83133697509766,73.958748493617,71.58105738558942,72.99932748791149,1154976
2019-02-19,72.79074096679688,73.91701476892088,71.58104065433679,71.58104065433679,806205
2019-02-20,75.08500671386719,75.50214564005533,72.66559966896892,72.7073161076017,1120349
2019-02-21,75.8775863647461,76.37815828851197,75.08502476051082,75.33531072239376,1420578
2019-02-22,77.67127990722656,78.00499237757096,75.87758094853191,75.91929739421344,899302
2019-02-25,77.17070770263672,78.13012858491982,76.00271734007622,78.0049856237463,1363519
2019-02-26,75.75244140625,76.75357241345469,73.83359954989935,76.67014589036026,1323870
2019-02-27,75.66900634765625,78.42212608605318,75.12673078057898,76.21128827976904,1202555
2019-02-28,75.79415130615234,76.67014570916297,75.25186935976652,76.00272079591338,617486
2019-03-01,78.79754638671875,79.25640178517337,75.9192901310608,75.9192901310608,1181857
2019-03-05,81.59239196777344,81.92609807992353,78.6307024846706,79.25641099250619,1222081
2019-03-06,82.55180358886719,84.42892904418284,81.80095849876962,81.80095849876962,1238707
2019-03-07,82.1763687133789,83.21921603207662,81.13352139468121,82.1763687133789,820619
2019-03-08,82.30152130126953,82.59351731168756,80.84153488414374,81.75923935904426,818853
2019-03-11,85.17977142333984,85.93062279846943,82.51008471736263,82.59351123348033,1017860
2019-03-12,87.30718994140625,87.9328984125128,85.55520749531509,85.84720350882434,1460599
2019-03-13,86.34776306152344,88.01631886947558,85.9306241095354,87.59917991748755,559869
2019-03-14,84.92948913574219,86.89004084393227,84.4289173251107,85.93062002693522,546086
2019-03-15,85.97233581542969,86.72318079562372,85.09634151849008,85.09634151849008,613093
2019-03-18,84.92948913574219,87.14032038421303,84.51235020357261,85.93062002693522,714095
2019-03-19,88.30831146240234,88.85059335211238,84.67920399285828,84.67920399285828,1692372
2019-03-20,87.89117431640625,89.30945054645727,86.89004339581096,89.30945054645727,2475525
2019-03-22,85.38835144042969,88.64203689108616,85.012928889023,87.18205040111533,914696
2019-03-25,82.92723083496094,84.92949922012794,82.59351837659382,84.42892735005938,731333
2019-03-26,84.01177978515625,84.76263114851136,83.30264486172341,83.63635728599624,807771
2019-03-27,82.92723083496094,85.09635226679363,82.55180193240953,84.67921328509367,906880
2019-03-28,85.2632064819336,86.5563398889393,84.01178951968387,84.01178951968387,2145564
2019-04-01,88.85059356689453,90.10201037769586,87.18203781915942,87.5991767560932,1421840
2019-04-02,87.26547241210938,89.01745483641338,86.55633742668104,88.43346281665725,585162
2019-04-03,85.47177124023438,90.68600829405626,84.84606279377574,88.14146443081246,3564245
2019-04-04,85.72206115722656,86.55633912469348,84.26207471415944,85.09635268162637,1082752
2019-04-05,87.14032745361328,87.80775234524454,85.93062699819656,86.30604952159196,707228
2019-04-08,86.26433563232422,88.35003037021873,84.42892044395592,87.59917899156967,1247347
2019-04-09,86.89004516601562,87.14032471874579,84.42892152477289,86.68147568955617,981806
2019-04-10,87.34889221191406,88.80887851398067,86.09747538157126,86.681473721419,1696035
2019-04-11,88.7254638671875,89.267745839218,87.72433281500507,87.89118586869014,2060203
2019-04-12,86.9317626953125,89.01745763872245,86.34777065717205,88.72546161965222,1017100
2019-04-15,89.39288330078125,90.10201828277748,87.6409008849566,87.6409008849566,1681352
2019-04-16,89.05916595458984,90.10201333110729,88.89231292036116,89.9351602968786,996600
2019-04-18,86.76490783691406,89.55973772980751,86.3477688569289,89.55973772980751,819853
2019-04-22,85.38835144042969,86.5146254596857,84.34550394759339,85.93063340971176,827214
2019-04-23,83.4695053100586,87.3488924004673,83.09407644112424,86.34776148004606,1970981
2019-04-24,84.38720703125,84.67920301000163,83.26093319033086,83.84492514783413,887637
2019-04-25,85.2632064819336,86.13920090152273,84.01178951968387,84.30379190290412,884871
2019-04-26,84.51235961914062,85.76377655507044,84.2620736859404,85.17977816594845,500733
2019-04-30,81.717529296875,84.7626453348291,81.09182078352976,84.26207979716014,660304
2019-05-02,80.63296508789062,81.75923904664856,79.50669112913269,81.75923904664856,1386045
2019-05-03,81.2586669921875,81.71751600833635,80.42438911006039,80.84152805112394,467313
2019-05-06,81.13352966308594,81.75923811807117,80.34096816611886,80.42439468710977,525657
2019-05-07,78.75582885742188,82.3432197270979,78.42211645058266,81.25866236116389,797318
2019-05-08,78.29698181152344,79.67354165767357,77.96326936926955,78.67241069594735,552857
2019-05-09,78.130126953125,78.63069242232906,77.42099200799964,78.42212294640777,402190
2019-05-10,80.75810241699219,81.30037795426297,77.96326638934651,77.96326638934651,926054
2019-05-13,76.41985321044922,80.09067718790175,75.96100419141463,79.25639930052778,908248
2019-05-14,77.17070770263672,77.75469970139926,75.3352988222098,76.41985630063101,530212
2019-05-15,76.58671569824219,78.25527154033865,75.54386829693189,78.25527154033865,915896
2019-05-16,78.83927154541016,79.08955749315604,75.502159522324,76.54500702953843,779413
2019-05-17,79.88211822509766,80.42440019623868,77.9215662048518,79.00612378209786,803671
2019-05-20,81.63409423828125,83.38607661957876,81.05010223286057,81.42552475562594,1122039
2019-05-21,81.30038452148438,82.67694442621418,80.00725750464512,81.6758134218847,1069142
2019-05-22,81.75923919677734,82.84380307907537,80.42439574820443,81.00838776788144,1458032
2019-05-23,81.6758041381836,84.84605620156988,81.17523869291576,83.42778637913851,1461829
2019-05-24,85.01293182373047,85.72206687033182,80.9249682376855,80.9249682376855,1028701
2019-05-27,87.2237548828125,88.4334552625599,85.13806018322383,85.13806018322383,1690067
2019-05-28,87.72432708740234,88.72545807422001,86.68147965736912,87.8077536087979,837508
2019-05-29,89.60144805908203,92.02085525089372,87.34889390186345,87.59917981878839,4912587
2019-05-30,90.22715759277344,90.7694395094037,88.60031184288266,89.60144915782361,1610827
2019-05-31,90.26886749267578,92.31285219519782,89.05916706682207,89.68487550054682,2808392
2019-06-03,88.60031127929688,90.51915301361811,87.72432329496046,90.0602976182262,963843
2019-06-04,87.9328842163086,89.93515227360324,87.59917181258704,88.43344963937359,526986
2019-06-06,84.76264953613281,88.55861725125752,83.92837147698773,88.09976177271314,716236
2019-06-07,86.68148040771484,87.34889894969217,83.6363646126511,84.26207307608739,1019517
2019-06-10,84.63749694824219,87.84947220343379,84.3037908544876,87.8077557591966,870524
2019-06-11,84.76264953613281,85.847213559036,84.01179800989495,84.63750655425376,651358
2019-06-12,84.88777923583984,87.22375998195577,84.38721375168228,84.47064027153597,1183992
2019-06-13,84.01177978515625,85.47176607194422,82.6352263782128,84.88777410324306,696495
2019-06-14,84.34548950195312,86.05576164330505,83.51121165056875,83.92835057626094,1015339
2019-06-17,80.92495727539062,84.26206891561293,80.59124483836133,83.76150344258664,893162
2019-06-18,79.54840087890625,81.38381617914638,78.92269241939985,80.50782178982318,594594
2019-06-19,78.08840942382812,81.13352500285491,77.62956040221613,79.54839573493348,1190838
2019-06-20,80.00724792480469,80.50781336703314,76.0027116569072,77.58784086149308,698376
2019-06-21,78.96440887451172,80.92496077491755,78.54726990144513,80.04896638546349,556273
2019-06-24,76.71186065673828,79.54840717052157,76.50329115374005,78.17184717772597,1011962
2019-06-25,76.37814331054688,77.08727824343666,74.91815700428874,76.5032799019123,2388946
2019-06-26,76.58671569824219,78.00498561801002,76.12786029565149,76.37814621798012,2563512
2019-06-27,74.95987701416016,77.7547070406745,74.33416851426728,76.7535759868603,3115533
2019-06-28,76.0027084350586,76.62841680257834,75.16843061169892,75.41871650472069,719262
2019-07-01,76.87871551513672,77.21242797313411,76.08614763176342,76.6701460245178,648292
2019-07-02,76.6701431274414,77.71299054113067,76.4198572021418,77.21242505556692,1102563
2019-07-03,77.4209976196289,79.08955354793956,77.12899524014595,77.46270769881522,1807361
2019-07-04,77.79641723632812,78.21355620274275,77.42099471256915,78.0467031621911,705964
2019-07-05,75.58557891845703,78.29698218139586,75.12672987759635,78.17183921933005,730526
2019-07-08,73.29132080078125,75.25187282172287,72.9993247746897,75.08501976825225,621285
2019-07-09,72.99932098388672,74.04216842651367,72.24846955218818,72.24846955218818,720542
2019-07-10,72.45703887939453,73.83359877360445,72.16504286911622,72.99932082136034,453218
2019-07-11,72.66559600830078,73.33302080259298,72.2484571031268,73.33302080259298,283249
2019-07-12,72.70732116699219,73.75016855502984,72.54046176588497,72.99931716263566,338752
2019-07-15,72.74903106689453,73.16617002109699,72.45703507195988,72.87417402616234,270279
2019-07-16,72.66559600830078,73.33302080259298,72.03988765053981,73.08273491347477,201655
2019-07-17,72.83246612548828,74.54273206978796,72.2067576754928,72.74903324012715,562070
2019-07-18,72.5821762084961,73.24960106447334,72.37360673663261,72.91588863648472,479120
2019-07-19,72.41532135009766,72.87417035760024,72.03989249119374,72.74902740463226,354272
2019-07-22,70.99706268310547,72.33190632584176,70.66335018116226,72.33190632584176,288976
2019-07-23,70.9553451538086,71.28905125570249,70.53820616140534,71.12219820475553,202277
2019-07-24,69.57878112792969,71.20562055694064,69.32849520114237,70.91362455237913,265127
2019-07-25,70.28791046142578,70.74676583537787,69.28677956466576,69.66220205969202,341506
2019-07-26,69.95420837402344,70.74677628564703,69.49535929732805,70.07935134586252,251916
2019-07-29,68.86963653564453,70.45475930043449,68.74449358973095,69.95419388181479,241859
2019-07-30,66.32508850097656,69.1616344394341,65.15709824807819,68.8696384674682,460417
2019-07-31,67.20109558105469,67.45137516253602,65.32397007728261,66.3668175793782,358341
2019-08-01,66.57537078857422,67.07593619408281,65.19881114964973,66.65879729531991,297166
2019-08-02,66.9090805053711,67.15936640444507,65.32395769468535,65.99137615049123,363691
2019-08-05,64.61481475830078,66.53365629462999,64.23939228447034,66.53365629462999,336454
2019-08-06,64.07254791259766,65.53253429790392,63.113127014960725,64.28111739621284,352953
2019-08-07,61.81999969482422,63.27998622240458,60.94401159729768,62.48742465344684,745002
2019-08-08,60.86056900024414,61.98684923397818,60.23486058818528,61.402850897035506,449958
2019-08-09,60.77714157104492,62.153701329881514,60.360002635945044,61.44456641321873,475755
2019-08-13,59.56745147705078,61.11086453005869,58.608030487871986,60.86057857982557,284196
2019-08-14,59.40058898925781,59.650874926572435,58.39945797007091,59.35887890972924,298115
2019-08-16,59.4840202331543,59.90115920711741,58.06574390265834,59.358877267958235,305036
2019-08-19,61.15257263183594,61.44456862390444,59.734296382447845,59.901155781512166,299328
2019-08-20,61.86170959472656,62.07027907659345,60.81886218539211,61.36114411125312,298023
2019-08-21,60.69371795654297,61.73656534411244,59.6508705689735,61.19428342956925,237045
2019-08-22,59.0251579284668,60.48514416698011,57.14803276466397,60.48514416698011,349473
2019-08-23,58.608028411865234,59.69259233774329,57.23146846441567,59.23373690024814,463426
2019-08-26,59.40058898925781,59.73430145066538,58.02403542913478,59.56744840247949,209667
2019-08-27,61.94513702392578,62.57084547871291,59.31716024081273,59.69258913270634,449442
2019-08-28,60.27657699584961,63.27997609910638,59.69258502425681,61.81998980508926,353393
2019-08-29,62.07028579711914,62.48742480601774,60.31830323275224,60.56858281906972,283703
2019-08-30,63.44683837890625,63.82226089699204,61.44457009736609,62.15370505654781,541150
2019-09-03,61.444576263427734,62.904562770328425,61.02743726145611,62.57085029574392,200227
2019-09-04,62.195411682128906,62.52911770551985,60.23485378701795,61.694839916973706,169724
2019-09-05,63.488555908203125,64.19769095062334,62.19542879909241,62.36228185670794,282989
2019-09-06,63.488555908203125,64.2394073975453,62.86284739459067,63.446845826317315,377602
2019-09-09,64.39060974121094,64.86312519557003,63.01602826651375,63.35967527381842,250672
2019-09-11,67.6982192993164,68.17072830026547,64.21880325689932,64.21880325689932,794293
2019-09-12,66.49545288085938,68.51437031917187,66.32362607587214,67.78412442291277,246522
2019-09-13,68.64323425292969,69.15870152481898,65.80815442575565,66.1947597955641,412148
2019-09-16,68.12776184082031,69.37347486677423,67.01091070722464,68.25662373317856,358008
2019-09-17,66.40953826904297,71.47830741505905,65.722244204572,70.01781572121068,1259872
2019-09-18,66.32361602783203,67.22568859241422,65.97997557896399,66.96795170124176,184728
2019-09-19,65.16382598876953,66.3665874607755,64.94904738857285,66.15180886057883,204081
2019-09-20,67.82707214355469,68.4714078759679,64.51948336140464,65.636334586063,474384
2019-09-23,69.9319076538086,71.13466902466469,68.47140936258256,69.5882606114894,416421
2019-09-24,73.23949432373047,74.74294435383638,68.81505435280013,70.4044145022934,1595780
2019-09-25,71.13467407226562,74.95773048372386,70.70511687751649,73.88383749685103,1144593
2019-09-26,70.74806213378906,71.65013478130435,69.67416924604326,71.22057762620602,978035
2019-09-27,68.64323425292969,71.95082301495142,68.29958722016283,70.87693013413126,519545
2019-09-30,66.8390884399414,68.90095730896601,66.49544144359687,68.90095730896601,221841
2019-10-01,65.63634490966797,68.9009758679921,64.94905073185075,68.60028712314322,407673
2019-10-03,65.24974060058594,65.93703479024137,64.43358448557788,65.29269894538558,198108
2019-10-04,65.72225189208984,66.40954603695347,64.90609583027167,65.72225189208984,222355
2019-10-07,63.574466705322266,65.29269553519585,63.144909497853874,65.20678540460673,290415
2019-10-09,64.47653198242188,64.82017246491009,62.28578785668815,63.91810636659543,305061
2019-10-10,66.15180206298828,66.62431755667558,63.832196041029974,64.30470498019524,293480
2019-10-11,66.92500305175781,67.74115898776441,64.86312748953064,66.1517988966074,323286
2019-10-14,66.32361602783203,67.61228737465147,65.37859168440205,66.92499992239395,209443
2019-10-15,65.16382598876953,66.79614466116888,64.8201789175503,66.53840771912377,295047
2019-10-16,64.6913070678711,66.10884036789255,64.43357016540081,65.37859455025568,276656
2019-10-17,65.55043029785156,66.06589761873768,64.26175871837498,64.82017782586341,274724
2019-10-18,67.05387878417969,67.65525621763861,65.50747030596754,65.55042864600995,275279
2019-10-22,65.80815887451172,67.05387863318931,65.59338028382824,67.05387863318931,286934
2019-10-23,68.0848159790039,68.7721101185821,65.72225138667254,66.49545565506735,614071
2019-10-24,67.26866149902344,69.20166893802384,66.3665887390141,68.21368604718573,551317
2019-10-25,65.206787109375,66.75318916397671,63.70333684392937,64.1758458517842,588498
2019-10-27,66.10884094238281,66.49544629944786,64.5194808420623,65.72224213983952,56929
2019-10-29,66.66726684570312,67.18273410301995,65.5074638781098,66.58135672857061,297277
2019-10-30,66.88204193115234,67.6982043876925,66.66726337225043,67.31159904895617,294249
2019-10-31,68.94392395019531,70.79102104294297,66.45249111959536,67.09682685744765,1321001
2019-11-01,69.88895416259766,71.22058408599156,68.81506117744857,69.1587082436008,742287
2019-11-04,69.97486877441406,71.56423573789759,69.63122824076436,70.2755640731421,395554
2019-11-05,68.51436614990234,70.36146322534957,68.17071911536206,70.275553105345,253157
2019-11-06,67.22570037841797,69.11574939664115,66.83910152840222,69.07279761026304,273436
2019-11-07,66.88204193115234,67.65524605410353,66.32361636710307,67.2256889362997,257257
2019-11-08,66.79613494873047,68.47140516486421,66.28066769411407,67.69820756020049,245749
2019-11-11,64.99200439453125,66.9679635430119,63.230817287309996,66.9679635430119,380006
2019-11-13,63.40264129638672,65.76520574564267,63.230814494636554,65.07791164768656,311766
2019-11-14,62.24283218383789,63.53150371190511,62.07101193523786,63.14490487529388,308989
2019-11-15,61.5984992980957,62.586482160016836,61.4266790414671,62.242835092236966,241602
2019-11-18,60.52459716796875,61.64144833096564,60.395735272218204,61.59848999603435,347705
2019-11-19,60.56755828857422,60.99711543955702,60.180959474498486,60.524599951667156,191710
2019-11-20,60.95415496826172,61.89918591094996,60.39573593515541,60.91120318738062,320401
2019-11-21,61.04008102416992,61.77032695664337,60.4816553506822,60.61052382218287,191430
2019-11-22,60.78233337402344,61.68440596110026,60.61051314530479,61.340758949141396,339287
2019-11-25,60.825294494628906,61.2118933042152,60.65346770351798,60.825294494628906,244740
2019-11-26,60.309818267822266,61.51257953948846,60.180956372786504,61.16893252550932,346682
2019-11-27,60.43868637084961,60.73937504841173,60.18095602773418,60.30981792203111,173212
2019-11-28,60.481651306152344,60.610519769035314,60.223914380386404,60.481651306152344,199765
2019-11-29,62.45760726928711,63.31672157315363,60.65346854207181,60.65346854207181,633202
2019-12-02,60.95415496826172,63.27376743505777,60.73937640029107,63.10194064796821,286443
2019-12-03,60.309818267822266,61.46962775931708,60.180956372786504,60.99711229578055,155985
2019-12-04,59.837318420410156,60.56756433912631,59.27889275744277,60.30982740098055,234984
2019-12-05,59.32185745239258,60.35279220635009,59.107078832441154,59.83732482937133,248765
2019-12-06,58.54863739013672,59.75139864984404,58.46272727612653,59.70844031557817,166178
2019-12-09,57.5177001953125,59.235928808221274,57.259969836089375,58.80637165499408,236142
2019-12-10,57.217018127441406,58.419779606719594,56.873371054144386,58.07613253342257,188687
2019-12-11,57.90430450439453,58.41977176791292,56.70154318650372,57.2170104500221,181829
2019-12-12,58.2909049987793,58.84933061478753,57.56065914147102,57.90430617859317,129295
2019-12-13,58.59159469604492,59.665487608762184,58.41977445181903,58.97820007733644,213302
2019-12-16,58.16203689575195,59.107067892239904,57.99021665340257,58.333863692623446,144253
2019-12-17,59.064117431640625,59.62254312553528,58.20500299627131,58.419781605113634,199770
2019-12-18,59.02115249633789,60.05209363635511,58.72046378844538,59.27888941997276,155959
2019-12-19,58.7634162902832,59.32184186634244,58.41976927774509,58.72045795577034,125022
2019-12-20,58.33386993408203,58.97820574361639,57.86135438528105,58.84933727080496,154344
2019-12-23,57.947261810302734,58.720466056550464,57.64657309079598,58.29090887024867,142693
2019-12-24,57.81840133666992,58.247958533659975,57.732484653653785,57.9043114651634,105838
2019-12-26,59.66548156738281,60.52459581056771,57.81839118815248,57.81839118815248,627050
2019-12-27,59.53662109375,60.65346570380069,59.06410562692593,60.052088341044296,286864
2019-12-30,59.450714111328125,60.13800825606366,58.84933665057658,59.536630795312114,196670
2019-12-31,60.18095779418945,61.684407780651505,59.278885180503515,59.278885180503515,427722
2020-01-01,60.09505081176758,60.82530330940357,59.70845194615556,60.13800915440129,141032
2020-01-02,62.371700286865234,62.75830567576313,59.5795786588659,60.39574122130216,718126
2020-01-03,62.629432678222656,63.91810410553373,61.55553982213009,61.942138628514684,559836
2020-01-06,61.469635009765625,64.64835551633459,60.99711949049509,61.942143974513776,834440
2020-01-07,63.96106719970703,64.82018163653062,61.9421495840762,62.28579666971023,1091272
2020-01-08,64.04696655273438,64.691302205963,62.28577981210096,62.62942680472714,779828
2020-01-09,68.25662994384766,70.27555383478177,64.04697502923099,64.4765321882345,5383437
2020-01-10,67.6982192993164,69.02984272510693,67.26866208689567,68.12777651173714,785346
2020-01-13,68.34254455566406,69.15870051131806,67.87002907321897,67.91298740963103,579359
2020-01-14,69.84600067138672,70.31850964060766,68.47141244032319,68.72914937227821,877521
2020-01-15,71.82196044921875,74.09861485419415,68.72915000968733,70.01782157236896,2078836
2020-01-16,73.7120132446289,73.88383349140466,71.04875353794883,72.50925185363182,1247582
2020-01-17,73.79792785644531,74.31339518264583,72.1656091947081,73.71201772783233,694834
2020-01-20,71.86492156982422,73.58315038653478,70.96284881924205,73.19654497006125,467039
2020-01-21,71.95082092285156,72.59515663260844,70.96283819031999,71.7360423529326,284136
2020-01-22,74.82884979248047,75.85979082420674,71.39239279576934,72.59515405552256,1370183
2020-01-23,77.7068862915039,78.65191727093845,74.27042907035133,75.08659159308826,1846307
2020-01-24,81.14334869384766,81.95951126869846,76.28935780264864,76.46117805286859,2809476
2020-01-27,82.13133239746094,83.67774088407178,81.22926624237334,81.70177521279376,1419032
2020-01-28,78.86669921875,84.02138527083765,78.39418370883307,82.47497683340245,765784
2020-01-29,80.54196166992188,81.31516581285744,78.95260160387306,79.25329028320311,485399
2020-01-30,79.12443542480469,80.97153270728117,78.39418949113428,80.7567541059356,518143
2020-01-31,73.6260986328125,75.43024404719715,71.99378657907013,74.5711296801654,1400498
2020-02-03,65.42156219482422,69.3305287417145,64.86313652969056,68.64324116153071,742432
2020-02-04,66.75318145751953,67.78412259609122,65.9370254580239,66.32362428841188,320167
2020-02-05,65.97998809814453,67.9559472721441,65.67929281654831,66.79614415084743,311932
2020-02-06,66.19476318359375,67.78412341765102,65.80815779399778,66.15180484435342,360692
2020-02-07,66.96796417236328,67.74116843534934,64.86313653572817,66.71023378771636,505662
2020-02-10,69.2875747680664,72.07969645108905,68.12777168756149,69.84600041557542,2777095
2020-02-11,66.8390884399414,69.97485007596686,66.32361466816397,69.63120963414362,473235
2020-02-12,65.29268646240234,69.20165912899967,64.73426085938532,67.52638231994857,543547
2020-02-13,63.574466705322266,65.85112121580931,63.01604102470879,65.85112121580931,877094
2020-02-14,62.88716125488281,64.94903679125244,62.28578389426409,64.2187909806378,258217
2020-02-17,60.739383697509766,63.44559528996807,60.395743191089196,62.930127975814706,241491
2020-02-18,59.53662109375,61.34075973654086,58.37681159418576,61.34075973654086,361317
2020-02-19,60.3957405090332,61.81327392137445,59.75140475632455,59.75140475632455,336817
2020-02-20,59.9661865234375,60.69643243769608,59.36480252294258,60.22391690548741,236393
2020-02-24,58.59159469604492,59.96618286794075,58.41977445181903,59.45070902621873,212371
2020-02-25,57.25997543334961,59.06411434235708,56.57268129919313,58.84933574474851,634622
2020-02-26,57.131103515625,57.861349392514256,56.31494751578211,56.70154634633459,203184
2020-02-27,55.627655029296875,57.431793881504724,55.11218772216927,57.431793881504724,256829
2020-02-28,52.23414993286133,55.24105332622595,51.6327692541884,53.26508777097762,498317
2020-03-02,52.06232833862305,54.381937740836406,50.94548033822733,52.878487627194936,266717
2020-03-03,51.24617385864258,53.39395979945306,49.87158889016711,52.491887082503645,578196
2020-03-04,49.87158203125,52.27710129867064,49.27020139507964,51.76163405467365,1007610
2020-03-05,49.22724914550781,50.68774412315255,49.0554256286212,49.82862981598047,309493
2020-03-06,47.12242126464844,48.239272552787725,46.692864085290616,48.1104040880759,309096
2020-03-09,44.20143127441406,46.82172922708303,43.90073930384686,46.82172922708303,503278
2020-03-11,43.857784271240234,45.10350065918418,43.47118218156646,43.857784271240234,496817
2020-03-12,38.96083450317383,41.92477966928913,38.660145791257406,39.51926014217423,819617
2020-03-13,39.17560958862305,40.80792802034104,33.50545669038527,35.22368523861016,1298083
2020-03-16,36.426448822021484,38.61718970320484,35.99689165797529,37.80103043606486,3046910
2020-03-17,35.610294342041016,37.32852322921055,35.22369218697556,36.42645371889885,348035
2020-03-18,34.321617126464844,37.328517192761325,33.67728139797274,37.328517192761325,433027
2020-03-19,32.04496383666992,33.97797107815182,31.615406671896167,33.97797107815182,658582
2020-03-20,31.787233352661133,33.849109259413986,31.572454748926937,32.21679056012953,853509
2020-03-23,27.019147872924805,30.069003262688053,25.816386431512775,30.069003262688053,605496
2020-03-24,27.964170455932617,29.209886875179237,25.601606076322533,29.123976754097836,327136
2020-03-25,28.393728256225586,29.33875599573946,26.589589454739006,27.491658855482296,355399
2020-03-26,31.056983947753906,31.228804189772728,28.00712549300411,28.43668265257326,848292
2020-03-27,29.98309326171875,32.38861287739199,29.639446197796307,31.70132202680839,506678
2020-03-30,29.89717674255371,31.099938063722693,28.350771670522835,30.02604519741501,410632
2020-03-31,31.400625228881836,32.51747310009546,30.154908909071693,30.842202931905415,868195
2020-04-01,31.400625228881836,32.302694537275116,31.09993655183767,31.744272240298695,490607
2020-04-03,33.505462646484375,34.36457707331731,30.799250891056055,31.744278726929153,725989
2020-04-07,34.92300033569336,35.56733611105847,33.806149036584856,34.49344315211662,398318
2020-04-08,34.53639602661133,38.40241043383063,33.80614689444663,33.80614689444663,1097349
2020-04-09,37.02783203125,37.97285990657146,36.34054111654631,36.512364664537635,1493749
2020-04-13,36.16870880126953,37.843982252891266,35.39550793862467,37.19964656205681,536068
2020-04-15,37.75807571411133,39.7769930923502,36.59826939441702,36.59826939441702,1379326
2020-04-16,38.35945129394531,39.5192541818564,37.758070683551885,38.66013996051169,724698
2020-04-17,38.27354049682617,39.648125310402584,37.843983357069966,39.08969971781515,751359
2020-04-20,37.67216491699219,39.00379485130387,37.50034465976866,39.00379485130387,635532
2020-04-21,36.34053039550781,37.371468102051,36.08279678818717,36.94191099742972,407371
2020-04-22,37.500343322753906,38.14467909615338,35.48142259974549,36.08280331037058,264947
2020-04-23,36.9848747253418,38.53128000915617,36.72714105758296,38.53128000915617,897996
2020-04-24,38.53127670288086,38.83196868718234,35.56733486209088,36.727137906116425,1954051
2020-04-27,37.500343322753906,39.562215831275495,37.371474857169524,39.519260768501105,627543
2020-04-28,38.316497802734375,39.304480593026355,37.07078464618503,37.801030515697484,585228
2020-04-29,37.67216491699219,39.1756151085274,37.45738631820144,39.1756151085274,861088
2020-04-30,37.71512222290039,38.40241306470547,37.50034363000748,38.359458001579135,444322
2020-05-04,36.77009582519531,38.23059096702845,36.082804957644825,37.371476563275,462711
2020-05-05,36.34053039550781,37.9298936489629,36.12575184319717,37.414423157061,774167
2020-05-06,36.5982666015625,37.886938006931054,36.29757791788085,37.54329426518928,773897
2020-05-07,35.910980224609375,36.72713953642666,35.82507009800177,36.72713953642666,286618
2020-05-08,35.0089111328125,36.51236130416028,34.79413253690568,36.16871423980484,350569
2020-05-11,34.83708572387695,35.82506852272785,34.53639701671074,35.09481936962815,258024
2020-05-12,34.880043029785156,35.524378824256026,33.9779735729782,34.7941329014269,902114
2020-05-13,36.555320739746094,36.59827580861244,35.22369394131929,36.08280842769293,724455
2020-05-14,37.414424896240234,38.14467397439782,35.30959433030252,35.91097496017912,857643
2020-05-15,36.211666107177734,36.85600177970929,36.08279766176714,36.51235477678818,390015
2020-05-18,35.26664352416992,36.59827011545129,34.53639763525274,36.21167127853112,755274
2020-05-19,35.09481430053711,35.9109734585809,34.794125636802335,35.56732973963553,233831
2020-05-20,35.05186462402344,35.438466734764,34.536397327876784,34.79413097595011,156238
2020-05-21,35.09481430053711,35.782108292949125,34.880035747223516,35.35255118632194,145680
2020-05-22,34.9659538269043,36.08280179855006,34.7941303057447,34.83708536671933,245064
2020-05-26,34.70821762084961,35.43846343527828,34.66525928578606,35.43846343527828,168410
2020-05-27,34.321617126464844,35.008907914737556,34.19274866986203,34.57935076240949,379236
2020-05-28,34.79413604736328,35.30960341864179,34.493447293661085,34.493447293661085,378401
2020-05-29,35.4384651184082,35.868022271358605,34.321617176189356,34.321617176189356,422105
2020-06-01,37.199649810791016,37.199649810791016,36.59826912470669,37.199649810791016,928642
2020-06-02,38.01580810546875,38.574233716227496,37.0278253409759,38.230586682335804,817967
2020-06-03,39.905860900878906,39.905860900878906,38.0158087375701,38.61718941824941,1292921
2020-06-04,40.850887298583984,41.62409153606328,39.69108421962624,40.764977173202375,886742
2020-06-05,42.26842498779297,43.385272942748145,41.23748715350318,42.440248506384776,1483860
2020-06-08,44.244384765625,44.802810350270235,42.95571336468447,43.213446989420405,1209769
2020-06-09,46.22035217285156,46.907643009270004,43.685964141126156,44.759857097174105,1807705
2020-06-10,44.974632263183594,46.64990580248434,44.67394356929465,46.39217216811368,727787
2020-06-11,46.60695266723633,47.25128841839628,43.428228972728355,44.28734330760829,2110358
2020-06-12,46.17739486694336,47.680844932378726,43.2564048574788,44.67394480150799,2167862
2020-06-15,47.50902557373047,48.75474210680145,45.2753294489049,46.306267382386444,4804468
2020-06-16,46.60695266723633,49.27020579445968,45.103502581196445,49.14134061058434,1597298
2020-06-17,46.99355697631836,48.11040500856494,45.5760169464115,45.61897200971689,1011096
2020-06-18,47.63788986206055,48.539959245687484,46.821730599822445,47.20833270059429,980241
2020-06-19,45.96261978149414,47.46606996126264,45.61897271521396,47.251291364152856,1407805
2020-06-22,46.00557327270508,47.423113276073785,45.61897115567169,46.34922032723725,1098281
2020-06-23,46.86468505859375,47.85266782818107,45.87670556626745,46.1344392043847,1710937
2020-06-24,46.39216995239258,47.80970978962001,46.17739138779817,47.251284210770216,916171
2020-06-25,46.64990997314453,47.38015915928595,45.533061939514354,45.533061939514354,1051517
2020-06-26,47.466068267822266,48.969518393952384,46.649908972470826,47.208334615937915,3107826
2020-06-29,47.594940185546875,48.625874867881606,47.42311664607061,47.89562892168426,1486748
2020-06-30,45.91965866088867,48.36813303409085,45.533056581630206,47.895620838224225,986977
2020-07-01,46.69286346435547,46.82173192735357,45.96261758006267,46.134441104973085,664928
2020-07-02,46.86468505859375,47.55197585266009,46.43512790264466,46.95059845614018,494464
2020-07-03,46.69286346435547,47.337199224823635,46.39217475370812,47.12242063800092,470775
2020-07-06,48.41109085083008,48.88360635088124,47.809713445785086,48.110402148307585,1495595
2020-07-07,50.816612243652344,51.63276820825287,48.36813451806783,48.539958033816724,5029948
2020-07-08,50.25818634033203,52.19119350726788,49.82862919212407,51.37503427022055,2235181
2020-07-09,51.07434844970703,51.54686068385682,50.2581891667604,50.68774633912587,1248927
2020-07-10,52.40597152709961,53.69464295809386,51.16025515501965,51.41798878576631,3556512
2020-07-13,53.007354736328125,54.81149351569662,52.44892911176779,53.86646906502952,2157851
2020-07-14,50.3011474609375,52.663712060767935,49.82863519642368,52.663712060767935,1338050
2020-07-15,48.79769515991211,51.93346389557152,48.45405138109022,50.387058697719965,921167
2020-07-16,47.76675796508789,49.14134293219263,47.20833558739078,48.88360927500464,677063
2020-07-17,49.22724914550781,49.61385123918745,47.680844048050275,48.110401201636314,546249
2020-07-20,50.472965240478516,51.031390847660546,49.01247027168482,49.91453963329649,946116
2020-07-21,51.417991638183594,52.148240789280855,50.25818859685297,50.43001211930298,1220814
2020-07-22,51.67573165893555,51.97642038330635,50.515925270802505,51.46095306231031,744364
2020-07-23,52.27710723876953,52.62075429198904,51.804594998538605,52.06232864982264,841348
2020-07-24,51.63276672363281,52.320060766866305,50.859565840886454,51.546856606859066,751953
2020-07-27,50.601837158203125,51.80459529687557,50.0004564502363,51.58981670669179,887970
2020-07-28,51.503902435302734,51.76163606732269,50.25818605706851,50.730698261981914,655553
2020-07-29,50.85956954956055,52.19119612022096,49.91454180983362,51.50390530413118,1195602
2020-07-30,51.031394958496094,51.71868579998111,50.68774789912297,51.46095214408189,818030
2020-07-31,51.11730194091797,51.761637679669036,49.95749892207047,51.07434688045344,734257
2020-08-03,54.03829574584961,55.3699191004837,50.85957188834176,51.67573120378126,2065370
2020-08-04,54.46784973144531,55.75652122404486,53.308043421749076,55.3699158435517,1920935
2020-08-05,53.47986602783203,54.89740595634163,53.1791773289414,54.596713980189975,711332
2020-08-06,53.47986602783203,53.99533330514769,53.265087449407005,53.350997569872604,360289
2020-08-07,54.16716003417969,55.49878664389683,53.09326707839793,53.35100073233331,842439
2020-08-10,53.56577682495117,55.11218523095473,53.43691164262492,54.72558312945384,756817
2020-08-11,55.799476623535156,56.3149504975952,53.909427600390266,54.12420619640776,1602221
2020-08-12,54.210113525390625,55.756521958694464,53.86646975585953,55.713563619899595,1016071
2020-08-13,52.79257583618164,54.08124732147203,52.49188385659058,54.038292260747895,991138
2020-08-14,52.40597152709961,53.86646647101195,51.890504265606275,53.26508581442911,635934
2020-08-17,52.87848663330078,53.43691226163316,52.23415088242239,53.222133678007026,588926
2020-08-18,53.1362190246582,53.60873451929741,52.57779668676072,52.57779668676072,566534
2020-08-19,53.56577682495117,54.46784948754027,53.265088122262185,53.47986670340033,541482
2020-08-20,54.03829574584961,54.55376306230547,52.44893217846505,52.44893217846505,787295
2020-08-21,54.510807037353516,55.32696633839766,54.29602844640828,54.510807037353516,938262
2020-08-24,57.947261810302734,58.76342439698964,54.8114963166564,54.94036478345144,2796268
2020-08-25,58.41977310180664,60.48164875748069,57.259970093778115,58.84933025696698,5682028
2020-08-26,62.028045654296875,63.57445391179785,57.560654217438596,58.63454702000275,7137017
2020-08-27,60.653465270996094,63.10193959406367,60.13799802738002,63.05898781389995,1477460
2020-08-28,59.1500244140625,61.297810388099066,58.89229402989169,60.99712166263847,993313
2020-08-31,55.28400802612305,59.45071138164566,54.983319309553416,59.45071138164566,1092980
2020-09-01,54.89740753173828,56.400857623858144,54.21011343924602,55.75652187009249,533790
2020-09-02,56.22903060913086,57.00223482160666,55.026275783637615,55.241054367407436,737508
2020-09-03,57.947261810302734,58.37681899660453,56.357901531890604,57.3888427117284,1339549
2020-09-04,56.22903060913086,58.07612774045578,55.84243178015406,57.94725927928945,932189
2020-09-07,55.627655029296875,56.91632657437711,55.28400797303766,56.572679518117894,403789
2020-09-08,54.296024322509766,56.27198655367517,54.12420080735169,55.92833952335903,437541
2020-09-09,53.47986602783203,54.124201763107116,52.66370677436472,54.124201763107116,340484
2020-09-10,54.424888610839844,55.32696123135152,53.608732662393535,54.124199922176565,492895
2020-09-11,54.46784973144531,54.94036195661293,54.210112811116545,54.51080479241308,305866
2020-09-14,55.38732147216797,56.39436501694803,52.672687289569154,55.12461547715647,613110
2020-09-15,54.8181266784668,56.13166009734847,54.33649842630783,55.43110960870922,348584
2020-09-16,55.343536376953125,56.21922189261802,54.51163129551041,55.12461416291493,627606
2020-09-17,53.89865493774414,55.69381664157135,53.723516477263566,54.73056011966064,697138
2020-09-18,52.93539810180664,54.86191447468775,51.31537152758214,54.38028287610127,1133701
2020-09-21,50.92131423950195,53.85487091235355,50.78995955961798,52.80404349474655,678170
2020-09-22,50.13318634033203,51.6656418179841,48.25045398873578,51.359152058648824,631775
2020-09-23,49.25749969482422,51.09644501390246,48.294243259209516,50.65860057217069,569201
2020-09-24,48.51316833496094,51.57807960744613,47.28720248977158,48.77587434736203,1362653
2020-09-25,52.278629302978516,53.329456677304904,48.381812932615894,48.99479584601364,1055241
2020-09-28,52.54133605957031,55.387325096130375,51.84078558020701,52.54133605957031,2805416
2020-09-29,52.89160919189453,54.1175716080981,51.00887678136568,52.97917674287766,924582
2020-09-30,53.94243621826172,54.29271312299241,52.234845494041984,52.54133528031523,866819
2020-10-01,56.525718688964844,58.32087684666871,54.55541540986667,54.68677007530252,4809515
2020-10-05,56.175445556640625,58.014390952525424,55.73760109662157,56.91977980247778,2093071
2020-10-06,58.05817413330078,58.58358611349395,57.05113060736132,58.14574168317034,2161538
2020-10-07,57.22626876831055,58.05817723901224,56.96356610464908,57.051133659202904,631281
2020-10-08,58.101959228515625,58.890080602514054,56.700858275283046,57.70790188200458,1281296
2020-10-09,58.933868408203125,60.51010449359146,58.27710170238055,58.89008128875772,2694863
2020-10-12,56.87599563598633,59.28414029107542,56.48193827390784,59.109005170368675,676740
2020-10-13,54.4240608215332,56.613282844274075,54.0300001893423,56.613282844274075,1002967
2020-10-14,53.198097229003906,54.11756984634591,52.89160747005251,53.329451891690404,829483
2020-10-15,53.723514556884766,54.949480395937606,52.76025806940623,53.02296408049236,976346
2020-10-16,56.131656646728516,56.74464287977665,53.85486686349156,54.20514375652249,742666
2020-10-19,58.32088088989258,58.71494491351948,56.569503045265314,57.13870218096443,867076
2020-10-20,57.22626876831055,58.10195767580107,57.00734654143791,57.97060300348226,334119
2020-10-21,55.956520080566406,57.7954653697731,55.51867564594691,57.532756036611055,425283
2020-10-22,58.84629440307617,59.459280672864814,55.38732574439393,55.38732574439393,750698
2020-10-23,57.31383514404297,59.45927693185337,57.13870003853748,59.06521292300197,852044
2020-10-26,56.08787536621094,58.14574289544086,55.168399370971045,57.00734468047489,1260806
2020-10-27,56.00030517578125,57.3576222869942,55.69381206003122,56.08787606906184,476102
2020-10-28,57.00734329223633,59.41548765058021,56.13165443465674,56.525718429153024,1993089
2020-10-29,58.49602508544922,59.37171404372854,56.13166088950913,56.87599516785124,2063140
2020-10-30,59.45928192138672,60.33497088434977,58.05818091684115,58.05818091684115,1861916
2020-11-02,58.05817413330078,60.20360916949614,57.00734349193864,59.80955185459522,1002093
2020-11-03,57.094913482666016,59.546845069690775,56.26301170187695,58.71494328890171,3768840
2020-11-04,58.05817413330078,58.802508328655755,57.00734349193864,58.05817413330078,1880627
2020-11-05,57.97059631347656,58.62736291830134,57.62032613568366,58.32087317224486,797710
2020-11-06,57.83925247192383,58.58358667440547,57.44518847227411,57.44518847227411,677065
2020-11-09,56.48193359375,58.53980115593173,56.04408914728682,58.4522336028343,1026976
2020-11-10,55.91273880004883,57.18249180154869,55.78138746024726,56.91978244096898,678813
2020-11-11,55.43110275268555,56.350575364079646,55.16839676949978,56.13165315467687,634775
2020-11-12,55.080833435058594,56.21922500244306,54.949478763174504,55.387323215470715,1549008
2020-11-13,55.825164794921875,56.39436388981036,55.21218192515457,55.47488791491544,753516
2020-11-14,56.26301193237305,56.613288829236744,55.95652215298336,56.35057948634494,343620
2020-11-17,55.91273880004883,57.05113712125884,55.69381655989126,56.832214881101265,923195
2020-11-18,56.91978073120117,57.3138380792574,55.82516956329346,55.86895334191213,666257
2020-11-19,56.525718688964844,58.18952218123286,56.1316546926573,56.61328623893014,1921044
2020-11-20,58.45223617553711,58.933867760235444,56.52572319869646,56.91978054546685,990767
2020-11-23,58.45223617553711,58.89008064127147,57.751682357971596,58.89008064127147,682053
2020-11-24,60.42253875732422,61.210660164267246,57.970606975940704,58.53980614100937,3684522
2020-11-25,59.37171173095703,61.56093404137615,58.890080150274315,60.947947785873026,1443236
2020-11-26,62.56796646118164,62.962030457312366,58.93386303193397,59.7219776622438,3583319
2020-11-27,61.648502349853516,63.44366065771655,61.38579299700704,62.611758841996654,1381188
2020-12-01,61.91120147705078,62.87446459501948,61.69227925587171,61.954988593676994,1099407
2020-12-02,62.39284133911133,63.137175653979035,61.73607458817331,62.48040890304102,769229
2020-12-03,64.71340942382812,66.11451029250726,63.31230855514898,63.39987610675844,3814648
2020-12-04,63.88149642944336,65.23881676609457,62.78688540987802,65.0198945621815,1440456
2020-12-07,66.11451721191406,66.99020618160829,63.96908190855386,63.96908190855386,2849384
2020-12-08,64.4507064819336,67.12156049733093,62.61176099179644,66.20208441177405,1601844
2020-12-09,67.60317993164062,69.52969950666237,64.58205592030168,64.58205592030168,5793698
2020-12-10,67.73454284667969,68.91672166105809,65.15126296781663,67.25291790503205,2549103
2020-12-11,67.95345306396484,68.74157436098658,66.55235224757936,67.55939575594182,1109331
2020-12-14,66.85884857177734,68.43509132058374,66.11451431633179,68.2161690877482,1607500
2020-12-15,66.81507110595703,67.34048315193915,65.06369316536552,66.50857462157221,1147264
2020-12-16,67.20912170410156,69.61726612998143,66.81506437952979,67.4280439246361,1203969
2020-12-17,66.63992309570312,68.43508798997779,66.20207865134111,67.38425731492335,774988
2020-12-18,65.45774841308594,66.99020406155283,64.58205947110486,66.77128182605756,745839
2020-12-21,60.159828186035156,65.37018144655165,58.62737252370262,64.97611741050883,936710
2020-12-22,58.49602508544922,61.73607155869209,57.79547124643514,58.758727764347086,1490111
2020-12-23,60.46632766723633,60.860385041879354,58.75873012150399,58.75873012150399,1267169
2020-12-24,63.093387603759766,63.57501248777999,61.560932036377444,61.82363469648591,1504707
2020-12-28,64.14420318603516,64.58204757638352,62.48039316651634,63.1809468634638,939502
2020-12-29,66.02693939208984,66.99019577289053,63.399872891192175,64.36312927199286,1672777
2020-12-30,64.3631362915039,66.33343638206014,64.10042694037254,66.33343638206014,648267
2020-12-31,63.2247314453125,65.1512508979276,62.87446125481487,64.75718691215432,627960
2021-01-01,67.3842544555664,68.74157484788306,64.8009750158388,65.67666386740419,5549160
2021-01-04,71.41242980957031,72.06919646012685,67.42804279047036,68.82914364212913,4929863
2021-01-05,72.68218231201172,73.4703036973734,71.14972666085484,71.8064933684935,3773583
2021-01-06,71.89405822753906,73.86435827648428,71.14972398968833,72.68217958331239,2701788
2021-01-07,75.2216796875,76.4038583952426,72.68218047914195,72.68218047914195,6136643
2021-01-08,74.0832748413086,77.1481857942786,73.64543041945574,76.09736185422202,2122488
2021-01-11,72.06919860839844,74.5649106187114,71.5875670445766,74.34598839533349,1612066
2021-01-12,73.68922424316406,76.18493633875563,71.98162683388205,72.46325841416125,1974704
2021-01-13,73.1200180053711,74.87139568214644,71.58756253819266,74.12706150571205,1326945
2021-01-14,72.7259750366211,74.8276233182592,71.10594502147438,73.5140898017469,1252760
2021-01-15,71.45621490478516,73.42651498495924,71.01837044252424,72.55082606043743,966246
2021-01-18,69.2669906616211,71.58756758307818,67.6907546500289,70.93080090800406,1094235
2021-01-19,68.78536987304688,71.10594025177605,68.39130583594034,69.79240682337395,1134378
2021-01-20,67.69075012207031,69.74861756345278,67.16533147237637,68.5664389635927,1468405
2021-01-21,67.95345306396484,70.49295205171235,67.60317618962455,70.49295205171235,1452848
2021-01-22,66.72749328613281,68.65401292606703,66.20208126832395,68.04102667114311,740989
2021-01-25,65.15125274658203,67.64696467005895,64.80097586516973,67.42804245429824,747553
2021-01-27,63.83771514892578,65.1950287865646,63.618792947921904,65.1950287865646,504023
2021-01-28,67.07776641845703,68.12859707594052,62.26147761100811,63.13716648508973,1290557
2021-01-29,67.1215591430664,68.12860276860158,66.63992754968719,67.60318405546917,879390
2021-02-01,68.56644439697266,69.61726841767923,65.93937766423004,67.77832304095463,1174607
2021-02-02,68.34752655029297,69.92376268238893,67.77832738551807,69.09186083608634,1121996
2021-02-03,70.40538787841797,72.24433320563904,68.74157765627471,70.49295543095687,3952478
2021-02-04,72.11297607421875,74.82761019609624,69.5734770514395,70.40538547459562,3699450
2021-02-05,70.9308090209961,73.47030845794318,70.40539695703595,73.07624439924041,1292892
2021-02-08,69.96754455566406,72.06919925514745,69.70483521286259,71.806489912346,648540
2021-02-09,69.2669906616211,71.19351025042415,68.74157865775703,70.6243111291647,1040994
2021-02-10,68.04102325439453,69.26698902170295,67.77832059917012,69.17942146996148,609979
2021-02-11,68.47886657714844,69.31077500756338,67.47182972708295,68.21616392620885,580205
2021-02-12,67.20912170410156,70.31781990808231,66.37721993846073,68.12859770273698,1989380
2021-02-15,67.2529067993164,68.08480853995448,66.68370770683867,67.60317699686354,419473
2021-02-16,67.1215591430664,67.86589341203538,66.55235999115727,67.25291382134951,464565
2021-02-17,67.95345306396484,68.12859484162284,66.2458624878975,66.55235224757936,570913
2021-02-18,66.85884857177734,70.40539141610356,66.6399263389418,68.30373664468715,2171608
2021-02-19,67.47183227539062,69.52969984986446,66.72749136717627,67.20912293355308,1989603
2021-02-22,67.55939483642578,68.82914097252983,66.85884109728008,67.07776330564116,1212446
2021-02-23,68.52265930175781,69.6172704727124,67.55940280751304,68.04102771414723,1274637
2021-02-24,71.1935043334961,73.55786149486953,68.78536005836644,68.91670803768397,1771787
2021-02-25,77.49846649169922,80.0379655999388,71.85027584350814,72.37568783946006,16812887
2021-02-26,77.89252471923828,80.73851363461539,74.56491091907532,76.18493404240246,9391610
2021-03-01,88.09429168701172,90.10837859353083,77.67359366119278,79.55632591189972,22446656
2021-03-02,86.43048858642578,94.00519862970059,85.2045295161878,89.14512942160495,13132458
2021-03-03,86.91212463378906,89.14513403480586,84.3288450122785,86.60563485036893,4940677
2021-03-04,86.56184387207031,89.97703181739281,84.94182079111536,85.72994211403223,4487868
2021-03-05,84.19747924804688,89.49539246636448,82.70880428314189,87.17482249688153,3983027
2021-03-08,83.93477630615234,86.38670779855909,83.40936432377256,84.679110504605,2238554
2021-03-09,80.82608795166016,85.20453244132807,79.7752572655542,85.20453244132807,2058709
2021-03-10,85.99264526367188,88.1818674616368,82.00826487196129,82.05204530733502,7857449
2021-03-12,84.06612396240234,87.9191559802075,83.36557025699221,87.04346718893248,3564713
2021-03-15,81.001220703125,84.41640864193842,80.12553183065879,84.37262152592476,3300889
2021-03-16,79.90660858154297,82.13961784991065,79.38119660103757,81.08878720792406,1944183
2021-03-17,75.8784408569336,80.34445269506926,75.00275199922167,79.9066082662133,2132555
2021-03-18,73.55786895751953,77.62982375386318,72.15676802785727,76.36007081684407,1915973
2021-03-19,74.95896911621094,75.92222557788541,70.49295702591935,72.59461173928486,1796143
2021-03-22,76.27249145507812,77.76116639070302,73.77677976653001,75.13410004886812,2255446
2021-03-23,76.36006164550781,77.6735948619854,75.52815994746216,76.27249410060439,1106068
2021-03-24,73.38273620605469,76.66656974723894,72.94489173389678,75.74709368331676,675033
2021-03-25,70.88701629638672,74.30220446369047,70.09890160321969,73.86435999816374,1007480
2021-03-26,72.06919860839844,73.25137727844394,71.45621237435465,71.80648926795452,1329231
2021-03-30,71.63135528564453,73.47030065467953,71.36864594107831,72.81353397424017,1460527
2021-03-31,71.1935043334961,72.28811536764593,70.93079501290991,71.98161893330354,1128259
2021-04-01,76.3162841796875,76.97305081345249,71.5875630803844,71.5875630803844,2663260
2021-04-05,75.30924987792969,78.37416121017101,74.43356092586073,76.40386106801587,1735435
2021-04-06,77.67359161376953,79.20604696890797,75.00274486054191,75.48436967785747,2592325
2021-04-07,80.0379638671875,80.82608518454124,78.81199811585678,79.24984254983376,2107765
2021-04-08,80.12553405761719,83.36558030340362,77.58603492068875,80.82608784745126,3502899
2021-04-09,78.89956665039062,81.96447772645112,78.0238777715162,79.68768797757279,1178281
2021-04-12,72.94488525390625,76.71034337137738,71.71891950457636,76.71034337137738,1461151
2021-04-13,75.26545715332031,75.74708871348432,72.98866738367668,73.25137672212541,765413
2021-04-15,76.75413513183594,77.32333426571705,74.43355815892137,75.09032484855891,943374
2021-04-16,79.60011291503906,80.08173774438967,76.09735773005143,76.84169187066624,1523281
2021-04-19,77.36711120605469,77.89252319782044,75.57195301077367,75.74708811437027,927856
2021-04-20,79.16228485107422,79.60012933954147,77.98010606840798,78.63687280110885,1240364
2021-04-22,79.77525329589844,81.08878657743675,79.29362843458651,79.60011819741698,1131526
2021-04-23,82.13961791992188,82.79638456635736,80.16931798061542,80.30066596512187,3302044
2021-04-26,80.60716247558594,83.01530684776179,80.38824025993358,82.75259751658865,1048186
2021-04-27,82.84017181396484,84.41641456743666,80.60716904101886,81.00122638889863,4606613
2021-04-28,83.67207336425781,84.76668444081285,83.40936403349428,83.6282862488053,1935273
2021-04-29,82.35853576660156,84.24126137506474,80.8698607717307,84.10991339752579,2081236
2021-04-30,82.70882415771484,84.76669867190611,81.26394263886829,82.05205740152024,1607120
2021-05-03,82.70882415771484,83.54073272414749,81.61421289739052,82.31476677638886,1120860
2021-05-04,81.48285675048828,85.99264934769764,80.82609005990716,83.19044747360869,2612339
2021-05-05,84.54776000976562,85.46722928138992,82.13961570445457,82.3147507997233,1900964
2021-05-06,88.05052185058594,89.71432542115632,84.94182357319704,85.29210047051885,8418322
2021-05-07,91.2030029296875,92.56031675566642,87.87538234029967,88.79485838449207,7434544
2021-05-10,98.29608154296875,99.69718248266436,91.20300260746649,92.38518131655415,13508508
2021-05-11,102.06153869628906,103.15614976475645,96.85118600179887,97.98958418539524,8535833
2021-05-12,99.82853698730469,104.99510295705342,98.07715914542214,103.24372511517089,6437937
2021-05-14,101.31721496582031,106.17729160443469,99.82854633324168,101.36100208835724,10342551
2021-05-17,104.25076293945312,106.35241088859051,100.83557500064101,102.28046297640489,6948984
2021-05-18,104.1194076538086,107.18431868923035,103.41885388760757,105.5205085052348,3556494
2021-05-19,103.24373626708984,104.64483735574119,102.23669256303585,104.20699284797658,2260306
2021-05-20,106.35240936279297,109.46110748783788,105.60807516807083,109.46110748783788,6957349
2021-05-21,103.81291961669922,107.75351958506185,102.93723073484085,107.27188802764937,3125927
2021-05-24,103.0248031616211,104.732393889652,101.57991510199233,104.20698187187143,1955410
2021-05-25,104.16319274902344,105.08266877317921,101.57991314740657,103.72534829580185,1926789
2021-05-26,105.82699584960938,108.27892729419868,105.2140163289499,106.65890426304804,4261591
2021-05-27,104.46968841552734,106.57133643020605,104.20697907320445,106.17727909769782,1622245
2021-05-28,100.0474624633789,104.9951063634087,99.4782633101053,104.9951063634087,3956022
2021-05-31,98.69013977050781,101.84262526430783,98.16472774853327,100.79179453938238,1976728
2021-06-01,94.6181869506836,100.39773227100606,93.47978872473668,99.17176649251924,2256259
2021-06-02,90.8089370727539,98.20851235276169,90.28352506423278,95.09981405746609,5278798
2021-06-03,95.4500961303711,96.10686284686447,91.07165135374856,91.42192827207367,5271123
2021-06-04,97.85823059082031,98.86527412101498,94.83710668121216,96.06306574651784,3529911
2021-06-07,100.83557891845703,101.49234559832414,97.63931307357525,98.73392420668709,2545543
2021-06-08,100.00366973876953,101.49234487781905,98.51500128069613,101.49234487781905,1452917
2021-06-09,101.18585205078125,104.42589821179673,99.08419741724173,99.91609917505016,5296379
2021-06-10,103.68156433105469,104.55725320770046,102.45559856755541,102.45559856755541,2874474
2021-06-11,102.14911651611328,104.9951055802773,101.75505248325855,104.64482866695414,2077101
2021-06-14,101.57991790771484,102.80588377038255,99.17177330214402,102.71831621182982,1493974
2021-06-15,102.45559692382812,104.20697464902176,102.01775249252971,103.19993112084026,1686763
2021-06-16,106.52754974365234,108.14757277699108,100.48529535352006,102.4555952624126,10958857
2021-06-17,104.03184509277344,107.27189138465415,102.76209216575712,105.87079046602942,4216400
2021-06-18,101.49234771728516,104.99510341637367,98.33986892430075,104.55725895398761,2155371
2021-06-21,99.74095916748047,101.14205996060981,97.81443973107397,98.16471659960021,1576702
2021-06-22,99.74095916748047,101.84261369766227,99.43446941288585,100.44150622355735,1372102
2021-06-23,98.47120666503906,100.79178341025319,98.07714936231287,100.44150654062125,1375755
2021-06-24,98.12094116210938,99.25933269155715,97.55174205689752,98.5587855998145,872977
2021-06-25,98.55878448486328,99.60960845107772,97.81444360440422,98.29607515282174,763291
2021-06-28,97.42039489746094,99.08420522516342,97.2014726617363,98.82149586990329,862074
2021-06-29,99.43447875976562,101.22963702312283,97.63931381543222,97.72688137055127,1566847
2021-06-30,101.31721496582031,102.1929039687435,99.434488954317,99.434488954317,1843052
2021-07-01,102.19288635253906,102.45559568052043,100.44150864859854,101.57990682855018,1246489
2021-07-02,101.93019104003906,102.98101506562634,101.44855946440876,102.23668082408733,1171141
2021-07-05,102.3242416381836,102.80587318208362,100.79178613792547,102.23667408864972,1304778
2021-07-06,100.83557891845703,103.68156786454779,98.99663355102439,102.80587895805833,2068626
2021-07-07,99.91610717773438,101.88640730180397,99.25934046971116,101.3609952715807,1773205
2021-07-08,99.609619140625,101.05450725995904,99.25934222063847,99.8285413804945,1031570
2021-07-09,98.55878448486328,99.65339556674326,98.29607515282174,99.60960845107772,797140
2021-07-12,97.63931274414062,99.47825810536867,97.02633318405665,99.17176832532668,1250495
2021-07-13,99.3031234741211,99.95989015492748,97.8582354401518,98.42743456637923,1340615
2021-07-14,98.55878448486328,100.66043241729216,98.07715293644576,98.9090546862842,1495220
2021-07-15,100.3977279663086,102.98100740084229,97.63930675322851,98.95284002793562,2756143
2021-07-16,100.3977279663086,101.27341681611333,99.04040757672095,101.09827503756695,1446077
2021-07-19,100.3977279663086,101.84261590468155,98.95284002793562,100.35394085142806,1656627
2021-07-20,98.47120666503906,101.05449273272106,97.63930494551683,100.22258433222322,2029505
2021-07-22,100.13501739501953,102.45559415436918,99.12797389405924,99.78474052325392,2443229
2021-07-23,103.1999282836914,104.07561712221398,100.31015912515225,100.31015912515225,3112495
2021-07-26,104.38211822509766,107.14053970245978,103.55021641046963,104.20698311074746,6325225
2021-07-27,101.8426284790039,106.57134350701469,100.31017280263613,105.52051942989597,2125692
2021-07-28,101.93019104003906,103.55021419655954,101.14206968036048,102.4556030528327,1551761
2021-07-29,103.593994140625,104.03183856779421,102.36802840835607,102.41180884248753,1137262
2021-07-30,107.05296325683594,109.28597252476763,103.59399492828965,103.59399492828965,8750937
2021-08-02,108.7167739868164,110.94977658523118,107.79729800566126,108.41028422008998,5456083
2021-08-03,109.02326202392578,111.34383881685508,108.14757317232798,109.02326202392578,3903476
2021-08-04,105.69564819335938,109.81139005670086,104.42590195311242,109.02326870576516,2240109
2021-08-05,105.73943328857422,106.834044399222,101.9739683955555,105.6956461717579,2180533
2021-08-06,106.22106170654297,110.73085400418512,105.08266351276436,106.8340412379771,2793665
2021-08-09,104.07563018798828,107.09676106875283,102.5431745281875,106.83405171182496,1215027
2021-08-10,98.99663543701172,104.51347164441103,96.58849089828807,104.206981857496,2409711
2021-08-11,97.90202331542969,100.44151582274903,94.26791298398747,98.99663445857638,1851670
2021-08-12,96.10685729980469,100.17881204323538,95.75658040169674,99.82853514512742,4063465
2021-08-13,95.27494812011719,97.98958217811281,94.88088413495574,97.02632579378863,1965950
2021-08-16,94.00519561767578,96.80740391366113,93.69870585993654,96.32577237937402,1421610
2021-08-17,91.90354919433594,94.66197061990887,90.020823367002,94.0052039319618,1667683
2021-08-18,91.77220153808594,94.92468031559778,90.59001615066477,91.94733664979027,2390250
2021-08-20,90.45866394042969,94.00519989443424,89.6705426125478,90.89650838025563,1875782
2021-08-23,87.61267852783203,92.73545733910639,85.90508113675644,91.15921462134064,1452356
2021-08-24,90.98408508300781,93.6987195467655,87.6564643332554,87.6564643332554,5401835
2021-08-25,87.78781127929688,91.72841128684637,87.5251019397365,91.50948906420473,1449314
2021-08-26,87.39374542236328,88.8386266060144,87.04346856412423,87.87537025658852,733585
2021-08-27,86.34292602539062,88.44458076592468,86.0364362401198,87.74402695875459,1398688
2021-08-30,87.52509307861328,88.96998093796148,86.60562384519196,86.86832647718003,2021397
2021-08-31,89.36405944824219,90.41488350912962,87.48132688159045,87.70024911769003,1701375
2021-09-01,88.92620849609375,90.19595470055586,88.26944183565281,89.49540092369514,889426
2021-09-02,92.64788055419922,93.61113692755032,88.70728083332833,88.96998347280105,2657918
2021-09-03,92.21004486083984,93.39222355270165,91.7722004060039,93.08573377051172,1020003
2021-09-06,92.12247467041016,92.99816361853564,91.50949507911291,92.77924138150426,569154
2021-09-07,91.4656982421875,92.42896132757161,90.37108717331989,91.94732978487956,732125
2021-09-08,92.13660430908203,93.21003774590044,91.37625505594204,92.13660430908203,938307
2021-09-09,92.18133544921875,93.92566652624534,91.55516024420969,92.40496798856695,717440
2021-09-13,95.53582763671875,96.47508024742915,92.13661016295329,92.22606181758421,2022677
2021-09-14,97.77214813232422,98.75612993245436,95.80417770734051,95.80417770734051,1472323
2021-09-15,99.24811553955078,101.6186217572581,97.95104957641902,98.26413375806567,1714345
2021-09-16,98.7561264038086,101.52916840499148,98.21940969788984,99.78483740457473,1118548
2021-09-17,98.57720947265625,99.60592040232791,94.82018596615069,99.06920373350178,1891670
2021-09-20,99.20339965820312,105.28620086899697,96.69871239070204,98.35359188096494,5552519
2021-09-21,100.45573425292969,103.2734986444208,97.95104721080078,100.14264325412123,3697936
2021-09-22,102.5578842163086,104.66002872751484,101.3502698651666,101.52917316729004,2889472
2021-09-23,101.3949966430664,104.39167144333415,100.54519568431357,103.0498761454778,1585219
2021-09-24,105.42037963867188,110.34029559556531,101.75280729029603,102.33425326832817,14279903
2021-09-27,110.65337371826172,111.72681396295647,105.68873561998946,106.7174466285507,12678532
2021-09-28,114.36568450927734,119.55395556556147,112.88970831685924,118.97251639633585,18373735
2021-09-29,114.54458618164062,117.09398886926662,111.9057181962743,112.48716414726846,5497215
2021-09-30,115.61802673339844,118.9725149364951,114.99185833204322,115.39439418652533,4655749
2021-10-01,114.90238952636719,115.8416488687054,112.93442602064908,114.49985370806402,2659104
2021-10-04,120.26956939697266,120.94046697298714,116.37837164575636,117.18344327719528,7139096
2021-10-05,130.3777618408203,131.89846027819968,120.80629251790145,121.11936986267146,13544786
2021-10-06,123.84768676757812,134.85040947449036,121.83499408885439,131.1381151046227,11024365
2021-10-07,123.0426254272461,126.97855264553615,122.14809527313953,125.05531827398583,3211964
2021-10-08,118.07797241210938,124.3396830703273,116.15473816972084,124.02659207763799,4562170
2021-10-11,114.63402557373047,118.79359868189837,114.05258647500881,118.07797188000912,3255181
2021-10-12,119.55393981933594,120.26956661374655,113.20278443637558,114.634024375751,5351252
2021-10-13,124.83168029785156,128.81233658034088,119.68813213578933,120.89573960156223,6027281
2021-10-14,121.83499908447266,125.59202284225094,120.67210720363867,125.59202284225094,2353342
2021-10-18,119.77758026123047,123.66879182919727,119.46450290196381,122.10336408452389,3164940
2021-10-19,113.60533142089844,120.89574683576778,111.36900599922721,120.67211429360066,3071858
2021-10-20,109.80358123779297,115.93111852224719,108.81959939001617,114.45513551349633,2740740
2021-10-21,112.9344253540039,114.76821479261162,111.3689976758296,111.72681108149978,2104590
2021-10-22,113.47115325927734,114.41041268885493,111.01119523628475,113.65006339214742,1934027
2021-10-25,113.24750518798828,116.87034786676737,109.35630075905244,114.41039700570373,1803776
2021-10-26,119.24087524414062,121.65610399053382,113.56060316421546,113.56060316421546,3261208
2021-10-27,120.58265686035156,121.61136098699785,118.30160243882534,119.7328560188465,1976495
2021-10-28,117.31763458251953,123.80297877090432,116.28893027448602,120.314316322449,2788928
2021-10-29,118.03325653076172,119.86704616087356,114.76822677794979,117.45181736364098,2955022
2021-11-01,120.895751953125,121.65610808845695,117.3623603672101,118.52525236559225,2170126
2021-11-02,123.4898910522461,124.16078867080292,120.76157134022567,120.76157134022567,2319923
2021-11-03,119.330322265625,123.98189018797238,118.3016180036333,123.80297322984555,1172114
2021-11-04,120.71683502197266,121.65609436275078,119.6881308603014,119.86703415153386,398801
2021-11-08,121.29829406738281,124.83168543778868,119.15141351297831,120.76157051641997,2730057
2021-11-09,119.68814086914062,123.40043565807538,118.79361068872768,121.61137529724951,1930692
2021-11-10,120.80630493164062,122.46117759405091,119.01724455101491,119.9565039807329,1275754
2021-11-11,118.97251892089844,121.25357370528644,118.52525381217326,121.25357370528644,920581
2021-11-12,116.9598159790039,120.76156907965986,116.37837684691756,119.50923234157541,1483032
2021-11-15,112.62134552001953,118.30161052032288,111.27955031563023,118.1227072229603,1999312
2021-11-16,110.96646118164062,114.14203892883597,110.47446689876098,112.57661126023005,1446354
2021-11-17,109.53521728515625,112.62135048617179,108.86431965337769,111.6373686578413,1461909
2021-11-18,103.49713134765625,110.65337225189448,101.97643288539489,109.53520961060727,2176617
2021-11-22,102.96041870117188,104.39166557346252,101.9317076657143,103.6760455496789,1737962
2021-11-23,103.6760482788086,105.46510862244732,102.0658912396443,102.60260797779121,1257990
2021-11-24,102.28952026367188,105.46510499427472,101.30553847346589,104.61529726544696,1062818
2021-11-25,103.63131713867188,105.10729326003407,102.33425114322468,102.33425114322468,2229464
2021-11-26,99.5164794921875,104.12331114373683,98.17468426307936,102.42370248858848,1937850
2021-11-29,95.1332778930664,102.5578806966886,94.50710953239992,95.9830856107975,4560964
2021-11-30,99.78484344482422,102.82624057070898,93.92566808667101,93.92566808667101,5947245
2021-12-01,103.22879028320312,103.67605539983336,100.81355455856541,101.43972981668219,2299809
2021-12-02,101.9764404296875,103.67604913512703,100.81354846682792,103.31823569849918,834682
2021-12-03,103.0051498413086,105.01784271210164,101.61862535598397,101.97643878684744,2312467
2021-12-06,102.8709716796875,104.66003205672554,102.02117073048393,102.96042333359466,978608
2021-12-07,104.30221557617188,104.83893230869433,102.46843283799323,103.27350452441513,1164948
2021-12-08,107.70143127441406,108.4170512985798,104.61529816639339,105.73346085233057,1727068
2021-12-09,106.85162353515625,108.14869634563966,106.22545516093902,107.70143127127781,859066
2021-12-10,107.07524871826172,108.59595396148192,106.09126698719155,106.53853203083462,1061698
2021-12-13,108.50651550292969,110.38502754955447,107.34362351825904,107.34362351825904,1001571
2021-12-14,108.86431884765625,109.93775914539142,107.16471698617516,107.29889105175893,757635
2021-12-15,109.53521728515625,111.10064509263955,108.32760291289958,109.49049487120519,871524
2021-12-16,108.99848937988281,111.14536294661309,107.61197184439665,109.62466453357074,824978
2021-12-17,107.88033294677734,108.99849561584577,104.79420671003781,108.4617788996376,1283091
2021-12-20,101.8869857788086,107.25416669613242,100.41100966159985,107.07525657072088,852562
2021-12-21,104.03385925292969,105.82291955427175,102.87096732716797,103.27350316508057,607037
2021-12-22,105.86764526367188,106.62799455047471,104.16803655952671,104.3469466900662,526607
2021-12-23,107.96978759765625,110.74283655383432,105.86764308629829,107.3436192154555,965274
2021-12-24,104.5705795288086,109.13268208718041,103.58659769460661,109.13268208718041,632349
2021-12-27,106.58326721191406,108.05924330323303,103.09459831190283,104.6600260519968,898732
2021-12-28,109.22212219238281,111.27954412114056,106.27017700188341,107.34361037575174,1913295
2021-12-29,107.07524871826172,108.9984897708715,105.95708610915403,108.55122472722843,1046447
2021-12-30,107.96978759765625,108.6854144556487,106.00182397526231,106.44908905532671,730251
2021-12-31,108.68540954589844,109.1326746057581,106.31490336369758,107.47779524922198,720500
2022-01-03,108.55123138427734,109.80357494822417,108.23814719947148,108.32759884874125,711053
2022-01-04,111.77154541015625,112.71080484710498,108.23815386110876,108.23815386110876,2110682
2022-01-05,109.93775939941406,114.05259682176437,109.49049431383851,112.1740848272918,2572185
2022-01-06,108.46178436279297,109.80357963326051,107.70143507447277,108.41705512388792,1199448
2022-01-07,109.57994079589844,111.36900105379065,108.73013990328894,108.73013990328894,1057304
2022-01-10,112.44243621826172,114.36567739019546,110.56392428335661,110.92173770541554,1947762
2022-01-11,112.9344253540039,114.32094974170467,112.1293468974268,112.57661194833373,962113
2022-01-12,114.54458618164062,115.52856113759489,112.97915844996889,112.97915844996889,1905010
2022-01-13,116.9598159790039,118.07797865566742,113.51587629982494,115.12602645938638,1976559
2022-01-14,115.84165954589844,118.43579163579594,115.2154911431074,116.3783831194036,1343151
2022-01-17,119.330322265625,119.77758736204706,115.84165997331199,116.28892506973405,1764277
2022-01-18,118.39107513427734,124.07133360447342,117.36235723455474,119.86704447588052,4139056
2022-01-19,117.27290344238281,121.47719224962734,116.2889148568921,116.2889148568921,2099723
2022-01-20,115.48384857177734,118.52524564167165,114.94712501852685,117.9438065001894,1162324
2022-01-21,114.76821899414062,116.11001419598301,113.24751367055194,114.81294823075804,1015708
2022-01-24,108.90904235839844,115.52855980171758,108.32759641412764,114.49985562114989,1152742
2022-01-25,112.62134552001953,113.15806223683057,107.70142977059211,108.50650825817036,796041
2022-01-27,111.23481750488281,113.15805860099051,109.6246674061848,111.32426915068996,1176611
2022-01-28,114.00786590576172,117.63071577550508,111.45845632043883,111.45845632043883,1820536
2022-01-31,115.03658294677734,120.76157045680256,114.32095609566247,118.88305167880686,2288097
2022-02-01,113.24750518798828,117.80960716759314,112.531885228775,117.18343885019117,1708820
2022-02-02,113.96314239501953,116.37837789315972,112.21880450890882,116.33364865580172,1234837
2022-02-03,114.4998550415039,115.66274692415845,113.6947765707987,114.4998550415039,903083
2022-02-04,115.66275024414062,116.55728038732896,113.82896072071519,116.19946014038557,1656079
2022-02-07,118.61470031738281,122.95316324430148,116.37837499955468,116.37837499955468,11282044
2022-02-08,116.69145965576172,119.77758605757403,114.2762308912759,118.25688747619016,3157161
2022-02-09,116.2889175415039,118.97250794630784,115.88638171067264,116.91508590606882,1795088
2022-02-10,114.9471206665039,117.00454267680533,114.0525905445856,116.60200685183138,2030287
2022-02-11,116.33364868164062,117.94380568075839,113.15806392077305,113.60532899555871,1665006
2022-02-14,109.53521728515625,114.85766910071001,108.99850054467814,113.60533231450228,1314920
2022-02-15,114.36568450927734,114.9024012634138,109.0879549733673,109.13268421318026,1173683
2022-02-16,120.94047546386719,122.7295357921772,114.49986101184058,114.49986101184058,7018320
2022-02-17,119.77758026123047,124.16078613598397,118.3016109903171,122.55062915443057,2883214
2022-02-18,116.199462890625,119.73286795940588,115.3049327262647,119.73286795940588,904446
2022-02-21,110.07193756103516,115.66275099211734,109.57994324921056,115.39438921753602,1310525
2022-02-22,107.61197662353516,109.80357269696617,106.62798802757194,107.16471156163306,1085958
2022-02-23,110.07193756103516,111.19010024725159,108.77486475019005,109.04322652477136,1193848
2022-02-24,104.39167022705078,108.73014709935042,103.22878507729185,107.2541709239605,2156474
2022-02-25,108.77486419677734,109.84830446491785,106.40435794911421,106.40435794911421,1270192
2022-02-28,112.21880340576172,113.33696608148561,106.27018343068923,108.23814701007396,1070751
2022-03-02,109.89303588867188,112.17409067388684,108.46178890517722,109.71413257500653,1412671
2022-03-03,109.66939544677734,112.08463095589894,108.50651034213966,111.36900410325771,988451
2022-03-04,113.42642974853516,117.54126039392803,108.1934227267761,109.08795290831117,3638100
2022-03-07,116.2889175415039,118.4357844055684,110.56392331297751,111.86099610346673,3589883
2022-03-08,115.79692840576172,118.39107410252461,114.67876568718648,116.33365197045673,1677378
2022-03-09,118.16743469238281,119.24086810995095,114.76821749554503,116.37837444662046,1976753
2022-03-10,117.13872528076172,120.44848424342214,116.42309840113171,119.64341253474302,2127683
2022-03-11,124.47386169433594,128.0967114380532,115.88638066604122,117.0045433246301,15633512
2022-03-14,128.63343811035156,133.5533539281022,125.68148588981181,125.99457690162923,15580172
2022-03-15,124.96585083007812,130.06466961265718,123.4451524071259,128.81233294656616,3257513
2022-03-16,127.0232925415039,128.81235299983496,125.23423208317287,125.9498589963949,2453425
2022-03-17,131.31703186035156,133.68753135422205,126.39711591881519,127.42582015590301,8575830
2022-03-21,133.2402801513672,137.66820223022015,131.71958143178972,132.56938245307285,10390282
2022-03-22,134.53732299804688,136.9972807989712,130.82502850370318,133.64279288861985,7541528
2022-03-23,130.64614868164062,136.3711369506609,129.88579249225492,135.65551000467119,3844148
2022-03-24,132.6140899658203,133.28498755418028,129.93049961238046,130.60139720074042,2530947
2022-03-25,130.42250061035156,134.00062126550827,129.75160298750967,133.24026516650864,2026317
2022-03-28,137.66818237304688,138.9652619888849,130.19886393240887,131.45120066214258,9294711
2022-03-29,146.56878662109375,151.39924450138824,139.68089279068903,140.26234564166325,22845513
2022-03-30,142.2750244140625,147.59747612630343,141.06740324052305,147.5080176506905,5414937
2022-03-31,144.95860290527344,147.50800545611716,141.91719242868024,143.03535503416762,3850953
2022-04-01,155.69297790527344,157.34785052039956,144.06408576347516,145.36115177247862,13666464
2022-04-04,170.4527130126953,171.74977892573483,157.52675581822584,157.57147140359754,17399299
2022-04-05,171.92868041992188,177.83258446861157,167.09822339786373,171.92868041992188,13878889
2022-04-06,165.0408172607422,171.7497935721545,162.9833951286863,168.17167287273458,5911691
2022-04-07,153.5908203125,167.5902250112733,152.6515609478145,165.04080868561925,7237858
2022-04-08,158.287109375,161.0154290979378,153.94864628064047,153.9933618691656,5965386
2022-04-11,161.0154266357422,164.056823679083,158.4212946663895,159.22636633978948,3841771
2022-04-12,152.33848571777344,159.89726267812262,149.8337985934855,159.22636507248012,5598919
2022-04-13,155.91661071777344,158.86856299648684,153.94864708178022,154.03809190874298,3629132
2022-04-18,157.30313110351562,159.2263654511525,141.87248613704156,155.1115213336474,4928203
2022-04-19,151.98068237304688,160.83653994202706,150.2810803761907,158.82384690127452,3950938
2022-04-20,159.1369171142578,160.56817089398322,153.4119292942514,153.4119292942514,4263601
2022-04-21,156.8558807373047,161.90997105920792,155.2904528403234,160.70234979318602,3508799
2022-04-22,153.8591766357422,157.4372970226199,152.5621107253882,156.0507726428156,2213769
2022-04-25,154.97735595703125,159.04747106559026,151.04142856710789,151.53340925376264,3709664
2022-04-26,157.39256286621094,161.0154123745269,155.6035027287162,156.58749126411655,3029536
2022-04-27,155.82713317871094,157.25838672949808,153.45663398775554,156.14022415839733,1803249
2022-04-28,157.16893005371094,163.60954380670128,155.82713495311106,156.72166502017765,4914464
2022-04-29,153.50137329101562,159.04745727763958,152.15957811766566,158.331830455297,1661220
2022-05-02,152.96466064453125,153.8144615848892,148.40255127079263,152.5621247937772,1715590
2022-05-04,154.17227172851562,160.97069245467256,152.3832114875091,153.41191566630928,2550325
2022-05-05,152.3832244873047,158.28711559661863,151.44396505075886,155.87188679510624,2361378
2022-05-06,146.7924041748047,150.14689226244238,144.33244624387038,148.93927109111402,2052468
2022-05-09,144.69024658203125,146.2556742884829,141.55939116912793,146.0320417589898,1626503
2022-05-10,141.6041259765625,150.0574331941214,139.72560719512856,145.80841496656802,3524110
2022-05-11,134.4478759765625,144.86914612106716,130.19885802631833,142.94591187705083,2095440
2022-05-12,131.27230834960938,132.97191028924598,128.90180875230865,131.49594090216408,1582671
2022-05-13,129.52796936035156,136.32639035847006,128.40980666499192,133.73225836501447,2455422
2022-05-16,131.89846801757812,133.10608918104683,125.32367959826772,126.26292533713571,1941999
2022-05-17,134.67152404785156,135.52132500611924,130.0199697478281,131.89847497408593,1464457
2022-05-18,140.57540893554688,141.33576502998065,134.85042138145303,135.34241569847214,2114243
2022-05-19,138.96527099609375,144.8244328429526,135.34242098315258,136.5500285545013,4644838
2022-05-20,142.3197479248047,144.01934969748086,139.6361575577709,140.44122920810244,1504329
2022-05-23,142.14083862304688,147.10548379887516,140.21760421638098,142.94592396611068,2679620
2022-05-24,138.83106994628906,145.98731080588587,137.75763654723877,142.901184665074,1924645
2022-05-25,136.4605712890625,142.45392030841256,135.29767941379845,140.26232426432625,2160679
2022-05-26,136.50531005859375,138.6969062557495,130.82503799198344,137.17620768932187,1434044
2022-05-27,137.89183044433594,143.03537930225784,136.95258461592613,140.3965178354745,2719673
2022-05-30,140.7543182373047,141.7382931684204,139.5019678939125,139.77032965674272,957133
2022-05-31,149.1181640625,151.08612754102865,139.5914240133465,141.02266397525554,3193864
2022-06-01,152.56211853027344,155.1115212466804,150.37052241108074,150.37052241108074,2410738
2022-06-02,150.37051391601562,151.93594157692232,148.00000098268933,151.93594157692232,1078547
2022-06-03,148.6261749267578,153.68027832668108,147.2396641514662,151.4439530124088,1170114
2022-06-06,146.70294189453125,148.93926722828934,145.22697263402955,147.77637532484582,1686569
2022-06-07,143.0353546142578,149.16289113411838,141.82774719354416,146.3003976023633,1155416
2022-06-08,138.4285430908203,144.01935662437526,137.4445544491358,143.25900052403293,1585436
2022-06-09,137.26564025878906,139.0994296822383,136.1922068753748,138.11544111859843,690424
2022-06-10,133.91116333007812,136.37112129043157,133.28499494278668,135.0740552775892,674620
2022-06-13,126.75491333007812,131.40646715284825,124.56331729957978,130.60139551697415,969076
2022-06-14,120.1353988647461,128.27561483611464,119.46450126905629,126.75491634910702,1735460
2022-06-15,122.23754119873047,124.02660152304088,121.25356621002797,121.74556052910275,1685186
2022-06-16,118.79360961914062,125.23422413023468,117.1834525790053,123.44516378551704,1639747
2022-06-17,114.63402557373047,120.44847115873092,112.84497221845331,118.8830435012308,1467159
2022-06-20,105.91236877441406,115.2154834928932,102.55788078636077,114.67875995502604,2057971
2022-06-21,124.42916107177734,127.02329329190314,107.29889889239053,107.29889889239053,9905163
2022-06-22,122.37171936035156,124.29495359907824,117.89906889871185,124.29495359907824,3422341
2022-06-23,119.15142059326172,122.55063810264056,115.88639080432083,122.37173479150435,2243888
2022-06-24,123.71351623535156,124.74222039618974,119.86703405446096,120.98519668556601,1928350
2022-06-27,125.77095031738281,128.54398571988054,124.20552248309542,124.33969655196962,2007344
2022-06-28,126.44183349609375,126.84436930611501,122.14808634049311,125.18948318226035,1237220
2022-06-29,123.75824737548828,125.05531331764655,123.17679460869567,124.96585484600266,816424
2022-06-30,118.07797241210938,124.78694811734286,117.18344231807824,124.16077978141027,1209374
2022-07-01,116.51254272460938,117.89906707617335,113.69477161239018,117.45180203692341,1507206
2022-07-04,117.98851776123047,120.09066901001111,117.27290458240395,117.31762016899577,1004465
2022-07-05,116.423095703125,119.64340976210825,115.57329477489104,118.48051781583946,1015239
2022-07-06,113.42642974853516,117.18345378109294,111.81627269188257,116.78091792929163,1430419
2022-07-07,115.17076110839844,116.69145969023151,113.78423659429136,115.21549034745622,1348811
2022-07-08,119.24087524414062,122.9084407777163,115.39439275572693,116.11001962673717,3745243
2022-07-11,121.4771957397461,121.8350023359611,118.16743695169383,118.97250861790094,1113990
2022-07-12,121.29829406738281,123.80296757335104,120.09067290243985,120.09067290243985,1234243
2022-07-13,122.19281005859375,122.77424913021555,120.49319477714215,121.92444831421241,686908
2022-07-14,122.64009094238281,125.68148804015944,121.74556077839591,122.50590322811652,1870011
2022-07-15,124.20551300048828,125.2342171818463,122.41645275503333,122.50589757763821,1013299
2022-07-18,125.59202575683594,128.0967128699626,124.8764125668969,125.18948992513357,1765172
2022-07-19,126.48655700683594,128.2756172963213,125.2342202639749,125.9498471096584,1020908
2022-07-20,126.84436798095703,129.0806931793186,126.17347042144857,127.5599947743219,1157244
2022-07-21,127.69417572021484,128.9017968523037,126.53128382439714,127.64944648394368,889431
2022-07-22,146.4793243408203,150.5047103532398,135.34242576968265,139.7703476534545,35579391
2022-07-25,140.8885040283203,145.54005825682617,138.20491347539993,144.73498655072902,6801297
2022-07-26,140.17288208007812,146.21096103647432,138.33909240787563,141.1121415365182,7152765
2022-07-27,145.4058837890625,146.03205218646568,139.00998479919053,140.35178007196052,4591884
2022-07-28,141.69357299804688,146.61348891672137,140.4412362239813,146.61348891672137,2760154
2022-07-29,141.33575439453125,146.03203737283053,140.44122430342662,142.90118205396433,4008116
2022-08-01,149.5207061767578,151.1755923815415,140.8884958585372,141.96192928757006,6279824
2022-08-02,149.2523651123047,153.5460990314171,147.86584061159465,149.38653917873424,4850647
2022-08-03,144.51133728027344,149.69961447870008,143.12481292517168,149.29706502279137,3030390
2022-08-04,144.69024658203125,147.0607459348795,139.7256016973953,145.18224087680534,3102194
2022-08-05,141.78302001953125,146.34512896258795,140.44122487739057,145.2716819293186,2192029
2022-08-08,146.1662139892578,146.79239598356585,141.7382926905502,141.7830219257788,2510696
2022-08-10,143.8851776123047,146.61348360331752,142.85645976783158,146.61348360331752,2157358
2022-08-11,142.85646057128906,145.54005099022166,141.60412383556587,145.4953217533501,1964933
2022-08-12,142.81173706054688,145.36115352053204,141.96193612370092,143.5720931695101,2183612
2022-08-16,144.77969360351562,146.12148867435656,142.90117504456018,143.88516355628832,1714361
2022-08-17,144.77969360351562,149.2970594224572,144.28769934765154,145.6294944184925,3351085
2022-08-18,145.89785766601562,147.28436833394957,144.06406832041355,145.09277242554754,2021318
2022-08-19,143.08010864257812,147.50803058473423,141.8725010125982,146.7029588314143,2379036
2022-08-22,139.45726013183594,142.27503860125856,138.47328504921003,142.23030935899183,1756707
2022-08-23,140.26234436035156,141.24631943467182,136.05805496228731,138.02601876037608,2078078
2022-08-24,147.59747314453125,148.40254481099544,140.7543230312453,141.24630368883635,3721248
2022-08-25,147.0607452392578,151.48868022183328,145.94258259708144,149.20762570190422,4523315
2022-08-26,148.08946228027344,151.35449171846474,147.10547370055883,147.64219722575703,3556805
2022-08-29,142.9011993408203,144.24299463979514,141.33577149201633,143.57209699030773,2258764
2022-08-30,141.46994018554688,144.7797127167878,138.16018130375306,144.15353068150628,4255991
2022-09-01,142.3197479248047,143.70625869488168,141.06739756385437,141.60412109703972,2502073
2022-09-02,140.35179138183594,143.34847319228078,139.72562293397465,142.63284625924712,1399244
2022-09-05,140.62013244628906,141.5593918042635,140.12813814930755,141.24630080178989,1016604
2022-09-06,139.50196838378906,141.55939037345044,139.09943256285337,141.33575784521435,1303857
2022-09-07,140.7095947265625,142.23029324520678,139.59143204381715,139.9939678797161,1444036
2022-09-08,140.66485595703125,141.51465680844052,139.815055105622,141.24629505287814,1642802
2022-09-09,140.8011932373047,142.89185293322024,140.43760627712524,142.89185293322024,1164379
2022-09-12,143.39181518554688,144.34624842511528,140.07403863890306,142.3464921283729,2516513
2022-09-13,140.4830780029297,144.52804245487698,139.39230309801604,144.48259061093154,1764065
2022-09-14,136.8016815185547,139.8922122972383,136.34719088228042,139.16503837516228,2030341
2022-09-15,134.34744262695312,137.98336792743925,133.16576413030427,137.98336792743925,1728821
2022-09-16,128.30271911621094,135.07464164503565,126.93924701563503,135.07464164503565,3364682
2022-09-19,123.12152099609375,127.16648522673093,122.16708780528046,126.16661406441364,3249563
2022-09-20,123.48512268066406,124.71223918849702,122.89427647767359,124.53044569140563,1789326
2022-09-21,121.98529815673828,124.30320344468878,121.16722046449934,122.93973137765379,1318151
2022-09-22,121.48534393310547,122.66702238480228,120.21277567432662,120.34911731992659,1450146
2022-09-23,118.30391693115234,121.62170717436095,118.03123362263094,120.53093233041133,1203974
2022-09-26,113.75901794433594,117.16769108998203,113.44087585713989,116.3496134186143,1506064
2022-09-27,115.44063568115234,118.6220705227589,114.12261544933494,115.0315968326511,2316589
2022-09-28,116.62230682373047,117.94032697157999,114.16805308414482,115.44062832671028,1295626
2022-09-29,118.75841522216797,120.44003637232989,116.8495625903157,118.44028005183704,1389167
2022-09-30,118.98564910888672,121.2581024063823,117.53128732046208,118.16757146977,1393670
2022-10-03,116.57685852050781,119.98553859420687,116.34961318226121,118.62206656472725,1228049
2022-10-04,117.25859069824219,119.7582893371582,117.0767972075846,118.75840433361009,1123789
2022-10-06,118.39481353759766,120.12187244813003,117.2585869201543,117.89487105193182,2442722
2022-10-07,120.62183380126953,123.62147531450987,118.80387092899733,118.98566444223334,3938093
2022-10-10,118.98564910888672,120.62181825707438,118.3493649595788,119.71283693807615,1359974
2022-10-11,115.62242889404297,119.57650344954035,115.34973864071812,118.80386372767599,1998787
2022-10-12,116.8041000366211,118.62206268310547,114.25894955755211,116.349609375,1492451
2022-10-13,117.0313491821289,118.8947637295052,115.62242531118805,117.53129170019885,1775305
2022-10-14,118.25848388671875,121.167221548423,117.0768053107265,118.16758020012118,2943083
2022-10-17,118.66752624511719,119.4401521242197,117.34950597021415,118.57662255583189,1117077
2022-10-18,119.21290588378906,120.34913264162142,118.71297720630726,118.71297720630726,1191668
2022-10-19,117.71308898925781,120.62182663816736,117.30405014127845,119.30380640803156,1456564
2022-10-20,117.53128814697266,118.66751480371069,117.1676872948439,117.71308163805988,1047216
2022-10-21,116.07691192626953,118.71296607933648,115.62242126573602,118.71296607933648,870538
2022-10-24,117.84942626953125,118.12212344803629,116.34961259268553,117.66763277384612,295321
2022-10-25,116.30416107177734,118.25847929815345,115.89512223786991,118.16757561508305,1110558
2022-10-27,113.71356964111328,115.84967450444594,112.35009756643572,115.44063565603372,2217831
2022-10-28,111.71380615234375,113.71356229197183,111.3956640758089,113.71356229197183,1346787
2022-10-31,111.85015106201172,114.07715245954189,109.57769782576587,111.80469922329604,3574870
2022-11-01,112.62278747558594,113.84991087648072,111.85015473687271,111.98649638754547,1475608
2022-11-02,112.98638153076172,114.16805309289532,111.75925119338628,111.80470303365098,1543744
2022-11-03,113.80445861816406,115.34973102489046,112.89547729714046,112.98638097722451,1334912
2022-11-04,116.30416107177734,117.07680076801168,113.80446235684289,113.80446235684289,1919935
2022-11-07,116.25872039794922,117.98578641450543,115.94057830055198,117.25859853333094,1235130
2022-11-09,118.21302795410156,120.34912581569857,116.34961340295393,117.62218175156684,2628822
2022-11-10,116.21326446533203,121.53080398749664,115.48608354472391,119.07655711110601,4009363
2022-11-11,115.89512634277344,117.71308910893458,115.07704171100539,117.21314657424924,1012010
2022-11-14,113.62267303466797,116.25872043606779,113.30453093716642,115.89512649536132,1385229
2022-11-15,112.07740020751953,114.440750266811,111.25931562757863,114.440750266811,1289499
2022-11-16,110.75936889648438,112.94092538138989,110.48667867023174,112.25918941329297,1163431
2022-11-17,109.71404266357422,111.48656040039522,109.12321035294434,110.75937256965166,1017928
2022-11-18,108.57781982421875,110.80482829969336,108.21423283105972,110.07764044342055,1148836
2022-11-21,111.16841888427734,112.53189087254741,107.6688352330691,109.03230722133917,1816457
2022-11-22,109.71404266357422,111.71380573063044,108.80506134263332,111.25931507016,1011163
2022-11-23,117.30404663085938,118.34936964107506,109.71404676900802,109.9867439494853,10338186
2022-11-24,118.30391693115234,119.44014361650707,115.94057374758731,118.16757527689164,4984250
2022-11-25,120.3036880493164,121.57625640010193,116.89500796333225,118.16757631411775,3077542
2022-11-28,122.3488998413086,124.03050707983068,120.07644638117995,120.07644638117995,3963160
2022-11-29,119.21290588378906,122.30345098706641,118.66752536200285,122.257999142762,2535981
2022-11-30,120.48548126220703,120.98542378096236,118.75840836741177,119.84919708831605,1909452
2022-12-01,118.98564910888672,122.25798740526204,118.62206212926911,120.80361174688318,2103069
2022-12-02,119.44013977050781,120.25823127959328,118.66751397131812,119.16745647076687,1510564
2022-12-05,121.34901428222656,122.57614469373677,119.71284502353136,120.07644589766093,1555166
2022-12-06,120.21278381347656,122.43978535209823,119.34925430298507,120.89451982754166,2410934
2022-12-07,120.03099060058594,121.71259778394592,118.4402732306765,120.44002943600027,2716850
2022-12-08,124.57589721679688,125.30308507327045,120.84906812109149,120.84906812109149,7605592
2022-12-09,121.66715240478516,126.21205889924924,121.3035515632557,125.43941924720879,2312490
2022-12-12,123.07606506347656,123.62145940294181,120.21277945616953,121.3035542651458,1538864
2022-12-13,125.4394302368164,127.16648930803692,122.07620191025511,124.12141001194233,3609533
2022-12-14,127.57554626464844,129.0753600410873,124.34865948963015,125.98482879935335,4363465
2022-12-15,135.34732055664062,137.5288841684128,126.98469471973486,127.71188259032557,17217844
2022-12-16,133.80206298828125,138.52876362437036,131.8477584724804,135.07464530527636,10716946
2022-12-19,130.6660614013672,135.34730953141724,129.57528661931175,134.0292894251855,3534049
2022-12-20,131.25689697265625,132.4385754618606,127.39372636522751,129.98432867348495,4299364
2022-12-21,122.21253967285156,132.1658826764205,121.43991384770784,131.25690132687166,4443925
2022-12-22,118.39481353759766,123.89415314001427,116.53139911099979,123.16696533085975,3456252
2022-12-23,110.75936889648438,117.80398083512944,110.07763292838744,116.80409586727245,3219459
2022-12-26,114.07715606689453,114.84978880465496,109.98674011230469,111.35021209716797,3140923
2022-12-27,115.75877380371094,116.34961306957534,113.30452692701552,114.89524429320112,2487620
2022-12-28,127.57554626464844,129.39350908212856,115.12249680392307,116.12237496654157,12163353
2022-12-29,125.12126922607422,127.1664771319342,123.34875848165301,127.1664771319342,5592724
2022-12-30,127.0301513671875,130.57517329921984,125.53033759670203,125.80302092227718,5013108
2023-01-02,129.0753631591797,129.7116473866774,125.98483184278733,127.89368452528052,3950256
2023-01-03,127.07559967041016,129.6207503078488,125.7121276007061,129.43894293592413,2255273
2023-01-04,127.80278778076172,131.71139662506042,127.07559990160551,127.16648971777806,6629319
2023-01-05,126.21206665039062,128.80265518936028,125.39397510917279,128.30271267027516,2703468
2023-01-06,131.93862915039062,133.12030760545534,124.53043715933163,126.62109690753014,10991930
2023-01-09,131.34780883789062,135.71092221687732,130.57516912027396,133.02942993154807,5238910
2023-01-10,127.98457336425781,131.25689781305908,127.71187619270246,131.25689781305908,2158404
2023-01-11,129.80255126953125,130.89332621398998,127.34830417701012,128.03004025104133,2302587
2023-01-12,127.30284118652344,129.80253990579845,126.89380235190575,129.0753520498366,1773175
2023-01-13,127.16648864746094,128.52996070816977,126.43931464438027,127.48463767627503,2056074
2023-01-16,123.75780487060547,127.75733112017123,122.75793371068,127.75733112017123,1724654
2023-01-17,123.71236419677734,125.80301015365906,122.34889220579134,123.84870584789421,2496915
2023-01-18,121.84894561767578,125.6212124516509,121.48534477696064,124.21228866753174,2362587
2023-01-19,118.12212371826172,122.21253979533087,117.57674322995864,121.71259727858704,3714592
2023-01-20,114.71343994140625,118.84930772613447,114.34985296097148,118.62206239587418,3546324
2023-01-23,118.21302795410156,118.71297047318333,115.53152879671894,115.53152879671894,2570329
2023-01-24,116.39506530761719,119.03110568972131,115.44063211066405,118.16757617627029,1007443
2023-01-25,115.57698822021484,116.57686638899231,114.71345171560598,116.07692383711466,1126220
2023-01-27,113.89537048339844,117.89488303534765,111.71381376916766,115.94057860268148,2281063
2023-01-30,114.16805267333984,116.25871248824448,112.80458069013521,113.62266526705342,1251706
2023-01-31,117.80398559570312,118.62206324249723,114.30440193673584,114.53164726861802,2555322
2023-02-01,113.62267303466797,120.25823991388361,111.62291676324885,119.53105203247071,3438499
2023-02-02,113.84991455078125,116.07691609335248,112.57733926860737,113.12272669383121,1546783
2023-02-03,111.98650360107422,114.80435143609121,109.35046313860427,113.98626680447265,1681004
2023-02-06,114.25895690917969,115.2133901339848,112.25920064336981,112.25920064336981,1003586
2023-02-07,117.12224578857422,119.39469903344407,114.30439821695403,114.53164354144101,2747589
2023-02-08,119.25834655761719,121.80349703075821,118.44026891658633,119.07655306738302,3464863
2023-02-09,115.8042221069336,119.80374132099125,114.98613752803908,119.30379881861762,1857534
2023-02-10,116.71319580078125,118.12211961909128,115.03158868275992,115.84966632180227,1148066
2023-02-13,114.39530181884766,117.167690782834,113.53177230801103,116.34961311361081,1028697
2023-02-14,115.53152465820312,117.25859055728255,112.30464512555875,114.25894942019842,1929972
2023-02-15,116.44051361083984,117.53128842994366,114.62254402070485,114.62254402070485,1274776
2023-02-16,116.66776275634766,117.39493674621703,116.03147164525716,117.16769140689415,766549
2023-02-17,116.71319580078125,118.44026862869342,115.80422141684275,116.16781533140441,841260
2023-02-20,119.21290588378906,120.7127335261011,117.5767504484749,117.5767504484749,3009040
2023-02-21,118.07666778564453,120.66727009267807,117.66762896610088,119.21289443435148,1310561
2023-02-22,115.84967041015625,118.80385980088577,115.48608341774064,117.9403302914327,1109163
2023-02-23,116.7586441040039,117.71307723394558,115.6678693283365,115.9405664897418,988074
2023-02-24,117.34949493408203,119.0765539084364,115.7133257705096,117.3040430937139,2050516
2023-02-27,114.94068908691406,117.25859430649858,113.8499142394492,116.34961295528541,936654
2023-02-28,113.75901794433594,116.62231059905513,113.07728192821125,115.07703813485273,1231042
2023-03-01,116.0314712524414,116.53140683627281,113.8499146153318,114.34985713414056,1168674
2023-03-02,115.98602294921875,117.25859827093763,115.62242900944514,116.34961688899237,566869
2023-03-03,117.07679748535156,118.03123065101113,116.34960965104169,116.34960965104169,1084264
2023-03-06,118.62206268310547,119.94008282781579,116.8041000366211,116.8041000366211,1859029
2023-03-08,117.80398559570312,118.48572159134966,116.7586487470725,117.84942356611609,1384801
2023-03-09,116.349609375,119.21289499523118,115.80422196805011,117.75853320001625,1366009
2023-03-10,115.16792297363281,116.71318834305936,114.80433601728068,115.44062012587356,1124075
2023-03-13,113.89537048339844,115.89512675937304,112.66824006384651,115.16793887630357,1288343
2023-03-14,111.62291717529297,114.44075808995898,110.89572929119572,114.16806089967811,1228375
2023-03-15,113.07727813720703,114.71344036006624,112.16829681284841,112.39554214393806,1276448
2023-03-16,111.12297058105469,113.16817862855876,110.48668640693326,113.16817862855876,1278126
2023-03-17,112.7591323852539,114.39529455478186,110.9411697957938,111.94104783300148,6098694
2023-03-20,111.39566802978516,113.57721773773066,110.94117735146693,112.7591400647398,889077
2023-03-21,113.62267303466797,114.62255117037753,111.57746492004395,112.16830420681974,740684
2023-03-22,113.94081115722656,115.25883827943454,113.07728164627925,113.71356581908492,874577
2023-03-23,112.71368408203125,115.21338272094727,112.25919342041016,113.71356215060223,842585
2023-03-24,111.30476379394531,113.12272649819907,110.94117680107645,112.80458441195013,559776
2023-03-27,108.16877746582031,111.304760257015,107.94153213500977,111.304760257015,1209926
2023-03-28,106.12356567382812,108.44147073876758,105.44182970590202,108.44147073876758,1900494
2023-03-29,108.57781982421875,109.71404651528415,105.66908226908227,106.12357294550843,1455029
2023-03-31,108.16877746582031,110.80482469021808,107.8960802948568,109.25955227972008,1876287
2023-04-03,110.07763671875,111.2593152114648,108.48691940508317,108.98686190622645,1051052
2023-04-05,111.12297058105469,111.71380984844023,109.80495039109857,110.57758315538241,790182
2023-04-06,111.94105529785156,112.25919738522717,110.62302817161348,110.85027351044997,759464
2023-04-10,113.12271881103516,113.84990661731213,112.39553793973506,112.7136800043649,850256
2023-04-11,112.48643493652344,113.62266155204388,111.89559570945744,113.62266155204388,707501
2023-04-12,115.98602294921875,117.89488246430827,112.12285207595143,112.80458811241037,3880448
2023-04-13,116.53141021728516,118.71297385266746,115.98602277592836,116.30416487213836,2120352
2023-04-17,115.486083984375,117.84942718658158,115.16793496198432,116.48595515340114,1241812
2023-04-18,114.21350860595703,115.89512272516991,113.71356608687712,115.2133867091395,774494
2023-04-19,114.03170776367188,115.34973488424068,113.53177218136841,114.48619843938994,764716
2023-04-20,113.84991455078125,114.80434774615598,113.16817853550711,114.53165056605539,679548
2023-04-21,112.16829681396484,114.34985337944266,111.03207015850528,113.8499108770496,1412873
2023-04-24,112.48643493652344,113.16817090583571,111.7592471285996,112.98637742134319,624712
2023-04-25,116.16781616210938,116.80410031590945,112.16829694328514,112.16829694328514,1830833
2023-04-26,139.3468475341797,139.39229937691178,123.16697628835985,123.16697628835985,49904701
2023-04-27,138.4378662109375,141.6193010239993,133.89295933513492,141.6193010239993,23932704
2023-04-28,144.4825897216797,149.70923273426294,138.84690785601578,139.52864390113533,24204527
2023-05-02,147.98216247558594,150.25461578795688,145.66425732297674,146.1641998256892,8923437
2023-05-03,155.34490966796875,157.5264732650633,147.57313009631198,148.34575593427795,14107087
2023-05-04,160.25341796875,163.3439490722835,156.02664628514555,156.34479531196,10422901
2023-05-05,154.79953002929688,162.79856885640996,152.89066360500166,160.25341824733465,6762100
2023-05-08,158.9808349609375,159.98072000897554,155.43581319053874,155.57215484710989,5271197
2023-05-09,153.9359893798828,158.88993471267597,153.2088015626944,158.16274689548754,3727547
2023-05-10,153.11790466308594,154.16324153093365,149.11839229641572,153.57239533520547,3358190
2023-05-11,159.8898162841797,161.16239851499301,154.61773547209052,154.61773547209052,7372900
2023-05-12,158.43545532226562,163.07125198019054,156.34479540047755,160.25341805948048,4832165
2023-05-15,156.79928588867188,159.07173930734828,155.66305917933366,159.07173930734828,2269757
2023-05-16,155.6175994873047,159.66256359452157,154.9358634960899,157.25376864021104,2881262
2023-05-17,164.11659240722656,165.98000702695637,152.89066671540363,156.16300526078064,10400976
2023-05-18,156.8901824951172,166.70716972493045,155.25401333349686,165.84364023878356,6650082
2023-05-19,152.75433349609375,157.16288515033077,150.5273317460198,157.16288515033077,4464622
2023-05-22,151.5726318359375,154.25412389802477,149.80012107421567,152.75431030040335,2557928
2023-05-23,151.5726318359375,154.2086720590157,150.7091023745811,152.43616129729386,2492003
2023-05-24,147.4822235107422,151.4362979171014,146.93682915470828,151.4362979171014,3312041
2023-05-25,148.9365997314453,154.07233881047944,146.4369010191809,148.07305635306295,4815633
2023-05-26,144.5280303955078,149.07293701171875,144.02808789373375,149.07293701171875,4552130
2023-05-29,145.16432189941406,146.11875511114505,141.61930010721898,145.20977374186887,3874534
2023-05-30,145.709716796875,147.3913240141555,145.0279807674479,145.89151029739787,1594085
2023-05-31,143.02821350097656,145.66425373033013,141.8465350336976,145.48246024381504,3060997
2023-06-01,144.39169311523438,146.4369011544306,143.7553950737429,144.07354409448865,1629059
2023-06-02,145.709716796875,146.25509729844364,144.3462447380208,145.16432242535132,1372429
2023-06-05,147.16407775878906,149.25473767673046,146.02785105012035,146.8459426023348,2145109
2023-06-06,145.89149475097656,147.93670262131735,145.0279653130456,147.25496666453708,1671056
2023-06-07,145.98240661621094,147.52767209761228,145.61880576355782,146.07329642690846,1390840
2023-06-08,145.25521850585938,147.0277293155803,144.25533350039922,146.34599332184501,1242139
2023-06-09,143.4827117919922,145.89150682396993,143.25546645426013,145.89150682396993,1066143
2023-06-12,144.3462371826172,145.20976666736811,141.30114419591445,144.43712699314375,2345001
2023-06-13,143.16456604003906,144.98252878340463,142.43737816870183,144.93707694082948,1705423
2023-06-14,148.30030822753906,150.20917469448284,142.89187173113876,144.07355031210608,7086189
2023-06-15,145.4824676513672,148.93659955084408,144.9825251355296,148.80024402654948,2092418
2023-06-16,145.80059814453125,147.52767097408343,145.43701116460144,146.89138682422913,1691671
2023-06-19,145.34609985351562,147.70945670883845,144.8461712498485,146.75502359919062,1309329
2023-06-20,147.93670654296875,148.98202948976086,144.84617567161948,145.43700796851,2892965
2023-06-21,148.80023193359375,151.34538227741487,148.39119313386172,148.52753477712122,3809091
2023-06-22,148.07305908203125,151.75443639102258,146.80049071667978,149.9819255000134,3293404
2023-06-23,146.43690490722656,149.07294534398577,145.43701984779096,149.07294534398577,1269125
2023-06-26,148.572998046875,149.43652755052142,146.16420303092113,146.80048719834718,1346053
2023-06-27,147.61856079101562,149.84557612054147,147.25497381106877,148.61844579080088,1475790
2023-06-28,147.34588623046875,149.25473879333978,146.80049185824558,148.39120926228227,899376
2023-06-30,148.98202514648438,150.52730440706335,147.80036058715245,148.1639475484925,2149468
2023-07-03,148.7548065185547,150.80001475045023,148.34576764616676,149.4365425958532,1251822
2023-07-04,147.6640167236328,150.30007094614797,146.98228071487185,148.75479156365944,1310328
2023-07-05,151.25450134277344,152.84521881307887,147.39133034346028,147.75493123007487,3824042
2023-07-06,152.6634063720703,154.98131145819244,150.8908956132548,151.0272372601045,5452954
2023-07-07,151.708984375,154.0723414736096,150.5727576679675,152.4361722414918,2121961
2023-07-10,152.34527587890625,154.4359218340235,151.1181455400728,152.02712686662963,2374077
2023-07-11,152.29981994628906,153.75418170772866,151.9816709425611,153.52693638219554,1835333
2023-07-12,152.84521484375,153.52695088474792,151.89079548231715,152.98157037392275,1704975
2023-07-13,152.9361114501953,156.0266424783244,151.11814875836535,153.61784745963155,3166092
2023-07-14,153.5269317626953,154.11777791327572,152.29981536371176,153.34513828172962,1254212
2023-07-17,153.9359893798828,157.07197210468186,153.1178978843131,154.89040865311654,2841316
2023-07-18,151.93621826171875,155.11765280155691,151.48172761317042,154.52682050642568,1302191
2023-07-19,152.52706909179688,154.98131589502935,151.98167474887666,153.11790140499855,1778324
2023-07-20,152.20892333984375,154.43592485954585,151.79988450887063,152.52707235835317,1379634
2023-07-21,152.0725860595703,152.61796655990065,151.209056531581,151.93623053202148,832535
2023-07-24,152.25436401367188,153.7996294117602,151.7089696990743,152.07257053212388,1118936
2023-07-25,152.84521484375,154.16324895231017,151.07270391114648,152.29983433292483,1335025
2023-07-26,154.29959106445312,155.70851499396645,152.84521529141577,153.57240317793446,2411609
2023-07-27,152.52706909179688,156.6174850538358,152.0725784293481,154.29957990135622,1991677
2023-07-28,148.39120483398438,152.48162089372667,145.9369579721299,151.8907885664124,3311998
2023-07-31,149.6637725830078,151.39084545675024,148.39120425073827,149.02748841687304,1595085
2023-08-01,152.75433349609375,153.57241124266588,150.2546345405104,150.436428054198,2413889
2023-08-02,150.20916748046875,154.89041586606885,149.30018613414217,152.66341434155962,2421324
2023-08-03,149.07293701171875,151.11814498901367,148.43665285944007,149.34563418268226,1195092
2023-08-04,149.11839294433594,150.20916778817136,148.25486343754767,149.25473459858236,970627
2023-08-07,143.70994567871094,149.66376195691808,143.16455136362995,149.43651663729327,2945459
2023-08-08,142.301025390625,144.98251745354938,141.43749592899903,143.70994918062206,2147536
2023-08-09,136.9834747314453,137.3925135293023,132.84760717543915,136.80168125128148,5568459
2023-08-10,137.8015899658203,139.30140377330915,136.43811782448287,136.43811782448287,1356568
2023-08-11,139.1195831298828,139.71041539458585,137.21071695630616,138.2560537161041,1333288
2023-08-14,137.9379119873047,139.11959044883085,136.34719471562244,139.11959044883085,697958
2023-08-16,136.8016815185547,138.89234121940703,136.02904188890702,138.89234121940703,1364365
2023-08-17,138.75599670410156,140.25582424465236,137.16527935106424,137.2107311922848,1103746
2023-08-18,137.71067810058594,139.84678987653083,136.89260041232686,138.66511131685823,928238
2023-08-21,141.9374237060547,143.52814097275058,137.7106662311014,137.7106662311014,3348600
2023-08-22,146.93682861328125,147.7094683031565,143.1191097449752,143.1191097449752,3021108
2023-08-23,148.7548065185547,150.61822123716183,147.80038710630154,148.02763246540107,3627429
2023-08-24,150.43643188476562,152.4816401732292,149.7546957886111,149.98194115399593,1948564
2023-08-25,149.75466918945312,151.98167060067726,148.3002935613312,150.79999213657243,1988699
2023-08-28,155.79940795898438,156.52659586019587,150.75457223485745,151.8453471516969,6025382
2023-08-29,157.6173553466797,159.88980864677572,156.66293605660272,157.34467204663153,4897144
2023-08-30,158.48089599609375,160.98059458360342,157.6628045000273,159.02627645685075,3371037
2023-08-31,159.3444366455078,160.6170050132139,157.79917109330611,158.93539780374192,2305994
2023-09-01,161.43508911132812,162.9803545921666,159.98071344115408,160.16250693243725,2895287
2023-09-04,170.252197265625,170.8884813904284,162.70764983450366,163.6166311184953,10417619
2023-09-05,173.70632934570312,175.251594758296,171.29752061523294,172.70644438287343,7726177
2023-09-06,171.75201416015625,175.8424300172807,170.93393653671293,174.38806825671992,6144166
2023-09-07,168.1048583984375,172.6637970522664,167.76894538990905,172.56782818341316,6721943
2023-09-08,166.2812957763672,169.59252211390384,164.8416308778705,168.77672079177293,3098539
2023-09-11,167.72096252441406,168.92068328639127,163.4979513002658,167.62497900544435,3135953
2023-09-12,159.0349884033203,168.92069085388903,158.45913119879066,168.92069085388903,3151431
2023-09-13,161.146484375,162.39419687698316,156.73152082686616,159.08297055462563,1825273
2023-09-14,162.87408447265625,164.93761292916997,161.24246719787394,162.25023554686635,2264467
2023-09-15,165.89739990234375,167.38504199464367,163.1620305903178,163.83387131668383,2583593
2023-09-18,165.321533203125,168.2008632443986,164.84164486291274,166.42527052760124,1420911
2023-09-20,163.49794006347656,165.03357374624997,162.20223587158003,164.74563785415876,1203896
2023-09-21,161.43441772460938,164.69766688155678,160.85856056399163,164.12179507591068,1196001
2023-09-22,160.95452880859375,162.8740819599068,159.32291155898332,162.34620191429005,1033949
2023-09-25,168.8726806640625,170.12039310526467,161.48240417467295,161.48240417467295,5535585
2023-09-26,167.86492919921875,169.54453832643517,165.56147111133367,169.54453832643517,1842504
2023-09-27,166.32928466796875,167.96090192913178,165.80140461861436,167.9129101710035,991225
2023-09-28,166.2812957763672,167.33705589327624,165.12956678657557,166.9531364666599,978205
2023-09-29,166.47325134277344,168.48878809712826,165.897394159407,167.57700323969306,1521281
2023-10-03,166.32928466796875,167.28906125042093,164.88961979429047,166.32928466796875,875497
2023-10-04,164.6016845703125,166.32928535486667,162.73012315580735,165.46547764007533,1233487
2023-10-05,165.41751098632812,167.6729773200041,164.69767850100038,165.1775668245522,691277
2023-10-06,165.80140686035156,166.18531164051169,164.55369435728818,165.6094544702715,604950
2023-10-09,160.81056213378906,163.1620117267275,159.51485794735984,163.1620117267275,967408
2023-10-10,165.65744018554688,166.47324147488231,161.05050976655187,161.72235042983635,1115647
2023-10-11,167.1450958251953,169.68851270558355,166.28130270810001,167.62498414469923,2467464
2023-10-12,168.1048583984375,169.78446737616395,167.33704886749928,168.3448025381127,1504920
2023-10-13,179.3342742919922,183.31734156216348,166.80918598400075,167.3370660745731,19770112
2023-10-16,196.7062225341797,205.63214835563556,179.62219514435552,180.1500752336676,60017434
2023-10-17,199.5375518798828,205.29621155485813,197.33007738716537,199.10565533326545,14532672
2023-10-18,197.9059295654297,206.83185476503797,195.31453570619595,200.2094021642152,11841865
2023-10-19,199.10565185546875,199.92146781985187,194.35476063560415,196.658218607348,5780072
2023-10-20,194.6427001953125,204.33643520706093,192.86710760188345,199.10565559118814,7091502
2023-10-23,182.1656036376953,206.35197129804135,180.43800280945013,196.8021969506959,14558060
2023-10-25,185.28488159179688,191.8593427288411,179.52622180429753,184.66101799446696,9827164
2023-10-26,182.741455078125,185.6687765777988,177.31872325604616,184.13314283594076,4935403
2023-10-27,187.2044219970703,188.93202274367408,183.12537159440805,184.18111702925668,4264992
2023-10-30,192.38722229003906,195.1225915397907,182.88543952411186,187.63633090707546,6832027
2023-10-31,192.14727783203125,199.00968950337148,190.99554880842348,193.49097389709792,7308627
2023-11-01,190.46766662597656,196.37030160479608,189.36392937495197,193.01108344685989,2994248
2023-11-02,187.92425537109375,193.34698713462382,187.15643118594065,192.19525817940828,2801004
2023-11-03,186.4365997314453,189.8438095023899,185.76475905781513,189.4119129725582,2952330
2023-11-06,184.277099609375,189.6998313179938,183.41330656296728,187.732301085062,2626909
2023-11-07,178.85438537597656,185.04494186683044,177.55868103473827,184.757005941552,3658976
2023-11-08,179.0943145751953,186.00470297932858,178.326490386952,184.613029875966,5608759
2023-11-09,174.96726989746094,180.67793750308127,174.2954292341576,180.43799336297093,2962413
2023-11-10,173.67156982421875,175.5431312327029,171.89599193207877,174.67933816571897,4089185
2023-11-13,174.19944763183594,176.11900077378453,173.71955934634877,176.0710090162302,1602320
2023-11-15,174.67933654785156,177.03078622622084,173.71955997341283,176.07100965178208,3363242
2023-11-16,173.38363647460938,175.83106972715888,172.37588276329075,174.8233013708116,2946908
2023-11-17,177.8466033935547,180.1500613300113,172.95173697229887,173.43162526281301,5436457
2023-11-20,175.83106994628906,179.38224043234115,175.2552127741077,177.79861490255655,1805808
2023-11-21,174.00750732421875,176.9828061137327,173.71957140393567,176.310965396425,1674307
2023-11-22,173.23968505859375,175.6391266799039,171.99197248650657,174.58336650851567,1994325
2023-11-23,175.30319213867188,177.7986171852483,173.76755834811078,173.76755834811078,2203337
2023-11-24,174.96726989746094,176.45492649515063,173.95950157999192,176.02301532692957,1374957
2023-11-28,178.75839233398438,180.1500654795251,175.49515774133522,175.59112661463152,3891779
2023-11-29,181.3977813720703,184.75699954562717,178.9983398195297,180.34202123094084,5567465
2023-11-30,185.42884826660156,187.06046566385098,182.35756587559743,182.35756587559743,6217034
2023-12-01,185.90872192382812,189.55587588247124,185.3328647587972,187.1084426572615,4405398
2023-12-04,206.639892578125,210.8629035081126,188.59609064585214,189.55586718857913,33489591
2023-12-05,204.81631469726562,210.86291003254232,202.41687326620567,207.21575612832555,10803382
2023-12-06,215.0859375,219.06900445017362,204.3364280847793,206.06402885829894,19572150
2023-12-07,217.389404296875,225.4035449269789,215.27789866317386,216.90951598716887,9258364
2023-12-08,214.03018188476562,222.18828298799662,209.7111871830551,218.44516010452563,6226041
2023-12-11,212.8784637451172,215.90175433241987,210.28706972099639,215.3738742462956,3159825
2023-12-12,219.88482666015625,222.4762205716821,207.31174724252844,213.83823110324343,11871337
2023-12-13,222.9561004638672,225.54749427762573,219.64487422156301,221.66039623447378,6925322
2023-12-14,221.1325225830078,226.3153250053614,219.9807935930499,224.77967658873175,3075787
2023-12-15,223.3400115966797,229.0027023162347,220.2687294097327,222.28426612508815,6260860
2023-12-18,221.32449340820312,225.4515211391263,220.26873327306575,223.38800727366473,2844054
2023-12-19,221.61241149902344,224.8756607321815,218.10923276044255,222.66817161902168,2989149
2023-12-20,205.9680633544922,226.02738835238216,203.95252664493083,222.66817026646567,5534929
2023-12-21,214.7020263671875,215.90174713884704,200.59331302147697,203.47264287345988,4156094
2023-12-22,215.0859375,218.73307678906232,211.7267194690006,215.94973056424564,2978664
2023-12-26,222.23626708984375,223.29201252686883,213.07039794301906,215.94972764495174,4758384
2023-12-27,222.1882781982422,226.41128929086696,219.35694021716228,224.2997837445546,3431242
2023-12-28,235.5291748046875,236.92086260857087,218.82906760837565,223.10007060418246,13144431
2023-12-29,231.6900634765625,236.96883473314975,229.14666136549098,236.8728658609562,4506407
2024-01-01,262.7388610839844,272.4326112230857,231.1622147788434,232.26595208154967,34305864
2024-01-02,275.0239562988281,281.40649373296213,260.0994427919192,263.89057184752846,33329731
2024-01-03,273.4403381347656,279.2949810526433,270.12912655198977,275.4558747838784,8465472
2024-01-04,279.9188232421875,291.19619763590373,273.24839383440576,275.4558681699195,12082480
2024-01-05,273.0084533691406,281.55045886888206,271.3768215061317,281.2625083277332,5170753
2024-01-08,262.8348083496094,276.03173562461205,261.15519942369997,273.53631079096414,4215580
2024-01-09,279.5829162597656,293.643667102884,268.737452225269,268.737452225269,24034459
2024-01-10,277.32745361328125,285.05364334135936,273.8242456755256,281.1185535180296,6552338
2024-01-11,278.43121337890625,283.7099849796126,276.0317717422215,279.29500651010096,5115887
2024-01-12,275.6478576660156,282.17432698223456,273.53633738073756,279.72690831116694,3189088
2024-01-15,272.5765686035156,278.04730722460977,266.7699315869643,277.1834848075515,3680425
2024-01-16,273.3923645019531,281.694426055808,267.63370502551413,272.57654855144625,7156500
2024-01-17,270.656982421875,277.4714016671035,267.92161344364285,272.57653548869683,4742512
2024-01-18,272.28863525390625,278.143249127398,261.5391255342727,271.42481287514147,5433777
2024-01-19,285.43756103515625,287.7890254710458,275.16796877140723,275.16796877140723,12879910
2024-01-23,279.24700927734375,309.28800468855707,276.75158429694216,307.5124121473065,11454779
2024-01-24,286.2533874511719,289.1806945338945,272.1926653086483,281.9823696189447,7477547
2024-01-25,294.74737548828125,297.24280030115614,280.7346324221884,287.54905158002,9492090
2024-01-29,297.5307312011719,304.92102236961045,295.89909934630435,297.5307312011719,4941608
2024-01-30,289.2766418457031,299.8821901334923,288.4608259327877,299.8821901334923,4506059
2024-01-31,287.35711669921875,291.38819025472225,283.80596074799735,290.7643413042429,4825263
2024-02-01,277.0875244140625,290.71633496719124,275.45589242929424,289.0367258670126,5413205
2024-02-02,273.10443115234375,282.8941645948031,271.61678907660485,281.0225884310787,6574543
2024-02-05,262.30694580078125,279.4869712070354,258.4678392143663,275.6958417369271,6795058
2024-02-06,273.5363464355469,276.41567639802633,268.97740732828777,273.5363464355469,7572407
2024-02-07,257.6040344238281,262.30693392118553,255.300576434312,257.220129640585,10233010
2024-02-08,246.80654907226562,260.5793492652936,244.64705170266373,257.93996359133575,8758243
2024-02-09,244.45509338378906,251.17354412693123,239.41626631020378,249.3019680692911,5754044
2024-02-12,221.51644897460938,247.47840972655098,218.30119140839682,247.28644268466493,6458873
2024-02-13,224.49172973632812,227.94693118279432,213.07039462139088,218.1572132778441,5954377
2024-02-14,227.6110076904297,228.66676777531546,217.48537659415604,220.7486110737568,3327948
2024-02-15,231.59410095214844,235.19326327119853,227.99493863309837,230.34638841920528,5149593
2024-02-16,232.36192321777344,238.1685599942186,231.4501237219413,234.18549291938004,3537955
2024-02-19,230.39437866210938,235.0492864437467,229.43460205001563,233.22571673878014,2996654
2024-02-20,227.7069854736328,235.76910259972502,227.03514482062977,230.44235448696475,3100942
2024-02-21,218.01324462890625,230.05844365569234,217.10145980549032,228.47481815423455,4863297
2024-02-22,220.98855590820312,223.38799734043116,213.26235156742317,219.5968828065165,3212041
2024-02-23,221.80438232421875,227.03516196440737,219.021021344419,222.90811957713808,3855383
2024-02-26,214.41407775878906,225.21156406446946,213.45430119828413,225.1635869524667,4214252
2024-02-27,213.7902374267578,218.20521564015914,212.7824690688044,214.7020222668,3575833
2024-02-28,210.0950927734375,216.42962421832686,208.3675066021302,214.51007101018206,2550399
2024-02-29,208.55946350097656,213.31035486479752,206.92784616779946,210.28706435464665,4704712
2024-03-01,211.00689697265625,214.3181234016014,210.33504161878787,211.8226983173079,2657309
2024-03-04,211.91867065429688,217.9172742470644,211.19883822316478,217.86928248931662,2335346
2024-03-05,208.7514190673828,212.9264533067422,208.27153074768768,211.77470962345043,1820091
2024-03-06,203.90452575683594,209.42324093661279,201.9849726508266,208.65541676520346,3256794
2024-03-07,207.79164123535156,212.11063608781845,205.05627197077752,205.2962161292479,3393755
2024-03-11,199.34559631347656,208.79940165409974,198.62576386556196,208.2715215966233,3747181
2024-03-12,195.1705780029297,200.64130170891798,194.35476203268226,200.49732643150617,4059707
2024-03-13,181.73370361328125,198.28984983075367,179.95811105948292,196.75420142503467,5431711
2024-03-14,189.07598876953125,191.3794467340928,180.4379994348826,182.35755262036008,4602154
2024-03-15,200.2573699951172,205.2961968497969,183.17335923241583,188.78804322632797,6104596
2024-03-18,195.31454467773438,203.37666253123606,194.45075156665533,200.8812520742137,2568700
2024-03-19,191.23548889160156,197.47403683536774,190.03576813318497,195.7464360142421,2945833
2024-03-20,186.05270385742188,194.45074929200965,184.9009601960838,191.9553242191491,3935240
2024-03-21,191.955322265625,193.77889196913688,188.69208764512092,188.69208764512092,3068208
2024-03-22,192.38722229003906,195.89041577174106,191.95532573613858,192.24326165374862,2535584
2024-03-26,189.26792907714844,193.77887584605836,188.6440801897031,192.81909931458696,2739106
2024-03-27,189.21995544433594,195.69844765225298,188.11621818544316,190.0357714322334,4516394
2024-03-28,187.78028869628906,194.11482020755074,187.1564397551169,191.76337043194096,3550527
2024-04-01,204.9123077392578,205.68013196190017,190.08376193490747,190.08376193490747,6796460
2024-04-02,212.06263732910156,214.98995889484516,204.48040802966094,205.63213702330614,8011638
2024-04-03,227.1791229248047,228.61878785416977,210.4790156021813,211.91868053154639,14539244
2024-04-04,227.03515625,232.50587990704236,223.24404163253382,228.6187817721604,7086050
2024-04-05,231.9300079345703,233.03375980398545,225.54749944654134,226.89118081927526,6101189
2024-04-08,227.75498962402344,233.60961808453936,225.5954922786219,232.9377773949757,3278088
2024-04-09,225.3555450439453,231.78604523321087,222.71615943569964,227.7549865059868,3374799
2024-04-10,230.49034118652344,232.07398133986774,226.07537767953735,226.50727421407544,5015705
2024-04-12,225.69146728515625,230.77828632157772,224.73169066111558,230.4903504053597,2629350
2024-04-15,216.95750427246094,222.52421150490417,210.62297282777922,222.52421150490417,3825704
2024-04-16,217.53335571289062,220.4606772070463,214.65402597667747,215.32588129781658,1813671
2024-04-18,214.7020263671875,219.69286184828545,213.64628087514447,218.34918044203832,1631502
2024-04-19,213.69424438476562,215.4698368717871,207.31173614390207,213.07039548123268,2093619
2024-04-22,230.3463897705078,231.69007118615747,216.6695728778839,217.77331013752263,7179929
2024-04-23,228.7147674560547,234.5693959481604,227.94694324454102,232.2659379586481,3739845
2024-04-24,239.46426391601562,242.7274985282023,230.34638613163827,230.490346764959,11794653
2024-04-25,239.89614868164062,244.4070955928832,238.02458731522412,239.46425215785652,3490741
2024-04-26,239.89614868164062,244.16715145244447,236.15302594880762,241.33581352427302,4237168
2024-04-29,239.84817504882812,242.2476166345308,237.35276458671487,240.903935204549,2506424
2024-04-30,236.77688598632812,240.42404002144767,235.6731487464368,240.42404002144767,2528820
2024-05-02,236.87286376953125,237.88063211135116,232.93777391862622,236.77688025315663,2429476
2024-05-03,232.26593017578125,238.312525501925,231.06620946206337,238.02458960162707,1885460
2024-05-06,228.7147674560547,233.9455470141342,223.3880043796502,233.8975552549717,4427378
2024-05-07,217.96527099609375,228.1388941353807,216.71755849122053,226.65123748130222,2739974
2024-05-08,219.40493774414062,222.18828404041508,215.08594302197272,216.909512713321,1628105
2024-05-09,208.943359375,221.660399111004,207.40772562785807,220.26872599342812,2198963
2024-05-10,213.9342041015625,216.38163742714488,205.48818150783137,208.89537681449312,1872666
2024-05-13,212.44654846191406,214.8939669859636,207.93558689164107,214.03017393571412,1445154
2024-05-14,218.49313354492188,220.2687260837829,212.49452989340273,213.83822589836007,1724182
2024-05-15,224.4437713623047,225.49951687100975,219.30896052055144,219.30896052055144,2428253
2024-05-16,221.660400390625,225.69145913705748,220.74861555971017,225.5474985066604,1287443
2024-05-17,227.32308959960938,228.9067151039524,220.9405665340125,221.70839072961428,2218039
2024-05-21,231.5460968017578,235.14525892820998,225.54749325767082,230.77827261910903,2792677
2024-05-22,212.6385040283203,217.8692834554025,211.15084740171167,211.15084740171167,8668647
2024-05-23,213.3103485107422,217.3893990446934,212.11062776546243,214.98995755413387,2168983
2024-05-24,215.56582641601562,221.51643830205725,211.486775937959,213.50229797539345,4813002
2024-05-27,214.318115234375,219.836830620653,212.78246683409495,216.5256043178919,2234130
2024-05-28,210.57498168945312,216.23767245700841,209.80717211997947,215.9017447865921,1414971
2024-05-29,209.23129272460938,212.4945272118443,208.8473879537682,210.5749740675818,1408745
2024-05-30,205.05625915527344,209.2312931097406,203.56861718175435,209.2312931097406,1516572
2024-05-31,202.08096313476562,206.73587079038893,201.02520303203167,205.87207772090005,1905438
2024-06-03,210.23907470703125,214.03018948413452,208.367513198844,213.07041284967653,2263433
2024-06-04,190.94754028320312,209.71117462612514,180.24603768775293,209.71117462612514,4180709
2024-06-05,187.06045532226562,192.531193712109,185.23688562233707,191.81136125502738,5429661
2024-06-06,199.48956298828125,202.80078917690582,189.0759814994621,190.03575805529692,3550389
2024-06-07,201.31314086914062,202.70481400335422,198.76973874954433,201.4571015004277,2072845
2024-06-10,213.41592407226562,215.32588476693527,201.9849813205286,201.9849813205286,7930142
2024-06-11,212.68650817871094,215.79617510336095,209.42325883262131,214.65403856448103,3898096
2024-06-12,214.2797088623047,218.34916673654982,213.30074731849945,214.030172229673,2893545
2024-06-13,214.98036193847656,218.96342889695256,212.70568147983917,214.9899544320892,3450314
2024-06-14,215.28749084472656,217.6773398958053,213.35834511471802,215.94973905436458,1786874
2024-06-18,224.53973388671875,225.4323337450857,214.500478796238,215.28748799718934,8992813
2024-06-19,230.1736297607422,240.18409260472396,228.5803971001857,231.30615911184205,20781808
2024-06-20,252.09490966796875,263.6506274179701,227.83175989328325,231.59408217501948,76683475
2024-06-21,241.4989776611328,255.23337813723248,239.94414429252632,253.78413542294416,16067036
2024-06-24,233.20651245117188,238.1397635530658,228.70515788709378,235.14526526951218,9906732
2024-06-25,228.4652099609375,235.90347843319768,227.4670487646015,234.3774371904698,5718286
2024-06-26,233.08175659179688,236.77688776905822,227.85096232893773,229.38661076950666,6446170
2024-06-27,231.3157501220703,232.93777489843671,228.8107326424512,232.27552670974003,3091047
2024-06-28,232.64984130859375,235.71153099693643,230.44236685100614,232.33312791913573,4256860
2024-07-01,235.8555145263672,239.84817418029613,232.18916076707598,233.17772952520338,5410936
2024-07-02,232.7938232421875,237.1608098134319,231.69007133680205,237.1608098134319,2500241
2024-07-03,235.0012969970703,237.59269078472983,231.54609551683888,233.2257044998626,3414059
2024-07-04,233.95513916015625,239.94415042702514,232.74582591421438,235.38521156891164,5070624
2024-07-05,233.6864013671875,236.834467428764,232.72662477170618,234.18548929744583,2384599
2024-07-08,247.34400939941406,248.48614585051018,233.53283991380596,234.3198490786192,12663863
2024-07-09,248.0542755126953,256.2603537771774,245.87556387164952,250.40571062313302,11558312
2024-07-10,241.26864624023438,248.04466668869978,235.47158737872272,248.04466668869978,4852854
2024-07-11,242.54515075683594,244.8678083688184,239.8769583384125,241.9596864456937,3292620
2024-07-12,243.3513641357422,253.7649316417364,241.87329994455013,243.6393000498082,7669749
2024-07-15,243.82164001464844,248.1022500768075,240.16489352693372,247.0944963669865,3180028
2024-07-16,241.80612182617188,250.11779079593828,240.56800179621462,244.74303591393445,3482358
2024-07-18,238.1301727294922,243.49532040683084,235.24125043670105,242.8234797160688,5226666
2024-07-19,231.18138122558594,239.44505820405647,230.40396453533378,238.50448125184028,2116343
2024-07-22,237.54470825195312,246.65297880362382,227.07354204208036,231.3061603584675,8932915
2024-07-23,227.91815185546875,245.70281119749782,219.7888428290117,240.90392816629668,8847111
2024-07-24,227.38067626953125,232.21794385671697,226.12337127531364,229.252237697757,2903640
2024-07-25,224.07904052734375,226.9775699153734,222.07311097900114,226.12336934031185,1928646
2024-07-26,226.52647399902344,228.82993194813093,224.20381641758198,225.4035371504564,2059025
2024-07-29,228.4076385498047,232.12198407047634,227.5630450731259,228.42683818303325,2191537
2024-07-30,232.7554168701172,234.5693940495587,228.40763006470928,229.57855868265867,3114965
2024-07-31,236.22019958496094,239.36826549449836,232.64982965060275,234.0415173628606,3888896
2024-08-01,230.9318389892578,237.64068242463722,230.39436645815977,237.64068242463722,2050521
2024-08-02,227.37106323242188,231.296560528029,226.036974387933,227.46704674728855,1321150
2024-08-05,213.396728515625,223.15765490767507,211.23723113742733,217.83090642414388,3148156
2024-08-06,212.12982177734375,222.4762120388933,211.34279795967967,214.88437584911148,2388695
2024-08-07,217.2454376220703,220.70062456887518,214.35650070513975,215.8057727329778,1732655
2024-08-08,218.91543579101562,221.50682961822778,216.33363445735705,217.85008320543608,1877308
2024-08-09,221.9771270751953,223.25363168873952,217.86928446914152,221.70839080339954,2313961
2024-08-12,219.0882110595703,222.52421308382043,217.33181810430946,221.7083971065855,1999966
2024-08-13,214.41407775878906,220.54704939461442,213.11838818912426,219.86561623787165,1813588
2024-08-14,213.33914184570312,217.4373920354055,211.83230019650958,215.94973537382455,1383904
2024-08-16,214.2413330078125,217.08226353177872,213.271963917714,216.18967832679127,797622
2024-08-19,217.13026428222656,218.34918471067013,214.65403880370863,214.65403880370863,963589
2024-08-20,218.35877990722656,219.49132396724534,215.94974579303485,217.85970659470385,841957
2024-08-21,221.86196899414062,224.10784279038072,218.73308781191454,218.8770630932299,1854672
2024-08-22,227.3998565673828,232.985763255691,223.157645869214,223.157645869214,5321006
2024-08-23,228.20608520507812,236.9688355630832,227.486252758477,228.4268297214278,3716555
2024-08-26,226.5072784423828,229.72253592235188,224.79887725963155,229.72253592235188,1845705
2024-08-27,228.12930297851562,232.69783433394667,226.1233733942111,226.7952140869173,2976764
2024-08-28,225.75865173339844,229.19465369916523,225.54749971100287,229.14666194043377,1558373
2024-08-29,223.07127380371094,226.3345230042372,221.03655211463794,226.03697995882857,1337255
2024-08-30,220.8253936767578,228.33083879434628,219.94240099498435,224.20381128378142,2313801
2024-09-02,229.54017639160156,231.20058581782433,221.074939704966,222.19787657553482,5986203
2024-09-03,229.78012084960938,233.60962013626994,228.44603195253438,229.8664972293772,2913208
2024-09-04,227.7357940673828,230.3463876321495,225.74906408947055,227.65901018076863,1611202
2024-09-05,229.3194122314453,234.42543068896182,227.95653123929569,228.9547070880716,2661026
2024-09-06,222.69696044921875,230.24080501355567,220.76781478035306,229.38660443639282,2041783
2024-09-09,220.78280639648438,225.40217958680662,218.3998693894742,223.74194123170238,1524803
2024-09-10,223.62474060058594,224.95293428292135,221.20274561583022,221.9352050383992,1045156
2024-09-11,217.41348266601562,224.71855532160342,216.80798764930475,223.64427554815668,1292871
2024-09-12,215.47979736328125,219.99174267883956,214.17114009281826,219.72806801369606,1693131
2024-09-13,217.4916229248047,219.39601451341426,215.14775864681224,216.1243712462967,1024830
2024-09-16,218.1557159423828,219.34718444419747,216.36851318966086,218.61472503252082,809199
2024-09-17,219.76712036132812,220.11870147448843,215.83137298724415,219.2495169033317,1328681
2024-09-18,221.24180603027344,223.3512927672731,217.306058547906,219.21046498937596,1859701
2024-09-19,212.38394165039062,223.10714374184852,210.7041667993955,222.65791029444605,2254552
2024-09-20,213.62423706054688,214.99148868583427,211.60264190538084,214.41529085102923,1162904
2024-09-23,216.5833740234375,217.54045017039107,213.46797753792387,214.6594460665891,1135633
2024-09-24,215.8509063720703,219.48390618960778,215.35282444264888,216.58336577234925,1232376
2024-09-25,214.376220703125,218.13618507290198,213.69259488187245,216.30014866560202,1017610
2024-09-26,213.5070343017578,216.69080080253127,213.00896725804407,215.83137697627217,729518
2024-09-27,213.59494018554688,217.97992105567096,212.91129946998691,213.95628206519848,1473754
2024-09-30,213.12615966796875,215.3430744023827,211.92493036424966,213.5949444368704,1063737
2024-10-01,218.58543395996094,219.6889960377676,213.10663681135298,214.03441577836622,2879380
2024-10-03,212.7550506591797,216.8079867938809,212.0225912443355,214.85476168762975,1101925
2024-10-04,208.7216339111328,213.8683861859973,206.16291381673298,213.6730517558303,1822726
2024-10-07,202.4224853515625,210.46000238374862,197.18784154074353,209.97169611371672,2588930
2024-10-08,204.28781127929688,205.0886407436964,199.25826247897157,202.3541225533954,1123182
2024-10-09,207.1981201171875,210.6064883454493,204.74681310391296,205.06909703042842,914027
2024-10-10,209.21971130371094,216.3196890164281,207.9208147687898,209.307617762409,2989817
2024-10-11,208.5946807861328,210.74322551677213,207.43250941267968,209.00485628818822,662270
2024-10-14,210.1768035888672,215.72395598773824,209.00485655075022,212.4132398794867,2311144
2024-10-15,207.9989471435547,211.90539753919924,207.44228571117668,210.9483213648055,851625
2024-10-16,211.9444580078125,212.30579987968616,207.2762512498577,208.30168249727484,1146021
2024-10-17,207.36415100097656,212.7941145641223,206.50472716154042,212.07141588987596,900986
2024-10-18,206.71957397460938,207.43249695427377,202.16855597449347,207.18834381995757,880128
2024-10-21,205.7722625732422,207.530168154465,201.40680325567428,207.0418618764545,1252305
2024-10-22,202.88150024414062,205.567184806182,199.96142330108253,205.09840004414866,1463963
2024-10-23,198.5258026123047,205.0788795328271,193.6525005092003,205.0788795328271,1743591
2024-10-24,196.7386016845703,200.6450520129884,196.30888976413627,198.83832767725025,967136
2024-10-25,189.0233612060547,197.9593600386967,187.50960877979122,197.9593600386967,1417780
2024-10-28,191.61138916015625,193.359534059422,187.90025829937326,189.56051164109178,1072338
2024-10-29,196.57257080078125,197.2757330215268,191.6992688629328,193.06653535968238,963824
2024-10-30,204.23899841308594,209.87404240243222,195.810826881443,195.85966049197313,1812524
2024-10-31,204.1217803955078,205.3327853025319,202.20762817367498,204.8933126425547,842132
2024-11-01,204.815185546875,206.76841065039133,204.11202331745514,204.99096865326752,206176
2024-11-04,196.9339141845703,204.8151845934967,195.61549618698874,204.3073418964074,1219768
2024-11-05,198.21328735351562,200.38135347902576,194.78536780644785,195.4201748975723,1247939
2024-11-06,205.4890594482422,206.29964968936798,198.8383300684382,198.8383300684382,1314131
2024-11-07,206.83677673339844,210.24516008422398,205.1960747124826,207.53017823871394,1709021
2024-11-08,200.46926879882812,207.9208126631736,199.72703369957523,207.91105190205067,918870
2024-11-11,194.21893310546875,200.4692623684125,192.92981228810075,200.40089233696898,1644810
2024-11-12,191.02542114257812,198.47696478144297,189.95114137454848,195.6740915256633,827112
2024-11-13,193.33999633789062,197.34411393222916,187.31429842389815,194.2482388969709,4186465
2024-11-14,189.8534698486328,196.68975755781912,188.7401321606423,194.24822623310973,1577063
2024-11-18,185.624755859375,191.54302557040603,184.97041233249993,191.41606116938178,1482025
2024-11-19,189.30657958984375,190.8984628694023,187.01154896000838,187.9979223045495,951413
2024-11-21,185.93727111816406,188.38856336365387,184.67744742914036,186.58183900646716,1041213
2024-11-22,188.70108032226562,189.46283692806983,185.00948603200672,187.31429227318807,1085889
2024-11-25,194.3947296142578,195.82057558159116,191.14260805867795,192.87121643187982,1486554
2024-11-26,197.18785095214844,198.7309006273271,193.90643206484114,194.44357196789787,1307376
2024-11-27,199.65867614746094,200.42043275972512,196.14286493552987,197.2269054840482,1249125
2024-11-28,208.85836791992188,209.97170567018912,198.9848140944234,200.59621889809887,3414997
2024-11-29,218.88818359375,220.71444436032772,206.9149037562628,208.99509333234573,8323324
2024-12-02,217.15957641601562,218.40963934083192,214.89382805108266,217.78460787842377,2112736
2024-12-03,218.74168395996094,221.59339093745405,217.55021540678516,218.12642816093938,1917554
2024-12-04,217.85296630859375,223.54660429938536,216.5247726589833,218.90769473741184,1828882
2024-12-05,217.84320068359375,221.6910566502901,216.23179588016578,218.64403015569522,1428968
2024-12-06,215.8118438720703,218.86864601773243,214.19067831386062,217.93109138358045,1507708
2024-12-09,213.73165893554688,216.74938808785836,212.70621279489913,215.35282441583297,1265119
2024-12-10,215.56768798828125,217.54044954841987,212.7062203166178,214.659445452855,1460716
2024-12-11,217.40371704101562,218.46822112784366,214.95242494253614,216.0169290293642,1324786
2024-12-12,213.69259643554688,217.76506910953782,212.7257595177192,217.40372722323255,809731
2024-12-13,210.02053833007812,212.70622292534276,208.37982144651528,211.9249298808807,1593545
2024-12-16,213.3019561767578,215.63605963596538,210.17679891575764,210.9971499026592,1809553
2024-12-17,215.8118438720703,226.03697878233032,214.85476771569407,214.85476771569407,8527491
2024-12-18,210.8604278564453,217.3451348571405,210.11819275090772,216.80799495232395,1976732
2024-12-19,207.48133850097656,209.31737490990784,205.39138818733312,206.9930322136587,1468519
2024-12-20,199.41452026367188,208.79976752619038,198.44766846820085,208.4091135624988,1951093
2024-12-23,196.6409454345703,201.46539897605714,196.1038055447709,201.1919486506911,1261919
2024-12-24,199.0531768798828,200.97708989154313,196.08426638599732,197.27573488787013,938995
2024-12-26,198.36953735351562,200.73293794779525,197.47105559137069,199.05317806338513,683142
2024-12-27,195.89871215820312,199.62937933459014,195.32251431742878,198.2523520321902,673364
2024-12-30,188.50576782226562,197.91053700688627,187.02131250089428,196.58234327764364,2752339
2024-12-31,193.0177001953125,193.74039883356147,188.48621864368636,188.95498848642708,1203340
2025-01-01,199.93212890625,201.14313387218132,192.99817361580966,193.17397162950672,2304961
2025-01-02,198.5843963623047,202.42249151053542,196.24053215560627,200.69388308948837,1720343
2025-01-03,200.81106567382812,202.0611285326727,198.73089109727212,198.8383190727318,1205626
2025-01-06,194.53146362304688,200.9868734203291,192.88098596641856,200.9868734203291,1522047
2025-01-07,198.6625213623047,201.46539458720974,193.9845538463413,195.3225082593016,1415938
2025-01-08,195.8791961669922,198.93598346906208,194.83421353296376,198.8871498587188,697734
2025-01-09,199.2289581298828,200.66457975561977,195.4201751852285,196.2014532955706,1794590
2025-01-10,190.517578125,198.9164371174939,189.95114105752293,198.9164371174939,1291681
2025-01-13,182.16754150390625,189.45307783351166,179.30607382651107,189.45307783351166,2206492
2025-01-14,185.917724609375,187.07013515643246,182.343334035781,183.60315765647053,1059291
2025-01-15,186.34744262695312,189.32611395430294,185.66381680639543,187.60728119091144,779602
2025-01-16,189.99998474121094,192.07039868928942,187.60728684617064,187.60728684617064,842926
2025-01-17,203.9752960205078,207.72548460352982,188.68154004365047,190.34177838387038,13143585
2025-01-20,206.3386993408203,208.75093354280224,200.6157491748681,202.3052847217633,2121533
2025-01-21,201.90489196777344,209.92287297652746,201.08452606774014,206.74888206301284,1431004
2025-01-22,203.4186248779297,205.91876556527663,197.61755875172054,202.1588012242488,2974061
2025-01-23,205.95782470703125,209.4150266549639,201.04546466216772,202.30528832316406,1693451
2025-01-24,197.89100646972656,207.87198795791446,197.2952722160585,207.08091927202085,957537
2025-01-27,192.31454467773438,196.2991257346082,187.89049094661587,196.2991257346082,1543613
2025-01-28,190.98635864257812,195.02953423105475,187.05061103672466,193.80876847484893,1421491
2025-01-29,196.49444580078125,197.36363039066467,191.240280315588,192.09968924255438,1123772
2025-01-30,198.02774047851562,202.15880759154274,196.7874383077095,197.95937044379707,856029
2025-01-31,200.28370666503906,201.58260316502236,196.91439629539002,198.49650388244217,971850
2025-02-01,204.92262268066406,207.0321094631866,200.21534281791978,200.79155557466825,2667125
2025-02-03,199.1996612548828,202.6471023337561,196.54327395020923,202.6471023337561,770606
2025-02-04,202.77407836914062,204.01436563846664,199.21920911064024,199.70751540934592,930972
2025-02-05,202.5689697265625,204.89331232279966,201.72908235243747,203.1744647281673,618476
2025-02-06,205.06910705566406,206.55356236196295,201.66073866077699,202.54944479039347,1193585
2025-02-07,204.795654296875,206.13362365989258,200.7427180654628,205.06910462612123,923184
2025-02-10,200.35206604003906,205.80156605768525,197.27574235517167,205.0886430425052,894274
2025-02-11,190.12692260742188,198.14491813762217,187.99791441784754,198.14491813762217,2489968
2025-02-12,191.4453582763672,192.23641206289784,181.64993552591412,190.14646178787024,1495456
2025-02-13,193.8380584716797,195.17602782416748,189.9902025665221,191.44536065864304,1127947
2025-02-14,193.51577758789062,195.89871467751652,185.92750853845737,195.3225168293321,1648055
2025-02-17,188.45692443847656,191.41605926454488,184.85322175474934,190.64454190905002,1537138
2025-02-18,182.6363067626953,190.97658624604333,181.6987670641269,190.97658624604333,1058891
2025-02-19,184.9411163330078,187.8514325008627,181.34718925319186,182.86094170660596,864847
2025-02-20,186.5330047607422,188.29091040379396,184.24773487573762,185.55639217037182,547417
2025-02-21,184.61883544921875,190.18553907322718,184.09147121320052,187.21662848683263,673949
2025-02-24,183.73988342285156,184.4528064073968,180.18501435894717,183.60315826277542,770982
2025-02-25,181.23976135253906,186.26931009462592,180.20455441936585,184.21843265209176,689265
2025-02-27,175.3117218017578,183.10510104982444,173.98352807467765,182.28473514344728,1063837
2025-02-28,163.61190795898438,174.77459774462105,161.14107926901357,174.56950254143135,3294880
2025-03-03,163.3091583251953,166.54174361048638,154.59777581952176,165.9948429449529,1859272
2025-03-04,164.88150024414062,166.99098694957712,159.01206412497405,161.1410723522187,1546634
2025-03-05,170.0477752685547,170.58491516038265,165.15495167628572,165.92646904678398,1316023
2025-03-06,171.73731994628906,174.5499539089615,170.2626254837338,172.00099460090155,1597449
2025-03-07,174.35464477539062,177.00127145530988,172.17680286879673,172.86042870248926,1215531
2025-03-10,173.36827087402344,176.14184704875677,169.45204485711022,175.7316715498392,1851389
2025-03-11,167.9383087158203,171.8838170503562,166.9519204557421,169.93059185660218,1972731
2025-03-12,167.39138793945312,172.3232843807257,166.70776212327948,167.9773614401306,1012388
2025-03-13,167.83087158203125,170.37005525429086,167.46951480758264,168.95397004642544,1034762
2025-03-17,164.4224853515625,170.0282466113402,163.58259798374806,168.95396687276667,1385906
2025-03-18,164.4224853515625,164.4224853515625,164.4224853515625,164.4224853515625,0
2025-03-19,172.89947509765625,174.1300164180142,169.49110691813345,170.4188858377247,1394913
2025-03-20,174.11048889160156,177.54816933234133,172.6455700273115,175.49727696156512,1113411
2025-03-21,176.90359497070312,179.55022151201493,174.54019441118314,175.74142366332754,1598362
2025-03-24,179.4427947998047,181.15186675752454,177.54816407379585,179.6869479366218,1248364
2025-03-25,177.21612548828125,181.45462051295672,175.79026456330945,180.67332746784584,1474917
2025-03-26,172.44049072265625,178.54431935895246,171.89357515922677,177.74348988894621,1337259
2025-03-27,177.5188751220703,180.52684369538449,173.16317640240794,174.8038933069091,4231742
2025-03-28,173.13388061523438,181.11280377266195,172.32329036863163,179.33537658884828,1857395
2025-04-01,177.0891571044922,178.52477875831775,173.163170444933,173.83703549492358,889406
2025-04-02,177.96810913085938,178.86659093061672,172.9580966485378,177.64582518606724,747131
2025-04-03,181.7476043701172,182.18707704413413,175.79026176078713,175.79026176078713,1476315
2025-04-04,174.6378631591797,181.59133973920785,173.68077213180624,181.19092501766946,1159708
2025-04-07,166.31712341308594,167.9773617993221,156.83420881512595,157.28345715352935,1302203
2025-04-08,170.86814880371094,171.98148658304214,167.71367934400104,169.93059414125665,737842
2025-04-09,168.40707397460938,171.73732641515704,167.6843753080326,170.8681418238334,691283
2025-04-11,171.5126953125,174.71598335998874,169.44228142622504,170.56537992447602,1658718
2025-04-15,181.59133911132812,182.1382397525506,173.64171358630182,174.803884899862,1598537
2025-04-16,182.3238067626953,184.09147316581496,181.05420741564942,183.01719335633177,1053894
2025-04-17,188.52528381347656,193.36928871386283,182.62655045198156,182.62655045198156,4010787
2025-04-21,191.08401489257812,193.0762979354699,188.0076764224149,189.65815401434955,1677944
2025-04-22,191.4746551513672,193.6622726392873,189.9609027107134,191.40630002151732,921199
2025-04-23,189.5897979736328,193.22279783020065,186.91387423783937,192.05085085562408,770799
2025-04-24,190.97659301757812,193.5548496329467,188.8573455070073,189.46284053804885,1067802
2025-04-25,182.30426025390625,191.94342121280894,181.64993164320737,191.41605700036905,1406757
2025-04-28,185.624755859375,186.42557040710304,180.16548034035668,182.57771454826766,867231
2025-04-29,188.2127685546875,190.9765838113492,185.37082250715372,186.16187627458743,1354205
2025-04-30,181.7573699951172,188.74014406337892,180.96631618033214,188.38856293437163,853887
2025-05-02,182.19683837890625,185.88843269535508,180.42917201438593,182.23591122672087,569589
2025-05-05,185.771240234375,186.35721372445488,181.5425061096241,183.12461367014492,864750
2025-05-06,183.73988342285156,188.2127706623778,182.44098695116585,185.78100006324706,1360179
2025-05-07,185.86891174316406,186.39627597487691,179.6967131389457,179.6967131389457,878052
2025-05-08,182.5191192626953,191.69927129150454,180.91747527335636,186.532997447833,1448188
2025-05-09,179.77484130859375,180.5756558564566,175.45821559421717,177.74348540148858,891267
2025-05-12,190.62501525878906,191.17191592899044,183.89615505920455,183.89615505920455,1323139
2025-05-13,191.3379364013672,192.34384617458312,188.8475713222506,191.1133196787266,656619
2025-05-14,196.6507110595703,198.25235510572676,191.4649006083542,191.85553968227512,1718618
2025-05-15,198.06678771972656,202.35411619300865,196.6702389343399,197.51988707924158,2180141
2025-05-16,200.43019104003906,201.18218688199133,197.00228632727678,199.13129455009422,1274219
2025-05-19,201.3677520751953,204.06319745567333,199.32663534100243,200.43019743307116,1463457
2025-05-20,200.6841278076172,204.1608662666436,198.95551933937517,202.1588074635518,1465999
2025-05-21,195.52760314941406,200.6938769280883,193.4669500943674,200.20557065819025,2287110
2025-05-22,195.468994140625,197.9105254933779,192.95910765899592,194.88303555711917,886703
2025-05-23,196.58233642578125,199.13129581357498,194.4435674285096,196.2600673933962,648052
2025-05-26,198.56488037109375,201.57283405610056,197.2562081656758,198.25235718713554,1521558
2025-05-27,199.68797302246094,201.08452184213596,197.08041925346146,198.25235135497778,1457143
2025-05-28,199.24850463867188,201.4947165744148,198.6429947000052,200.20558080363304,677569
2025-05-29,198.6136932373047,202.6471079128119,198.0667925833902,200.2055764921756,851064
2025-05-30,195.254150390625,199.99072747171846,194.44357504455297,198.61370012625514,815794
2025-06-02,195.498291015625,197.75427849961878,193.3692828323143,195.32250791142857,541350
2025-06-03,203.54559326171875,207.03210734453606,195.6838589688296,196.29912966625042,7556552
2025-06-04,207.2274169921875,209.9619350812112,204.54173251048869,206.7488714834828,6308087
2025-06-05,206.76841735839844,212.17884451381744,205.34255642972659,208.4579529552132,2864872
2025-06-06,204.68821716308594,208.99508200898535,204.16085295224656,208.37981134473554,1278654
2025-06-09,206.84654235839844,208.7899918077682,204.40501096819526,205.08863677706717,1109673
2025-06-10,205.22535705566406,208.02823025630914,204.59056487008561,207.5301632292518,1039845
2025-06-11,206.53402709960938,209.97170760124806,204.60033833703008,206.06525722727133,1730616
2025-06-12,202.33457946777344,209.7763771773431,201.4263369558781,207.53016534848047,1320987
2025-06-13,198.68206787109375,200.93804057169754,195.33227893540513,195.33227893540513,992004
2025-06-16,198.3207244873047,200.4399720053011,194.15058458315676,198.877385910907,1086888
2025-06-17,196.32843017578125,201.18219599957555,195.32252038793743,198.83833171569057,900030
2025-06-18,194.1798858642578,197.0315928800402,193.38883203923342,196.29913342695454,750380
2025-06-19,188.74014282226562,195.8108233027281,188.0662926561978,194.73654349840183,1243603
2025-06-20,190.79103088378906,192.14852175014,187.6756344238371,188.7792113885276,725525
2025-06-23,191.17190551757812,192.08992369338813,188.10534272502065,189.84371186145563,837288
2025-06-24,192.9688720703125,196.1819357363981,192.28524625899377,193.61343993609518,911940
2025-06-25,198.35977172851562,199.52194302448524,194.33613287020202,194.33613287020202,1190835
2025-06-26,195.59596252441406,200.63528691562288,194.73653870212027,199.13129522660878,920781
2025-06-27,197.6956787109375,199.89305703032537,196.20146264590778,197.27574245171203,1055793
2025-06-30,199.44381713867188,200.928272394546,197.91052827467144,198.98480804574976,658002
2025-07-01,201.88534545898438,203.5260473732445,198.56486878378666,200.15673709066232,1562975
2025-07-02,201.63143920898438,202.86196569134006,198.05703360061867,202.86196569134006,923212
2025-07-03,201.6802520751953,202.44200867105698,200.15673888347197,201.16264861651814,612754
2025-07-04,203.51629638671875,205.43046361387778,200.69388660667275,200.69388660667275,1255422
2025-07-07,202.13926696777344,203.3502719276641,199.94188867003595,202.64710968023405,773716
2025-07-08,202.3931884765625,204.8933141986355,201.06499482397064,202.13925967852634,862891
2025-07-09,201.58261108398438,203.16471873318795,200.74272364881782,201.67050264184553,760727
2025-07-10,199.79539489746094,202.20762905950346,197.82263339732086,201.58259763099394,906469
2025-07-11,196.57257080078125,200.69387691051367,195.71314699722006,198.7406518310926,582897
2025-07-14,196.2405242919922,197.3441012202362,194.6974747053431,196.10379913377895,505283
2025-07-15,199.73680114746094,201.67048980696944,196.2893600683384,196.2893600683384,1193832
2025-07-16,200.07861328125,201.31891542285888,198.9848119669069,200.7915511897078,470483
2025-07-17,198.62347412109375,201.5240147172052,198.35002378694878,200.76225808609772,476928
2025-07-18,197.01205444335938,199.70751474041865,195.62526634791138,198.92622168472138,561187
2025-07-21,196.31866455078125,199.91259168395763,195.14673243787266,197.0315875599958,1027232
2025-07-22,196.7288360595703,198.7992499138274,196.10380461855354,197.3245703160023,432512
2025-07-23,199.78564453125,200.30324801138667,194.590058403634,197.03158987670344,1033165
2025-07-24,201.6802520751953,203.12564937671348,198.75041442898126,200.35205841283462,1294808
2025-07-25,196.3381805419922,202.89125731090246,195.90848353750658,202.1099642903311,718940
2025-07-28,192.1582794189453,197.46129329914748,191.66997314535405,197.0804150018233,551727
2025-07-29,200.43019104003906,201.96347990852,191.41606130519563,192.1582814843391,1862268
2025-07-30,202.72523498535156,206.8953747477918,200.69387909243798,201.99277557260544,2174546
2025-07-31,199.0629425048828,201.71932989509057,197.51989285160587,198.25235228121628,886728
2025-08-01,195.254150390625,201.62166872904197,194.34590782356983,200.01026389630022,1095798
2025-08-04,197.75428771972656,198.25235477342972,194.1505848964335,196.6897686765143,882290
2025-08-05,201.5337677001953,202.45178588736175,197.1390111971495,198.05702938431597,1458451
2025-08-06,198.6332244873047,203.3795620414683,196.73859376993335,202.4029494986521,1248421
2025-08-07,194.2873077392578,197.27573982959612,189.70699238563884,197.27573982959612,1688518
2025-08-08,208.2137908935547,209.6494125218939,199.34614722739047,201.96347658793994,18988108
2025-08-11,200.22511291503906,208.99508960537997,199.4633563039585,208.7997700721151,1999518
2025-08-12,199.18991088867188,202.06113939250747,198.32072627757432,200.97709881894306,1131884
2025-08-13,199.1508331298828,201.1821890600797,197.03158564500524,200.2055764918269,1088786
2025-08-14,198.01795959472656,200.55715824091038,197.47105893909932,199.4242840817253,813841
2025-08-18,199.1410675048828,202.38341340328694,197.86170745602794,200.6938778740154,899187
2025-08-19,205.88946533203125,206.6121490831616,199.39498292113404,200.156739519416,2192848
2025-08-20,209.90333557128906,211.43662448142265,205.3327958301114,206.06525526826874,2943381
2025-08-21,206.2898712158203,210.89948378814313,205.78204340332357,210.45025034617098,1174295
2025-08-22,205.26441955566406,208.7997671363281,203.68231198596092,206.55355528055176,1513934
2025-08-25,203.54559326171875,208.37006181792373,203.23308498339063,206.35824227629908,846968
2025-08-26,195.146728515625,202.85220100308172,194.44356628162762,202.5494385924488,1449580
2025-08-28,192.42196655273438,196.03542995135817,191.90436310140873,195.89870479255373,1268300
2025-08-29,192.9981689453125,195.7717599355238,191.36722776166687,193.4669537025433,826548
2025-09-01,200.27394104003906,200.69387727996374,193.46695043357195,194.34589576015955,1196683
2025-09-02,209.35643005371094,212.89177765987915,199.56100725338493,201.86581349475134,4639091
2025-09-03,212.60855102539062,214.84500212964747,208.11614219701616,209.97170009757355,2358761
2025-09-04,210.5186004638672,215.43096043485255,208.55561458841902,214.75709538601848,1630589
2025-09-05,208.7899932861328,213.0968582654085,207.0516241161534,210.94831360720167,981290
2025-09-08,210.67999267578125,213.4499969482422,209.63999938964844,212.5,864544
2025-09-09,203.67999267578125,209.35000610351562,203.02999877929688,208.0,1583632
2025-09-10,204.6199951171875,206.22999572753906,203.39999389648438,204.10000610351562,640989
2025-09-11,204.33999633789062,207.89999389648438,203.8000030517578,204.89999389648438,877361
2025-09-12,203.32000732421875,206.63999938964844,202.6999969482422,205.0800018310547,633474
2025-09-15,204.86000061035156,206.4499969482422,203.10000610351562,203.89999389648438,819496
2025-09-16,210.4600067138672,211.39999389648438,205.02000427246094,205.5,2027609
2025-09-17,210.66000366210938,212.89999389648438,209.3000030517578,211.99000549316406,1055563
2025-09-18,210.44000244140625,210.89999389648438,205.1999969482422,210.66000366210938,1124814
2025-09-19,211.0399932861328,211.75,207.99000549316406,210.39999389648438,1030083
2025-09-22,205.60000610351562,211.0,205.1999969482422,211.0,812472
2025-09-23,203.0399932861328,206.5800018310547,202.10000610351562,205.5,826771
2025-09-24,202.13999938964844,204.1999969482422,201.25,203.5800018310547,956424
2025-09-25,200.33999633789062,203.8000030517578,200.10000610351562,203.0,560900
2025-09-26,197.30999755859375,201.22999572753906,196.1999969482422,200.1999969482422,941975
2025-09-29,196.13999938964844,199.85000610351562,195.60000610351562,199.8000030517578,704557
2025-09-30,196.32000732421875,197.75,195.6999969482422,196.5,610609
2025-10-01,196.52999877929688,198.8000030517578,195.0500030517578,197.77000427246094,962946
2025-10-03,199.42999267578125,199.99000549316406,196.60000610351562,196.60000610351562,676505
2025-10-06,196.52000427246094,199.8699951171875,196.0,199.8699951171875,680590
2025-10-07,196.02000427246094,199.0,194.85000610351562,198.39999389648438,826702
2025-10-08,194.89999389648438,197.82000732421875,194.5,196.74000549316406,539878
2025-10-09,193.55999755859375,196.02000427246094,193.05999755859375,195.02000427246094,630263
2025-10-10,193.94000244140625,195.1999969482422,193.1199951171875,194.3000030517578,546274
2025-10-13,191.0500030517578,194.0399932861328,190.10000610351562,193.85000610351562,788588
2025-10-14,188.80999755859375,192.63999938964844,188.25,192.0,762188
2025-10-15,190.77999877929688,191.35000610351562,188.6199951171875,189.0,575369
2025-10-16,192.42999267578125,195.1699981689453,191.3699951171875,191.6999969482422,708333
2025-10-17,189.8800048828125,192.4199981689453,189.10000610351562,192.0,512552
2025-10-20,191.25999450683594,191.49000549316406,189.72999572753906,190.8000030517578,453839
2025-10-21,192.1699981689453,192.6999969482422,191.25999450683594,191.5,103859
2025-10-23,192.75,194.1999969482422,192.02000427246094,193.0,506902
2025-10-24,191.61000061035156,193.5,191.39999389648438,192.75,475900
2025-10-27,191.5399932861328,193.19000244140625,191.22000122070312,192.0,426475
2025-10-28,193.1999969482422,195.1999969482422,191.6999969482422,191.92999267578125,1089691
2025-10-29,194.52000427246094,195.5,193.60000610351562,194.0,549882
2025-10-30,193.08999633789062,194.9499969482422,192.39999389648438,194.5,491775
2025-10-31,190.77000427246094,193.86000061035156,190.39999389648438,193.0,636071
2025-11-03,193.39999389648438,194.49000549316406,190.88999938964844,190.88999938964844,650090
2025-11-04,191.5,194.10000610351562,191.25,193.39999389648438,405007
2025-11-06,186.97999572753906,192.2100067138672,186.0,191.49000549316406,906931
2025-11-07,186.7899932861328,187.88999938964844,185.69000244140625,187.49000549316406,841740
2025-11-10,185.61000061035156,188.5,184.97000122070312,186.75,591560
2025-11-11,184.13999938964844,187.91000366210938,182.60000610351562,185.6300048828125,977107
2025-11-12,196.39999389648438,198.25,190.1999969482422,192.0,8137941
2025-11-13,193.83999633789062,198.6999969482422,193.0,196.99000549316406,1620564
2025-11-14,192.4499969482422,193.47999572753906,190.60000610351562,193.47999572753906,700145
2025-11-17,196.60000610351562,199.3300018310547,192.85000610351562,193.0,2192034
2025-11-18,193.6199951171875,196.5500030517578,193.3000030517578,196.5500030517578,833187
2025-11-19,192.5500030517578,193.42999267578125,191.89999389648438,193.10000610351562,480601
2025-11-20,190.82000732421875,193.88999938964844,190.16000366210938,193.0,521903
2025-11-21,187.9499969482422,190.49000549316406,187.5,189.8699951171875,593794
2025-11-24,183.3800048828125,189.16000366210938,182.25999450683594,188.99000549316406,1021559
2025-11-25,183.69000244140625,184.60000610351562,182.25,183.4499969482422,982200
2025-11-26,184.97999572753906,185.49000549316406,183.67999267578125,184.5500030517578,541415
2025-11-27,184.89999389648438,186.80999755859375,184.22000122070312,186.00999450683594,541013
2025-11-28,184.42999267578125,185.5,183.4499969482422,185.0,410138
2025-12-01,185.42999267578125,187.99000549316406,184.97999572753906,186.25,799289
2025-12-02,183.8699951171875,185.6300048828125,182.99000549316406,185.39999389648438,527829
2025-12-03,181.14999389648438,184.3300018310547,180.0,184.0,583292
2025-12-04,180.0,183.3800048828125,179.8000030517578,181.14999389648438,859037
2025-12-05,179.13999938964844,180.5,177.80999755859375,180.05999755859375,871237
2025-12-08,170.99000549316406,179.17999267578125,170.4499969482422,179.0500030517578,1474920
2025-12-09,172.49000549316406,173.5,167.00999450683594,170.99000549316406,1312854
2025-12-10,171.3000030517578,175.89999389648438,170.5,172.58999633789062,848054
2025-12-11,171.9499969482422,172.5500030517578,170.52999877929688,172.3699951171875,536084
2025-12-12,172.17999267578125,174.38999938964844,171.80999755859375,173.75999450683594,815208
2025-12-15,172.88999938964844,174.3300018310547,171.5800018310547,171.8699951171875,859097
2025-12-16,172.35000610351562,176.3000030517578,171.10000610351562,172.88999938964844,1408752
2025-12-17,171.4600067138672,172.77000427246094,171.02000427246094,172.0,538158
2025-12-18,169.50999450683594,172.0,169.1199951171875,171.47000122070312,880100
2025-12-19,173.63999938964844,174.25,169.8300018310547,170.0800018310547,890504
2025-12-22,175.7100067138672,176.2100067138672,173.89999389648438,173.9499969482422,582889
2025-12-23,178.64999389648438,179.75,175.5,175.99000549316406,766777
2025-12-24,177.36000061035156,179.5,177.0,179.1999969482422,367494
2025-12-26,177.94000244140625,179.3699951171875,176.0,176.0,580984
2025-12-29,179.7100067138672,182.9499969482422,178.14999389648438,179.0,1073769
2025-12-30,181.16000366210938,182.39999389648438,178.44000244140625,179.5,923087
2025-12-31,182.5399932861328,183.39999389648438,180.9600067138672,181.38999938964844,609335
2026-01-01,181.97999572753906,183.64999389648438,181.00999450683594,183.4499969482422,355002
2026-01-02,183.91000366210938,184.5,181.25,182.24000549316406,706184
2026-01-05,183.13999938964844,185.6999969482422,182.0500030517578,184.35000610351562,648150
2026-01-06,182.10000610351562,183.64999389648438,181.3300018310547,183.0,493760
2026-01-07,184.89999389648438,185.27999877929688,181.50999450683594,182.0,1186602
2026-01-08,181.30999755859375,186.5500030517578,180.25,185.3000030517578,998241
2026-01-09,177.22999572753906,180.4499969482422,177.0,180.0,688868
2026-01-12,173.97999572753906,176.97999572753906,171.50999450683594,176.7100067138672,910960
2026-01-13,173.41000366210938,176.22999572753906,172.4199981689453,174.89999389648438,598776
2026-01-14,174.92999267578125,176.66000366210938,173.3699951171875,173.39999389648438,630372
2026-01-15,174.92999267578125,174.92999267578125,174.92999267578125,174.92999267578125,0
2026-01-16,173.91000366210938,176.60000610351562,173.00999450683594,176.60000610351562,623184
2026-01-19,170.88999938964844,172.97000122070312,170.35000610351562,172.97000122070312,564895
2026-01-20,168.02999877929688,172.39999389648438,167.0,170.88999938964844,782229
2026-01-21,167.91000366210938,170.24000549316406,165.94000244140625,168.0,807382
2026-01-22,174.13999938964844,174.69000244140625,170.35000610351562,170.35000610351562,687211
2026-01-23,173.32000732421875,176.97999572753906,171.5,174.89999389648438,729966
2026-01-27,173.9600067138672,175.5,169.10000610351562,173.0,869680
2026-01-28,179.0500030517578,179.8000030517578,174.0,174.0,630564
2026-01-29,179.61000061035156,180.0,176.8000030517578,180.0,477336
2026-01-30,184.49000549316406,186.5,176.3000030517578,178.99000549316406,1890455
2026-02-02,176.9199981689453,178.92999267578125,173.35000610351562,177.25,701086
2026-02-03,178.7899932861328,182.6300048828125,176.60000610351562,181.0,755707
2026-02-04,180.50999450683594,180.9499969482422,178.05999755859375,178.7899932861328,542898
2026-02-05,178.19000244140625,181.5,177.3000030517578,181.5,392197
2026-02-06,177.02999877929688,177.3000030517578,175.25999450683594,177.1199951171875,416951
2026-02-09,181.7899932861328,182.85000610351562,178.05999755859375,178.58999633789062,664735
2026-02-10,182.08999633789062,186.1199951171875,181.5,184.0,1158786
2026-02-11,181.0800018310547,183.14999389648438,179.61000061035156,182.64999389648438,507377
2026-02-12,177.50999450683594,181.16000366210938,176.5,181.08999633789062,760568
2026-02-13,174.0500030517578,176.25,173.10000610351562,176.00999450683594,462826
2026-02-16,174.1199951171875,175.8000030517578,172.35000610351562,174.0500030517578,446816
2026-02-17,175.52000427246094,176.25,172.61000061035156,174.19000244140625,499786
2026-02-18,174.35000610351562,176.52000427246094,173.0,175.0,546272
2026-02-19,173.7899932861328,175.60000610351562,173.52999877929688,174.5,435507
2026-02-20,171.97999572753906,174.49000549316406,171.1999969482422,173.60000610351562,666335
2026-02-23,172.3300018310547,174.3800048828125,170.94000244140625,172.94000244140625,479724
2026-02-24,171.2899932861328,172.47000122070312,169.85000610351562,171.5500030517578,400917
2026-02-25,171.52999877929688,174.4499969482422,171.0,171.35000610351562,609688
2026-02-26,171.3300018310547,172.75999450683594,171.0,172.0,303286
2026-02-27,168.8300018310547,171.55999755859375,167.9600067138672,171.36000061035156,793698
2026-03-02,164.66000366210938,166.94000244140625,162.77999877929688,164.8300018310547,1530045
2026-03-04,158.4499969482422,163.0,158.0,162.0,1174644
2026-03-05,157.24000549316406,162.25,154.2100067138672,158.99000549316406,1614108
2026-03-06,157.33999633789062,160.52999877929688,157.0,157.9499969482422,786719
2026-03-09,150.4199981689453,154.92999267578125,149.5,153.35000610351562,1192076
2026-03-10,162.97999572753906,166.67999267578125,150.32000732421875,152.89999389648438,6348150
2026-03-11,160.88999938964844,165.89999389648438,160.0,163.5,1536618
2026-03-12,159.4600067138672,161.52000427246094,156.25,159.91000366210938,1687799
2026-03-13,156.07000732421875,163.77999877929688,154.6999969482422,159.5,1751927
2026-03-16,154.4600067138672,158.14999389648438,150.60000610351562,156.38999938964844,1418121
2026-03-17,156.72000122070312,158.11000061035156,153.60000610351562,154.8000030517578,854201
2026-03-18,160.85000610351562,162.44000244140625,157.0399932861328,158.0,968721
2026-03-19,155.27000427246094,160.1699981689453,155.0,158.0,732287
2026-03-20,153.9499969482422,158.8000030517578,153.25,157.88999938964844,1119288
2026-03-23,147.02000427246094,152.25,146.5,152.1199951171875,1092969
2026-03-24,148.42999267578125,151.11000061035156,145.3800048828125,149.8000030517578,1272996
2026-03-25,151.1999969482422,153.77000427246094,150.22999572753906,151.0,1148131
2026-03-27,144.52999877929688,153.0800018310547,144.11000061035156,150.8000030517578,2091441
2026-03-30,139.22000122070312,145.99000549316406,138.8300018310547,142.30999755859375,1520495
2026-04-01,148.4199981689453,149.38999938964844,143.22000122070312,145.0,1195911
2026-04-02,151.89999389648438,152.47000122070312,143.36000061035156,144.6999969482422,1135025
2026-04-06,152.47999572753906,153.58999633789062,149.97000122070312,152.3699951171875,866607
2026-04-07,153.69000244140625,154.8800048828125,150.72999572753906,152.0,793953
2026-04-08,160.7899932861328,161.47000122070312,157.24000549316406,159.4199981689453,1169286
2026-04-09,161.61000061035156,165.7899932861328,160.10000610351562,162.4199981689453,1395675
2026-04-10,163.75999450683594,165.60000610351562,162.0,162.0,1068329
2026-04-13,167.44000244140625,169.35000610351562,158.5,161.5,1768725
2026-04-15,168.92999267578125,171.3300018310547,168.3800048828125,169.3000030517578,1134530
2026-04-16,171.0500030517578,171.99000549316406,168.39999389648438,170.00999450683594,1072711
2026-04-17,174.07000732421875,175.89999389648438,171.0,171.0500030517578,1429309
2026-04-20,171.5399932861328,174.85000610351562,171.00999450683594,173.99000549316406,574314
2026-04-21,174.85000610351562,175.7899932861328,171.60000610351562,172.08999633789062,796415
2026-04-22,175.25,176.13999938964844,173.6300048828125,174.36000061035156,696942
2026-04-23,174.3000030517578,176.6999969482422,173.8000030517578,174.75,572027
2026-04-24,172.22000122070312,175.44000244140625,170.4499969482422,174.60000610351562,433123
2026-04-27,174.89999389648438,175.5,172.25999450683594,172.25999450683594,447517
2026-04-28,173.5500030517578,176.89999389648438,173.00999450683594,175.72999572753906,522387
2026-04-29,172.57000732421875,175.7899932861328,171.99000549316406,173.99000549316406,629494
2026-04-30,170.38999938964844,172.82000732421875,169.5,171.5,375535
2026-05-01,170.38999938964844,170.38999938964844,170.38999938964844,170.38999938964844,0
2026-05-04,173.10000610351562,174.77999877929688,171.47999572753906,171.89999389648438,494042
2026-05-05,173.5,174.9499969482422,171.5,172.61000061035156,546729
2026-05-06,177.9199981689453,178.5,174.36000061035156,174.5,1236987
2026-05-07,177.7100067138672,179.2899932861328,176.10000610351562,178.49000549316406,597440
2026-05-08,175.9499969482422,178.60000610351562,175.30999755859375,177.7100067138672,401523
2026-05-11,170.8800048828125,175.9499969482422,169.4499969482422,175.0,563994
2026-05-12,167.1199951171875,170.24000549316406,166.3000030517578,169.7899932861328,594319
2026-05-13,168.3699951171875,170.52999877929688,167.0,167.0,448950
2026-05-14,169.7899932861328,172.8800048828125,168.55999755859375,170.1999969482422,512893
2026-05-15,170.0,172.99000549316406,169.39999389648438,170.2100067138672,658173
2026-05-18,169.49000549316406,170.0,165.0500030517578,168.25,536754
2026-05-19,176.44000244140625,177.4499969482422,171.0,171.0,1459599
2026-05-20,177.3000030517578,179.8000030517578,172.3300018310547,175.0,1175197
2026-05-21,174.6999969482422,180.58999633789062,173.25999450683594,178.8000030517578,1310418
2026-05-22,169.0800018310547,179.3000030517578,168.25,176.0,3057181
2026-05-25,169.19000244140625,171.75,167.72999572753906,170.39999389648438,896759
2026-05-26,169.32000732421875,171.25,169.0,169.1999969482422,520560
2026-05-27,169.2100067138672,170.6999969482422,168.5500030517578,169.3000030517578,402564
2026-05-28,169.2100067138672,169.2100067138672,169.2100067138672,169.2100067138672,0
2026-05-29,163.11000061035156,169.9499969482422,161.25,169.24000549316406,1239204
2026-06-01,163.88999938964844,164.8699951171875,162.6199951171875,164.8699951171875,679110
2026-06-02,163.77000427246094,164.32000732421875,160.5,162.89999389648438,529982
2026-06-03,162.0,164.0,159.97000122070312,163.99000549316406,510065
2026-06-04,160.8699951171875,162.77999877929688,160.61000061035156,162.0,443738
2026-06-05,162.5399932861328,164.1999969482422,161.0,161.0,491960
2026-06-08,160.32000732421875,161.08999633789062,159.75999450683594,160.8000030517578,560316
2026-06-09,163.07000732421875,163.47000122070312,160.66000366210938,161.41000366210938,359146
2026-06-10,163.0399932861328,167.67999267578125,162.89999389648438,164.08999633789062,1177707
2026-06-11,162.22999572753906,163.02999877929688,160.58999633789062,163.0,388586
2026-06-12,164.33999633789062,164.89999389648438,162.0,163.4600067138672,419460
2026-06-15,164.91000366210938,168.3000030517578,164.6999969482422,167.6999969482422,600478
2026-06-16,167.27000427246094,170.89999389648438,165.0500030517578,165.3800048828125,1886358
2026-06-17,165.94000244140625,169.0,165.50999450683594,169.0,1014548
2026-06-18,166.6199951171875,167.39999389648438,165.82000732421875,166.0,539052
2026-06-19,165.44000244140625,169.25,165.0,165.0,867578
2026-06-22,166.75999450683594,170.83999633789062,165.97000122070312,166.8699951171875,1477620
2026-06-23,163.42999267578125,167.7899932861328,163.0,167.47999572753906,839173
2026-06-24,163.89999389648438,164.7100067138672,162.25999450683594,163.9499969482422,451319
2026-06-25,163.1300048828125,165.02999877929688,162.5500030517578,164.25,437737
2026-06-26,163.1300048828125,163.1300048828125,163.1300048828125,163.1300048828125,0
2026-06-29,162.17999267578125,163.72000122070312,161.39999389648438,163.25,435280
2026-06-30,161.83999633789062,163.35000610351562,161.5,162.7899932861328,301523
2026-07-01,157.66000366210938,164.5,157.19000244140625,162.36000061035156,1133540
2026-07-02,160.33999633789062,160.69000244140625,158.02000427246094,158.11000061035156,669790
2026-07-03,162.3800048828125,162.8800048828125,161.00999450683594,161.0399932861328,610924
2026-07-06,161.64999389648438,163.22999572753906,160.5500030517578,162.3800048828125,287009
2026-07-07,161.02999877929688,162.6199951171875,160.50999450683594,161.75,268036
2026-07-08,159.2899932861328,162.27999877929688,157.7899932861328,161.02000427246094,629984
2026-07-09,161.63999938964844,162.58999633789062,159.10000610351562,159.35000610351562,489859
2026-07-10,160.89999389648438,163.64999389648438,160.39999389648438,162.5,794628
2026-07-13,161.6999969482422,162.49000549316406,159.6999969482422,160.14999389648438,405830
2026-07-14,159.32000732421875,161.69000244140625,159.0,161.49000549316406,313612
2026-07-15,159.75999450683594,162.38999938964844,158.8699951171875,159.77999877929688,404926
2026-07-16,160.1999969482422,161.5,159.9600067138672,160.22000122070312,412343
2026-07-17,159.14999389648438,160.9499969482422,158.50999450683594,160.9499969482422,325420
2026-07-20,159.22999572753906,159.7899932861328,158.25,159.0,205238
2026-07-21,158.67999267578125,159.86000061035156,158.10000610351562,159.22999572753906,268467
2026-07-22,156.17999267578125,159.5,155.3000030517578,159.5,568278
2026-07-23,154.60000610351562,156.6999969482422,154.30999755859375,155.39999389648438,416986
2026-07-24,154.55999755859375,155.25,152.61000061035156,154.0,482121
2026-07-27,160.0800018310547,162.19000244140625,156.25,156.25,933160
2026-07-28,159.58999633789062,161.75,159.0,160.0,365414
2026-07-29,160.63999938964844,162.89999389648438,159.99000549316406,160.49000549316406,486881
2026-07-30,159.22999572753906,162.35000610351562,159.0,160.22999572753906,496000
2026-07-31,158.83999633789062,160.08999633789062,158.42999267578125,159.49000549316406,309088
2026-08-03,160.80999755859375,161.9499969482422,159.99000549316406,160.1999969482422,286583
2026-08-04,160.67999267578125,161.6999969482422,159.5,160.99000549316406,324505
2026-08-05,162.22999572753906,162.52000427246094,161.02000427246094,161.0500030517578,345846
2026-08-06,162.42999267578125,165.74000549316406,161.99000549316406,163.75,413416
2026-08-07,161.22000122070312,162.7100067138672,160.1999969482422,162.7100067138672,255534
