Price,Close,High,Low,Open,Volume
Ticker,HAVELLS.NS,HAVELLS.NS,HAVELLS.NS,HAVELLS.NS,HAVELLS.NS
Date,,,,,
2015-01-01,251.2120819091797,252.21220798802707,248.71178058535955,250.71203274305435,1042050
2015-01-02,250.12100219726562,252.6667518787612,248.66627620215795,251.21202588365352,1471143
2015-01-05,252.5758514404297,255.2580036279448,249.6209502408186,250.84837628843724,2167401
2015-01-06,238.8014678955078,252.21217314321842,236.66484151011332,252.21217314321842,2786525
2015-01-07,242.07461547851562,244.07486753134242,232.84623662555512,239.11971406891874,2122221
2015-01-08,248.93905639648438,249.57550776994518,243.0292538445549,243.0292538445549,1570782
2015-01-09,248.3025665283203,250.66649246777095,244.75669149243765,250.66649246777095,1733358
2015-01-12,246.2569580078125,249.93920888981577,243.7566566629321,249.93920888981577,1060034
2015-01-13,245.8022918701172,248.4844159458415,244.1202658669673,246.39326648025377,1623957
2015-01-14,239.71072387695312,246.3024279859631,235.43749786114074,244.57495245843896,2123170
2015-01-15,242.07461547851562,244.39306548586893,239.21063966161,240.93811493636298,2913614
2015-01-16,246.98426818847656,249.25726905114723,240.9380914430911,241.84729178815937,1758970
2015-01-19,246.9387969970703,252.6667475557275,244.98402198080413,248.30259739166394,1211700
2015-01-20,246.6660919189453,249.3936935004151,245.48414233228098,247.5752924461019,769630
2015-01-21,247.39344787597656,248.75724855032416,243.89302059583187,247.48437347025222,1133422
2015-01-22,254.7580108642578,255.93996050685752,247.30255509010743,248.21175566029166,2371577
2015-01-23,254.7580108642578,259.031236896164,250.03015680066008,258.2129619323181,2536747
2015-01-27,251.2120819091797,257.30373623312556,248.2117314192342,255.93993551104188,1147451
2015-01-28,244.0748291015625,253.57595549004148,240.0288767098994,251.84848048728082,2231856
2015-01-29,239.2106475830078,242.5746726512213,235.71022024794283,240.02892245113563,4001604
2015-01-30,234.98284912109375,241.39270069631323,233.9827231545775,240.93810050667798,1672149
2015-02-02,227.5274200439453,235.84659888384516,226.84551968417327,235.02832400143802,3067615
2015-02-03,225.16346740722656,228.7548199885143,220.20832813620382,228.39113151439443,4337167
2015-02-04,227.8910675048828,231.30056889707615,220.93569021412713,226.29996685519262,3557301
2015-02-05,226.39089965820312,232.66437687049714,223.8451357628892,229.02757526956213,2565696
2015-02-06,222.2085418701172,227.93650638267493,220.93566703323557,226.75454324940188,2025770
2015-02-09,224.43614196777344,229.02759325079657,218.25357598612376,222.20858971367522,1814927
2015-02-10,227.16371154785156,229.84584978858425,222.29948415705957,224.0269592617223,1711428
2015-02-11,236.84671020507812,237.8922851422691,227.93654328450782,228.30023177770715,1697080
2015-02-12,238.0741424560547,242.16554446514505,234.57371518784714,238.11959137973966,3366830
2015-02-13,245.21131896972656,246.39326819824092,239.1196661850087,239.1196661850087,1477640
2015-02-16,242.8928985595703,247.57527540276757,240.48352287778886,246.62062601361143,860832
2015-02-18,244.43856811523438,245.48414317573733,240.61991478941695,243.6657421151763,627863
2015-02-19,247.93893432617188,248.9390324646168,243.66568179310406,245.48408240350034,1138597
2015-02-20,246.80242919921875,251.75755411931797,245.21132869571528,248.30260412463244,1182074
2015-02-23,244.30218505859375,248.12081050453867,241.5291068900628,247.07523548052745,986044
2015-02-24,249.53009033203125,250.03013951241707,242.9383866539766,244.30218741495344,1506429
2015-02-25,243.8475341796875,253.34866076885783,241.43813116151654,251.4848112324603,2216601
2015-02-26,239.84706115722656,244.25668877038535,238.98333740092627,243.6202651204686,1549534
2015-02-27,249.0299530029297,249.7573298803175,241.34722722749424,241.34722722749424,1105777
2015-03-02,253.25779724121094,254.80344924517334,245.5295927145955,247.75714511796514,1334769
2015-03-03,257.3037109375,262.3043130935292,251.12115937050154,254.34880966348277,2032666
2015-03-04,252.98501586914062,263.6226718399041,247.2115876755484,259.9403935054423,1938459
2015-03-05,251.6212158203125,256.3035924262767,248.57538886901324,253.66691676194105,571934
2015-03-09,258.57659912109375,259.7130996690474,246.84791901553123,251.0756955045997,1597199
2015-03-10,260.6222839355469,264.48638555881803,256.34905878835616,259.1221088546544,1154212
2015-03-11,257.3946533203125,264.8500803732457,255.84900145441637,261.8497299825012,1603729
2015-03-12,267.4867858886719,268.12320956142474,257.7583298877447,258.6675303459025,1468191
2015-03-13,267.53216552734375,272.12361555330665,263.0316133263791,268.6686658057097,2694057
2015-03-16,268.3504638671875,273.9875168441311,260.53133571247554,267.3048890681101,2217917
2015-03-17,271.57818603515625,272.62376100534493,266.03205773018675,269.94160857405603,1631895
2015-03-18,269.8506774902344,272.0782296503372,265.2137774779309,271.57818051068733,2291214
2015-03-19,272.44189453125,277.988022525059,270.7598682405694,272.66919463143404,1786061
2015-03-20,273.123779296875,274.5785054046287,267.3958281966738,271.8509043575628,1328149
2015-03-23,285.2615966796875,287.1709228761049,272.66916686259657,273.1237670166678,2728886
2015-03-24,276.89697265625,287.0345793843645,275.2604230234519,285.9435277981028,1572199
2015-03-25,276.0332946777344,280.6247463923309,271.9418921708903,278.03351925534315,1690102
2015-03-26,280.80657958984375,284.5797561103581,272.7601496265413,275.9423513721843,1905101
2015-03-27,275.715087890625,282.2158667713723,271.7600596460889,281.7158175292383,1870496
2015-03-30,280.6246337890625,281.3974595017937,276.03318391682836,277.30605863666267,795726
2015-03-31,277.5334167480469,282.3521676764844,274.8512645211318,281.39751837353157,723425
2015-04-01,277.16973876953125,281.3520660272737,275.94231271882734,276.39691290452555,580787
2015-04-06,276.5333557128906,282.2158594376607,275.26048042786215,277.39710737769576,1406302
2015-04-07,275.16949462890625,277.9425724879765,273.94206854352063,277.26067219016164,640602
2015-04-08,267.0321350097656,276.760561418839,265.7137834968592,276.760561418839,1022645
2015-04-09,258.9856872558594,268.03221276335677,257.66733584311305,267.6685382260232,1709240
2015-04-10,265.9411315917969,267.66860689726207,259.3948772539759,260.03132866753475,2582514
2015-04-13,267.2140197753906,270.2598469811843,263.8045179211284,266.3502959536025,1028282
2015-04-15,263.3954162597656,269.6234179677457,261.9406897982683,268.39601939537556,1151958
2015-04-16,261.9860534667969,266.1683802775209,260.3040274101742,264.4409053058235,938691
2015-04-17,259.7586364746094,264.1682374242423,259.1221849217748,262.2134615785388,957354
2015-04-20,264.4864196777344,268.12322167466874,256.6218409086832,259.1221422815756,1301665
2015-04-21,262.3043212890625,269.1233244421577,260.4859204482371,268.57779864059114,1338084
2015-04-22,263.2589416503906,265.3501190350847,255.84896458909054,263.5317183944421,1000321
2015-04-23,262.5316467285156,271.3054260828504,262.12249540120877,264.57734787185467,920184
2015-04-24,254.1669464111328,263.75902673903147,251.3938964459001,263.66810115483196,902525
2015-04-27,244.98406982421875,254.57612337414196,242.02916839219745,254.57612337414196,2196270
2015-04-28,251.6212158203125,253.6214678396539,242.39283712184042,244.21123795884358,2015471
2015-04-29,255.39437866210938,258.57657996057856,251.84850276456237,252.75770313555356,906594
2015-04-30,254.39427185058594,256.5763751024661,251.84852171885305,255.30347229000418,2073775
2015-05-04,261.0768737792969,261.7133251200723,254.57609685534496,255.84897179030318,560922
2015-05-05,264.7591552734375,267.1685306721382,259.1221019567929,259.1221019567929,815861
2015-05-06,254.43972778320312,268.1231821825825,247.89347405428546,263.39535693089147,1280899
2015-05-07,255.1670379638672,264.0317401703648,245.48406110301067,252.75766291347023,902482
2015-05-08,253.39414978027344,261.66785080511215,250.89384880655797,259.2130264970563,703016
2015-05-11,259.8039855957031,266.9866624128103,245.02948072805594,251.84848297466235,5061107
2015-05-12,258.80389404296875,267.53222362561274,254.30336861124246,257.30371889906,1924738
2015-05-13,254.43972778320312,262.30430539387413,250.1210260479487,259.4857787120737,2145572
2015-05-14,251.7576141357422,255.21259270064985,250.89389030446335,254.66706684865417,790611
2015-05-15,246.0751190185547,253.21234876095698,244.75679489199524,252.30314822680634,1520517
2015-05-18,245.71139526367188,247.02974687343692,240.93809341303626,246.75697011973065,1438844
2015-05-19,246.2569580078125,250.39380913433948,244.62038047956898,245.71143216506465,1251139
2015-05-20,245.21131896972656,249.48454350454665,243.75659301776219,249.48454350454665,866746
2015-05-21,244.66586303710938,247.5752880240855,243.43843679805175,245.4386890207084,1010899
2015-05-22,243.7111358642578,247.21156266262355,242.21096087827019,245.3022364320066,1738878
2015-05-25,242.71109008789062,245.43869164986012,240.89268904657766,243.75666513732602,673364
2015-05-26,245.30223083496094,246.71150795362394,242.75648108328585,242.75648108328585,892044
2015-05-27,246.3478240966797,249.02994824350031,244.21119791423595,245.02947260739157,880398
2015-05-28,246.7115478515625,248.1207974515366,243.0292693781984,246.39332214449215,602620
2015-05-29,250.71209716796875,251.39399770423702,246.12064465573727,247.7117459070299,1680703
2015-06-01,251.6666717529297,254.25789856715838,249.34822171980673,250.03012205267765,782209
2015-06-02,249.8482666015625,254.12151971326801,248.0753424143107,251.66666745818696,919391
2015-06-03,249.4391632080078,251.16663861203813,245.16590975108264,248.66633723218976,1147242
2015-06-04,251.71217346191406,254.84889865718588,246.4842703898627,248.93909518443218,791012
2015-06-05,252.71221923828125,256.3944691325059,250.48466753902616,251.893916820374,583483
2015-06-08,247.62075805664062,252.5758840602885,245.52958028965608,252.5758840602885,724985
2015-06-09,245.8478240966797,248.2117510849033,233.7554678347727,245.438700495598,1445869
2015-06-10,245.4840850830078,249.8027865798385,243.07470979725218,247.30248571325234,865826
2015-06-11,241.89273071289062,249.07543533944798,240.93808148864767,247.4843348013154,422233
2015-06-12,242.43820190429688,247.57517693668964,237.61945245725627,241.48355289482558,619359
2015-06-15,241.6199951171875,246.711522670857,239.7561454820891,245.16587096375613,451432
2015-06-16,246.4842529296875,247.66620244187328,239.75617500200667,242.66559985761646,695957
2015-06-17,245.8932342529297,249.43910990273042,242.1655074429991,245.8932342529297,1037008
2015-06-18,252.53038024902344,255.2579811157996,247.30247858770252,248.39353003304933,1360194
2015-06-19,259.6221618652344,261.5769649130518,251.84850958148326,253.1213845860059,761342
2015-06-22,260.258544921875,264.5317967580916,258.3946956987985,263.48619438034996,1329299
2015-06-23,264.5318298339844,265.4864790194937,260.4404286162182,261.25870331045337,891144
2015-06-24,261.0314636230469,264.94101459238806,259.9404119472975,264.6227888747448,941226
2015-06-25,257.121826171875,263.1680301861519,252.84860153563048,261.30415297806843,1447798
2015-06-26,261.1222839355469,262.3042329855477,252.48488284936764,257.12178123520596,727745
2015-06-29,258.8254089355469,260.38734871861044,250.83185508516863,258.18223911696845,653548
2015-06-30,259.69818115234375,261.3979626155611,249.68329118024158,258.18217045684594,1391668
2015-07-01,264.24627685546875,266.26761537511726,257.9525057467166,260.3413858512887,574301
2015-07-02,263.46527099609375,269.06994322326227,262.77617264126525,265.5325660605792,700477
2015-07-03,260.3414306640625,265.0732349698373,258.5957199931299,264.61383594909233,570494
2015-07-06,263.7408752441406,265.34877125983434,254.82855415226993,255.42576706448847,645536
2015-07-07,274.9501953125,277.476888836675,263.0058259254908,263.0058259254908,1354933
2015-07-08,277.1094970703125,280.69280385201444,271.734522878014,272.88302043878326,1499742
2015-07-09,274.03143310546875,278.7632359820422,272.88293590050034,278.7632359820422,690940
2015-07-10,273.3883361816406,276.46631511765634,271.0454124760336,275.6394025180003,570678
2015-07-13,273.4342956542969,275.180006279894,271.32104339005593,274.7206072710794,632480
2015-07-14,274.8583679199219,278.30385981605866,273.02077224198223,275.5474662991492,841874
2015-07-15,275.3636779785156,280.04952375010095,273.43419722813803,275.63930606879234,740982
2015-07-16,276.741943359375,278.8551673491918,274.7205767295168,276.55817256048346,497443
2015-07-17,282.71417236328125,284.8273966711741,277.7985971676708,278.3958102947282,1325307
2015-07-20,284.96514892578125,287.39995763197174,282.16282668573876,283.81665160781546,1049309
2015-07-21,273.2964782714844,287.2621911477281,271.3210401257565,287.2621911477281,664276
2015-07-22,275.73126220703125,278.39577057493347,271.4588574744223,272.01011379644615,628018
2015-07-23,279.5442810058594,283.7248005331261,274.353078108636,276.55818761795786,837914
2015-07-24,273.8477478027344,280.7387331831705,272.05610842751577,279.49837824628503,492885
2015-07-27,260.0657043457031,266.4513602290549,255.4257867023354,266.4513602290549,2064366
2015-07-28,253.03692626953125,261.6736205877337,252.21001379939756,260.0197956474663,937075
2015-07-29,251.01564025878906,257.1715704138206,250.14277088929245,253.5882636012662,681882
2015-07-30,255.7932891845703,257.26337119932003,251.75058467362032,252.30186893408674,740314
2015-07-31,256.43646240234375,260.1575821432598,254.82856630993857,257.9984017827049,627460
2015-08-03,254.644775390625,256.8039555803235,252.8990653791915,256.34455673313147,570059
2015-08-04,250.46429443359375,257.35527816871013,249.6373819932767,256.20678087952405,639251
2015-08-05,255.10427856445312,257.0796888073401,249.17804783579214,252.34788435405494,799374
2015-08-06,254.5989532470703,257.44723289929004,252.76135708944366,257.44723289929004,555311
2015-08-07,255.01226806640625,257.8605462946399,252.71527401774657,253.08281549711464,719636
2015-08-10,255.24203491210938,258.5497128240398,253.22069643889145,255.0123354465515,486969
2015-08-11,253.35850524902344,256.8039971608415,250.83181118035685,255.3798717197507,418453
2015-08-12,248.4888458251953,252.30185062080832,246.69717911859777,251.75056640035675,605985
2015-08-13,249.59141540527344,254.4151038290509,241.73570547377216,249.8670715674651,1170014
2015-08-14,248.81044006347656,253.31257184243643,248.07541301847485,251.75060432245226,627385
2015-08-17,245.22711181640625,249.0401168391238,244.40019945621768,248.99418816780073,482238
2015-08-18,252.57748413085938,253.5881672167935,245.4568018992284,246.2377855583357,537037
2015-08-19,247.3862762451172,252.8531336769109,246.2837078092912,252.66936292444652,534277
2015-08-20,244.53805541992188,248.94830216258265,243.57332884094214,247.3863345171532,700207
2015-08-21,244.4002227783203,247.61601518329823,234.2934466483898,242.1032282033361,506030
2015-08-24,227.26467895507812,243.06798690022083,224.0948148059989,238.29025437519604,1168021
2015-08-25,235.71755981445312,239.94403522059233,225.56485553664191,230.61824333888848,1597619
2015-08-26,238.01455688476562,240.7250215879037,231.0317020749768,234.93659269233783,1193260
2015-08-27,242.0113525390625,246.9728554125381,238.38211778841642,246.00812886806546,1323827
2015-08-28,243.34359741210938,248.075400366764,241.2303456964064,244.85960813978744,695441
2015-08-31,239.02525329589844,245.1352533451617,236.59044461936313,243.48142844322808,823294
2015-09-01,237.46331787109375,246.88099592571484,234.431268112744,237.78487469015099,790014
2015-09-02,236.26885986328125,244.12459824940106,235.30413334333838,238.8874393253212,383966
2015-09-03,236.86607360839844,243.0220303956513,236.0391611544577,238.7955546939169,357378
2015-09-04,236.49855041503906,238.10644658069617,225.56486209646758,237.04983470830402,1271069
2015-09-07,239.8062744140625,243.94086535223602,234.3853719030218,234.3853719030218,591491
2015-09-08,238.10646057128906,242.01135148875593,235.25818158829844,239.80624222561292,517227
2015-09-09,245.59466552734375,246.69723421448802,240.08187817059542,241.0006760633868,619489
2015-09-10,238.8415069580078,242.56262695112326,236.544512384607,242.56262695112326,722147
2015-09-11,238.7036590576172,241.4141238042289,236.5904353171796,241.04661028930286,497202
2015-09-14,240.1278076171875,242.5166874750331,238.38209742704456,239.071195768376,308960
2015-09-15,239.85218811035156,243.38956574431944,238.42806253642996,241.09257092219585,395474
2015-09-16,232.9152374267578,241.55193095815716,231.53704075559355,240.7250185633552,1019498
2015-09-18,230.93984985351562,236.86607928160154,230.021051985023,233.788114833997,1004460
2015-09-21,233.14492797851562,236.0391352696629,230.15883530489918,230.61823417776324,573582
2015-09-22,230.06700134277344,235.71760313402368,228.2753481421144,235.16633277522158,678929
2015-09-23,230.75607299804688,231.76675623471766,226.39178323743278,227.678108631354,417030
2015-09-24,229.3778839111328,231.76676399429329,227.5402881609303,231.44517913011066,490673
2015-09-28,225.932373046875,232.45584302422628,223.72726393833636,229.69944962868212,540529
2015-09-29,230.25074768066406,231.95051529768767,220.05208589955186,224.92171732674726,888282
2015-09-30,231.7667236328125,232.5477072985398,228.36717489090765,232.1801798006573,375581
2015-10-01,231.07763671875,235.67162552031562,229.69944007828033,232.685532799298,489543
2015-10-05,238.24427795410156,240.0818737055084,230.80202357274968,231.39925060380267,1042163
2015-10-06,234.56906127929688,240.35748973304797,231.2613838715132,239.80620549183715,764142
2015-10-07,237.14173889160156,237.96865137729338,233.83406090934812,234.33940254826783,640451
2015-10-08,234.7528533935547,238.7955583724742,232.82337227831331,235.4419517890348,389813
2015-10-09,239.30093383789062,241.64385736076449,235.21227180363388,237.87678021226185,599456
2015-10-12,237.96864318847656,242.14916219085845,236.1769761648928,238.5658561831761,412988
2015-10-13,244.26239013671875,245.68651544911714,237.0498221118531,239.80621539222346,632114
2015-10-14,237.96864318847656,244.12460000026599,237.2336161241518,243.8489438215303,762524
2015-10-15,235.53382873535156,239.80623302619728,233.19089147080234,238.8874351985107,1665527
2015-10-16,238.8415069580078,239.80623346304233,235.02848755431714,237.00391129928718,1552696
2015-10-19,238.65777587890625,241.18447032998225,236.59048041893496,239.6225025444305,568247
2015-10-20,238.10646057128906,241.36820980839389,236.36075023961274,238.65774489694618,869836
2015-10-21,235.80947875976562,240.17376884644554,234.52316728948372,238.428058419671,476418
2015-10-23,237.04983520507812,239.20901566852507,236.17696606895578,238.88743082682294,319023
2015-10-26,236.4066619873047,237.92270078416595,235.25816474088467,237.3254597844407,285311
2015-10-27,237.04983520507812,237.73893356323242,234.98254013061523,236.3148081721738,411764
2015-10-28,234.9825439453125,238.70366392396062,234.29344557597142,238.70366392396062,358067
2015-10-29,231.99644470214844,236.08510613150452,231.16953228932462,234.7528381045502,588408
2015-10-30,233.0071258544922,235.6716338456299,231.62892916533647,232.31802750991432,335995
2015-11-02,233.51248168945312,234.24752281658843,230.89391607494684,232.45586970776972,302790
2015-11-03,229.05628967285156,234.79877580574623,228.32124864389272,233.55839319314438,526998
2015-11-04,228.50502014160156,230.8479574389604,226.02426877605674,229.88321690243117,526834
2015-11-05,223.86508178710938,229.2400546072401,221.981557484086,227.58621573798894,571499
2015-11-06,222.16531372070312,225.51892012623128,219.1332781374938,224.3704228613597,588418
2015-11-09,237.23361206054688,241.5060163826581,216.1931332407044,219.59268242407424,2898664
2015-11-10,238.38209533691406,241.91944435981335,235.3500458379508,237.23359811143172,1173700
2015-11-13,235.16627502441406,240.08183444371534,234.10966324804536,234.4771767303282,369234
2015-11-16,237.18765258789062,238.8874341696872,231.6289369701205,235.02848611397144,388170
2015-11-17,235.62571716308594,240.63314856482978,235.2122469195038,238.70366749392124,601296
2015-11-18,241.9654083251953,245.22712932753888,235.5797523443164,235.67163773300578,1702132
2015-11-19,252.34779357910156,253.3584767005814,244.53801279232027,245.6405812956586,1921763
2015-11-20,270.2184753417969,275.63937749122687,252.4856585661688,252.4856585661688,6302707
2015-11-23,271.5507507324219,274.2612161784577,266.2676619785655,271.91829238167435,2656743
2015-11-24,266.0838317871094,271.82631767668147,264.2462363024463,271.6885036232281,1580680
2015-11-26,269.5753173828125,271.04539973503586,264.5678852961466,265.67042603069757,2405838
2015-11-27,263.8327941894531,271.6425758306772,262.7761822811845,271.6425758306772,1054394
2015-11-30,262.54644775390625,266.1297532439636,261.62765003648224,263.8327589504036,589370
2015-12-01,270.81561279296875,273.80170521562235,263.74085952965913,264.797499280028,2885585
2015-12-02,265.62451171875,272.5614255155341,264.61382829444955,272.10202650807844,1252223
2015-12-03,275.593505859375,277.79861572787104,262.04123366069933,264.79762800619267,13578699
2015-12-04,275.5474548339844,279.72800165104087,273.8936300084461,277.43100714919126,4015650
2015-12-07,271.2750244140625,278.028193203816,269.29961494155145,277.10939549199867,841415
2015-12-08,268.1051330566406,274.07731755893946,266.45130856410293,270.12649902705607,1122956
2015-12-09,260.0657043457031,278.21196077509563,252.34780848489615,276.83376408425573,5070030
2015-12-10,280.2333068847656,286.4811202159121,258.1821614249808,260.4332270731264,19325231
2015-12-11,276.2365417480469,286.6649019625955,274.3530175503036,284.55167832417703,8123017
2015-12-14,278.6713562011719,281.93310515255786,273.5261110510406,274.7205369524318,2468665
2015-12-15,277.7066955566406,281.1521880573434,273.2045909636203,279.5442915570154,1462778
2015-12-16,276.5122985839844,281.79538764318715,274.9962592919233,280.0496488268129,1817117
2015-12-17,281.38177490234375,282.9896707589286,277.0634148145817,279.4982509718501,2272897
2015-12-18,280.095458984375,284.8272611012256,278.8550765942644,280.83048586174823,2353060
2015-12-21,280.2333068847656,282.8059293059479,278.39571142978355,279.17669510604725,954101
2015-12-22,279.26861572265625,282.98973577270465,277.84446224166754,281.42776822310026,849882
2015-12-23,278.855224609375,282.9898160780478,278.39582555730027,279.59025187689747,941622
2015-12-24,280.1874084472656,281.0602495588755,278.441670145077,278.441670145077,597724
2015-12-28,276.0528564453125,281.0602884700165,272.0560797382356,280.18744723756686,938705
2015-12-29,277.0175476074219,278.6713724967469,274.53678223394957,277.47694652551047,747176
2015-12-30,275.5014953613281,279.0388721066287,274.2611128610954,276.9715772860676,757374
2015-12-31,279.9576721191406,280.92239849425255,273.9395303236211,275.455540930003,1100377
2016-01-01,294.7043762207031,296.0366441645396,280.0495409964295,280.233311760918,3254573
2016-01-04,282.2547302246094,294.4288025776914,280.8765333544492,291.7183375172481,1657583
2016-01-05,283.4031982421875,287.81341655379435,277.56882648866707,284.73543825489924,1397453
2016-01-06,278.7633056640625,287.21625842139434,277.10948049129695,285.70024733977766,1539736
2016-01-07,271.5507507324219,276.8338394862783,268.2431002050786,276.8338394862783,1047121
2016-01-08,278.44171142578125,280.46307815984585,272.1938964941993,273.80179292918615,1256524
2016-01-11,271.8722839355469,277.0175576118566,269.43747518964165,277.0175576118566,995934
2016-01-12,266.3135681152344,274.1692786846315,264.4300156588362,270.67785799589626,950511
2016-01-13,261.1682434082031,269.75900741844464,252.3937366836317,268.5645535976389,3076906
2016-01-14,265.30291748046875,267.8296119326637,247.06477191763653,257.26343513257575,2742660
2016-01-15,258.1821594238281,267.82953548770786,255.97705050283759,267.3701366275231,1408185
2016-01-18,253.81788635253906,258.7334600762224,249.9589244664086,257.3552634082448,1807866
2016-01-19,261.3061218261719,262.54650462125636,250.7399457871712,255.51770616842725,1897772
2016-01-20,263.2355651855469,266.3594720440756,253.68007383731893,257.21745091455017,1409671
2016-01-21,265.8081970214844,272.6073232932233,259.9738533199686,266.40543803362556,1256623
2016-01-22,274.03143310546875,275.63932919242455,267.0485644913642,269.20774484460134,1474466
2016-01-25,277.52288818359375,280.04958235127566,273.8017679888021,277.0175605658518,1484949
2016-01-27,275.8689880371094,279.222593774211,267.5538807125649,276.1905728150733,3386665
2016-01-28,271.4588623046875,280.0496006031061,269.98877999432847,275.639381711517,2665346
2016-01-29,272.6072998046875,273.84765431814765,268.38082460626566,272.7910425284126,1140870
2016-02-01,279.3604736328125,280.96836986200196,270.21845189625475,276.55815142059055,2542521
2016-02-02,280.4171142578125,285.74613055723376,277.5688353228177,280.3252288651704,2012188
2016-02-03,274.9043884277344,279.68212147537,267.9215176232762,276.55821370585994,2075622
2016-02-04,273.8477478027344,282.5304005978804,269.8050419874434,277.15542639324195,1231929
2016-02-05,279.13079833984375,280.23336706540425,271.96418574216284,271.96418574216284,877813
2016-02-08,279.63616943359375,285.47054218554666,276.0069062148032,277.70668807726827,1016866
2016-02-09,269.8968811035156,278.349832935999,267.8295858439993,278.349832935999,1313942
2016-02-10,265.8125,271.28933636871415,261.77448368170195,268.1795983613441,1032455
2016-02-11,250.588623046875,265.3018046649613,245.99363624585985,264.55919369837756,1878790
2016-02-12,253.74485778808594,256.7617620112341,240.51689311735925,251.56339829943352,1691861
2016-02-15,270.91796875,271.985482897661,256.2511577944165,258.4790478941604,1610739
2016-02-16,261.6816101074219,272.5424760134236,260.33562376000214,271.98550344640785,652246
2016-02-17,261.8672180175781,263.44527355131163,252.49160496169725,260.8461065964593,1091856
2016-02-18,260.42840576171875,268.2723669219244,255.5085432361927,263.16683744763174,1323939
2016-02-19,260.9853820800781,263.1668412802599,257.2258671075942,258.85035378216367,966711
2016-02-22,261.1246337890625,264.6521077769518,259.9178835185326,262.88838494740776,927653
2016-02-23,259.3609619140625,262.0993943420794,256.76179389976016,260.5677407504796,725489
2016-02-24,255.32290649414062,259.4537557981182,253.83768404349024,257.133060307974,632801
2016-02-25,251.42413330078125,255.41571786673438,249.79964659832126,255.32288438940526,947738
2016-02-26,254.3018341064453,255.9263210195905,250.26381811372377,253.5591945202968,682927
2016-02-29,252.67730712890625,255.18364097164496,247.98948578270395,254.3017937844736,949575
2016-03-01,264.9306335449219,266.78719023175216,250.77438880784086,252.67737640912605,1541077
2016-03-02,263.12042236328125,268.3651876353572,261.6351718301701,266.4622006517843,819366
2016-03-03,257.36505126953125,264.23430215704406,255.27642596617167,263.63092717961,3360859
2016-03-04,260.7532653808594,262.70265470342815,257.50429261950956,257.59712607844983,1049803
2016-03-08,264.698486328125,266.87994546113225,258.80391491044116,261.49594397987056,1418658
2016-03-09,264.97698974609375,266.60147638902777,261.40311346587924,264.5592532778198,1057117
2016-03-10,263.12042236328125,265.6731869790419,260.89253239921567,265.6731869790419,520634
2016-03-11,269.94329833984375,271.4749800845844,261.49598909776466,263.63101769830706,1575647
2016-03-14,273.4706726074219,275.4200618460844,271.14997787777435,273.84197809840686,1046575
2016-03-15,272.9137878417969,274.77034422167304,270.36102281946717,273.79566345375895,568008
2016-03-16,269.10784912109375,275.0952549451131,265.9517088528243,272.8673928927348,540347
2016-03-17,271.5677490234375,273.8420417183812,270.08252671444535,271.79981855031747,473012
2016-03-18,271.2428894042969,273.006612240721,266.60149860907484,272.0783340816766,623172
2016-03-21,278.0657043457031,279.8758580426735,271.01081317416873,271.75342435155113,1056670
2016-03-22,282.1037292480469,286.837953564878,278.4834500629883,279.96870079575126,1716382
2016-03-23,282.2429504394531,284.8885487414482,277.601559849567,282.19654786507425,1399534
2016-03-28,282.2893981933594,283.8674540908397,278.01931293000956,282.19656471026013,736828
2016-03-29,280.4328308105469,284.7957210564989,279.22605223535123,281.2682754679589,949406
2016-03-30,290.2262268066406,291.71147786487245,280.98987401950046,282.1966245693595,1679211
2016-03-31,298.3021240234375,301.3190273520899,290.27252544524464,292.7788589056175,3164859
2016-04-01,290.78314208984375,296.53847818100394,289.99409996510053,296.12074166531573,1430926
2016-04-04,295.3316650390625,297.048985150222,290.0404969883534,291.2008445865965,2151591
2016-04-05,292.87176513671875,295.9815026985425,291.24727832534234,293.7072098310948,500757
2016-04-06,303.96466064453125,307.6777728670142,292.6860596057008,295.192421687396,1621911
2016-04-07,298.4413757324219,308.5596002236872,296.12068074227864,307.2136141266819,1542439
2016-04-08,308.7917175292969,309.9520652040115,295.19244844740155,297.55954637229917,2534869
2016-04-11,322.0661315917969,324.3403961758317,309.58077851794786,310.04491761617567,3022860
2016-04-12,314.68634033203125,322.6231083805648,312.87618633488245,322.11256665255115,1523973
2016-04-13,313.758056640625,319.14205929879427,312.36563922949796,317.0070305999214,988957
2016-04-18,317.8424377441406,319.51335543691744,307.5385444561552,313.8972555464418,1036988
2016-04-20,325.77923583984375,327.5893612782124,317.8424404708683,322.9479704175723,2070565
2016-04-21,317.2390441894531,328.61045104042836,315.61455749645665,326.753894819861,1455382
2016-04-22,313.89727783203125,316.96061298854056,309.76645670550676,316.96061298854056,1246643
2016-04-25,318.1673583984375,320.25598438354757,313.85087036163725,315.61459330552515,1036383
2016-04-26,321.2770690917969,323.4120974767744,317.98166470600904,319.04920722729844,1172271
2016-04-27,319.51336669921875,322.1125343189748,317.74961546209596,320.62728353819887,646469
2016-04-28,313.06182861328125,321.74123560605204,309.16304877123144,320.25598479342335,2546537
2016-04-29,308.37396240234375,315.01114442519497,306.74947590513136,313.3866579279826,822989
2016-05-02,310.4626159667969,313.2938527863839,304.7536830974281,308.28115680756156,1091143
2016-05-03,305.496337890625,315.42889687270076,303.77901768637815,311.06600666409565,1062736
2016-05-04,309.2093811035156,310.97310348738677,303.5468801205238,304.4751580413817,1969937
2016-05-05,312.3192138671875,313.6187976903553,307.86346147929453,310.9731991364192,782642
2016-05-06,316.6356201171875,320.16306505924143,309.7199379335347,311.85499425428975,1182589
2016-05-09,315.8002014160156,320.9985357914054,314.7326590040146,318.5850355437449,2073787
2016-05-10,320.8594055175781,322.5767261281947,309.1630926598304,315.8467081010597,1726735
2016-05-11,315.7537536621094,323.9690195661506,311.6693361585532,315.61451762891465,5915820
2016-05-12,317.70318603515625,320.0238813312494,314.03647613580904,319.0492006384103,1508259
2016-05-13,333.9944152832031,339.98181975442424,321.09135666340205,321.1841901297769,8304709
2016-05-16,331.9522705078125,337.33627242037466,331.16322841835057,334.8299384247202,2953151
2016-05-17,339.74981689453125,345.5051529931179,333.0198000298172,334.64428685923093,2634702
2016-05-18,337.9860534667969,341.32786020941387,332.9269266161462,339.56410920025576,1572800
2016-05-19,330.93115234375,338.8215164248773,327.07880378166556,338.8215164248773,1666347
2016-05-20,339.28570556640625,342.34901250675625,330.69913162252317,334.08734162110534,2941080
2016-05-23,340.0282897949219,343.23086088316194,335.4797323279508,343.23086088316194,2038549
2016-05-24,340.5852355957031,342.34895835293787,335.66537290518505,341.9312501974033,2273857
2016-05-25,346.5726318359375,349.7751742608814,341.1421993237988,341.97764394209725,1524684
2016-05-26,349.8216247558594,351.26044454969303,346.10851217430064,347.91863756053004,2802034
2016-05-27,348.0114440917969,350.610639694894,345.319443344388,348.10427756490725,1317173
2016-05-30,345.7371520996094,350.7034167318046,343.7877626357215,347.640110666264,1750460
2016-05-31,338.3573913574219,350.9355491696408,330.42062437315104,346.24775576493374,22941574
2016-06-01,331.0704650878906,337.33634389789245,327.91432439009554,332.7877856867636,1855916
2016-06-02,337.6611328125,338.8214803479381,327.49647707054294,332.32353414948454,1735560
2016-06-03,335.3404846191406,340.4460144887746,333.7624004188242,338.82152771207285,1218055
2016-06-06,334.1801452636719,335.4797290517147,331.53454678124075,331.53454678124075,742545
2016-06-07,334.31939697265625,335.57257824180954,330.8383536298989,334.27299439294075,1222530
2016-06-08,336.68646240234375,338.8214906006367,332.13787726274876,334.5978367753535,1168726
2016-06-09,331.6737365722656,337.8003773798248,328.74966637489365,337.8003773798248,714771
2016-06-10,328.98175048828125,334.0872799997012,326.0112775880074,330.9311401493105,698157
2016-06-13,333.0197448730469,335.29403738906467,322.62301955524737,326.0112570441714,989007
2016-06-14,333.90167236328125,338.8215353811304,331.7666155540095,334.36581145284447,1056161
2016-06-15,334.31939697265625,336.96499557891246,330.46704800576543,335.5261756620941,953839
2016-06-16,334.1801452636719,336.593674200781,331.85944981045196,335.0620208674162,1268132
2016-06-17,334.412109375,336.63997064192705,329.7707199319049,334.69058141006855,2281420
2016-06-20,338.2181701660156,341.1422408504014,331.4417222620458,333.25187609603836,1436685
2016-06-21,341.6063232421875,342.67383733655976,338.82148908532184,339.65693366662197,1101673
2016-06-22,340.16748046875,343.4628559988421,336.03663208535363,340.77085549596177,515691
2016-06-23,340.7709045410156,342.90593289190656,335.3404718569493,338.35737575600837,394690
2016-06-24,333.7160339355469,336.9650078403436,323.5049730919001,334.18017306480357,1419379
2016-06-27,333.808837890625,337.2434501459357,329.7708221576284,332.36998971996087,696659
2016-06-28,331.9522705078125,336.0366886823908,330.51342238495823,335.66538308993836,476319
2016-06-29,334.3393249511719,337.19454287211215,333.68405010998634,336.0711737608466,671963
2016-06-30,336.91375732421875,338.3179547250436,331.9522712686919,336.07124459741766,1451729
2016-07-01,343.3731384277344,350.2069178205712,335.08839471703556,335.1351898804107,1234937
2016-07-04,343.9347839355469,346.83679794513864,342.0157253608103,344.4964686742538,456514
2016-07-05,345.10491943359375,347.9601380440892,340.0030191949045,344.30920183498125,780963
2016-07-07,333.6373291015625,346.509139858324,332.5139882129647,345.4325941269074,1184684
2016-07-08,334.5733337402344,336.4455964120526,329.1437834193458,335.13501825547206,555838
2016-07-11,334.7606506347656,338.59879573373996,333.07559669039085,337.1009795282295,738199
2016-07-12,334.1053161621094,336.35202597798184,331.6713686247204,334.8542384797104,698097
2016-07-13,336.91375732421875,339.8157709996173,333.6372967222941,334.85428494409047,1397233
2016-07-14,335.9775695800781,338.692345054326,333.6840646830689,336.91370102419563,880307
2016-07-15,336.67974853515625,340.9391647637749,334.43303824663377,340.19024228861986,1097041
2016-07-18,334.8542785644531,339.44131760606166,332.5139496076663,337.47543556866697,659661
2016-07-19,336.63287353515625,337.7562141287432,331.9990114522748,334.85422950229525,661303
2016-07-20,342.8581848144531,344.8708619604211,337.0073625479949,337.7562563707143,2477492
2016-07-21,341.7347717285156,349.17702812532866,339.4412668349909,344.02830519050474,4619396
2016-07-22,351.8919372558594,354.7939515441903,343.3263370153873,344.0284358640895,6476301
2016-07-25,356.9468994140625,362.2828599413595,348.89619204791444,361.81479423084096,3932524
2016-07-26,347.3515930175781,360.1298112656243,344.68364101002015,359.00644200146627,1437392
2016-07-27,352.59393310546875,355.26191366486665,347.492033436342,349.1770587536107,1880602
2016-07-28,356.1980895996094,360.41068198646417,352.5939770660506,352.9216288542779,2253028
2016-07-29,364.763671875,366.7295539468005,356.24486860951066,356.7597581300963,1815859
2016-08-01,378.2908630371094,381.5673243106356,365.6530838392225,366.49559673871994,2037024
2016-08-02,374.35906982421875,381.89494732559314,369.02313615118373,380.06947904074224,2052533
2016-08-03,365.04449462890625,375.10790838558364,361.0191119851554,374.45260489962266,1246630
2016-08-04,379.36737060546875,383.2523114383818,367.94655246275175,369.72522554368715,1951382
2016-08-05,380.5374755859375,384.75006756659366,378.3375607267902,382.7373904450848,1024135
2016-08-08,378.243896484375,384.7500214125323,376.465252464044,380.06936421773264,760819
2016-08-09,387.8392639160156,394.766659779577,379.69493711433,380.91189662092006,2930151
2016-08-10,378.8524475097656,389.33710366772794,377.261012456631,388.073320368882,819212
2016-08-11,374.265380859375,380.11620302493844,371.2697770516871,379.0396574601683,987917
2016-08-12,373.1419982910156,383.29903014485893,370.5208131137691,375.3887080368952,954738
2016-08-16,383.8607177734375,384.9372918745978,370.9421142441814,373.7037136514302,1472054
2016-08-17,388.9626770019531,390.08604634125976,381.4268291035508,386.9967949424011,1490193
2016-08-18,383.48626708984375,391.1157331773193,382.4097215677893,388.9626421332104,713737
2016-08-19,388.7286071777344,390.3668373103317,381.4735880190891,385.2181140364544,758848
2016-08-22,389.1966857910156,394.11137635121486,385.4989547992883,390.32005506073375,1102828
2016-08-23,384.9372863769531,391.8178300856025,382.4097198854522,391.8178300856025,850550
2016-08-24,384.8437194824219,388.4946271321383,383.81396897391977,385.6394370830131,1026268
2016-08-25,389.14984130859375,393.1751949725944,384.18832765952806,385.68614363978304,2117785
2016-08-26,388.16693115234375,391.2561823261212,384.28199103703906,389.89878018739773,405096
2016-08-29,389.6179504394531,391.1157380181715,384.0479564625186,385.8734243557235,468604
2016-08-30,394.9538879394531,400.94512403514614,392.70717797462663,394.0645801244526,1261860
2016-08-31,390.92852783203125,398.2771659658131,389.7115397169238,394.5794350404201,1501428
2016-09-01,395.8432922363281,399.2601672032713,389.6180221894088,390.3669161166803,971310
2016-09-02,400.47705078125,401.8812480540713,395.8432169220197,395.98363093560846,807951
2016-09-06,404.17474365234375,405.8597687937461,400.7578696571053,400.7578696571053,757069
2016-09-07,396.1708984375,404.36204981117316,394.5326681627654,402.8642335605792,847761
2016-09-08,393.4093017578125,396.498524585751,389.33712361664345,396.4517294335124,1359292
2016-09-09,391.0221862792969,397.48148869698474,389.4307511093947,393.1752775623696,832458
2016-09-12,382.3629455566406,388.49459582235323,376.88657023918614,387.55846426615483,549828
2016-09-14,381.7076416015625,387.043602893153,379.22689869417906,381.94167449034336,1525413
2016-09-15,383.81402587890625,388.2138566273469,381.9417623380336,381.9417623380336,874277
2016-09-16,384.0947570800781,395.04750745832376,379.50771827589057,387.4648363171127,3674530
2016-09-19,386.7626953125,389.43067560667123,381.09911157781744,384.5627807342022,737114
2016-09-20,386.5287170410156,390.92854681896506,385.31175743526865,387.4180534541548,804363
2016-09-21,380.44378662109375,387.55839081348796,379.2268272560692,387.5115956719341,1210920
2016-09-22,383.2991027832031,385.45219407926953,380.2098512997737,382.87783212731324,956997
2016-09-23,382.1288757324219,386.809533060999,381.37995341877047,383.8139009433236,868961
2016-09-26,384.0011901855469,385.5925967497041,379.27370850831556,382.8778208485791,887659
2016-09-27,383.62664794921875,389.85194480314664,382.0352416619413,384.1415373759417,1099684
2016-09-28,392.4731750488281,397.6686940245912,382.40976030398633,384.75008931441465,3906014
2016-09-29,382.8309631347656,398.69837387347695,371.17611530010055,395.93680327146524,2403197
2016-09-30,391.4902038574219,393.17522912629096,380.0225930079051,380.0693881554146,992533
2016-10-03,403.6599426269531,405.3449680181169,392.2391260960531,393.17525766191477,1980927
2016-10-04,423.4123229980469,426.4079556285333,407.1236384198935,407.9193560156605,4314465
2016-10-05,419.90179443359375,425.6122025901632,416.57853886553664,425.6122025901632,1623542
2016-10-06,419.386962890625,430.0588575719157,417.18704788498246,420.4167133792736,983294
2016-10-07,418.16998291015625,423.88036262096233,415.26796933526583,419.94862717590576,1064980
2016-10-10,418.6849060058594,423.1315316146416,417.18708956078564,418.49766823704795,523876
2016-10-13,411.3362121582031,417.5146863242285,407.63850954372225,417.5146863242285,1641218
2016-10-14,413.6296691894531,415.64234600710114,408.57456528954594,415.1274851590273,849782
2016-10-17,396.0773010253906,415.17438069188705,394.95393163446187,413.7701832374613,1323566
2016-10-18,404.2684326171875,406.74917561553326,395.2815636447846,397.9495443884077,3415632
2016-10-19,383.0182800292969,406.281158529777,381.9417342860576,404.40889512641394,6376380
2016-10-20,382.5033874511719,387.9329394454123,380.06943951398927,384.7500976360827,1460665
2016-10-21,386.0606384277344,389.43071765963623,381.9416653969509,381.9416653969509,1111606
2016-10-24,381.94171142578125,389.0563176464262,380.7247517138226,386.9968165986048,758686
2016-10-25,381.8948669433594,384.93729439875074,381.09914943364055,381.09914943364055,645015
2016-10-26,379.5545349121094,384.6564345375647,376.0908368725795,381.0523224842088,971121
2016-10-27,381.7076416015625,383.8139376005901,375.2015158660678,379.18007497534217,1465937
2016-10-28,381.0991516113281,385.1245057633071,379.4140977160947,384.7500588649665,450311
2016-11-01,381.2863464355469,384.6564255307932,378.57157081410014,380.0693869195947,742038
2016-11-02,382.64373779296875,387.55842800315367,373.6568699806519,380.0693762543005,1281658
2016-11-03,370.47406005859375,383.2522499729477,366.40188211178616,381.28636800878536,1262241
2016-11-04,361.4871826171875,372.0186622720429,356.15125006647423,369.30388656359577,905797
2016-11-07,367.24444580078125,373.89098642734837,363.07867697534533,363.2190910133314,843004
2016-11-08,369.1165771484375,370.38036017528566,362.37644861934973,368.83574917289855,580260
2016-11-09,351.1429748535156,361.81486956155976,329.1906770322892,344.4964346666339,2819923
2016-11-10,354.0450134277344,367.38488989125875,350.62810993493144,360.41069743557136,1469313
2016-11-11,332.0926208496094,353.85767633869585,329.2374314493943,353.85767633869585,2120338
2016-11-15,306.2085876464844,333.26277948050705,304.0554682784256,333.26277948050705,2348171
2016-11-16,304.6171569824219,313.60402428764104,297.68979021931295,310.79563004028904,2450691
2016-11-17,306.4894714355469,315.8507871700991,299.6557223767111,306.86391835123527,1319551
2016-11-18,299.5153503417969,311.7318576605652,295.86441383874205,307.05119913713327,1077334
2016-11-21,291.5113525390625,299.936536303593,283.46061567259545,299.09402364083337,2185633
2016-11-22,295.25592041015625,296.9877696981343,285.75418975683374,291.65180779862806,1149648
2016-11-23,306.4894714355469,313.4168393654219,294.64741274503194,296.0984052565002,1861091
2016-11-24,313.3232727050781,320.48467406869,302.65134910764954,306.1150476181793,3235171
2016-11-25,311.1233215332031,313.60406438855347,307.6596234245098,310.09357113047264,1309349
2016-11-28,312.8083190917969,315.47629944471066,306.1149849211287,310.2339575978118,907372
2016-11-29,321.70159912109375,325.6801581798682,310.795672356029,315.47633007223425,1726892
2016-11-30,322.3569030761719,325.6801586319032,317.86345452129757,323.52706750684735,2253643
2016-12-01,313.46368408203125,325.5397764748074,312.10628178221043,323.38668513902644,653055
2016-12-02,312.5275573730469,319.9697868567715,309.8595764542332,310.7489129499947,655854
2016-12-05,315.66363525390625,320.43788428974193,310.32767288994756,312.66800224809197,655374
2016-12-06,310.8893127441406,319.08046431450015,309.485115332079,318.9400502869879,722918
2016-12-07,309.5319519042969,312.6679989245703,306.208695678446,309.9532226116744,729497
2016-12-08,329.8459777832031,332.23310195614806,310.327628043259,312.66795706319306,2290713
2016-12-09,326.56951904296875,331.39059113820633,323.1058206460573,330.8757301782326,708629
2016-12-12,316.69329833984375,325.7737859858008,314.91465407258045,325.7737859858008,694667
2016-12-13,315.89764404296875,318.28476837841833,312.2935313932247,317.4422555875815,724310
2016-12-14,315.89764404296875,321.654848110237,314.63386057247783,318.0039403042965,562051
2016-12-15,314.3997802734375,320.6250492383872,311.1701150654012,313.32323472691445,830188
2016-12-16,301.3875732421875,316.4124736555441,299.56210523601806,315.47634207668153,1590600
2016-12-19,304.5704345703125,307.8936904625524,300.0769855604374,300.49825622552487,812853
2016-12-20,298.766357421875,305.5533106812605,295.30268807195773,304.57038405039094,917260
2016-12-21,301.5279846191406,303.8214898261451,297.78345833655203,300.0301683924115,570929
2016-12-22,301.2471008300781,303.63425326095415,296.2388202337089,301.527957417016,742833
2016-12-23,304.75762939453125,307.80005707897675,297.3621955060344,300.49824206369516,728803
2016-12-26,293.5240173339844,307.9872602854121,292.68150470647123,306.5830630500683,985546
2016-12-27,301.481201171875,302.8386035580247,290.7156866713579,293.61770064171344,989159
2016-12-28,299.7025146484375,306.86391540286917,298.8600019541164,302.6045282119597,571069
2016-12-29,307.3788146972656,308.9234261141425,300.1705899938813,300.68547951181966,804224
2016-12-30,320.3910217285156,321.5143910114884,309.01702915440353,309.8595418323993,1848478
2017-01-02,320.0166015625,323.8079232144967,315.4763574697897,323.8079232144967,753723
2017-01-03,320.9526672363281,323.2929958167761,318.2846869409246,321.0930812374622,596020
2017-01-04,328.7225646972656,332.60750463986034,320.39100020831734,321.04630367411363,1529045
2017-01-05,336.5861511230469,338.4116194186696,322.9654459182324,330.4544997366262,2533739
2017-01-06,337.75628662109375,344.1219989582118,336.0712610848255,338.69241826756956,1869451
2017-01-09,341.4071960449219,342.57736051098146,335.4627548436457,337.75626005604136,743953
2017-01-10,344.0751953125,346.0879013246463,340.65832031717366,344.4496708477185,890387
2017-01-11,346.78997802734375,348.2409706443068,340.98595042255045,345.43257571975596,729433
2017-01-12,340.7050476074219,348.61534110165394,338.9731987368859,348.14727538358824,804786
2017-01-13,347.8664855957031,349.8323675412379,341.2199459553082,341.2199459553082,1444589
2017-01-16,357.0405578613281,358.3979599997369,347.3984145828347,350.1131902911852,1911037
2017-01-17,349.0366516113281,362.14249321671065,346.6494990349815,357.0405648786569,6730213
2017-01-18,355.07470703125,356.7129373431472,342.06248341044596,348.9898515870603,4042589
2017-01-19,362.9850158691406,364.1551803303564,351.8450559120599,355.7299962096027,2370381
2017-01-20,375.5759582519531,378.8524184062053,362.28287991302943,362.28287991302943,5887008
2017-01-23,384.0479431152344,386.62230470832856,375.8567925917528,376.69930521761773,2060589
2017-01-24,386.43505859375,388.3073215298989,381.80122496786055,387.27759976978916,1506540
2017-01-25,396.779296875,399.35365820729584,386.24781869742606,387.4647780816717,2008572
2017-01-27,396.4517517089844,404.5961084489303,392.28595446080516,396.91981753154516,3373128
2017-01-30,393.970947265625,396.91975577526216,390.60086815383994,396.91975577526216,882683
2017-01-31,393.2220764160156,395.7964383766616,388.5882420279347,392.70721545127435,1222730
2017-02-01,399.72821044921875,401.1324079098132,389.6180001603269,394.76672418250655,962380
2017-02-02,395.656005859375,399.49415104414305,393.26888176206984,398.3239865712545,877484
2017-02-03,394.2987060546875,398.13682338977526,391.53710595410104,393.36257430106144,556532
2017-02-06,407.21728515625,409.7448521466776,394.62630249816795,395.04757318606323,1367964
2017-02-07,410.2128601074219,413.2552876706581,406.749161915735,410.8681350568843,1138851
2017-02-08,413.4893798828125,415.31481954156646,403.3791404657081,411.8979445786426,1014101
2017-02-09,411.6638488769531,417.5146710611054,408.3405933037417,415.1743421874445,1086462
2017-02-10,411.3830261230469,414.2382159581964,407.40446698672525,414.2382159581964,423606
2017-02-13,407.35760498046875,410.4936511303917,402.6301524666725,410.4936511303917,635367
2017-02-14,400.336669921875,407.9193415367686,397.9027220670553,407.2172428422131,993716
2017-02-15,392.1455078125,403.9875664246749,390.8349293320264,400.8515485291207,872647
2017-02-16,403.75347900390625,406.74911104195775,392.23907370904556,392.23907370904556,1276286
2017-02-17,399.1197509765625,407.45131728782303,394.95395353669625,406.18753379506245,1361108
2017-02-20,386.8096008300781,398.79207426318,382.12894268144925,395.70285131247294,5044848
2017-02-21,392.4731750488281,396.9198001686419,383.3926870609785,385.686220918586,2257085
2017-02-22,386.20111083984375,394.11143491577945,380.8183537121342,392.70723740420306,2591528
2017-02-23,383.0650329589844,391.30297898389,379.92898662424784,386.8563542227094,2842975
2017-02-27,376.9333190917969,383.7202720406105,375.52912192997337,383.25220632000264,994287
2017-02-28,380.16302490234375,381.8012551007681,370.94212350037594,377.16739254069506,2222959
2017-03-01,384.1415710449219,386.43507610455237,379.6949463700752,381.7544185520822,2584648
2017-03-02,394.0177917480469,404.3152395315564,384.6564755812201,384.6564755812201,6821583
2017-03-03,395.0942687988281,397.1069742800337,387.1839751522953,395.37512537615356,1613500
2017-03-06,396.54534912109375,399.40053905676695,393.7369543377552,395.93686929839754,874933
2017-03-07,396.311279296875,399.72815358454847,394.953877184014,396.264455580434,899865
2017-03-08,396.8729553222656,398.23032883727194,390.0860020418366,395.04748749531564,777650
2017-03-09,396.54534912109375,402.06851981463234,394.8602951100092,398.65164520859764,883398
2017-03-10,395.0942687988281,401.22594696462374,393.2688296043043,399.4940980607436,540929
2017-03-14,396.1708984375,401.64724535826645,394.3454304182653,400.61752346892257,570672
2017-03-15,404.7833251953125,406.28114156916956,394.3454628709969,396.68579202750135,1106569
2017-03-16,408.2469482421875,409.8851783486421,404.8768691666448,405.2981397642623,684874
2017-03-17,414.4253845214844,415.64234392089446,408.24691153329195,408.71497723590556,1292442
2017-03-20,418.9656677246094,420.3230699122924,414.5658665392141,416.5317485264395,1061042
2017-03-21,422.9910888671875,424.4420814873547,415.78286378420137,419.2933574476419,1454582
2017-03-22,421.3059997558594,422.94422999598976,416.57854677601324,419.855007256274,962476
2017-03-23,424.5356750488281,426.73558999375615,421.25921449167066,422.9910636427191,731069
2017-03-24,417.88916015625,425.56545106422413,415.03397006951786,425.56545106422413,757678
2017-03-27,420.46343994140625,423.13142031861264,416.0168155022173,418.91882874464414,415115
2017-03-28,421.5868225097656,423.459085490985,418.4975714496741,420.0422112639528,535768
2017-03-29,431.4162292480469,434.73948481327557,416.2508867557656,423.03784047307937,1278962
2017-03-30,440.91796875,444.1944292396497,433.4289162022293,434.36504777070064,2556202
2017-03-31,436.0032653808594,442.2285344171019,432.91404272181194,441.8540875142579,941913
2017-04-03,438.8584899902344,440.77757694340266,434.73951659505985,437.17346450944876,574326
2017-04-05,438.81170654296875,442.6030282601118,434.36508125,442.6030282601118,1138150
2017-04-06,433.382080078125,438.483979502866,430.4332430614564,438.483979502866,1159076
2017-04-07,441.2456359863281,447.93897122192743,429.8716427442301,432.39918092665783,1709454
2017-04-10,442.18170166015625,445.364542916333,436.23726116450064,444.66244432003816,886897
2017-04-11,450.41973876953125,452.52603498710846,440.82438933390193,442.79027151733476,1000678
2017-04-12,458.0023498535156,459.82781775962366,445.5986071134869,447.4708701685855,1611537
2017-04-13,455.1003112792969,462.07450220189605,452.90039659731514,457.0661930923118,608718
2017-04-17,456.3172912597656,458.3299681835526,453.0876262978187,455.053508076027,331070
2017-04-18,451.91754150390625,459.64062740221226,448.0793961316602,456.83223253010095,569391
2017-04-19,454.4918212890625,458.23634710812786,449.48351229236954,450.3728486017835,551796
2017-04-20,461.3724670410156,467.5509413450723,450.0920640644988,450.41971583980285,1077743
2017-04-21,459.2661437988281,465.25738000063575,455.5684127517177,465.25738000063575,511768
2017-04-24,453.22808837890625,463.0106745935859,452.01112878012304,456.36413481388496,842115
2017-04-25,454.3514404296875,458.0959665219178,451.7770787412792,455.75563771427386,464335
2017-04-26,454.0238037109375,458.7512566314684,450.7473432717864,454.0238037109375,936856
2017-04-27,447.0028076171875,455.8960571928174,444.8965116650646,454.9599256585406,850960
2017-04-28,452.9940490722656,457.48749763093787,443.819971355403,445.0369309369471,973557
2017-05-02,448.40692138671875,457.15975531537106,444.28794911690056,452.9939593364813,910530
2017-05-03,445.3178405761719,451.6835244151525,441.3392810346912,448.8751294446956,675503
2017-05-04,456.87896728515625,458.89167286553516,442.9774373607442,444.7560814975864,1086364
2017-05-05,455.6619873046875,457.67466422623863,448.9686530918709,456.83215162750383,1089859
2017-05-08,459.2661437988281,470.4997223903928,454.77269522112164,455.66203162034094,1279605
2017-05-09,462.1213684082031,463.8532176185557,456.92584934561535,463.24473777936964,986710
2017-05-10,470.0785217285156,472.55926498967307,463.2915669859964,464.3213175571764,1049660
2017-05-11,480.32904052734375,492.6859875163046,466.75516260771604,474.05697673944206,5731409
2017-05-12,480.188720703125,487.0692651807924,468.44025185834795,477.4739161797664,1905916
2017-05-15,481.171630859375,484.68212427517784,476.39735410018943,482.06096728543247,745827
2017-05-16,485.0096740722656,489.0818801004806,481.3120006101006,482.1076894758233,1439464
2017-05-17,476.91217041015625,486.5075176072774,473.8697432500934,486.5075176072774,1418531
2017-05-18,464.7893371582031,474.3378908595357,462.96386911962014,474.3378908595357,873101
2017-05-19,454.6790771484375,474.6186665031355,449.53035394179597,474.6186665031355,1183057
2017-05-22,445.73907470703125,457.3939250533274,444.2412583692205,456.9726543879064,1122209
2017-05-23,421.352783203125,442.4625365666446,419.48052025049475,441.85405682073286,2976038
2017-05-24,412.55322265625,430.433314016294,410.25968872486663,423.1314986962686,2002402
2017-05-25,430.8545227050781,433.2416466017502,405.9066239536104,417.14020194918004,3121852
2017-05-26,443.0710144042969,445.1305150707063,426.4078856250404,430.3396492360164,1306497
2017-05-29,430.3396911621094,448.40701891001066,428.326985445839,442.9774672691765,788452
2017-05-30,440.8711242675781,448.03252425136355,424.72285651836205,432.3991173798089,961552
2017-05-31,456.2705383300781,460.52995427173255,443.25831474092337,444.1008274712988,1873372
2017-06-01,454.1174621582031,460.24911294419684,446.0199292236906,460.24911294419684,996617
2017-06-02,451.8707580566406,457.768376013475,448.6410924426542,457.768376013475,665127
2017-06-05,454.7726745605469,458.5172005876192,448.45378688986233,453.0876492757509,726283
2017-06-06,467.7381286621094,475.461214039074,451.2622074775579,455.8960701311239,2265216
2017-06-07,474.4782409667969,475.5547864428859,467.0828080724214,472.46556402133206,1396714
2017-06-08,472.2784423828125,478.83136427910523,470.0785271753626,475.18045636486517,756765
2017-06-09,474.0102233886719,475.4612158862302,467.31688841632604,472.1847554105466,389165
2017-06-12,467.36370849609375,471.90395253969467,463.9936289705101,471.85712881789215,400580
2017-06-13,465.35101318359375,471.20183554667335,462.82344649535594,466.3807636331895,499683
2017-06-14,461.466064453125,467.17644412083155,457.34706272967577,464.9765578071092,663727
2017-06-15,455.38116455078125,462.8702163032474,451.77705268121383,458.9384527058166,896988
2017-06-16,459.8746337890625,463.38512717676525,455.42800883130565,457.72154260532545,810556
2017-06-19,450.3260192871094,464.0871629284086,448.82823183288355,459.73415743157784,554388
2017-06-20,453.5089111328125,456.3173055989417,450.2792460693776,450.32604121642674,822484
2017-06-21,453.65032958984375,456.10198955831544,450.2557256932188,454.21610170200876,721213
2017-06-22,445.87109375,456.3377783183041,442.8536613203808,454.4990259351974,404034
2017-06-23,437.2431640625,446.90834049911314,430.9725631581391,445.54106012680097,620369
2017-06-27,443.27801513671875,447.14409159708504,427.15366570898647,437.52605052752693,1452771
2017-06-28,436.0173034667969,446.8611595568786,433.23563590950937,445.54104370118563,991285
2017-06-29,423.90045166015625,441.8635516162261,420.78874805900597,436.5830596108006,1425534
2017-06-30,433.7541809082031,436.0644049040204,415.696811523493,419.61002283510953,1444601
2017-07-03,438.3275451660156,440.35486910791974,429.5581482798441,433.7542607915269,1284545
2017-07-04,436.6302795410156,441.7222010000323,434.83869140146663,437.0074802241813,548438
2017-07-05,444.9752502441406,446.0124943583868,433.3298865494888,435.82871107174384,839200
2017-07-06,448.8884582519531,452.5187982338529,445.0695467448792,445.9653550126451,681440
2017-07-07,442.2878723144531,448.1812723227811,441.2977926236009,445.5410406295971,575662
2017-07-10,447.4269104003906,452.5188020448268,443.2779627188636,452.5188020448268,76053
2017-07-11,451.151611328125,456.2435036583666,444.59813839270055,449.2657231483044,830983
2017-07-12,450.7744140625,457.84649479003446,443.5608974756888,452.75460242148364,690512
2017-07-13,453.5089416503906,456.5263452733264,450.20863755331305,453.5560773412302,635240
2017-07-14,449.7371826171875,455.6777187069582,447.1912221350749,452.80175082370096,396799
2017-07-17,439.3175964355469,450.58578855605344,436.53592894828057,449.83141610295576,870810
2017-07-18,432.9999694824219,440.16632207235693,429.0867282000366,435.64020161804297,1257213
2017-07-19,440.0719299316406,456.5734481925559,428.0022307378384,433.65989414158076,6828700
2017-07-20,436.9130859375,442.24071351130766,433.18844581635744,442.24071351130766,865459
2017-07-21,435.64013671875,440.73202866538395,430.783980776834,438.37466861820457,1495779
2017-07-24,434.2728576660156,439.78908594801356,432.90560610042604,439.78908594801356,880885
2017-07-25,431.2083435058594,437.0074729851916,427.530867116887,437.0074729851916,1134446
2017-07-26,435.0743408203125,435.97014909992447,425.5506009939222,431.1611291107208,1881730
2017-07-27,435.2158508300781,437.1960392544355,430.07682259756604,435.0744149661321,711586
2017-07-28,451.0572814941406,452.61313338487753,432.90560895735126,434.60289669699733,1540611
2017-07-31,445.823974609375,456.5735607475768,444.5981587469203,452.6131838780949,1303559
2017-08-01,440.920654296875,448.2284708627377,439.41193802477784,446.20114686103034,1170715
2017-08-02,445.823974609375,447.28555528147075,438.75189361127974,442.2407984142219,953913
2017-08-03,458.4122314453125,461.7596999958439,444.2680710873802,448.8413553583852,2145689
2017-08-04,464.4471130371094,466.33300126996966,459.02518436763614,459.1666490061973,1640640
2017-08-07,466.6629943847656,471.4248789989542,464.4470701604496,466.85159470118884,882186
2017-08-08,457.4692687988281,470.29331275658683,453.9332288532899,468.07738863544284,571107
2017-08-09,469.5389404296875,473.26355167924277,453.17885752460603,459.0250926120327,1568312
2017-08-10,437.1959533691406,469.30321189061885,428.28515037457873,467.88879597627266,2008418
2017-08-11,432.4813232421875,443.0894447972326,427.95520288925013,433.0942311767603,1195720
2017-08-14,448.9356384277344,451.19869824358875,435.12151475924895,438.374654251925,711527
2017-08-16,438.138916015625,453.65035604899805,432.66985242389853,452.6131119122591,1532195
2017-08-17,445.87109375,447.89841767472774,437.8089049660339,440.30772968573496,1425374
2017-08-18,450.9630126953125,452.6603005529852,437.80893108105386,441.2978357373889,1315769
2017-08-21,447.37982177734375,456.2434902058783,444.40952496061055,452.61314981149144,671549
2017-08-22,446.0596618652344,453.50894272306635,441.6278421902114,448.22845039997884,852424
2017-08-23,448.3227844238281,451.76452463791674,443.8437999431507,447.89844806774215,533946
2017-08-24,459.3551940917969,461.94829026254394,444.1266532443196,447.898429492679,892166
2017-08-28,461.4296875,467.5588239694814,458.88372699443687,459.35519903055086,942081
2017-08-29,453.7917785644531,462.5611458396718,450.0200027426187,461.0052940684383,596181
2017-08-30,457.5163879394531,459.30797557909983,454.31035568534827,456.7620155599845,503207
2017-08-31,460.4866943359375,463.36266193908205,455.86627462987104,457.84643394935216,813666
2017-09-01,459.072265625,466.0971807532024,457.0449418974346,460.67525306654136,775580
2017-09-04,464.7299499511719,467.55878191340724,455.67768191674537,462.41972567146627,827528
2017-09-05,464.777099609375,469.02034768026346,460.95818785612244,467.2287598056063,674566
2017-09-06,464.8713684082031,470.52903212108185,459.73231235845867,462.27827253980035,680026
2017-09-07,465.05999755859375,474.15940150600403,464.3999252405982,474.15940150600403,529326
2017-09-08,460.4395751953125,466.6630117764284,456.526363082822,464.2585159224462,430583
2017-09-11,468.2188720703125,474.30087290539274,461.09965576687284,462.98554392951854,1702029
2017-09-12,477.2239685058594,480.42997237981325,463.9284522293781,470.52906028955215,2314984
2017-09-13,472.83929443359375,487.3134622448231,470.0575980399615,478.07262227935905,1491578
2017-09-14,476.0452880859375,480.33567181081594,471.94347589679575,476.13958824198954,705891
2017-09-15,477.9783020019531,479.8641899789002,470.5761859371627,476.0452783361292,1124598
2017-09-18,482.26873779296875,487.3606010459101,480.9957575915493,483.4945535268581,900435
2017-09-19,480.99578857421875,485.47474424872104,478.4026923131874,478.4026923131874,483923
2017-09-20,485.8990783691406,490.2366557174866,482.3159023354565,485.3333349358841,1337258
2017-09-21,480.99578857421875,491.6982098068404,476.7996758412745,487.50209707389615,1705503
2017-09-22,467.181640625,480.76002917641335,462.1368842071724,480.76002917641335,1845638
2017-09-25,461.9954833984375,469.35043602856786,454.92340249393874,465.8143955763185,948376
2017-09-26,463.3155212402344,469.208920999634,460.156653213923,462.0425411369309,783722
2017-09-27,448.9827575683594,467.7002007949632,443.93800166338247,466.47438516632917,706839
2017-09-28,445.1167297363281,455.4419786510771,442.7593695983826,449.3128422924187,1243116
2017-09-29,455.5834045410156,460.8638968898094,445.069584310977,445.069584310977,1071481
2017-10-03,466.89874267578125,469.1146669583962,459.49662609513376,460.1566984436127,1182623
2017-10-04,476.7996520996094,479.1570122195287,463.3155637242183,466.050095708051,1338822
2017-10-05,477.5068359375,483.54167178339907,475.47951209237954,477.1296640927002,685620
2017-10-06,481.0428466796875,483.25877070061216,476.1866911293837,479.76986660159326,477799
2017-10-09,478.0254821777344,482.7402022750535,475.762393509927,482.69303780825965,527153
2017-10-10,502.8249816894531,503.95652621083633,476.1868087260644,476.1868087260644,2933909
2017-10-11,497.3557434082031,506.83231755614986,489.67072803719196,504.4749579396096,1973917
2017-10-12,501.22186279296875,502.35340708343114,492.2167592633525,497.8744231629313,1175189
2017-10-13,510.22698974609375,514.6117024906541,503.013502474614,504.56932558678284,3428350
2017-10-16,513.0558471679688,516.1204154056354,507.68111199332895,513.763055222815,1166821
2017-10-17,517.0634155273438,518.9964971289896,509.2369903825593,511.6414865191308,835654
2017-10-18,514.0458984375,522.2966576962243,511.6413454113455,518.3362817414908,2771126
2017-10-19,516.1204833984375,520.5051969372137,513.1031080091145,513.9045875557636,212687
2017-10-23,510.55712890625,532.3862517625626,508.29403989244804,518.6192899947098,5807670
2017-10-24,474.6780090332031,506.2666621548507,471.0005331482799,506.2666621548507,6284881
2017-10-25,465.67291259765625,480.9014528492764,459.3080404275923,479.01556479888706,2838373
2017-10-26,456.5735168457031,469.02036093970037,453.08461237823695,466.75730099318895,3278978
2017-10-27,454.8761901855469,460.8638904769403,452.1416582786555,458.3650945754079,2233079
2017-10-30,461.66546630859375,467.2288310951179,457.61078915637495,460.1096142004838,1688785
2017-10-31,457.0921325683594,464.7771208933994,455.5362806263917,464.7771208933994,1314775
2017-11-01,463.69268798828125,466.2857838540012,458.3178959560609,458.3178959560609,1212723
2017-11-02,467.88885498046875,473.82939105932155,464.4942506026804,464.8714224721304,1448884
2017-11-03,465.43719482421875,472.93358285235615,463.2684062154909,472.3206749672434,895259
2017-11-06,471.09478759765625,473.9236193541157,459.35512429780357,463.5512362470976,1109783
2017-11-07,473.8293762207031,480.5242846051648,465.29574423911635,472.41496017228314,2293744
2017-11-08,474.9609069824219,484.1546110341407,470.2933226456177,474.442270513684,2014403
2017-11-09,487.21917724609375,487.73778493654265,477.4125366061695,477.9783087625293,2515364
2017-11-10,472.93353271484375,492.49961992983094,469.77469346267355,488.53924377817873,1979090
2017-11-13,480.9015197753906,489.67088891956956,476.3753993351122,480.61864803901267,1722697
2017-11-14,482.5516052246094,487.92639768245556,479.1570009763048,487.92639768245556,920502
2017-11-15,476.5639343261719,484.6261235106648,473.64080191032707,482.88164242351917,644021
2017-11-16,469.8218688964844,477.8368932529723,468.3603171420251,477.1296852215175,768840
2017-11-17,478.8269348144531,481.8443670186585,472.8863993343586,474.3008152845112,696879
2017-11-20,481.5614929199219,486.4176197927437,477.55398108128895,478.26118905281237,639359
2017-11-21,476.9411315917969,484.67328500317427,474.2537638302888,482.4573605324186,588816
2017-11-22,471.47198486328125,477.7897209709957,468.73745310634746,477.1296486816406,878501
2017-11-23,476.5167236328125,482.78729504957,466.09717587813054,471.4719678218457,1395165
2017-11-24,489.8594665527344,490.42520999926376,479.3927811463816,481.1843692052561,1666883
2017-11-27,490.99090576171875,497.3086414733071,481.1842660703522,490.1893689060685,1904694
2017-11-28,489.3408203125,497.78018096800827,487.030595907522,490.3309000424229,1174457
2017-11-29,491.79241943359375,495.2341879689159,487.1248352393668,490.33086778056366,782885
2017-11-30,480.24139404296875,492.78253842062423,478.025498542464,490.0951708942472,1562669
2017-12-01,479.2984313964844,486.5591118237817,476.70533535478785,481.7972560577588,771250
2017-12-04,482.6930236816406,486.32336380560344,475.00803590319487,481.18430753937946,870058
2017-12-05,477.459716796875,484.01316055947143,473.9236766736282,482.78734482729317,714585
2017-12-06,481.0428466796875,487.2191467710463,475.62091900841233,478.2140148511961,977755
2017-12-07,495.75286865234375,496.9315487965481,481.8915786459525,484.673275296823,1870547
2017-12-08,506.45513916015625,509.1896994561041,496.1770853138825,499.4773889214684,3217033
2017-12-11,507.9640197753906,512.0186680672159,504.56938633943184,509.1898356469551,1069276
2017-12-12,515.13037109375,521.683844363588,504.946585913604,507.7754183276858,2713590
2017-12-13,504.616455078125,515.3659810911018,502.5891026560756,514.8002377677399,1093766
2017-12-14,511.1699523925781,512.4900970989328,498.8174082158886,506.3609607030854,898609
2017-12-15,524.37109375,527.1056541540017,512.9614952768819,515.7903270523059,1668396
2017-12-18,519.7979125976562,529.7930966033822,505.4180156958617,520.5051206420068,1049464
2017-12-19,522.3438720703125,523.6639592189364,517.8648877979795,520.1279190039365,838889
2017-12-20,526.728515625,528.9444686418162,518.0062832897397,522.8624680974928,1057844
2017-12-21,517.7234497070312,528.0486991746553,515.1303534164415,525.2198668576482,2498920
2017-12-22,518.666259765625,523.0509717448723,514.5644769871493,518.6191240830717,852548
2017-12-26,518.6192626953125,524.6069347980618,517.2048465243253,518.5721270001612,560118
2017-12-27,518.147705078125,522.4852242651476,515.0831372136957,518.619177057268,514011
2017-12-28,519.0906982421875,520.976586337527,514.3759780038388,518.5720905265166,552166
2017-12-29,530.3589477539062,537.3838931697142,519.2322183138431,522.3910581897414,2126486
2018-01-01,522.8153686523438,534.3664338971575,520.5051440928329,534.3664338971575,466717
2018-01-02,517.9119262695312,525.8326778853677,514.1872864316947,523.3338535814107,685576
2018-01-03,523.947021484375,528.3788136366792,517.2049467418443,519.5623074836029,968648
2018-01-04,530.736083984375,531.7262213694771,520.9294995005513,526.1628279453734,1178675
2018-01-05,533.7533569335938,543.0413884251703,531.6317332625412,532.7632773976477,1638665
2018-01-08,530.9718627929688,538.8926171954176,528.8974315686226,534.1778961350904,893255
2018-01-09,520.7408447265625,529.4630770737253,518.1477486233518,529.4630770737253,757837
2018-01-10,518.3363647460938,524.60690825523,513.9045161240178,520.2693885714253,1264788
2018-01-11,517.4877319335938,523.1925324635646,515.0832358898738,517.6763322719281,550622
2018-01-12,517.7705688476562,521.0237374187526,514.3759931968751,518.1477694989604,873027
2018-01-15,526.63427734375,527.9544220985637,516.7333643408684,516.7333643408684,907127
2018-01-16,524.9368896484375,531.7260973554856,520.9293780046688,529.9344808936503,818384
2018-01-17,527.4357299804688,528.8030103599754,512.0657535158209,523.8054184184654,575557
2018-01-18,520.5994873046875,531.2076099113984,514.9418219144417,530.6418663934733,377507
2018-01-19,516.3560180664062,519.6563214699969,508.81246742962765,516.7332186193348,977335
2018-01-22,521.1179809570312,531.9618360484333,507.9639017486542,517.2990120348321,2573233
2018-01-23,550.8208618164062,554.2154378189548,530.9718409276105,532.7634578778553,4397044
2018-01-24,543.3714599609375,551.6222196566567,539.7411487159139,551.527948281227,1348575
2018-01-25,547.4260864257812,556.8083900291125,541.0612149055501,542.1927591308039,2121732
2018-01-29,542.6642456054688,558.6942928257866,541.0612293728906,548.793381307355,1633198
2018-01-30,521.306396484375,544.0313739663193,520.5049173682095,542.5226295292748,1050928
2018-01-31,492.5467529296875,509.1897367922299,488.53924111234124,509.1897367922299,7290911
2018-02-01,495.4228210449219,502.30630101814677,482.03300418237916,495.79996412882895,1727081
2018-02-02,480.5243225097656,493.6312398370807,475.85673767124507,489.3879913571058,1090876
2018-02-05,470.5762634277344,486.37057783554167,465.3900706371111,480.80721314269283,1543999
2018-02-06,476.9411315917969,480.85437277002075,424.32486041133933,447.85132807136097,2052384
2018-02-07,475.43243408203125,489.57659580073863,460.1567279152791,481.84444255063033,2055308
2018-02-08,491.1795959472656,493.1597555008386,478.1197858636399,481.4200901547545,998079
2018-02-09,485.8518981933594,491.2738262178364,474.3951342969117,474.3951342969117,891993
2018-02-12,486.60626220703125,491.83959013865524,483.1645509794076,489.5765589655747,724602
2018-02-14,485.05047607421875,491.46248454959823,482.5045154516109,487.0306356958352,715021
2018-02-15,486.7947998046875,495.79990275057696,482.97588843056707,485.7103912731348,1296081
2018-02-16,475.4795227050781,490.61376273526776,471.330574766941,490.14229072465287,1295373
2018-02-19,475.2909240722656,479.9113728137365,469.6804243919149,479.9113728137365,1196926
2018-02-20,479.6285095214844,482.6930778388922,474.11228079487637,479.81710985156525,544607
2018-02-21,477.459716796875,482.4101729694205,471.6606167500239,481.7029649447711,720502
2018-02-22,466.9459228515625,478.63842376153207,464.5885626367957,476.1867633829006,1700808
2018-02-23,478.7326965332031,480.2885484306523,466.94589613378776,468.6431838807563,1096165
2018-02-26,483.7774963378906,487.0306652445553,479.9585839486517,479.9585839486517,570423
2018-02-27,482.8815612792969,490.2365699411703,478.7326425382893,485.14464972183174,738023
2018-02-28,478.6855163574219,483.11733589634827,476.2338561995226,477.69543666690834,612090
2018-03-01,482.0801696777344,492.49969044090557,478.68556517265137,478.68556517265137,1428365
2018-03-05,478.21405029296875,482.03299081028365,472.41495037004705,481.8443904971937,905063
2018-03-06,471.7548522949219,483.5887874978646,468.0773766013817,482.5987078491151,717755
2018-03-07,472.6035461425781,477.1296658495766,468.78460566195383,473.07501814440576,865183
2018-03-08,473.87652587890625,477.8840381342145,462.0425894355435,475.33810643784005,1052614
2018-03-09,474.5365905761719,478.77983877804525,471.84919429304506,476.1867426546782,525582
2018-03-12,476.3752746582031,481.18426557625065,471.99056245730833,479.01550609463567,744387
2018-03-13,484.95611572265625,489.1522282757621,474.536595430896,474.536595430896,1185899
2018-03-14,487.5963439941406,493.1597368960901,483.21168870443154,487.0306005866741,1327206
2018-03-15,491.0380554199219,497.5915272956499,488.82216018803894,491.2737914042809,1590047
2018-03-16,487.1248474121094,495.04560003374297,485.75762465420365,493.0654406547018,1499134
2018-03-19,477.6011047363281,491.0851915431156,473.35785701409026,487.97348805735396,951135
2018-03-20,470.5290832519531,474.25372377822254,466.4744353276642,473.3579154157925,1365921
2018-03-21,470.34051513671875,479.0156125437283,468.07745500595956,473.3579478286449,878704
2018-03-22,467.60589599609375,473.3578598088045,465.2014004498422,470.9061997995416,644334
2018-03-23,464.5413513183594,468.1245557492659,458.88368737348617,461.9482553436258,814892
2018-03-26,463.1269836425781,465.8143800519983,459.96811518857095,464.8714359628242,1211997
2018-03-27,466.0972595214844,469.2089923333428,463.9284995908557,465.9086879663347,1454063
2018-03-28,460.0152587890625,467.3702108403958,458.4594068677845,464.0699066780134,1083438
2018-04-02,478.6383972167969,480.3356849667515,456.0548761012388,461.14676812747075,1443591
2018-04-03,479.01556396484375,480.61858031543073,471.472011776421,477.93118409303156,1223705
2018-04-04,475.5738220214844,483.7302820354241,474.3008418398018,480.8071498195077,1906614
2018-04-05,483.4002685546875,486.7477082713799,479.8170640597094,480.90144391326,1957447
2018-04-06,502.7305603027344,504.47498348622173,483.4002104682156,485.61610559888635,2912803
2018-04-09,503.76788330078125,508.6240684164005,499.7603708926796,502.6834745692576,1150835
2018-04-10,504.1450500488281,507.68109017106514,496.50716885315444,506.36094550433546,580111
2018-04-11,500.561767578125,505.46508757716305,497.0257278027703,504.94647992065717,641612
2018-04-12,516.9689331054688,519.5620285291624,497.5914497225933,499.7602089300473,2291213
2018-04-13,515.7904052734375,523.3339578185701,513.9516528300137,520.3165252899693,1717191
2018-04-16,514.847412109375,519.9864683012331,510.3212925244546,512.4429164754548,749450
2018-04-17,518.8549194335938,522.6266953131656,513.8573279037076,515.9789518359668,943209
2018-04-18,516.0260620117188,523.1452771218918,514.5173747555722,521.1651179041082,1129693
2018-04-19,520.3635864257812,521.8723312502798,512.631492217056,516.6390039324664,616117
2018-04-20,516.9689331054688,527.294179121266,513.6214941599721,520.4107009616416,1900497
2018-04-23,514.9417114257812,520.4108328384003,512.9144162942463,518.5249447796313,899035
2018-04-24,510.1798400878906,515.7903684028191,507.68107301757976,514.1873520910203,529747
2018-04-25,507.8225402832031,513.5745339011758,505.9366520581776,508.0582763113313,561260
2018-04-26,513.9044189453125,516.1675072975389,506.83233978551465,509.18969950544727,709321
2018-04-27,518.3834838867188,524.276884112807,513.4330276968046,515.79038778724,827785
2018-04-30,516.0260620117188,525.2197652636406,514.9416534788617,524.2768213403666,1252948
2018-05-02,512.065673828125,522.0137204711987,503.48490735178166,517.1575939136281,1079101
2018-05-03,497.2143249511719,514.8473880297705,495.3755727690909,511.5470842603489,849461
2018-05-04,509.5670166015625,512.3486556649628,491.6038853859653,495.045654385168,1894666
2018-05-07,516.7333374023438,520.6937139075807,510.2270004614019,513.8573695715096,1262799
2018-05-08,516.6862182617188,521.5423457243604,512.3015052846181,517.7234337248393,725367
2018-05-09,522.2966918945312,528.9915711103065,513.9516031662316,513.9516031662316,1983392
2018-05-10,507.0681457519531,525.4084184152208,504.5693210828019,524.2768740829121,1310937
2018-05-11,516.2617797851562,528.6143217233082,509.18970061001716,511.2641886786035,4733550
2018-05-14,513.6217041015625,523.2868819041289,510.2742637878081,520.3637204273153,1617228
2018-05-15,513.150146484375,518.3363385871976,506.5495383535099,512.0657378417815,750908
2018-05-16,514.9888916015625,516.7333149905645,506.97386755517596,511.0756509578211,798508
2018-05-17,509.14251708984375,520.2692424361115,507.30376516652103,514.6587153070898,787950
2018-05-18,493.3955383300781,507.30396487641093,489.76522628654004,507.30396487641093,981254
2018-05-21,494.2912902832031,499.7603543485452,485.33332166752166,491.273857765268,1135679
2018-05-22,517.7705688476562,520.5051296877637,489.3879751955604,492.688279459885,2098090
2018-05-23,512.725830078125,519.9865108146064,510.13273392600576,516.3561416699969,1282047
2018-05-24,504.0035400390625,514.2344588503813,500.89183652223943,511.1698910203964,839876
2018-05-25,511.5942687988281,513.3387497751703,502.82490088466386,505.46513264177173,1097538
2018-05-28,530.9246215820312,532.5747736252104,514.0459580720119,516.2618535089009,2252558
2018-05-29,517.3934326171875,536.9595224439831,515.97901648513,534.8378982458969,2028620
2018-05-30,526.3042602539062,527.812947757889,506.219505346609,516.6862191459837,1384730
2018-05-31,513.1029663085938,530.8774364988759,511.92428638741507,530.8774364988759,1521311
2018-06-01,508.2939453125,517.7233851942001,502.77774600279884,513.6687375556158,890100
2018-06-04,505.9837951660156,515.5547010693323,504.7108436165709,509.47269994397425,685761
2018-06-05,498.39300537109375,506.3608931329876,493.25394941441215,506.3608931329876,1007325
2018-06-06,502.77777099609375,504.2864584310698,492.31105767546165,497.59157880335084,981439
2018-06-07,516.0732421875,519.5621465149349,505.0879790659666,507.72821076819974,1008867
2018-06-08,521.3538208007812,523.3339804082566,515.790427537507,517.2991150905605,1075751
2018-06-11,526.8229370117188,537.3367303292529,523.5226323056975,524.7013125578479,1912057
2018-06-12,525.9271240234375,531.0190456903927,521.0709384049017,528.7088209053344,1111892
2018-06-13,527.530029296875,533.9891726388815,524.0411250062596,528.0486369833654,1557465
2018-06-14,516.9219360351562,528.0486642352809,512.2072158187698,526.1627761487263,1050698
2018-06-15,523.75830078125,527.4829414080447,506.26669960663895,518.1006363008752,1084885
2018-06-18,516.1204833984375,530.7833117094275,514.5175243051395,526.1628621213139,573195
2018-06-19,508.5768127441406,516.1203645863986,506.6909247835761,515.7903572143931,533199
2018-06-20,504.38079833984375,513.2444379304599,502.6363173054161,508.5768533448931,908594
2018-06-21,502.4478759765625,511.83018380883044,500.9863237385046,508.81275036566683,838315
2018-06-22,511.6885070800781,513.621530476602,499.80737994889745,504.09776298818815,1151398
2018-06-25,504.7579650878906,516.2147589210007,502.11773311912685,510.74569465297424,726800
2018-06-26,502.4478759765625,508.62420753708335,500.7505876500192,501.64639629681477,810260
2018-06-27,506.78521728515625,512.0185444890008,502.58910536397315,502.58910536397315,1431508
2018-06-28,493.0654602050781,504.4750600371604,490.42517085802143,504.4750600371604,1364040
2018-06-29,512.3485107421875,514.5644632904665,493.25389804557136,494.4797710756818,1415809
2018-07-02,502.3533935546875,514.658800694331,500.2317696494824,514.658800694331,495672
2018-07-03,512.4901123046875,516.7333607046344,502.2591919614672,502.5891993714783,552370
2018-07-04,519.9946899414062,523.3194640254832,508.7854052172372,513.0126295771696,602897
2018-07-05,518.4271850585938,525.9316970492059,514.4374452405398,517.7622187590099,942429
2018-07-06,523.4142456054688,525.3141158254523,512.5849621597873,519.4245065476157,711614
2018-07-09,525.6942749023438,530.8238912878489,523.6044054210836,525.3142775495853,399294
2018-07-10,545.2153930664062,547.3527475542687,525.0292673477052,528.9239790004741,2061453
2018-07-11,538.4232177734375,551.9123081573358,536.760831303084,545.6427595180642,1481873
2018-07-12,533.3886108398438,544.8353183189687,528.1639672786342,541.1306058541404,764724
2018-07-13,532.15380859375,538.8033562177861,527.784071081711,533.2461994871692,531924
2018-07-16,532.0111694335938,541.2730371508287,525.3141382185581,532.1536828979428,1700586
2018-07-17,527.2140502929688,539.0882406148825,517.2397304225613,534.8135320989935,1471637
2018-07-18,533.1511840820312,537.1884090839887,528.9714455941074,531.0138296692303,728009
2018-07-19,533.626220703125,546.1178946332184,531.2038969847431,536.6185404595981,1721971
2018-07-20,532.3438110351562,544.2180033050388,526.8341394383672,535.716070043912,2197605
2018-07-23,579.5079345703125,584.2101252228726,546.1652335420517,546.1652335420517,10645909
2018-07-24,568.6312255859375,594.1370222006718,565.7814197952039,582.5003152218428,4934161
2018-07-25,572.6209716796875,585.1601288947503,569.2487130522388,570.9110997820534,2929858
2018-07-26,583.9727783203125,599.5041986836947,571.9085873268324,571.9560725002233,3788399
2018-07-27,593.7569580078125,597.5092134720866,580.4103806541254,583.8301240259414,1574084
2018-07-30,594.469482421875,597.2243179061621,586.6325164173263,592.7596105258631,744721
2018-07-31,602.6389770507812,604.1588503378388,587.0600149509188,592.9971105713771,1312444
2018-08-01,600.549072265625,606.4386823685568,595.8468812165323,604.8712660257106,905532
2018-08-02,605.1561279296875,610.808253221795,593.4719381031359,600.3589673968498,1584825
2018-08-03,611.2359008789062,614.6081597111063,602.6864828921985,604.2063562313881,925361
2018-08-06,624.7723999023438,626.7672406537675,613.3256922051007,613.3256922051007,1711382
2018-08-07,643.6286010742188,648.8532448196038,618.4078324082948,626.3873115021153,1772615
2018-08-08,647.3334350585938,650.5156951870865,636.8841465442644,645.7660185896641,1602539
2018-08-09,652.8905029296875,656.6902440297927,639.8763780659376,644.5785692732073,1253831
2018-08-10,639.7815551757812,651.4657501554823,633.9869718544667,650.8007837138246,1299857
2018-08-13,642.5361938476562,647.9983212593525,629.8070389486217,636.314071890778,1096019
2018-08-14,651.560546875,654.077840251442,639.8288129074438,643.1535859543767,1262385
2018-08-16,647.3334350585938,663.48233548983,644.1511169506504,644.1511169506504,1909395
2018-08-17,644.9585571289062,651.9405581063118,641.2063012516185,650.7056538627536,890011
2018-08-20,655.5977172851562,663.292168225319,645.9558530515101,645.9558530515101,1253351
2018-08-21,664.669677734375,667.7094820008986,650.1356806237912,660.1574854889014,1876676
2018-08-23,671.8417358398438,673.3141239478094,657.4027077932426,664.6697359750184,1031233
2018-08-24,664.669677734375,671.0342552344054,658.6850975099516,671.0342552344054,737630
2018-08-27,683.9058837890625,685.8057542583816,666.2845967820161,666.2845967820161,1175806
2018-08-28,680.5811157226562,685.7582743874141,677.5413113523856,683.0034389938523,900636
2018-08-29,678.253662109375,690.3653346470425,675.30888648807,683.76327409925,1010022
2018-08-30,683.3357543945312,685.8531054664796,670.7016298370881,674.453884877009,1053476
2018-08-31,688.9404907226562,690.5079069646812,673.551529178878,683.0033958353531,1280453
2018-09-03,680.5335693359375,692.2652453274113,671.7941542998955,685.8531830207767,1160743
2018-09-04,635.316650390625,678.1112195699942,631.6594230610984,678.1112195699942,2045160
2018-09-05,627.3372802734375,636.4566357430513,613.6581890895689,636.4566357430513,2117180
2018-09-06,645.0060424804688,648.520814543483,623.1575314686119,632.3719150999366,1055587
2018-09-07,639.8289184570312,649.7557540734886,633.7018240924658,649.7557540734886,975050
2018-09-10,609.240966796875,636.4566356784882,607.3886393900259,636.4566356784882,1767996
2018-09-11,600.9291381835938,620.7828121384902,599.4092646662392,611.7584254279842,1848618
2018-09-12,614.3231811523438,617.4104709328578,595.7519572992951,604.0638913237561,1567798
2018-09-14,626.5772705078125,632.5143658468398,616.0804975443015,617.4579152588452,1144059
2018-09-17,633.5119018554688,638.7365462289135,614.7031357275063,622.2076481102349,795979
2018-09-18,614.2756958007812,634.5567916226903,612.8032496761801,630.1871123571885,881794
2018-09-19,613.8956298828125,620.5451763573652,608.7659565535229,617.695370725414,658508
2018-09-21,603.25634765625,626.7672442651633,595.3718969550083,614.4180864503805,2000200
2018-09-24,594.516845703125,607.7684516444366,589.4347162247905,602.2588397848785,750068
2018-09-25,596.6543579101562,604.0638998718022,575.0908722908292,593.6620964066774,896553
2018-09-26,614.1331787109375,616.5555021586869,589.1973767911198,601.309052009317,1027745
2018-09-27,581.9302978515625,609.8584167643236,577.6555893228406,607.9585463071138,2405928
2018-09-28,564.736572265625,588.7699253094657,552.719866753978,586.1101178938446,1552503
2018-10-01,565.35400390625,571.5285832133895,526.4066575073703,561.7917466136695,3089537
2018-10-03,582.21533203125,591.8096547674838,557.1845036591151,565.6864356565595,2649695
2018-10-04,575.3756713867188,582.8801234941343,565.4013533616177,573.0008337616947,1304505
2018-10-05,564.7839965820312,574.7108316334068,556.9945158631766,574.7108316334068,1520121
2018-10-08,541.3681030273438,569.5336474064161,533.9110767908104,561.4117129019469,1355705
2018-10-09,535.6209716796875,552.8623197928409,525.5516811432805,543.3629672190808,1088023
2018-10-10,580.6004638671875,583.2602710971479,533.3411829435994,534.8135710548767,1900322
2018-10-11,550.9149780273438,568.963748373404,542.1280766746565,562.3616865719817,1892917
2018-10-12,565.9239501953125,571.2435646386042,555.7121458065595,555.7121458065595,1207151
2018-10-15,569.7236328125,573.2858897913193,549.9175072020419,572.7159518664854,1015888
2018-10-16,577.5132446289062,592.427242175317,570.9586671021821,574.6159532216711,2137524
2018-10-17,557.51708984375,588.5799299476968,550.0600624283423,584.0677369563919,3314282
2018-10-19,567.2538452148438,582.3102954033983,522.3218624975507,522.4643759736853,3678245
2018-10-22,559.8442993164062,579.6504834623416,555.7121042967467,574.7108087171483,1538383
2018-10-23,568.8687133789062,572.7159976068516,550.2025201067703,550.9624567270561,1093430
2018-10-24,571.1959838867188,577.9880432795599,562.7890811513016,568.9636595159066,1383641
2018-10-25,569.2962036132812,577.5131670045589,561.5067226953238,563.3591080934125,1220249
2018-10-26,572.66845703125,579.4605174355939,559.1794225171273,569.20122806705,1109395
2018-10-29,588.48486328125,590.8597013090193,570.056096993982,578.8905408408393,1344827
2018-10-30,602.7338256835938,607.0085336671654,591.1446057766899,592.5695084378804,1726408
2018-10-31,613.4682006835938,616.9829728639278,602.0214919977125,605.678719684341,1518363
2018-11-01,612.7081909179688,629.3320565630299,609.0034205252925,614.6080612774043,1624969
2018-11-02,613.8007202148438,621.6376864772291,607.0086595956633,616.5080126409788,925851
2018-11-05,614.5131225585938,624.0124748443692,606.2961596396199,613.5156441850312,1101243
2018-11-06,615.0355834960938,624.1074534534472,607.9585543534341,617.3629364328672,787114
2018-11-07,615.795654296875,621.4952669860863,613.6582995384207,617.4580413312283,79728
2018-11-09,614.1806030273438,622.2075672078221,610.1433783546213,617.0304086786773,920574
2018-11-12,618.5028686523438,625.6749267597921,611.9008645086175,616.9829953198566,1294477
2018-11-13,632.7994384765625,636.1716972766206,615.5580891759196,616.508024498722,2733001
2018-11-14,638.9264526367188,643.1061911030231,633.1318705615435,635.6967074395279,1393979
2018-11-15,651.7030639648438,654.0304169135845,638.356485353564,639.1164219545243,2514715
2018-11-16,640.4463500976562,653.0329920216378,631.0419680343747,652.7004799001294,937990
2018-11-19,650.230712890625,652.1305834907437,635.8867130515087,640.9213585459332,872279
2018-11-20,643.7711791992188,651.1806631135927,641.2538274045922,649.660789790447,709538
2018-11-21,636.2665405273438,648.3307283130869,632.4193148343408,644.0560202143192,633805
2018-11-22,628.23974609375,638.5940650218475,626.6249023166041,634.5568396200731,677595
2018-11-26,627.4323120117188,632.894440390322,619.3578613650881,628.8572150670066,557928
2018-11-27,626.244873046875,634.3668086099543,619.7378391580777,626.2923582179961,1039081
2018-11-28,635.1266479492188,640.1138077211156,623.2049728522873,623.2049728522873,884882
2018-11-29,655.02783203125,658.3526053655912,636.4566097167475,636.4566097167475,1358512
2018-11-30,650.4205932617188,671.6041350047357,641.9661474369275,659.1124648888975,3589150
2018-12-03,657.4503173828125,662.1050243902525,647.8085071237725,653.0331522229782,802841
2018-12-04,664.28955078125,668.2318043231805,653.6978100498118,653.6978100498118,1331606
2018-12-05,659.7301025390625,663.0548762739606,650.9432005254033,658.3051995098205,575468
2018-12-06,640.4937744140625,656.4051881648012,638.451390651296,656.4051881648012,829854
2018-12-07,642.8212280273438,648.663295324872,639.9239369630948,642.3462603781406,722318
2018-12-10,632.7044067382812,640.2564041096487,628.2872422987856,628.8571802976074,732912
2018-12-11,656.7852783203125,661.5824399069496,626.9572872213362,626.9572872213362,818930
2018-12-12,669.5143432617188,673.8365369930176,653.1279604278741,656.4052485905321,1419805
2018-12-13,669.8467407226562,675.4038377146097,660.2048765283457,669.9417110382961,728547
2018-12-14,675.8313598632812,680.0585827878498,664.9545910284285,665.1445896503244,1022180
2018-12-17,670.98681640625,681.9110730146981,665.9046854367097,681.9110730146981,753943
2018-12-18,666.8070678710938,668.6119100788281,658.5426195067818,668.6119100788281,1072555
2018-12-19,669.7518920898438,676.7814367159543,662.1049242875775,667.0920847646361,1776201
2018-12-20,669.41943359375,672.5542085631968,661.2499550297468,663.0548553349031,822019
2018-12-21,656.8803100585938,680.6286943701842,654.8854689682016,669.6569524141202,1614901
2018-12-24,634.4617919921875,656.3103032699378,632.751862117327,652.5580473459128,964046
2018-12-26,643.2962036132812,645.2435594031497,622.2076281325919,632.0869785496833,1032249
2018-12-27,650.5631103515625,657.8776231203852,644.056077305081,648.2358154528209,1482409
2018-12-28,655.5503540039062,661.7249337050683,649.8032568010226,651.7031274783033,706888
2018-12-31,656.8803100585938,662.9599196341425,654.4105012819698,658.3052131172891,485613
2019-01-01,660.0150146484375,662.5798514758465,652.1305634955821,659.6350753277328,413338
2019-01-02,657.1649780273438,667.8042609209745,655.4551067360916,657.3549766106889,1228486
2019-01-03,647.285888671875,662.5323375117881,643.866087057486,658.3051141439788,914499
2019-01-04,644.5786743164062,654.4105408028388,639.2590591011317,648.9958972569067,1257221
2019-01-07,658.82763671875,660.9175060412529,648.9008009214496,649.8032510811045,657814
2019-01-08,636.171630859375,662.009880537938,633.6542793249836,659.2550451976397,1686230
2019-01-09,647.6182250976562,650.0880330540363,638.3563582920792,638.3563582920792,877124
2019-01-10,653.6029663085938,655.97780453948,642.1562576316123,648.7583195093656,985376
2019-01-11,653.6029663085938,656.2152883625686,647.0484475790174,653.5554811398658,526760
2019-01-14,654.0780029296875,655.9778737147446,649.2333556195736,651.6556792746305,515604
2019-01-15,647.0009155273438,658.7801365463403,644.3885934285659,656.6427821018856,1044052
2019-01-16,649.2332153320312,654.5053440254625,646.0984408099458,648.2832801447664,676883
2019-01-17,642.2987670898438,651.4181226474859,640.4463816854777,650.4207021926576,969498
2019-01-18,643.5811767578125,651.6556269459179,637.834079690404,643.6286619277348,1299538
2019-01-21,643.7711791992188,651.2281482837939,639.3064715907335,645.2435673521632,813364
2019-01-22,676.21142578125,684.9033570408859,637.0265943278013,645.671040417929,5956684
2019-01-23,661.3449096679688,684.9507766185225,656.4052349437047,684.9032914535616,2677472
2019-01-24,667.4244995117188,672.0792055404565,660.7749526017778,661.3449485531557,1172488
2019-01-25,672.6967163085938,688.3231058521274,665.1922041305496,665.1922041305496,1994088
2019-01-28,663.7197875976562,677.3513355889677,651.988052175063,675.4039798729872,1425427
2019-01-29,665.8569946289062,668.9442835865457,654.0777766449082,663.0546745945466,962384
2019-01-30,668.136962890625,672.6966986652349,661.154961702358,669.6094089733775,861622
2019-01-31,677.7312622070312,680.3910691011719,657.4501114328949,670.0842956440862,1699328
2019-02-01,700.2447509765625,702.8570727583005,675.4039224784404,679.2036632518775,1938051
2019-02-04,698.7249755859375,708.6518121645629,689.7480744123585,702.9521997342848,2228722
2019-02-05,694.2127075195312,702.7621252426276,688.7030943605369,698.2024473861995,892725
2019-02-06,700.5772094726562,707.4167545033966,689.7004398449549,698.5823687459351,1638747
2019-02-07,710.694091796875,716.4886737223734,698.297390203404,700.0073200641913,1593897
2019-02-08,706.0867919921875,715.5386584188321,703.5219554673503,711.5014339936347,1323737
2019-02-11,687.1356811523438,706.03941695413,682.1485207904074,703.9020625133002,968286
2019-02-12,673.0289306640625,696.7298199170668,670.1791257353509,689.6527927482136,1247494
2019-02-14,659.3975830078125,669.5143587251372,654.7428770484784,668.2319693176914,904847
2019-02-15,654.1729125976562,663.007298549832,641.4437574549037,660.9649146345768,1123000
2019-02-18,652.2254638671875,655.4552666336808,632.1343698297765,655.4552666336808,1636609
2019-02-19,643.05859375,660.7748490238985,638.7364005319411,651.6554950258084,1187555
2019-02-20,660.3474731445312,664.0047004487882,640.2563206044109,645.9559317670614,1043449
2019-02-21,663.7672119140625,667.7569512953379,656.5001845417594,663.5297281173133,983594
2019-02-22,661.2499389648438,670.4643229683177,657.8776802466178,661.2499389648438,1011651
2019-02-25,667.6145629882812,669.7044323873665,655.4554019110396,664.0048201968358,699539
2019-02-26,659.5399169921875,668.6593285830259,654.8377267321623,660.2048831466398,985971
2019-02-27,658.4951171875,676.7813704804004,655.5027980023381,663.7197609854716,1294927
2019-02-28,679.5361938476562,682.5285132352482,660.7274864984412,661.1549689794471,2100249
2019-03-01,672.126708984375,690.6029621395697,669.7993559067219,681.5785768021201,1371695
2019-03-05,684.7608642578125,687.658213418264,669.7993827050192,672.1267358757884,1216645
2019-03-06,677.9688720703125,694.3552568863189,676.0690013670074,686.6132605785696,1222862
2019-03-07,682.4810791015625,691.5529503015227,675.5465624870122,678.2538551034165,1070777
2019-03-08,691.4103393554688,692.9777556889699,681.721046317466,683.6684019582627,1194157
2019-03-11,705.421875,708.6516779572669,692.0278115172506,692.9302615770262,2084294
2019-03-12,727.1280517578125,731.3552758152888,709.2217349699408,711.2166340653281,2541763
2019-03-13,728.2203369140625,737.8622028596557,720.6208549406126,730.500204697876,2013665
2019-03-14,709.7916259765625,733.3500084339934,707.7967271763154,731.3076244674311,1976430
2019-03-15,707.7966918945312,716.2511383372388,704.8519159764339,709.8865609232341,1682674
2019-03-18,711.5489501953125,718.1510114333463,703.9019834287164,708.5091459584361,882292
2019-03-19,726.7954711914062,729.8352757320434,704.9945025493557,716.7261802537104,979551
2019-03-20,719.385986328125,729.5503055666755,716.2512114547831,727.7454053168534,809288
2019-03-22,720.0982666015625,729.455161807725,715.8710439536621,715.8710439536621,806218
2019-03-25,701.9546508789062,714.9687751457167,699.6272979659547,712.641422232765,946512
2019-03-26,719.8609008789062,723.138188996355,703.9020007176342,703.9020007176342,963589
2019-03-27,711.7865600585938,728.3154586631446,707.986818584394,728.3154586631446,687539
2019-03-28,722.4732055664062,726.7004288069892,710.1715331168567,715.3012063943305,1180707
2019-04-01,736.8173217773438,743.7993228808058,729.1228112357354,736.1998406546928,1053695
2019-04-02,726.177978515625,740.5219769086315,723.0906891016815,737.8146847681815,831461
2019-04-03,731.9725952148438,740.9494949222916,725.7505309238855,727.6029162570806,1148881
2019-04-04,728.5529174804688,730.9752409911769,718.531111282393,729.2178838115037,727448
2019-04-05,721.7608642578125,733.7300844044687,717.2961565359515,726.700539652649,1167646
2019-04-08,725.8453979492188,727.6977830187681,717.913462933263,720.6207548183779,783699
2019-04-09,722.4259033203125,726.4631289470204,714.3514520668969,725.8456477182112,917598
2019-04-10,719.575927734375,726.6529567053412,715.2062489227493,718.1510249071782,898792
2019-04-11,715.1112060546875,721.8557807537763,713.3538491286997,718.8159765217534,558868
2019-04-12,705.421875,713.3063837522494,701.5271637686884,707.7017427321231,1726304
2019-04-15,714.2088623046875,716.6787289767649,704.8995075670467,709.4117004327888,785742
2019-04-16,720.1935424804688,722.1883836169941,713.7339354147664,718.1511581906576,1088041
2019-04-18,719.7659912109375,729.170315929918,713.543926567579,713.543926567579,1341325
2019-04-22,723.3283081054688,725.750631733295,716.2512779147964,719.5760517512709,784837
2019-04-23,723.3757934570312,727.6505026764096,717.2012134734847,724.3732140123286,648985
2019-04-24,735.2974243164062,737.1498097899903,721.0009093177869,726.7005212491528,1637003
2019-04-25,734.2049560546875,741.4244405479376,731.9250883307956,739.1445728240457,1084251
2019-04-26,728.4102783203125,739.0495638429893,722.1407293766601,739.0495638429893,334371
2019-04-30,735.867431640625,739.2871756603797,721.9508557685687,721.9508557685687,827106
2019-05-02,732.400146484375,739.857115704919,726.7005344494771,739.8096305338519,1287836
2019-05-03,731.7349853515625,735.5822108550354,727.222793691819,727.8877598480896,814205
2019-05-06,713.4014282226562,729.4078152380021,707.7018162794659,712.4514928987912,928783
2019-05-07,702.09716796875,716.9161936671283,698.2974267095941,714.8263243787025,1054648
2019-05-08,697.3949584960938,702.8570859605081,688.5130294836839,702.7145724870501,1053351
2019-05-09,704.5669555664062,708.3666963994683,688.3705718613684,691.125349177672,769103
2019-05-10,702.0021362304688,705.3743947071347,688.9405267945162,698.2023953036462,1193585
2019-05-13,695.5901489257812,702.0022124358516,692.0278914201866,695.257694750373,504109
2019-05-14,687.2781982421875,699.1049044726528,681.1985890535174,699.1049044726528,1345068
2019-05-15,685.0458984375,692.407897374135,681.721124724181,687.3731936532614,1162137
2019-05-16,688.8929443359375,691.2202969208115,677.7786920987668,686.0906242022907,1334637
2019-05-17,697.77490234375,702.0021256570595,686.8031621786929,688.5130339741203,2154835
2019-05-20,717.7235107421875,720.905828369946,700.8146762026544,709.6015765820166,1914254
2019-05-21,719.9561157226562,728.3630214382456,716.2513441988095,720.0510860778483,1326127
2019-05-22,717.7235107421875,727.1753773407413,710.6464820840018,720.2883473136735,1314488
2019-05-23,713.876220703125,730.4525996327044,701.1946104333073,724.3729918600914,2408480
2019-05-24,706.3243408203125,717.1061406539407,702.0971173782096,715.1587270153864,1289373
2019-05-27,697.1575317382812,706.4668859739159,694.4976665457152,703.9020490979123,1366286
2019-05-28,687.515625,698.6298788238684,683.9533678756477,696.3025259067358,2310127
2019-05-29,694.3552856445312,700.9098050547317,678.111355670824,686.8032876902208,5535514
2019-05-30,684.3333129882812,696.3024728218185,673.6940275921143,695.3525376610793,3946788
2019-05-31,710.5040893554688,714.3513155628099,686.0907415761163,686.0907415761163,2684803
2019-06-03,731.4026489257812,733.3500045700067,706.2293650901528,712.2614306665345,1983755
2019-06-04,740.8544311523438,747.0290094979568,723.8505691318796,723.8505691318796,1967107
2019-06-06,742.1368408203125,748.3114193359376,730.025167578125,738.1945867300988,1696697
2019-06-07,749.16650390625,753.9161804466321,734.2999931430741,739.3346386799891,1545527
2019-06-10,752.396240234375,757.4784288599234,748.2640448850757,750.0214019923756,1193650
2019-06-11,753.0611572265625,756.9083833307901,746.7440647247159,750.6863191400706,900879
2019-06-12,742.75439453125,749.4989116087006,736.7222709112435,749.4989116087006,1322564
2019-06-13,744.2742919921875,747.3615816526528,738.2897113231751,741.8994537918295,762234
2019-06-14,738.8121337890625,744.9392276902419,736.1048415436196,744.0842627814463,833824
2019-06-17,732.4475708007812,738.0996971950108,729.8352488351618,738.0996971950108,709196
2019-06-18,735.6774291992188,738.2422661905883,724.8481432265254,727.6504640508098,769415
2019-06-19,744.7492065429688,748.5489473926777,736.3423031047652,736.3423031047652,871474
2019-06-20,746.4115600585938,748.5489141917554,737.1496921482262,741.1394314593497,776309
2019-06-21,746.7916870117188,751.2088515330381,736.7223376702206,746.4116896858314,1056822
2019-06-24,746.0790405273438,751.7311079114883,741.8993029527369,742.1842718829517,770379
2019-06-25,744.7017211914062,746.8865605835521,728.3628239458677,743.3717887025641,847570
2019-06-26,748.6915283203125,756.0535268799092,739.6195998407339,743.6093396882761,894834
2019-06-27,754.6286010742188,757.0984095824577,744.7967362499398,752.3487332362693,1279424
2019-06-28,746.7916870117188,766.4553020681788,743.4669133382853,755.1985915370487,2058566
2019-07-01,747.6465454101562,757.5733806140926,744.1793164495599,751.3038310007896,1283928
2019-07-02,751.3987426757812,756.1484186724676,742.2318448103993,747.5990018784322,649068
2019-07-03,750.876220703125,755.1034435464377,745.8415762065737,754.2484787540596,644218
2019-07-04,744.5592041015625,754.2485548147184,742.5643633574321,754.2485548147184,924125
2019-07-05,727.2229614257812,748.9765031104046,724.563154166651,748.9765031104046,1832108
2019-07-08,709.174072265625,723.8030967184918,704.9943924072631,723.375614306533,2175311
2019-07-09,701.859619140625,714.3512905650227,687.7531042141974,712.4514201113924,1790858
2019-07-10,690.1754760742188,704.851987958462,683.9534114960818,704.6619893038232,1930823
2019-07-11,683.098388671875,695.9225140510424,669.0393591113433,694.3076705720359,3290480
2019-07-12,674.881591796875,685.6158498276592,673.9791416040515,683.0510127457488,1494283
2019-07-15,683.14599609375,684.8083828733904,670.9392926670058,677.3038707906621,894955
2019-07-16,699.3422241210938,700.8146119131636,679.6310710242477,683.0033289943269,1572980
2019-07-17,693.3101806640625,699.104820156148,691.5528237405649,699.104820156148,864861
2019-07-18,685.854736328125,701.864863885692,681.4579485136442,694.0748965253464,1120030
2019-07-19,685.376708984375,690.7771625155304,673.9545484959726,686.4759349261923,1223141
2019-07-22,690.7772216796875,693.9792236014555,675.3405691179474,678.6859686406284,687666
2019-07-23,682.3182983398438,692.9280319783411,676.9179011552485,690.1083256282342,1130636
2019-07-24,665.0654296875,684.9944880486418,656.7019306764923,680.358685021914,1865065
2019-07-25,660.90771484375,667.8374723794003,657.705653944477,665.0655460294804,990859
2019-07-26,667.4072265625,672.9032402434658,648.5296143539653,658.5658132496419,1731276
2019-07-29,635.9605102539062,649.963422019845,618.4688592409071,645.0408815909482,5803699
2019-07-30,608.241455078125,634.4789596075209,598.3964329946187,630.7990431429218,3626875
2019-07-31,616.796142578125,620.6672364808775,595.1466612424346,605.4695977628226,1430832
2019-08-01,619.137939453125,625.1118678538692,610.153127802748,612.3037420270159,1742201
2019-08-02,617.5607299804688,623.678055314612,605.6128745146716,611.7301998488149,1138191
2019-08-05,606.6166381835938,613.3552180775353,595.7201689182626,611.7302978061581,1746630
2019-08-06,618.2777099609375,621.3363731655209,604.0836785088493,605.0395071140848,1476032
2019-08-07,616.0792236328125,622.9612002283646,609.1016875266979,620.0937148418128,899989
2019-08-08,627.3101806640625,632.7106345751785,612.0169259370928,619.3768164422744,1157834
2019-08-09,627.931640625,639.4015843764058,624.3950629671531,630.8469063273188,1126655
2019-08-13,619.2813110351562,636.1994288834925,615.9359112713837,626.8323212127576,543712
2019-08-14,625.6375122070312,630.3688747925593,613.928613471309,621.2885043444481,735271
2019-08-16,622.5789794921875,632.280663806896,619.3769767904287,624.0605605987332,932235
2019-08-19,634.3834228515625,642.2690084207441,620.3327314422827,624.9206968328866,1048662
2019-08-20,647.287109375,656.4630401710442,636.5818178868515,636.5818178868515,3208690
2019-08-21,621.9099731445312,656.6543233976689,613.1641171173284,650.2502593764691,2521998
2019-08-22,628.17041015625,635.6258596999414,614.9321523605231,618.8988633920483,1541113
2019-08-23,618.6121826171875,630.2733013393758,601.2160932125267,628.9351181778102,1669934
2019-08-26,623.9170532226562,642.7946660930469,607.3812318445223,635.6259523447973,1858199
2019-08-27,631.27685546875,640.4050046886496,623.2000941149246,636.5816912278218,1768474
2019-08-28,636.7730712890625,642.173468268249,630.846921870329,634.1923222135807,999474
2019-08-29,635.1958618164062,646.8092022280309,625.5897963967077,632.7585106411314,1777130
2019-08-30,649.0552368164062,654.264513051259,633.2362891109701,635.5780802630562,1109302
2019-09-03,623.773681640625,643.8460809732973,620.3327222335389,643.8460809732973,890541
2019-09-04,607.9069213867188,629.4608422303221,599.9735565647518,625.1118342561542,1741506
2019-09-05,623.1046142578125,625.7331425981039,608.6715690949098,608.8627464602139,982353
2019-09-06,630.7034301757812,635.9604870740352,624.156028101795,624.156028101795,751108
2019-09-09,631.6115112304688,633.6665660041288,626.5456314464806,631.802688613461,898804
2019-09-11,635.7215576171875,637.8243921358605,624.5861897968882,631.6115064401855,1408705
2019-09-12,639.7360229492188,643.2726001752173,636.2472838209969,639.3537265410109,747885
2019-09-13,643.3681640625,651.3971470982683,633.284184678404,640.7396355892495,1295505
2019-09-16,642.1256103515625,647.3826673939958,636.3428592727149,639.8794365872718,530491
2019-09-17,620.284912109375,645.2797921941811,614.2153661762287,643.0813983284313,1119997
2019-09-18,621.2886352539062,628.4573502760667,615.8881799348845,620.3328065842849,910391
2019-09-19,616.5572509765625,623.1524919112402,606.6644479136962,621.2886144002096,1249922
2019-09-20,695.5086669921875,704.827995344625,610.3920880352756,619.3768997312322,3990259
2019-09-23,699.2841186523438,728.7236836030872,689.1523597230025,705.640401616514,1177558
2019-09-24,723.5620727539062,731.9255709528451,683.6084587399454,698.7105352484881,2202687
2019-09-25,698.1370849609375,717.8749063684119,694.0269761798417,717.8271266163578,1311185
2019-09-26,687.9575805664062,705.9749249190806,677.7302036855723,701.53035728327,2030386
2019-09-27,682.2704467773438,700.0488938389445,678.7338692699972,690.9685220888337,1081624
2019-09-30,686.5716552734375,689.3913612437542,677.7302409351294,684.2777016918509,979643
2019-10-01,678.2080688476562,699.4752519798802,671.3260923010862,690.8727958814525,1603395
2019-10-03,670.9916381835938,679.5940950833834,666.2602752208805,677.6346582351491,965453
2019-10-04,649.19873046875,677.5868486565834,645.5187557311901,670.9916086546627,854195
2019-10-07,633.4754028320312,652.4485771519222,630.8468741895747,652.0662807165081,1111458
2019-10-09,641.7909545898438,646.1399618963194,626.6888783908628,633.4752363118132,785908
2019-10-10,633.3800048828125,640.2141460930961,623.2481841637791,640.2141460930961,1133005
2019-10-11,631.5159301757812,637.6810359474035,625.3986041634913,633.3798075028966,884947
2019-10-14,625.0162963867188,635.0524959081075,621.8142358216467,632.7107043519547,1102177
2019-10-15,637.4420776367188,645.5666202391465,626.2588720337835,626.2588720337835,1402183
2019-10-16,641.9822998046875,644.2284736695082,635.8171936929881,640.4051592857129,742871
2019-10-17,655.5071411132812,656.797544527751,639.2102776645767,644.228377040635,1607024
2019-10-18,659.1393432617188,664.0141038592407,649.6766756414903,655.6983838251166,1104118
2019-10-22,648.242919921875,662.341390722151,640.8830285820378,659.5216848942671,976609
2019-10-23,643.4159545898438,651.8750131699563,628.504995531446,644.2283854494876,4148758
2019-10-24,640.3095703125,648.673070142396,626.067701552219,630.8468443121595,3271591
2019-10-25,635.4347534179688,639.2102875317788,621.2885037692056,621.2885037692056,931283
2019-10-27,638.2545166015625,644.4196224394852,634.9091166643024,637.2509082882135,140511
2019-10-29,638.6846313476562,642.7469025742939,634.2877851341625,639.1625456096136,1035190
2019-10-30,659.1871337890625,666.6903640125439,640.4528605997059,645.1842232379456,2432177
2019-10-31,661.2899169921875,668.1241140263973,655.1726496641,662.3891430905484,1425499
2019-11-01,657.9445190429688,667.0727278116391,656.654173914601,663.2494138441596,540561
2019-11-04,663.0581665039062,666.2123885263762,655.5070988793592,659.1870731881869,830617
2019-11-05,656.7019653320312,666.1169111476098,650.0589455277512,664.6353302875909,829450
2019-11-06,658.8048095703125,663.2494355385443,645.4232102464324,656.7497549099165,828409
2019-11-07,678.6382446289062,683.0350324556337,660.2863255006904,664.1096395549378,2760947
2019-11-08,676.248779296875,685.5681087642171,671.756372911454,682.7961823049367,1129079
2019-11-11,662.0546875,677.3957245000948,659.6172779562088,672.4254042295736,791314
2019-11-13,644.5151977539062,672.9988776784953,642.0300667895552,662.86711809873,1229427
2019-11-14,642.508056640625,653.3566889289464,638.636962116638,646.0446344590051,975688
2019-11-15,643.1292724609375,652.7353968951404,641.4565723529728,644.6108535135976,549025
2019-11-18,637.8721313476562,647.3348569105774,633.7620804319255,643.5593226369213,874088
2019-11-19,636.3427734375,643.9416210780321,632.5672394939263,641.1696953120825,717667
2019-11-20,641.9822998046875,645.7577760873672,631.2770078622311,636.5818449019175,1111197
2019-11-21,624.8251342773438,645.8533623596587,622.2443855266852,641.9822684032433,1467627
2019-11-22,610.3441772460938,624.4426453166917,607.9068266373083,621.2884234500793,1606769
2019-11-25,635.7215576171875,639.6882695123924,609.38849222104,610.3443207896054,2178172
2019-11-26,641.0741577148438,650.4412649246971,632.232744488461,639.4492376702752,2521989
2019-11-27,647.6693115234375,649.9633230581209,634.1921541897989,642.3166957280254,1306539
2019-11-28,643.84619140625,653.3566986748558,640.453011176317,645.2799344616433,1328679
2019-11-29,637.9678344726562,647.0959862744286,630.8468994699009,643.846145577863,823893
2019-12-02,641.6954956054688,643.4638134868017,631.0380419127573,637.9677991367436,779145
2019-12-03,640.4050903320312,645.7577065573588,635.9604645037717,640.4050903320312,657306
2019-12-04,643.0814208984375,644.4673839295556,631.0857845598651,640.4051126923281,869810
2019-12-05,640.7874755859375,646.8091837110334,636.581806680618,644.2284349890939,717262
2019-12-06,632.1849975585938,641.3131481281845,623.5347029031288,641.3131481281845,993467
2019-12-09,629.317626953125,635.6260729125356,626.7846576126244,634.2878894233744,557229
2019-12-10,618.8033447265625,629.2696192928654,616.6048926811424,629.2696192928654,808226
2019-12-11,607.3812866210938,616.5094379492572,603.2233972686454,616.5094379492572,1812960
2019-12-12,623.4869384765625,624.6339443804379,609.5796450323248,611.8258187422589,1196192
2019-12-13,625.5896606445312,630.8944963664329,621.5273901208654,624.7772298754513,895607
2019-12-16,619.9502563476562,628.6961092533103,617.9430401098671,627.7880606355927,601125
2019-12-17,614.0244140625,620.4762581431446,611.2524873440416,620.3328604945785,809881
2019-12-18,623.248046875,626.0677530029194,607.954788786379,616.3182893035936,1325539
2019-12-19,618.3255004882812,623.343600279673,614.9801006273535,620.5716742021038,942613
2019-12-20,612.8772583007812,627.2624658497741,611.7302524096845,621.192978087304,1107531
2019-12-23,621.1452026367188,623.2002574963309,604.2748625714808,612.877320113608,1613405
2019-12-24,619.4724731445312,624.2516159965617,616.7006052938412,620.0937850509537,803333
2019-12-26,612.6383056640625,622.2443706865562,611.7302568961536,620.5238910068645,540646
2019-12-27,618.1343994140625,621.2886222901669,612.2082501182338,615.4580908627966,662742
2019-12-30,623.9649047851562,629.8910538335138,618.0387557367989,619.3769391261258,1294264
2019-12-31,618.564453125,628.5050347788718,617.7041841170712,623.9648492863286,481645
2020-01-01,620.8106079101562,624.490524282666,617.1306915376465,621.0495650340631,492348
2020-01-02,625.5419921875,626.7845576068064,619.1857091368822,621.2885435675549,435382
2020-01-03,631.3248291015625,636.2473700297637,622.3878544779504,625.1119428197152,1316546
2020-01-06,618.564453125,630.8468263323281,614.119827149274,630.8468263323281,569453
2020-01-07,612.1126098632812,627.8837805030466,610.7744265945529,619.6158404380578,877010
2020-01-08,601.6463623046875,609.8186856880052,596.9149987651399,608.3849426965758,1865051
2020-01-09,610.9656372070312,613.2595907850423,604.4181764605153,607.1423229045331,1767768
2020-01-10,616.4616088867188,620.3327026824712,609.8185890776836,613.163988861025,1078909
2020-01-13,622.4354858398438,625.8764448552625,617.5129460852914,617.5129460852914,703391
2020-01-14,622.0054931640625,625.3986731992403,614.7889985339463,624.1083278591088,897474
2020-01-15,613.9765014648438,621.57535079464,608.9584011220359,621.57535079464,1638831
2020-01-16,611.2523193359375,621.2407387239542,609.9141361143227,615.2668106616405,1228864
2020-01-17,610.4876708984375,622.8178234698311,609.5318424042609,611.2523220259505,2587519
2020-01-20,597.679443359375,615.0277508926027,594.8597381167363,611.8256909821333,3540418
2020-01-21,589.698486328125,604.7050075221185,585.7795539324521,595.4812378853453,5330031
2020-01-22,573.97509765625,591.2755726845834,562.313976593905,577.7984122118287,13896645
2020-01-23,592.4702758789062,593.5695019960373,573.9750176306286,573.9750176306286,3365852
2020-01-24,595.3855590820312,600.1647012858069,586.9264423778653,592.613633268186,1487093
2020-01-27,594.6687622070312,598.9221526296272,589.5550444052448,594.5253645873086,1382244
2020-01-28,588.9815063476562,597.3927850939513,582.0995297955461,594.6686973295784,1238644
2020-01-29,588.7904052734375,593.6173279345543,584.4413969023153,590.7020624334161,1668628
2020-01-30,580.0924682617188,589.7940946785578,577.1293642530013,588.790486199458,912666
2020-01-31,576.1735229492188,586.6876385444203,573.6883916896506,583.5334155336906,1171667
2020-02-03,568.0966796875,578.276277158258,560.1633143298521,568.5745939661432,1615206
2020-02-04,581.1914672851562,588.5035781366248,573.4970600637946,573.4970600637946,6574159
2020-02-05,593.6651611328125,602.1720595961008,583.7245780096379,586.3053270757373,2174566
2020-02-06,603.7491455078125,605.8519217111548,596.1502966338269,599.1133418942794,1828910
2020-02-07,602.1719970703125,606.3776660997952,598.8265970865885,604.0836542038691,729667
2020-02-10,594.9077758789062,601.2162216415514,588.8860087046573,600.1648334608276,601397
2020-02-11,591.514404296875,606.9510568742937,587.9300476617906,596.436944078046,975440
2020-02-12,590.3674926757812,595.2421946596983,584.5846836155622,595.2421946596983,1487002
2020-02-13,590.2719116210938,594.4775805926862,585.110472435025,590.367529479943,897770
2020-02-14,584.6325073242188,595.959051364128,581.9561409354736,590.7975542877081,1009884
2020-02-17,576.1256103515625,586.830900884488,573.497082058793,585.9228521700669,1035220
2020-02-18,573.97509765625,576.7948038088193,562.9830683089613,575.8867549340393,2800102
2020-02-19,591.2277221679688,593.5695137208475,577.8939025832225,579.9967370049736,1864746
2020-02-20,595.2422485351562,603.462350992195,592.6614996998521,593.7607259031389,1229373
2020-02-24,598.9698486328125,605.9473838008104,586.8785968761767,592.5657871293666,1965644
2020-02-25,615.1712036132812,619.0423557369617,603.1277877637973,605.995273284069,3491818
2020-02-26,618.2299194335938,623.8693314419465,607.9069823446276,612.2559907548925,1824325
2020-02-27,610.4876708984375,618.8033904656024,604.6570820804752,618.4210357322752,984423
2020-02-28,585.970703125,603.892489116951,583.0554376048054,588.7904091222297,1785458
2020-03-02,599.8779907226562,619.1857396179839,592.6614966445641,592.6614966445641,2333347
2020-03-03,610.3441772460938,616.5092817312326,590.70191644946,601.2160282309229,1520126
2020-03-04,604.9917602539062,614.3588694268115,591.8968959821906,612.6861692766802,1304147
2020-03-05,607.2378540039062,611.2523455014552,599.017751973946,609.7230431876955,913452
2020-03-06,606.9989013671875,609.7230477038757,585.9228937728761,592.613693538635,1574882
2020-03-09,583.24658203125,599.1610920893024,567.0930565009976,592.6136899792218,1919270
2020-03-11,586.1139526367188,590.9886538590263,575.1697064220987,583.0552902658583,1335433
2020-03-12,553.137939453125,570.5818087845258,491.9171384811597,563.938789343918,4202510
2020-03-13,573.97509765625,595.9113765867128,508.45305612785035,508.9787502114123,1997242
2020-03-16,544.4824829101562,584.5597289730454,541.4995678676235,562.8131683091555,1397941
2020-03-17,548.331298828125,563.3422468121363,539.8155160510097,544.5305057261249,1352460
2020-03-18,538.8533325195312,557.1839564600626,531.3478871340797,553.2869039263044,2536217
2020-03-19,514.9898681640625,538.1316838597938,496.7554435272572,519.6085995248792,2727642
2020-03-20,517.4916381835938,533.9459449238457,501.6628097001804,516.7218594500367,1910412
2020-03-23,479.67572021484375,507.96554546088066,465.8194966574004,481.02284775866025,1711503
2020-03-24,471.4486083984375,489.4424447591225,462.83656493476485,475.34566128435307,2024486
2020-03-25,455.7641296386719,477.222059686601,448.0181236694072,458.16972520244104,1615671
2020-03-26,474.81640625,488.23961024064135,456.19709298279906,457.3036609342232,1484706
2020-03-27,491.8479919433594,499.78648552057734,468.1769291471445,480.15680506775095,3822048
2020-03-30,449.7019958496094,486.50760431564976,447.6812899039286,484.91991727446384,1622123
2020-03-31,462.30731201171875,469.57219800111613,440.7531548408376,456.1008644519038,1862235
2020-04-01,466.3005676269531,470.53440919865034,448.8840529471787,461.8742666980617,1414538
2020-04-03,453.69525146484375,479.19456040189226,451.818875476236,479.19456040189226,2044225
2020-04-07,481.40777587890625,489.6830305498132,463.07714929946206,467.16666178678196,1116157
2020-04-08,511.5257568359375,515.5671686523203,473.51738077794056,480.97472614577845,1811039
2020-04-09,529.8082275390625,533.7053384838861,504.2127198335445,515.7595760129386,2060336
2020-04-13,516.096435546875,532.3101844698251,504.64583619468425,531.1554868827039,1516544
2020-04-15,538.3721923828125,557.9537133321206,516.7699362775036,516.7699362775036,3595791
2020-04-16,527.78759765625,536.3996403941591,519.0312544416056,530.1931929053669,1966417
2020-04-17,508.63909912109375,541.6920171851983,503.7317076958569,529.2310205018554,3634673
2020-04-20,505.1268310546875,511.9105969562532,490.83759141323134,511.9105969562532,3578236
2020-04-21,484.7755126953125,500.2675803739869,481.11901989021663,493.6281144073623,2296190
2020-04-22,498.34307861328125,502.2882308809356,468.60990122416786,485.9301850476484,2874821
2020-04-23,510.51544189453125,514.1238349793532,495.55265031554103,500.36384109530354,1438729
2020-04-24,505.7523193359375,516.7218571131624,497.5732955268837,504.21276187578604,1707752
2020-04-27,515.1342163085938,518.5020501356277,504.26093598452803,505.17507405508087,1213123
2020-04-28,512.8248291015625,521.8217322296922,505.1750241329074,520.3783750178839,1209446
2020-04-29,522.35107421875,524.4199102006801,509.4571153346061,512.8249496202985,975128
2020-04-30,542.2211303710938,544.3861659404548,524.1310671376132,531.3959525242884,2637280
2020-05-04,505.0306396484375,531.8771059368481,498.4874323617254,526.3442369017746,1835896
2020-05-05,487.4698791503906,514.7012378941512,482.12943950860364,514.6049788357074,1137980
2020-05-06,489.1056213378906,498.439342784757,473.8541707313093,489.8272999230037,2448671
2020-05-07,468.46563720703125,492.90647971826917,466.6854908020704,491.03010362773637,2606691
2020-05-08,469.0429992675781,478.2323618795547,466.82983389731845,475.3456474215292,3203167
2020-05-11,470.0052185058594,474.768279550815,458.7470208265518,473.42115206431777,2932826
2020-05-12,462.40350341796875,467.45525340155257,453.4066007488699,466.060025787097,2707994
2020-05-13,491.8961181640625,495.5526111214123,465.5307712841031,475.3456114446169,7182888
2020-05-14,482.03314208984375,490.741384320441,474.38333817642626,490.741384320441,2881855
2020-05-15,468.46563720703125,482.99543877307957,467.1666098647529,481.8407412765706,1760644
2020-05-18,457.7847595214844,473.27679824432687,454.7537154891223,470.53441388545633,2258571
2020-05-19,450.5198669433594,465.72321639360973,448.4029314864094,462.0667235481596,2188259
2020-05-20,451.8670654296875,476.30790988190495,430.16857636040413,446.4785256266745,6372631
2020-05-21,448.2586975097656,465.3865267235167,443.6880657929588,458.69898846224487,3993490
2020-05-22,442.0041198730469,456.5339224618771,438.29949695658,445.90117280902604,2993848
2020-05-26,443.30316162109375,449.1727912963853,437.0004836336735,444.2653998452636,2249584
2020-05-27,452.8773498535156,461.92238199987827,437.14475125525126,445.5162343597005,2029075
2020-05-28,480.8785095214844,485.4491406775165,456.19710715194645,458.9875918794358,6398891
2020-05-29,477.5106201171875,484.4387456463176,467.4552210054259,481.1190127125315,3494222
2020-06-01,519.9451904296875,524.4196198526753,483.0914931108788,485.9301064689927,6065981
2020-06-02,528.60546875,532.5025799803553,516.0482734809435,522.4952803995311,3601234
2020-06-03,534.3789672851562,545.9739847184696,531.2516930976597,535.9666838263367,2794968
2020-06-04,546.070068359375,549.389801225867,530.5299010716345,534.378853095313,2720866
2020-06-05,546.4068603515625,553.1906856771269,537.7948766756314,549.4860338979317,2293104
2020-06-08,525.4782104492188,551.2662388831052,523.4575339023987,547.9946058040737,2605337
2020-06-09,525.7669067382812,537.2656047298265,518.2133026247371,525.3819880168245,4203476
2020-06-10,537.0733032226562,539.0939800573664,518.8869767888172,524.4198467313961,2768781
2020-06-11,524.6121215820312,539.3824500451076,521.7254078448561,533.1760037641127,1453086
2020-06-12,530.818603515625,533.609058410778,505.1749379358844,509.0238898439673,1948843
2020-06-15,521.0999755859375,535.6298045804251,516.9142637906709,531.15537440175,2383481
2020-06-16,531.2997436523438,534.8118771700615,523.457480335328,531.1553844579064,1944915
2020-06-17,532.5987548828125,537.602404434466,522.7839151334822,531.1553978235095,2670354
2020-06-18,527.97998046875,532.9836296074888,521.5329743898182,532.1175919512351,2208932
2020-06-19,544.9635620117188,555.1152216508391,524.9009197357755,529.2309914842832,5305605
2020-06-22,555.1151733398438,560.936701993459,540.9702617796613,548.4757070778137,3719766
2020-06-23,555.5,567.1431153388974,552.0359666026783,560.022530462866,2902092
2020-06-24,560.1188354492188,564.2565067136089,548.8606954388076,555.6925631998571,2803425
2020-06-25,557.520751953125,567.6242515196427,553.6717997373088,557.039632926148,2802811
2020-06-26,563.34228515625,570.9920894953868,558.1461761291965,559.2046732356299,2262107
2020-06-29,556.3660888671875,562.7168369229523,549.0049438081547,558.1943060442817,1644982
2020-06-30,557.616943359375,565.7959666873383,553.7679912050394,556.3660456552857,1527119
2020-07-01,552.7096557617188,562.2357788791239,550.4483607118149,560.4556616684498,1483752
2020-07-02,559.1083984375,562.2837722066282,554.5377677716847,556.1735841770989,1335478
2020-07-03,558.1461791992188,566.7101214904507,556.269803221887,561.9470313111779,1207054
2020-07-06,560.8886108398438,566.7582397457486,556.8952992408354,558.2905562290644,1283208
2020-07-07,575.177734375,580.1332833075912,560.4074053407363,565.795914366374,3211876
2020-07-08,560.0226440429688,582.7796014382334,558.0981676029586,573.2534195680389,2242772
2020-07-09,565.2667846679688,567.4318203970934,553.3831088721173,558.098099063241,1759847
2020-07-10,558.3386840820312,566.7101676962861,556.462307951712,565.7960297117352,922514
2020-07-13,564.9300537109375,566.9988894428824,555.2114708672773,565.6998912960829,939648
2020-07-14,558.3386840820312,563.3904343473146,547.7540644785804,560.2150602123504,2103458
2020-07-15,553.6718139648438,563.8715141067155,551.8435381232105,561.5621192257419,1094320
2020-07-16,551.7955322265625,556.3180637149983,540.970351992182,553.8643092109161,1289259
2020-07-17,567.7686767578125,570.1261722541343,550.4964881476695,553.8162219093991,2341968
2020-07-20,576.71728515625,582.0095938199125,568.2496030404585,573.6381707362116,2353046
2020-07-21,557.1839599609375,585.0407646971089,556.2217218611067,577.8239789483781,2757227
2020-07-22,562.5726318359375,567.9130425243264,553.287008975764,559.0604386346415,2431985
2020-07-23,582.7794799804688,588.8896679119256,561.5139845121072,562.9092413863995,3850942
2020-07-24,583.7898559570312,589.5151842896439,572.7241180166553,581.191801390177,3175101
2020-07-27,572.72412109375,586.7727736709576,565.4110763947822,583.7898590935791,3781853
2020-07-28,554.1529541015625,572.7241379810549,549.4379638443817,572.5316786119213,4301660
2020-07-29,548.9087524414062,564.3526626659902,546.9361760230009,559.06035295642,3966766
2020-07-30,556.6547241210938,559.5414383343406,549.4379385879768,551.2662144151734,1916099
2020-07-31,561.1292114257812,567.7205193875446,553.3350470230939,556.6547804503298,1645262
2020-08-03,562.6206665039062,566.5177193238845,554.9227611882526,561.9470880427152,1118103
2020-08-04,566.03662109375,574.0712865708081,562.1876682941325,565.8922618716208,2365890
2020-08-05,582.63525390625,585.0408495045417,570.7997353087271,572.3392929994892,2654207
2020-08-06,583.2606811523438,588.6491913282655,572.3873430164292,586.003036401984,2239717
2020-08-07,586.5322265625,588.8897216714712,580.5182383918354,583.2606522358705,909865
2020-08-10,588.6973266601562,597.4537296321031,585.2332925873076,588.8897860487277,1743028
2020-08-11,583.0200805664062,597.4536518753912,581.2399048667536,594.4225784083636,2370190
2020-08-12,580.6625366210938,585.6180271151026,578.4012420681845,583.1162317909765,1237575
2020-08-13,589.370849609375,591.9208041243164,580.6626063530542,582.923842447169,1567671
2020-08-14,587.9275512695312,598.1272528894282,579.8928856403977,594.6632187963507,1786207
2020-08-17,593.989501953125,595.3366586368703,583.1162243669394,590.9584875102175,947292
2020-08-18,602.8901977539062,612.9455964431958,597.5497886832411,597.8384483326711,4080491
2020-08-19,605.440185546875,607.9419809547387,599.4742979623358,606.1618640757222,1152479
2020-08-20,614.2927856445312,619.2482762914799,597.4536200153539,600.4365344346686,1880315
2020-08-21,608.7599487304688,619.5369683116962,606.4986539896731,619.5369683116962,1294195
2020-08-24,613.3786010742188,618.4303503784352,607.6532734500379,609.4333901889097,902320
2020-08-25,638.0119018554688,642.6787914500114,613.3786322502555,616.7464652909091,2956512
2020-08-26,625.06982421875,641.7165897458237,620.9803124380061,637.8676374815941,2476522
2020-08-27,628.4375610351562,632.9600909978503,623.7226304730493,626.0319662390788,932791
2020-08-28,615.1107177734375,634.6922400093983,613.1381413749083,633.1526825106326,1478632
2020-08-31,592.3057861328125,623.867191282893,589.8520901628738,621.6059547230285,1711609
2020-09-01,597.2131958007812,604.9111018323113,585.4738773566256,603.7083040148847,1719022
2020-09-02,605.8731689453125,608.7598828917264,595.6253109434049,597.2130271060707,1194125
2020-09-03,621.0285034179688,623.0010798092516,607.076050739127,609.0005269706913,1617923
2020-09-04,609.9627685546875,623.9152213128622,606.8354946606139,620.6435882084589,1127590
2020-09-07,623.5302124023438,629.207439988886,607.1721667066032,614.8700705634222,2381405
2020-09-08,614.4371337890625,627.8122670187943,611.6947786659425,626.3689098528673,928802
2020-09-09,617.1795654296875,620.6435992356047,595.7216079602034,611.0212178521069,1278977
2020-09-10,619.1521606445312,625.3586085711839,610.5882174613538,620.8360774377122,1127488
2020-09-11,629.0631103515625,633.441281629737,619.1520704163762,619.6812895853251,1792566
2020-09-14,643.785400390625,646.6240145816599,627.3792522429201,633.152680944542,3245010
2020-09-15,645.7098999023438,651.4352286505878,640.128930368986,650.0399715846593,2016929
2020-09-16,654.27392578125,656.2465024957584,644.2666242451811,648.0674771713977,1536911
2020-09-17,656.1019897460938,662.6933556152076,649.5106826073296,650.4729206556368,1440700
2020-09-18,649.751220703125,661.5867365611257,644.8919304654096,657.7377844947614,1271430
2020-09-21,643.785400390625,662.5009435111203,639.8883477631009,643.4005403820624,1907466
2020-09-22,640.12890625,648.5003895997911,620.6435844137542,648.5003895997911,1188057
2020-09-23,649.270263671875,660.7209224181071,638.6375426820093,641.9091175163883,2029004
2020-09-24,639.11865234375,652.9748477959977,632.1905252524455,644.6034220714646,1885899
2020-09-25,634.1630859375,644.603405842838,626.1284203079418,641.9090918476797,1729883
2020-09-28,658.6519775390625,666.8310013653328,634.5960251088557,636.0393822546681,1966395
2020-09-29,641.427978515625,664.906614742527,636.4243867203749,662.5010191754412,1533653
2020-09-30,652.2532348632812,655.1399498814509,638.9262573548784,643.7374490518278,1053035
2020-10-01,640.8986206054688,658.8924833011274,638.781685218271,655.4765500808311,868753
2020-10-05,644.3148193359375,649.4628300955619,639.8885461180964,644.0261595574473,750470
2020-10-06,661.9717407226562,672.5563602716677,647.6824690932776,647.6824690932776,3788156
2020-10-07,655.1397705078125,661.9716960851578,646.4796278244027,661.9716960851578,1065875
2020-10-08,661.105712890625,662.6934293391033,654.4181459648361,658.1708982628633,792031
2020-10-09,683.3814697265625,685.931365301713,661.2499947426829,662.3084330975983,3978161
2020-10-12,678.4259643554688,686.0276688790293,673.8553333555648,686.0276688790293,1809924
2020-10-13,675.5391845703125,683.5739072086233,672.7968297282848,678.3777984517475,1328451
2020-10-14,671.1129760742188,679.0995405757983,667.8894431938832,671.6421952843177,2369537
2020-10-15,658.3152465820312,675.394973556884,655.4285321637462,675.394973556884,1107005
2020-10-16,671.1610717773438,674.5289051124272,655.9577216107518,662.9820479635697,1466874
2020-10-19,679.340087890625,683.1890402299487,666.8309927878231,674.8175571458493,1014098
2020-10-20,682.3711547851562,685.6427290038957,672.941174660254,678.9070624748805,976118
2020-10-21,684.7286376953125,695.6500758347028,673.8553584472601,683.5258400189714,1933053
2020-10-22,696.5159912109375,700.3168432665705,679.3881656126478,683.0928173551154,1357693
2020-10-23,699.2584228515625,704.1177133981615,693.5330945428424,697.6226063733066,1209962
2020-10-26,693.9661865234375,706.2828234700314,690.4539936775266,702.4338707535735,1386440
2020-10-27,697.0934448242188,701.8083765569248,685.4503278823048,693.918070651099,1953876
2020-10-28,701.0867309570312,704.0697046234549,688.3370747719481,698.5849351222906,953186
2020-10-29,697.7670288085938,708.2072894062028,689.0587264314739,697.6226695917079,3726196
2020-10-30,700.4131469726562,713.0184427793123,684.9210780924104,700.0282282347499,3269125
2020-11-02,752.0853271484375,760.168151236001,702.4338612687097,702.4338612687097,8059933
2020-11-03,753.7211303710938,795.7709492287698,751.0268752999453,752.0853137717107,12035236
2020-11-04,777.5364379882812,784.1278038133113,743.1364279913714,752.0852300347075,4845777
2020-11-05,786.9664916992188,790.8636034099535,773.6395160651164,781.8666409637668,3443427
2020-11-06,787.7362670898438,794.3275747754266,782.1071388020414,786.8702292823805,2964004
2020-11-09,792.8842163085938,797.3104881987573,777.4884062831842,796.7331688149462,2355138
2020-11-10,809.8677978515625,812.4176938223446,785.2344648962428,799.6199376138268,3200355
2020-11-11,784.0315551757812,811.0704797494159,775.5638720410066,811.0704797494159,2936135
2020-11-12,780.8561401367188,792.5473553758213,776.7185284661672,787.8804658188664,2224147
2020-11-13,797.1181030273438,802.4104128262858,779.5090979847611,780.7600545578864,3689109
2020-11-14,795.7709350585938,802.073583076288,791.4408634651672,799.8123469585294,132918
2020-11-17,812.8026733398438,817.5176055951853,799.1869784122164,803.5170506001789,2287511
2020-11-18,806.4517211914062,811.3110705389524,800.5820923239604,805.5857421470556,1517818
2020-11-19,796.5407104492188,822.7135992715301,790.6229812014433,802.0254795237665,2506168
2020-11-20,793.846435546875,807.2215686803514,788.8427856615999,799.1868452763016,1488974
2020-11-23,793.0285034179688,808.2799528455942,789.9493299467729,798.6575724545752,1420996
2020-11-24,789.8049926757812,800.0047514116422,787.1107378375663,797.599156247102,1392411
2020-11-25,784.6570434570312,801.7367691457547,781.3373103799134,794.3756244412914,1410000
2020-11-26,772.8697509765625,786.5335454630142,768.2510192610978,782.2996737977948,1936628
2020-11-27,771.1376953125,785.6674682322455,765.9415856863043,777.9695628484636,4776766
2020-12-01,792.3068237304688,808.2318515082566,767.9621543924978,767.9621543924978,3766220
2020-12-02,804.767822265625,806.2593383249656,791.9219669500111,797.4067359398425,2062830
2020-12-03,800.8707275390625,810.1082481757317,794.9048398064878,810.1082481757317,2794370
2020-12-04,798.176513671875,812.706285666708,794.8567804403697,801.4481467438649,1950537
2020-12-07,794.6162109375,808.1838033806504,792.4992753722191,798.1284034933309,1252949
2020-12-08,788.9390869140625,802.2179617093042,782.2996201512635,798.6576687891128,1282605
2020-12-09,792.73974609375,797.310376555039,788.169115632461,796.0594789117029,973862
2020-12-10,796.1558837890625,803.8537891339687,788.0730596847683,789.0352978528815,1551387
2020-12-11,796.2039184570312,809.6752517024884,790.1899304010236,798.2726951100866,2077418
2020-12-14,795.7228393554688,799.1868731574725,791.0559491515316,798.1765348594176,628450
2020-12-15,832.1434326171875,836.8584224337717,795.7227468480534,798.6575610794442,6328314
2020-12-16,867.1210327148438,870.8256265289267,827.8616646671501,829.4493812905357,8084435
2020-12-17,876.6470336914062,891.0325054334052,857.3541709947776,864.0898378825032,7393369
2020-12-18,884.6336669921875,893.4381700274122,871.7878104952455,873.3273681253893,4348236
2020-12-21,848.7902221679688,887.1835466484772,829.4973596078552,882.3723560484312,2230086
2020-12-22,847.2987060546875,850.4740798843854,824.6380116464132,835.2707303888997,2460221
2020-12-23,859.6153564453125,863.9935866486177,843.0167497358245,847.250620736472,1404169
2020-12-24,862.0692138671875,877.8017847077064,857.3542232661731,864.6672099837076,1528919
2020-12-28,869.4783325195312,877.1281372384802,859.326732207254,864.089822596815,1149489
2020-12-29,874.433837890625,880.9289448020547,870.1518667733161,873.5678001436276,1536659
2020-12-30,870.48876953125,875.92537986328,863.4162838609494,873.7122438550928,886047
2020-12-31,881.5545654296875,885.2591590706107,866.5436140159264,868.9011093921321,1025422
2021-01-01,875.54052734375,893.6786932104411,870.5849773159048,885.0666499120323,2158857
2021-01-04,884.1044311523438,888.4345029775973,874.9150682470441,876.1659661393792,1042065
2021-01-05,900.3662719726562,903.3972869852848,877.1762967200561,886.7024781434197,1871002
2021-01-06,910.1810913085938,917.6384369852799,898.778533971189,909.315053479804,2633011
2021-01-07,934.57373046875,941.0207373181825,910.2772190717503,919.7071404619413,2124734
2021-01-08,969.4550170898438,974.3143084071003,937.3162367036043,939.2407131643286,3536689
2021-01-11,975.5169677734375,987.9779628345383,964.210670170997,977.1527842790101,1773737
2021-01-12,980.328125,987.2562507866784,965.5096940957982,974.4103961618574,1799936
2021-01-13,974.2179565429688,1002.4115205611822,968.7331877369525,985.5723541490673,2210980
2021-01-14,965.1729125976562,987.2562886961405,963.0559770356681,976.6716696165522,2091931
2021-01-15,944.2923583984375,973.6887800367762,942.3197819925995,961.2758847594523,2598734
2021-01-18,948.4300537109375,961.0834501141558,932.4087650606326,938.470853644677,2565847
2021-01-19,980.7130737304688,985.3318048194897,947.1309408748511,953.5779478282366,1875360
2021-01-20,981.627197265625,993.4626551305392,973.7849334497537,986.0534689255287,2370898
2021-01-21,1089.2054443359375,1103.6871757094357,1012.2745499967972,1024.7354872543924,23442138
2021-01-22,1080.2568359375,1112.0587408330125,1072.4145704096088,1098.8761232909587,5718476
2021-01-25,1080.0162353515625,1109.4607023110375,1056.7781581206393,1090.4564968724922,3099232
2021-01-27,1073.906005859375,1086.3669437480162,1062.3109883948714,1086.3669437480162,1899418
2021-01-28,1140.1898193359375,1152.8290905833546,1067.1038207620452,1074.8224740767796,14679636
2021-01-29,1008.0078125,1140.3344897854183,998.6489931057731,1140.3344897854183,13643267
2021-02-01,1024.84423828125,1049.3992769981285,996.7194869757217,1013.0733380359482,3678712
2021-02-02,1090.549072265625,1106.5652513267912,1034.2993496999486,1035.2641811828778,5829926
2021-02-03,1073.616455078125,1102.8026134839783,1065.7048823897744,1083.0235639857967,3032392
2021-02-04,1094.16748046875,1097.833770409708,1061.4113722709506,1073.8577252566108,1829648
2021-02-05,1071.0113525390625,1117.2749801232305,1067.4414049931906,1099.9080115202787,2156894
2021-02-08,1086.5933837890625,1107.4338421624236,1071.4938623177918,1075.9802353785672,1714057
2021-02-09,1099.039794921875,1128.5154512457589,1090.2598497756042,1092.1895132265345,3183233
2021-02-10,1096.579345703125,1111.148278558509,1086.4003257356278,1104.5392059938167,1389370
2021-02-11,1114.7183837890625,1117.7576274796672,1093.6368327563252,1102.6098155043355,1141881
2021-02-12,1101.78955078125,1123.0158489148178,1088.3784839096174,1118.0470597099452,1437728
2021-02-15,1131.120361328125,1137.5365153561197,1097.399542271364,1114.2840961464549,2178167
2021-02-16,1173.3800048828125,1179.0242463364102,1122.5815962458373,1131.7474966878963,3715493
2021-02-17,1152.4913330078125,1188.5760579902217,1141.8781855292978,1177.4804947172288,2592491
2021-02-18,1124.8973388671875,1164.2142319102898,1119.2048080981228,1152.4915028217308,1891251
2021-02-19,1098.9432373046875,1129.3354339465643,1089.4396692118146,1129.3354339465643,1588500
2021-02-22,1088.5228271484375,1114.0426904261865,1080.3700482644094,1100.8727171865962,2542835
2021-02-23,1084.905029296875,1106.6137439744289,1080.6115750604624,1090.2116039958325,1374807
2021-02-24,1105.745361328125,1113.8981416724948,1075.8355801312023,1095.132213161475,1114199
2021-02-25,1134.448974609375,1153.8420650552093,1111.58239638924,1111.58239638924,2537138
2021-02-26,1066.669677734375,1154.372780494735,1057.4554883662488,1120.9896289612607,4164831
2021-03-01,1073.03759765625,1085.9663659790094,1057.5038308569726,1084.470829734556,2136966
2021-03-02,1103.7191162109375,1122.8711186385028,1078.7300707588097,1081.5279883151354,2632084
2021-03-03,1123.015625,1133.677060638623,1102.8989109262532,1110.086976572845,2582980
2021-03-04,1130.396728515625,1144.0974085020882,1106.083018241609,1114.3805468095795,1896345
2021-03-05,1077.5240478515625,1122.09922355065,1070.9631454352723,1099.9080953119012,4524090
2021-03-08,1076.028564453125,1109.2669697478598,1070.143114578267,1089.2950004640916,2094055
2021-03-09,1061.3148193359375,1088.0406090392037,1050.701671142578,1086.3039827284895,3109318
2021-03-10,1080.90087890625,1085.4355402747024,1061.4112100944967,1061.4112100944967,1891547
2021-03-12,1064.3056640625,1099.907971973957,1059.2402984020937,1088.7159494988027,1726017
2021-03-15,1060.59130859375,1079.79148410829,1048.3379923941088,1072.941202190916,1573678
2021-03-16,1050.1708984375,1067.3449478735238,1038.6412080324053,1061.3147504279107,2538380
2021-03-17,1024.4583740234375,1055.622368114326,1015.4853918585612,1050.1710453056564,1149913
2021-03-18,988.035888671875,1033.2863983943823,979.4005748220854,1029.4270718319647,2339212
2021-03-19,1007.23583984375,1010.4198310391043,951.8063149391993,974.5280859458782,3150876
2021-03-22,1000.7232666015625,1017.5596483210451,990.8820316069383,1009.2138316074561,1347171
2021-03-23,1004.7755737304688,1019.826921965611,993.8729303866203,1000.4338318677958,1825941
2021-03-24,992.7635498046875,1010.0823498210272,988.8560520104985,1001.4953239694878,1198133
2021-03-25,990.0619506835938,999.2760216184204,979.3040549968886,990.7372856795711,1383782
2021-03-26,1013.3626708984375,1025.0852805507507,990.2067126285141,994.3072469054797,1656045
2021-03-30,1013.6038818359375,1040.0884620756472,1010.7093870435191,1028.510482905974,1297976
2021-03-31,1013.4590454101562,1031.8873037639005,1011.3846341005224,1013.1695488451713,950070
2021-04-01,1021.2259521484375,1034.2994673400053,1009.3585942249985,1025.3747751078272,1032919
2021-04-05,993.6317138671875,1026.1466066446844,979.738175360604,1022.7214076496608,1017471
2021-04-06,1014.95458984375,1019.2963321949036,987.0227611622482,988.9524244294277,1161935
2021-04-07,1021.0812377929688,1028.317474143829,1008.7313473099202,1015.0027521473324,831141
2021-04-08,1022.48046875,1032.3699943972636,1012.1085272175042,1027.4493759233565,1189741
2021-04-09,1024.892578125,1061.2666898234982,1015.0513408896109,1021.7568747793598,2671765
2021-04-12,958.7532348632812,1013.8451581286296,955.1833459340802,1011.1435823625415,1484884
2021-04-13,987.7463989257812,992.8117650741185,946.1621784825101,958.5602415948852,1403988
2021-04-15,974.6729736328125,1001.4952825238321,968.5462571396728,994.8379203851202,1467066
2021-04-16,974.9141235351562,995.706233196758,971.9231101758915,978.8699096270869,1400671
2021-04-19,965.7481079101562,971.1029109918464,936.9478521168554,947.5127688874906,935048
2021-04-20,969.4629516601562,984.996778505443,961.4548597391075,974.4800886467623,924983
2021-04-22,969.2698974609375,977.3745072562333,960.2005148590765,972.5503487801413,793395
2021-04-23,970.1383056640625,987.9876926902039,965.1211688843889,970.3312837880221,1796088
2021-04-26,964.927978515625,978.1461821025464,955.2314335282156,978.1461821025464,1526982
2021-04-27,992.329345703125,999.5655830320247,967.7261387848657,970.0417582855737,1255019
2021-04-28,983.9835205078125,1007.284228074772,980.3654018724864,1003.4249015304243,844145
2021-04-29,973.8527221679688,998.5523868183061,970.4758116710827,988.9523598023607,707355
2021-04-30,955.424560546875,999.1314822781179,947.8023668037644,965.0246474343669,1428474
2021-05-03,969.3663330078125,972.5502655518299,935.8866642711062,950.2626788550598,1361391
2021-05-04,951.2756958007812,981.2337041953892,946.4997677636941,976.4095463576539,1133825
2021-05-05,962.130126953125,971.1995090714478,945.6314705113315,955.1833273401935,918327
2021-05-06,971.34423828125,974.4799410618947,953.8325207354208,962.9019615641297,596924
2021-05-07,966.76123046875,978.7251654591507,962.9019041994137,977.5673558006208,595813
2021-05-10,970.0900268554688,977.1332863593211,965.3623280562056,969.6558408206544,487919
2021-05-11,993.4389038085938,995.7062345663425,959.0908627093562,963.6738129169047,1170319
2021-05-12,972.4055786132812,998.6490707997209,967.6297089402217,998.6007821051228,859198
2021-05-14,962.4677734375,987.794603533134,948.9119009164236,975.7342082494988,907626
2021-05-17,994.3072509765625,1000.4820789853221,953.2536193481702,967.7260933261283,1742654
2021-05-18,1033.768798828125,1036.7115823990882,984.2247183759595,998.6007331624535,3242276
2021-05-19,1036.3258056640625,1044.623335531267,1020.7920373468567,1035.07159499912,1982427
2021-05-20,1034.63720703125,1049.7368460655018,1028.5105495457951,1042.0181927856086,1887196
2021-05-21,992.1364135742188,1035.264340382301,988.9524220800172,1034.7336358741677,6665482
2021-05-24,979.6900634765625,1000.2891952808777,977.7604002110098,998.6007399235191,1361368
2021-05-25,960.1039428710938,984.9483576389399,957.1129883379975,984.1282742991507,2481410
2021-05-26,961.3582763671875,973.7563394723362,960.0074885062913,967.7261416802113,1161924
2021-05-27,983.935302734375,988.5664828664882,955.1833314051619,966.3753549651561,3138650
2021-05-28,982.2950439453125,992.7152725010876,977.1814481621404,991.8469004918902,916916
2021-05-31,994.5484619140625,997.587587236881,975.4447490938874,977.3744122968426,1367577
2021-06-01,993.245849609375,1008.2490281924391,989.9655163710639,995.706217315404,1215986
2021-06-02,1009.8892822265625,1012.7837772948843,987.987649987183,989.9173133660641,1365925
2021-06-03,1034.830322265625,1042.983103297964,1009.3104522632242,1014.0381513100464,2154185
2021-06-04,1019.6341552734375,1046.6494420150636,1017.8974111576973,1042.018202891292,1390616
2021-06-07,1013.8451538085938,1030.1990033083748,1009.8410788705721,1022.721557955399,1031807
2021-06-08,1002.411865234375,1019.5376282105808,998.8903236892843,1014.1345941510143,1333609
2021-06-09,991.1232299804688,1020.4541332549888,986.1060940402685,1007.766574557897,1554120
2021-06-10,987.7947387695312,997.6360344460535,984.1283898790857,994.7415391817033,1474654
2021-06-11,981.3302612304688,995.6579878756484,975.9272274712098,989.0489145372109,1400679
2021-06-14,983.59765625,989.8690032067256,965.8447299937793,984.1283018899554,1285579
2021-06-15,982.1021118164062,994.6449226498794,979.7864924147675,988.9523926392286,1308405
2021-06-16,971.5371704101562,986.1543335012014,969.6557370530703,985.0930423195869,1226060
2021-06-17,966.0185546875,976.7171196958469,959.4832249514532,968.1969979328488,1334851
2021-06-18,964.8082275390625,976.474988567062,946.0251837165375,969.165113664427,1374997
2021-06-21,951.689208984375,953.6256028948802,927.5326831320116,948.8330161475693,1796870
2021-06-22,967.9063720703125,977.6851363075975,949.8494777528003,960.8385471082511,2180170
2021-06-23,966.74462890625,975.5551972796932,961.7099930811179,975.5551972796932,989715
2021-06-24,960.0156860351562,972.6506445728525,953.9644550215036,968.1969621844252,718519
2021-06-25,967.5675659179688,969.6976109553932,958.5149483764777,960.4513422115817,587103
2021-06-28,960.7418212890625,977.6852679074116,959.483177073367,969.1651465695664,898012
2021-06-29,947.671142578125,964.9534932225257,945.9283999241986,962.0489024346316,1104845
2021-06-30,949.026611328125,961.1290725542691,946.8965663335139,951.7375508239714,897832
2021-07-01,957.5468139648438,965.4860410258302,949.0266923530271,953.4803748268698,1208575
2021-07-02,954.2064819335938,967.0350913823476,952.7057884961347,963.3559548309493,760738
2021-07-05,989.8361206054688,992.4018661409172,955.5135862663731,959.9188705362858,2689626
2021-07-06,988.9163818359375,998.2110488569265,983.0587430518849,994.7739024318867,1459526
2021-07-07,988.9163818359375,993.3700641389006,978.3630115130205,988.9163818359375,895906
2021-07-08,995.7905883789062,1002.9552696285879,987.6093121247025,989.9814065312898,1860896
2021-07-09,990.8043823242188,996.2262619194947,982.7683589942701,995.3065220391582,761908
2021-07-12,1009.3452758789062,1012.7339650545189,987.7060986379711,993.5636190143849,1314157
2021-07-13,999.711669921875,1016.5581999746215,995.11273504456,1013.653609525791,879897
2021-07-14,990.1749877929688,1002.9551987736628,987.6576403804104,1000.4379104551539,795889
2021-07-15,1006.7796630859375,1016.5100905617621,990.4655666857742,994.338354825308,1205440
2021-07-16,1043.3773193359375,1055.3345263408053,1010.7974729355969,1013.702063375067,3979532
2021-07-19,1054.9959716796875,1072.7623644570333,1035.2447276134321,1040.8118608224827,3216454
2021-07-20,1068.4537353515625,1074.456508851162,1027.3053671369426,1060.1271474682433,2862918
2021-07-22,1114.685302734375,1146.3452987610601,1089.7057717530179,1105.6810229604143,12956315
2021-07-23,1107.375244140625,1129.837365751996,1103.0183579341701,1122.043451339977,1567974
2021-07-26,1125.33544921875,1132.5969269048692,1080.9919782069371,1103.5993550987653,2308489
2021-07-27,1122.5274658203125,1140.1970585577924,1115.023940137273,1127.9493446117287,1466489
2021-07-28,1120.784912109375,1141.1655078447768,1111.6354970117745,1125.0450028835633,1736883
2021-07-29,1141.2623291015625,1147.2167648910213,1121.2206964511256,1123.108633516702,1302792
2021-07-30,1136.324462890625,1156.9954457524286,1130.5152807362194,1142.0368489800799,2076845
2021-08-02,1147.4102783203125,1166.6774228835643,1138.2608636484629,1142.4724970975983,1659962
2021-08-03,1192.1409912109375,1206.7607420015047,1153.461450867202,1159.8999844351188,4940389
2021-08-04,1194.5128173828125,1207.2446291043887,1183.717399286173,1202.403645042047,2387558
2021-08-05,1177.5694580078125,1200.7577260618955,1173.551417308954,1200.5641339606887,995267
2021-08-06,1193.6900634765625,1219.8797205040373,1177.3275111072694,1185.0730868382384,2921992
2021-08-09,1196.2073974609375,1214.4578873337473,1191.4148695703125,1207.3416629978058,1438802
2021-08-10,1184.927734375,1214.7965846473282,1179.84470072744,1206.2765229699903,1823117
2021-08-11,1197.4176025390625,1203.7108828434925,1158.7865198019397,1187.9776820824175,1973876
2021-08-12,1192.721923828125,1215.6681457585908,1187.0579949402872,1214.1190541755745,2264764
2021-08-13,1202.6458740234375,1217.1688283814356,1186.4285749903397,1190.882257355838,1861705
2021-08-16,1186.7188720703125,1212.569799756056,1183.2818440489475,1203.1298801479797,843960
2021-08-17,1185.4605712890625,1204.437211106165,1177.8117904426445,1187.009663035497,1600498
2021-08-18,1194.9002685546875,1225.7373172345394,1187.2514891460141,1188.9458337788424,2658601
2021-08-20,1196.9820556640625,1214.9904970883433,1185.6057403695802,1189.914169950542,1989898
2021-08-23,1219.153564453125,1248.4899796090608,1201.8712723590502,1203.2752288635638,3835797
2021-08-24,1225.4466552734375,1239.001410614894,1202.3551849900737,1229.5131527887268,1492926
2021-08-25,1165.9512939453125,1233.6766301132668,1162.8046535423045,1224.7208074277828,2460031
2021-08-26,1176.3592529296875,1182.0231812506179,1153.1225269458912,1169.2913681677094,1413269
2021-08-27,1195.72314453125,1199.5474749247555,1176.359206967991,1179.2637976024798,1169963
2021-08-30,1226.221435546875,1229.6101248673756,1190.882246918797,1190.882246918797,1105428
2021-08-31,1228.1092529296875,1246.7470423805487,1214.6514112013579,1229.6100053295393,4863922
2021-09-01,1301.9827880859375,1311.2291158045462,1225.8825349854612,1229.610069432341,5063369
2021-09-02,1347.9722900390625,1353.5394228584014,1299.078340930086,1307.840571164464,2971890
2021-09-03,1384.9571533203125,1389.0236510516531,1342.889046961465,1354.5074092999923,2720191
2021-09-06,1384.9571533203125,1394.0098885262232,1375.2751847048728,1384.521512007855,1244690
2021-09-07,1398.8511962890625,1416.133490626173,1385.1511838927552,1394.010210861966,1787418
2021-09-08,1387.08740234375,1408.097229160521,1372.8548360782322,1398.8510190789732,1078326
2021-09-09,1407.709716796875,1413.3737627348223,1369.7079916757702,1383.5532534537265,1745952
2021-09-13,1403.982177734375,1416.2298910812235,1389.4108865820954,1410.227118103713,1437805
2021-09-14,1418.941162109375,1424.6534298648614,1403.9824475308628,1404.1761578439316,1024080
2021-09-15,1405.04736328125,1422.7654147000858,1400.4484277794975,1419.376725383005,766614
2021-09-16,1406.88720703125,1430.0271417644542,1401.9978825034273,1410.0823047925005,1068097
2021-09-17,1425.089111328125,1435.5455674531438,1401.0777797436745,1411.6311501139717,2099188
2021-09-20,1362.4466552734375,1415.79439998767,1355.475684741436,1413.5674998017832,1682673
2021-09-21,1366.22265625,1382.3431586773083,1347.7785757548393,1365.2544593256944,1677219
2021-09-22,1375.2752685546875,1397.4954587947307,1364.1894610893507,1366.2226509849368,1337462
2021-09-23,1392.50927734375,1408.097224757917,1378.421964304314,1382.1496171497913,1137902
2021-09-24,1369.90185546875,1402.8205509823965,1353.9749451088455,1396.1399685493598,972346
2021-09-27,1344.3897705078125,1378.7123012373975,1340.9526244478902,1378.7123012373975,1130126
2021-09-28,1326.2843017578125,1359.4934977435335,1317.3769388832925,1345.5998979410472,1033811
2021-09-29,1324.3482666015625,1333.6429343309,1308.0341704961354,1320.620731722227,869402
2021-09-30,1329.43115234375,1338.5806840482664,1318.0064997284032,1324.4933717446027,910972
2021-10-01,1315.8765869140625,1338.7260136546452,1291.816913861075,1329.4313456129983,839100
2021-10-04,1345.5999755859375,1350.1019962078988,1312.1971855969325,1317.2802188561288,802477
2021-10-05,1345.358154296875,1356.5407584486718,1338.8711636495318,1351.602977512287,913676
2021-10-06,1325.8489990234375,1365.690329318812,1321.5889085742938,1353.3458175354258,738636
2021-10-07,1349.860107421875,1363.221272280547,1331.5128229430557,1332.432562747834,728717
2021-10-08,1327.8336181640625,1360.607178444333,1322.7022454028347,1356.250292305956,566246
2021-10-11,1338.193359375,1365.012366037413,1325.800391868644,1338.4837475300585,836394
2021-10-12,1375.0816650390625,1382.536733990403,1339.306836395842,1342.889117697011,1358251
2021-10-13,1364.8670654296875,1392.2670838261204,1354.5074063092784,1392.2670838261204,1406850
2021-10-14,1427.2191162109375,1432.7379098001027,1360.4135259188606,1368.7399961437302,1827348
2021-10-18,1408.4361572265625,1456.60395895473,1394.3973004414686,1439.3701229176202,1694567
2021-10-19,1378.51904296875,1435.4006211377296,1366.2228692006265,1423.056108428717,951188
2021-10-20,1361.962646484375,1388.2976752917884,1334.3206935777778,1384.5216834266396,1193058
2021-10-21,1244.90771484375,1321.5404106868307,1171.80884340074,1310.938701110405,8213470
2021-10-22,1248.3447265625,1277.7779377799743,1225.1564566490092,1248.9740782240324,1631143
2021-10-25,1257.6392822265625,1267.660214423094,1231.933726134321,1263.3033284900264,1114353
2021-10-26,1244.6171875,1267.3698159762737,1221.6709669076806,1267.3698159762737,1374534
2021-10-27,1238.9884033203125,1268.3934401761744,1237.33866581838,1251.8955912985962,937862
2021-10-28,1226.4207763671875,1248.9354368046884,1219.3363597093776,1248.9354368046884,943525
2021-10-29,1225.64453125,1254.8069521169648,1207.0117143816512,1214.2901769809375,1421636
2021-11-01,1250.1004638671875,1251.8957946083995,1223.364192340687,1237.8726681709056,890339
2021-11-02,1252.62353515625,1265.1909677473907,1245.6847097772095,1257.5244145022098,571414
2021-11-03,1252.5748291015625,1263.3955004064944,1233.4567816033687,1263.3955004064944,584243
2021-11-04,1256.21435546875,1261.600466384148,1251.8958474119622,1259.4654975961018,56644
2021-11-08,1287.1234130859375,1290.180272700138,1247.3344829843734,1268.1994097449497,760625
2021-11-09,1287.7056884765625,1299.4482516733035,1273.2943555321729,1287.1234351336252,613322
2021-11-10,1307.260498046875,1310.1233127147593,1279.2625828516525,1281.009461321098,729602
2021-11-11,1306.0474853515625,1315.4123465736418,1289.7436803807852,1314.9271156931372,825469
2021-11-12,1332.15283203125,1339.1402278945807,1306.2415500075676,1316.3828281771468,1056339
2021-11-15,1348.1654052734375,1358.30680156114,1336.4228418822904,1337.29628114344,1020862
2021-11-16,1357.5301513671875,1363.4499432855778,1319.8277428471474,1350.3972824792688,944782
2021-11-17,1334.62744140625,1361.1695449792608,1324.9713949604134,1358.6463682739502,825684
2021-11-18,1332.3953857421875,1341.1781117906082,1300.7583570151487,1329.5325710225277,771508
2021-11-22,1336.8111572265625,1382.277269806652,1317.887151734063,1344.2836658557185,2587391
2021-11-23,1351.173828125,1368.3509522676425,1319.8278688538962,1319.8278688538962,1071227
2021-11-24,1332.00732421875,1366.0219375252723,1320.2646422556054,1357.6759901564667,995846
2021-11-25,1348.4080810546875,1354.6190601774624,1321.5749074457783,1335.3554174199512,1110099
2021-11-26,1287.9967041015625,1338.2666668935403,1282.0284594958403,1338.2666668935403,1219366
2021-11-29,1290.81103515625,1316.7224326550083,1253.6424245163755,1276.1570877277256,1261578
2021-11-30,1320.16748046875,1368.3023545642154,1284.891223221994,1292.5578939416832,6604500
2021-12-01,1320.79833984375,1336.083111226953,1281.0094111636665,1320.119064056987,1624319
2021-12-02,1338.4122314453125,1344.0894085031177,1295.566325163655,1320.7983285001756,1539592
2021-12-03,1342.3912353515625,1354.7160523712753,1327.7372864048175,1327.7372864048175,1085502
2021-12-06,1329.96923828125,1354.5705380524737,1327.834269848574,1344.5747347891095,791805
2021-12-07,1369.1759033203125,1377.0851900852447,1329.5811359526267,1337.0050733896785,1410645
2021-12-08,1376.066162109375,1387.1780199921068,1365.6336985161076,1386.7898116073509,948420
2021-12-09,1347.9713134765625,1382.5682970869982,1341.1780815151976,1376.1147030307889,1065129
2021-12-10,1351.07666015625,1356.7053851054573,1335.452251302525,1347.9712302657226,887283
2021-12-13,1329.5323486328125,1353.308657057268,1326.8150088556274,1340.304448348534,1124454
2021-12-14,1312.500732421875,1332.3951950534383,1300.4185329899894,1331.4733039270639,1322715
2021-12-15,1311.4334716796875,1324.0980449948547,1305.2710632154135,1310.123372000601,766527
2021-12-16,1320.79833984375,1329.9691552878478,1310.4628993107676,1318.8574164935021,822094
2021-12-17,1280.8636474609375,1319.8277022155783,1275.1379006481227,1314.9753944868444,1080803
2021-12-20,1251.555908203125,1271.3047793652381,1216.3766728962623,1271.3047793652381,1419970
2021-12-21,1299.1571044921875,1312.0642932240808,1255.826081887767,1260.6298201908883,1669146
2021-12-22,1330.9395751953125,1334.3847614197095,1305.3679345511987,1312.0641435923253,967859
2021-12-23,1332.25,1352.8237426749367,1323.5642958531485,1334.9187699371278,1260219
2021-12-24,1320.846923828125,1343.8953888481497,1314.1991665138582,1343.8953888481497,559766
2021-12-27,1334.09375,1337.1992987477868,1310.4630295550332,1318.6635026035954,576867
2021-12-28,1358.5009765625,1370.0980665740278,1334.3850236462456,1334.3850236462456,1138137
2021-12-29,1352.62939453125,1363.7897026760143,1347.0006699941584,1348.9415931497695,405879
2021-12-30,1346.1275634765625,1357.3848968676107,1339.2373082646382,1353.7942355283842,669700
2021-12-31,1355.73486328125,1361.5576329159583,1335.9859932964414,1335.9859932964414,386452
2022-01-03,1364.6148681640625,1377.0852784585989,1354.764657313745,1358.6465044693716,278480
2022-01-04,1359.907958984375,1371.8445662133993,1346.709585758622,1370.0492358518918,337682
2022-01-05,1358.743408203125,1369.272893999586,1350.9312625639407,1358.5978152545988,473752
2022-01-06,1345.3026123046875,1352.1928670949933,1329.8237946472264,1349.0388663808433,409359
2022-01-07,1327.979736328125,1377.0365013161188,1319.8278348318406,1346.0302991998258,947383
2022-01-10,1311.676025390625,1339.4797771142003,1309.201419105378,1339.2371616863586,525478
2022-01-11,1317.7412109375,1324.6800348127617,1291.5873191744513,1309.2012202533324,735871
2022-01-12,1315.800537109375,1337.2962885168374,1300.4187420991016,1324.6802857949804,806492
2022-01-13,1287.7056884765625,1324.5832340804352,1281.3006647751188,1319.8279479280752,895685
2022-01-14,1305.125244140625,1310.1231450163752,1274.4586816242627,1287.7055060056716,690763
2022-01-17,1289.7921142578125,1304.251898193809,1282.610674293991,1303.3300070043126,434192
2022-01-18,1276.5938720703125,1301.874448249962,1272.2753646333956,1287.1719289245568,423878
2022-01-19,1270.091796875,1293.2858560562133,1255.777486270296,1280.815446442656,1105569
2022-01-20,1271.5960693359375,1282.9504243440783,1262.5707277395202,1271.304883427188,760910
2022-01-21,1204.876708984375,1267.9081457681998,1195.7057753128283,1244.2288578144817,3375259
2022-01-24,1145.0963134765625,1211.1362840427678,1116.322216884543,1211.1362840427678,2571377
2022-01-25,1149.414794921875,1158.6341805404795,1101.5225364802461,1135.5371460259425,1764518
2022-01-27,1111.4212646484375,1144.9992158578048,1084.0057215562583,1140.2925002941838,2266013
2022-01-28,1108.510009765625,1140.2440637755797,1102.1049854704004,1117.0015506589928,1082194
2022-01-31,1149.414794921875,1152.9084331475929,1114.381153264089,1114.381153264089,851868
2022-02-01,1152.7144775390625,1163.5836014091012,1133.1110797309957,1159.7017545320066,1153750
2022-02-02,1174.2100830078125,1179.1109619639403,1151.0645952251366,1157.7608046279677,746085
2022-02-03,1171.0076904296875,1182.7988243458242,1161.691281353635,1179.1110223222809,809138
2022-02-04,1173.8218994140625,1185.9040991926838,1165.5244051803709,1172.3176365178085,858263
2022-02-07,1159.6531982421875,1181.6827506178488,1150.0941738833533,1176.9760349147239,1031295
2022-02-08,1151.744140625,1165.1364427234528,1140.2926437108385,1159.507835220478,608655
2022-02-09,1187.748046875,1193.231178935408,1152.6658342466915,1157.4695720677898,613698
2022-02-10,1183.283935546875,1192.6973661526558,1164.359933398806,1192.6973661526558,704743
2022-02-11,1140.0498046875,1171.3471923880081,1130.9274416338208,1170.861961570946,1216283
2022-02-14,1121.9022216796875,1130.587805936035,1107.8789799608035,1121.8536512120656,1094621
2022-02-15,1154.6551513671875,1158.731042321195,1107.2965823186628,1121.8535049608888,1325941
2022-02-16,1170.764892578125,1181.536992595946,1145.3872981612856,1159.7016066958156,623551
2022-02-17,1171.2987060546875,1183.2840028686683,1157.2755818201347,1174.2586616372016,846963
2022-02-18,1165.8155517578125,1175.6656420934535,1155.8683204918398,1161.6425195482188,632744
2022-02-21,1165.669921875,1170.231043803136,1144.707975954844,1162.6129442801857,578419
2022-02-22,1167.902099609375,1172.4147702618855,1131.6553783687461,1159.1194921968538,847355
2022-02-23,1165.7672119140625,1181.4886453465542,1162.952849062313,1171.3473671427876,627290
2022-02-24,1113.5076904296875,1145.38733106683,1106.3748211903032,1116.0308669577246,1658545
2022-02-25,1133.8875732421875,1155.8199858894077,1118.1175692365596,1121.1745475521036,1201568
2022-02-28,1150.6763916015625,1156.5963027498876,1085.8010505763282,1122.0477714192837,1813314
2022-03-02,1114.9146728515625,1149.220463253486,1104.1911443334573,1140.2922648211277,1512687
2022-03-03,1071.7294921875,1131.7525323395644,1056.4447184517128,1126.02690234671,1729863
2022-03-04,1051.98046875,1064.0142173621928,1031.6007733221863,1059.74416224631,1210864
2022-03-07,1040.383544921875,1049.0691300186263,1006.7570222880316,1032.5712806103777,1596458
2022-03-08,1043.5859375,1052.6112784545169,1009.2801410151378,1036.4530678886222,1378391
2022-03-09,1060.3751220703125,1078.1830726191263,1044.2169092152833,1047.1282946498984,1113825
2022-03-10,1094.3895263671875,1100.6975269253098,1072.9423481624824,1082.0647111240623,1520340
2022-03-11,1060.3262939453125,1089.6343046109662,1056.1533802484194,1086.9169648131142,1395420
2022-03-14,1063.334716796875,1070.419133789826,1043.2462092693227,1070.419133789826,776057
2022-03-15,1050.088134765625,1081.1913613168695,1040.9172005791386,1067.4108524984592,1158265
2022-03-16,1102.7840576171875,1105.307234180717,1063.6259542534149,1065.5668775276,1669435
2022-03-17,1113.2166748046875,1142.2335054761377,1109.8686290776084,1124.862216066976,1955444
2022-03-21,1103.5604248046875,1129.8599102971348,1097.6406327769082,1114.6721626650794,1000399
2022-03-22,1091.720947265625,1110.2082918185379,1063.6261257282497,1106.27787416884,1207877
2022-03-23,1107.63623046875,1127.6277140573332,1098.6594614224493,1101.4738235190625,1613189
2022-03-24,1112.294677734375,1118.6511306568352,1093.3706749827206,1101.4740063142349,838633
2022-03-25,1114.6239013671875,1125.7356411287074,1099.2419877059708,1116.5162544125672,778720
2022-03-28,1096.67041015625,1118.602823256938,1081.4340887385854,1114.6239535492439,781636
2022-03-29,1119.5245361328125,1123.309360262028,1090.8474654441661,1101.4739731295047,717636
2022-03-30,1116.904541015625,1135.440338228838,1103.4150979198196,1130.588029091108,1059088
2022-03-31,1118.5054931640625,1125.686813774632,1111.4210765498551,1116.90420793323,547446
2022-04-01,1138.4486083984375,1141.2629710505737,1118.9423517188022,1120.106858385069,747142
2022-04-04,1145.4359130859375,1155.771234708182,1139.6615952894924,1143.203803943689,712219
2022-04-05,1221.4715576171875,1227.5853948240963,1148.6383647016178,1151.93795794551,3238425
2022-04-06,1214.872314453125,1226.6634464325502,1204.1972369920823,1221.471500633044,845250
2022-04-07,1212.3006591796875,1244.908265751367,1209.195229251222,1214.8239542691938,1208629
2022-04-08,1230.49658203125,1241.0746358204906,1215.2603842324372,1228.118998799081,741622
2022-04-11,1237.5325927734375,1248.9355166456703,1222.053777541206,1230.4967461288684,759966
2022-04-12,1218.7059326171875,1240.2501364275179,1214.0962392306221,1234.4273658339614,844897
2022-04-13,1236.0770263671875,1241.5601586937696,1210.8935925063374,1218.8999015731995,602668
2022-04-18,1241.9969482421875,1259.56228156248,1223.4610347438938,1231.467343879747,1154240
2022-04-19,1247.8197021484375,1267.2289361624773,1229.5264043185546,1243.1614385992427,1033067
2022-04-20,1260.969482421875,1266.1614292201402,1239.9589613207295,1251.8956885274008,732477
2022-04-21,1281.7371826171875,1290.66538212145,1258.737289644858,1272.22661137019,795979
2022-04-22,1277.4188232421875,1290.7141015642026,1269.1698985329426,1280.0390225287092,514639
2022-04-25,1263.444091796875,1273.7795324383294,1248.9841889928566,1262.5706525871844,691797
2022-04-26,1286.7835693359375,1290.1317330861068,1257.7668609551404,1269.5578751568123,1014769
2022-04-27,1277.127685546875,1304.9798908777605,1274.2163002454763,1274.6045086452439,1444594
2022-04-28,1278.1949462890625,1296.5366941734987,1269.072583580261,1281.97977021197,920708
2022-04-29,1273.0516357421875,1286.8321437418356,1261.6001409233681,1284.8912204481073,875714
2022-05-02,1251.75,1272.1782661699751,1244.9567681002827,1256.7479014477046,782353
2022-05-04,1215.9886474609375,1255.7290111792772,1212.9316690677015,1253.8366580363377,1052210
2022-05-05,1212.2037353515625,1250.1487656804559,1190.8051250701794,1227.6341007055178,1569668
2022-05-06,1201.9652099609375,1216.7161782556664,1169.6487926960256,1189.3492097078379,1004903
2022-05-09,1179.5960693359375,1199.4905320437833,1158.0032988359583,1198.7141153815596,858791
2022-05-10,1188.1363525390625,1195.2692226163656,1163.583623195891,1163.583623195891,1059607
2022-05-11,1192.940185546875,1204.440134356486,1167.7081783683363,1187.1659851360787,612932
2022-05-12,1164.1173095703125,1200.994851951214,1155.334584327986,1188.8155109632783,684197
2022-05-13,1198.4715576171875,1219.191008449251,1170.3767404620671,1179.1108952416348,925407
2022-05-16,1199.49072265625,1212.0581549293208,1191.532983694358,1199.49072265625,335027
2022-05-17,1215.6490478515625,1220.7924245260103,1194.0077014286987,1204.3917141978611,594675
2022-05-18,1205.798583984375,1238.503093765775,1201.9653079040095,1215.9884311729754,729101
2022-05-19,1179.1595458984375,1191.0477018235267,1160.96338887024,1182.1193830296193,793986
2022-05-20,1193.037109375,1220.0159929745073,1186.8747010550765,1186.8747010550765,586525
2022-05-23,1208.661376953125,1236.3681035832972,1194.589683466502,1195.6087155530786,597894
2022-05-24,1181.731201171875,1219.191118719522,1174.8409465821574,1213.0771624350227,366642
2022-05-25,1193.1341552734375,1205.2649271903442,1169.552005745713,1183.963339090084,761679
2022-05-26,1138.10888671875,1204.3428935561449,1131.3642257160025,1202.4019702788585,1375381
2022-05-27,1146.454833984375,1156.7902741366445,1116.0308852828366,1138.1574580464403,1235041
2022-05-30,1181.6341552734375,1190.659496568911,1151.9380506184773,1151.9380506184773,615374
2022-05-31,1166.301025390625,1181.4886576166155,1159.8474308009456,1179.1110736194264,2007784
2022-06-01,1155.965576171875,1175.1321963804628,1147.6680805438468,1161.8853693535116,1027857
2022-06-02,1136.604736328125,1155.3832656667742,1134.7123833312314,1152.9085408573897,1052575
2022-06-03,1121.9993896484375,1149.7060018703312,1119.0880043629065,1146.1153407373379,2326132
2022-06-06,1115.2060546875,1129.3262009441612,1108.7524608722247,1121.9992863952511,332039
2022-06-07,1099.3875732421875,1115.9339935174035,1079.299062340019,1106.03521255762,638957
2022-06-08,1076.339111328125,1113.2166581055117,1067.0227021509625,1100.6976777434322,1469147
2022-06-09,1098.611328125,1108.2188051737699,1060.0354715732735,1068.963672747843,1870191
2022-06-10,1090.265380859375,1107.879288145377,1073.91312143695,1090.7991822934855,901223
2022-06-13,1060.278076171875,1076.9214011006238,1046.8370856071751,1076.9214011006238,500303
2022-06-14,1093.8485107421875,1097.21040290387,1059.205866673184,1062.1780638832822,1446380
2022-06-15,1085.17578125,1100.9623540969042,1078.7442674032686,1096.2848245968178,412426
2022-06-16,1065.4912109375,1099.0131817174629,1057.5979855827177,1097.2590787699592,478120
2022-06-17,1042.3475341796875,1075.7719657811679,1036.4519110003982,1054.3822804101032,1136315
2022-06-20,1043.8577880859375,1057.3055934461277,1030.458754067611,1042.347422896567,602545
2022-06-21,1077.7210693359375,1080.2060292990839,1046.5866264927524,1065.1016599223262,590641
2022-06-22,1073.14111328125,1078.208338152618,1062.4218830918346,1071.9230189415437,410868
2022-06-23,1068.6583251953125,1082.6420214838847,1056.8184269120368,1076.7951698827117,846567
2022-06-24,1078.5980224609375,1084.493645938142,1059.3034818123347,1076.7464954962732,2337913
2022-06-27,1074.26171875,1091.3636908701521,1068.9995277305231,1088.0505696305909,691858
2022-06-28,1078.305908203125,1080.9369444617887,1047.7560062250989,1074.8464726088373,913805
2022-06-29,1070.55859375,1080.6931611622613,1056.3312774570707,1057.5006002931157,933631
2022-06-30,1070.1685791015625,1079.7184833046442,1059.2057334903916,1069.97373165027,1374865
2022-07-01,1082.8857421875,1091.4124015748032,1064.3707103750703,1071.77669930914,1848135
2022-07-04,1104.177978515625,1107.1014045212023,1081.6188507150189,1082.788292489955,693543
2022-07-05,1127.5654296875,1134.1431384516338,1106.22439523963,1110.317263176688,1358545
2022-07-06,1166.6419677734375,1169.3705466307185,1129.417052954169,1133.1201072669755,1415708
2022-07-07,1190.857666015625,1200.358800813489,1164.059593508829,1168.3471899463066,1067111
2022-07-08,1187.4957275390625,1201.723044934288,1179.2614577905417,1193.6836226887012,488079
2022-07-11,1193.0504150390625,1196.8507743662358,1180.236038285596,1184.9622207204252,355695
2022-07-12,1189.7369384765625,1192.319321857862,1181.2102794516632,1190.613990052882,356739
2022-07-13,1197.1917724609375,1211.2728940822603,1191.3935725928234,1202.5026156858482,699876
2022-07-14,1210.0548095703125,1217.119756113002,1198.9945377392119,1203.1847105228567,501292
2022-07-15,1223.5511474609375,1227.6440150420317,1212.2472579143728,1215.1706837775105,377925
2022-07-18,1230.0802001953125,1232.7112358837771,1216.8760124979185,1228.3260971000009,519695
2022-07-19,1226.5721435546875,1243.430615627367,1220.4330198815887,1225.695210854614,907167
2022-07-20,1192.0269775390625,1244.1126376617035,1185.4492688953767,1237.6324717170885,1405925
2022-07-21,1224.9156494140625,1227.839075784979,1166.7395122146313,1169.3705483666467,2812165
2022-07-22,1195.145263671875,1227.7415359997258,1187.3008083573206,1217.7043921596853,1380188
2022-07-25,1194.9991455078125,1199.3355131472201,1159.8204909092156,1189.0060984336646,1023851
2022-07-26,1179.6512451171875,1194.317028540155,1175.8507672596302,1188.8599900815038,710968
2022-07-27,1189.83447265625,1194.414459490073,1169.4192604492378,1176.1918169501178,693406
2022-07-28,1193.97607421875,1202.3078871011685,1171.5631383223767,1183.9877006127576,885351
2022-07-29,1217.4608154296875,1220.9202506764664,1195.7787378111993,1197.14302716012,1027274
2022-08-01,1255.02685546875,1259.9966560753603,1217.0709683542514,1226.6696459326665,1026659
2022-08-02,1257.2681884765625,1274.5651278580817,1242.4562090950428,1256.0988655086355,1040083
2022-08-03,1246.79248046875,1270.4722798436142,1232.4189685779018,1257.0732433351964,912780
2022-08-04,1276.46533203125,1283.1892359861795,1239.5326911075056,1247.7669605381668,957136
2022-08-05,1256.488525390625,1287.281922299701,1250.251859432639,1281.4350702680595,1078846
2022-08-08,1271.6417236328125,1274.6139214136379,1253.1754609617265,1263.699843674475,576588
2022-08-10,1275.5882568359375,1283.3352884304852,1262.2379918748454,1271.6903553635589,547484
2022-08-11,1274.8087158203125,1291.0825269490374,1266.0872082634196,1286.3075735291236,492587
2022-08-12,1264.0406494140625,1282.409484886159,1260.7761809751998,1276.5626331313588,477595
2022-08-16,1268.133544921875,1282.409633400712,1256.1475688091532,1266.8180269155969,781060
2022-08-17,1314.0799560546875,1318.2702474711468,1257.8040068799316,1268.1334213791156,1200211
2022-08-18,1323.3375244140625,1328.161129811529,1308.3793515924785,1313.5927709205862,884432
2022-08-19,1315.5418701171875,1335.031379304109,1298.4885495786314,1330.1590020073786,864242
2022-08-22,1254.2957763671875,1309.694667647541,1249.6670191712606,1309.694667647541,858252
2022-08-23,1258.68115234375,1263.894571852315,1242.504884775556,1242.504884775556,537982
2022-08-24,1265.94091796875,1271.6903463908448,1256.87836848212,1257.0732159725592,379795
2022-08-25,1277.68359375,1295.4190005199061,1262.920265924559,1266.8181679798818,548190
2022-08-26,1289.8642578125,1294.5904392382386,1275.295780668919,1281.727412828362,417728
2022-08-29,1309.20751953125,1313.1054205942385,1255.124142282285,1255.124142282285,1011777
2022-08-30,1355.9822998046875,1360.8059046727867,1313.6900504934692,1315.5415772449358,1448064
2022-09-01,1349.5994873046875,1363.2909125283923,1339.4162682417978,1350.2329200256404,529228
2022-09-02,1347.0172119140625,1369.6737619182043,1339.9034948685962,1359.393000248503,688481
2022-09-05,1344.5810546875,1366.2143585752933,1331.5230619915287,1350.720177650764,459330
2022-09-06,1343.16796875,1354.3744343895112,1335.031124011342,1344.7758767413518,281833
2022-09-07,1332.4976806640625,1353.253935232115,1326.5534045376583,1336.980243696047,373109
2022-09-08,1314.4698486328125,1337.6622910352087,1309.9385143774464,1336.9802058589223,380987
2022-09-09,1311.7410888671875,1329.6714569660198,1296.3444515406818,1329.6714569660198,321642
2022-09-12,1348.2354736328125,1352.4744177890902,1314.3236824735607,1317.1496848959175,484016
2022-09-13,1343.363037109375,1354.5207322500623,1336.005700658155,1351.0126447919715,575609
2022-09-14,1333.764404296875,1342.4372589650484,1326.8456528935508,1334.9824985212108,404187
2022-09-15,1323.7274169921875,1342.5347209793008,1316.565046539842,1335.7133931285875,458162
2022-09-16,1269.10791015625,1326.699377820239,1261.3608789382831,1325.0915887046472,1054550
2022-09-19,1279.8272705078125,1286.3075558490164,1251.6162546488406,1272.2264335959617,370467
2022-09-20,1285.7227783203125,1318.8061682982132,1282.6531572300569,1286.648482304981,580519
2022-09-21,1280.7529296875,1312.4233768216666,1277.8295037981923,1287.281866591819,383657
2022-09-22,1279.8759765625,1293.2750129189865,1264.8690320523324,1272.7622587696146,414650
2022-09-23,1273.103271484375,1291.1798367811148,1259.996625628665,1279.4861325989461,367687
2022-09-26,1259.8504638671875,1273.7367379509,1237.8273441990093,1249.2774298469828,679026
2022-09-27,1280.363525390625,1294.9318881512359,1247.3287784821046,1264.3333302631884,455865
2022-09-28,1285.6253662109375,1291.8619132357833,1262.968814510697,1273.5418481799074,719495
2022-09-29,1299.462890625,1302.3863167006468,1276.5627196991002,1292.154325435883,715783
2022-09-30,1314.128662109375,1318.3188343631396,1275.2470753659334,1298.1958964125909,617890
2022-10-03,1289.3770751953125,1319.2447682796017,1284.0661131978445,1314.6160103956347,639263
2022-10-04,1309.0128173828125,1333.4721254775684,1302.337565907777,1314.5672794324116,799269
2022-10-06,1318.026611328125,1325.9198374476491,1306.137941324906,1317.6854498103676,457774
2022-10-07,1316.2725830078125,1326.5533455633222,1294.3468875662609,1319.8294418370108,568417
2022-10-10,1311.0592041015625,1315.2493768758254,1286.3075055820354,1290.2054071141022,391374
2022-10-11,1246.743896484375,1317.6369844462713,1242.5536045281865,1317.6369844462713,1009006
2022-10-12,1237.7784423828125,1252.9803517831067,1213.2217131207235,1249.2772981692913,1001404
2022-10-13,1199.530517578125,1235.634880882893,1192.7579607260732,1235.634880882893,1498795
2022-10-14,1221.5048828125,1235.1963094158577,1206.5467095940915,1216.0964968983378,929681
2022-10-17,1200.5537109375,1234.6603504527698,1191.929627308114,1221.9921700613838,868754
2022-10-18,1224.96435546875,1230.1777750947315,1202.9898875036247,1206.595398920411,982630
2022-10-19,1216.7786865234375,1248.9363735215343,1213.221827655473,1230.811155549873,702501
2022-10-20,1178.9202880859375,1203.428247186408,1161.7207749208437,1188.8598887543762,3106479
2022-10-21,1136.189453125,1187.251983744699,1129.6117447071683,1183.9875152097136,1432485
2022-10-24,1145.9342041015625,1159.625629918963,1143.0595494915492,1159.625629918963,217790
2022-10-25,1145.739501953125,1155.435485027862,1131.5121842781432,1149.8810225853179,764317
2022-10-27,1156.215087890625,1159.6257518667035,1145.6907057540607,1156.7023256014934,735441
2022-10-28,1157.0433349609375,1160.795041435916,1142.0851614580008,1149.8809646078846,564137
2022-10-31,1185.2542724609375,1188.85978323814,1157.7739995412599,1162.451528237438,718591
2022-11-01,1189.5908203125,1202.2590002543902,1183.987586876664,1188.859963777391,689552
2022-11-02,1189.0548095703125,1202.5026173788835,1182.03863442511,1188.859962076368,677069
2022-11-03,1176.2890625,1188.2751557792383,1167.4213614253154,1185.741543894257,495954
2022-11-04,1178.0919189453125,1182.184786760728,1167.5676566081934,1182.184786760728,542314
2022-11-07,1200.9920654296875,1204.3540766700455,1179.6998033921163,1183.987518608431,591151
2022-11-09,1172.3426513671875,1209.2751730386753,1167.6163506191376,1204.4515674982188,781273
2022-11-10,1195.4376220703125,1198.5072431789413,1152.9017497337663,1154.753276668694,783233
2022-11-11,1204.889892578125,1214.0499838505273,1195.729920260223,1201.430576763662,625997
2022-11-14,1208.05712890625,1211.9550305808102,1197.6302895086092,1204.8900837956699,466101
2022-11-15,1207.2288818359375,1215.9991608452135,1196.8020421511626,1211.7602164483012,798880
2022-11-16,1201.0897216796875,1209.1777962604974,1186.911056793816,1207.2288454283237,595800
2022-11-17,1192.3680419921875,1203.184694835963,1183.0618735575822,1198.6047081670488,389060
2022-11-18,1190.370361328125,1199.3354865894041,1180.08959923605,1196.1196704878012,906381
2022-11-21,1203.0872802734375,1210.2984218758388,1184.0850103647588,1184.0850103647588,695606
2022-11-22,1208.98291015625,1219.8483344895894,1196.9968153392902,1201.7229971655008,685087
2022-11-23,1209.129150390625,1219.2149472106748,1197.630292836909,1212.4422716595934,575291
2022-11-24,1211.27294921875,1217.509615708769,1202.1616278164154,1214.19637548396,242093
2022-11-25,1214.683349609375,1222.8689651665945,1204.4513599014742,1214.001264543979,329119
2022-11-28,1190.370361328125,1217.0222372392107,1187.3981640537795,1213.2217597430902,684369
2022-11-29,1203.330810546875,1209.0314673089772,1190.8088266273332,1196.1684408224644,298865
2022-11-30,1221.553466796875,1229.1543021848795,1185.2054932953113,1201.5279533263051,1931733
2022-12-01,1218.484130859375,1238.1684874384607,1211.8576501937002,1227.0107910775846,611094
2022-12-02,1207.3262939453125,1220.9202976512938,1200.6025086000006,1217.1198196596908,444917
2022-12-05,1202.843505859375,1208.3493148348043,1186.6672404355509,1208.3493148348043,658970
2022-12-06,1191.247314453125,1213.9526371262723,1186.910946835079,1199.968939991818,543852
2022-12-07,1174.9737548828125,1196.1198242248747,1170.5398440750314,1192.757931558418,450207
2022-12-08,1181.5028076171875,1192.4656573190216,1171.0759670381449,1174.9738691543525,526779
2022-12-09,1151.8297119140625,1189.7854742130198,1150.173151619165,1187.4468288448104,920352
2022-12-12,1137.2127685546875,1153.7788500160668,1129.758008106164,1153.6814262689616,589078
2022-12-13,1122.2056884765625,1149.4423434354692,1114.5560814570251,1147.9318591968313,1338319
2022-12-14,1125.7628173828125,1131.3660514879423,1121.2314825329756,1130.7813899809214,2024261
2022-12-15,1125.177978515625,1138.0410054606184,1119.233702714598,1129.4169224665086,615540
2022-12-16,1124.301025390625,1130.391496817443,1110.9019882516252,1120.6467425345343,712922
2022-12-19,1132.8277587890625,1135.507566390499,1120.5493913879318,1122.644537485415,523406
2022-12-20,1142.328857421875,1146.957615854593,1121.8161014171774,1121.8161014171774,535004
2022-12-21,1126.785888671875,1151.7324337055911,1122.010935691886,1147.9807274193533,526005
2022-12-22,1109.24560546875,1133.3638761862248,1105.4451268981188,1128.4427269024598,697173
2022-12-23,1072.7025146484375,1105.7371339048498,998.349997737796,1102.1316226856488,868844
2022-12-26,1082.20361328125,1089.658254309262,1061.8857077130401,1070.6073331922769,537211
2022-12-27,1081.5213623046875,1094.4331597239482,1074.4564165469787,1088.488884325604,569944
2022-12-28,1082.447265625,1093.0689517691617,1076.844032366314,1081.521442670424,237041
2022-12-29,1074.699951171875,1083.713846777266,1070.8994740987034,1079.718522245775,608371
2022-12-30,1071.8740234375,1088.1478317855376,1068.3659362636567,1081.5701237266437,382009
2023-01-02,1072.507568359375,1084.103849052502,1070.9484315583818,1075.772037057754,461228
2023-01-03,1099.159423828125,1105.0550472794537,1073.140979555995,1076.3080244445825,998855
2023-01-04,1119.4287109375,1124.5934785784782,1091.6073883199847,1100.1828201509793,2421079
2023-01-05,1137.310302734375,1141.5980186139711,1116.7488940090575,1125.421749524815,2453274
2023-01-06,1162.06201171875,1167.2754317540043,1137.3103106971057,1137.3103106971057,1198621
2023-01-09,1156.166259765625,1172.391298531735,1146.9575150642047,1172.391298531735,570085
2023-01-10,1151.43994140625,1162.5977544863865,1143.2056730554873,1157.140597876355,509356
2023-01-11,1158.0665283203125,1166.3982211799578,1145.8855864601496,1146.9574855529418,420758
2023-01-12,1162.1593017578125,1167.4214925434853,1154.8507364872983,1162.0131066614997,578505
2023-01-13,1142.6697998046875,1172.0014847722935,1133.3148600048366,1160.6001704778678,962496
2023-01-16,1148.3218994140625,1166.2522715683974,1141.939037605054,1141.939037605054,929746
2023-01-17,1148.029541015625,1159.5770516810114,1142.1340357250021,1151.1965863306418,725215
2023-01-18,1172.09912109375,1179.6025344913571,1145.3496985671432,1148.0295060597919,927227
2023-01-19,1174.6812744140625,1192.6604161678088,1158.0665409088986,1169.370431287105,1825960
2023-01-20,1124.15478515625,1183.890174094211,1107.5887035403505,1183.0131224530546,3037526
2023-01-23,1169.3704833984375,1173.6094276098534,1125.519090270996,1130.3914672851563,1252028
2023-01-24,1162.93896484375,1176.1918064779504,1153.5352534534165,1176.1918064779504,530155
2023-01-25,1153.2672119140625,1168.2630810770806,1148.2359926872134,1161.5711266123,266216
2023-01-27,1144.181884765625,1157.0774494095429,1124.7410474025928,1153.7558591563682,505303
2023-01-30,1149.408447265625,1157.3215661086313,1135.5848469804203,1139.5902410363324,457495
2023-01-31,1154.4884033203125,1158.6403607682596,1131.2862881700207,1152.7298795229945,971218
2023-02-01,1170.3636474609375,1185.2618491502358,1148.0407920593088,1158.7381416361325,774523
2023-02-02,1171.1451416015625,1185.8967785097025,1157.5657744030161,1163.9158270476182,470914
2023-02-03,1169.2889404296875,1176.664699205602,1154.2930708312313,1172.3174032037718,353228
2023-02-06,1171.7801513671875,1174.3690430554175,1149.4572959411091,1172.3175112615706,429582
2023-02-07,1171.29150390625,1189.4625179133802,1163.427280041628,1178.6184872141944,614821
2023-02-08,1201.9185791015625,1206.5101083303286,1168.4586833847093,1172.317514167121,652437
2023-02-09,1206.2657470703125,1214.6185561710583,1195.763737124165,1206.5099798597578,666625
2023-02-10,1173.2454833984375,1211.834266010916,1168.7028486968622,1206.3147001039615,1706011
2023-02-13,1156.2957763671875,1174.2224405308602,1142.130273576412,1173.2455093039102,1262978
2023-02-14,1174.1737060546875,1181.549465520192,1150.3854537081415,1155.025877196342,661062
2023-02-15,1190.048583984375,1193.565511918177,1162.5479510395994,1170.4122937042257,728523
2023-02-16,1199.036376953125,1202.748762881959,1190.830131758109,1195.91024509516,471441
2023-02-17,1198.743408203125,1203.5791696652425,1187.9482713579018,1196.5453131286552,736168
2023-02-20,1187.6552734375,1204.556231771539,1184.6757046762918,1201.62543802027,349234
2023-02-21,1188.63232421875,1195.763970765729,1182.6242918279133,1188.9254513250753,260195
2023-02-22,1173.9293212890625,1188.19249199785,1166.2115414778486,1185.799058420721,522972
2023-02-23,1172.3663330078125,1179.1559571388318,1157.6634707618193,1178.1790259398767,480624
2023-02-24,1153.6580810546875,1174.2713055796437,1150.8738509780078,1174.2713055796437,523520
2023-02-27,1142.37451171875,1159.6173718058128,1126.0598078542048,1159.6173718058128,384735
2023-02-28,1169.435546875,1178.179033459736,1140.029822195328,1147.8941660988305,1124099
2023-03-01,1186.5318603515625,1189.8533310944404,1165.234712064633,1169.4355640102244,302995
2023-03-02,1170.4127197265625,1189.462882160922,1165.772295543834,1189.462882160922,673931
2023-03-03,1177.2509765625,1181.4029341141852,1167.4327704150319,1174.3201829966044,561235
2023-03-06,1196.74072265625,1198.2550137213298,1182.624114486636,1182.624114486636,417893
2023-03-08,1193.7122802734375,1200.2576717386146,1173.8805288272392,1195.7638119823514,846149
2023-03-09,1182.2821044921875,1197.1803054680238,1180.7190384045987,1193.8099404899638,219314
2023-03-10,1187.7528076171875,1190.683600740848,1163.7202085997494,1176.371537136117,355348
2023-03-13,1177.6417236328125,1191.9537902478282,1170.3636335466185,1187.7530574395998,404702
2023-03-14,1149.6527099609375,1181.793651767158,1138.1248738375157,1181.793651767158,492822
2023-03-15,1159.03125,1166.358234319048,1147.9431042480344,1162.5481786222826,305378
2023-03-16,1157.712158203125,1162.547919072346,1142.0323675593047,1158.005165957889,419044
2023-03-17,1165.6741943359375,1169.2889111244647,1153.3161107569892,1169.2889111244647,520672
2023-03-20,1145.64697265625,1171.340306480084,1135.53576033357,1171.340306480084,555437
2023-03-21,1174.6131591796875,1179.595484256725,1148.9199411629168,1157.3703003136595,524540
2023-03-22,1165.185791015625,1184.0406108203408,1163.0854843454122,1176.176266982398,354856
2023-03-23,1163.4273681640625,1173.733920578657,1156.8818576939457,1162.2549791934189,178081
2023-03-24,1154.1951904296875,1170.0215456656372,1146.9171014992296,1163.9157263433458,253493
2023-03-27,1140.9578857421875,1161.913010690159,1135.4870952882318,1153.8045538980978,269418
2023-03-28,1117.609375,1145.4030219824997,1105.6908611851138,1143.0095880681818,943699
2023-03-29,1152.387939453125,1156.2468889770873,1109.842660207217,1111.7476282128962,607826
2023-03-31,1161.082763671875,1166.8466817639332,1150.6296472412525,1158.249639261782,492712
2023-04-03,1161.522216796875,1171.1450838099704,1146.9660383948226,1162.5480421828693,703176
2023-04-05,1173.1966552734375,1181.7935779389643,1154.781526736657,1161.5222563451441,636055
2023-04-06,1166.9931640625,1173.245428078688,1152.2414081533966,1172.3173911790548,554814
2023-04-10,1142.7652587890625,1171.8778559346056,1135.242936332477,1166.993199987655,795946
2023-04-11,1145.9403076171875,1155.3677176304561,1131.432903021231,1143.9375509379618,506156
2023-04-12,1154.5859375,1161.0336585786326,1144.2304922216777,1147.3566238797182,498818
2023-04-13,1158.8358154296875,1169.8262921285818,1152.339317940007,1155.7096830926127,622876
2023-04-17,1187.1668701171875,1193.8100506704325,1148.5780837002626,1158.8358623680529,923153
2023-04-18,1182.086669921875,1194.640211119361,1177.934712610166,1189.9021189792097,799192
2023-04-19,1187.5574951171875,1209.1965441779357,1180.7678712519185,1186.4828946912567,1049172
2023-04-20,1178.0325927734375,1196.7408511545937,1173.9783039982558,1186.9715380839439,572387
2023-04-21,1180.7679443359375,1194.298417898488,1175.5413861534585,1177.4463543330492,485085
2023-04-24,1174.1737060546875,1185.3107462772296,1169.0935919466012,1180.7679920642356,348301
2023-04-25,1187.8507080078125,1189.9022397427157,1165.6742975043621,1172.4151468513016,394974
2023-04-26,1191.75830078125,1201.2833792303618,1184.089415316669,1189.9021077967195,692419
2023-04-27,1193.0283203125,1200.5507620204241,1186.531823309046,1191.660712051328,351744
2023-04-28,1201.8206787109375,1205.3865013354966,1184.4801504278742,1192.8329596405881,584411
2023-05-02,1197.32666015625,1214.3252841227416,1191.904764430553,1204.5559737114565,680387
2023-05-03,1212.664794921875,1221.1640490012028,1183.8940983748257,1193.3215086839753,2137153
2023-05-04,1227.123291015625,1230.9333466537466,1185.701383118639,1216.0840396974215,1145568
2023-05-05,1256.13818359375,1265.0282336553323,1227.1232554258404,1245.2941518795321,1216747
2023-05-08,1228.8817138671875,1267.0796978704025,1226.6347245269965,1255.3565241044466,792674
2023-05-09,1210.955078125,1238.69982791863,1208.4638559425605,1238.69982791863,658368
2023-05-10,1226.7325439453125,1228.8818642847264,1199.1831299249302,1214.3744588244792,482371
2023-05-11,1252.4747314453125,1256.3335621030847,1226.732498124752,1232.9361068402877,600835
2023-05-12,1275.8232421875,1292.3822974405425,1248.518063079307,1254.7704465574805,1404037
2023-05-15,1268.349853515625,1286.618419669501,1264.6863614322835,1277.7771444066507,478721
2023-05-16,1261.36474609375,1273.0879205250048,1258.238494692837,1269.6686613158888,378732
2023-05-17,1239.9207763671875,1262.1948508485773,1234.0591903725347,1262.1948508485773,436672
2023-05-18,1235.23193359375,1247.297011044158,1231.9592376584371,1244.8546828455203,261779
2023-05-19,1230.49365234375,1237.28327599471,1223.0201053493001,1235.8178792998879,314141
2023-05-22,1234.5968017578125,1247.9319364644537,1228.0025161697886,1230.4937384269829,444646
2023-05-23,1220.919921875,1235.8181245624125,1217.7937893406777,1235.3296589005301,520570
2023-05-24,1243.975341796875,1246.515339111197,1213.5928047872922,1220.1870905045907,561655
2023-05-25,1248.9088134765625,1253.4026729425675,1237.7717744491295,1244.6102925400087,434611
2023-05-26,1259.410888671875,1262.585915092903,1245.5872882494625,1248.9088782023207,390311
2023-05-29,1267.665771484375,1270.010429975186,1254.3795323754916,1264.686203182004,319481
2023-05-30,1258.6292724609375,1271.9644070306665,1255.893936686567,1267.6658859517468,408031
2023-05-31,1277.7772216796875,1287.8396615788402,1250.5209343347547,1253.8912995535304,2068480
2023-06-01,1301.1746826171875,1328.5287560802533,1280.1706619223335,1280.6591275198882,1247361
2023-06-02,1305.14453125,1315.8292041826805,1300.0473153698488,1307.6441988338386,944335
2023-06-05,1320.58349609375,1327.1021368361228,1300.7826327428618,1304.7036052605492,953995
2023-06-06,1308.232421875,1326.1709185307773,1295.7833823251665,1323.230189220557,796420
2023-06-07,1319.2601318359375,1330.1898661639157,1309.8988821706098,1309.8988821706098,785794
2023-06-08,1328.67041015625,1340.0413253991603,1314.5059457777063,1318.4269180246197,810757
2023-06-09,1319.2601318359375,1337.8358100893065,1316.8585841414463,1329.209623079049,659862
2023-06-12,1319.946533203125,1333.6699380486605,1309.75197995758,1319.8974731795247,596601
2023-06-13,1323.622314453125,1333.1306247218997,1302.7430884230916,1315.5842491853878,1257080
2023-06-14,1334.0616455078125,1339.5511019627456,1318.4268177260865,1327.0530038764946,643835
2023-06-15,1328.5235595703125,1346.5599374031042,1326.5140132939816,1334.7970198641956,414903
2023-06-16,1324.1612548828125,1341.9526895636727,1322.004768109981,1331.170016382372,844325
2023-06-19,1310.5361328125,1330.0429969367856,1306.566219543342,1327.2493276750972,573868
2023-06-20,1320.19140625,1323.2301358162042,1301.7137287696582,1309.6047332970422,594117
2023-06-21,1312.9375,1336.2672116380563,1308.6244068621488,1323.3280518830718,717308
2023-06-22,1299.214111328125,1321.7597005918321,1295.0970188848273,1314.5058783752731,377770
2023-06-23,1259.5634765625,1300.6356913759241,1252.946834833347,1296.3225972800165,1287346
2023-06-26,1264.9056396484375,1269.659794449074,1250.7901159753085,1254.662028110392,1013995
2023-06-27,1260.49462890625,1279.168188205871,1258.0440211510308,1271.2773030292144,953208
2023-06-28,1263.974365234375,1274.3159773757395,1255.6422992284567,1268.1403982373342,1172777
2023-06-30,1257.4559326171875,1279.119281816947,1255.10332517798,1270.8361555891727,1416091
2023-07-03,1265.1016845703125,1308.4285001402848,1257.6518611561305,1264.4155622834637,1613382
2023-07-04,1252.3096923828125,1271.8654954905028,1248.8297813139889,1271.8654954905028,635541
2023-07-05,1261.6707763671875,1268.3854171717385,1248.5354958710993,1252.7505887514542,551843
2023-07-06,1282.8931884765625,1301.1256866504152,1262.945264835788,1265.101751845056,952091
2023-07-07,1259.024169921875,1285.882852838431,1250.790104549552,1284.1674275383043,405412
2023-07-10,1265.640869140625,1282.8931233142239,1253.7308918577974,1259.0242283900072,643139
2023-07-11,1281.8148193359375,1289.5097031730625,1264.9056271050479,1272.5025105710997,659349
2023-07-12,1265.1995849609375,1297.7437241689313,1259.6122477564957,1290.6369624597994,875900
2023-07-13,1247.163330078125,1271.1302257422801,1241.9679938426598,1269.41480033642,1516583
2023-07-14,1255.4461669921875,1257.9458343955937,1233.7337615661338,1249.025527761361,828040
2023-07-17,1272.845703125,1276.2765540768194,1250.3491711757895,1257.7499350052776,433028
2023-07-18,1308.036376953125,1344.8934924650582,1294.3129739687877,1300.7825543011168,4395179
2023-07-19,1337.051513671875,1357.6366176213687,1316.4664097223813,1327.2490832197352,3717564
2023-07-20,1321.416748046875,1380.4763943404491,1311.3692563537775,1340.8745494915481,4310236
2023-07-21,1277.501708984375,1321.3675838948302,1256.377424152895,1311.4180933633145,2337996
2023-07-24,1271.081298828125,1286.0300075017167,1265.1018392904068,1278.7272435869072,699741
2023-07-25,1278.237060546875,1283.0402758870891,1265.1508384983003,1270.3951153901457,518803
2023-07-26,1274.7080078125,1283.4811347074033,1270.394914725853,1283.4811347074033,501602
2023-07-27,1288.774658203125,1293.7249338847191,1267.846491260047,1279.2172876631132,709401
2023-07-28,1298.9200439453125,1302.9390165257819,1284.8535800843815,1295.6362536536571,563551
2023-07-31,1307.6932373046875,1311.5651493365353,1284.1183450155913,1284.1183450155913,567110
2023-08-01,1294.90087890625,1311.614068318009,1292.1561509058567,1309.6045224971613,346660
2023-08-02,1286.225830078125,1308.6243578900735,1274.5609148663432,1294.7538960076906,763382
2023-08-03,1275.7373046875,1284.4614920044423,1258.1910493362104,1281.3247620215002,504649
2023-08-04,1287.990234375,1299.4100891892265,1268.4344345039956,1268.4344345039956,588755
2023-08-07,1293.871826171875,1297.30267700647,1286.078941425299,1293.871826171875,451200
2023-08-08,1297.4007568359375,1313.5257073953828,1287.8433869500384,1298.8220614170762,731893
2023-08-09,1286.1280517578125,1306.5170371487463,1283.5303835211375,1305.683854416609,528665
2023-08-10,1265.395751953125,1289.4606465557856,1261.6218402175668,1288.8235843128448,388643
2023-08-11,1275.149169921875,1285.5397225015545,1266.130981567869,1270.1990142281022,484186
2023-08-14,1250.4959716796875,1272.9926207645651,1246.967120742424,1271.2281354666475,749601
2023-08-16,1244.7615966796875,1254.7110874375674,1237.9978957922544,1254.7110874375674,433375
2023-08-17,1270.689208984375,1272.3065144114453,1244.6637061893969,1245.5948892933818,733247
2023-08-18,1260.73974609375,1276.2275160045886,1257.6028962315615,1269.365813982947,585202
2023-08-21,1264.9056396484375,1267.062126467724,1256.6715742008978,1261.5237293735793,256366
2023-08-22,1293.185546875,1294.9009720840438,1270.149836924981,1271.3751406457266,712933
2023-08-23,1313.329833984375,1319.55435412033,1295.8814578682504,1301.8119768512797,1057129
2023-08-24,1309.0167236328125,1324.0634320213076,1304.2135082764016,1320.8776417906436,579338
2023-08-25,1282.4521484375,1306.8601069063766,1279.9524805660674,1305.2917418134678,501479
2023-08-28,1289.9017333984375,1296.8614344741065,1279.3641215914863,1284.1182760098864,483634
2023-08-29,1312.447509765625,1316.2704817851388,1285.3928241529272,1290.6860411630128,718024
2023-08-30,1327.2001953125,1337.4438082585007,1309.1147566464513,1321.367796300574,1357809
2023-08-31,1357.1954345703125,1371.359897441721,1323.3279925277507,1333.1304221020305,1921612
2023-09-01,1350.5299072265625,1362.1948238427249,1341.9527802527048,1362.1948238427249,848245
2023-09-04,1332.346435546875,1353.7648440036705,1329.2587653653113,1351.7552976918903,568970
2023-09-05,1332.54248046875,1350.2357964479827,1325.2886576710828,1337.0025147330718,611500
2023-09-06,1326.268798828125,1347.8341451505335,1321.5635844943529,1333.1304999307094,1007504
2023-09-07,1343.3250732421875,1345.138498917321,1324.8964564010607,1327.6411847505299,765717
2023-09-08,1421.597412109375,1425.27332336289,1348.8143692897777,1349.2064904218664,4377612
2023-09-11,1417.480712890625,1436.8894562592177,1407.923341787264,1436.8894562592177,818704
2023-09-12,1388.6124267578125,1426.2537877687887,1382.1428458790324,1426.2537877687887,717778
2023-09-13,1370.8699951171875,1392.6313443875415,1346.3639172638234,1388.6123715513063,1313648
2023-09-14,1364.4002685546875,1384.0540690956977,1359.2049327420518,1383.1719461141981,601680
2023-09-15,1402.77685546875,1409.785497503938,1357.1464939237383,1367.4390458819898,1526334
2023-09-18,1397.7286376953125,1412.3342835816377,1387.093024163437,1406.6488258298345,824119
2023-09-20,1385.2794189453125,1399.492943052818,1376.0161700628162,1396.846334703126,524300
2023-09-21,1385.426513671875,1391.9451539937725,1369.791684629531,1385.8186348300676,406806
2023-09-22,1365.0865478515625,1389.8376866836234,1360.9205145827998,1383.5641067707109,350916
2023-09-25,1369.2034912109375,1386.1616235752392,1350.284753158071,1362.537790845531,466853
2023-09-26,1372.144287109375,1381.9956580949274,1367.7331933269727,1369.203557921107,322754
2023-09-27,1378.85888671875,1382.0936169334857,1360.5773302160487,1366.5078484309242,346769
2023-09-28,1347.9813232421875,1388.6123518841682,1341.0216211621203,1382.92701369786,1016134
2023-09-29,1361.508544921875,1368.076245192964,1347.9812625426896,1347.9812625426896,389818
2023-10-03,1360.2833251953125,1373.95778846857,1341.9528267762653,1357.6367166436285,755516
2023-10-04,1366.066650390625,1381.5545379887647,1347.8341541283128,1358.6658873758272,678164
2023-10-05,1383.466064453125,1396.8464065953865,1365.478627640262,1370.3307830839506,539631
2023-10-06,1371.8011474609375,1390.9649477761125,1367.4391135642543,1386.357853106389,313649
2023-10-09,1357.1954345703125,1370.281654120263,1352.7352812505897,1362.9298319395534,370048
2023-10-10,1371.7523193359375,1378.2219003418127,1358.9111577097055,1363.4691927343192,563800
2023-10-11,1363.4691162109375,1391.5531054546573,1358.666020662802,1375.2320336191062,502182
2023-10-12,1360.6754150390625,1372.4383321686998,1357.2936242277242,1372.3403317910022,386010
2023-10-13,1363.5181884765625,1372.3403766119247,1352.5884536882577,1359.597215971957,290082
2023-10-16,1386.3087158203125,1391.9451132860836,1357.5875469573884,1363.5180651978467,622342
2023-10-17,1356.7054443359375,1396.6992890727659,1351.755169058623,1391.9451342010477,1019606
2023-10-18,1313.8687744140625,1356.6564083340597,1309.1146194581913,1356.6564083340597,1969647
2023-10-19,1335.7772216796875,1352.3433539663451,1305.389685643996,1311.5652650243594,1898484
2023-10-20,1267.4051513671875,1347.8341381662838,1264.5134823523679,1303.723202735387,3033731
2023-10-23,1259.4163818359375,1274.3160290817686,1252.3585597258743,1266.4740842874194,1347306
2023-10-25,1242.114990234375,1275.5412539173235,1237.6548365455285,1261.9158517497196,1025370
2023-10-26,1241.8699951171875,1248.0945148092994,1215.7464928272009,1240.9877524041415,758444
2023-10-27,1235.0084228515625,1257.357895857877,1232.1166336369183,1246.0850991378372,567880
2023-10-30,1243.9775390625,1247.5553306079078,1224.8627988407736,1236.9687770494843,497634
2023-10-31,1221.530029296875,1254.3681749292089,1219.1283617763725,1252.8487501783075,1191513
2023-11-01,1216.2366943359375,1229.6170373308714,1208.4927494811864,1225.4510039229103,778047
2023-11-02,1240.9876708984375,1243.536278834287,1217.4618382747703,1225.3037824826595,674945
2023-11-03,1245.888916015625,1251.7703743131024,1240.9877007677271,1251.7703743131024,422147
2023-11-06,1237.5567626953125,1244.9085850479578,1227.9993936368735,1238.5370056756651,1593562
2023-11-07,1228.2447509765625,1240.007669581286,1220.4518652643715,1240.007669581286,578997
2023-11-08,1227.3133544921875,1238.1940283789136,1224.4706257250239,1233.0966927408954,968745
2023-11-09,1228.391845703125,1235.3515488069372,1222.3633258180923,1234.959427577441,412408
2023-11-10,1232.5577392578125,1237.0668337375,1219.716578148356,1230.2051318071017,372182
2023-11-13,1225.989990234375,1238.635150083147,1219.422409365693,1237.0667850639106,472505
2023-11-15,1237.11572265625,1244.9086066216746,1228.9305979016067,1236.0864196456155,553895
2023-11-16,1253.8780517578125,1257.357843152108,1237.1159177910613,1243.928559833729,598909
2023-11-17,1255.4461669921875,1261.033503982836,1246.1829189133323,1254.6619247632777,487287
2023-11-20,1250.5450439453125,1259.6122919613767,1247.8493756162122,1259.3181711893185,338939
2023-11-21,1273.2376708984375,1281.7167968751605,1250.5450212624507,1254.9070547979,919344
2023-11-22,1280.1973876953125,1283.7262386454536,1272.3554435134117,1279.1680846580093,590510
2023-11-23,1275.7373046875,1289.01964624417,1271.4243308755993,1283.9224301072443,243581
2023-11-24,1268.7286376953125,1279.315190925419,1260.298451670565,1279.1681305350198,471600
2023-11-28,1255.9365234375,1268.7776846429779,1252.7507332317073,1268.7287442811175,446363
2023-11-29,1262.60205078125,1269.5617521868417,1258.8280194841648,1268.3364484302738,568761
2023-11-30,1276.91357421875,1282.2558507318347,1256.9656530014668,1267.160084525204,1003617
2023-12-01,1286.5198974609375,1293.9207800892705,1280.1973778762026,1289.0195650131748,406906
2023-12-04,1287.745361328125,1298.7241562586541,1282.746145260697,1294.9011840922965,574357
2023-12-05,1291.519287109375,1294.9010777912738,1279.217188885399,1287.8923160047457,389012
2023-12-06,1298.282958984375,1313.427787060094,1294.018925322534,1294.018925322534,658995
2023-12-07,1322.8380126953125,1324.4554376799715,1289.460688557502,1303.7232729787074,614481
2023-12-08,1316.4664306640625,1330.1898335153633,1305.6837569951833,1330.1898335153633,514463
2023-12-11,1318.4268798828125,1322.0537312428526,1311.8592994226622,1321.367608982923,495744
2023-12-12,1315.0941162109375,1336.7574647428116,1302.890137505515,1319.4072097734138,895136
2023-12-13,1301.0767822265625,1315.5843090666651,1284.6086494258107,1315.5843090666651,643534
2023-12-14,1307.3013916015625,1311.2713048392568,1301.125811464799,1310.438122035686,400039
2023-12-15,1306.0758056640625,1318.3777835992873,1300.8315295115165,1308.7714739316727,526573
2023-12-18,1319.2601318359375,1329.062562684603,1298.3319659057524,1304.0174236614105,488264
2023-12-19,1345.28564453125,1347.8342526408912,1305.879800404346,1319.4072029488289,889643
2023-12-20,1309.212646484375,1367.4391099359443,1302.6940060070863,1352.735463592547,1453036
2023-12-21,1314.6038818359375,1325.0434938643077,1286.6180155879317,1304.997572096129,671157
2023-12-22,1325.0926513671875,1329.16056444676,1311.6632492953704,1318.4269505197153,592159
2023-12-26,1334.89501953125,1337.688688263108,1322.3478607577395,1322.3478607577395,376595
2023-12-27,1334.6500244140625,1352.6864015075366,1326.2198381298665,1334.2088432292867,570198
2023-12-28,1339.5511474609375,1351.2650036919,1336.0712368749073,1341.7076342425014,602887
2023-12-29,1340.9234619140625,1356.5093506840121,1334.6989423412003,1345.8737372890082,551096
2024-01-01,1335.287109375,1349.7947551881678,1329.2096499892195,1340.9235072270928,240757
2024-01-02,1352.83349609375,1356.5584677859613,1319.5052302573135,1338.4729105589806,732232
2024-01-03,1370.0858154296875,1393.2685900710585,1354.0099233494416,1357.6367751741973,1332808
2024-01-04,1372.291259765625,1384.446297958279,1359.401158917381,1376.261292125573,668322
2024-01-05,1377.731689453125,1388.0242420957845,1368.8115010945367,1372.3403523545892,488819
2024-01-08,1348.4224853515625,1377.6827201448414,1345.138694652502,1377.6827201448414,485181
2024-01-09,1352.392333984375,1368.125162980261,1348.42230180919,1352.7844551320657,454465
2024-01-10,1363.2239990234375,1366.507909057535,1338.4239209758884,1349.892717110858,1353774
2024-01-11,1401.8455810546875,1442.917789343392,1371.5560464635219,1375.2810179679207,3886984
2024-01-12,1403.757080078125,1418.558725911043,1392.0431040652754,1418.558725911043,585322
2024-01-15,1412.089111328125,1418.4116308586417,1394.885798695126,1406.6487147768837,592597
2024-01-16,1401.9434814453125,1414.4906396255851,1397.7285083683885,1412.0400321418263,627295
2024-01-17,1403.071044921875,1415.667145791756,1385.2306669962763,1399.640193808599,1089285
2024-01-18,1372.6343994140625,1405.6194825272205,1366.45882029678,1396.4052935261118,603033
2024-01-19,1354.64697265625,1390.9650292104875,1343.5702968614953,1382.1428408645436,651609
2024-01-23,1287.2061767578125,1347.736184705885,1274.8551383389895,1342.9820298756865,1286175
2024-01-24,1279.805419921875,1297.0087348959335,1254.7112194643062,1273.3358391282295,1122451
2024-01-25,1264.8565673828125,1285.9808525018916,1257.7498054290554,1285.9808525018916,470783
2024-01-29,1291.862548828125,1296.6167044591555,1264.366678957445,1264.8568005618522,1195162
2024-01-30,1269.5128173828125,1301.7628393681525,1264.9057226671562,1301.7628393681525,702512
2024-01-31,1268.8265380859375,1276.8644826638463,1262.0137775752753,1270.4439629357246,824629
2024-02-01,1291.6209716796875,1294.8633361655634,1270.3003322923892,1279.1430136867318,759546
2024-02-02,1317.8543701171875,1320.2614965921698,1285.3328560937548,1301.8392431513487,1097984
2024-02-05,1316.3314208984375,1334.065958253326,1311.3205919306565,1326.4022528179814,1659511
2024-02-06,1321.48974609375,1326.205891303502,1310.7311972507314,1316.5771448071562,436681
2024-02-07,1327.7286376953125,1332.2973805761908,1314.759419133349,1326.4022594231988,416325
2024-02-08,1325.763671875,1330.6762731121228,1310.2889779780635,1327.8761143942736,793521
2024-02-09,1323.3564453125,1331.21660669835,1303.4604118045668,1316.5770321298953,941809
2024-02-12,1309.7977294921875,1330.3324268331264,1304.8360741605402,1321.4897445277363,902739
2024-02-13,1338.8311767578125,1342.5156275139784,1292.063239146857,1309.6012007588968,1032576
2024-02-14,1356.614990234375,1364.6716092305405,1331.2168628564461,1338.8313956642073,918064
2024-02-15,1356.5166015625,1366.9804661692115,1351.9478584315073,1363.2468412599683,250907
2024-02-16,1374.64404296875,1376.5108554109363,1354.3059219876206,1362.7555720592209,458522
2024-02-19,1385.8939208984375,1397.6349893546003,1368.2576112852503,1376.5599789660166,1412922
2024-02-20,1370.81201171875,1389.6764698232414,1367.7171693164644,1384.7146952850862,542689
2024-02-21,1390.1187744140625,1394.8839737170272,1372.6790396919193,1382.406014312989,454441
2024-02-22,1406.9197998046875,1412.8640951895284,1390.2661298283608,1398.9614099039345,1507612
2024-02-23,1404.5126953125,1413.6501815987033,1397.5368255350547,1405.9864756853358,542609
2024-02-26,1399.157958984375,1405.0039062841543,1388.5958666818892,1399.1087849990458,363708
2024-02-27,1443.4697265625,1456.0950884636889,1407.951593635942,1413.4536833432296,2867826
2024-02-28,1507.530029296875,1522.9064962951677,1445.4838470895368,1453.147553561647,6273879
2024-02-29,1504.582275390625,1513.4249571383648,1484.5880134261004,1505.2701114884885,1253651
2024-03-01,1489.1075439453125,1509.347435436634,1479.675374311512,1502.2241642123586,802788
2024-03-04,1526.787353515625,1560.242217295611,1505.2210811693174,1560.242217295611,1390941
2024-03-05,1513.228515625,1530.766477272682,1499.32583075617,1530.766477272682,1243789
2024-03-06,1491.1710205078125,1543.539400794563,1481.6406215138136,1542.5568804885195,1660233
2024-03-07,1516.1761474609375,1535.4826943567516,1488.5673524289639,1491.4657391912422,1462696
2024-03-11,1515.4884033203125,1534.058061156031,1506.351036404462,1516.1762394988568,766416
2024-03-12,1475.7454833984375,1522.9064575682944,1472.4540643968114,1510.1336937306248,565010
2024-03-13,1448.2840576171875,1517.1587048255235,1438.4588548788643,1481.6897469274872,1611966
2024-03-14,1490.43408203125,1498.0486141565973,1432.5637338278564,1448.28405821567,848225
2024-03-15,1456.3897705078125,1493.725538878764,1450.2490191310112,1488.370731716263,1050296
2024-03-18,1475.401611328125,1479.2825184828569,1445.0908844950297,1456.4389218353865,392071
2024-03-19,1431.7777099609375,1473.7804528676659,1424.654437772077,1473.7804528676659,563152
2024-03-20,1435.6585693359375,1440.3255406144929,1409.9657602463985,1434.4795929875565,487253
2024-03-21,1459.091796875,1465.4781787260167,1439.7852492919224,1441.8485179026316,434617
2024-03-22,1443.56787109375,1468.572963373909,1439.4413340361484,1459.0425649645865,416340
2024-03-26,1461.5479736328125,1469.8010473757047,1423.6717718925227,1424.6542920939667,764041
2024-03-27,1462.38330078125,1478.693114468473,1453.5406177046943,1462.088496704072,973040
2024-03-28,1488.51806640625,1498.343268164707,1454.7193483698486,1462.3830537160632,924279
2024-04-01,1487.977783203125,1512.09870394041,1484.3425061585278,1502.2735011857615,1111418
2024-04-02,1517.15869140625,1530.963029169561,1490.2376121540494,1493.4799770036402,3136602
2024-04-03,1523.44677734375,1534.598357869896,1495.3957770467352,1522.9063432473324,1132164
2024-04-04,1511.8529052734375,1532.6822848158286,1505.8103822658645,1532.63323076946,797587
2024-04-05,1523.0047607421875,1525.854093726156,1505.565024641969,1512.098808914716,786786
2024-04-08,1503.4034423828125,1554.347095318552,1499.2767852120671,1535.6792098501244,1851259
2024-04-09,1486.25830078125,1510.3300463649869,1480.5597554213164,1507.186029610303,1062855
2024-04-10,1475.0577392578125,1493.4308204559038,1469.3590736788185,1489.500739349441,1384698
2024-04-12,1484.2440185546875,1510.673833329975,1462.3337722688477,1474.369643538467,1466807
2024-04-15,1475.352294921875,1492.4481702337848,1450.1998020178185,1463.955084692784,900584
2024-04-16,1456.094970703125,1479.6754560586412,1447.6943748206022,1470.8327740503225,1521805
2024-04-18,1467.5904541015625,1503.2559872642175,1459.97592213993,1473.7803796708015,1182191
2024-04-19,1475.4505615234375,1489.6971046663568,1428.5352211734794,1446.5153891146801,628014
2024-04-22,1523.6431884765625,1536.2685489625235,1480.6579300558953,1490.5323059648617,1567505
2024-04-23,1520.89208984375,1534.5000905113473,1513.081102258011,1526.6889829890608,966466
2024-04-24,1540.68994140625,1551.3012078148033,1520.843080828514,1520.8921348778517,1214213
2024-04-25,1533.3209228515625,1547.3710089780411,1526.0502497507032,1541.5741161029016,1076657
2024-04-26,1611.38232421875,1623.8111089710062,1540.8373249107387,1541.2794110322197,4166048
2024-04-29,1615.705322265625,1631.4748197171862,1602.932559449411,1627.5447388506586,1115405
2024-04-30,1634.9136962890625,1658.4941822932317,1597.0866666573745,1597.0866666573745,2511176
2024-05-02,1638.5,1677.0147477317278,1621.207666731399,1656.5292234925746,2985962
2024-05-03,1634.4716796875,1670.038866282325,1619.7338753078943,1648.718223921119,1770873
2024-05-06,1645.9178466796875,1664.389275038442,1637.5664246974993,1640.7596154553946,1372662
2024-05-07,1643.707275390625,1673.2320581553654,1632.9487261621946,1648.6690508424563,1702335
2024-05-08,1661.589111328125,1669.3018711480615,1627.249957319917,1641.7421307156992,1420666
2024-05-09,1644.296875,1675.1970900649917,1636.633168783437,1662.4243263284259,1304325
2024-05-10,1657.2659912109375,1665.371783075464,1632.1625514619348,1645.7213785553995,802843
2024-05-13,1672.642578125,1684.9240818413539,1646.310986182513,1660.3119004191565,1539023
2024-05-14,1698.875732421875,1713.957394202236,1673.2319780029168,1673.2319780029168,1980463
2024-05-15,1723.4879150390625,1726.484529830092,1699.760027089776,1709.585229558503,1043231
2024-05-16,1746.626220703125,1753.7986665859137,1721.571954037612,1725.3055790055262,1134916
2024-05-17,1781.9478759765625,1788.186855578771,1746.1841148776762,1758.7112480692308,1217585
2024-05-21,1834.2178955078125,1841.8324274070478,1790.9379506747368,1793.099447239253,2054011
2024-05-22,1810.7354736328125,1843.6008448148843,1800.271729920027,1843.6008448148843,1042740
2024-05-23,1821.7401123046875,1824.982357464582,1792.117100067897,1807.002307205445,1157389
2024-05-24,1856.81591796875,1891.351529626911,1811.5217572725285,1818.6450292672273,1864447
2024-05-27,1854.310546875,1885.9476514805674,1837.36207227847,1865.8059860180242,998013
2024-05-28,1852.78759765625,1873.6661533768893,1843.3554270591783,1857.6019709626732,1180720
2024-05-29,1860.451171875,1876.4171251180521,1836.6250570353684,1856.4719170921126,831300
2024-05-30,1828.0771484375,1871.5046153371816,1821.985570877867,1859.3213402813622,1204505
2024-05-31,1880.0235595703125,1922.1621875334438,1829.5557037097833,1845.77052280496,2634560
2024-06-03,1852.424072265625,1957.0067060843935,1839.9549565680175,1951.6839077256807,1184715
2024-06-04,1747.6441650390625,1851.0932173722051,1686.777257429834,1847.1997548128613,1810438
2024-06-05,1767.1610107421875,1791.0148756507456,1724.9730502965353,1748.6791566318675,1855495
2024-06-06,1813.39013671875,1848.1853544551186,1784.114928834008,1784.114928834008,2087804
2024-06-07,1828.81640625,1835.1742362670034,1797.3725876842932,1814.0802560166044,1165761
2024-06-10,1830.294921875,1858.9295221655054,1820.1422957132877,1833.3998973790235,790525
2024-06-11,1806.63818359375,1844.0947413540846,1799.8861702729196,1833.3999324795348,1206884
2024-06-12,1804.075439453125,1823.247235222961,1793.9720255728384,1809.743208215237,704224
2024-06-13,1812.20751953125,1826.5494873832354,1806.096234171229,1824.5287564059527,1607614
2024-06-14,1813.193115234375,1846.2140281783009,1809.0532280100401,1838.2791039529914,2791525
2024-06-18,1802.0545654296875,1827.042127203908,1797.9146784446739,1805.3074197211733,3521095
2024-06-19,1789.6842041015625,1813.6859478795104,1781.3549763309602,1809.940243987757,1261356
2024-06-20,1792.2965087890625,1799.7877969944038,1779.827392590098,1792.0500840433303,1036750
2024-06-21,1860.0631103515625,1897.3717887084672,1792.0498879709687,1806.3425216596443,3596315
2024-06-24,1884.5084228515625,1907.3273765114332,1856.5638830280539,1863.956624797478,2485454
2024-06-25,1889.4368896484375,1940.7917776551333,1884.0155457637186,1887.61337077031,1895230
2024-06-26,1890.8663330078125,1917.5294172567653,1874.0107848003768,1874.0107848003768,1011884
2024-06-27,1826.352294921875,1890.8663640822087,1818.0231868353708,1888.0078130318045,2145795
2024-06-28,1796.3377685546875,1842.714831389706,1786.6778708331094,1836.3571213698667,1799112
2024-07-01,1797.816162109375,1847.1996505813481,1791.014815958543,1795.499793869664,1346860
2024-07-02,1788.7476806640625,1805.7509860708485,1780.9114228238059,1803.8289214155611,1235074
2024-07-03,1852.0296630859375,1857.0567033453658,1788.7477223377061,1788.7477223377061,1890144
2024-07-04,1855.6768798828125,1881.600811245316,1848.2841375160815,1860.5068289606602,738610
2024-07-05,1866.5687255859375,1877.017109746473,1847.1997183483736,1855.430280008224,474114
2024-07-08,1859.2252197265625,1877.559315552613,1839.954878398566,1877.559315552613,625411
2024-07-09,1893.5770263671875,1911.1717286558476,1839.3142507435548,1869.8709183604092,1106006
2024-07-10,1901.856689453125,1917.1843554374798,1871.2508108836867,1907.2780333888095,692263
2024-07-11,1892.5418701171875,1921.817079040734,1887.8104673120658,1918.1700412750242,584446
2024-07-12,1881.156982421875,1901.413142568176,1870.7085983420393,1892.6897315311055,525200
2024-07-15,1864.6466064453125,1911.3687595089389,1854.5925255501038,1885.6420416568421,483219
2024-07-16,1848.5797119140625,1882.6848692502258,1843.2569138732576,1868.8850848682869,1213886
2024-07-18,1836.0120849609375,1888.4020056981328,1795.007034678404,1853.113936855836,3379348
2024-07-19,1743.20849609375,1866.9137074365635,1739.7585499606835,1843.256933952679,1992696
2024-07-22,1743.4056396484375,1759.4232471717014,1715.6583111831826,1742.715698531112,1315829
2024-07-23,1736.949462890625,1749.566337503452,1663.4163438426406,1747.594939564768,1604569
2024-07-24,1766.1259765625,1773.7158098444372,1728.1765695036713,1736.801434744314,852488
2024-07-25,1800.6746826171875,1813.6858591289388,1749.319676976765,1760.4581219588504,1449713
2024-07-26,1812.3553466796875,1830.2458061757386,1799.9355643295992,1819.6002096901912,814890
2024-07-29,1811.3203125,1836.0121185918192,1805.8989684364894,1828.4714977840213,838188
2024-07-30,1789.83203125,1818.2694191869684,1786.0863274665458,1811.3201941208063,875642
2024-07-31,1823.395263671875,1831.034430890817,1793.0850195451044,1796.9292696943924,831749
2024-08-01,1811.763916015625,1838.3284533103065,1796.38691687573,1830.935711540962,504762
2024-08-02,1793.4791259765625,1812.7002542846378,1781.552193501594,1795.9433731955464,670205
2024-08-05,1758.78271484375,1780.3694259601066,1739.8572224837226,1739.8572224837226,970438
2024-08-06,1763.85888671875,1786.0864455255119,1756.071961499574,1757.5011768057327,656243
2024-08-07,1798.259765625,1803.089714303876,1767.801645525104,1779.186515959271,352266
2024-08-08,1760.0147705078125,1806.6875907231456,1756.3183995246884,1798.9005451204487,811391
2024-08-09,1773.6666259765625,1781.7000960821463,1765.386731145805,1777.2151179541522,789272
2024-08-12,1784.1644287109375,1795.3520877042774,1764.9432992275908,1765.3868156242982,618188
2024-08-13,1799.442626953125,1818.5650888426146,1778.0036764508618,1789.0434557061074,810978
2024-08-14,1819.5509033203125,1824.6766099837828,1782.1436768178226,1804.8147523525624,648490
2024-08-16,1849.6146240234375,1863.8580451017713,1826.0071838652375,1844.242613231773,1620998
2024-08-19,1854.9375,1870.166620602856,1843.256991790733,1859.028174608194,622654
2024-08-20,1862.6751708984375,1875.3414980754444,1839.3141550017176,1861.8866839699224,964261
2024-08-21,1893.083984375,1897.4702961505602,1855.5287617343922,1862.97083622055,948150
2024-08-22,1868.5401611328125,1896.4847011413685,1866.4702174885813,1896.4847011413685,767704
2024-08-23,1857.697509765625,1880.713555682463,1850.1568888972658,1868.5401979797273,543897
2024-08-26,1884.7548828125,1888.9441032268242,1853.4589420701968,1855.1839151819772,580249
2024-08-27,1868.096435546875,1929.4561897199833,1864.8437014962947,1892.4432696384156,1032266
2024-08-28,1863.5623779296875,1878.5942866520072,1851.1425954437027,1871.8422730285365,766452
2024-08-29,1866.174560546875,1874.7994264677968,1836.8993494936926,1865.9281358062772,636198
2024-08-30,1872.1871337890625,1894.0203879308267,1860.999475624981,1860.999475624981,1562361
2024-09-02,1858.436767578125,1892.5419261405343,1853.2125151730113,1892.5419261405343,663594
2024-09-03,1874.75,1882.6849243818053,1855.0853548097161,1862.9709461160273,593605
2024-09-04,1874.109375,1888.599100764344,1851.6353918506368,1870.807187410717,573554
2024-09-05,1852.57177734375,1888.5991208105452,1833.3999815801744,1888.5991208105452,544961
2024-09-06,1845.5733642578125,1861.4430929378414,1833.59709821457,1850.2554341670352,788707
2024-09-09,1865.336669921875,1872.8279576877108,1832.4636348347453,1845.5733583438139,422565
2024-09-10,1894.9569091796875,1914.227371892682,1867.0123678516284,1867.0123678516284,1335774
2024-09-11,1929.6041259765625,1939.855418513295,1897.421033103488,1897.4703661778926,1175514
2024-09-12,1967.8492431640625,1972.3341008164969,1942.1225267869368,1947.642416380085,1824365
2024-09-13,1959.6187744140625,1994.0689033339215,1945.7696565403664,1972.3835272225294,1147593
2024-09-16,1961.4423828125,1980.219875788937,1956.1195843683504,1959.3231059854818,324013
2024-09-17,1977.854248046875,1981.2055281694204,1944.7840006161462,1966.4693772068988,596475
2024-09-18,1959.372314453125,1980.022658203502,1948.8252640665821,1980.022658203502,427477
2024-09-19,1970.017822265625,1973.3692226327132,1939.4611559811024,1959.3723462064067,757558
2024-09-20,2018.8099365234375,2029.4061992951945,1961.5407363531701,1971.3977249780605,1360503
2024-09-23,2052.619384765625,2075.8819761041373,2021.6685341830892,2027.5827278472034,1311899
2024-09-24,2038.5731201171875,2057.1536409730825,2024.6749097689099,2057.1536409730825,1097815
2024-09-25,2032.1171875,2043.304726941296,2005.6017395819913,2032.5113708467024,676261
2024-09-26,1993.132568359375,2032.1170091476852,1963.3643884962075,2032.1170091476852,1227890
2024-09-27,2002.250244140625,2007.868679798154,1971.9400026561905,2007.868679798154,1325848
2024-09-30,1984.11328125,2030.5396740033173,1978.7411502089876,2005.8972022314324,749912
2024-10-01,1971.2005615234375,2035.8622601575737,1942.368870845988,1991.1116296905172,860908
2024-10-03,1944.685546875,1981.2056219863043,1892.0985302171644,1930.984306951672,1327472
2024-10-04,1906.7852783203125,1955.183192837724,1901.3147213637253,1940.7918919637407,1379482
2024-10-07,1887.2191162109375,1922.1128818227892,1873.7643019732632,1916.1986883402576,731944
2024-10-08,1920.5849609375,1926.7455790219624,1882.684886611716,1886.6276821857718,1086748
2024-10-09,1901.1175537109375,1943.6012755418874,1892.8377786295632,1906.440352209379,1281595
2024-10-10,1910.580322265625,1931.3292129613274,1902.6947306683046,1913.2416612998893,517804
2024-10-11,1910.7774658203125,1919.1559071200147,1900.920476055957,1916.6423266002712,329385
2024-10-14,1912.5023193359375,1931.9698729021711,1905.7009727592751,1911.418074594632,505739
2024-10-15,1907.0316162109375,1923.9857095080026,1894.1189846688515,1923.9857095080026,484293
2024-10-16,1911.56591796875,1941.826825959199,1887.5640535811192,1906.3909987625136,646184
2024-10-17,1779.728759765625,1918.2194600978391,1760.261205804335,1917.184428086522,3142978
2024-10-18,1823.2471923828125,1838.3284335600777,1738.4278749218747,1779.7286825611416,2638593
2024-10-21,1786.7762451171875,1838.3283427515203,1775.933557840905,1828.4713543185362,920339
2024-10-22,1745.4755859375,1793.4297391212294,1736.3085384279511,1786.7762718294957,1400528
2024-10-23,1724.7760009765625,1751.3405384732155,1721.52314644349,1749.6155653805868,1457260
2024-10-24,1698.655029296875,1733.8444332808162,1680.6660236644846,1733.647341622895,1229222
2024-10-25,1670.710205078125,1705.6039681698894,1653.1155048032276,1698.8519551632226,720139
2024-10-28,1644.5400390625,1685.2001179516456,1637.3443890928959,1680.6165940846824,694254
2024-10-29,1648.28564453125,1658.980573804526,1622.7561394035606,1653.9042004290002,1036926
2024-10-30,1638.724609375,1660.9028371710526,1626.6004633833234,1650.0601480263158,1154994
2024-10-31,1614.9691162109375,1655.0870136684755,1609.252014410181,1638.7244358476335,1787940
2024-11-01,1623.741943359375,1632.8103256527274,1619.2076318881188,1631.3317772141647,64766
2024-11-04,1605.013671875,1629.261842334515,1583.5253863210785,1629.261842334515,854857
2024-11-05,1610.1884765625,1617.3347935446168,1567.2612415952663,1601.760702888244,1191485
2024-11-06,1651.193603515625,1660.8041681812635,1611.7656459130053,1624.4318532279312,980220
2024-11-07,1642.2237548828125,1675.7375185931462,1622.0169267633466,1675.6881855166826,944499
2024-11-08,1636.9010009765625,1647.5464775432306,1621.671879859233,1638.2316705068235,743428
2024-11-11,1618.271240234375,1641.730923215784,1608.6606755367748,1631.3317512336778,511576
2024-11-12,1580.4696044921875,1631.775158879234,1576.4774759078687,1620.4396217862354,538309
2024-11-13,1591.0166015625,1598.803647089813,1564.0577601848095,1577.1182708654135,723526
2024-11-14,1595.6986083984375,1613.835491861891,1574.7032944416094,1591.9036917739832,717761
2024-11-18,1595.8958740234375,1610.9277824542319,1578.793901614645,1595.8465409479331,458137
2024-11-19,1609.3505859375,1640.1536773288176,1595.2551635115785,1599.740021423409,575229
2024-11-21,1612.7020263671875,1616.004093781367,1588.3553104571236,1601.7114590211042,739900
2024-11-22,1641.9774169921875,1652.0314985072073,1608.217226763147,1613.096388608022,740554
2024-11-25,1683.7216796875,1703.2877797124524,1662.578365088336,1665.7326739121804,2342379
2024-11-26,1686.7279052734375,1702.2526629090742,1662.775494258913,1683.5737169312642,941525
2024-11-27,1704.0269775390625,1709.103350951382,1668.6896959526248,1687.8122787242685,1127424
2024-11-28,1693.0364990234375,1717.481881208108,1683.4752673011749,1712.1590827925418,886719
2024-11-29,1693.4307861328125,1703.2384424977552,1677.8566946846468,1693.0364824902174,640326
2024-12-02,1714.4752197265625,1716.4466173679705,1684.6086176539695,1702.2033175386232,512799
2024-12-03,1732.070068359375,1735.5200145281165,1713.834638610314,1714.3768211380884,891519
2024-12-04,1707.8712158203125,1738.6743063131162,1694.7613723767465,1738.6743063131162,603018
2024-12-05,1721.7200927734375,1725.0714928497266,1690.473488091313,1709.2017658019456,961207
2024-12-06,1713.8839111328125,1746.6583985779116,1710.8774814478707,1725.515205934886,698889
2024-12-09,1680.3209228515625,1713.0954123717897,1677.0681885676095,1705.3576998131327,805098
2024-12-10,1684.5594482421875,1694.3671043312047,1675.6388249183308,1680.4195609228557,1160263
2024-12-11,1727.1907958984375,1734.731416104668,1681.552891383907,1689.438482119925,540835
2024-12-12,1732.8094482421875,1739.3151576740443,1712.4055277865077,1734.7808461731547,713475
2024-12-13,1732.7109375,1757.1563204688753,1715.5105383338137,1739.5616176435942,900553
2024-12-16,1743.50439453125,1749.6156800443894,1731.3802490129408,1732.7109185638328,620774
2024-12-17,1707.624755859375,1745.8698000313066,1695.4020657391325,1742.7156117597592,756251
2024-12-18,1672.7803955078125,1709.9905296308607,1666.767535853435,1700.3306321127957,704084
2024-12-19,1668.9361572265625,1690.6707463059006,1651.1935765946578,1659.9169880070958,997730
2024-12-20,1633.697509765625,1688.4038030300085,1626.4033132654574,1668.9362482197098,735134
2024-12-23,1637.0980224609375,1657.4527291647173,1629.7546136581018,1644.1951268590637,281353
2024-12-24,1650.2078857421875,1666.8168886278215,1632.021668310787,1637.2459207633422,409597
2024-12-26,1652.4256591796875,1658.5862773015363,1633.0073186648765,1649.123591931291,255748
2024-12-27,1626.3046875,1665.4862199392658,1622.6083165151636,1646.6593944547476,548906
2024-12-30,1627.290283203125,1639.2172154260375,1610.0405530347812,1622.7067594077655,2215585
2024-12-31,1651.1441650390625,1662.3318232297333,1623.446050656229,1625.4174484105172,614282
2025-01-01,1656.07275390625,1661.8884016781053,1642.7166055537018,1652.6228076394211,353971
2025-01-02,1677.0682373046875,1680.6167295014754,1645.673749443139,1659.8185054769597,707455
2025-01-03,1675.688232421875,1696.585002249304,1666.1270006372997,1690.4737168255974,482170
2025-01-06,1622.6083984375,1680.3210014664633,1615.7085055841098,1676.6739633737902,442325
2025-01-07,1612.65283203125,1642.075921929512,1603.1408130000136,1623.9390369961714,527750
2025-01-08,1620.193115234375,1625.6144587876408,1590.4743918338504,1612.159766046914,704620
2025-01-09,1606.8863525390625,1624.9246911438292,1592.938808895973,1620.1932881353268,1034497
2025-01-10,1577.36474609375,1620.1933173782434,1568.2470307984104,1606.8863815418017,936502
2025-01-13,1510.14013671875,1566.2263111687298,1499.4945398426237,1557.6014452863153,1242457
2025-01-14,1503.1907958984375,1533.3039448903623,1486.0396112770427,1513.0477847240008,2260391
2025-01-15,1505.1129150390625,1517.1877267872003,1485.1525119452021,1507.1336459512338,1668330
2025-01-16,1535.9654541015625,1549.4694821605249,1503.3388415351546,1512.9000736265853,1557265
2025-01-17,1551.6871337890625,1593.1358199570623,1512.0620868146223,1517.926947039779,4102106
2025-01-20,1578.2025146484375,1601.711409794261,1553.4614958542525,1577.1182699027943,1349467
2025-01-21,1554.003662109375,1591.9037370060994,1548.5329850381313,1585.989543555922,1195387
2025-01-22,1535.3265380859375,1557.9070249140032,1517.4400305590718,1556.3752571003047,820772
2025-01-23,1576.4853515625,1586.070903161126,1520.5527858250193,1529.8419479509687,872416
2025-01-24,1505.235595703125,1587.0096565863364,1499.652327325578,1576.4853573397131,999025
2025-01-27,1488.041015625,1505.2357078256807,1473.9096180345625,1502.3700062126643,912320
2025-01-28,1475.144775390625,1500.096981438934,1463.9779973028892,1489.4243064412638,612261
2025-01-29,1510.1767578125,1513.5861417868334,1466.3992928864327,1474.403739463827,569570
2025-01-30,1525.790283203125,1531.9665715904434,1504.000289520413,1516.8964279253867,597904
2025-01-31,1547.7283935546875,1550.8907255511112,1510.1272226622489,1526.7784718373914,632351
2025-02-01,1636.6669921875,1650.2548268729527,1522.7268944398672,1555.8318007644245,1523321
2025-02-03,1640.5704345703125,1692.6488494872967,1615.8652812642229,1625.5990875406958,1872505
2025-02-04,1607.1690673828125,1655.4923728289427,1600.350420739139,1653.2689089645253,492523
2025-02-05,1588.936767578125,1625.5991933444463,1586.2192005375796,1607.1691236524377,606325
2025-02-06,1583.7979736328125,1597.9293700556266,1577.3252956253777,1589.8261277485387,288020
2025-02-07,1595.0634765625,1605.8349474128104,1577.9181244808644,1588.7389332588712,422760
2025-02-10,1579.0546875,1610.7760819196521,1567.1962132772785,1597.9294015117039,533472
2025-02-11,1530.28662109375,1581.0309807559495,1516.94583859828,1578.2639553935264,566945
2025-02-12,1510.917724609375,1532.3124115972394,1491.548908454205,1532.2630736687784,289847
2025-02-13,1504.5933837890625,1531.7195954694762,1490.2149354632065,1510.8684689734066,598449
2025-02-14,1480.5799560546875,1538.7358674625614,1472.4272548116032,1504.0498535726579,896376
2025-02-17,1514.475341796875,1517.2422465624236,1457.6534897340935,1477.3681536323195,473270
2025-02-18,1493.130126953125,1516.8470760281634,1476.2812834261179,1509.2873950150076,773114
2025-02-19,1497.7747802734375,1503.0616594200885,1478.5540969313963,1493.1301386647601,904580
2025-02-20,1510.522705078125,1516.8965871104679,1470.6979451251816,1490.2644770417962,941417
2025-02-21,1502.369873046875,1526.7785169425044,1480.777471950009,1509.781419245625,393223
2025-02-24,1504.889892578125,1509.28748285344,1474.7002634394144,1492.1420075822546,570593
2025-02-25,1529.6444091796875,1534.3383886544625,1492.1913698758801,1511.2143393262845,550271
2025-02-27,1434.1341552734375,1458.592257146318,1385.6625960367492,1454.639432601206,6037735
2025-02-28,1405.031494140625,1446.6842851337976,1386.5519675224725,1421.0403848554517,1845171
2025-03-03,1412.443115234375,1425.9814913980274,1365.0092194706153,1421.0404605893025,1035355
2025-03-04,1390.5048828125,1411.5537225634348,1377.7076611160267,1388.4296739739686,710232
2025-03-05,1426.17919921875,1440.7552412781995,1390.1591299749448,1393.3213416949066,768353
2025-03-06,1433.64013671875,1460.6675520130998,1428.9461572947182,1439.8164254345813,1036317
2025-03-07,1443.3245849609375,1452.168982022806,1424.0545644441327,1433.6401161412628,527443
2025-03-10,1451.7735595703125,1480.4809950707981,1446.6842740215222,1452.6629691877774,1125377
2025-03-11,1452.7125244140625,1459.5805090241765,1431.219040276435,1441.8915945043238,494941
2025-03-12,1462.5947265625,1468.869812201088,1434.9742891567334,1458.5924429484924,722230
2025-03-13,1441.4468994140625,1475.8364004494704,1432.45424773371,1472.4765961032033,964862
2025-03-17,1444.9056396484375,1449.3525673028166,1418.0758186742237,1432.8989108554872,723248
2025-03-18,1444.9056396484375,1444.9056396484375,1444.9056396484375,1444.9056396484375,0
2025-03-19,1539.57568359375,1548.568455832263,1495.6994281652896,1501.9745129304772,1120632
2025-03-20,1483.643310546875,1502.0733797601913,1453.7007359471422,1502.0733797601913,3969488
2025-03-21,1463.335693359375,1493.0312153458453,1458.5922556578284,1483.6432570607847,2203224
2025-03-24,1465.707275390625,1477.2693594239531,1457.1099303609915,1472.4271252884892,1347968
2025-03-25,1459.82763671875,1477.6648072203034,1452.9596517503635,1468.3756446374775,1302829
2025-03-26,1475.3917236328125,1486.8055524664162,1453.1570861366718,1455.133498358551,1027318
2025-03-27,1497.4781494140625,1510.473084275038,1462.050983437958,1467.2390656705022,1077299
2025-03-28,1510.868408203125,1525.3949903687744,1495.699467913278,1502.962758996103,751781
2025-04-01,1483.593994140625,1499.8993961969484,1471.2907547561074,1497.1323706260443,723671
2025-04-02,1492.635986328125,1501.6287591308787,1466.6462359983984,1487.0032593166454,802612
2025-04-03,1500.7886962890625,1509.9790621315162,1467.5849923473768,1467.5849923473768,452802
2025-04-04,1451.921875,1498.2193086542036,1438.8776021700683,1487.2502445975838,753027
2025-04-07,1438.927001953125,1444.2633394786262,1373.1124941536443,1380.5240405416632,857804
2025-04-08,1445.8939208984375,1457.06057854331,1430.4284697931982,1438.9270189591061,1232475
2025-04-09,1452.366455078125,1461.6556165324844,1433.8870492837827,1448.710140765007,441153
2025-04-11,1514.7718505859375,1519.5646265331068,1440.8540991534708,1440.8540991534708,1019197
2025-04-15,1553.16357421875,1558.9940146918764,1481.8151376822998,1511.0660159072206,1878333
2025-04-16,1594.865966796875,1606.8232373645428,1544.7638414453183,1557.4129287124968,1102376
2025-04-17,1619.1759033203125,1627.3780632585988,1590.0238196169564,1594.5695441360967,1468556
2025-04-21,1627.773193359375,1642.6952033827881,1611.7643012800932,1620.6581570198362,917439
2025-04-22,1645.06689453125,1654.0596679020666,1625.3027695503704,1637.6553476634201,926695
2025-04-23,1592.98828125,1620.6580528846152,1564.7256100636262,1620.6580528846152,4912430
2025-04-24,1585.675537109375,1603.8585540852666,1567.2949271591083,1603.8585540852666,1594861
2025-04-25,1580.9322509765625,1599.6092507537714,1554.744787936061,1593.976523936936,2010475
2025-04-28,1590.61669921875,1595.9530369048077,1572.0384947588623,1580.932350692078,770118
2025-04-29,1603.6610107421875,1613.7406653599096,1591.6048231663838,1591.6048231663838,895483
2025-04-30,1582.1180419921875,1601.9809614288608,1575.0030059831392,1599.1151394752656,911924
2025-05-02,1543.1827392578125,1577.3746487978508,1538.241708381199,1567.294994061814,1112942
2025-05-05,1563.638671875,1571.2478111357932,1549.7048683660794,1553.361303575406,672439
2025-05-06,1561.7611083984375,1573.2242762348246,1557.4129769761832,1566.306832809169,723699
2025-05-07,1560.4764404296875,1570.5562163977572,1537.1547974267444,1539.6253130124512,343957
2025-05-08,1519.0704345703125,1565.9114298685633,1508.496677093837,1559.4880899398966,801061
2025-05-09,1530.0396728515625,1533.3994773505003,1495.2547430257248,1495.2547430257248,743978
2025-05-12,1564.4290771484375,1566.3066928938051,1546.7401635568233,1558.0057373983998,570891
2025-05-13,1575.101806640625,1580.8333299323522,1556.4246862791485,1565.318541629315,735186
2025-05-14,1579.35107421875,1586.0709245188107,1569.3702158915194,1580.8333834940013,723943
2025-05-15,1574.4100341796875,1604.5503226018404,1560.47635119918,1586.0709153296932,963117
2025-05-16,1558.79638671875,1581.525127900207,1550.4954310307,1581.1298213187508,1795856
2025-05-19,1566.3067626953125,1581.920468266548,1557.3141107706335,1569.2713811736,1325871
2025-05-20,1541.4039306640625,1575.5958377672282,1536.8580860770533,1575.5958377672282,1597769
2025-05-21,1558.5986328125,1572.2359254210119,1540.6133298122925,1549.5071848272448,662434
2025-05-22,1547.9261474609375,1566.0102477440912,1537.7475757980935,1558.5987015713313,619942
2025-05-23,1561.0205078125,1572.3293996376212,1545.5452395176112,1554.473292890948,701082
2025-05-26,1554.8702392578125,1576.595195025358,1552.5885770044076,1576.0991920219642,566200
2025-05-27,1560.22705078125,1563.6990717045728,1545.545313867693,1557.4493856048,787007
2025-05-28,1536.4189453125,1562.409454143636,1529.673256056817,1560.227089375641,1504866
2025-05-29,1538.3035888671875,1546.2396365220786,1532.054023995647,1542.5692629194823,282508
2025-05-30,1514.7930908203125,1544.4540930454473,1510.428240406519,1538.0060543484387,1067726
2025-06-02,1502.690673828125,1521.5387870327834,1498.9210027494025,1517.4714657288278,543472
2025-06-03,1490.2906494140625,1512.610784222001,1486.520978208707,1508.8411130166455,1180380
2025-06-04,1488.009033203125,1492.969063313802,1480.0729850260416,1490.191398014029,656425
2025-06-05,1476.10498046875,1495.647450925602,1470.1529442571825,1493.4650860858221,1934068
2025-06-06,1511.0234375,1513.8011026398829,1479.0808938637385,1483.0489177238694,707150
2025-06-09,1531.458984375,1535.625361336179,1514.7932343413083,1523.7212887676815,616827
2025-06-10,1557.0526123046875,1571.0398728557848,1518.7612044582108,1539.5933307113933,1021695
2025-06-11,1566.4766845703125,1569.5518790185338,1557.4494539921848,1564.3934961437424,656673
2025-06-12,1544.35498046875,1570.1471363222988,1540.5853092523616,1566.5758178669912,819293
2025-06-13,1528.7803955078125,1533.9388992738245,1473.4265343375262,1473.4265343375262,711058
2025-06-16,1540.6844482421875,1547.5293136561006,1513.999463422427,1523.2251673839376,428063
2025-06-17,1516.3802490234375,1556.7549632612834,1512.213872531476,1540.8828682908022,870615
2025-06-18,1523.423583984375,1534.4349475916715,1516.0828363721557,1516.3803655190252,253794
2025-06-19,1506.162841796875,1531.6573489734692,1503.484352791588,1530.9629931727407,329625
2025-06-20,1521.2412109375,1526.994894212879,1498.8218994099425,1508.7419594747453,1032126
2025-06-23,1550.6046142578125,1559.0366655834168,1517.7692386087685,1519.7532506853813,661255
2025-06-24,1560.72314453125,1576.2975908552091,1539.6925439160113,1558.2431294417988,1138399
2025-06-25,1556.755126953125,1586.2176579022575,1554.0766379885301,1563.798345617971,1082601
2025-06-26,1561.4173583984375,1574.015785469961,1539.4940512192352,1559.4333465072068,1376736
2025-06-27,1554.2750244140625,1581.2575387453246,1547.132508671448,1562.5086014258725,1884791
2025-06-30,1538.700439453125,1563.9965917473912,1523.8203498682624,1559.7310387230848,1565123
2025-07-01,1535.526123046875,1551.4973955468429,1528.5820809951947,1539.5933234582483,662726
2025-07-02,1538.105224609375,1539.5932335335376,1523.1259589917004,1535.6252097357708,580598
2025-07-03,1560.028564453125,1578.6783251299055,1532.8475766518732,1541.5772776270637,1087139
2025-07-04,1564.988525390625,1579.2734349507832,1551.4972690094378,1563.302163753404,639702
2025-07-07,1525.3084716796875,1580.7616338543153,1514.396405176771,1569.0559140770279,1114712
2025-07-08,1519.8524169921875,1529.2764742936074,1501.8971320368007,1528.6812948934676,890061
2025-07-09,1511.51953125,1525.6060894560558,1499.0202795588975,1521.7372417412064,888113
2025-07-10,1517.4715576171875,1519.654043513939,1500.9051055508837,1507.749971295426,736380
2025-07-11,1515.5867919921875,1523.225189637239,1507.3530938806805,1522.7291866448468,1687155
2025-07-14,1514.1978759765625,1522.4314525399964,1500.904972293862,1509.3370227000075,981425
2025-07-15,1525.705322265625,1528.681340449498,1510.4284047028448,1510.8252313462592,705444
2025-07-16,1512.80908203125,1527.0939920083422,1507.948228630746,1524.8123298730616,755182
2025-07-17,1520.3482666015625,1524.7131169196416,1510.130678162429,1512.8090457400478,1502245
2025-07-18,1506.361083984375,1535.1292574684362,1502.8890630466435,1523.7211886730327,1342857
2025-07-21,1519.3563232421875,1524.7131797125132,1499.5162037924476,1502.8890483177993,847973
2025-07-22,1565.9805908203125,1570.940620641164,1502.9882120954996,1542.5692742847896,5086878
2025-07-23,1560.1278076171875,1570.8415209913287,1535.5261311607835,1570.3455179850164,1664830
2025-07-24,1539.7916259765625,1561.6157574268368,1533.244410760376,1560.127748464318,935752
2025-07-25,1511.4202880859375,1541.0812911299283,1506.261905423713,1539.7916349171321,942201
2025-07-28,1495.7467041015625,1522.134039639037,1481.461793398014,1511.7179765773117,756595
2025-07-29,1498.2266845703125,1504.8730762186542,1479.3785708932166,1495.0521927680081,728746
2025-07-30,1515.78515625,1520.1500068350613,1493.9610244191754,1500.8058899850123,704672
2025-07-31,1488.604248046875,1522.729280239878,1484.7354002495179,1497.929129095906,705250
2025-08-01,1470.748046875,1489.3978078020443,1464.2008316029883,1488.6041545774754,721140
2025-08-04,1496.5401611328125,1499.7146528489745,1460.4311201123778,1470.7480062745701,418757
2025-08-05,1490.78662109375,1504.2778780753606,1483.0489260850798,1496.5401830666906,494352
2025-08-06,1476.79931640625,1495.4490780562883,1465.5897210151559,1489.993044935685,881779
2025-08-07,1482.7513427734375,1491.6793969119944,1461.0265079118697,1468.069726402279,822755
2025-08-08,1479.6761474609375,1494.7547115426303,1472.2361023499166,1492.671402035957,716786
2025-08-11,1462.4151611328125,1478.08890398874,1439.797497540545,1478.08890398874,1445173
2025-08-12,1453.0904541015625,1470.1529090617869,1440.888731722163,1468.5657236622635,1076222
2025-08-13,1454.181640625,1465.5897097897932,1447.3367749072274,1456.2648290361958,557221
2025-08-14,1467.3751220703125,1482.9496878158131,1451.4038508287013,1455.669524762154,861774
2025-08-18,1540.1884765625,1569.3534769007915,1512.4123088297426,1512.809135444821,1496208
2025-08-19,1557.4493408203125,1560.4253586690136,1529.8715269845572,1539.9900603268272,604629
2025-08-20,1555.3662109375,1562.3102528451664,1547.5293394228088,1548.0253424162136,643628
2025-08-21,1541.1805419921875,1560.425483168149,1538.2045239060435,1560.425483168149,442684
2025-08-22,1543.561279296875,1549.314962323305,1533.641219661291,1540.5852614061998,457314
2025-08-25,1549.5133056640625,1558.540535658703,1538.9980667331251,1547.5292937489996,586960
2025-08-26,1505.7659912109375,1545.0494061467175,1496.8379368576018,1542.5693910485686,4779697
2025-08-28,1507.25390625,1515.7851334365716,1500.1113905561765,1502.3930527419423,655530
2025-08-29,1513.404296875,1526.0028454610879,1499.9130397836725,1499.9130397836725,1112664
2025-09-01,1561.61572265625,1564.492564138627,1504.3770276102862,1513.9002605394678,897681
2025-09-02,1570.1470947265625,1592.169578780312,1562.707049965907,1564.294235295951,1448767
2025-09-03,1553.58056640625,1586.019235138185,1550.307019275529,1569.353485964486,795321
2025-09-04,1572.0318603515625,1584.4319353562112,1561.3182682042354,1580.2655585924422,937677
2025-09-05,1569.8494873046875,1577.0911795069821,1551.6957291558833,1572.0318520561968,463270
2025-09-08,1566.5758056640625,1583.7375576707263,1560.822243598239,1569.3534708644468,606915
2025-09-09,1574.4127197265625,1578.2815673979119,1551.6957577996757,1571.3375253037664,417622
2025-09-10,1562.8062744140625,1586.217591762137,1558.4414238013242,1575.2063493965684,458241
2025-09-11,1561.814208984375,1570.2462596516175,1552.48932873347,1567.369418146251,580706
2025-09-12,1560.028564453125,1564.8894179257998,1554.6717079953708,1561.4173970302434,428195
2025-09-15,1582.447998046875,1588.2016815583984,1562.806350969117,1571.337578756092,506002
2025-09-16,1601.891357421875,1605.9585578542258,1581.9519396950493,1589.1936320240886,833915
2025-09-17,1580.761474609375,1608.1408144941627,1579.2734656906966,1607.0496321726937,719829
2025-09-18,1581.55517578125,1586.4159081874723,1570.94063918266,1583.14236112376,940785
2025-09-19,1578.083251953125,1597.129719423989,1573.81757755662,1587.2096590548958,551120
2025-09-22,1568.6591796875,1586.8128173336413,1565.385511359031,1576.1984012774296,396646
2025-09-23,1559.7310791015625,1572.7263334565357,1552.4893868783308,1568.6591330836104,436090
2025-09-24,1532.1531982421875,1559.0365354168584,1528.4828246446943,1557.250997353677,732959
2025-09-25,1527.29248046875,1546.3390691620775,1521.8364472290891,1529.0781397849796,727426
2025-09-26,1495.349853515625,1526.3995683453286,1489.000990960853,1521.7371886302124,953494
2025-09-29,1493.1673583984375,1508.7419250009993,1484.0409517851444,1493.9610116232805,794772
2025-09-30,1489.9930419921875,1501.8971142318055,1483.0489998524104,1493.1674128182917,853021
2025-10-01,1473.3271484375,1498.7225969424935,1471.3431365914519,1489.992896382093,786430
2025-10-03,1476.2041015625,1479.4777697940424,1460.2328292118914,1468.1688771967388,1019221
2025-10-06,1485.727294921875,1489.0009630652733,1473.327220279426,1478.9817269730702,499550
2025-10-07,1490.2906494140625,1496.1433878881146,1485.7273249777434,1488.008987195903,615736
2025-10-08,1491.48095703125,1496.936989797244,1472.2360172377578,1485.1320946846527,416913
2025-10-09,1473.9224853515625,1496.9369748976187,1468.8631581433256,1492.9689511073004,561521
2025-10-10,1483.9417724609375,1507.8490924045077,1468.3672058892816,1469.3592118711267,817076
2025-10-13,1461.323974609375,1483.9417592315972,1447.0390643792598,1483.5449326235007,720965
2025-10-14,1437.515869140625,1467.176872733926,1429.2822920044196,1467.176872733926,1392203
2025-10-15,1452.4951171875,1456.5624386082723,1436.9206716351837,1443.368710548286,794127
2025-10-16,1464.00244140625,1468.1688179924918,1442.8726660608645,1452.8919020188096,1288100
2025-10-17,1479.576904296875,1484.4377577689083,1457.2567699712433,1465.093641353361,905801
2025-10-20,1473.525634765625,1482.0568615570319,1428.190891042571,1468.168778517006,1277994
2025-10-21,1472.236083984375,1479.9737792411058,1468.168883593317,1474.0217432265383,72699
2025-10-23,1484.4378662109375,1501.1034950681892,1462.4152594108184,1468.1689428950942,1050285
2025-10-24,1482.94970703125,1499.912984421888,1479.477686233977,1489.794572250483,1009492
2025-10-27,1480.668212890625,1482.8506988674585,1470.2521493172296,1482.8506988674585,589156
2025-10-28,1468.7640380859375,1477.791268336158,1459.3399812225741,1475.1129006127837,954761
2025-10-29,1497.3338623046875,1500.905059642111,1472.3352387537614,1479.0809279090465,625897
2025-10-30,1494.2586669921875,1504.4762560038985,1488.306631068848,1501.7978882761881,644881
2025-10-31,1481.957763671875,1498.028212174399,1475.708077535071,1497.929035794898,1154138
2025-11-03,1485.33056640625,1487.9097576730408,1470.2520032178595,1481.9577219368418,349232
2025-11-04,1474.5177001953125,1485.3305895031096,1467.1768317876213,1478.1880738519187,776103
2025-11-06,1430.770263671875,1473.2280466707507,1427.694948279183,1463.3079869381424,1209100
2025-11-07,1436.920654296875,1454.7767618407784,1419.8581999704927,1432.4566274108993,586545
2025-11-10,1446.0469970703125,1455.4710534140918,1420.552493083352,1440.3926117018345,944575
2025-11-11,1432.059814453125,1445.3527188591954,1418.0725542959642,1444.360712875078,613786
2025-11-12,1446.3447265625,1449.4199208980233,1433.6470015129107,1437.6150254540973,430648
2025-11-13,1454.3800048828125,1459.7368616214212,1442.2775798501468,1446.344780322142,392270
2025-11-14,1457.653564453125,1461.2247616476252,1441.9798220343214,1451.5030549178139,247053
2025-11-17,1468.565673828125,1472.6328741184143,1454.4791162859663,1458.3479638184774,545878
2025-11-18,1456.2647705078125,1465.9864774953157,1444.360698814288,1462.3159827331249,708532
2025-11-19,1428.885498046875,1454.4791807531124,1426.8023096199524,1453.2888219647236,1021976
2025-11-20,1436.920654296875,1441.682331413041,1427.2982447804523,1433.4486333855605,650084
2025-11-21,1429.579833984375,1436.424699658828,1418.5685915138981,1435.4326936507766,978674
2025-11-24,1413.211669921875,1435.2342749454892,1404.0852635049032,1429.282239170644,1766273
2025-11-25,1408.0533447265625,1417.6757545168407,1400.7124760862507,1413.608554123872,773716
2025-11-26,1428.290283203125,1431.464653956365,1406.6645040264211,1411.6245340124099,609827
2025-11-27,1423.1317138671875,1432.4565940306034,1415.691669230602,1431.4645880790586,578302
2025-11-28,1430.3734130859375,1433.9446103109156,1413.6084881999686,1424.5205537229158,574515
2025-12-01,1423.8262939453125,1440.4919224831635,1419.7589723734372,1437.4167280292581,418134
2025-12-02,1411.1285400390625,1425.8102773292833,1406.7636894045795,1423.8262653221984,529711
2025-12-03,1409.24365234375,1414.69968516164,1398.7284133136213,1413.5093264391644,501288
2025-12-04,1422.0406494140625,1424.1238378660892,1404.6805438230292,1404.6805438230292,360610
2025-12-05,1425.0166015625,1427.298263772373,1408.6485027627916,1419.6597450091538,440018
2025-12-08,1396.050048828125,1425.5125776742054,1388.9075331935294,1420.5525478284358,642925
2025-12-09,1408.4501953125,1411.4262133718212,1379.8803735052234,1384.840403604092,730475
2025-12-10,1378.7891845703125,1412.4182127002196,1368.9683008021827,1408.4501886399235,806272
2025-12-11,1391.189208984375,1394.7604062894063,1374.1266334911454,1381.8643285641133,707388
2025-12-12,1398.3316650390625,1401.8036861176683,1389.0067842090525,1391.3876228818508,430872
2025-12-15,1401.010009765625,1404.581206860035,1387.221103253693,1398.7283477110022,732814
2025-12-16,1400.71240234375,1413.608479702439,1394.5620138873965,1398.7283904424132,298684
2025-12-17,1385.8323974609375,1399.918834380299,1379.1860056245805,1399.0261258459252,348931
2025-12-18,1389.998779296875,1400.6133163103746,1378.0947071210144,1383.8483904438074,223572
2025-12-19,1405.5733642578125,1407.5573763123525,1387.8164321507818,1389.8996205891517,705789
2025-12-22,1419.7589111328125,1435.9286570559323,1405.7716510239097,1412.616516509601,479639
2025-12-23,1415.3941650390625,1425.1157508787956,1411.6244939189858,1421.5445536092104,274659
2025-12-24,1413.0133056640625,1424.9173771168441,1408.7476316223583,1414.6004909722046,661762
2025-12-26,1406.86279296875,1424.3221946030078,1403.787598735833,1418.5685116424715,217465
2025-12-29,1403.8868408203125,1416.5845660405416,1399.2244610645546,1412.6165420460302,235094
2025-12-30,1401.7044677734375,1409.5413393351575,1393.7684198313373,1403.8868325197225,466114
2025-12-31,1413.5093994140625,1418.5686058874915,1399.522138777705,1401.7045035797382,217229
2026-01-01,1406.1685791015625,1421.4454965255143,1402.498205145936,1419.1638341674834,320747
2026-01-02,1428.389404296875,1434.0437898242515,1406.3667993548,1413.1124883124396,256390
2026-01-05,1439.7974853515625,1450.511077143155,1419.6597157748756,1428.4885931039275,454648
2026-01-06,1489.6953125,1493.960986596733,1432.4566166305992,1446.3447001713391,1346661
2026-01-07,1484.2393798828125,1500.7067769255734,1473.1289607379372,1491.87789900259,421633
2026-01-08,1471.8392333984375,1487.0169734262374,1457.7527968311247,1484.5369584605498,761222
2026-01-09,1453.189697265625,1502.5915262525432,1449.519202197659,1467.3753112254706,1297815
2026-01-12,1438.8055419921875,1451.503146271169,1426.4054668596957,1449.320781485644,1832938
2026-01-13,1420.2548828125,1445.352682008573,1408.6484615320342,1441.3846581732714,684472
2026-01-14,1425.61181640625,1436.7223564034189,1406.7637021679382,1408.6485378106663,788769
2026-01-15,1425.61181640625,1425.61181640625,1425.61181640625,1425.61181640625,0
2026-01-16,1414.69970703125,1435.8294828904206,1408.6484947585775,1425.5125964563915,406281
2026-01-19,1435.5318603515625,1442.3767259798544,1408.8468746960373,1415.0965609424088,1337059
2026-01-20,1335.5377197265625,1442.8727199654725,1326.5103682949882,1414.6005491033095,4182464
2026-01-21,1305.4798583984375,1337.8192288480743,1283.9533772562547,1329.2880017126947,2232518
2026-01-22,1301.3134765625,1344.1680859193323,1296.1549728749785,1314.407906895288,808021
2026-01-23,1280.6165771484375,1317.4330599413606,1273.6512966200467,1317.4330599413606,783770
2026-01-27,1282.5072021484375,1288.3779629992077,1257.133679737611,1282.6066818649208,1086332
2026-01-28,1280.417724609375,1290.169045284257,1274.646443103834,1283.6018045307928,802524
2026-01-29,1267.5816650390625,1280.4177072028447,1251.6610227186784,1278.6265863558567,1124235
2026-01-30,1278.6265869140625,1285.3929084891242,1252.357502780988,1259.8203038719262,2002060
2026-02-02,1272.1588134765625,1276.4375346459633,1243.8996493300633,1268.676173001656,823663
2026-02-03,1311.462890625,1328.4780525457516,1298.9254092868073,1302.5075294598823,1080071
2026-02-04,1337.5328369140625,1352.1599990779403,1300.5173942482559,1317.4330757342698,410223
2026-02-05,1343.503173828125,1346.1898551358074,1325.393491523879,1343.1052549364947,392787
2026-02-06,1348.2794189453125,1350.7670193492706,1319.5227339825838,1344.199778575794,417229
2026-02-09,1365.0955810546875,1373.9514625203246,1339.3240173491283,1351.2644989302498,482069
2026-02-10,1366.28955078125,1383.7027527066734,1360.4187898391358,1372.2597914413952,418360
2026-02-11,1376.9365234375,1381.9117238813922,1358.2297211825241,1367.2845616974369,472510
2026-02-12,1393.5537109375,1398.0313915510087,1364.9961076106229,1372.1603480062925,568421
2026-02-13,1397.036376953125,1411.9619792710002,1371.563373290257,1384.2003346667798,774193
2026-02-16,1413.6534423828125,1421.414803863495,1389.274959572413,1397.0363210530957,369629
2026-02-17,1427.2855224609375,1431.5641219482563,1406.8872007149507,1410.0712804015534,305464
2026-02-18,1427.68359375,1435.1463945506207,1417.9321521179131,1430.3701534522806,388023
2026-02-19,1389.175537109375,1431.7633043601868,1385.3944573965523,1426.8875833041805,270597
2026-02-20,1405.8922119140625,1409.374852339198,1389.3745701906778,1392.0611299326958,543595
2026-02-23,1405.792724609375,1416.8376456050926,1395.046242769572,1412.9569648593383,221863
2026-02-24,1396.83740234375,1410.7679643558665,1385.6928798551398,1403.0066026488857,273019
2026-02-25,1410.56884765625,1413.553968011673,1388.5784853309387,1404.2005666050425,1008679
2026-02-26,1406.6881103515625,1418.9271519027236,1396.1407098127177,1410.5687909505784,312149
2026-02-27,1390.1705322265625,1409.9718549768666,1383.2052513621743,1407.8822950105218,1498208
2026-03-02,1347.2843017578125,1376.7374645638304,1327.0849390465496,1353.254542385986,861596
2026-03-04,1312.1593017578125,1333.3537039968378,1307.582141693779,1325.393383375961,932884
2026-03-05,1345.791748046875,1352.5580693771572,1320.6171846915527,1327.3835060218346,320753
2026-03-06,1342.508056640625,1358.229738833579,1333.6522969072946,1345.7917375622092,489820
2026-03-09,1324.79638671875,1330.2691071583938,1294.9451843206928,1330.2691071583938,872333
2026-03-10,1351.2645263671875,1375.5435303680829,1331.7617636816644,1341.314124847547,1530785
2026-03-11,1358.727294921875,1397.633339637651,1353.055614777643,1356.2396946016224,755141
2026-03-12,1347.2843017578125,1357.8317025746144,1327.8810197162488,1348.4783012975045,853612
2026-03-13,1303.7015380859375,1346.4882639498444,1297.0348177582032,1334.2493431514106,1599343
2026-03-16,1290.8656005859375,1310.368362710294,1266.6860770030005,1303.502561566324,963287
2026-03-17,1310.5672607421875,1315.2440219816378,1285.094259071374,1293.5520997234116,849515
2026-03-18,1337.2344970703125,1342.5081370463092,1304.796212104753,1311.2639731532336,1048399
2026-03-19,1287.8804931640625,1329.1746586975494,1283.6017720047694,1317.234177097505,506987
2026-03-20,1274.8453369140625,1308.0797007915642,1271.6612571565772,1294.646659342727,811006
2026-03-23,1224.8944091796875,1265.591575093658,1211.1628066971716,1263.700974539564,835568
2026-03-24,1228.0784912109375,1254.7456155273603,1214.944009959482,1243.2031742056477,561103
2026-03-25,1262.10888671875,1293.5521295754593,1234.4467233618864,1244.9941241254535,1256831
2026-03-27,1225.4913330078125,1268.5766168739779,1220.217693485219,1262.1088563815654,5656981
2026-03-30,1184.6947021484375,1218.6255447894932,1178.2269415891656,1204.8940644810284,1632810
2026-04-01,1180.01806640625,1221.312230119633,1169.7691048986733,1211.9588289855585,962738
2026-04-02,1174.744384765625,1180.6151459834202,1136.8333790864372,1164.296463119754,967015
2026-04-06,1200.6153564453125,1203.003476970483,1158.3261523334468,1182.5056752704088,693409
2026-04-07,1227.97900390625,1230.5660839592128,1180.4161584252902,1194.0481596621557,1033027
2026-04-08,1240.218017578125,1271.6612607657464,1233.8497365802234,1271.6612607657464,755940
2026-04-09,1250.765380859375,1260.4172210517438,1228.277499338963,1243.7006205826547,1025061
2026-04-10,1275.3428955078125,1277.6315364097557,1252.0590534647567,1261.4123335843417,698587
2026-04-13,1267.5816650390625,1275.342905291333,1222.9043382345121,1252.1585427911903,954294
2026-04-15,1278.8255615234375,1294.3482851485696,1252.4569973560715,1278.6266020779308,1086325
2026-04-16,1284.6962890625,1301.5124915722697,1265.7905265702423,1290.5670501293835,992284
2026-04-17,1299.92041015625,1308.278771284227,1278.825487169941,1285.492328714871,770722
2026-04-20,1295.6417236328125,1311.761446551201,1284.6962822479852,1306.2887258587873,639788
2026-04-21,1322.2093505859375,1330.7666712637667,1302.1094674267702,1302.5075077648953,896686
2026-04-22,1342.0106201171875,1403.7031102629533,1313.5524957300167,1329.3736586248874,4815785
2026-04-23,1254.049072265625,1293.4526354817515,1248.9742706418122,1288.1788744261578,5666205
2026-04-24,1232.4566650390625,1261.1138690042749,1226.884464674954,1255.7406280776902,1752335
2026-04-27,1267.7806396484375,1275.143961102674,1236.934394783683,1241.8101158456006,2461604
2026-04-28,1265.8900146484375,1274.8453758881085,1256.7356939671624,1266.7855750653766,1435828
2026-04-29,1246.2877197265625,1283.9002839258094,1243.0040388251732,1271.6612421641094,1553192
2026-04-30,1234.44677734375,1245.790259269044,1226.8844965485075,1245.790259269044,1559906
2026-05-01,1234.44677734375,1234.44677734375,1234.44677734375,1234.44677734375,0
2026-05-04,1250.367431640625,1257.7307530638764,1231.9591888149273,1234.9443092731485,769063
2026-05-05,1233.45166015625,1247.780261616104,1224.894339752332,1247.780261616104,895097
2026-05-06,1251.06396484375,1253.5515650908228,1235.043722080717,1244.7951636351845,857286
2026-05-07,1262.6064453125,1270.3676854479686,1247.8798028018268,1253.7505638620894,998450
2026-05-08,1248.974365234375,1268.3776484318705,1245.7902852956033,1262.6064883597387,606893
2026-05-11,1223.8992919921875,1242.805053413205,1220.5161314449297,1242.0089727674315,617476
2026-05-12,1184.9932861328125,1225.4913698475514,1181.510645762975,1219.4216494959487,969615
2026-05-13,1193.2520751953125,1198.028316404797,1177.3314331168433,1184.5952746510886,638992
2026-05-14,1204.794677734375,1208.7748383856747,1180.1176331103711,1199.023396204045,510878
2026-05-15,1203.6004638671875,1211.7598654522124,1196.6351832644089,1204.4960242376585,599340
2026-05-18,1188.8740234375,1200.0184245655971,1170.4657806062698,1200.0184245655971,943013
2026-05-19,1201.21240234375,1212.1578438283645,1189.0729612831217,1193.948682237422,502340
2026-05-20,1201.8094482421875,1206.9836080336372,1184.5952064006967,1194.0480870901604,648009
2026-05-21,1203.699951171875,1210.8643127159582,1194.3466714753424,1203.8990320692649,853872
2026-05-22,1200.9000244140625,1217.4000244140625,1198.0,1217.4000244140625,581336
2026-05-25,1203.800048828125,1214.800048828125,1200.800048828125,1209.9000244140625,375805
2026-05-26,1201.0,1205.800048828125,1193.9000244140625,1205.4000244140625,475276
2026-05-27,1211.0,1219.4000244140625,1201.5999755859375,1203.0,1246990
2026-05-28,1211.0,1211.0,1211.0,1211.0,0
2026-05-29,1176.800048828125,1215.9000244140625,1166.0,1214.4000244140625,4333519
2026-06-01,1143.199951171875,1186.199951171875,1138.0999755859375,1185.300048828125,936054
2026-06-02,1174.5999755859375,1177.699951171875,1123.5999755859375,1133.0,1283197
2026-06-03,1156.4000244140625,1184.199951171875,1153.300048828125,1184.199951171875,873609
2026-06-04,1166.4000244140625,1176.800048828125,1137.0,1145.699951171875,645046
2026-06-05,1150.5,1177.5999755859375,1147.800048828125,1177.5999755859375,751308
2026-06-08,1140.300048828125,1153.0,1129.0999755859375,1143.0999755859375,947900
2026-06-09,1150.5,1154.0,1138.0999755859375,1144.9000244140625,692180
2026-06-10,1155.5,1165.9000244140625,1147.800048828125,1150.4000244140625,673056
2026-06-11,1129.0,1154.199951171875,1125.5,1154.199951171875,559810
2026-06-12,1154.0999755859375,1156.9000244140625,1134.5,1147.0,458490
2026-06-15,1171.0999755859375,1191.300048828125,1166.0999755859375,1172.199951171875,1073016
2026-06-16,1180.199951171875,1188.5999755859375,1165.199951171875,1176.0,573010
2026-06-17,1196.800048828125,1207.4000244140625,1183.4000244140625,1187.699951171875,803357
2026-06-18,1194.4000244140625,1209.0999755859375,1184.199951171875,1202.699951171875,753480
2026-06-19,1176.300048828125,1194.4000244140625,1168.199951171875,1194.4000244140625,681280
2026-06-22,1181.300048828125,1195.5999755859375,1177.4000244140625,1185.5,488074
2026-06-23,1174.800048828125,1193.0999755859375,1171.0,1182.800048828125,561924
2026-06-24,1186.199951171875,1189.199951171875,1163.300048828125,1173.0,425553
2026-06-25,1178.300048828125,1196.0,1175.4000244140625,1189.9000244140625,937219
2026-06-26,1178.300048828125,1178.300048828125,1178.300048828125,1178.300048828125,0
2026-06-29,1156.0999755859375,1185.800048828125,1152.0999755859375,1178.300048828125,995233
2026-06-30,1159.300048828125,1164.4000244140625,1140.300048828125,1161.800048828125,986708
2026-07-01,1188.800048828125,1200.9000244140625,1172.4000244140625,1172.5999755859375,1370728
2026-07-02,1186.699951171875,1198.0,1182.5,1193.9000244140625,612723
2026-07-03,1181.0999755859375,1192.699951171875,1176.4000244140625,1189.9000244140625,474220
2026-07-06,1181.5,1190.699951171875,1176.0,1186.5,344591
2026-07-07,1225.0,1228.9000244140625,1177.0999755859375,1182.0,1375962
2026-07-08,1207.800048828125,1234.0,1197.9000244140625,1225.0,2255761
2026-07-09,1190.800048828125,1223.0,1182.5999755859375,1212.0,2319664
2026-07-10,1188.4000244140625,1211.699951171875,1176.4000244140625,1205.699951171875,2410663
2026-07-13,1178.800048828125,1187.9000244140625,1161.5999755859375,1180.9000244140625,2184918
2026-07-14,1187.300048828125,1190.0,1167.300048828125,1178.5,1122208
2026-07-15,1177.4000244140625,1195.5999755859375,1172.0,1188.5,969323
2026-07-16,1170.5999755859375,1188.0999755859375,1165.0999755859375,1179.0,1429928
2026-07-17,1187.300048828125,1194.0999755859375,1141.199951171875,1173.0,4169240
2026-07-20,1200.300048828125,1209.699951171875,1165.5999755859375,1165.5999755859375,1893253
2026-07-21,1217.5999755859375,1223.800048828125,1201.0,1206.9000244140625,1553656
2026-07-22,1207.0999755859375,1217.5999755859375,1191.5999755859375,1215.0,601548
2026-07-23,1209.9000244140625,1219.9000244140625,1198.199951171875,1201.5,956879
2026-07-24,1226.9000244140625,1239.5,1195.800048828125,1201.0999755859375,1065814
2026-07-27,1237.4000244140625,1246.9000244140625,1230.0,1235.0,828132
2026-07-28,1227.0999755859375,1240.0,1224.0,1237.4000244140625,658217
2026-07-29,1237.0,1244.4000244140625,1227.9000244140625,1230.0999755859375,584475
2026-07-30,1261.699951171875,1264.4000244140625,1227.9000244140625,1237.0,1639594
2026-07-31,1260.699951171875,1273.9000244140625,1256.9000244140625,1273.9000244140625,1095362
2026-08-03,1285.0,1287.300048828125,1259.0999755859375,1261.9000244140625,1214090
2026-08-04,1295.0,1301.5,1277.300048828125,1286.0,1437161
2026-08-05,1290.0,1296.9000244140625,1282.0,1295.800048828125,1565263
2026-08-06,1285.5,1290.0,1277.0999755859375,1290.0,1078858
2026-08-07,1288.0,1293.5999755859375,1276.199951171875,1276.199951171875,1506943
