Price,Close,High,Low,Open,Volume
Ticker,MARICO.NS,MARICO.NS,MARICO.NS,MARICO.NS,MARICO.NS
Date,,,,,
2015-01-01,137.228515625,138.98703806296263,136.93189177358784,138.98703806296263,142730
2015-01-02,139.81333923339844,140.59724968831878,137.33445195469432,137.97006341428263,658102
2015-01-05,137.27088928222656,140.25825788016687,136.9530835619543,138.5632940387147,953386
2015-01-06,138.83871459960938,140.25824931646306,136.2327104388002,136.91069852029494,1854742
2015-01-07,136.44461059570312,139.7286035525873,134.36828215120892,138.85993962048303,1531050
2015-01-08,136.25390625,137.22851825794794,135.38524241805905,136.44459486264478,1607030
2015-01-09,135.15219116210938,139.74977046410672,133.73265628840417,136.65646647314787,28894954
2015-01-12,135.06741333007812,136.44457126991423,133.5207616147253,135.4699723620333,7008848
2015-01-13,141.6353759765625,143.11846891872545,135.0673929469837,135.3004452367059,15155768
2015-01-14,149.0933074951172,154.66550033171657,141.5507082131598,141.57190302693098,10559456
2015-01-15,150.59754943847656,152.5043839463875,148.1610386783682,152.1230196311151,2655748
2015-01-16,148.415283203125,152.84338176467432,147.5254245290877,151.08484629368797,1251134
2015-01-19,151.63571166992188,156.57229148077323,147.94915998611785,149.11444767643485,2461916
2015-01-20,148.796630859375,152.5467408242814,146.67792612570443,152.5467408242814,1228736
2015-01-21,149.49578857421875,153.77557437153442,147.90676015429062,149.15680101725263,3524786
2015-01-22,153.373046875,154.62307495809918,148.98732531750753,148.98732531750753,2148870
2015-01-23,151.9746856689453,155.3858079976626,149.79242241247053,154.83493701628387,1930778
2015-01-27,149.79246520996094,153.3095108470794,148.35174818746245,152.546782109154,6040466
2015-01-28,149.66529846191406,151.14839168533575,148.73306326314463,150.25853316497341,487904
2015-01-29,149.0720977783203,150.13145041441283,146.63558671530748,149.87721612699121,678956
2015-01-30,152.88577270507812,154.45361983487012,149.15685646604743,150.27976771392758,4729500
2015-02-02,152.75865173339844,157.6316739107468,151.80523435087375,153.26714617669862,5856806
2015-02-03,148.18218994140625,155.4705252709067,143.49984548904152,152.20772827513082,5544084
2015-02-04,150.8094024658203,152.05944344878998,149.15681533675107,149.3686858130817,1285060
2015-02-05,151.14842224121094,152.03826800991612,150.02549822837474,152.03826800991612,1281778
2015-02-06,150.0420379638672,152.21224583724708,148.8080022668186,152.21224583724708,1454680
2015-02-09,149.95693969726562,151.27608679254791,146.80801671850642,150.1271492933305,1596838
2015-02-10,149.7866973876953,151.0845598836657,147.0633054869686,148.27606969657194,976000
2015-02-11,150.765380859375,151.06325726534584,149.4462473116151,150.21219666103403,456326
2015-02-12,149.5526885986328,151.46757571008186,148.3611954931467,151.46757571008186,1816240
2015-02-13,150.99948120117188,151.10586381255976,149.78671683411847,150.21224727966992,1067198
2015-02-16,150.318603515625,151.44625640124272,149.78669055201698,150.21222092290338,459846
2015-02-18,152.3824462890625,159.29731562721457,150.31862115090556,150.9994724214321,1668672
2015-02-19,150.3398895263672,153.61647889674416,149.78670518463696,153.14839284581066,416066
2015-02-20,150.5526580810547,152.33989104758447,150.04202936644467,150.6164980332691,363814
2015-02-23,151.97817993164062,156.5951873740023,150.42499656714625,150.93563824217654,1177970
2015-02-24,151.4462432861328,152.16965004845588,149.8292332112586,152.12709441782124,1343294
2015-02-25,150.8505401611328,151.76542800493482,150.65904626970894,151.48883581766793,624030
2015-02-26,150.9143829345703,151.27608644171917,150.1058776155174,150.1058776155174,640818
2015-02-27,152.2335205078125,153.57393884586963,150.5739543280199,150.74416391304703,1525022
2015-03-02,152.8079833984375,155.06328953298106,150.80798513862834,151.91436687839175,2170958
2015-03-03,156.9356231689453,159.573917126568,152.33989955016358,154.87181089636857,4722644
2015-03-04,163.40370178222656,171.7866573024973,157.44627515474957,158.63775528578117,5681106
2015-03-05,169.5100555419922,173.786631324295,162.7653953843878,162.7653953843878,3315512
2015-03-09,163.40370178222656,169.70154759395277,161.46754332276032,169.70154759395277,1351160
2015-03-10,161.16966247558594,164.29731396838358,159.6164788865844,163.87178350640184,1236428
2015-03-11,160.36117553710938,164.16966581576435,158.29734996320641,161.70159404843665,1515948
2015-03-12,162.89303588867188,165.6164409038572,158.57390482082027,159.8079404136125,864006
2015-03-13,155.6377716064453,165.87177436040258,154.46756279737428,164.65902289265662,1105854
2015-03-16,155.29734802246094,158.19094998303325,152.04202958411813,157.1909507954581,860692
2015-03-17,163.6376953125,164.65897856897575,157.85049278530292,157.85049278530292,2589368
2015-03-18,156.82925415039062,167.403689239061,155.85053923498296,163.82923578284897,1773178
2015-03-19,157.4249725341797,159.06325414216704,156.7015656787424,159.06325414216704,2064184
2015-03-20,155.10585021972656,160.27604262981902,151.19096485510806,159.70157392066233,7080928
2015-03-23,157.6803436279297,158.9356639729169,154.14844517855192,155.29738288366437,1157602
2015-03-24,157.89305114746094,159.02071710654204,155.78668344018615,159.02071710654204,455518
2015-03-25,155.2122039794922,158.2547435575957,154.70156233602236,157.02070806972617,254420
2015-03-26,159.12709045410156,163.61643075900832,154.46752760863464,154.8930579877218,1642370
2015-03-27,164.5951385498047,165.1057801778067,159.5738854811276,159.99941584241063,1275454
2015-03-30,160.29733276367188,165.95688280326834,158.61648221773916,165.91432715916383,868596
2015-03-31,164.1483612060547,168.10578895836093,160.85050041708016,160.85050041708016,1400022
2015-04-01,164.87176513671875,166.80792333814483,162.4462365671857,164.8930364630896,573584
2015-04-06,162.85047912597656,165.10578491096794,162.2547262141768,165.10578491096794,337008
2015-04-07,166.25469970703125,168.48873386672153,163.3398144442997,164.25470202675143,748474
2015-04-08,173.63768005371094,174.46746955459218,165.51005954387435,166.80792211073205,2207546
2015-04-09,167.89305114746094,176.8079201877324,166.87178055949306,175.10579821239924,1025820
2015-04-10,170.85049438476562,172.33985112286445,165.10583268067015,168.46752100657545,724850
2015-04-13,170.53134155273438,172.04196957726535,167.0632707035414,171.06325465801427,2076428
2015-04-15,171.8504638671875,172.91428992432478,168.57387441674152,171.4249334443326,1096110
2015-04-16,178.31849670410156,179.99934686336383,172.76533055916244,172.76533055916244,2399766
2015-04-17,177.1057891845703,182.297253196525,176.27599956247386,181.59513050883697,1495118
2015-04-20,168.29730224609375,176.16961600476057,166.06326726052612,175.3185550578777,1659718
2015-04-21,169.25473022460938,171.6164189402569,164.29730326277956,167.82920067262614,2068118
2015-04-22,168.87173461914062,171.0419421636108,167.29726701197526,169.12705544545886,386566
2015-04-23,169.3823699951172,175.7440546496585,168.1696187478407,168.87174130841055,1319548
2015-04-24,168.5100555419922,178.51002095925688,165.53134243897716,169.76537554415478,1968460
2015-04-27,167.38241577148438,172.82920068412727,165.59518257312615,168.68027853222958,925574
2015-04-28,170.2334747314453,171.0632644174869,166.3186018449305,167.38242811618352,1310780
2015-04-29,170.1483612060547,172.33984053163246,167.23347488625075,170.99942214695164,695864
2015-04-30,170.93556213378906,175.2546929767722,169.14832930889273,171.82916556008036,3069906
2015-05-04,165.2972869873047,171.91427942929107,161.89304383028903,171.91427942929107,2171044
2015-05-05,164.2547607421875,166.29730179529503,162.97816933745548,166.29730179529503,1602862
2015-05-06,159.6165008544922,167.19093892576822,159.04203205452126,164.25478093122464,2126696
2015-05-07,156.9994354248047,161.02068963521614,153.19093341353346,160.424949713617,1197890
2015-05-08,157.21221923828125,159.57390788044873,155.4037149489695,159.57390788044873,836790
2015-05-11,161.48880004882812,162.08454006047225,155.51010263278806,156.9356192008142,1294368
2015-05-12,161.63772583007812,163.7440935287157,158.7653956159891,161.2334667536323,3229186
2015-05-13,172.76535034179688,178.68022057646428,163.78665589182663,165.53133320925858,10174958
2015-05-14,171.1696014404297,178.72276595396013,169.80789898155572,171.51002056206963,4942854
2015-05-15,172.5951385498047,175.3823575675935,169.80790654585823,171.06322646186985,3867164
2015-05-18,174.46746826171875,176.3823551084937,171.06322497856326,172.190877968877,2023828
2015-05-19,174.80787658691406,176.169579010443,172.8717185337982,174.21213664642892,1951934
2015-05-20,175.19090270996094,179.57386143196447,171.91431284007973,174.80791489143903,4062448
2015-05-21,173.85044860839844,176.38235981222894,171.4887599621912,176.14832327473377,2381126
2015-05-22,174.5738525390625,176.38235680058844,172.33981786305986,174.3823586580849,2918736
2015-05-25,177.6802215576172,178.72277628038256,173.91428773206397,174.55258336163675,4583166
2015-05-26,181.12701416015625,182.93551838009964,176.59511794741198,178.08447436383594,7227350
2015-05-27,175.0206756591797,181.65895353313616,172.1696293256153,178.72279591181672,3195882
2015-05-28,174.3823699951172,176.4674795505373,172.97812473051368,174.0419508358674,2622984
2015-05-29,187.06317138671875,194.02059620803607,174.6802338218483,175.42491204155166,44809688
2015-06-01,189.46743774414062,191.06317697275495,178.76534924813237,180.74406329438233,3935578
2015-06-02,179.36105346679688,188.5950678195738,177.9355241101023,187.76527839199082,1568138
2015-06-03,177.2547149658203,181.46747707623834,175.36111213522997,179.1483307825702,1162300
2015-06-04,180.7653045654297,181.57382269574833,177.27596315742724,177.50999967757826,1015418
2015-06-05,186.82911682128906,190.55250781921146,178.80787917469058,180.74403729914735,1451038
2015-06-08,183.80787658691406,191.40358446249778,181.7440513799975,188.91424180675295,1518418
2015-06-09,180.4036102294922,184.2546549832947,177.78658799727066,183.40359422124715,994294
2015-06-10,179.51002502441406,181.8078868839958,177.08449623664734,181.27597381528895,1131028
2015-06-11,172.61642456054688,180.2121456953513,170.29729139819335,179.7866152450671,727906
2015-06-12,176.06321716308594,177.403635433682,172.3398258635645,172.3398258635645,668806
2015-06-15,177.2547149658203,178.9355655441111,174.57387815569936,174.57387815569936,292506
2015-06-16,173.46749877929688,178.72280284102072,172.85048737070824,177.4462113921563,357456
2015-06-17,179.08445739746094,180.4248754551441,174.08447558944692,174.33979640666186,1408726
2015-06-18,179.76531982421875,180.6376519359247,177.0206435932737,179.2334068326524,466132
2015-06-19,186.87167358398438,188.08443782784332,178.8078802516117,180.16956974735874,1734460
2015-06-22,191.46746826171875,194.21213240420087,187.53131083673352,187.53131083673352,1034138
2015-06-23,189.53123474121094,197.0205722669484,188.21208792361767,193.29718132237863,870362
2015-06-24,195.57376098632812,198.72268313252445,187.2333631227211,189.78654534712186,2218774
2015-06-25,191.38230895996094,197.6588827390814,189.12700289819782,197.6588827390814,1748280
2015-06-26,190.97804260253906,191.82910342159877,188.93550183125873,191.82910342159877,660256
2015-06-29,184.82916259765625,188.50999857301255,183.72278077629383,187.2334071605542,435618
2015-06-30,191.33973693847656,192.55250114513032,184.488695073982,184.6801889436167,1891738
2015-07-01,190.4461212158203,193.2333530673678,189.42485087509016,192.72271140392425,614828
2015-07-02,189.06314086914062,192.6801490652708,187.14825417707172,192.08440913608064,1263066
2015-07-03,184.70150756835938,190.40362663375763,183.9142865355361,190.40362663375763,468902
2015-07-06,188.06320190429688,190.5951004830581,183.4036379272271,184.68022937451636,347568
2015-07-07,186.9780731201172,190.10572445772783,185.97807398684597,188.3823313666763,400592
2015-07-08,186.70147705078125,190.63763354700853,184.72276313909862,185.12700925782704,668130
2015-07-09,182.42491149902344,189.70147190041115,181.33980104561448,186.10574734250648,460298
2015-07-10,183.02061462402344,185.10571083853662,182.40359039343247,182.42487470361343,401424
2015-07-13,186.63763427734375,187.19081859766465,182.25466340697835,183.04189723678664,424322
2015-07-14,186.99932861328125,188.74399276302293,185.53124362408678,188.08442587579438,523630
2015-07-15,186.53126525878906,187.9993374401349,185.6163774380388,187.23338786605515,267040
2015-07-16,187.50999450683594,189.29722763239474,185.9568109258541,187.04190840384112,447148
2015-07-17,187.2121124267578,188.4035924016331,186.38232291793403,188.4035924016331,281536
2015-07-20,185.80787658691406,189.02063941774927,185.1057539106916,187.65893672325285,505016
2015-07-21,182.48870849609375,187.1695427385736,181.4035982209157,185.89295158153365,1193640
2015-07-22,183.14828491210938,184.1482839676284,181.2759537151004,184.0206300397568,278944
2015-07-23,183.85040283203125,185.10572269766215,182.65892291487697,183.7014775820048,405902
2015-07-24,185.04193115234375,187.6589409975953,182.21215606786592,183.93554931113508,1448052
2015-07-27,181.97808837890625,186.61636753460314,181.44617533384564,186.38233098923982,407274
2015-07-28,178.25465393066406,183.1482527611028,177.467420217232,181.99932865347552,507068
2015-07-29,183.16957092285156,185.10572910175168,178.82915552876125,179.3397972172981,972734
2015-07-30,185.8717041015625,187.23340680002644,183.48874385848967,185.04192747675802,520662
2015-07-31,187.25462341308594,189.2758925549695,186.02058800790394,187.1907964584681,1582696
2015-08-03,184.02066040039062,190.21212366065274,183.61640125183817,187.6589407927245,687974
2015-08-04,188.12698364257812,189.31846351241532,183.0418904058357,183.44614946140007,1087794
2015-08-05,187.40359497070312,194.46740256254805,184.7227585105841,191.50996093961726,4277354
2015-08-06,187.5525360107422,190.80784118544972,186.16956212070266,189.36104032848615,1114822
2015-08-07,186.7653350830078,187.51001346291307,184.25470771370215,185.6376818478119,1328012
2015-08-10,185.91424560546875,188.89295866891325,184.7227655745543,186.38233168409886,382870
2015-08-11,185.82911682128906,187.23336184063132,183.44614416426796,187.21209051670283,400526
2015-08-12,180.1695556640625,185.5525122354788,178.3823359056915,185.5525122354788,654956
2015-08-13,178.53125,183.40357761604864,177.76530057796825,181.27592590356548,417966
2015-08-14,177.78659057617188,180.85041455844834,177.57382538257372,178.7014912975695,339512
2015-08-17,180.7440948486328,181.99941512209315,177.87176373567632,178.21218296941402,282002
2015-08-18,182.89292907714844,184.084421782663,181.44612856473896,182.55251001051855,1175502
2015-08-19,183.76531982421875,184.6163806889958,181.72276595705887,183.33978939183024,1238402
2015-08-20,179.59510803222656,184.68020173056112,178.51001065891796,183.87169653219806,427730
2015-08-21,183.2333984375,184.44616271179785,177.87171263639624,178.29724304940197,609206
2015-08-24,168.61642456054688,179.744042158289,162.55261623250198,177.3397979447518,1237362
2015-08-25,169.8079071044922,172.33981827108602,162.99942045674558,170.25472183244517,1548900
2015-08-26,170.80789184570312,174.91425741333057,167.1057853333275,168.93556077191073,1241146
2015-08-27,174.51004028320312,176.97811170073336,171.16962365077293,173.19089328990574,736874
2015-08-28,174.93553161621094,177.2972198930581,173.318508474792,175.7014810610922,801288
2015-08-31,172.57383728027344,178.68020071960177,171.14832092208877,172.97809632839397,1408430
2015-09-01,172.2760009765625,174.70151668928187,170.25473138955047,171.82918622352793,922644
2015-09-02,172.31854248046875,175.31852663744758,170.80790175294197,175.31852663744758,1640322
2015-09-03,172.55258178710938,173.2972600069058,171.2759905531727,172.12705137579715,903636
2015-09-04,170.95681762695312,173.1270250030205,169.48873272916046,173.1270250030205,436216
2015-09-07,168.72283935546875,172.5313424370234,166.9568904184632,171.53134318787374,288692
2015-09-08,163.31854248046875,170.59511403351362,161.82918626144254,169.14831344654786,466496
2015-09-09,168.08448791503906,170.63767000995105,164.74407207696473,164.74407207696473,682422
2015-09-10,167.78665161132812,169.59515602782474,163.82922361204612,167.55261505777443,477468
2015-09-11,172.48875427246094,174.4461967554851,168.91430142607106,168.9355727521058,817246
2015-09-14,173.7015380859375,175.0632277593394,169.7866526793192,172.7653658842195,687510
2015-09-15,171.65896606445312,174.21214854330813,171.5525834611675,174.21214854330813,1934100
2015-09-16,173.1057586669922,175.21213930667182,172.33980915410342,173.3823638113503,1579074
2015-09-18,172.2546844482422,176.3823341326607,171.19085854876897,173.3823502906086,1214264
2015-09-21,171.8504638671875,174.169596880052,169.9355769643404,171.2547238724222,437942
2015-09-22,167.53134155273438,172.72280519505216,167.2334650464833,172.3823860331869,555216
2015-09-23,166.16964721679688,167.65900384998199,163.40369918373878,167.23347338335768,583672
2015-09-24,168.2547149658203,171.127045121487,167.25471594402347,169.36109658597516,865814
2015-09-28,169.25473022460938,172.76535630720656,168.27601542028802,169.99940848455424,1191950
2015-09-29,168.70155334472656,170.21218125893608,164.29731055741982,167.8292081240792,777724
2015-09-30,171.9993896484375,172.36108009272783,168.46747960298777,170.16960117106274,2576848
2015-10-01,170.1483612060547,174.04196241342635,169.61644811799408,173.61643194297787,1675576
2015-10-05,171.46749877929688,172.12706577755333,170.33983270604233,170.33983270604233,1022008
2015-10-06,171.04197692871094,172.7653701308729,170.2547429651192,171.7015439601163,1202424
2015-10-07,171.55258178710938,173.61640686794266,170.65896533099877,173.61640686794266,854448
2015-10-08,170.95681762695312,171.46745923996508,169.3823501419626,171.06320021415098,1034506
2015-10-09,170.25473022460938,171.91429632956908,169.55260760168315,171.10579109752803,869120
2015-10-12,168.14837646484375,170.93560906447775,164.80795940313666,170.4887942425014,735318
2015-10-13,166.48876953125,168.14833549931407,165.57388176556213,168.08450853634187,574426
2015-10-14,167.93556213378906,168.36109251445805,165.9142928256113,167.21216827834576,447232
2015-10-15,170.06321716308594,171.06321617327052,168.02067649279323,168.4887625173644,1353120
2015-10-16,170.08453369140625,171.02069293171783,168.6164483785676,171.02069293171783,744130
2015-10-19,170.68028259277344,171.40367663601242,169.6164563649279,170.2121964552894,1394086
2015-10-20,167.59518432617188,170.63772470053297,166.2760372237737,170.27602119059412,1108910
2015-10-21,167.21218872070312,168.82919917046863,166.48878179066378,167.65899048056622,375044
2015-10-23,164.08453369140625,168.93557791594228,162.19091811476187,167.65898664705605,1175290
2015-10-26,165.36109924316406,165.95683914542929,162.297275479863,164.2547177182967,1201116
2015-10-27,166.5312957763672,167.91426933668964,164.3398171933949,165.70150644571171,1078472
2015-10-28,167.53134155273438,169.14835205083233,165.063257177656,167.2334650464833,680954
2015-10-29,166.82923889160156,168.51008967754663,165.8505238682419,167.23349808908034,1125000
2015-10-30,164.76536560058594,167.76534953541875,163.82919358563404,167.02067138275677,1031808
2015-11-02,164.2334747314453,165.38239910129948,162.23347651502633,165.06325127864696,1112308
2015-11-03,166.16964721679688,167.46750994553733,161.10583726119933,165.10582105023607,2420776
2015-11-04,169.9568634033203,173.1908975018145,163.0207220884975,166.36113880216482,9408310
2015-11-05,171.5951385498047,177.23341650587392,170.25472034993297,171.31854637938,5275728
2015-11-06,171.38238525390625,174.29727137438874,170.63770698154292,172.3185574193407,1364176
2015-11-09,172.81414794921875,173.476593394329,168.8180719909921,170.93364545206273,1086156
2015-11-10,172.51498413085938,175.59217974691214,168.8180843851685,173.04921857511624,575662
2015-11-13,169.9720001220703,173.39109984356767,169.26680037024718,172.23714847043016,1249188
2015-11-16,167.42904663085938,171.36101669548097,166.68111853486957,169.2881847923145,690964
2015-11-17,171.7884063720703,172.62180414968583,168.07013000169007,168.17697687390984,1239886
2015-11-18,179.05398559570312,181.59693321397785,171.80976276926964,172.45084397363257,3302042
2015-11-19,180.16519165039062,182.4944586939446,179.11810012292733,181.21229622068506,1429046
2015-11-20,179.16079711914062,181.21225135126912,177.40850623099908,179.5027018102194,1018468
2015-11-23,183.6056671142578,184.4818062459072,178.45564006767094,179.93013211568007,2320414
2015-11-24,184.95191955566406,186.5546224980875,182.70813543627125,184.41768524152292,1445838
2015-11-26,183.4988250732422,187.19572432637256,181.98159162800314,185.05878683406235,1943676
2015-11-27,179.93014526367188,185.03743132617493,178.94715918839032,185.03743132617493,956058
2015-11-30,180.9772491455078,181.83202417882168,177.1307614955955,178.6479819625948,3077504
2015-12-01,181.40460205078125,182.0670473580744,179.54546409947446,181.78924813381693,1154952
2015-12-02,184.6100311279297,185.6571226504923,181.63968286164794,182.08843450805605,1422034
2015-12-03,181.70379638671875,183.88347528571424,180.89176273022323,183.39198226016418,524698
2015-12-04,181.27638244628906,182.68676884249504,180.0369614625903,180.0369614625903,634686
2015-12-07,182.0457305908203,184.56731450580054,181.2336838184627,181.29780238468356,1169112
2015-12-08,182.17393493652344,184.20402570707705,180.57123169661267,180.61397305824343,573096
2015-12-09,181.06271362304688,185.87082304734912,180.03698622109536,182.85774635858567,1484666
2015-12-10,181.34048461914062,183.52016316021889,178.49836076668552,183.52016316021889,869270
2015-12-11,183.2637939453125,184.28953459877266,181.42603251972577,181.55424357999118,973032
2015-12-14,183.9903106689453,185.44342549655664,181.6396795221876,185.44342549655664,859454
2015-12-15,185.01605224609375,185.91356863427387,183.90484210086277,185.4861811201721,2373902
2015-12-16,186.14862060546875,187.19572519871284,185.1015290550561,185.87082133874014,2572340
2015-12-17,192.7090301513672,194.33311055299842,186.68286351105303,188.47789631211072,19343570
2015-12-18,194.2903594970703,195.7221102261304,190.18743690141727,193.1364080335696,9324454
2015-12-21,197.88040161132812,200.2737740881954,190.18742703464582,197.79491889889937,10922390
2015-12-22,189.0762176513672,192.3243650926085,185.18698899315052,192.3243650926085,4847658
2015-12-23,190.57208251953125,192.92271375569302,189.28992002707938,189.9310012733053,2171754
2015-12-24,193.26458740234375,196.38451020368223,190.35834525807212,191.89694250588317,3905231
2015-12-28,191.72604370117188,194.88870873434706,190.91401002334516,193.5638048164024,1072054
2015-12-29,191.04222106933594,193.1791586651898,190.5293508291982,193.1791586651898,1217508
2015-12-30,192.75173950195312,194.29033692694267,190.65754361038702,191.89696460394003,3092677
2015-12-31,193.30734252929688,194.8886813450621,191.5550643812918,194.03390642688203,3893216
2016-01-01,194.16209411621094,196.38451385355674,191.81146337367653,193.0936255968771,275593
2016-01-04,192.58082580566406,193.90572977222214,191.0849694337381,193.82024704812196,549120
2016-01-05,196.2990264892578,199.84634971483075,191.3413431116456,193.1791037040886,1173777
2016-01-06,193.9056854248047,199.54719176869324,192.11065297189543,197.45299593551877,1507146
2016-01-07,191.21316528320312,192.92271528670577,189.58909799700822,191.51234175094868,1808363
2016-01-08,195.05966186523438,195.74348450701305,191.6833030598152,191.89699682019403,942938
2016-01-11,189.3326873779297,192.83727055555735,187.23849096132284,192.32440027103468,1761502
2016-01-12,188.947998046875,191.46958144393219,187.62309431671034,189.3753855054552,1188532
2016-01-13,192.58082580566406,193.69203600480415,188.94803175955815,188.94803175955815,1419934
2016-01-14,192.45257568359375,195.0596419019632,189.58908741327872,191.7260247983634,828936
2016-01-15,192.4098358154297,195.65797001143466,191.08493210767506,193.94842020602997,650453
2016-01-18,187.75131225585938,193.1363970409784,185.31521147787905,190.6148135509999,2183695
2016-01-19,191.46961975097656,194.03394501549857,188.5206483053428,188.69160071441104,870082
2016-01-20,193.26458740234375,195.31604170420627,189.33261810714086,191.4695551060928,2664817
2016-01-21,187.9222869873047,195.74347293777316,187.19572302782672,194.46131045128118,2974984
2016-01-22,187.4521484375,191.4695880788016,185.31521107054908,189.07621561925046,3104923
2016-01-25,183.73385620117188,190.57205517990135,182.92182268101362,190.57205517990135,640993
2016-01-27,182.57994079589844,184.9733003036773,180.31477927505122,181.25503696941513,1411309
2016-01-28,182.19525146484375,184.54588226885704,177.1948264892765,180.74213684911044,2012048
2016-01-29,189.4608612060547,191.42684618670893,180.8703834492385,182.28075689034338,2138703
2016-02-01,193.17916870117188,197.96591438169682,188.94803465013308,193.09368597576395,3107761
2016-02-02,190.401123046875,194.8459502468105,188.81978414787184,193.22188303391337,959010
2016-02-03,189.03346252441406,193.00817360581254,187.36665409026688,188.81976880098932,1086283
2016-02-04,192.4098358154297,196.512744914137,191.42683685162402,192.06791802865078,1961021
2016-02-05,196.15306091308594,197.05659815953365,192.7970804323691,193.44246230407063,3948713
2016-02-08,200.71372985839844,204.9302188240866,195.37857653538717,195.37857653538717,1782502
2016-02-09,198.17527770996094,201.74638575178585,197.056613088198,197.91712231565737,1527114
2016-02-10,196.540283203125,200.0253478617815,194.56112267653288,198.30432957408226,842947
2016-02-11,196.4112091064453,199.5520621817559,193.95875283151761,199.5520621817559,1885533
2016-02-12,196.4112091064453,198.4334108159701,195.16347349284223,196.19608182374384,2248724
2016-02-15,197.1856689453125,200.4986344665257,195.37860758582804,200.4986344665257,3516834
2016-02-16,190.51670837402344,198.26129022874514,189.4841000861259,195.55069183172327,609126
2016-02-17,195.59371948242188,197.48683686112548,185.52576571948865,191.89352775612628,1085499
2016-02-18,199.0788116455078,199.59510929502204,196.19610053032122,198.08921817253054,1954535
2016-02-19,200.54164123535156,201.7033206007624,197.70195868046994,200.02533054161805,2913559
2016-02-22,207.51174926757812,208.58738556510926,201.35911489783032,202.21962393585525,2502756
2016-02-23,204.3708953857422,208.58738439630716,203.0801318359375,208.58738439630716,1338472
2016-02-24,203.4673614501953,206.52217119180597,199.29390045222317,205.18837954346037,1459405
2016-02-25,207.42572021484375,209.6200210356877,201.40215654290245,201.40215654290245,2425643
2016-02-26,204.4139404296875,211.6852397377017,203.72553051992227,209.01765626123404,912625
2016-02-29,203.7255401611328,206.52219488351372,201.96149378710396,205.61865765483284,1066114
2016-03-01,202.86500549316406,204.8441789045284,201.7033130409668,203.9406417895223,1400288
2016-03-02,203.89764404296875,207.29665261902468,203.16621913083551,203.76857292033577,990160
2016-03-03,205.83380126953125,208.0281023903034,204.19883901580303,205.91985744302372,1651384
2016-03-04,204.15577697753906,208.2001669828518,203.5103951746596,206.60823308061163,1181073
2016-03-08,205.10235595703125,207.6838833416115,202.21964512545242,203.98369146431438,931508
2016-03-09,205.4895782470703,206.86638494589928,203.5534327481287,206.26403119451618,1198626
2016-03-10,204.5,206.86640022909052,203.5964758713369,206.86640022909052,986531
2016-03-11,211.72825622558594,213.44927434059932,203.7255193647085,205.66166474409854,2708517
2016-03-14,215.85867309570312,217.6227059204423,214.35278244899692,215.12723524374462,1750551
2016-03-15,209.01763916015625,216.63314936514266,207.81293176437717,216.63314936514266,1749372
2016-03-16,206.69432067871094,209.0176930439977,204.8442310303211,209.0176930439977,1082071
2016-03-17,212.13816833496094,214.0824081669514,207.94724608969338,209.8050831736164,5781830
2016-03-18,214.0391845703125,215.1625256949202,207.55838560359805,212.39738743949923,2292028
2016-03-21,213.7367706298828,216.45870111836095,210.4531629459335,210.4531629459335,3331874
2016-03-22,211.74932861328125,216.58831774547446,210.7988060628255,213.69356849676026,1555683
2016-03-23,208.07684326171875,212.9590396052784,207.3423474787818,211.87890650402906,1054395
2016-03-28,205.4845428466797,209.7618676866656,203.36748440923412,206.5214680828551,1173159
2016-03-29,207.6448211669922,208.63853849510724,203.97236807189321,204.3612134096243,964252
2016-03-30,213.6071319580078,216.8907394148785,208.03364746666136,210.84199369414486,1845890
2016-03-31,211.10122680664062,214.16880760906338,208.29288059889936,213.52072771496924,2119813
2016-04-01,209.11378479003906,212.91584833031558,207.47198762156046,211.31725912631686,943923
2016-04-04,210.10752868652344,211.274077949289,207.38559798703213,209.11381130359072,660303
2016-04-05,211.7061004638672,212.91584433528726,208.0768556643876,209.977887398856,680853
2016-04-06,217.66844177246094,219.26704421620403,211.79252758893176,213.00227152431248,1541763
2016-04-07,213.56394958496094,220.26077600680046,212.13817891117378,220.00155456445432,1149821
2016-04-08,217.8412628173828,219.05100669268265,212.00854370426404,214.7304740162984,1214850
2016-04-11,219.5262451171875,220.04470107335877,216.19943002791214,218.6189307123653,680455
2016-04-12,223.11228942871094,224.06278539963066,217.45237652408136,220.3471383212118,977437
2016-04-13,217.23635864257812,223.11229838939576,216.06982283339283,223.11229838939576,1520188
2016-04-18,222.80987548828125,224.10603529173787,214.73047410598056,218.3165109547895,1447032
2016-04-20,219.00782775878906,223.37156897740343,217.71166778406524,222.80990492911155,1144256
2016-04-21,223.9764404296875,225.3589898881592,219.26704892914154,219.35346486290618,852818
2016-04-22,223.80357360839844,227.69205268653664,222.93946714658995,226.3958929938239,1068428
2016-04-25,219.8719024658203,225.7478294679633,218.18689738051955,222.9394832640556,757006
2016-04-26,217.36602783203125,220.34719310165653,216.97718248124897,219.4830864620422,1170519
2016-04-27,216.02662658691406,218.3165035546478,213.65033369445803,218.3165035546478,815551
2016-04-28,217.02035522460938,219.39664824221404,213.8663715844219,216.89074451591875,2352779
2016-04-29,223.8900146484375,225.09975855661162,217.88446351688955,218.70537529588597,2361478
2016-05-02,231.0620880126953,232.18544235879145,224.01962484891,226.30950195032693,1554850
2016-05-03,219.91513061523438,232.6607030182784,218.83499736073912,232.44467636737937,2346993
2016-05-04,216.4586944580078,221.0384618879757,215.81061453448086,219.48306743446702,1458287
2016-05-05,213.0886993408203,218.14371519404466,212.3542034343041,216.89076322282943,1100069
2016-05-06,211.87893676757812,215.81062445474876,211.40367549810117,214.25522992974254,673882
2016-05-09,213.6935577392578,217.92767466493066,212.26777398534927,212.26777398534927,987851
2016-05-10,216.11306762695312,217.3228116023412,213.13188928542456,213.73677445833906,1060989
2016-05-11,220.60641479492188,221.9025614931205,212.52701291419,214.90330603379113,1182193
2016-05-12,219.74232482910156,222.93951681301922,218.6189835414491,220.95206887105272,569340
2016-05-13,219.82870483398438,222.42102452865504,217.49561974582474,218.9214034890255,686150
2016-05-16,217.40919494628906,221.0816474745357,215.29212352888973,220.17433303639578,563668
2016-05-17,215.50816345214844,219.31024009782467,215.0761101868593,218.186898971029,440489
2016-05-18,216.97714233398438,217.62522219378096,212.87263655527266,214.29840697273775,877376
2016-05-19,214.77366638183594,218.1868843112454,213.1318561729173,218.10046838990607,1393049
2016-05-20,210.10752868652344,215.07614197162943,209.11381130359072,215.07614197162943,861942
2016-05-23,213.90960693359375,214.73050562590404,207.4288069650051,211.14446825070684,527564
2016-05-24,212.3974151611328,214.90331914790633,210.92843650732692,213.95280975319474,539977
2016-05-25,216.71792602539062,217.66843532210248,212.57021193593818,213.43431848852327,774920
2016-05-26,219.26702880859375,220.3471619554341,215.16252285060037,215.16252285060037,762022
2016-05-27,222.3345947265625,223.28511716272632,218.18689402204146,218.61894727753065,871893
2016-05-30,219.22386169433594,225.0565949593242,218.27335225913652,222.0754163703773,542219
2016-05-31,215.3353729248047,219.74232208077683,213.17510631603815,218.8782154372702,1699096
2016-06-01,217.36602783203125,218.61897982242783,215.50819064572784,216.11307584163464,509540
2016-06-02,215.11932373046875,217.92767002769477,213.65034522742522,217.02035551000859,735428
2016-06-03,219.48309326171875,220.56322659469964,215.551405292624,216.24269326277604,898022
2016-06-06,221.4273223876953,223.5011730110918,219.35347176429883,220.34718910775533,730312
2016-06-07,221.03846740722656,223.5443844185679,220.34717950115927,222.46425118571906,889853
2016-06-08,222.24818420410156,222.9394587994917,220.3471395111255,222.03215759673773,637178
2016-06-09,216.4586944580078,222.33460854980984,216.02664117565652,222.0753871285749,598921
2016-06-10,219.051025390625,220.6928226737052,216.026652258999,216.2858868787539,707562
2016-06-13,218.4029541015625,220.77924737071896,215.16255418907642,217.75487411906528,688082
2016-06-14,218.4893341064453,220.04471526045828,216.19944396709272,218.834971432844,478880
2016-06-15,217.71163940429688,219.8286977833327,215.89702358736017,219.4830604425503,2600383
2016-06-16,220.5631866455078,221.16805856537627,216.7611232761469,217.8412564134902,752465
2016-06-17,221.21128845214844,222.55064312702234,218.44614998354064,222.55064312702234,937487
2016-06-20,220.2607421875,222.24820296528105,219.00779039606473,219.4398436472644,464363
2016-06-21,221.38409423828125,224.58127244276895,219.56946532738962,220.34715589764676,975155
2016-06-22,224.71090698242188,225.35898692146418,221.8161710177185,222.50744573785417,844696
2016-06-23,224.79733276367188,226.30951935435448,223.32836732641647,224.71091682725887,954998
2016-06-24,221.64332580566406,222.93948560569717,216.28586793590435,222.93948560569717,932615
2016-06-27,221.816162109375,224.4084817614342,220.39037838961067,221.6865250304207,744783
2016-06-28,221.5569305419922,224.23566631931695,220.82244783126936,222.20501050245264,788257
2016-06-29,223.9764404296875,224.97015774187926,221.72975800401016,222.37783795158398,609513
2016-06-30,227.77847290039062,230.2843764127838,224.32204698800365,225.7478174027759,1585164
2016-07-01,231.7965545654297,232.44463440112057,227.51921710169563,228.90179269192333,1005878
2016-07-04,229.03146362304688,232.87674887434403,227.56249809805334,232.7903329327696,539270
2016-07-05,234.8641357421875,236.03068478924038,227.26000910362526,228.55616885136456,875102
2016-07-07,232.2287139892578,236.7652749136991,231.14858043581938,235.9011680709484,2443887
2016-07-08,228.2105255126953,233.30874844537732,226.82794987745015,232.96311112917525,1540822
2016-07-11,232.87672424316406,234.17288411835793,228.72902319071977,228.9450498365854,1614085
2016-07-12,236.2899169921875,236.9811915972595,232.01257955830147,232.01257955830147,1179853
2016-07-13,240.6968994140625,241.69064316867022,236.1603394524694,237.62933132154322,2100371
2016-07-14,240.5672607421875,243.24599634907156,239.1846849737532,242.8139430695883,564417
2016-07-15,241.12892150878906,243.15957716930896,240.1352042533463,240.30803611100552,712208
2016-07-18,241.90664672851562,242.81394808599907,240.22162835554354,240.2648231362085,1072786
2016-07-19,240.82650756835938,243.2891901552068,238.96865737766493,243.2891901552068,978343
2016-07-20,239.5303192138672,240.74006297344505,237.71569038928226,240.22159382778705,600803
2016-07-21,240.00559997558594,241.94983975936657,238.23419205409505,239.5303519099488,380614
2016-07-22,239.40072631835938,241.77701950147784,238.4502301414648,240.09202743025847,776826
2016-07-25,244.4557342529297,245.4062567185329,237.97493521986985,239.40070573305525,988959
2016-07-26,248.0849609375,249.89958971173746,244.02365017470362,244.02365017470362,896935
2016-07-27,240.3080291748047,250.02922755266542,238.752621612084,248.86267847323447,2885482
2016-07-28,244.80137634277344,246.27036803360576,237.62930248856696,241.34495012475793,2811850
2016-07-29,245.62229919433594,247.56653902964732,243.28920084378612,246.27037913943974,1359374
2016-08-01,247.60968017578125,249.68355664723808,243.85083840474394,247.60968017578125,984250
2016-08-02,258.4542236328125,265.1942428512657,247.9985311566509,249.68354914648117,2972838
2016-08-03,257.3309326171875,265.10789194723543,253.35606338929313,265.10789194723543,1827722
2016-08-04,254.3065185546875,261.8242552435174,253.13999593955543,259.23193588467075,1267914
2016-08-05,256.33721923828125,259.1455657060554,251.02296888873528,254.9114486133456,2022650
2016-08-08,259.4048156738281,264.1141808906535,255.7755573524081,256.63966396508516,3084367
2016-08-09,254.4361114501953,262.21306817669625,251.80057140395547,260.48485557080716,1229655
2016-08-10,249.59715270996094,254.26332225378516,247.48008136477114,254.26332225378516,1038700
2016-08-11,255.5163116455078,256.63963958710764,247.2208836776954,249.16512337153713,897678
2016-08-12,257.2445373535156,260.5281317830363,255.2138816326942,255.2138816326942,1439411
2016-08-16,255.6891326904297,261.69468399174326,253.6584769458563,257.1581244300207,1271365
2016-08-17,259.0591125488281,259.8368294783576,252.49192438721505,256.25076648456775,1271629
2016-08-18,259.70721435546875,260.9169846278811,256.3804252176527,260.00965692357187,758729
2016-08-19,259.9664001464844,263.12038304352706,259.0590726585572,262.4291085130966,889067
2016-08-22,253.917724609375,260.4417187608124,252.75117544860112,259.6640281104432,577019
2016-08-23,250.46128845214844,255.34348517894395,248.94910199169783,253.2696347358424,697979
2016-08-24,251.71421813964844,253.3560416201626,249.2947304374773,251.23897010293425,910136
2016-08-25,246.6592559814453,251.45503738336342,245.92476004833324,251.45503738336342,1943784
2016-08-26,245.62229919433594,250.15885881006247,244.5421659524963,249.7268055133266,1167074
2016-08-29,245.53587341308594,247.0912810412159,240.86970326957487,246.87525440151225,728973
2016-08-30,248.12823486328125,249.0787575120909,245.1470825557411,245.622330694924,1349994
2016-08-31,251.88705444335938,254.60898474901978,248.1714068985453,248.1714068985453,2024240
2016-09-01,254.39297485351562,257.4173479188913,251.97348694939117,252.23270837824722,1100114
2016-09-02,251.36866760253906,255.68920168429617,250.54778194927357,254.99792677939394,1159796
2016-09-06,258.108642578125,259.10235985788523,251.67103809415025,252.27592324032065,1106685
2016-09-07,257.3741760253906,259.31841602603,255.47313080992174,258.92955747772504,798513
2016-09-08,259.275146484375,260.9601647186473,255.99155231092473,257.3741279941177,1159095
2016-09-09,253.96087646484375,261.6082237035091,253.22638071958244,259.275125776311,661674
2016-09-12,249.3379364013672,252.70797306903464,243.634854223184,252.70797306903464,534368
2016-09-14,250.7637481689453,253.70170536181305,248.77628714844585,249.29475638729096,670318
2016-09-15,251.41180419921875,252.9239906191855,250.59089245163287,250.8069190830567,461075
2016-09-16,255.170654296875,255.9483712901466,252.10308658497644,252.14628136440743,1516346
2016-09-19,253.57200622558594,256.12110400785366,252.4486522047219,255.34341360598268,621648
2016-09-20,251.84388732910156,254.04734868276526,250.89336476402332,254.04734868276526,325841
2016-09-21,248.90586853027344,253.61525953662436,248.08498317175318,252.31909977749342,1589164
2016-09-22,247.00485229492188,251.41180079030127,246.2703564839523,250.1588357968568,913274
2016-09-23,245.79515075683594,248.38747074497437,244.11013221636892,246.91847887018557,2188072
2016-09-26,240.6536865234375,246.22718460510083,239.4871373469916,245.79513130793129,1654052
2016-09-27,240.82650756835938,243.50521679408388,240.1784276517281,240.69687048868167,1213394
2016-09-28,246.01112365722656,246.9616196821274,241.4745646694411,243.41880423563487,815085
2016-09-29,234.0,247.39364905279427,233.22230952263428,246.65917971721427,1459391
2016-09-30,238.06138610839844,241.30178610079952,232.61752466934172,235.90111944679774,802825
2016-10-03,243.67803955078125,245.36305781925452,239.7895601962475,239.7895601962475,561754
2016-10-04,244.54214477539062,246.1839418867208,243.37559570113768,244.2829233679736,506265
2016-10-05,247.48013305664062,248.60348749563022,245.14706098263122,247.13449567942902,1130975
2016-10-06,247.17767333984375,249.6403823338438,245.5358761339903,249.29474498057567,585361
2016-10-07,241.30177307128906,248.25782079786234,240.30805573469874,248.21462601513977,827307
2016-10-10,240.4376678466797,243.3756250907539,239.87600381582516,242.2954918120177,356302
2016-10-13,240.1783905029297,245.23339197443656,238.5365672050559,242.81390454141507,1028429
2016-10-14,238.2341766357422,240.65366432857235,236.46274245845754,240.17841629369295,403204
2016-10-17,238.49343872070312,242.90038797115247,238.06138538968736,238.96868683664346,652400
2016-10-18,245.57907104492188,246.5295670722403,240.0055737261489,241.94981329728782,738610
2016-10-19,247.9553680419922,250.11563426863287,245.27663264687027,246.5727923828547,1019387
2016-10-20,245.1038360595703,250.50450240307592,244.36934016276533,248.94912104432277,758075
2016-10-21,246.22714233398438,247.2640542469148,244.88776152043306,245.5358413549281,516768
2016-10-24,244.93099975585938,248.81947903416096,243.85086662299784,247.99856730501105,954413
2016-10-25,246.3135986328125,246.91848385710514,242.85717191215312,245.53590789475277,534329
2016-10-26,242.72750854492188,244.58533223028925,240.99929555938246,244.58533223028925,842804
2016-10-27,240.6968994140625,242.8139712776496,235.55548061318916,242.8139712776496,1662579
2016-10-28,243.6348114013672,246.27032538804784,239.0118368612239,241.94979336369613,877797
2016-11-01,238.49343872070312,240.3512627699824,237.2836946679475,240.30806798505787,1087764
2016-11-02,232.09898376464844,237.62925943746993,230.54357642606976,237.62925943746993,1219701
2016-11-03,229.46347045898438,233.04953352927424,227.51923083455918,232.27181658315408,1733555
2016-11-04,226.05027770996094,234.69134317004782,225.09975523526356,230.67325300519522,2438479
2016-11-07,223.67396545410156,229.42026821631748,222.5938323645709,228.72899358719252,1900720
2016-11-08,224.9701385498047,225.87743985083046,221.55690723558718,225.87743985083046,1836156
2016-11-09,227.38961791992188,229.42027344863948,202.8922068017916,215.1625163416619,2553752
2016-11-10,230.80287170410156,233.22235956852026,226.82797618075088,230.0683758404759,1007348
2016-11-11,213.34793090820312,225.8342828003823,211.7061335142222,225.09978685899952,2878530
2016-11-15,207.0831298828125,214.3848407943339,203.10824765531817,211.5332865361017,3941458
2016-11-16,215.648193359375,218.12641379198118,209.1700547205795,209.1700547205795,1716915
2016-11-17,216.64816284179688,221.1263488720642,213.08301933010472,214.03951542278298,1601412
2016-11-18,217.43080139160156,218.69164520133518,214.95258062177382,218.25687055878777,1180860
2016-11-21,217.08294677734375,220.1698490100099,215.8655832365894,216.5177451194794,2236813
2016-11-22,219.5611572265625,222.34371181300813,214.256902180317,217.38728438273515,3571862
2016-11-23,221.99591064453125,223.25675431515023,219.30030285084848,219.30030285084848,1273867
2016-11-24,217.6046905517578,222.47417145183164,216.77862145306707,222.47417145183164,1710173
2016-11-25,221.865478515625,222.86545481284986,217.387305333071,217.387305333071,565980
2016-11-28,217.1263885498047,221.7350010287614,215.90902522401166,221.4741336680157,2946125
2016-11-29,215.648193359375,217.82206627630418,213.6482276221467,217.0394773335166,2124163
2016-11-30,219.6915740966797,221.51763250807633,213.300396193324,216.5177251992581,5768310
2016-12-01,221.99591064453125,225.8654018826106,219.47421003502564,219.691597332314,1492937
2016-12-02,221.43072509765625,222.34375452109305,218.1264483549623,220.56117579310114,1026768
2016-12-05,220.99588012695312,222.86540522957685,218.60462030029873,220.5176387762344,1107129
2016-12-06,221.73500061035156,222.51758942284675,219.86547552035464,220.99587863434434,825371
2016-12-07,222.60459899902344,223.90892282128334,220.30029888700483,223.6480686714458,917206
2016-12-08,223.0393829345703,225.38717652744384,220.822029690339,223.56111779260192,1961193
2016-12-09,220.6915740966797,224.8219192380045,218.38726091773682,222.86543367556635,1490697
2016-12-12,217.69166564941406,221.43071690606337,216.95254346057746,221.38725005705916,1623930
2016-12-13,218.77857971191406,220.56114492213882,216.16993216336948,218.03945759918608,655331
2016-12-14,219.9959259033203,221.8219843505359,216.82207694364226,218.34378789356643,830101
2016-12-15,220.1263885498047,221.69157986213037,216.5177644496185,216.5177644496185,578507
2016-12-16,218.0394744873047,220.7785493181229,216.8655776922291,220.47421504151453,1985573
2016-12-19,217.38729858398438,218.56119530364498,215.4308128967285,218.03946047973633,1012230
2016-12-20,218.38729858398438,220.08293031183092,215.43083630924787,215.77865071747482,694392
2016-12-21,216.5177764892578,218.95251719178688,215.73518742371283,218.25687509559725,843728
2016-12-22,216.08294677734375,217.3003101842759,210.99607934268337,216.08294677734375,1109912
2016-12-23,213.38734436035156,217.517702595565,212.77866264249968,217.16988826201145,620348
2016-12-26,207.9526824951172,214.95255609507853,206.99618635161335,214.03952679625442,1013424
2016-12-27,213.56129455566406,214.60475096999912,207.99617156543,208.6918135977428,1055984
2016-12-28,217.6481475830078,218.25682931389525,213.60473621045577,213.9960439294167,1231506
2016-12-29,218.77857971191406,219.9524631477986,216.64817359932192,217.6481631205579,776753
2016-12-30,226.47409057617188,227.47406680833814,219.21334974312484,219.9959386841013,1259401
2017-01-02,220.6915740966797,226.51755067339778,219.69158462602894,226.08277610396706,767759
2017-01-03,224.1262664794922,225.30016299823316,220.64807029746322,220.99588460835994,692811
2017-01-04,224.1262664794922,225.8218977328437,221.30023208159366,225.8218977328437,1351459
2017-01-05,226.56100463867188,227.82186143297108,224.25670485896546,224.25670485896546,1172285
2017-01-06,226.43060302734375,229.99576000197825,225.3001996986589,227.4305792852627,3310990
2017-01-09,223.99588012695312,228.9957880470345,223.47414529755054,226.4306072821176,456790
2017-01-10,226.73495483398438,227.60450403756627,223.51761216611698,225.4306310286115,845215
2017-01-11,226.9523162841797,229.03922882776214,225.8653799035083,227.03927650193992,1014655
2017-01-12,225.99583435058594,228.8653626652395,225.21324536896623,227.03930401710286,973735
2017-01-13,224.64801025390625,226.95231000991896,223.039339147679,226.25668136013354,1310681
2017-01-16,224.1697998046875,225.77847132330524,223.16982341307286,224.77849493169057,631934
2017-01-17,222.56114196777344,225.08284291331074,219.82206696424905,225.03934952613614,1403076
2017-01-18,225.99583435058594,228.12624052950136,222.60459773920985,222.60459773920985,1021462
2017-01-19,224.30020141601562,226.95231556179905,223.08281144431243,226.95231556179905,410086
2017-01-20,222.16983032226562,224.213276338995,221.3002810842137,224.213276338995,952405
2017-01-23,221.60462951660156,223.08284730531628,220.60463992785677,221.3002819747513,997333
2017-01-24,224.1262664794922,225.03928236266242,220.6915504033917,223.21325059632196,1269494
2017-01-25,222.47418212890625,225.9088857631508,221.47419252501035,224.12632040557781,1710729
2017-01-27,224.25674438476562,225.43064116971667,222.90895367319695,225.43064116971667,696646
2017-01-30,224.47412109375,225.90887196913408,223.43067797371415,225.21324322244354,336598
2017-01-31,223.69151306152344,225.8219190386275,221.73502752454218,225.6479985985047,745867
2017-02-01,224.7784881591797,225.21326279778546,222.60461496615088,223.56112447839115,963780
2017-02-02,221.8219757080078,228.1262065406424,220.16982449435775,225.60451951489495,3086838
2017-02-03,221.99591064453125,223.08283386270543,219.60465037435924,222.1698178287084,1094796
2017-02-06,222.60459899902344,224.2567371999121,221.12636798744916,222.60459899902344,2516947
2017-02-07,234.25656127929688,235.6478453785069,222.43069950908568,223.43068910172678,4746036
2017-02-08,237.12606811523438,238.8216730665304,232.69136206259134,237.08257473502601,1463457
2017-02-09,234.58570861816406,238.26480826230986,232.13299334379454,238.26480826230986,1087577
2017-02-10,236.46914672851562,238.1334916634085,233.05282739637772,235.63696089476923,912914
2017-02-13,236.3815155029297,237.78307881220707,233.09661402771553,237.78307881220707,381427
2017-02-14,234.7171173095703,236.8194484283617,232.87756755590638,236.8194484283617,557902
2017-02-15,232.6147918701172,235.5931236637043,230.55627518041248,233.6659709422767,887812
2017-02-16,234.93617248535156,235.81214624296643,230.90668785380356,232.92141680327876,1475653
2017-02-17,235.41799926757812,237.21373517360104,232.6586866691951,237.08234442750728,566343
2017-02-20,233.97254943847656,235.59310591404827,232.57098635872288,234.4105362301126,297652
2017-02-21,240.41098022460938,241.1555364450262,233.00899214938255,234.76093945877642,1537924
2017-02-22,239.31602478027344,243.30169440969826,238.57144179109633,242.60092614494084,1586769
2017-02-23,235.54928588867188,240.4109552058591,234.41053094910998,239.97296842409042,2031216
2017-02-27,242.42572021484375,243.21409119422654,234.1477580998352,234.1477580998352,1745078
2017-02-28,246.32379150390625,247.72532790338423,241.1993405039609,242.64469162379336,2418430
2017-03-01,244.30906677246094,247.02459066888647,242.6447220400055,246.14861694311028,622739
2017-03-02,246.58657836914062,248.51373106008975,243.65206134398377,244.30904157054454,1613596
2017-03-03,244.6156463623047,247.02457394510267,244.26526224223483,246.14860027863068,684909
2017-03-06,243.21408081054688,245.92960449701502,241.98772303579838,245.2726242534789,527253
2017-03-07,243.95864868164062,245.5353904755943,243.0826750777568,243.0826750777568,235892
2017-03-08,244.4404296875,245.14122462798582,242.46948902863525,243.95865488614828,790435
2017-03-09,245.6230010986328,246.9369615468059,242.55709338622898,244.35285537162179,522060
2017-03-10,245.22885131835938,247.24358016251767,243.8710760254734,245.66683817427173,525007
2017-03-14,246.98072814941406,249.43344314844413,244.39659574509537,249.43344314844413,1424636
2017-03-15,251.0540771484375,251.75484544158695,244.7470555797051,247.76917565068038,802623
2017-03-16,256.79168701171875,258.4122437171421,251.18546063013727,252.4556331990735,1813216
2017-03-17,257.185791015625,260.16409517617507,256.13461226127265,257.44857233792,2755214
2017-03-20,256.3537292480469,259.4634523021654,254.339000185175,259.4634523021654,592657
2017-03-21,255.740478515625,257.66760420996263,254.29510082913404,256.13465055800333,686749
2017-03-22,249.8714599609375,254.6017118757305,248.33850621884588,251.40441370302915,1900492
2017-03-23,255.39015197753906,259.1130406462064,245.4040559539865,245.44787068376553,1920107
2017-03-24,254.73313903808594,255.34633131575893,252.89361567025816,253.8571653457506,649622
2017-03-27,252.10519409179688,255.74050595687433,251.31682318985702,255.74050595687433,840748
2017-03-28,255.17112731933594,256.0909157410183,251.0102522573422,252.5432062275504,660489
2017-03-29,261.6533508300781,262.4417218013472,253.15639537865601,256.13470056600346,2175698
2017-03-30,259.7261657714844,262.7482853073935,257.6238345316569,262.7482853073935,2296622
2017-03-31,258.2808532714844,259.94519797094597,256.22230971019945,259.28821768963775,867262
2017-04-03,259.7699890136719,263.36148651597426,256.7040810758082,259.68241303009523,734491
2017-04-05,261.7847595214844,262.7921239835686,258.4998579716898,259.1130235547597,700530
2017-04-06,261.95989990234375,264.93823159112463,260.4269460700685,261.0401382960159,2201267
2017-04-07,262.8359069824219,264.89445059435474,258.6750317650966,261.91614525899917,2055753
2017-04-10,262.7044677734375,265.7703752623333,261.69710351646154,263.71183203041346,1393287
2017-04-11,263.79949951171875,264.8944667409162,262.09136667372985,263.3615126200398,477848
2017-04-12,265.9894104003906,269.71229864977107,261.5219391546149,264.9382579930644,1438889
2017-04-13,263.317626953125,267.08430213137507,262.7482495516577,265.8579446360789,504276
2017-04-17,263.624267578125,265.11340666966953,260.5583599552713,263.66805556541425,364902
2017-04-18,262.7044677734375,266.42735543852524,260.6021365561416,264.1060308291654,545525
2017-04-19,263.93084716796875,264.7630328194131,261.4781316678075,262.22271460869024,292450
2017-04-20,264.9820861816406,265.6828545594942,262.79215158509817,263.9309068822602,509996
2017-04-21,262.7920227050781,267.390883102417,262.5730293528239,265.1571616024586,758253
2017-04-24,264.10601806640625,266.07695849973766,262.3540710145561,263.930812668185,556689
2017-04-25,273.34759521484375,274.48637711782214,264.23747365400226,264.7192752511613,1089274
2017-04-26,283.465087890625,284.95422710547143,273.74177470653,273.74177470653,3293137
2017-04-27,278.5596008300781,282.93946876765796,275.93168006753024,282.93946876765796,2035955
2017-04-28,276.10693359375,278.55964937317947,274.17978067234327,278.29686794416807,759383
2017-05-02,279.7421569824219,281.1875079853611,275.7564613125451,276.8076402597324,1175212
2017-05-03,275.9754638671875,287.3193323464643,274.2235167187335,287.3193323464643,2039533
2017-05-04,272.2525634765625,276.41343776004254,270.4130404425702,275.9316630097285,1154578
2017-05-05,267.2595520019531,272.0774068253058,266.2083729838208,269.9750755216341,874739
2017-05-08,265.7265930175781,271.94601083307475,263.6680497411866,267.3909374867017,843200
2017-05-09,265.11346435546875,267.5662070269975,263.7557156629537,266.29603432811666,1295334
2017-05-10,276.1944885253906,278.5596281365693,263.79946639350567,266.29599670917315,2049691
2017-05-11,273.9170227050781,280.2240181349354,272.646849980003,280.1364154068959,1340841
2017-05-12,274.9242858886719,276.6324181590025,270.9385904593881,273.87310700493805,498300
2017-05-15,271.68316650390625,275.93164318195574,268.74865003148517,275.31845105962697,499424
2017-05-16,272.2964782714844,275.0120025694839,269.09917904610126,275.0120025694839,374983
2017-05-17,269.58087158203125,271.5518121541176,267.7851364205007,271.5518121541176,462663
2017-05-18,267.6975402832031,272.427792425749,267.1281627838158,268.9238979894049,875749
2017-05-19,270.9385986328125,280.53051935532824,268.92387023289854,272.4277643075943,1615655
2017-05-22,277.9463806152344,279.3479435605334,271.8583808350829,273.30373176230796,1275040
2017-05-23,274.6615295410156,282.45771647671035,272.12121128147885,281.1437559908195,2814457
2017-05-24,272.60302734375,275.7565112916789,271.3766427722266,274.3549747515309,804026
2017-05-25,276.7638854980469,278.5596207880769,272.77818934973004,274.0921498251455,2054399
2017-05-26,275.5813293457031,282.0635293316505,272.55920940982577,276.76389917855056,848824
2017-05-29,277.0704040527344,279.2165497951762,273.5227221130785,277.94637754228785,2709010
2017-05-30,275.2309875488281,277.9464850305171,273.39143716285196,276.80772974675074,1066451
2017-05-31,275.0556945800781,276.41344288894965,272.602979334184,275.4060786534071,2847183
2017-06-01,277.2456970214844,277.7274718998886,274.1797888395722,274.8367691642677,1139238
2017-06-02,281.9759216308594,284.6914453794594,277.2894571065554,277.6398679638678,3069791
2017-06-05,282.93951416015625,285.61122333767014,281.1875667040562,282.7643087215076,1253444
2017-06-06,278.69097900390625,284.1220256955994,276.8514292062301,282.45768130059383,1293109
2017-06-07,279.61083984375,283.15852294162676,277.9464682841554,279.52323711967693,603091
2017-06-08,280.3991394042969,281.97588110521224,278.7347950016437,279.87354992646135,401417
2017-06-09,277.2894592285156,281.18755281888724,276.36969755252,279.8735922916962,867126
2017-06-12,276.06304931640625,278.5595791934315,274.4424929588572,277.6836056739553,669268
2017-06-13,277.0704040527344,279.08515911826106,276.15064258173896,277.6398082070157,1162732
2017-06-14,276.67633056640625,280.00502031926055,275.36236986407977,278.55966889322116,979297
2017-06-15,276.4134521484375,277.99022063012444,275.66889599239346,276.67626026168136,615139
2017-06-16,274.4425048828125,277.68361773873016,272.51537909578946,277.68361773873016,524272
2017-06-19,271.5956115722656,275.88790371821784,269.449492231883,275.88790371821784,1190118
2017-06-20,278.5157775878906,280.70571127946835,273.5227180780578,274.61768492384664,986909
2017-06-21,277.4646911621094,280.18021519087847,275.40614745969094,279.4356321411615,614277
2017-06-22,275.44989013671875,277.5960092685333,273.39134697276484,277.5960092685333,679608
2017-06-23,273.697998046875,277.9464491801326,272.3840374738849,273.74178603960286,546573
2017-06-27,269.7560729980469,274.6177156441651,268.8800994234243,273.30375528223135,703899
2017-06-28,272.427734375,273.30370779742765,266.73390712922026,268.66105935159607,370380
2017-06-29,273.9170227050781,276.5887321483886,269.97514053669255,272.4278565262038,1598765
2017-06-30,275.3623962402344,276.6325423345875,272.4716663786622,275.0558000338038,552133
2017-07-03,283.7716979980469,284.69145971331284,274.0045696094976,275.05574876916995,643521
2017-07-04,283.2898254394531,289.0274679219511,280.7495076280264,285.61114987519494,744889
2017-07-05,285.217041015625,286.44339884458725,280.48678839957296,282.9395040574975,354179
2017-07-06,283.7716979980469,285.34844000495895,282.1511412654672,285.21704929314905,767628
2017-07-07,280.4867858886719,284.0344686358033,279.26040133809244,283.8154752135706,876158
2017-07-10,282.93951416015625,283.6840971755181,279.917394105345,281.9321497194181,68562
2017-07-11,282.0196838378906,284.6913923655156,280.267736807949,283.81541885054475,956672
2017-07-12,283.64019775390625,284.6913766067204,281.18748274079155,281.18748274079155,267775
2017-07-13,287.3631896972656,293.0132313079013,283.02713549773915,284.25349345116285,1099204
2017-07-14,286.4871826171875,291.9620181413854,285.3484275211925,287.49457373971615,828849
2017-07-17,286.79376220703125,288.98369629036625,283.9030599100666,286.57476879869773,431513
2017-07-18,288.282958984375,289.59691957524944,283.94687834145066,286.61861424912,790944
2017-07-19,289.85968017578125,292.31242247542406,288.63332239225724,289.9472828887319,502939
2017-07-20,285.3046569824219,290.7794928415212,282.0635434607963,290.7794928415212,447725
2017-07-21,288.76470947265625,289.77207382746315,283.9906691015819,286.00539781119573,1033196
2017-07-24,289.0712585449219,290.38521881103514,285.1731657290831,287.53830490112307,792802
2017-07-25,289.728271484375,291.56782141174676,286.44337044713717,289.0712912769274,849301
2017-07-26,286.1805725097656,290.3852349012723,284.07821458142075,289.99103610655976,833790
2017-07-27,285.8302001953125,288.72092936981153,283.8154714306637,286.22439904311534,1997793
2017-07-28,291.1736145019531,291.6992039998226,284.2534285223497,284.8666207252961,881810
2017-07-31,293.18841552734375,294.23956795447594,286.9689967529082,292.61901122180944,838780
2017-08-01,285.8740539550781,293.27601649907126,277.42091216180137,293.18844050546323,5253719
2017-08-02,285.6549987792969,286.39958169226094,277.2456467999826,277.683633603774,2181797
2017-08-03,287.1441650390625,288.4581255747493,279.961196816865,283.8154757083607,3186048
2017-08-04,284.56005859375,288.98371503600043,282.5015150753639,288.98371503600043,2128283
2017-08-07,292.7942199707031,293.889187135889,284.6914629483276,288.19535787692246,3052279
2017-08-08,292.5314025878906,295.94769437684107,287.58213022350793,291.6992169515979,2835258
2017-08-09,285.3046569824219,291.69925457281107,284.0782723639061,291.69925457281107,2275048
2017-08-10,280.7933654785156,284.5600685170992,277.6836694630563,283.8154855079818,1679678
2017-08-11,280.2677307128906,283.8592006600942,276.2382472851371,280.7932934243714,1062783
2017-08-14,278.8662109375,285.8739999895743,278.253018702406,280.2677740944336,1144214
2017-08-16,276.7638854980469,280.57434949067624,273.65416300000703,278.8662169121927,1454928
2017-08-17,280.18017578125,283.684070362269,274.7491284876329,274.7491284876329,1557457
2017-08-18,280.22393798828125,282.5014746029161,277.2456332149549,277.2456332149549,928269
2017-08-21,278.42822265625,280.4867660259805,276.54488470493663,280.18016991004725,947075
2017-08-22,276.0193176269531,282.41391493025617,275.7127214860888,278.0340464396114,1800960
2017-08-23,275.8879089355469,278.5158298586379,275.2309287047741,278.34062443739424,1265870
2017-08-24,276.895263671875,278.20922408784475,275.93168735364526,277.245647769615,695941
2017-08-28,278.77862548828125,280.31157943833466,276.5010885588257,276.5010885588257,1213344
2017-08-29,273.8731689453125,278.515845543791,271.6394467279264,277.94644125897895,982750
2017-08-30,275.7126770019531,276.6324385435537,271.2890212331633,274.0921205753598,1029028
2017-08-31,276.3258972167969,278.1216324973642,272.6030092227376,275.49371156038126,2496373
2017-09-01,275.3623962402344,276.72014506965365,273.43524299918624,276.72014506965365,1355843
2017-09-04,275.6251220703125,276.41349306154996,272.4716113727664,274.17977079761107,1120905
2017-09-05,274.9242858886719,276.1944314128783,273.1723389041751,275.97543803981625,1052762
2017-09-06,279.4793701171875,281.0123239376479,273.74175365364437,273.74175365364437,1501844
2017-09-07,281.1000061035156,282.80816582219495,276.9829450043563,280.3554229765887,1113596
2017-09-08,284.9104919433594,285.8740685155141,280.09263581518576,280.09263581518576,1405499
2017-09-11,283.7716979980469,286.31201644589254,280.2239883836,284.91045314386156,923061
2017-09-12,289.1589050292969,290.38526278352293,283.15848022556196,283.9468511580934,996802
2017-09-13,295.8600769042969,305.4519983067403,289.15888435794227,289.15888435794227,2711763
2017-09-14,290.6042785644531,299.5830091003556,289.11511256302106,295.8601208293716,1179317
2017-09-15,286.4871826171875,290.7356603304841,283.9030762893233,289.9472893615187,1393684
2017-09-18,290.2538757324219,292.0934257531837,284.5600469788128,286.57477569089826,737906
2017-09-19,290.7794494628906,295.1155027768844,289.9472638434146,290.73563474299596,993356
2017-09-20,290.2101135253906,291.69927970038424,288.239172446334,291.69927970038424,597753
2017-09-21,283.2898254394531,289.9910173888927,280.66190493123446,288.93986522515917,1794428
2017-09-22,281.4503479003906,283.5527062320771,278.6034332865448,283.5527062320771,681677
2017-09-25,278.5157775878906,282.06345947521095,274.22348616632706,282.06345947521095,774814
2017-09-26,277.3332824707031,279.43561403226363,274.35497719744274,279.43561403226363,753998
2017-09-27,275.3623962402344,278.3407021042712,271.9898914347009,277.7713244252438,719149
2017-09-28,272.822021484375,276.58869772793236,269.2743119347679,275.9755054405644,1519850
2017-09-29,272.2087707519531,276.5010356441626,271.2890092509762,272.8219629076646,752882
2017-10-03,269.8874816894531,275.9316944109845,269.36189216310396,275.9316944109845,693367
2017-10-04,272.0335693359375,274.0045097805203,270.0626288913547,271.55179458696466,491575
2017-10-05,274.7929382324219,276.3258920838529,272.4277987400336,273.1285669505075,311375
2017-10-06,275.8440856933594,277.1580461143178,272.42779394538604,275.0557147873029,784315
2017-10-09,274.8368225097656,279.56707641918996,274.179842057551,276.80776386640935,461294
2017-10-10,277.37701416015625,278.29680241029655,272.6029744400032,275.8440604758465,846330
2017-10-11,275.0995178222656,278.55962447975327,273.9169747647952,278.55962447975327,576456
2017-10-12,279.6983337402344,280.8809033366269,273.74172450797687,275.0556847856152,963456
2017-10-13,277.68365478515625,283.727867792005,276.80768111075514,280.7495626455602,801731
2017-10-16,278.8662109375,280.5305554908489,274.3987400702839,277.90263459632104,774940
2017-10-17,281.9320983886719,282.5890785650945,277.46462784247984,279.43556837174765,614101
2017-10-18,277.2456970214844,281.97595001277216,275.5375374842371,281.97595001277216,553653
2017-10-19,275.44989013671875,279.4355590476536,274.5301018808631,278.4281948239373,62532
2017-10-23,278.1216125488281,280.223943801104,275.40608909553373,275.40608909553373,446447
2017-10-24,274.3987731933594,279.43562218254317,273.3038060217977,279.43562218254317,621541
2017-10-25,275.93170166015625,278.38441720409764,273.3913834040896,274.530138463935,661678
2017-10-26,274.573974609375,278.3406509312997,273.47900745386244,277.59606791903184,2377811
2017-10-27,272.4715881347656,276.10690010156844,270.45685946980944,275.3185024449741,523985
2017-10-30,274.0483703613281,277.3332716520602,271.72704546239646,273.3913901031817,1231884
2017-10-31,276.1507263183594,277.15809079028907,271.20147994815017,275.27475256318615,1128607
2017-11-01,276.7638854980469,278.73482621117006,275.2747195995383,277.68364713779994,675593
2017-11-02,273.6541748046875,278.69102351105573,272.909591823314,276.7200827129117,719731
2017-11-03,273.7417907714844,277.2456856933594,271.63945916487876,276.807698828125,758927
2017-11-06,276.42852783203125,277.92608006264567,272.9049008264827,273.0810929300163,552139
2017-11-07,273.389404296875,277.7939378705861,272.6406282127162,277.3975190956963,408573
2017-11-08,273.56549072265625,275.2832690749365,269.55737707817786,269.55737707817786,457907
2017-11-09,275.1952209472656,277.8820022509243,274.1381491399238,276.1642235996813,595183
2017-11-10,273.52154541015625,274.84290553291066,272.3763773903587,274.84290553291066,352515
2017-11-13,272.2001953125,274.35842767907576,271.45141917206706,273.5215554839199,800332
2017-11-14,262.20184326171875,273.12507968961194,260.5281261037823,272.2001385158706,2130959
2017-11-15,255.50698852539062,261.80549320667376,253.92136715073232,261.80549320667376,1790901
2017-11-16,267.9718933105469,269.07302695024646,255.6832311382414,257.2248182338208,2087903
2017-11-17,270.79071044921875,272.50848924365965,268.0158597593162,269.55744646294414,1260937
2017-11-20,267.66351318359375,271.80375865217206,265.1088890632982,270.4383639846585,935754
2017-11-21,268.98486328125,269.9098045528835,265.46123651976814,268.6765405629926,1083457
2017-11-22,266.6064453125,270.26220326103214,264.84463166182013,269.4693924948548,822711
2017-11-23,269.0289001464844,270.0859989371589,264.31604393636394,266.03382275042526,862415
2017-11-24,272.7286682128906,273.34528665660645,268.8526848411984,269.9538180083345,666537
2017-11-27,274.7548522949219,275.1953057378067,270.43841393127957,273.0811345885885,688160
2017-11-28,274.18218994140625,275.8559071700436,271.5835046168192,275.63568051145614,826802
2017-11-29,273.87384033203125,274.88687748536563,271.9798966309044,274.84284291122975,415422
2017-11-30,269.5574035644531,273.5655176027623,268.6764970168569,273.08102975483814,1930976
2017-12-01,273.4334411621094,275.9880652795611,267.1789980585966,270.4383636836094,1001880
2017-12-04,274.9310302734375,276.8249746037237,269.0289436893291,276.60474789361734,556113
2017-12-05,272.8608093261719,275.4594944539609,271.5834840498414,273.52148925190113,817017
2017-12-06,269.3371887207031,273.9179137220282,268.5003167105898,273.9179137220282,380430
2017-12-07,272.64056396484375,273.34527841731546,269.55739118979704,269.6454872171393,729134
2017-12-08,274.79888916015625,275.9440572558462,273.12514472056625,273.12514472056625,1015961
2017-12-11,275.76788330078125,277.48566244057577,275.0191339721394,275.72384871079436,781079
2017-12-12,271.40740966796875,276.8690160846786,270.4824413326104,276.8690160846786,571039
2017-12-13,271.27520751953125,273.301282015708,268.45629554967616,271.407338137432,734023
2017-12-14,271.4513854980469,274.7547855168041,268.192046942756,273.0810682172614,492675
2017-12-15,269.513427734375,274.5345800202202,268.10397157438433,272.11208648631566,1258942
2017-12-18,271.23114013671875,272.5525000531527,258.1496715873952,269.55742295252963,718596
2017-12-19,275.9440612792969,276.7368720404221,271.23120441713206,271.23120441713206,602188
2017-12-20,281.05322265625,283.34358505172884,275.8558794131744,275.89994087034063,1370296
2017-12-21,279.203369140625,284.53284353721585,277.97007834324194,282.7710302645396,706780
2017-12-22,279.203369140625,280.2604409743485,277.4855904465108,279.2474037191871,270562
2017-12-26,280.8771057128906,281.71395094515077,278.41055083142646,279.15932690049846,401190
2017-12-27,279.82000732421875,283.3436341172406,276.076153856633,280.8771061153809,436788
2017-12-28,279.6438903808594,283.652005796465,278.5427568179849,281.89019209586587,518455
2017-12-29,284.0924072265625,286.55893520271593,279.86406587225986,279.86406587225986,749478
2018-01-01,282.50677490234375,285.369721529985,281.0092228361687,284.0923961274746,346559
2018-01-02,286.91131591796875,287.96838780220196,279.90809707119337,282.8591398205622,880910
2018-01-03,282.6388854980469,288.8933276796049,281.66988286995155,288.056455663719,1160639
2018-01-04,284.84112548828125,285.413709343362,282.066275357403,282.066275357403,1060147
2018-01-05,288.0124816894531,288.93742305267614,281.581846083091,283.74007844146666,1392301
2018-01-08,284.6650085449219,288.9374116239158,283.78410180216605,288.9374116239158,1294585
2018-01-09,285.2817077636719,286.867329446099,282.5949255622068,285.14957710399386,503640
2018-01-10,283.3436584472656,287.4398695692573,281.22948756654165,285.41379474255126,694363
2018-01-11,278.6307678222656,282.90317053082896,276.6927892861157,281.8901332411213,1244144
2018-01-12,275.4595947265625,280.5688439254797,272.6847165218826,279.90816375925016,1619595
2018-01-15,274.3143615722656,278.1463113812242,273.30132416793293,275.8559484128583,612750
2018-01-16,276.29632568359375,277.74981607055497,274.4023820349392,275.19519252936044,608077
2018-01-17,273.7417297363281,276.82490287897383,269.02887398451384,276.1201883424808,1510355
2018-01-18,273.9619140625,278.8068996809686,270.92277596675314,278.0140892291184,953935
2018-01-19,276.69281005859375,277.9260741074823,273.2572791784256,276.60471400871455,488384
2018-01-22,278.6748046875,280.4806524409228,275.2833089446745,276.6927648630983,468259
2018-01-23,276.4725646972656,281.5818126474027,275.4154659364119,280.21641805751005,599429
2018-01-24,275.4154968261719,277.83799044861775,273.9620060293326,275.50359287998,532453
2018-01-25,270.8348083496094,275.63573431404865,268.14802646051476,275.41550761247413,1701755
2018-01-29,273.6976623535156,274.8428300588409,269.6454870465343,271.53943065909516,781405
2018-01-30,277.8820495605469,279.071252185877,271.75973679521036,273.6977424299885,1182868
2018-01-31,272.552490234375,277.79389513399457,270.92280768618895,277.3974764200909,721880
2018-02-01,273.6976623535156,275.327317884217,269.5573910192478,271.0989774057958,853132
2018-02-02,268.2360534667969,275.6797248170771,265.8575949488125,271.4073225297309,1147132
2018-02-05,260.21978759765625,268.28007709480966,259.4710116589842,264.27196307476277,1283740
2018-02-06,263.5673522949219,264.7125204988971,250.30968746783563,254.58209126183448,2142356
2018-02-07,264.580322265625,267.79562621693094,263.2589622678441,267.79562621693094,1609320
2018-02-08,264.360107421875,267.79563819311943,263.6113313463519,265.76956352583505,1187715
2018-02-09,261.80548095703125,263.8315556057565,259.074664821212,262.59829160726554,622959
2018-02-12,273.1251220703125,274.53457822106634,265.94573756623714,270.17410601849866,3514638
2018-02-14,278.0141296386719,279.64381223293145,275.72376709131805,277.4855802995693,2266519
2018-02-15,273.0370178222656,281.0092119858509,271.0990125035913,278.9831375116214,1559501
2018-02-16,272.41534423828125,276.544862373625,269.2182883232067,276.544862373625,879423
2018-02-19,272.5041809082031,274.54673028788403,269.21831232168836,273.1258134098848,577585
2018-02-20,273.92510986328125,276.05647172338206,271.21648101666995,272.54858556695,557860
2018-02-21,272.593017578125,276.18968918501616,270.1064060446771,276.18968918501616,480362
2018-02-22,268.99627685546875,272.63736764171455,267.48657479406285,272.1045204605046,582185
2018-02-23,272.3265686035156,272.81502320048816,266.68732057742386,269.085119612687,901694
2018-02-26,272.8594055175781,277.47737863228826,269.9731790963181,272.9482179047332,2912742
2018-02-27,277.6105651855469,279.6531144454931,272.28214753170425,273.4810469241656,959055
2018-02-28,273.6586608886719,279.2979086619713,272.50418116891905,274.3247131350836,1018294
2018-03-01,277.2109069824219,278.7206360710234,271.79367726075594,273.7474411281542,824485
2018-03-05,273.969482421875,276.18965650957256,270.8168460580383,275.2571942334334,707255
2018-03-06,274.8575134277344,278.3209790974308,272.06009989073846,274.99071843392835,643097
2018-03-07,271.3052673339844,277.0777198304521,270.72802750468435,275.74561540819036,834538
2018-03-08,269.3515319824219,274.10271034739065,268.46346227314683,272.5485883561593,401183
2018-03-09,274.05828857421875,276.63368503704186,268.72987088490174,270.06197530723097,856594
2018-03-12,274.8132019042969,277.2553937783473,271.616145303374,275.4792542335834,444257
2018-03-13,274.9019775390625,277.0777592456287,272.94824036952696,273.7031050698706,1099876
2018-03-14,270.15087890625,276.0121186621753,268.285926664936,273.5255337415853,1042434
2018-03-15,267.3978271484375,269.7955993917636,266.7761674362381,268.99634197732155,1628521
2018-03-16,267.531005859375,270.5948572650984,266.0212764793906,267.3978008203734,2642597
2018-03-19,269.30712890625,270.8612508372836,266.5985272385715,269.0851114875309,1182981
2018-03-20,283.2498779296875,283.960322939975,268.1970837462782,268.552306251422,3252553
2018-03-21,289.33306884765625,291.2868328354166,280.8520148908552,283.96025853391603,3191086
2018-03-22,286.8021545410156,290.84286131554336,285.2924250308956,289.15553410535836,1363825
2018-03-23,289.11102294921875,291.02039410886596,281.96207411548704,283.16097339427705,1256743
2018-03-26,292.7521667480469,296.43765052684677,290.3987874990592,290.3987874990592,1568176
2018-03-27,289.1998596191406,293.95103739619316,285.55876884131845,293.1961728163698,973104
2018-03-28,289.55511474609375,294.97234533460363,287.77897534669614,288.7558574367121,1374259
2018-04-02,291.5976867675781,296.9261048826486,288.3118180892569,290.6208046928013,1249922
2018-04-03,288.6226501464844,291.9529114943284,284.7151489186946,291.1536541911931,1112660
2018-04-04,289.3774719238281,291.68645820318653,288.2229652332828,289.51067693765543,841290
2018-04-05,287.51263427734375,292.8854464092425,284.2267647591912,291.99737649641673,1263348
2018-04-06,284.759521484375,288.1342023399515,282.67255243319676,286.89088317636663,662451
2018-04-09,291.4200439453125,293.2406029496095,284.7595217138865,284.7595217138865,1684842
2018-04-10,288.0898132324219,294.61713112841005,286.7133160000225,291.7309045235349,1232727
2018-04-11,285.1147155761719,288.8002258563112,284.3154584088366,288.71141348177804,956091
2018-04-12,284.0046691894531,286.8908956125237,282.93900184812986,285.4255860796196,730620
2018-04-13,280.67437744140625,284.62629787822436,279.65310285376535,284.62629787822436,1633554
2018-04-16,283.383056640625,284.13792133247745,278.14345064699677,278.14345064699677,741956
2018-04-17,284.04913330078125,286.7577353724984,283.4718933463526,286.7577353724984,794361
2018-04-18,283.3385925292969,287.2017006754215,281.91770286327085,284.6263042785828,1152263
2018-04-19,284.4486999511719,286.40246403489465,283.64944268118893,283.9602724811087,868756
2018-04-20,281.42926025390625,284.3154865506602,280.1859681925745,284.0046567598937,544868
2018-04-23,281.47369384765625,284.71514273548206,280.63001681716355,282.3617635211283,484381
2018-04-24,280.8076477050781,283.9158916298895,279.3867307762457,282.09533249860107,1260701
2018-04-25,287.0241394042969,288.62265403208767,280.2303844818446,281.34047161273725,1389620
2018-04-26,283.6938171386719,289.288644237179,280.8075912176563,288.17855734448074,3610030
2018-04-27,285.1591796875,287.9565937593407,282.85019309899775,282.85019309899775,1158920
2018-04-30,295.3276062011719,296.6597109239588,285.6920703877382,286.8465503067909,1936196
2018-05-02,281.6512451171875,308.8705707041735,277.34410249013456,295.72715254295673,7061933
2018-05-03,277.1665954589844,281.6957569485315,270.46165207589064,276.18971323939735,3585505
2018-05-04,281.3848571777344,291.64205018049324,278.853853406406,278.853853406406,4073638
2018-05-07,284.2266540527344,286.3580426947334,278.1433992007037,283.2941918481591,2301610
2018-05-08,283.2498779296875,285.20361525884823,281.695755755661,284.04913534169594,1495953
2018-05-09,280.0083923339844,283.4274664261448,277.1221655331036,283.0722439325381,1430414
2018-05-10,279.8751525878906,282.5837813570238,278.8538778822359,280.2747947822378,1252574
2018-05-11,275.2572021484375,281.0740475847743,273.9694902998511,280.2747903105675,1475765
2018-05-14,277.566162109375,279.2979087915429,274.9019531224922,275.5680053692129,396217
2018-05-15,277.3885498046875,279.7419288652708,274.8131533402429,278.1878070382415,1121176
2018-05-16,282.5837707519531,285.07035490733574,275.3015888513211,276.589300672126,3139692
2018-05-17,285.1591796875,287.6457639509727,281.7844986422318,283.9158875557637,3069877
2018-05-18,282.5837707519531,286.3580667281406,280.7632117259278,286.3580667281406,853748
2018-05-21,275.0795593261719,283.69384530960576,273.52543752206924,282.8501683466852,1274274
2018-05-22,277.8326110839844,278.3654583243674,273.8806900780247,276.18967671852687,562513
2018-05-23,275.6568298339844,279.2535283849104,274.8575725232463,277.9658164774672,463529
2018-05-24,278.8982849121094,283.6050706923042,274.7687661316909,275.8344606370995,3522416
2018-05-25,282.18414306640625,282.85019533170856,277.83260702011177,277.83260702011177,889468
2018-05-28,284.04913330078125,287.15737762650116,281.07409402581567,283.20545614310424,801486
2018-05-29,284.7151184082031,286.2248204630688,282.22850727390676,283.427406651002,564273
2018-05-30,282.8502197265625,286.84653366304457,280.4968402732041,284.18232437205654,948210
2018-05-31,285.8252258300781,287.2905353504676,279.74194323152176,283.2942218757316,2225475
2018-06-01,288.0898132324219,291.95292195467914,286.0472637065897,287.29055590065,1586563
2018-06-04,286.53570556640625,289.73276215536487,284.00470130424156,289.06670982857094,1449007
2018-06-05,289.910400390625,292.13057491620265,286.0028715442165,286.8021560548163,2165106
2018-06-06,297.85858154296875,299.2794985290327,288.5782691404254,289.99915902475203,2086409
2018-06-07,296.61529541015625,300.96683174881997,295.06117335336654,298.43582755027194,854455
2018-06-08,305.18511962890625,307.2276960168586,294.7503015892475,295.1055240170593,1494578
2018-06-11,310.5135498046875,313.39977618673055,304.1638571845397,307.2721009805861,2464534
2018-06-12,303.9862060546875,309.9362830747526,303.00935119916187,309.0482134957419,1186114
2018-06-13,299.3238830566406,305.67360312511175,298.48023309841994,304.03066875146357,718879
2018-06-14,305.62921142578125,306.25087111666517,295.3720162383706,296.70412091734545,1294847
2018-06-15,300.70037841796875,307.4941055830673,298.03616956093134,307.2720881783142,1366877
2018-06-18,300.21197509765625,304.20828906518346,299.10188788445424,301.8993293431142,430123
2018-06-19,296.9705505371094,300.3896248582835,293.90672583507603,300.1676073971909,1267306
2018-06-20,297.85858154296875,298.87985631048,295.7272196147415,298.30261640725513,940278
2018-06-21,297.7254333496094,299.27955567134484,291.90858635752505,298.1250756444669,1154226
2018-06-22,296.21563720703125,299.1018637282578,294.1730877403963,297.4145367208111,800499
2018-06-25,294.12860107421875,297.2812366566225,292.5300598662608,296.6151845954053,677808
2018-06-26,302.6542053222656,306.8281446135667,293.32947154963915,293.32947154963915,2227683
2018-06-27,298.12506103515625,303.8975150901577,296.52651903580346,302.7874277718882,1154217
2018-06-28,295.3719482421875,299.4570737376407,293.28497930521036,295.0611184683002,1252925
2018-06-29,294.5283203125,297.7253767584414,291.64209369217207,296.61528959677685,1240526
2018-07-02,296.1712341308594,297.4589459895138,293.7290425450727,294.5282998255285,706904
2018-07-03,302.6542053222656,303.89752484000945,293.06306142540376,296.8373584286097,1593709
2018-07-04,305.3627624511719,306.65044721585303,299.9011393831096,302.74294607538695,1001539
2018-07-05,307.0057067871094,310.5579855947046,303.89746283046355,305.3627724182493,1141426
2018-07-06,308.2933654785156,309.4922648948684,303.7198123215064,307.27209082819076,1322634
2018-07-09,308.64862060546875,310.780009616655,306.117643582725,309.04826282050044,520788
2018-07-10,311.09075927734375,313.1777281854932,307.2720709701419,307.2720709701419,1108559
2018-07-11,304.65234375,313.7106668391296,303.497863813935,311.71250972550456,805862
2018-07-12,311.6236572265625,314.55430354384515,304.3415018327039,305.4959816202251,4096170
2018-07-13,315.1758728027344,325.21107481728353,311.66801439772314,314.8206504087971,4665729
2018-07-16,312.3785705566406,319.3943169696896,310.46922579448204,315.4868150397913,1904712
2018-07-17,309.0038757324219,314.1102767185619,305.9400243000428,314.1102767185619,2282929
2018-07-18,310.2027282714844,316.81885822579375,307.3609215575503,311.5348327910042,1495189
2018-07-19,307.2720947265625,312.86692260487837,302.476524102044,310.7799806371116,1315209
2018-07-20,312.0233154296875,313.31100031995675,306.6060844762333,308.60424143516605,2540295
2018-07-23,312.6449279785156,315.6643866489272,306.87247491126703,314.28786234877214,1435129
2018-07-24,313.9770202636719,316.28600682069373,309.9807067578887,313.8882349782651,3123945
2018-07-25,317.973388671875,320.0159655218841,313.488646915061,315.5311966633299,4468795
2018-07-26,323.701416015625,324.6338783897899,316.19721596962955,316.5968581881216,2664805
2018-07-27,320.7264404296875,332.8041965452056,319.17231809758846,324.1455149806539,2964350
2018-07-30,323.0797119140625,326.45439267886314,320.5931278572482,321.65882222544496,694782
2018-07-31,323.3461608886719,325.9215574206956,319.0390177203948,324.05660575897684,2971376
2018-08-01,327.25372314453125,328.5414352024851,323.34622142285497,324.58951372951475,2772483
2018-08-02,312.0676574707031,328.8965875253562,309.403448624166,328.09733029174186,6861034
2018-08-03,313.0445556640625,316.50802192340296,306.65044326086837,310.8243815104167,3304951
2018-08-06,322.3249206542969,323.34619542760043,314.376685697796,314.5987031311984,2142413
2018-08-07,321.21484375,324.58949800484066,318.5506344640506,323.2573933618659,1358288
2018-08-08,321.1703186035156,323.74571464776034,319.26097466218226,322.369217809102,994845
2018-08-09,323.03533935546875,326.05477078408,319.705078125,322.1028770516316,970281
2018-08-10,324.1454162597656,325.8327431432367,322.54690176000025,323.03532921778014,1449246
2018-08-13,319.3054504394531,324.1898337993219,318.50619312818554,320.77078712880297,683166
2018-08-14,323.56817626953125,324.50063854367664,320.1491027614408,320.9483600109561,1019899
2018-08-16,322.63568115234375,328.40813366529375,320.77075663723934,323.2573407252012,1137343
2018-08-17,329.6070251464844,330.3618897234572,322.68009313813747,322.68009313813747,989961
2018-08-20,323.4793701171875,329.9178750817712,322.458095439704,329.34063522943137,1220215
2018-08-21,321.79205322265625,323.34617515905484,319.2610492201742,323.2129701277107,1608928
2018-08-23,339.15380859375,341.28517042565164,321.30360243581873,323.30175923480203,4053955
2018-08-24,336.31201171875,344.43784418600285,334.1806227225801,339.5534607562978,3633982
2018-08-27,334.8022766113281,343.105733719516,332.40447758270096,336.97805821514675,1355792
2018-08-28,329.91790771484375,337.46650048893844,326.2768163681682,335.24632614361644,2112354
2018-08-29,327.43121337890625,332.9816473790794,325.92148449016776,331.24990113033397,796953
2018-08-30,328.7633361816406,334.891010244959,326.67636745888717,329.38496856387286,1990690
2018-08-31,328.09735107421875,332.98173426892544,322.191666075594,330.00669544816606,3577081
2018-09-03,320.5931396484375,332.7597045422715,319.2610351900645,331.33878769966003,1996863
2018-09-04,314.8207092285156,323.7457988892218,313.5774170665783,322.28048930187646,1199723
2018-09-05,312.6449279785156,315.1759320514258,307.4941345438192,314.73189720009896,1405367
2018-09-06,316.419189453125,319.039005628836,310.95756680216385,315.08708504548895,1289898
2018-09-07,317.4405517578125,320.8152060604519,313.48863042031695,315.2647699694406,1008907
2018-09-10,305.8955993652344,319.172224266748,303.764210540694,319.172224266748,1991897
2018-09-11,299.235107421875,305.4071758061484,298.08060050775185,304.60791846667087,2588237
2018-09-12,305.8067626953125,311.6236075542014,299.7234807036475,299.7234807036475,3191229
2018-09-14,307.6273498535156,312.644938420747,306.33966500270157,308.07138471967306,1339073
2018-09-17,304.47467041015625,307.09445949174386,302.21007664955647,307.09445949174386,343467
2018-09-18,306.02880859375,313.1333658351523,304.60789172512256,305.58477376616236,1985724
2018-09-19,305.62921142578125,314.02148174401844,303.89749160415744,308.29342078373094,1381822
2018-09-21,299.989990234375,312.06774584602283,284.1823574423414,307.2721739845316,2440850
2018-09-24,295.2831726074219,305.8511965224981,293.2406231563958,303.63102229236716,1640077
2018-09-25,294.5283203125,298.5690538420015,290.84283635612104,297.4145469328279,2992229
2018-09-26,301.67724609375,307.8493133917588,296.348828632701,296.348828632701,2638508
2018-09-27,299.0130310058594,306.4728098723778,297.01487450044914,301.58842730359726,1591531
2018-09-28,295.7716369628906,302.29895543340024,293.373864756528,299.3683359250439,1776744
2018-10-01,295.9491882324219,303.63098469717795,291.77525035589264,296.6152404189915,1903650
2018-10-03,290.5764465332031,296.9705327690607,288.80030695073054,293.063031107969,1172993
2018-10-04,278.8982849121094,289.24431883842874,276.18968310499,287.7345894727227,2029729
2018-10-05,273.1702880859375,279.25357190764873,270.1952487028789,278.09906485510476,2085811
2018-10-08,275.0795593261719,277.7881607726289,269.39591929151453,272.5485555391437,1964565
2018-10-09,261.62530517578125,279.56429453273125,257.5401796642093,276.1896409502382,2916992
2018-10-10,267.9750061035156,270.0175553756244,258.65027515376613,261.7141261636631,2137143
2018-10-11,271.52728271484375,273.170216910407,251.2793064880035,261.0924648181981,2424170
2018-10-12,279.69757080078125,285.9584515229332,272.148978136356,273.170252900019,4795317
2018-10-15,280.0083923339844,282.22856679620037,276.27851549850493,282.22856679620037,1358081
2018-10-16,282.4061584472656,284.2711101969815,279.51993198514737,280.6300190859621,712867
2018-10-17,279.5643615722656,289.06671925164846,277.0777769785386,283.29426556459555,2426967
2018-10-19,275.3016357421875,281.20729444340594,272.99264886077617,278.942727312674,2184763
2018-10-22,276.100830078125,282.40612958672875,275.30157286756577,275.30157286756577,1387560
2018-10-23,276.6781005859375,282.5837856953062,272.63739434432995,273.525464032748,1303467
2018-10-24,269.30712890625,278.3210306858977,267.2201597499435,276.18966888654165,1983217
2018-10-25,264.2451171875,273.08142116844124,262.069362775817,266.42089870091826,4219123
2018-10-26,266.7317199707031,268.3746542138173,262.86861164276826,264.333921118403,1191133
2018-10-29,269.4847412109375,271.3496657604859,264.3339210739785,267.3533524084803,1346603
2018-10-30,277.74383544921875,279.03154752541076,269.30717218217615,270.86129436294715,2404498
2018-10-31,285.3368225097656,288.8891017920621,276.36733900335923,280.6300633014189,4112882
2018-11-01,284.1823425292969,289.022333891195,282.0509803806752,288.356281525892,4859483
2018-11-02,300.21197509765625,306.73929333163176,285.869653723434,285.9584661208379,3203978
2018-11-05,302.9649963378906,307.2721401387966,293.5958711136603,298.213817652391,1672884
2018-11-06,297.5477600097656,304.0750781170283,295.6828352091803,304.0750781170283,1365772
2018-11-07,301.6328430175781,303.27577724584535,297.05928986452494,299.19065154634507,144546
2018-11-09,302.34332275390625,305.49595916623593,298.08057217891786,302.609732807834,1929946
2018-11-12,302.9239196777344,311.76775601489214,301.8072729871366,303.54922546733985,1386925
2018-11-13,301.6733703613281,306.09527621121214,300.154719506687,301.04803712426644,1608732
2018-11-14,310.6958312988281,312.6164858304135,301.27134210223824,302.96863998564794,2075090
2018-11-15,309.5345764160156,313.64384320032383,304.5319919508531,313.10784713943286,1513692
2018-11-16,309.6238708496094,314.3584429991106,307.30123974797374,310.785172769483,1595773
2018-11-19,314.9390869140625,317.1277257855063,310.2491698425867,311.7678205609625,2669674
2018-11-20,313.643798828125,316.41308869937143,312.1251480807643,315.34109672924757,1709189
2018-11-21,314.8050842285156,316.23439769306503,312.75046486577304,315.34108018545754,485221
2018-11-22,316.27911376953125,318.3784157703762,312.21452922938477,315.3411411100796,1840579
2018-11-26,321.7729797363281,322.9342816008155,315.7430865114166,318.3783568229494,2519483
2018-11-27,325.9715881347656,328.2942193567423,321.5050001163066,324.09561571463485,2331514
2018-11-28,321.147705078125,329.85755243420766,320.165050180445,325.83762288524645,1715699
2018-11-29,321.5943298339844,325.12294519108514,320.29900843406404,323.3809649997287,1874970
2018-11-30,318.69110107421875,325.4356390499388,315.74316346168143,324.2743369024286,3014933
2018-12-03,321.728271484375,326.50752525442965,318.9143269926987,319.8076444352553,1852845
2018-12-04,320.0756530761719,324.8995894419108,317.5743749517706,322.1302997072536,1876924
2018-12-05,317.6190490722656,320.61166836495556,315.0731158236004,319.80768800948823,1211028
2018-12-06,313.8224792480469,316.59176941284665,312.3485105792975,314.80513411451017,2844318
2018-12-07,316.9937744140625,319.76306458894663,313.82248039083225,313.82248039083225,979854
2018-12-10,309.3111877441406,316.7703944027666,307.70322713138074,313.5544459153599,895180
2018-12-11,320.3883361816406,326.373574714858,309.8471999198508,309.9811921009462,2190376
2018-12-12,332.939453125,334.63675097345015,318.2890238767672,320.70099210375093,2146000
2018-12-13,334.4134521484375,337.40607158887957,330.70618952604946,333.564789515723,2718867
2018-12-14,332.4034118652344,335.66401494122886,330.8401064064263,333.2073920773875,1077113
2018-12-17,336.6467590332031,340.5773512078798,331.06352376750016,334.4134649269219,1440922
2018-12-18,341.336669921875,342.98931298029487,334.5921054968405,335.88742695768343,1358797
2018-12-19,352.1457824707031,352.8604255924645,340.1753057170436,342.1406151947187,2437280
2018-12-20,339.90728759765625,354.28970390501945,339.01397015324716,351.0291006853033,2589922
2018-12-21,337.80804443359375,344.6866008470683,334.77077005095305,339.46068744326124,1701786
2018-12-24,330.97412109375,343.39122841655,329.50015272749096,338.5673195533907,1478480
2018-12-26,328.5175476074219,330.61684942112527,322.1749871910393,329.6341946081269,1225256
2018-12-27,336.6467590332031,338.56738651222673,329.36622569910463,330.52752772961446,1841056
2018-12-28,337.7633361816406,340.934602251467,330.6614514887415,335.2173759750229,1452608
2018-12-31,333.56475830078125,338.38866748222017,331.7781232512196,338.38866748222017,842223
2019-01-01,332.5821228027344,336.6913891067223,329.6341857052479,335.3514127420668,877238
2019-01-02,333.073486328125,337.3614000799426,329.8575373833164,333.5648001236011,1160137
2019-01-03,337.7187194824219,340.7113389985404,333.6094801894849,333.6094801894849,2388605
2019-01-04,338.433349609375,342.31928629332947,335.0834088924983,339.8179808675958,2011585
2019-01-07,345.5352478027344,349.4658671776888,339.505353810295,340.17534203167713,3660860
2019-01-08,341.1133117675781,349.6444834615139,339.68399823583866,343.1679312269055,2451013
2019-01-09,342.81060791015625,344.5525880277448,338.1206907986818,343.0339372964169,1277868
2019-01-10,345.8031921386719,347.36649768427,342.8552281812701,344.01655722941695,1236628
2019-01-11,340.7560119628906,348.39386659502566,339.50534550406326,345.847905963684,1498377
2019-01-14,341.336669921875,342.6766463592062,335.4407681452397,341.2473327070082,1027469
2019-01-15,340.7560119628906,344.01661577479945,339.1927061512463,342.22998056149163,911485
2019-01-16,339.81793212890625,343.8378604125965,337.6739758299815,342.2299000038738,884665
2019-01-17,339.63934326171875,342.49794306329784,337.85270816252375,339.8179904145054,986391
2019-01-18,338.8800048828125,341.7832868075493,335.21739761769015,341.3366280498975,1112430
2019-01-21,338.5673522949219,342.49794407235333,336.602042775262,339.4606698471512,508883
2019-01-22,335.4854736328125,339.41609358362837,331.0188848358804,337.495438591432,1143741
2019-01-23,336.3787536621094,337.89740458748383,334.99412219512607,335.8874398543131,720808
2019-01-24,334.0561218261719,337.27204332276324,330.2148398534157,336.37872573773467,904818
2019-01-25,330.4381103515625,335.9320070678643,328.5174833384663,335.7086777114139,1340306
2019-01-28,326.1949157714844,331.59950360172337,323.7829746116952,329.63419397947473,1317448
2019-01-29,326.5075378417969,328.5175021650364,319.8076567643318,324.8548950569783,1136235
2019-01-30,326.8648986816406,330.6614984153645,323.02364397345207,328.20487505824906,1786445
2019-01-31,327.6242370605469,331.77815854022487,323.5149705571027,327.8922214417299,3594106
2019-02-01,336.2893981933594,338.56734701123924,328.16020314255894,328.2941953209246,2559709
2019-02-04,328.5175476074219,343.614609604576,323.3809714041787,336.78073541263916,2084615
2019-02-05,324.720947265625,330.0808528601057,320.0756848456525,327.84755886240544,2212876
2019-02-06,326.0162048339844,329.5894745304275,322.48759010399306,329.5894745304275,1975403
2019-02-07,329.1428527832031,330.92948783207515,323.2022694361938,328.6515117876309,1102826
2019-02-08,325.83758544921875,332.3141378673321,324.4529541128604,327.8475499927712,1243996
2019-02-11,323.6936340332031,327.7135631862698,320.5670224697068,326.19491237924444,363715
2019-02-12,322.388427734375,326.61913992641576,318.87785137841206,325.67396679225857,1274113
2019-02-14,310.5513916015625,315.27717364767324,308.84111406942424,313.25183848505435,1158991
2019-02-15,305.42059326171875,312.3517526516476,299.3896104852501,312.3517526516476,1386168
2019-02-18,304.7454528808594,305.73562233965305,291.8733323276489,305.4205646749865,1913033
2019-02-19,301.2799377441406,305.3756054734692,300.1997477535799,304.16039860168155,870293
2019-02-20,299.7946472167969,305.15054535798345,298.12939335559395,301.59494541949886,1899200
2019-02-21,303.12518310546875,304.8804846862089,298.03934662613216,301.45990192098645,2342156
2019-02-22,305.7356262207031,308.7511311001576,302.2250503407519,303.3502366785805,2645863
2019-02-25,306.0956726074219,309.60627586888893,301.6399513046173,306.9508251906754,1400061
2019-02-26,307.3108825683594,309.9663332746798,299.839656383343,304.0703404690578,2639580
2019-02-27,305.42059326171875,311.6316443253256,300.69481026050505,309.11121024245523,1340797
2019-02-28,305.7806091308594,308.6160728276886,302.8551250450077,307.3108458627776,2406609
2019-03-01,301.4149475097656,308.57111674958145,297.859347389283,307.8510084197892,1822470
2019-03-05,302.135009765625,303.3502164234125,298.93949176770946,302.3600470181646,2441292
2019-03-06,303.2152099609375,306.8158061250089,299.749630658945,303.2152099609375,1505810
2019-03-07,304.0704040527344,305.690689176385,301.7750344655313,303.3052991705833,1253611
2019-03-08,301.1448974609375,303.3952704130305,298.9845449210028,303.35027394213785,1399038
2019-03-11,313.07183837890625,313.65695725597436,301.00984622629096,303.71029346062437,2776482
2019-03-12,315.8623046875,317.752623237662,313.7469488687561,316.31237922466386,1698262
2019-03-13,308.6611328125,316.5824616805435,304.92551939735216,316.3574243968554,2055660
2019-03-14,311.9017028808594,313.7020013101861,305.7356752663405,308.6611602139964,1462370
2019-03-15,304.83544921875,313.16182735574574,303.3052124217386,312.75677679346353,1988067
2019-03-18,306.9958190917969,307.80597520405996,302.4500774281228,304.83546688995546,1559631
2019-03-19,306.2757263183594,310.32639720280497,304.1153740073957,307.3559162090262,1840569
2019-03-20,305.0155334472656,310.46142461085634,303.7553301789539,307.76097726288657,1830509
2019-03-22,305.7356262207031,309.8313209726208,304.2503857488433,304.475423016409,1718938
2019-03-25,300.9197998046875,305.15051109413963,297.4992445917792,304.9704703059371,1741857
2019-03-26,304.3404235839844,305.150552299555,297.63430163822034,300.649806690417,1157761
2019-03-27,303.35028076171875,308.30110136762215,301.45996194539,304.6104841491467,2083168
2019-03-28,303.8903503417969,306.9508518752175,300.6948044632192,302.81016040276785,2680016
2019-04-01,313.2518615722656,324.05364990234375,311.7666211709535,312.66677019846003,1521558
2019-04-02,311.8566589355469,314.9621567711733,310.05636078027254,314.9621567711733,1512017
2019-04-03,319.4628601074219,324.05362529314806,317.4825488795168,324.05362529314806,5552671
2019-04-04,319.4179382324219,322.6134567954103,318.4277686520794,320.7681619864236,1515780
2019-04-05,321.1282653808594,321.8033773613377,315.4123117854008,319.5530040930766,1433076
2019-04-08,323.4685974121094,324.863817584314,320.4980887820375,322.2533905848241,982984
2019-04-09,320.45306396484375,324.05366018916783,318.74278625236366,324.05366018916783,1872390
2019-04-10,323.5135803222656,326.3040480200978,320.8131330283062,322.25337707915867,1602144
2019-04-11,322.658447265625,324.05366734521346,320.9031455793572,323.9636469435436,477415
2019-04-12,324.1436462402344,327.65422169287046,321.17313818772215,321.35317896800757,1169374
2019-04-15,325.0438232421875,326.9791381805658,318.96781723332634,324.9538028442788,2102597
2019-04-16,327.6543273925781,331.56998212884463,324.9538796393426,325.8540288904211,1295496
2019-04-18,329.5445861816406,331.61491809319597,326.0790067032805,326.0790067032805,1782666
2019-04-22,327.9693298339844,329.85964843664584,325.9439943604979,329.45457035380036,599607
2019-04-23,326.8441162109375,332.4250236792662,324.9987942289381,328.55439386300003,1567850
2019-04-24,326.66412353515625,328.73448307818757,321.21823212422316,327.2042185233545,998259
2019-04-25,320.85821533203125,328.41946363649345,320.003062545237,327.6543312699473,2450422
2019-04-26,323.0634765625,324.2786832289792,319.6879177502622,320.453049908443,956639
2019-04-30,323.5135803222656,329.9046444120437,320.0930247380652,323.0635057732724,1664625
2019-05-02,319.7330017089844,326.75415436842104,318.517794814366,324.2337476369241,504501
2019-05-03,320.4980163574219,321.48818567702546,315.4572043128318,319.55287096665256,897440
2019-05-06,305.6906433105469,320.3630628183011,303.84532115245935,320.2730424132091,2366260
2019-05-07,323.5135803222656,330.6697766394063,315.99732986000447,316.582448749992,18534665
2019-05-08,319.6879577636719,323.963666127671,311.5416191319905,323.51359156303954,5316216
2019-05-09,320.1380615234375,321.7583465860963,315.1872408609988,319.64299044534323,1523568
2019-05-10,321.4882507324219,322.8384744040997,318.20271195874665,318.20271195874665,715946
2019-05-13,316.3123474121094,320.633079016554,312.9367887228715,319.91294334729645,2160599
2019-05-14,317.66265869140625,320.2730859718791,313.29692941920837,315.95238064353606,1561056
2019-05-15,319.59796142578125,322.1183956597558,316.4924631781699,317.66264614619035,3339966
2019-05-16,316.9425048828125,321.1731891876594,314.24205757191726,319.5979282563038,938992
2019-05-17,324.4587707519531,325.5839571847586,316.58246572231434,316.8524994780389,807407
2019-05-20,327.1592102050781,331.9299895755752,325.35891195653267,328.5544303595524,2073389
2019-05-21,325.2688903808594,329.00450373908944,323.3785717326071,328.5544291785709,4039362
2019-05-22,327.51922607421875,330.1746491981857,325.5388872441688,327.2041684234788,2238254
2019-05-23,324.7287902832031,332.5150745630713,322.7484512600637,330.3547222007915,1937561
2019-05-24,326.8891296386719,331.02982085933434,323.1535164881061,328.1943567797661,2513710
2019-05-27,329.00445556640625,330.894773937879,325.76391371107684,326.97912034062125,708539
2019-05-28,330.71478271484375,333.4152300872628,328.55443031098275,330.57976584029706,3298421
2019-05-29,330.26470947265625,332.5150822919989,327.654282496293,331.88499438480574,2834826
2019-05-30,328.1043701171875,330.8048176078639,324.7738072238709,329.3195769820664,3275949
2019-05-31,334.810546875,337.5559912826145,329.9047221468752,329.9047221468752,2211020
2019-06-03,339.7612609863281,341.6965758989205,335.2154919210079,336.6557358572516,2949392
2019-06-04,339.04119873046875,340.5264394516349,336.6558087879445,338.501103703579,750693
2019-06-06,337.42083740234375,342.4616769865498,335.3504783473912,341.1564500286369,1949514
2019-06-07,336.5207214355469,338.81609048123863,334.2253249194867,337.28585360756693,554298
2019-06-10,339.7162780761719,341.8766305062327,337.0608546099787,337.5109291775069,2323261
2019-06-11,339.26617431640625,342.05664188904865,338.50104212337004,340.21134730911064,814759
2019-06-12,338.3210144042969,341.1114818582526,337.1508041969642,338.8160853767739,758062
2019-06-13,339.4011535644531,341.0214381707802,337.6008556487783,337.64587957888983,888567
2019-06-14,332.2000427246094,340.7064634338954,331.25489707707663,338.5461109035542,479642
2019-06-17,330.21966552734375,334.3603564136839,329.18449967335056,331.9299431300761,705722
2019-06-18,328.5994567871094,330.1747178982084,324.72882618798695,330.1747178982084,783301
2019-06-19,327.6992492675781,332.5150521586252,326.3040292341726,330.1296626803664,721336
2019-06-20,330.3547058105469,331.07481407212236,324.5937573068346,326.3040350308535,724208
2019-06-21,332.4250183105469,335.1254653397808,329.2295003141005,330.6247202910576,2543721
2019-06-24,332.5150451660156,335.7555871581302,331.34486241875925,332.1549910491958,2449869
2019-06-25,334.2703552246094,337.060822773792,332.1549994629531,332.6050739879706,1051008
2019-06-26,333.7752990722656,336.5657669751516,331.8850078038849,333.1452111395962,590313
2019-06-27,333.8202819824219,336.655746006855,332.9201329289276,335.2155020271903,708904
2019-06-28,333.5502624511719,335.1255234915681,331.5699507683259,333.9553405639942,818936
2019-07-01,333.2801818847656,340.03129968121596,332.4700532432653,334.0903105262659,1186927
2019-07-02,336.3407287597656,337.5559356220796,332.6501117028898,334.85548813710295,999876
2019-07-03,335.62060546875,338.2310324272078,334.49541906679656,338.2310324272078,1206740
2019-07-04,336.8357849121094,338.0059676869259,334.1803342310818,334.85544601740725,1970504
2019-07-05,340.9764404296875,344.48704361118155,337.6008815785342,337.6008815785342,2242048
2019-07-08,333.9102783203125,340.1213008477836,333.0551257929675,339.8062432076898,1273733
2019-07-09,333.415283203125,339.62630765508305,330.5798185044459,332.42511351475474,1647678
2019-07-10,333.415283203125,336.92585985245995,330.6248149796727,333.5503000991811,1218943
2019-07-11,331.34490966796875,334.8104894110774,330.57977739164,333.9103402554841,440202
2019-07-12,333.9552307128906,336.4306401049673,331.38980093975664,331.38980093975664,764217
2019-07-15,332.5150451660156,335.35050910772776,331.3898588819736,333.955289103663,768836
2019-07-16,331.389892578125,333.0101774741191,329.49957393465075,332.2000212909365,1011458
2019-07-17,335.21551513671875,338.546077753046,331.4349054464131,331.4799019126999,1165902
2019-07-18,333.37017822265625,335.89058436327974,332.28998846503663,333.9552695620474,1067632
2019-07-19,328.5093688964844,335.7105604659232,326.75406746328736,333.5501810187989,1447909
2019-07-22,325.7189636230469,331.61492935382836,324.1886991353289,328.7344686603906,1038927
2019-07-23,325.17889404296875,327.1592332439748,322.6134633640568,326.1240397018648,895039
2019-07-24,324.3236999511719,325.62892709491786,319.4179039864903,323.5585952155652,1214284
2019-07-25,325.4039001464844,329.22953382732135,323.1085309261304,325.7639542929596,1444408
2019-07-26,324.99884033203125,326.7541421665292,321.75832536122283,324.9538438625814,382050
2019-07-29,328.5544128417969,331.61491420707114,324.41372159684,324.86379613497945,1141806
2019-07-30,326.5291442871094,330.4897955397284,323.558662715239,328.55448012348705,824450
2019-07-31,330.1746826171875,332.6500926701174,321.66829000843285,324.4137338062613,1481877
2019-08-01,326.39404296875,334.3153434251067,315.4122138416312,330.0396355431301,5252286
2019-08-02,335.4405212402344,338.32100904456223,325.7639194358769,328.3743460564673,6133506
2019-08-05,336.2956848144531,339.1761452428991,332.65006474216904,335.03548166011,2910617
2019-08-06,339.9862976074219,344.9371172431275,336.6557352279817,336.6557352279817,2145343
2019-08-07,340.7964172363281,343.99193520139033,339.31117687891003,339.71622744709634,1948107
2019-08-08,344.757080078125,345.6122326487116,341.11148747797887,341.15648394153885,2189771
2019-08-09,352.9034118652344,354.6587134402049,344.3069997230416,345.56720285540524,1975249
2019-08-13,353.3534851074219,356.0089356917528,351.1481365012866,355.55886118392505,3730684
2019-08-14,353.5335388183594,355.55887417759885,350.9681085359156,354.658725129048,1247424
2019-08-16,353.0384826660156,354.0736486212775,349.25784551507553,353.2184960010694,1491547
2019-08-19,356.5040283203125,361.6348890094027,352.8584355735802,353.0384763757962,2734988
2019-08-20,355.87396240234375,358.1693316851351,353.983643743966,357.6742606540613,1285694
2019-08-21,354.2986755371094,357.2691564471883,352.4083570168913,353.7585806069943,775279
2019-08-22,352.4983825683594,354.92876858384074,350.6080640205163,353.7585857767982,1200418
2019-08-23,342.1016845703125,352.8584782500118,339.941332034285,351.05817989159334,3743198
2019-08-26,339.3112487792969,345.882326890167,334.90049576393045,343.8569912089624,3980718
2019-08-27,347.3675231933594,350.87809909830327,340.25635098173046,342.056649135073,2762744
2019-08-28,351.9132995605469,353.713597749944,344.4870695292838,347.68258782731556,1411348
2019-08-29,349.9779357910156,352.45334565120777,345.8372721829892,351.37318328534514,1643520
2019-08-30,352.0483093261719,354.29868201750463,349.4378824982998,351.0581398479115,1669135
2019-09-03,347.3675231933594,352.4083635167923,346.5573945184292,352.4083635167923,1243784
2019-09-04,345.792236328125,351.86824213913593,339.26615601259476,347.54753788389746,2673544
2019-09-05,346.46734619140625,347.45751559001087,343.5418619280189,346.60236304795063,2421019
2019-09-06,344.3070373535156,349.1678370926675,342.9568136776195,347.45755926393997,1232781
2019-09-09,348.4027099609375,349.1228457475378,342.28170686187826,342.28170686187826,1733094
2019-09-11,348.1777038574219,351.50826692656574,346.64746668081096,348.44776510297004,1345221
2019-09-12,347.2324523925781,349.57284512247935,345.7021882117751,348.35763856364935,739180
2019-09-13,344.08197021484375,346.82741379610184,340.7514077818436,346.7824173322918,1394423
2019-09-16,342.8668212890625,346.82747223459353,340.7514651965621,342.7318044045142,1315847
2019-09-17,342.1016845703125,343.3619153975037,338.45609138266434,341.6066135098966,2649795
2019-09-18,342.0116882324219,342.95683387305684,337.825972614366,342.77679305085366,1568749
2019-09-19,342.0566711425781,344.3070439790424,340.61642703316664,342.7767794620981,1261647
2019-09-20,342.2366638183594,351.95826211628884,339.6262097189521,343.72190418743645,2409479
2019-09-23,347.81756591796875,350.1579587973199,332.1549789105683,342.23665863529607,3024471
2019-09-24,356.86407470703125,359.15944362173013,345.7922257522616,348.357655843633,2698045
2019-09-25,352.85845947265625,363.6602490483498,345.74728682939894,358.1693338532979,3164971
2019-09-26,349.347900390625,352.72345979763884,345.2972291022084,350.15802915423376,1889683
2019-09-27,352.00335693359375,353.2635878731735,346.55746490185754,349.3479331003372,1594589
2019-09-30,354.8837585449219,356.3240025010676,349.25782705245325,351.6882404453471,1891389
2019-10-01,349.0777587890625,358.1692688595922,341.60653334309137,354.6586933785982,2555372
2019-10-03,345.6572265625,351.05812072753906,342.3266641725786,347.81757873444195,1999508
2019-10-04,340.9764404296875,346.64739578184606,339.17614237573906,346.19732126835896,1796297
2019-10-07,341.38153076171875,343.4068661452754,337.55589725944503,340.9764526968597,647438
2019-10-09,345.29718017578125,346.60237981266437,340.2563400148212,341.15648906247947,1453314
2019-10-10,346.1072998046875,349.572879041929,342.86675782349585,344.71207980532563,1235106
2019-10-11,345.1621398925781,349.032769546729,343.00176034849045,347.1874751123851,1273100
2019-10-14,346.512451171875,350.1580445031022,344.3520710803896,346.15236950971143,1873572
2019-10-15,344.7121276855469,347.0524934972457,341.15652755794196,347.007497027933,1562818
2019-10-16,342.46173095703125,346.55739831257733,339.8512766298093,345.1171542800614,1259137
2019-10-17,348.852783203125,350.96813914578524,340.9764783413687,342.10166475019105,1438251
2019-10-18,352.7234191894531,353.6685647264556,347.0074670908988,349.0328025019351,1563849
2019-10-22,355.6489562988281,360.8698106983465,352.9935051566062,353.7136410026467,2136931
2019-10-23,354.4336853027344,356.414024183367,350.8330891345796,355.87392926407006,1445027
2019-10-24,355.06378173828125,358.93441142506293,348.492677598624,356.2789609041162,1746043
2019-10-25,354.4786682128906,356.4590070178033,347.4575169415961,355.9189121191573,2173362
2019-10-27,352.0483093261719,355.19883109403776,345.3872116539008,350.96811944618423,559133
2019-10-29,329.99468994140625,350.2480461881737,326.0790355729567,350.2480461881737,8461743
2019-10-30,333.9102783203125,334.85542377022676,329.99462472570013,334.85542377022676,1766694
2019-10-31,329.319580078125,336.8808276290307,328.2393900835502,334.85549199198243,4309485
2019-11-01,333.415283203125,336.56580563951866,330.4448016083898,330.4448016083898,2034159
2019-11-04,331.5561218261719,336.8613879748598,329.6969968005418,336.4532799342503,1641703
2019-11-05,332.2816467285156,332.8257816069121,326.931047055291,331.5561520078867,2459875
2019-11-06,333.5512390136719,334.1860675800921,327.29375780175127,333.73262651146234,1293956
2019-11-07,335.364990234375,336.2265393015749,331.28402077555614,334.63949562314536,3761245
2019-11-08,336.0905456542969,337.76828324348804,332.6897374366856,335.54641080430946,1334062
2019-11-11,336.7253723144531,340.0808477492525,332.78045662124197,336.3626249453573,1330587
2019-11-13,332.3269958496094,339.4913597502597,329.9690965760685,336.72535241319974,2924211
2019-11-14,323.3488464355469,331.4654534242085,321.03630783083395,331.4654534242085,3738810
2019-11-15,323.1675109863281,324.21042008920705,320.2201435309717,324.16508704484977,2293732
2019-11-18,322.2152099609375,323.9836411861057,319.26784303622134,323.9836411861057,1243758
2019-11-19,323.983642578125,326.7496220182505,320.31078100342114,323.0767604435466,1446730
2019-11-20,322.2605895996094,327.65652198856645,321.94317530005947,324.66382185189093,1258477
2019-11-21,323.620849609375,325.7973608901743,320.1746813785872,323.6661826393707,1219942
2019-11-22,324.4823913574219,325.57066090432,320.7641970365159,322.1245201322164,813957
2019-11-25,324.98126220703125,327.8379357803205,323.0314708903958,323.0314708903958,984989
2019-11-26,317.72613525390625,325.52532650501956,315.867010425413,325.1172185076848,4920150
2019-11-27,324.30108642578125,325.1172748861415,318.36099129724755,319.6759815826078,988073
2019-11-28,327.5205383300781,328.2007000576122,322.12460523048526,324.66386460960524,828082
2019-11-29,326.38690185546875,328.0646394791983,321.94318456148005,324.845218703923,1064035
2019-12-02,320.9002685546875,326.25086794198546,318.40634253150347,326.25086794198546,1420769
2019-12-03,315.8669738769531,320.2653568941608,313.3277154731224,320.12933013607005,1878740
2019-12-04,319.2225036621094,319.94799828191225,313.82654402134625,313.82654402134625,917241
2019-12-05,315.594970703125,321.03626330145477,314.7787823485446,318.31561700228986,1508053
2019-12-06,309.3375244140625,317.1820499205299,307.29703946103547,316.04844716884827,2886217
2019-12-09,309.0201110839844,310.879208532272,307.8411752888529,310.06302008365424,1462923
2019-12-10,308.11322021484375,309.2014898996282,304.25897095534975,308.29460772092375,1408245
2019-12-11,302.3092346191406,309.65498713370266,300.35944311657147,308.33999666581616,1489874
2019-12-12,300.2686767578125,304.3042856036512,299.7245419483045,303.8055115058457,1592030
2019-12-13,302.9893798828125,303.80556841203276,299.86062489897495,300.994227766184,1914038
2019-12-16,298.9536437988281,305.6192319901618,297.91073504085506,303.8054680020896,1534303
2019-12-17,298.86297607421875,301.22087499908827,297.09457263744997,300.0872724078861,1726476
2019-12-18,307.2517395019531,308.203982607173,299.27118562236495,300.35945554951513,2671082
2019-12-19,303.4427185058594,308.7933166961156,301.6742875601704,307.43299371507544,2345882
2019-12-20,306.07269287109375,307.206295437283,300.67673358569544,303.62410025778746,2031957
2019-12-23,305.256591796875,308.52137365569996,303.2161065945909,306.5262214986814,1944051
2019-12-24,302.53582763671875,306.34471526630557,301.44755821349906,306.0726617484212,1463500
2019-12-26,307.6597595214844,308.65733538966356,303.1706819526011,303.71481676032124,3375398
2019-12-27,309.0654296875,310.56180739522716,307.43305286651224,308.3399350283604,3938598
2019-12-30,310.74322509765625,311.1966662630332,307.6598307082634,309.06548725059105,1351567
2019-12-31,309.79095458984375,311.78607875693564,308.7933786683741,309.836287627973,1123389
2020-01-01,313.55450439453125,314.55208029798405,309.24681416785296,310.0176695330595,1119565
2020-01-02,305.8006591796875,315.05084011485434,304.80308332150446,313.5544901655026,2592967
2020-01-03,303.4427185058594,305.48320297741964,300.5406850759703,304.3496004932195,2007575
2020-01-06,300.8581848144531,304.71243435616054,299.7699150499841,302.8986698659453,1812816
2020-01-07,301.67437744140625,304.80313230032044,300.26872101253184,300.26872101253184,1434983
2020-01-08,302.4451904296875,303.4427663081031,298.6362744124084,301.0848672343516,954815
2020-01-09,302.0823974609375,305.57389866982015,301.35687526089424,303.6240802438256,1728574
2020-01-10,306.6168212890625,307.6143970618215,302.49049142806933,303.26134669228503,1879696
2020-01-13,311.4687194824219,312.87437589800044,306.8889475195644,307.4330824041222,2539404
2020-01-14,312.5115966796875,313.37311812289454,310.28972432581975,312.87434400713505,1694366
2020-01-15,313.3277587890625,314.23464086949394,310.2896982844482,312.87431774884675,1239513
2020-01-16,316.63787841796875,318.04356227287406,312.96501699794396,314.23464639771515,1173218
2020-01-17,317.13671875,320.99096812843453,315.6857016841255,316.5018901349772,1641242
2020-01-20,313.8719787597656,319.22257895133635,312.1035471526205,317.13676067057474,985024
2020-01-21,305.3925476074219,312.8743249430157,304.7123860314588,311.9674428417316,1786886
2020-01-22,303.4881286621094,306.43549587006146,301.3569499150358,306.2541360320045,915121
2020-01-23,302.2637939453125,304.53099920345574,301.08485828141625,303.53345103054903,1760568
2020-01-24,308.83868408203125,309.6095393922098,301.85570860803966,301.85570860803966,1786647
2020-01-27,306.8889465332031,311.7407720848205,305.52862316410574,308.83873782707275,1145922
2020-01-28,303.8962097167969,308.83870075912506,302.7172463329061,307.38771148025404,1064496
2020-01-29,312.6476135253906,315.005512592586,304.75772794404156,304.84842169198106,2105271
2020-01-30,306.2541198730469,317.1367059128233,303.8962206959258,314.597419231367,2483374
2020-01-31,285.9852600097656,309.38280583000875,283.854081657044,309.0200585451685,6941813
2020-02-03,278.0500793457031,282.2670759084429,275.78287391671967,276.5990623359842,2920695
2020-02-04,278.6395263671875,282.4937753079867,275.6921595301058,280.2265700486931,3344060
2020-02-05,282.58447265625,285.53183953090826,271.3391399619538,280.3172673680513,9183894
2020-02-06,280.3850402832031,285.8378456079917,277.9106392332652,285.01305458052923,3174813
2020-02-07,285.654541015625,288.99954355132445,279.23945693221066,280.70573949152487,3502300
2020-02-10,282.859375,287.71652677856974,281.3472536601567,287.3957669870765,1685622
2020-02-11,279.4227294921875,285.3795933100197,278.59793855707403,283.180141493868,1827686
2020-02-12,280.0643005371094,284.4632049774748,279.10202096308717,280.0643005371094,2739107
2020-02-13,278.048095703125,281.4389373937625,277.22330468764693,280.61414637828443,1574245
2020-02-14,276.9483947753906,279.88098827772825,275.75700506744477,278.9645475643319,2688377
2020-02-17,271.8162841796875,277.86479765812203,271.26641423300305,277.6814983533781,2862510
2020-02-18,274.7030944824219,275.8486453351426,267.73813970437004,273.09932328861294,2608197
2020-02-19,274.7947692871094,281.30150431942116,273.3284584679535,277.5440915851944,2530762
2020-02-20,280.6141052246094,281.3472464713927,272.18284104887175,274.93216267562804,3667812
2020-02-24,278.82708740234375,282.3553897468779,276.9483951245333,281.34729936736085,2922212
2020-02-25,280.3850402832031,281.5305911456651,276.16940751583314,278.7812690757564,2500345
2020-02-26,280.56829833984375,282.49282929105414,274.8405442990681,281.1639791665746,3773560
2020-02-27,280.79742431640625,282.1720853636154,276.76509083810294,281.1639950021519,2162147
2020-02-28,273.7867126464844,277.95650745960086,270.3500593496666,276.5818461408737,4184422
2020-03-02,266.913330078125,285.37960294323926,265.7677793052575,276.7650667247854,4185685
2020-03-03,271.35809326171875,273.1909746373905,266.22601981632766,272.64110463117896,3970650
2020-03-04,270.3958740234375,276.0778187414035,267.8298507126147,273.42014574786066,2578871
2020-03-05,268.7462158203125,275.3445995696721,267.6006650282395,270.76239640138033,1666684
2020-03-06,258.9403076171875,265.7678019933472,257.06161537632374,265.7678019933472,4709414
2020-03-09,243.8190460205078,258.3446372435589,240.3365824193736,258.3446372435589,4922160
2020-03-11,247.2098388671875,252.93759231638091,243.04004554319314,243.81899763824654,3271005
2020-03-12,238.13711547851562,241.573768016783,227.55222286389719,238.27457598653635,7679023
2020-03-13,238.8702392578125,249.50095592086106,216.32580865577867,225.30692942507503,4096738
2020-03-16,232.0690155029297,249.5775775324627,226.69236141529007,229.7713024781482,4370511
2020-03-17,228.99008178710938,236.20490652605838,226.0030547590561,232.06902294875385,3816942
2020-03-18,228.71437072753906,233.40169710149397,221.95908851103042,232.9881115426344,3570030
2020-03-19,228.20889282226562,234.59653313311114,217.36368300090416,225.17590839417133,3059285
2020-03-20,235.1939239501953,239.78935047539747,227.74934139384507,230.27682598270627,3892194
2020-03-23,220.76429748535156,230.82827922747592,215.0659711403061,218.74231252731988,2700491
2020-03-24,229.12794494628906,235.97512693470028,220.5804497150071,223.33770533644466,3671728
2020-03-25,228.0709991455078,241.2598780907888,225.63542884300438,231.42566872200888,3178877
2020-03-26,245.25791931152344,249.0721177185958,228.9900981895667,231.42568266291588,3089897
2020-03-27,232.66641235351562,254.9542284135859,230.920156086295,249.07208875377492,3045141
2020-03-30,237.76736450195312,241.58156266548713,227.19787014249286,230.69039688421088,2096882
2020-03-31,252.61058044433594,258.0791207202268,238.31878832457198,243.92521382322278,3457799
2020-04-01,244.01710510253906,261.295894545866,240.80030710683704,254.6325272690547,2864584
2020-04-03,240.0190887451172,253.391794920659,236.2048908641599,241.7194019349185,3663015
2020-04-07,260.88232421875,261.8933234886789,244.1090203095865,250.7264165297295,4852845
2020-04-08,266.0292663574219,280.91843223096265,255.5057278576503,261.0202399696859,5519393
2020-04-09,272.60064697265625,277.8394152272156,264.5126812428475,272.9223323681361,4448630
2020-04-13,267.499755859375,272.60069592243525,262.3988438445712,272.60069592243525,3570311
2020-04-15,278.6206970214844,284.6407224344198,267.4997595238675,268.3729017591675,4785567
2020-04-16,282.02130126953125,287.90344098242633,272.233049428383,275.6796189533123,6058559
2020-04-17,275.86346435546875,289.4199733742445,274.48483631966104,288.59280216241166,3122227
2020-04-20,276.0472717285156,283.0323255236286,272.5087877617554,279.44787046353605,3315004
2020-04-21,272.0951232910156,276.506748448456,269.2919250515876,275.7255205306358,2306068
2020-04-22,283.8594665527344,285.8354941016642,269.7974463162081,272.9683014411391,2983604
2020-04-23,277.2880554199219,290.0173648082246,275.7255991388318,283.99736711299676,5360217
2020-04-24,281.3319396972656,284.50276629400105,275.72551527698363,276.55268621316463,3878958
2020-04-27,273.1061706542969,279.309995960646,271.13014301822193,279.309995960646,4969776
2020-04-28,266.62664794921875,277.5637572786947,264.8344204163614,275.7255867006901,4632034
2020-04-29,266.2130126953125,269.9353244461879,263.7774426153096,267.45378327893764,2851400
2020-04-30,263.7774353027344,271.13011642615555,260.2389519024374,271.13011642615555,4595484
2020-05-04,261.3419189453125,270.71657247339544,254.67855030918258,258.2170344359515,7171673
2020-05-05,272.6925354003906,277.47176065348276,265.89128384504045,267.4537395911612,17067119
2020-05-06,278.5747375488281,281.1941360520016,270.21105638442117,274.7145683811772,7025189
2020-05-07,274.760498046875,276.5067541029629,270.3029297641566,274.8983552003094,4909366
2020-05-08,275.9553527832031,279.4019225515196,274.11718224010104,278.3909231431621,4415728
2020-05-11,278.5747375488281,280.22907973596125,275.9553390456546,277.28802384236286,2485970
2020-05-12,275.0362854003906,279.4019407242063,273.4738291178269,274.8065140675582,1977948
2020-05-13,282.1591491699219,285.8354898757189,280.5507501111357,285.8354898757189,2850231
2020-05-14,292.4989013671875,295.02638598230067,280.1831637613786,281.1481921223913,5750676
2020-05-15,290.8905334472656,295.94550322281054,285.4219640162354,295.0264178090751,4430318
2020-05-18,281.4238586425781,294.1072213437262,279.49377439285985,294.1072213437262,3553027
2020-05-19,287.4898681640625,288.82255305697754,280.4588712887947,282.1591846889168,2034947
2020-05-20,291.2581787109375,293.37209211274876,286.75466553494505,288.2711509449485,2305001
2020-05-21,291.12030029296875,294.56687054110967,287.5358728445543,293.1882424418533,2023479
2020-05-22,291.12030029296875,292.22321399167805,286.203187795969,288.5928154443321,1595445
2020-05-26,295.66973876953125,299.3460798021732,291.62574119502017,291.62574119502017,4746694
2020-05-27,297.0943603515625,298.51893152528186,292.7287046310059,296.58887459269715,3061553
2020-05-28,303.4360046386719,306.97448863528695,296.12929336987014,297.0943217106482,3718389
2020-05-29,315.98150634765625,321.220303634823,291.35003219524714,291.35003219524714,6668784
2020-06-01,311.06439208984375,323.5179851275841,309.455993016056,317.54393142494405,5797008
2020-06-02,304.0793762207031,314.9705426033362,303.2981481083483,311.0644300898196,3038412
2020-06-03,307.8016357421875,311.34011946233295,303.7576663684163,308.81263509769406,2690013
2020-06-04,306.1932067871094,308.72069090564787,301.91946652359485,307.43397732767875,2861977
2020-06-05,299.9894104003906,308.5369197811003,299.16223931148454,308.0314060808069,2897891
2020-06-08,305.13629150390625,308.6747751927441,299.71369434285526,301.9194932501,3204193
2020-06-09,306.83660888671875,314.7407474548325,304.03338211319453,309.2721791305475,4422473
2020-06-10,308.6287841796875,309.7316975862394,303.29810149394365,305.2741289697839,2159168
2020-06-11,303.8955383300781,311.98350551944213,303.1143102424327,309.456021031814,1400621
2020-06-12,305.87158203125,309.9615229078998,289.5118746211666,294.10730120245495,5303466
2020-06-15,303.6658020019531,313.0404840373538,300.9085458795717,307.9855144796545,3105930
2020-06-16,303.4819641113281,309.7776757045535,301.27613704843225,302.42499362358376,2568356
2020-06-17,304.2632141113281,305.6418422279146,301.9195575324355,303.29818564902195,991958
2020-06-18,305.1822509765625,306.9744784623368,302.5169093181276,305.4579933849735,1496700
2020-06-19,305.04437255859375,307.8935422909369,303.3900304163323,307.8935422909369,2713290
2020-06-22,303.8035888671875,307.9394720932931,302.65473241549154,304.7686451155641,1778475
2020-06-23,310.05340576171875,311.79966207674215,303.2981237592481,303.2981237592481,3583261
2020-06-24,311.34014892578125,315.8896324319703,307.98549315217343,313.45403392058677,2513834
2020-06-25,314.0054931640625,315.8896348941913,309.73175204666074,311.34015135254106,2113623
2020-06-26,316.5329284667969,318.27918468857837,314.32712965779643,317.0843851811104,2263463
2020-06-29,318.0035705566406,321.67991241278673,316.6249423605858,319.38219875269544,2895849
2020-06-30,323.42608642578125,325.9535708051431,318.92257441402387,318.9685174561647,5313355
2020-07-01,322.8746337890625,327.1943456389919,321.49600592822406,326.2752603984329,2834726
2020-07-02,328.7108459472656,330.5490165137799,322.9206198820484,324.6209332657255,4017803
2020-07-03,329.4920654296875,330.73283613928317,325.631896121669,326.3671811579972,2316369
2020-07-06,323.60992431640625,325.72380918635554,315.0164715613186,325.72380918635554,5867158
2020-07-07,323.8856201171875,327.69981810221987,322.8746207836447,325.6778474833887,2600024
2020-07-08,321.12841796875,325.7238447514976,319.6578757886189,325.54004450914323,1919717
2020-07-09,315.2922058105469,322.9665737936112,314.28123440355387,321.12840316524887,2407863
2020-07-10,315.7976989746094,322.04746748429915,313.31615756879535,316.4410418236402,1867508
2020-07-13,319.10638427734375,319.841641198729,314.4190442708151,315.2921583589284,1301823
2020-07-14,320.43902587890625,322.3691102670623,317.4519991978857,318.9225410197309,1563542
2020-07-15,316.3951721191406,324.34525580166115,315.65991496460305,320.5310567220052,1908989
2020-07-16,318.96856689453125,320.0255375101478,311.3401695319454,317.68185298434634,1561131
2020-07-17,326.3671875,327.9296156420783,320.0714477423653,320.3931331989939,2213714
2020-07-20,324.0235290527344,326.2752993804382,320.071473265458,326.2752993804382,1432549
2020-07-21,324.8507080078125,330.54901999506626,322.73679500510355,324.437108406688,3144070
2020-07-22,322.50701904296875,326.55098866407127,321.2203052610166,326.1374171171528,3102512
2020-07-23,321.4041442871094,325.723828417316,319.84168804002456,322.64488701762394,2545022
2020-07-24,328.20538330078125,329.72186851496133,319.15238701552704,323.5180424174673,2761933
2020-07-27,322.09344482421875,331.4221547263092,319.2442748710798,330.686869679681,5332659
2020-07-28,332.66290283203125,339.0505282097602,326.2752494060476,326.2752494060476,10442262
2020-07-29,332.8467102050781,336.79879352030315,330.0894545169815,333.49008108493615,3449410
2020-07-30,335.0065612792969,337.2123601883573,329.9056495490787,334.63893280249596,2412389
2020-07-31,334.0415954589844,338.6829654486785,332.0195963862554,335.0066238969968,2264432
2020-08-03,333.5360412597656,339.8317810139623,331.8816989812316,333.9955838980536,2399353
2020-08-04,338.1314392089844,339.6938952670784,335.2822694815358,336.4770970695649,2771003
2020-08-05,333.85772705078125,343.23240810055324,332.38718499713474,340.0615526738859,3485973
2020-08-06,339.5560302734375,340.0615159020986,332.8007486046505,336.5690034445677,2417288
2020-08-07,340.06158447265625,341.85381215066724,335.925700337178,339.1424991092166,2555271
2020-08-10,343.0945129394531,345.3922260666883,337.4881153476041,340.0615428308051,2665539
2020-08-11,340.6130065917969,347.78186047681356,339.2343786871201,341.94566340403054,3676024
2020-08-12,334.5929870605469,341.8997263016181,332.938644765487,340.2913270515433,3985010
2020-08-13,336.47711181640625,338.91268209161694,332.98457107708504,337.4881111895849,2575663
2020-08-14,336.660888671875,339.37220115975134,334.4091468201464,337.1204312597691,2196452
2020-08-17,340.06158447265625,341.2104411769557,333.99561546430294,336.98264289548166,1641653
2020-08-18,343.048583984375,344.79484042313703,338.22338621902213,339.14247150766073,2351793
2020-08-19,343.2783508300781,346.219434934672,339.41818144883075,344.6569787450583,2092175
2020-08-20,343.0026550292969,343.7379120711082,340.52111342873155,342.4971412708256,1240880
2020-08-21,345.7598571777344,347.2303710324154,342.1754025242512,344.0135728908564,1479807
2020-08-24,343.6000061035156,349.8957453052033,340.2453507480665,347.4142040569236,2962489
2020-08-25,339.3262634277344,346.3112884343751,337.02855045232513,344.6569463113821,2616237
2020-08-26,340.245361328125,341.8997035129177,336.9366489102845,339.87770479972204,1781351
2020-08-27,344.3352355957031,345.070520522784,339.64789586047607,341.3482089470513,1454666
2020-08-28,344.0135803222656,345.9896359476562,341.7618384034843,344.33526575302136,2524902
2020-08-31,339.0505676269531,347.5521068040705,334.6389693273197,344.01362272610515,4323447
2020-09-01,343.2783508300781,345.9436925227219,334.04155501901323,339.05055294782073,3613806
2020-09-02,348.24139404296875,350.9986497805192,340.9806262104038,343.27833932502915,2891078
2020-09-03,348.655029296875,351.82585689053985,345.85180218125566,345.85180218125566,2842345
2020-09-04,343.6000061035156,348.3332892528414,341.62397854194325,348.3332892528414,1928172
2020-09-07,340.1534729003906,345.2543850625079,338.59101668137345,343.6459857980961,1477924
2020-09-08,337.6259765625,342.2673459157084,336.01757735420415,340.0615468968396,2034463
2020-09-09,334.54705810546875,337.53408540998186,331.19240228082106,336.93668555873086,1860049
2020-09-10,333.9036560058594,337.90168240392074,331.05451420444734,336.2013691026469,1291497
2020-09-11,337.0285949707031,338.17745161016114,332.9845971612047,333.0305682557377,1782552
2020-09-14,340.5670471191406,341.62401765406076,336.2013919387126,337.67193403019246,1663003
2020-09-15,335.0065612792969,340.56701561757995,333.76579062787073,340.56701561757995,1514121
2020-09-16,334.86871337890625,336.7528269048406,333.35222833995226,335.4661131762814,1196118
2020-09-17,332.38714599609375,338.9126563102952,331.3761466998225,336.3392290545625,1816429
2020-09-18,333.16839599609375,334.54702384159486,327.6079415718749,334.22533840132684,2445839
2020-09-21,321.95556640625,333.6739038733519,319.5199959933273,332.7088755365405,2064767
2020-09-22,318.141357421875,323.518011807301,316.1653297207714,323.0125261331546,2406398
2020-09-23,312.7647705078125,321.63396762660653,309.73179971213216,319.06051151220714,3326494
2020-09-24,314.8785705566406,317.9575113460121,306.0553477155509,310.4210020748568,3118134
2020-09-25,324.89666748046875,332.6629498177636,315.3381855602849,317.084442095507,7055891
2020-09-28,331.46807861328125,333.5360203559725,325.1263962120124,325.81571012624283,3064523
2020-09-29,327.56195068359375,336.70685939200234,326.04546575484983,332.7088332720384,2172128
2020-09-30,333.62799072265625,335.4202184210488,325.9536222410093,329.3542493437122,3700443
2020-10-01,332.6169738769531,335.55805813952014,330.3652316571593,333.6279733452267,2369734
2020-10-05,346.4031982421875,348.5630540217821,332.7547777288493,332.80074881673653,4331809
2020-10-06,338.9586181640625,348.60901298110514,337.12044772272105,347.23038515009904,5268046
2020-10-07,339.1424560546875,348.7469081026388,336.9826001151487,345.5760527820122,6193441
2020-10-08,341.5780334472656,344.4272033810833,338.91269178592256,340.0615483682477,2796482
2020-10-09,339.46417236328125,347.46019790810874,338.6370011756451,341.8997428789771,4043788
2020-10-12,337.3502502441406,342.3133333336188,335.5120796327065,340.9347053750432,2637457
2020-10-13,337.6259765625,343.00263095416886,336.5230630289375,338.63697596022297,3233536
2020-10-14,332.3412780761719,339.32633255403607,331.4221926987755,337.5341048488093,3168646
2020-10-15,333.4901123046875,339.2343955259745,330.8707135461291,333.62796949234684,3067713
2020-10-16,333.16839599609375,335.1903947221308,329.49205507475756,332.89268164629567,2517914
2020-10-19,335.0065612792969,336.98258888432485,332.8926765015004,333.58199041359774,2029318
2020-10-20,337.6259765625,338.8207761836459,333.71986419949576,336.29329171346666,2573493
2020-10-21,331.1923828125,339.3722361097596,329.9975551319748,339.1424647921498,3448266
2020-10-22,327.8377380371094,333.6279642132428,327.0565099217244,332.70887891237993,3346711
2020-10-23,329.583984375,331.33024078334694,327.19435705650903,329.49207023808566,2752766
2020-10-26,321.5419616699219,332.5709840301427,317.77370675386226,330.1354138685781,4430418
2020-10-27,327.6539001464844,329.3082424202074,321.6798458661137,321.6798458661137,4209038
2020-10-28,333.62799072265625,335.4661614704395,321.54202366563345,324.62096527782234,10855977
2020-10-29,332.9385986328125,335.42013977981173,326.73477381356753,333.62791250161746,6146855
2020-10-30,327.7917785644531,337.07454604192606,326.27529337391616,334.04157566085223,4031863
2020-11-02,337.1663818359375,338.31523823578175,328.20530191715244,330.77872903350277,3509440
2020-11-03,340.888671875,347.2303537138372,338.2233305860108,338.2233305860108,5388506
2020-11-04,341.3482360839844,344.2433488408789,338.68289462602206,340.0615224196151,1965778
2020-11-05,347.23199462890625,349.1314512008007,341.9042188607509,345.054550181371,2496797
2020-11-06,352.55975341796875,354.4592098983864,345.6104810115699,346.49073349371184,4301538
2020-11-09,352.5134582519531,361.13054526315386,349.5947410377321,355.7101067924537,4008366
2020-11-10,342.36749267578125,357.14629020614495,340.514353337888,356.0807124655265,4230895
2020-11-11,347.9268493652344,348.992398641381,337.54925959148056,344.03524613091236,3268102
2020-11-12,346.81500244140625,348.99244673504296,341.2555846414799,341.2555846414799,3167697
2020-11-13,342.18218994140625,348.8071861315226,341.1166404073541,346.53707898260194,2058840
2020-11-14,343.4793701171875,345.1471841257887,342.8307600712532,344.6838993148816,255616
2020-11-17,351.21624755859375,353.02306985671515,345.1472270908829,346.9077039361478,3153244
2020-11-18,349.54840087890625,351.40154018111383,343.1087304930702,351.2162149402284,2807534
2020-11-19,340.3753662109375,351.6331817908048,338.89284911722496,345.61047907238526,4171433
2020-11-20,346.90765380859375,348.6218132299735,340.79228877168606,344.4059328457635,3477598
2020-11-23,350.4749755859375,352.0038098769813,344.82289497733547,346.90767672239394,2199453
2020-11-24,350.2896728515625,352.09649512404883,346.12010909351454,352.003832496315,2117162
2020-11-25,342.18218994140625,351.91117210535634,340.23641612994754,351.07726500377913,1752969
2020-11-26,346.4907531738281,348.71451481484945,341.11663190830785,342.7844743465714,2340679
2020-11-27,340.69964599609375,350.2433013627754,335.32552546421414,347.7415521852346,6419987
2020-12-01,346.3517150878906,347.7415695276922,335.88148961871644,343.7110142735964,3530432
2020-12-02,350.84564208984375,353.6253514341869,344.7766213320275,345.6105284799973,3617752
2020-12-03,361.0378723144531,363.2153167307994,351.4478704138048,353.0230501898841,3634050
2020-12-04,366.0413818359375,369.0527336337516,362.10346025418056,363.30801793930567,3631106
2020-12-07,370.9985046386719,372.3883591977153,362.659377284411,365.995033881448,2758983
2020-12-08,365.11474609375,376.00193908829857,362.4276998610659,370.62784662293035,3223013
2020-12-09,369.1452941894531,371.23007562682955,365.994963450527,365.994963450527,1907357
2020-12-10,374.47314453125,375.6777021263279,365.20744738448315,370.99850810121245,3979948
2020-12-11,384.4801330566406,385.6846624334545,376.3726476601416,377.57717703695545,5433657
2020-12-14,383.6924743652344,389.9004736763607,381.5613473339576,387.2597729559277,4859693
2020-12-15,378.50372314453125,383.59985650388234,375.5386887884253,383.59985650388234,2274426
2020-12-16,382.8122863769531,386.2406057610051,381.2834519455058,381.7467368202877,2722563
2020-12-17,382.95123291015625,384.4337500359782,379.01331181666853,382.6732733201044,1780735
2020-12-18,379.24493408203125,388.2326707049583,377.2064978844217,383.69248522316803,2272389
2020-12-21,367.7091979980469,378.96701440889524,360.75992511768817,378.96701440889524,2751655
2020-12-22,369.608642578125,374.5657960601033,360.48192550364087,374.5657960601033,2867370
2020-12-23,375.5850524902344,378.3647617304088,366.31935502298626,368.7747591964741,2317578
2020-12-24,371.8324279785156,381.9783780138676,369.7013288721241,378.04045659104423,2539386
2020-12-28,376.9285583496094,378.1794331520449,372.5736975442135,374.70479663231527,976824
2020-12-29,377.43817138671875,379.19864815409295,372.9443027050028,377.02120371278085,1250583
2020-12-30,373.8245544433594,380.3568594769388,371.5544473818574,378.96700493561013,2148370
2020-12-31,373.0832824707031,378.17941579913526,372.20305822542633,374.3341572157418,1749430
2021-01-01,376.27996826171875,377.3918349576945,372.29570150698015,373.9635439659395,1081415
2021-01-04,386.5185241699219,388.6033058841897,377.0675306979048,377.0675306979048,3483313
2021-01-05,388.88134765625,391.5683943607029,380.7275166329689,385.86999587373117,3696376
2021-01-06,387.9084167480469,393.6994776342791,384.5727600222442,391.93900078019743,3156306
2021-01-07,387.1208190917969,392.26329802221284,386.3795746238077,389.62256865542236,1588219
2021-01-08,393.5141296386719,394.53333360119257,388.0473462494241,388.0473462494241,2514098
2021-01-11,398.749267578125,400.7413867354659,393.6067888863891,395.6452534937432,3179547
2021-01-12,391.98529052734375,400.23178327361944,390.96608650401754,400.23178327361944,1821912
2021-01-13,387.5840759277344,395.5525806274135,384.61906999350947,393.792103935739,1974208
2021-01-14,388.1864013671875,391.56837524093044,385.36034671250917,389.4372478867471,2541779
2021-01-15,386.3332214355469,390.6417645920163,382.81223984915306,390.6417645920163,2888933
2021-01-18,380.866455078125,387.67674787117215,375.35338245644874,386.2868933532712,2074676
2021-01-19,386.5185241699219,387.76939885381495,381.0517688856186,382.7659283949045,2213374
2021-01-20,386.2406005859375,391.151408882162,382.7196186187723,386.56490564927253,1613007
2021-01-21,385.96258544921875,393.05086605929694,383.8314865149005,388.2326924556266,1647176
2021-01-22,388.0010986328125,391.4294181582643,382.76598498718954,385.4530317164179,1835701
2021-01-25,380.03253173828125,392.86552689233724,377.20650565030985,389.15924833674916,3025651
2021-01-27,382.16363525390625,386.93546294396816,372.7126142106177,381.74666763150896,4684117
2021-01-28,381.2371520996094,385.03606562418656,373.639268497123,380.5885419347632,3473853
2021-01-29,385.0823974609375,390.5491533832105,383.2292579431049,385.45301970917103,5304926
2021-02-01,386.3332214355469,389.6688495072256,383.8314721051266,386.2868759877028,2926362
2021-02-02,392.5876159667969,398.841961804486,388.00108437515894,388.23272681359185,3204628
2021-02-03,385.17498779296875,395.41357039649654,383.414482960151,393.60674839509295,2372737
2021-02-04,383.5998229980469,387.6767236740949,382.2562857372686,385.22131983439124,1578268
2021-02-05,378.22576904296875,386.2869085989476,376.18730435892974,384.8507368510999,1683298
2021-02-08,381.0517883300781,383.5535378255244,378.5037216603937,380.078901457773,1605165
2021-02-09,382.5343017578125,388.2326996898125,381.51506944458305,383.1365664003281,1596161
2021-02-10,380.68115234375,386.1942248819418,378.4110453548896,383.5998411318118,1825990
2021-02-11,386.0089111328125,387.6304079753127,377.90142692031145,382.11730740014764,1851525
2021-02-12,381.42242431640625,386.5185578396531,379.893589914765,386.37957803526103,1406466
2021-02-15,380.3568420410156,386.79651243130286,379.38395521734884,384.52640547386477,1208693
2021-02-16,379.1986389160156,382.9049176103689,375.9093278854421,382.4416327735747,1358750
2021-02-17,385.7309265136719,387.3061061988292,377.57712506225573,378.41103207577265,2123650
2021-02-18,386.75018310546875,390.08583964613644,384.8043811003573,389.1592699557656,2569355
2021-02-19,393.6531066894531,396.47913270526664,386.379529554498,388.0473435512632,4620093
2021-02-22,389.9931640625,402.0849150860351,385.0823561773831,396.89611933704657,5212684
2021-02-23,391.10504150390625,393.7920877413978,386.47219341283096,391.15135867415273,2224637
2021-02-24,393.23614501953125,395.1819468963932,384.66537594850746,391.10504618280595,1032212
2021-02-25,379.7082214355469,397.2667271594389,376.2799307852404,391.01238218375096,6334193
2021-02-26,368.35772705078125,382.4415960475072,362.010748017535,378.0403905206128,4933943
2021-03-01,372.29571533203125,373.1296507308106,366.9679392538941,371.4618082099166,1971538
2021-03-02,376.8359069824219,378.0867534517156,371.5544484002321,372.4810180969908,2414479
2021-03-03,379.0133361816406,380.3568735988063,375.53869969931293,378.04044927725454,3291643
2021-03-04,377.1138610839844,381.74670950024955,374.05619243991447,378.0404307672374,2464082
2021-03-05,372.0639953613281,377.11381077201,370.6278238545553,375.26067165273724,1717183
2021-03-08,371.0448303222656,374.9364059142626,370.6278626661015,374.28782412059405,1368015
2021-03-09,371.8324279785156,373.91720990824564,369.7476460487856,371.04486631528266,1546208
2021-03-10,374.1282043457031,377.220548759845,373.05057090424987,375.01843943931135,1673234
2021-03-12,369.1148986816406,375.7681560417484,367.70928213784356,374.12827007398516,2170868
2021-03-15,367.6624450683594,371.92613720795555,364.85121193965625,369.20861756967764,1359623
2021-03-16,370.0050964355469,371.644982237125,365.64769131082124,367.8029583539598,2210581
2021-03-17,366.9127502441406,371.45758266304165,362.08680596318015,370.286235575559,2364847
2021-03-18,361.3371887207031,368.458985391441,358.7133538434083,368.2715584011544,1382602
2021-03-19,370.05194091796875,371.2701589642645,355.2461261809826,359.83780073126275,2834530
2021-03-22,376.4241027832031,377.5954498436471,369.2085934519323,370.05195761598384,1625660
2021-03-23,374.9247741699219,377.40802422749374,373.9408254772187,376.1898347192028,947847
2021-03-24,375.487060546875,379.9850222442445,371.5513226136694,371.5513226136694,1872518
2021-03-25,372.9569396972656,377.7360418801917,369.2086287455343,376.56469470777563,2305425
2021-03-26,376.56463623046875,378.39192037727014,371.97296174711477,373.6128475338368,1001171
2021-03-30,382.51507568359375,384.15496143182537,377.73597435499397,378.15764210327933,1467822
2021-03-31,385.4200134277344,386.49767556793677,381.34374866113717,384.8109186945805,1052705
2021-04-01,381.6248779296875,385.7011714797122,380.6409578233171,385.42003102264863,645008
2021-04-05,377.1269226074219,390.76139137099864,373.89399318232245,385.37319472739375,2105709
2021-04-06,377.64227294921875,380.0318093912274,374.0813895067473,377.501717028631,1032326
2021-04-07,382.32769775390625,387.48162505205937,376.6115181219408,377.59546685544774,1687852
2021-04-08,388.5592041015625,389.4494392215056,382.3276440539738,382.3744864929866,1917274
2021-04-09,394.13482666015625,395.2593025714846,389.82426417338684,390.7613417314959,1583730
2021-04-12,381.7654113769531,393.5257525033489,380.45350844660504,388.8872069097071,1469250
2021-04-13,394.7908020019531,397.3209230926586,381.39060306300007,381.39060306300007,2833579
2021-04-15,396.6649475097656,398.44541787642197,390.94879687101303,395.07193270452,1234047
2021-04-16,397.2740783691406,400.6944060481753,395.9153043472377,399.85104188856053,1321942
2021-04-19,393.4789123535156,397.27409411824476,388.37185615279265,397.27409411824476,1170059
2021-04-20,384.3892822265625,398.5391325541819,381.8123185633105,398.5391325541819,1881478
2021-04-22,385.4669494628906,391.136258577369,384.24873119383267,385.1389665213233,1732046
2021-04-23,385.701171875,388.8872302102666,383.45219120289073,385.4669024592107,974146
2021-04-26,380.7815246582031,388.1844326820989,379.1884811479096,387.10679905917874,780607
2021-04-27,381.7185974121094,384.10813404931434,377.2206074044971,380.4535368288015,1357138
2021-04-28,385.51373291015625,387.95014047803704,382.60878652527305,384.2955434248858,1013196
2021-04-29,384.061279296875,388.3718421920319,381.8591411072181,387.85643232783883,717046
2021-04-30,385.56060791015625,395.6341925791698,376.42410088477186,384.06127796088157,6159980
2021-05-03,417.14013671875,425.43328016837285,389.91804069316873,393.61948048777015,21636785
2021-05-04,431.7585144042969,434.8040166762751,416.0624642333322,424.4961628326565,7944787
2021-05-05,426.65142822265625,438.22434252947454,423.23110063493147,436.6781701785677,4410455
2021-05-06,445.814697265625,447.3608696869625,427.02630159962007,428.80674343623116,6815727
2021-05-07,444.03424072265625,448.4853594654338,438.8803137573349,446.98602953787235,2909662
2021-05-10,441.12933349609375,444.5028189831372,438.5523697847517,443.23775835082813,1423765
2021-05-11,449.42242431640625,456.9190451437113,435.74108558710674,441.64466304967385,5488935
2021-05-12,439.3019714355469,454.01410132825674,436.77187905094456,450.6874872569441,2360087
2021-05-14,444.6901550292969,449.0475886627829,438.0837695161702,444.1747737982132,2137786
2021-05-17,444.4090576171875,448.3916374693183,439.114574827352,444.6901694619316,1481703
2021-05-18,442.8160400390625,450.50008834630825,439.2083138994973,448.57909056816726,2531987
2021-05-19,443.7531433105469,445.6272987524199,436.6782179564132,442.81606558961033,3179272
2021-05-20,439.5362548828125,446.0021134660892,438.6460482846753,445.11187827061195,1356821
2021-05-21,430.7746276855469,440.70762837133253,428.80675880724044,440.14540463239507,2488470
2021-05-24,431.14947509765625,434.19497776116225,427.9634164922263,432.83620359543,834420
2021-05-25,434.2886657714844,437.8963919909902,431.0557363102211,432.92989168548297,2097702
2021-05-26,430.25921630859375,438.08382075164764,429.18158268289756,436.11595188013985,1086797
2021-05-27,443.3782958984375,446.0489729897984,432.69561613033494,433.3047108991931,6639465
2021-05-28,441.410400390625,447.64198942637057,438.83343694188005,445.1118684195762,1134083
2021-05-31,445.29931640625,449.7972777447613,441.5041347168741,444.0810982872868,2255039
2021-06-01,450.4532470703125,452.93649717448307,444.1748152470819,445.58043175102836,1307085
2021-06-02,460.1051025390625,461.9792577428876,451.1091518412342,451.1091518412342,3186171
2021-06-03,465.2122497558594,467.2269611526792,460.1051646965633,462.8695554345938,2689526
2021-06-04,456.26312255859375,464.3219964300262,454.4826806630932,462.9163798918929,2176435
2021-06-07,458.5120544433594,460.43308066585143,451.9525112976899,456.3567874201463,2108524
2021-06-08,457.3876037597656,461.0422008519287,455.98198729375366,460.15196565118504,817978
2021-06-09,456.6379089355469,463.1974522202203,454.4357994249922,457.29387470294995,1118288
2021-06-10,464.36883544921875,466.0087213982739,456.63794454653026,460.05830097528985,1705760
2021-06-11,461.2764587402344,464.46251693080563,457.57499069992946,464.3688034492778,731886
2021-06-14,463.666015625,464.74367781395495,455.9819959565567,463.6191731808458,864570
2021-06-15,474.3018798828125,479.36209382599804,463.6660420946176,463.8534690766158,4334086
2021-06-16,474.1144104003906,479.5026064553928,467.7891367706054,474.25496631714043,1545379
2021-06-17,485.6873474121094,489.15454624782154,474.1613034509535,477.4879177575721,5678797
2021-06-18,488.3580627441406,491.872104094037,477.3473712504569,485.6873570014093,3128347
2021-06-21,487.2804260253906,494.0742396574754,481.75164446761255,481.75164446761255,1522019
2021-06-22,483.3914489746094,491.825147233158,482.17325955397655,489.15449899582165,1192946
2021-06-23,483.0634765625,486.81178675891124,481.32990597452965,483.5320153370514,1042655
2021-06-24,484.2348327636719,486.34325728949335,480.2054106643704,483.8599788589889,1033753
2021-06-25,479.45574951171875,483.8131546430767,477.76902126646365,483.5320428013139,883218
2021-06-28,477.4879455566406,481.1894140265512,474.3956004886885,480.5334481770618,1081689
2021-06-29,503.8666687011719,509.2548652406137,478.846683766045,478.846683766045,8975819
2021-06-30,497.4007873535156,509.5827963668952,494.44902717861936,508.8331457126999,5003080
2021-07-01,501.2427978515625,506.0218704165155,496.88536442288404,498.5252501140486,2035996
2021-07-02,487.1398010253906,505.64708489975715,485.0782759191812,501.2428656322355,3742090
2021-07-05,497.16650390625,498.47843541004346,486.3432691813236,492.9028123109368,2351288
2021-07-06,493.1839294433594,498.15042928444694,490.653808484412,496.65112800231105,1240787
2021-07-07,498.9469909667969,500.3994498410701,491.0286736268179,495.2455229232314,1893166
2021-07-08,493.98052978515625,504.6163387452752,492.4343287105703,500.39948911787735,1983623
2021-07-09,498.4785461425781,503.21077758408643,495.19877384919954,495.19877384919954,2370592
2021-07-12,498.1972961425781,503.44490747947833,497.2133189715696,500.44624791781797,1067055
2021-07-13,497.9161376953125,505.45965779492036,495.058062581602,499.4623385442859,2471182
2021-07-14,498.5721130371094,501.61761516011876,495.1986566402618,498.52527059722905,1388764
2021-07-15,500.6805419921875,515.0178175970406,497.21334349037517,505.08481807856117,4990394
2021-07-16,491.68463134765625,503.304359346207,489.43562221519966,503.304359346207,1582351
2021-07-19,492.90283203125,497.58822016842913,488.2642863365067,489.1076790790707,1531013
2021-07-20,496.55743408203125,500.07147501808635,492.76222411535036,495.1518177076092,1730588
2021-07-22,495.9015197753906,503.86668005668287,492.01262452488663,501.28971643626477,2323717
2021-07-23,500.3525390625,503.5385682234014,494.96434347520625,498.5252265113531,1435904
2021-07-26,503.2107238769531,506.77160769077693,498.61902027841467,500.3058058907324,1573841
2021-07-27,501.5238952636719,506.34981012791746,498.05669703446927,504.05401598199126,968098
2021-07-28,496.791748046875,504.803750660933,495.0581200460847,504.0072003271596,1308260
2021-07-29,494.6363525390625,500.3994022404881,493.8398595144892,499.3686398328434,654581
2021-07-30,512.30029296875,518.3912968647511,494.636347353543,498.52524194962825,7140990
2021-08-02,501.8050231933594,517.4073871285016,499.2280599556717,515.3926475375306,2473871
2021-08-03,509.6764831542969,510.9883573581534,502.2735479098462,506.0218579688749,2963445
2021-08-04,502.5079345703125,513.7528673718859,501.33658740348193,511.64444247159093,2297439
2021-08-05,498.4315490722656,505.319045873902,496.6979213667434,505.0847764970481,2170594
2021-08-06,491.3565673828125,500.3993881933896,489.6229968746181,498.5252331814293,3116628
2021-08-09,493.0903015136719,504.1478070319411,489.10772125366117,503.0701447895939,2705676
2021-08-10,487.84259033203125,495.47979587924743,483.9537524920562,495.47979587924743,1630597
2021-08-11,484.0942687988281,493.1370905823907,481.2830359784059,490.09158836026666,2133644
2021-08-12,483.4852294921875,489.669919162336,481.985870921313,485.4062272537729,1741264
2021-08-13,482.8761291503906,490.9818741631326,480.8614464047771,488.0300565193821,2564318
2021-08-16,482.9229431152344,487.7957583247423,479.7837558716806,482.26703451724813,619675
2021-08-17,487.84259033203125,489.9979146324978,482.07959723577534,482.07959723577534,2494715
2021-08-18,490.7475280761719,494.448995865531,487.5145990653475,490.0915623472883,1491558
2021-08-20,504.0541076660156,509.48914677880106,485.26565439957557,490.7475931521737,5237598
2021-08-23,495.1518249511719,507.4275185895011,494.0741628371458,506.0219021945164,4464213
2021-08-24,488.8734436035156,499.0875561346909,486.3433223948945,496.6511770121274,2002611
2021-08-25,480.1117248535156,492.52800407170804,478.84669286764824,491.0287026666295,3339928
2021-08-26,489.2482604980469,495.43300783972154,481.1894148889782,481.6579537544982,5109949
2021-08-27,491.9189758300781,494.6364669856621,487.7489684076365,491.7783912898381,2552792
2021-08-30,492.0125732421875,499.6966208574588,491.16923773476145,494.3552671983875,1875825
2021-08-31,510.19189453125,512.534588456736,492.01256679160923,492.43426313713184,5014916
2021-09-01,512.8626098632812,514.7836076947074,506.95903183720065,514.7836076947074,3113020
2021-09-02,527.246826171875,536.0084803770869,513.752883508283,514.2214223897315,6119217
2021-09-03,525.5131225585938,532.0258235147958,523.1235860451515,528.4649399658739,2426876
2021-09-06,519.8438110351562,529.2614297014991,519.1410028183444,526.4501968342518,1230310
2021-09-07,521.6712036132812,531.323093161223,519.2347671056058,523.6858864927589,3047365
2021-09-08,525.6537475585938,527.3404759806346,516.189228466298,524.3886583460503,2092387
2021-09-09,538.8197631835938,539.6631561255844,523.3579786748471,523.3579786748471,4180525
2021-09-13,539.3818359375,550.3924975794051,534.4621786081381,544.4420777827144,5331731
2021-09-14,523.17041015625,545.4728454913883,520.9214582437381,538.8196174408591,5993393
2021-09-15,526.7781982421875,528.1838146489232,521.1088329792777,525.1383124343292,2376317
2021-09-16,527.2935791015625,535.4930081348804,526.4970288215192,530.3859237551925,2340371
2021-09-17,524.857177734375,529.4488811746473,517.9696797686483,529.4488811746473,2062930
2021-09-20,531.7446899414062,536.0083815374276,521.0151400958213,523.8263728661225,3866691
2021-09-21,525.41943359375,534.1342440311113,521.9053925145979,533.1503239678844,2368098
2021-09-22,529.6362915039062,531.9789855947811,525.4194421403316,525.4194421403316,1763460
2021-09-23,531.1356811523438,537.0392598039582,527.4342124344088,534.1343415261654,2581525
2021-09-24,522.2802734375,534.1343301332447,521.5306226587068,533.6189487974923,2833374
2021-09-27,513.050048828125,525.7005979773116,510.98846641672804,524.5760932806693,1578144
2021-09-28,516.282958984375,519.04734957797,511.3633011667626,515.7206780598383,2541724
2021-09-29,518.6256103515625,524.0138065639532,512.8157177792666,521.9522244002768,2090106
2021-09-30,513.050048828125,521.3431637258291,509.77027682648406,520.0781316887843,1383265
2021-10-01,514.9710693359375,517.9697295938716,507.00590841047773,510.70737698536414,1219031
2021-10-04,519.1879272460938,520.4061169086642,510.98849675517414,519.2816693399458,2114180
2021-10-05,522.8424072265625,524.5291353026702,519.3283665702248,520.0780171379757,1939884
2021-10-06,528.7929077148438,552.8758148161087,525.2320240753032,528.558638301786,8610209
2021-10-07,525.9347534179688,535.9614942316423,524.9508334696625,535.9614942316423,1449440
2021-10-08,528.3243408203125,529.4488453821837,523.264156083909,525.5131080129735,1050211
2021-10-11,534.4622802734375,536.9455592280216,526.2628498314738,530.198587882554,1424481
2021-10-12,547.5811767578125,550.0644548406673,534.4620926559908,534.4620926559908,4367841
2021-10-13,547.20654296875,554.7031646867713,541.9588734493243,552.7821668104652,1958852
2021-10-14,542.8490600585938,554.0003067424739,541.7245554627494,551.3296011780086,1015225
2021-10-18,542.80224609375,569.4621175264149,539.3350472391089,568.7124668214153,1971607
2021-10-19,538.1636962890625,552.5947153344631,536.8049222239626,543.9735893019387,1964659
2021-10-20,525.5599975585938,541.1623639155918,523.3110454279621,539.7099049405558,1227089
2021-10-21,529.7301025390625,532.5881785716131,518.906864700722,530.1049565607418,2154819
2021-10-22,527.3403930664062,530.4327375530495,522.0458820129251,529.4019751223934,1046820
2021-10-25,520.9683837890625,529.8237799185451,514.1277276892716,528.9803870701425,2156915
2021-10-26,527.80908203125,529.4489682159898,516.3767211901257,520.3124594724395,1541807
2021-10-27,539.2413330078125,545.2854951533593,529.9173991610039,530.3859379754699,2189903
2021-10-28,528.8397827148438,544.6764188903466,523.2173164553304,540.5064116422707,2768013
2021-10-29,532.6817626953125,536.383230581539,518.2039026207698,530.7138654571618,1739744
2021-11-01,538.5853881835938,541.0686668747531,531.7915751095076,535.0713469383768,1130666
2021-11-02,530.1986083984375,537.8358153549184,529.4489575965308,535.5399633033936,1790411
2021-11-03,520.0780029296875,534.3215921065158,515.954839127692,534.1341651710304,2635942
2021-11-04,522.748779296875,525.6537545238618,521.2494778340129,525.6537545238618,119471
2021-11-08,529.2965698242188,530.0031779338552,515.8710157411264,527.5065304488222,914345
2021-11-09,531.60498046875,535.6561899090638,521.6182727783087,529.1082747941742,1498615
2021-11-10,523.8322143554688,532.3115127892803,518.1793487329277,532.3115127892803,2948154
2021-11-11,516.4834594726562,524.774316892253,515.3999706462665,523.8321726967552,1656199
2021-11-12,515.1644897460938,520.3933790900787,512.9033779371965,520.3933790900787,1257824
2021-11-15,521.2884521484375,522.7487643755687,513.7512974237062,518.933091296959,936384
2021-11-16,520.9115600585938,527.1296888829916,517.2842703244288,523.8792798368166,1128877
2021-11-17,519.828125,522.8900940190304,517.4727642161305,520.7231735986555,892311
2021-11-18,510.4537353515625,519.7338905746524,505.6017270405343,519.7338905746524,1977932
2021-11-22,508.2867431640625,510.59500771535835,501.45619842274743,509.32307867497286,1475495
2021-11-23,512.5265502929688,514.5050305186305,503.9059060870204,504.42413150682114,937667
2021-11-24,515.4000244140625,519.7339226678259,512.6678404644417,514.787665125457,991160
2021-11-25,517.2372436523438,518.1793879941513,496.0389959616739,516.954611850587,1211317
2021-11-26,512.1025390625,521.9479588116274,510.07696325538836,514.3637084560343,2061796
2021-11-29,503.81170654296875,511.4902062314506,499.47786540223535,504.98938701642123,1267522
2021-11-30,507.2033386230469,512.6206681100749,499.38355277733865,499.38355277733865,4760651
2021-12-01,494.67279052734375,506.87356916699827,493.16538283993816,506.87356916699827,3003218
2021-12-02,502.021484375,504.0000215807192,490.3860271924606,499.0537648222938,2366483
2021-12-03,500.9852294921875,507.3447034913831,498.81830911176496,501.9744695023886,942083
2021-12-06,489.16131591796875,502.63396746257274,487.324123092813,499.3835582340546,779811
2021-12-07,492.36456298828125,497.4050692377557,488.360449918138,491.7522037269652,1117432
2021-12-08,499.1479797363281,500.74963635810656,492.31743436737935,495.6149390282512,829926
2021-12-09,499.0067443847656,502.3984408148576,494.90838223582045,500.7967840268994,468492
2021-12-10,495.8975830078125,500.7967444112253,492.08191044981794,498.6769199341262,1052815
2021-12-13,491.752197265625,500.41993576906566,489.9150044979734,494.6728214062561,941508
2021-12-14,485.2514343261719,491.7522533207649,482.61344165587593,490.85720469050534,1619756
2021-12-15,483.6026306152344,487.7480883047251,480.7291021618907,487.7480883047251,1205823
2021-12-16,480.0224914550781,485.20428478776296,478.98612703814905,484.30923625678776,560343
2021-12-17,471.4019470214844,479.9283421730486,468.71682978388725,479.9283421730486,919115
2021-12-20,466.6440734863281,470.4126507929069,460.2845992814765,468.90524287184587,939832
2021-12-21,462.4986267089844,473.0035298034118,461.17963045195546,467.7746404890621,1298413
2021-12-22,470.9307861328125,472.0142462170506,462.5457084673725,464.28865224325324,839522
2021-12-23,478.6092834472656,480.39935178850686,469.28206103598865,472.57956594162926,1090279
2021-12-24,476.3481750488281,483.41422871327785,474.93495856554557,483.2258458519809,1426893
2021-12-27,471.9200439453125,478.1852973893234,471.0250241687169,476.34813337296794,545832
2021-12-28,471.77874755859375,476.30102859556496,466.3614179560737,471.5432114889189,799994
2021-12-29,472.9564514160156,478.1382452064301,471.4961392122295,472.0143070904857,505862
2021-12-30,477.7142333984375,480.2109386778545,471.11922360789504,472.9564164074734,835434
2021-12-31,482.9902648925781,486.14642507707225,478.6092711999084,479.0803433172311,914258
2022-01-03,484.3563537597656,488.50181161398996,483.7910901905185,483.8381859039685,502608
2022-01-04,473.00347900390625,477.80842012243653,469.187806535874,475.31174376977594,2094024
2022-01-05,472.1085205078125,473.8985889502739,469.187867390132,473.8985889502739,856040
2022-01-06,473.2390441894531,477.57291347991116,468.3399113518594,468.7167633006035,797577
2022-01-07,475.07623291015625,477.29027762403643,473.0035040818513,477.1960574496661,596720
2022-01-10,476.7721252441406,478.2324662023724,472.10852807601725,475.7828852014377,702161
2022-01-11,475.3117980957031,479.97542386918127,474.1812134379017,476.72501454197385,743570
2022-01-12,474.93487548828125,478.79767228395224,472.29685459642786,478.79767228395224,1000008
2022-01-13,471.77874755859375,475.45310449512806,468.85809454423406,474.93493664262814,1476130
2022-01-14,470.6481628417969,472.0142835464585,467.3506578669214,471.7787474768245,637918
2022-01-17,472.0613708496094,473.99278383737584,465.7490215470536,472.9564193990574,1183216
2022-01-18,462.16888427734375,473.898592552031,460.00196384399436,473.898592552031,2047654
2022-01-19,465.796142578125,467.02094743615345,456.09206765539926,464.4771462903704,899160
2022-01-20,459.5308532714844,467.3035432550615,458.68292920548623,467.20932308062606,1191400
2022-01-21,450.2036437988281,459.7193066472411,447.5185268871132,459.7193066472411,1725811
2022-01-24,444.1268310546875,449.2144046822063,439.698769958424,449.12021325085254,1225487
2022-01-25,440.4524841308594,448.22517502728635,432.444257146662,442.8078450085645,1736649
2022-01-27,436.4483337402344,442.8078075723911,429.2880315269694,442.8078075723911,2019041
2022-01-28,444.2210388183594,448.08383621065065,435.27066794078905,436.6367886807821,1421740
2022-01-31,454.6316833496094,466.07875866167836,447.0003381441766,451.28708285843624,2647338
2022-02-01,468.8581237792969,473.42752956629965,457.08131956122975,458.4474403513109,2794796
2022-02-02,476.0654602050781,477.3844851072756,467.3035305088216,473.42746790460257,1565539
2022-02-03,472.2969055175781,478.3737474886766,470.60105735222834,475.68863060023864,1393417
2022-02-04,487.0845031738281,488.13395168862536,470.0549336942045,473.9664695262473,1758002
2022-02-07,487.8954772949219,499.9163730031022,485.3672800865043,497.1019466617779,3235609
2022-02-08,482.5528259277344,492.9518724097997,481.2171773960333,490.9961044649825,1564673
2022-02-09,488.6587219238281,489.3742510778859,482.7436692709683,486.2259053310583,515112
2022-02-10,484.2223815917969,491.0437823079547,481.78959429628225,491.0437823079547,774115
2022-02-11,476.3515625,484.17469232742957,471.81987818757574,484.17469232742957,1069920
2022-02-14,467.2881774902344,475.49291672802985,464.2352708978832,467.4789968900481,1001194
2022-02-15,480.0246276855469,480.8355665076081,464.6169065262007,466.52498417107216,1520336
2022-02-16,477.2102355957031,483.6022783035859,474.1572996861485,482.74364917744697,1166886
2022-02-17,482.8867492675781,484.50862692887944,476.3038871460369,477.2102356829326,855947
2022-02-18,481.5510559082031,483.69764308164235,477.3532912586901,483.60223338427693,1330397
2022-02-21,483.93621826171875,485.51037657895796,476.0653975605671,480.83559192490145,1505281
2022-02-22,482.12353515625,487.5138487964685,475.68377296568997,477.9734603660092,1586579
2022-02-23,477.9734191894531,483.1729420821058,476.73318044631975,479.88149671116753,812781
2022-02-24,461.2301025390625,472.6785689589962,455.0765401923658,455.0765401923658,3229880
2022-02-25,472.1061096191406,474.4912066374095,462.32721184423804,462.32721184423804,1460932
2022-02-28,491.04376220703125,494.1920784741093,463.47201870676474,471.0566385069333,3050846
2022-03-02,488.9925537109375,491.9977990902553,481.074043666425,490.37592155586003,1985091
2022-03-03,487.5615539550781,494.57377460316656,485.60578591319785,489.04030256089436,1271102
2022-03-04,478.0211181640625,486.5597768748075,476.1607600155718,483.6976605402498,2233264
2022-03-07,459.70361328125,478.9274897666205,454.9811094552986,467.47902387578495,1540133
2022-03-08,468.0991516113281,469.7687195834265,456.22138550737276,459.84672145794724,1797911
2022-03-09,469.9595031738281,475.3975066851647,464.6645705398197,472.2491903951779,2526968
2022-03-10,477.78265380859375,481.6942189933336,475.01594691229917,477.01943435960067,1022074
2022-03-11,484.2223815917969,485.60574949862905,479.11829730062095,479.88151669510887,1575214
2022-03-14,483.7930908203125,486.89371698130896,480.9786646589648,485.12873934359703,1105361
2022-03-15,487.94317626953125,490.1851442511334,483.93620149632494,486.5598083058171,1167973
2022-03-16,501.2996520996094,505.545136007496,489.6126778954854,493.1903230600131,2965305
2022-03-17,500.0117492675781,510.4107962590257,494.6691548790744,508.88435735657083,2070981
2022-03-21,481.1694641113281,499.77319119072945,479.97691563733105,498.9622815203738,1655968
2022-03-22,469.48248291015625,481.78957717744095,464.13985999371295,481.78957717744095,1143012
2022-03-23,462.32720947265625,472.2492071947677,461.5639609617531,471.0566586917506,1755374
2022-03-24,460.2283020019531,463.66284743557765,456.8891662693924,463.66284743557765,2941035
2022-03-25,456.1259460449219,464.52147565380994,451.92818124047784,464.52147565380994,1468764
2022-03-28,452.88226318359375,457.9386575480377,446.96721054428264,457.50932841060416,2003440
2022-03-29,460.3236999511719,461.7547580857351,454.31326743198724,456.03052554748217,861768
2022-03-30,467.47906494140625,468.6239232770414,461.80252179256354,463.2812995690054,1710457
2022-03-31,480.5493469238281,482.93444388272155,468.95775241164364,472.0583784582051,2916586
2022-04-01,494.4306335449219,496.7680403711934,483.0298576522214,484.2224062135936,1839975
2022-04-04,505.7359313964844,507.357808960161,487.08448498896786,498.6283891058024,2420693
2022-04-05,518.9016723632812,522.6700786453866,507.40545944122937,510.17219496394335,1871307
2022-04-06,497.3404235839844,507.5486505703854,494.0489780198301,500.870378852354,3004423
2022-04-07,488.4678955078125,498.8191938296368,487.7046760670637,497.3404452450777,1770482
2022-04-08,494.0013122558594,496.10020940316264,487.513859625031,492.76107337833366,4230498
2022-04-11,495.6708679199219,499.86866210995134,491.4731319598021,496.05250674807354,1167454
2022-04-12,494.0966796875,500.87033135288266,489.2787375353263,498.00821517372333,1110786
2022-04-13,495.81396484375,497.1973327185878,489.7080933692483,497.05420360984715,618477
2022-04-18,494.0489807128906,499.15312334886795,492.80874189019164,497.05422629434963,930605
2022-04-19,480.930908203125,500.20247222211106,477.7348727769343,496.10011751174403,1077806
2022-04-20,487.17987060546875,490.70979642991864,478.9274414316781,483.411435099031,1599673
2022-04-21,494.3829040527344,496.52949129301845,489.9466004641851,491.6638586104312,1515422
2022-04-22,499.15313720703125,501.2042857934664,485.60577391164765,492.8564458686591,1831082
2022-04-25,491.8547058105469,504.59115909403516,479.88153017289096,493.9059125813807,2516823
2022-04-26,505.9267883300781,508.0256854370206,492.5702444876025,492.5702444876025,2196486
2022-04-27,505.5451354980469,510.9354192692291,499.2007547873837,504.6864773674648,1901393
2022-04-28,517.6614379882812,521.2390835463367,501.7767266484597,508.5026886516224,2172557
2022-04-29,497.7220764160156,516.2303950462864,495.52779872143583,513.2728979227106,2965286
2022-05-02,498.86688232421875,501.82437913743985,491.5684626436614,495.90932728109385,923844
2022-05-04,495.6708679199219,512.4142379241788,491.9024028540856,501.8244300869318,1918045
2022-05-05,495.86163330078125,501.87206569481003,492.4271171413086,496.1955235665982,1275107
2022-05-06,480.50164794921875,495.8139885454503,476.0653732400131,484.6517226571676,2268170
2022-05-09,466.954345703125,479.1183415336053,464.6646290783637,479.1183415336053,1502698
2022-05-10,478.9751281738281,481.646454061274,466.9542635826508,466.9542635826508,1531282
2022-05-11,478.68896484375,482.7436297178625,471.2474738972426,482.69593942414843,1259082
2022-05-12,477.1625061035156,479.1183031375172,465.57094035816283,477.9734449168844,1799507
2022-05-13,477.067138671875,489.4219540307189,474.3958414069687,481.78964285675056,1648726
2022-05-16,472.8216552734375,482.7436533937166,469.81643874822646,481.93271455613143,1159224
2022-05-17,479.9292297363281,491.807025012585,472.2492286735782,475.1113452109938,1302697
2022-05-18,499.6778259277344,501.8721035411968,479.88152065231577,482.69594678323637,2333368
2022-05-19,487.03680419921875,497.10190182709,484.6993975085986,491.3299787710042,1576556
2022-05-20,504.2572021484375,507.0239379936195,484.127006518705,492.37940729984405,2817153
2022-05-23,507.2147216796875,515.0855413198619,504.2571666345281,509.26587004191185,1501650
2022-05-24,504.40032958984375,511.6986915353312,501.15657434968864,511.31711094995916,1615087
2022-05-25,497.81744384765625,509.98143878353955,495.0507662119494,507.0716320330942,1165592
2022-05-26,505.78369140625,508.2641689859219,492.66565795048945,500.2025295071277,1753281
2022-05-27,501.9197692871094,510.6492472494734,495.5277561670231,507.26242129109073,1375696
2022-05-30,511.22174072265625,513.177567125997,501.8244804920993,503.35091949820793,980868
2022-05-31,509.122802734375,526.5340099391423,502.4445314777519,509.9337123807175,7603590
2022-06-01,496.3386535644531,513.7975508280919,494.19206640343435,508.45495718596203,1623158
2022-06-02,493.95361328125,498.34216868768044,489.6127481712114,496.7680395272894,1224004
2022-06-03,489.85125732421875,498.96231666124805,488.61101846989555,498.96231666124805,687824
2022-06-06,489.1834411621094,492.2840675566035,483.07759808517375,489.8035897329733,583249
2022-06-07,475.9700012207031,485.6057999303277,471.10439700941185,484.89027075557766,1084580
2022-06-08,468.71923828125,475.06361942384547,464.4737832035574,472.72621278026264,1472376
2022-06-09,473.8233642578125,475.0159127579655,460.8961501621351,469.05317025720035,1765431
2022-06-10,469.9117736816406,473.6802383822232,464.6168702762189,468.0991058834301,2168604
2022-06-13,477.1625061035156,480.263132243196,461.75478510932544,462.70882392153476,2792911
2022-06-14,476.8285827636719,479.64300888245947,472.24920814881636,475.06363426760396,1012537
2022-06-15,471.1043701171875,477.78264203363585,468.43307299659017,477.78264203363585,1234778
2022-06-16,462.51800537109375,471.8198838073901,456.5075724890069,471.7721935126728,1289736
2022-06-17,451.6419982910156,462.5180356596165,449.4000011083541,455.3150537883603,2672949
2022-06-20,462.6134033203125,464.61689060175013,451.92818634423395,452.92991542747615,912090
2022-06-21,462.6134033203125,472.7262203145117,455.98285120061473,464.61689060175013,1739570
2022-06-22,459.0357666015625,461.4208636213305,451.4034561383048,459.5605054148838,1674643
2022-06-23,454.50408935546875,460.22832229222513,452.83452141558143,459.0357737637342,2090775
2022-06-24,460.0375061035156,465.2847193335373,455.07649285824135,455.98284133486254,1442087
2022-06-27,460.5145263671875,466.1910395851667,458.892648810649,463.28123297985366,1051651
2022-06-28,466.1433410644531,468.2422088544487,455.2195856843037,460.514518238396,1230006
2022-06-29,453.9316711425781,463.56746930723466,451.7373934434284,463.56746930723466,1689593
2022-06-30,455.9351501464844,460.7053442871987,453.69315307735775,455.9351501464844,2030507
2022-07-01,468.6239318847656,470.34119030480423,455.64899667405535,456.0306064212909,846365
2022-07-04,476.5423889160156,479.881524774286,468.671568678664,469.29168808649484,1321306
2022-07-05,469.6255798339844,480.2154158980256,468.3853410913738,478.83204804938487,842519
2022-07-06,475.9222717285156,478.83207848688767,458.0817341279718,459.8467117699969,2706381
2022-07-07,476.06536865234375,485.3672470979557,474.68200072470705,479.8338336173169,1414095
2022-07-08,480.5970764160156,481.50342498030096,475.1590432602145,478.3550792688009,514837
2022-07-11,484.31781005859375,485.2241586002469,475.06365080334444,480.83557412453206,897184
2022-07-12,477.0193786621094,482.0757724299468,475.96993020606226,479.881494934082,1086489
2022-07-13,479.166015625,480.74017391506266,474.15731162891984,477.01942819810847,1169717
2022-07-14,483.9838562011719,488.94486944937097,477.01938482865455,479.35679146029605,1100706
2022-07-15,483.2206115722656,490.3759019706703,478.92743733322277,485.7011180667028,1138146
2022-07-18,484.60400390625,488.03852017947537,480.5493391417926,486.17816205063707,998231
2022-07-19,484.12701416015625,486.7506209330678,480.4539588550891,484.46090445747234,666595
2022-07-20,489.5650634765625,492.9518897778771,482.02813320328994,486.5598177806588,1729531
2022-07-21,501.6335754394531,504.0663626657958,489.23107138446903,490.5667489592757,1354647
2022-07-22,506.78546142578125,508.6935391734462,500.91809905974696,503.20781564890956,1566939
2022-07-25,497.8651428222656,507.31015058204747,496.3863942737911,506.7854408687061,1087243
2022-07-26,484.55633544921875,497.96059901954,482.36205769782737,497.05425044855554,1616824
2022-07-27,491.3299865722656,492.2363350866815,481.07406937682515,481.78959848348376,880329
2022-07-28,490.85296630859375,494.09672154506455,485.89195286512984,493.38119243965843,1519220
2022-07-29,494.1921081542969,496.72033431616154,488.99258494568795,492.1886499267158,1476670
2022-08-01,499.05767822265625,500.2979752595915,494.47830358060463,499.63013644660515,705989
2022-08-02,498.43756103515625,501.824386981924,492.61788967023676,499.8209288809923,1194541
2022-08-03,496.529541015625,500.7272771012663,490.9006883965764,498.96232848558583,1308692
2022-08-04,507.1192932128906,508.9319901559332,492.57020206606006,496.52948622748744,1271045
2022-08-05,495.81396484375,512.4619531749363,494.2397775672267,512.175694957455,2069247
2022-08-08,499.34393310546875,503.6371077217484,496.6248875772138,500.1071525023814,1321518
2022-08-10,486.84600830078125,505.545204498685,485.89196946098747,503.732507411113,1647830
2022-08-11,489.8035583496094,491.28230688932945,485.60576420791136,491.13917777294307,1220917
2022-08-12,486.7983093261719,490.99610343839043,483.02984433018844,489.8035549099088,2148477
2022-08-16,488.0863037109375,496.86344406168433,484.17473842480985,486.7983453817916,1238259
2022-08-17,489.13568115234375,493.762745820409,487.2752939348056,489.8512102183273,590860
2022-08-18,489.7080993652344,491.32997695456083,488.18166059287216,490.28055757730016,682162
2022-08-19,492.236328125,496.0047930127531,486.98911475038113,491.3299796234026,1209484
2022-08-22,491.2346496582031,495.1461858304088,487.2276746586797,491.330030255608,1069955
2022-08-23,489.421875,493.5719202387403,486.7982684576024,487.5137975146199,966053
2022-08-24,499.1054382324219,501.68129649478954,485.7011751743954,489.42192079605286,1632111
2022-08-25,493.6673889160156,502.7307575198717,492.04551130934414,502.7307575198717,1169236
2022-08-26,491.9023742675781,497.0065167054124,488.7063676297027,496.1001682136562,1300916
2022-08-29,499.0099792480469,501.9675344455674,481.7895906729457,486.7982943383575,2408316
2022-08-30,501.44281005859375,502.87386837295037,497.5312739579838,500.3457002888675,1844365
2022-09-01,502.3968200683594,507.2147627004625,493.0472512644148,493.0472512644148,1382520
2022-09-02,499.4869689941406,505.2112014148086,497.57889152058465,502.39677549533286,351979
2022-09-05,496.9110107421875,500.58409450614454,494.19202386423746,499.3438558991831,505820
2022-09-06,496.5772705078125,499.43938734071054,489.85130759648524,496.1002510356628,945938
2022-09-07,498.7237854003906,500.6318630107221,491.807004062939,495.19383017529583,537305
2022-09-08,497.67437744140625,501.63360363586804,494.19211243057856,500.58418421803697,702230
2022-09-09,497.7220764160156,502.82616093796713,496.5772181575666,502.82616093796713,409296
2022-09-12,498.29443359375,501.6335692597256,497.0541948495115,499.868620842529,487837
2022-09-13,499.29620361328125,505.40207548113807,497.3881259333147,500.6795715772389,839395
2022-09-14,509.6475524902344,511.84183014403135,496.1001895151841,496.863408929995,1766362
2022-09-15,499.630126953125,514.0360894185384,497.53122996500935,513.2728700310164,1162980
2022-09-16,485.2718811035156,501.776771557506,482.8390935522849,497.1496479503482,2709742
2022-09-19,488.6109924316406,490.6144506103277,482.45743055437754,487.22762453211527,635271
2022-09-20,503.0169372558594,509.45669889924875,490.37592365957653,491.09145273106424,2557425
2022-09-21,510.6970520019531,518.9018221302126,503.3032499409191,504.16190831094184,3107895
2022-09-22,524.1966552734375,525.5322747191086,510.69698231848594,512.3188600017173,3965300
2022-09-23,517.995361328125,528.871368357907,515.5625741129044,528.871368357907,1834851
2022-09-26,502.0628662109375,526.533982174272,500.63180815998,517.8521950605221,3214256
2022-09-27,511.79412841796875,516.468883622969,498.72378514783543,502.1106112584772,2277210
2022-09-28,522.2408447265625,527.5834385336756,506.40376624493217,509.9337213313736,3139646
2022-09-29,513.654541015625,527.0587752352028,507.5486690731567,524.8167489958996,2384651
2022-09-30,513.1298217773438,516.7552163416863,504.7819810329792,513.6545897794937,1942784
2022-10-03,505.1634826660156,516.8981468213425,499.00992151447224,515.180888837863,1776834
2022-10-04,501.9197692871094,512.3188150826104,496.10015613213665,512.3188150826104,3048584
2022-10-06,500.9657287597656,507.02390981374054,498.48525127980884,507.02390981374054,1156219
2022-10-07,497.3404235839844,505.6405729366622,491.52081009309177,502.5399467818619,1761023
2022-10-10,491.1868591308594,493.1903755742677,487.5138329961393,487.5138329961393,644597
2022-10-11,483.5545959472656,493.6674135593803,479.0229114191206,493.6674135593803,1484169
2022-10-12,485.0333251953125,488.8971998448988,479.45219233365714,483.6976766842639,1655770
2022-10-13,491.8547058105469,495.4323514132275,484.6517243097984,484.8902340166438,1374739
2022-10-14,487.9908142089844,499.820917845406,486.7028560904278,498.0082209522773,831377
2022-10-17,490.3282775878906,492.66568441153134,486.559812492214,489.42192903628586,1054028
2022-10-18,492.140869140625,494.8599145339964,489.37419168532455,492.80870791600944,446492
2022-10-19,493.2380676269531,495.90936466444435,491.3299899959011,493.2380676269531,495441
2022-10-20,499.7732849121094,500.8227627039766,490.566843904332,491.854773205809,1609093
2022-10-21,495.2892761230469,502.4922575597478,491.902391732031,500.20254110242837,910520
2022-10-24,495.95709228515625,500.4410867015773,495.28931164795716,500.39339640319344,61633
2022-10-25,492.6656494140625,498.7237723766999,490.3282427564641,495.90934632897546,720882
2022-10-27,495.5754699707031,498.43758639186814,492.6656632551669,496.10017966860187,1932746
2022-10-28,495.098388671875,498.0081950236384,489.08795658481114,498.0081950236384,1619952
2022-10-31,500.4410095214844,502.1582676078484,492.7610093089233,496.10014489959366,1483039
2022-11-01,506.9762878417969,508.50272676902597,498.0082990120667,502.9693128704299,1253309
2022-11-02,505.4974060058594,507.262412622958,501.9675092314699,506.88077383280046,680852
2022-11-03,514.8470458984375,516.3734846395901,504.6865096985554,505.64054846925217,1299181
2022-11-04,514.4177856445312,517.0890829139713,508.16884250622144,514.0361467932198,774772
2022-11-07,481.6941833496094,500.87036901488426,476.160769966474,499.58243992938026,5483662
2022-11-09,479.166015625,483.697700192882,473.7279824975594,481.7419321832519,1648043
2022-11-10,480.8832702636719,482.1235382365286,475.3021662881596,480.69247996281666,1405812
2022-11-11,476.20849609375,483.31609732057916,475.1590475138553,483.31609732057916,671057
2022-11-14,476.590087890625,482.314320894768,472.4877325503044,478.59357526506597,1914318
2022-11-15,475.06365966796875,478.97519568294325,472.63084311785076,478.97519568294325,1051406
2022-11-16,470.7227478027344,475.96996131092544,469.38709927818564,475.01592249125434,998584
2022-11-17,465.8571472167969,472.2492189987209,463.3766695604843,472.2492189987209,2386069
2022-11-18,463.7582702636719,469.00548370622226,459.8467053289617,467.28819638332436,1134351
2022-11-21,467.0019836425781,471.629077556818,460.18061217640746,463.23351880887844,1191076
2022-11-22,463.6628723144531,468.3376567678837,459.98981698855965,466.763498518202,1726964
2022-11-23,468.0514831542969,468.76701231858243,461.9933304070215,465.5709762284492,1354580
2022-11-24,467.0019836425781,469.2916708956696,464.3306866997969,469.2916708956696,1576614
2022-11-25,463.9013977050781,469.1009211608139,461.85021997009306,469.1009211608139,1512539
2022-11-28,464.0921936035156,467.1928197549433,459.3696898192057,461.8501965633386,2225302
2022-11-29,479.30914306640625,484.93796681835005,464.09223990483525,464.09223990483525,4005638
2022-11-30,484.0316162109375,485.79659390584675,477.6395442720625,479.3091122590122,3141017
2022-12-01,478.45050048828125,486.5121407067981,477.63956161361494,485.7488921303655,1180104
2022-12-02,480.6924743652344,482.60055204129765,475.6837704655682,478.0211481497729,1542730
2022-12-05,477.92578125,483.22068530678706,476.82861326286707,481.74193671145537,1003133
2022-12-06,479.0705871582031,480.45395509179355,475.44525129183086,477.01940952025683,873707
2022-12-07,486.9891662597656,488.65873432828187,477.9257967449631,477.9734870437953,1606711
2022-12-08,487.03680419921875,492.1408884537121,483.79307812352704,488.4678623898139,1703231
2022-12-09,499.6778259277344,501.8244132467557,488.99257962706906,490.37594754530875,2940138
2022-12-12,509.2181396484375,510.41068798485065,500.8703012935451,503.44621734617743,4051574
2022-12-13,503.73248291015625,510.12455447185357,500.53647624426094,510.12455447185357,787991
2022-12-14,500.9657287597656,505.59285167609517,498.96227065902394,505.59285167609517,1159310
2022-12-15,495.2892761230469,501.63359933077595,493.0472499606907,499.77321198794243,752911
2022-12-16,490.5667419433594,496.95881328010745,488.89717411368144,493.4288582228073,1439095
2022-12-19,501.2996520996094,502.3490713892435,489.6126778954854,491.32993592847833,1396813
2022-12-20,501.9197692871094,505.44972435172286,495.38462706079224,501.3473693219958,1129137
2022-12-21,497.7220764160156,504.4003483220732,496.6249084537708,501.9198123904487,796069
2022-12-22,498.3421936035156,503.25551720564016,496.38642551438625,500.2502713938688,685397
2022-12-23,491.8547058105469,499.343945543437,489.4219184467059,493.81047376069716,598327
2022-12-26,494.62139892578125,498.62837330023183,488.5632179578906,490.2327857614197,490218
2022-12-27,495.05078125,499.5824657755361,494.1921229953028,497.7697686733576,464951
2022-12-28,495.33697509765625,497.81745277829333,490.7098518069745,495.95706540286085,433375
2022-12-29,491.71160888671875,496.0047833825984,488.7063634476406,492.4748282622273,762655
2022-12-30,486.4167175292969,495.86169639963214,485.6057786770808,494.4306381127645,406283
2023-01-02,482.9821472167969,489.4219091796875,477.9734434678819,486.4166927533293,651385
2023-01-03,487.1322326660156,489.803558860332,481.1217705650197,482.98215793043727,490270
2023-01-04,482.8867492675781,491.0437987547754,481.789610433147,487.5138434283923,790246
2023-01-05,491.8069763183594,500.7749638729643,481.6464694395253,482.886708170293,2901670
2023-01-06,489.4696044921875,493.6197082932083,484.31780069204973,491.80701124495897,896307
2023-01-09,491.28228759765625,496.5295009537767,489.5172808944717,491.23459730403647,590344
2023-01-10,486.60748291015625,493.0472448712462,485.1764246965807,493.0472448712462,896497
2023-01-11,477.3055725097656,490.7098052319404,472.0106691206387,487.51379872793603,1810341
2023-01-12,478.5458679199219,479.8815164169784,467.8606217135624,473.680264216759,1961900
2023-01-13,473.72796630859375,481.646506015051,471.58137895505877,479.88152836804244,787686
2023-01-16,475.15899658203125,476.20844504943665,471.8675803026108,474.77738689796183,548451
2023-01-17,484.89019775390625,486.17815589754156,471.58134546126126,475.0158908059715,2178054
2023-01-18,484.6994323730469,486.55981980061966,482.17123521079947,485.6057809382655,731495
2023-01-19,478.307373046875,484.7948254422264,477.01941480391355,484.55631573482447,978452
2023-01-20,481.9804382324219,483.36377709470446,472.5831497453841,472.5831497453841,3298721
2023-01-23,480.787841796875,484.03156773797434,478.54584490164603,483.6976483510335,605076
2023-01-24,480.2631530761719,488.038563909971,479.4045239309284,482.2189501950125,1246731
2023-01-25,482.17120361328125,483.7453618100172,475.3498320174565,479.3568066227421,681724
2023-01-27,480.64471435546875,486.4166663069903,474.3003624414413,483.07753065592823,1000075
2023-01-30,481.0740661621094,484.79481166888013,477.3056012462413,480.83555646148363,1213003
2023-01-31,475.20672607421875,483.79307516528695,470.81814182690437,482.50511697863607,2320622
2023-02-01,482.12353515625,483.69769342428475,473.82338557576844,475.206753544167,924112
2023-02-02,476.73321533203125,481.5510997809355,472.7739308927851,481.5510997809355,1173574
2023-02-03,471.19976806640625,478.1165495215553,469.48250983386816,476.73321069949804,1168245
2023-02-06,481.5033874511719,487.99083955687536,470.9135510923429,471.19975108246535,2365306
2023-02-07,474.7297058105469,484.842522766713,471.1520603624895,484.65170336350195,1331226
2023-02-08,477.8780212402344,479.4044891181285,473.6802564122404,474.7297048979772,936630
2023-02-09,471.4859924316406,479.21368351516077,468.9100759938313,477.9734447058179,1121421
2023-02-10,472.3923034667969,473.7279519566522,469.38708708588405,472.9647325667216,665580
2023-02-13,469.3870849609375,475.731437095244,468.099126770676,472.3923013282455,731063
2023-02-14,471.3905944824219,475.92227895142065,468.8146779803775,470.8181653580837,1613823
2023-02-15,470.6750793457031,472.48774736418994,466.9066141871746,471.39060849365495,804095
2023-02-16,471.81988525390625,473.39407259376117,469.33940762191907,471.3905852552719,1067189
2023-02-17,467.0019836425781,474.15727450533467,465.66633517118754,470.3411193785312,864738
2023-02-20,466.5726623535156,469.67328844593635,463.66285566660986,469.6255981520344,699230
2023-02-21,477.4010009765625,478.02112036224435,468.76696164025765,471.96299738486795,1498550
2023-02-22,480.5970764160156,482.17123471428795,475.44527238759935,477.7349598319004,1412597
2023-02-23,477.9734191894531,481.7895742328819,473.39404478331954,480.8355354720247,896170
2023-02-24,475.8745422363281,480.3108459524144,472.964735539605,478.92747804514715,399292
2023-02-27,467.5744323730469,476.5423914747051,462.80423826419093,476.5423914747051,753190
2023-02-28,469.2917175292969,472.6785730098594,464.42611343613555,469.3871272399384,1995562
2023-03-01,473.1555480957031,476.0653547502998,469.3870832407766,472.24919960200083,1161720
2023-03-02,476.06536865234375,477.06709776204343,470.0072163545185,475.11132983740924,1047352
2023-03-03,476.5423889160156,478.49815684416376,472.8216433540766,477.30560832335294,689611
2023-03-06,477.92578125,480.64476872432243,476.06539381655824,477.21025210097713,675747
2023-03-08,477.9258117675781,481.82468105151355,474.2194621914087,477.44446842986434,1443804
2023-03-09,474.4600830078125,478.9365696929895,473.6417935456298,478.4552264068659,779119
2023-03-10,478.0701599121094,478.9365719554522,472.77538373973755,473.64179578308034,713399
2023-03-13,472.4384765625,480.3806414766938,470.8981720367015,476.0485515234972,1285925
2023-03-14,467.1436767578125,475.5190620030066,462.282121136608,472.43845310437194,2082796
2023-03-15,467.4805908203125,469.64663554050446,464.97759993454054,469.598483586072,927685
2023-03-16,470.36865234375,472.67909417883135,464.01491526312975,466.90297490169695,1104680
2023-03-17,467.9619445800781,472.3421566942081,466.42164020209026,472.3421566942081,2448223
2023-03-20,464.3037414550781,466.9030070603618,460.5492695421181,466.9030070603618,531125
2023-03-21,463.87054443359375,466.42165804973394,461.8488966963052,465.170177220341,699575
2023-03-22,465.7958984375,466.80670757505254,463.48545656676396,465.17015804859307,772546
2023-03-23,461.4638366699219,464.01495033436913,459.10524270194634,464.01495033436913,1277275
2023-03-24,459.39404296875,462.85969111775955,457.8537385809332,461.1268670432548,1031979
2023-03-27,461.8489074707031,464.97763899603876,456.65040558130283,459.3940683331393,1033080
2023-03-28,461.4156799316406,463.96682294852354,457.7574825690695,462.0895723094708,1427140
2023-03-29,454.62872314453125,462.4264900737091,452.4626784074742,460.7417886115536,1489592
2023-03-31,461.89703369140625,462.8597203221752,454.05114352641203,454.5806388006536,1655647
2023-04-03,461.8007507324219,465.21827624037695,458.09440163155796,465.21827624037695,1368272
2023-04-05,464.3999938964844,467.3843281290023,461.84888037052286,465.8921757021746,2324531
2023-04-06,461.4156799316406,465.1701812097461,460.16419909151466,465.1701812097461,757700
2023-04-10,462.5708923339844,464.3518683467347,455.63953734663363,460.1641759326629,654066
2023-04-11,461.9932861328125,464.496277128865,460.7899279019087,462.5709039594189,1121930
2023-04-12,459.49029541015625,463.5817133976636,458.81643242776704,461.99328640769806,2239126
2023-04-13,459.0090026855469,461.5119939588379,455.4470795548607,455.4470795548607,1327298
2023-04-17,461.56005859375,462.8596618780991,456.31340536699446,458.0943812848108,1056975
2023-04-18,462.1858215332031,464.3037143296441,459.05709022537843,462.66716481133,1243177
2023-04-19,450.68170166015625,460.78991041616877,449.1413973072772,460.30856714207295,2834418
2023-04-20,454.14739990234375,454.96568938154405,445.43509799386527,450.53732518133944,2774048
2023-04-21,455.5914001464844,457.1317044696616,453.4734780297581,454.1473703520423,856639
2023-04-24,457.2279968261719,459.44216417910445,452.89590727393306,457.9981343283582,2043813
2023-04-25,471.47576904296875,474.0750346514128,456.7947981845609,457.2280189122562,3869120
2023-04-26,478.4071350097656,480.861974177444,471.47577948629265,471.47577948629265,2098348
2023-04-27,479.3216247558594,480.7656545729862,474.2675203959155,480.3805858308581,1077677
2023-04-28,477.87762451171875,481.2470276268602,475.42278542223255,479.3216544182079,1293767
2023-05-02,481.1988830566406,483.7499965657422,476.6742444715455,477.39625939179285,572000
2023-05-03,483.75,485.53097602502623,476.52985074626866,476.52985074626866,802389
2023-05-04,478.7440185546875,484.7126870283291,476.7705228416683,484.23134374428906,795938
2023-05-05,475.1820983886719,480.57314907415315,473.6899165729527,480.13992836468503,906837
2023-05-08,510.89776611328125,519.658190254231,491.9328292422221,491.9328292422221,9360002
2023-05-09,516.8663330078125,519.8025146702938,511.18645994973036,511.18645994973036,2469102
2023-05-10,513.545166015625,516.9626916108556,511.5234889502209,516.8664464562902,904862
2023-05-11,522.3536987304688,523.220140128896,510.60896982207106,513.5451520491705,1677585
2023-05-12,521.2947998046875,528.996292691922,519.9951963830578,522.738829721044,1423611
2023-05-15,516.8663330078125,521.7760099675214,514.0745190454916,521.7760099675214,1256652
2023-05-16,516.1444091796875,518.6473706672896,511.61977071420085,515.4223942785266,1024340
2023-05-17,507.19140625,516.0000120483184,505.4104595622522,516.0000120483184,978934
2023-05-18,512.9193725585938,517.0107903200767,504.64029188550575,505.1697577266237,846130
2023-05-19,506.13250732421875,514.700442030707,502.52243237896755,513.1119855517044,780885
2023-05-22,510.46453857421875,511.47534769113787,503.77385535998513,506.0362039868953,404455
2023-05-23,507.2876892089844,513.5932743591309,505.55486517075144,510.46454307203214,583381
2023-05-24,511.09033203125,512.8712787123319,502.5223979124115,502.5223979124115,1062897
2023-05-25,508.6835632324219,511.2827697411383,506.2768470149288,510.84960782816563,652969
2023-05-26,523.7977294921875,524.6641708921633,508.6835976304641,508.6835976304641,2044193
2023-05-29,523.845947265625,527.9373653966381,521.1022551466617,526.8783748610331,980789
2023-05-30,521.3910522460938,527.0709268328635,520.1876939656535,523.7015236476307,486319
2023-05-31,522.7869873046875,527.5522980992839,520.5728197028974,524.5679929087493,2583502
2023-06-01,535.5425415039062,537.9011354152141,518.5992809205401,523.7015081268482,1969756
2023-06-02,528.9481811523438,537.8530324890576,527.7448228635986,537.2753852558225,959977
2023-06-05,526.7340087890625,532.7989227567924,524.6642090484406,528.5149555368695,599951
2023-06-06,522.4981689453125,527.5522737577729,516.9627208173797,527.45602859777,1602972
2023-06-07,529.2850341796875,531.4029562641688,523.8940131989369,525.0492487684469,1074463
2023-06-08,525.0974731445312,530.8254707706553,523.7015656756506,526.7821748723482,775479
2023-06-09,513.3045043945312,533.2802512481358,512.4380629556215,525.097415187623,1110522
2023-06-12,517.9254150390625,518.98434684553,508.73176933034256,516.8183018941585,787822
2023-06-13,517.2515258789062,524.231004099306,514.8929318321907,518.7918597752878,1231955
2023-06-14,519.273193359375,523.1239398914943,514.7004318524833,518.8880952030714,1444023
2023-06-15,525.0492553710938,530.440276419638,520.5727395170949,520.8615337236736,2156123
2023-06-16,527.6967163085938,532.7989438562707,526.1563823975861,527.1671916392822,1730503
2023-06-19,514.9891967773438,530.2958781166146,509.93509224162,527.6966713615659,848453
2023-06-20,516.0963134765625,520.2840358527495,512.1493215317605,515.0373816155862,1483920
2023-06-21,507.4802551269531,520.1395484236858,506.51756854510006,517.0589396102107,550597
2023-06-22,504.6884460449219,508.0578491181832,500.9821261674251,507.3839567519856,1103762
2023-06-23,508.7798767089844,510.1276614748809,502.8112079364441,504.68845858975413,1008663
2023-06-26,508.972412109375,512.5824868234697,504.97723925601963,510.17577034740657,752253
2023-06-27,509.1167907714844,511.8604828677255,505.651142474654,510.6571246038639,1412587
2023-06-28,503.485107421875,510.70525714589803,501.60785674208324,509.790693095976,2781842
2023-06-30,511.1384582519531,512.1492674229531,503.4850880868505,503.4850880868505,1684566
2023-07-03,513.3526611328125,516.3369662739054,509.1649976674515,514.8929362847836,1468638
2023-07-04,506.806396484375,516.6739346048262,503.7257874659565,516.6739346048262,745262
2023-07-05,518.454833984375,519.8026186684699,504.68842795851083,507.19138950585904,2691903
2023-07-06,508.009765625,521.824295785133,505.6992941224831,514.5560232051564,2586934
2023-07-07,497.7571105957031,510.7052575287023,494.1470357309856,510.7052575287023,2642703
2023-07-10,507.43206787109375,510.0313333633148,497.2757363025902,498.6716435815353,1651270
2023-07-11,511.716064453125,514.0746584390822,502.7149680004011,510.12766677438304,1518372
2023-07-12,517.6847534179688,518.8881117476246,511.66796176968927,511.7160843513293,1389645
2023-07-13,513.6414794921875,527.3597650328551,510.7534193783627,521.5836448052056,1654917
2023-07-14,519.3212280273438,521.1984783955115,513.641354350881,515.9999479540805,912761
2023-07-17,511.81231689453125,522.7387855008993,509.5499682956488,519.273137497905,1234506
2023-07-18,510.7052307128906,515.4224184581924,506.0843468802287,515.1817468131816,803617
2023-07-19,512.0048217773438,514.507842079885,509.4537376562274,511.1865617070794,636194
2023-07-20,519.0325317382812,520.8134785407351,510.3201705346966,512.8231910836156,1271756
2023-07-21,518.5511474609375,522.2574672739852,515.0373179568334,518.3104758170324,1019421
2023-07-24,515.4224243164062,520.909690878839,511.23470239098606,518.1660575976226,822710
2023-07-25,520.4283447265625,521.679884294154,512.4861803945339,515.3742401516353,843404
2023-07-26,512.8232421875,522.6426587643649,511.2829081367301,521.6317906732169,1290605
2023-07-27,533.3765258789062,535.2537765951295,511.86050278685235,516.5295095292394,3733012
2023-07-28,552.9190063476562,556.5772623090602,532.4137942186043,535.2056087664704,7372578
2023-07-31,539.6339721679688,555.4701787914723,536.408995499567,553.4966829753879,3136108
2023-08-01,536.8903198242188,545.7951707291357,534.964946655588,541.9925469695448,1697912
2023-08-02,541.800048828125,542.955284589436,534.0023102653055,539.874675478517,1318832
2023-08-03,550.99365234375,553.5447953384005,542.6183259248115,546.8059891342808,4242154
2023-08-04,554.699951171875,560.1390944277,550.2715581919166,553.5447156658981,2397608
2023-08-07,554.31494140625,555.9033978247812,550.897415673061,554.6519169762831,1120653
2023-08-08,555.7108764648438,556.914234794131,552.0526788953567,554.3149690513244,1282689
2023-08-09,563.316162109375,565.9635506100453,552.1008382307139,556.432928504538,2394453
2023-08-10,555.3257446289062,564.7601203647295,552.6302338862686,563.3160904571313,3293103
2023-08-11,555.4219970703125,559.1283166532403,551.7156187296628,556.3846835861609,1934577
2023-08-14,546.9021606445312,554.6518337418671,540.0671102038624,554.6518337418671,569222
2023-08-16,538.7193603515625,548.1537353809281,536.4089479270484,546.757828156565,1009445
2023-08-17,537.6123657226562,543.0033874021918,534.4355115630111,543.0033874021918,876508
2023-08-18,530.1995849609375,537.371611071009,527.2152803416853,537.371611071009,1146881
2023-08-21,534.2429809570312,536.3127220494358,525.6750460638516,530.1515625965964,1353123
2023-08-22,537.9492797851562,539.1045154984846,533.617189928472,535.4944406179144,558087
2023-08-23,532.7988891601562,537.8529936075231,530.7290895500495,537.6123219671723,784166
2023-08-24,542.473876953125,543.9179067941715,532.8470113461485,533.3283546264973,1481139
2023-08-25,539.2970581054688,549.5015128090027,535.3981890327849,542.955255522336,1339191
2023-08-28,537.3235473632812,543.4847063265171,532.4138104662784,539.297043134648,659914
2023-08-29,541.51123046875,542.5701622607974,531.5955699112681,536.6496747289764,1275303
2023-08-30,549.8384399414062,551.6193865344578,541.3186288214495,544.3992374960487,1897785
2023-08-31,548.7794799804688,553.5447903620877,545.0250375265618,551.6194171782196,3101652
2023-09-01,548.1055908203125,554.459357618875,542.4738977276504,552.8227786514698,3196294
2023-09-04,555.9996337890625,557.5880901813266,545.4100811945742,548.1055919216259,1902190
2023-09-05,556.0958862304688,560.5242206751789,552.8227285920506,558.358176026799,1830485
2023-09-06,566.3004150390625,568.0813618170115,554.3149546394311,556.0477788370059,1815156
2023-09-07,562.257080078125,569.1403125643195,561.3906974188029,566.3003754281369,1446101
2023-09-08,564.7601928710938,567.0224831803492,561.0056911262284,563.1717362657118,443934
2023-09-11,562.6422119140625,569.6698125522615,559.8985197675385,564.1824870169424,1212146
2023-09-12,559.5616455078125,564.8082997849808,555.2295553490424,563.171720640121,1749729
2023-09-13,561.6314086914062,562.6903404912064,553.7854890805244,559.0321430145802,1454573
2023-09-14,559.1282958984375,568.5144890795452,556.4809080781251,561.6313160013648,1729893
2023-09-15,558.5026245117188,562.690287493827,555.5182609572882,558.8395413005417,1751444
2023-09-18,560.2835693359375,562.208942426439,553.3040918828696,559.5615544269995,1636425
2023-09-20,553.0634765625,563.0272598173226,550.5123334547247,560.2836263870757,1538968
2023-09-21,553.2078247070312,554.2186337877573,547.4317056654866,552.822726601173,729098
2023-09-22,552.4859008789062,553.9780534590076,550.2235519601569,552.8228177087665,871842
2023-09-25,557.2030029296875,558.3582386232122,549.9828532923184,551.7156774537414,1047109
2023-09-26,560.668701171875,564.1343494400884,554.7481550594725,557.2029941459343,1416714
2023-09-27,562.0164184570312,564.0862181248159,559.8984962113803,561.968295879165,1095220
2023-09-28,538.9119262695312,564.8563408965103,537.4197738482776,562.5940509763249,2174366
2023-09-29,540.6929321289062,544.0623351026272,535.2537295396668,539.585819077308,989747
2023-10-03,554.2186889648438,572.7985286467127,545.7470586120345,554.9407039169195,5953987
2023-10-04,549.5496215820312,554.0261377708465,539.1044954850983,553.5447944713063,2873209
2023-10-05,522.2094116210938,542.4739548833805,520.8135041560051,536.2164913399166,3841011
2023-10-06,517.3958740234375,525.7230770396242,516.6257365707442,525.7230770396242,1428800
2023-10-09,517.9735717773438,520.3802885486888,512.5825497126242,515.0855116517297,1105136
2023-10-10,516.8663330078125,521.3909119183348,516.0961369094393,519.850637237014,627596
2023-10-11,516.0963134765625,520.0914867622812,515.5187249628905,519.8508150886291,742475
2023-10-12,519.4176025390625,520.5247157584644,515.0373897608673,517.9254498903674,599258
2023-10-13,521.9686889648438,523.0757433059198,516.2406919137426,517.9253934724354,1171463
2023-10-16,522.5943603515625,523.4126791583311,519.8507272386697,522.0648945105492,619028
2023-10-17,525.2418212890625,527.5522927897744,520.2840202154761,523.7015461270753,956658
2023-10-18,528.6593627929688,529.9589661824238,523.3645865640799,525.9156707651815,1088052
2023-10-19,526.685791015625,528.8518357655192,522.4018828497916,528.611164126642,399054
2023-10-20,521.3910522460938,526.8783777564473,516.6258004617329,526.6858286800312,1001058
2023-10-23,517.0588989257812,522.3536747093575,515.0372807660498,519.8507132965736,971800
2023-10-25,522.4019165039062,527.1671682544804,515.0373403767364,515.1335855353979,1349601
2023-10-26,517.2033081054688,522.4499611397949,513.4969886840222,522.4499611397949,800857
2023-10-27,517.6847534179688,522.4981867365924,516.0481743380906,517.0108610018153,565260
2023-10-30,512.341796875,519.8026176842949,509.2611881441333,517.1071070789333,1068984
2023-10-31,516.5294799804688,521.4873394399845,502.37797530475865,512.1492677316774,2533458
2023-11-01,515.08544921875,525.3862075031093,512.6787327391205,518.0216315723526,766079
2023-11-02,514.2672119140625,518.4548752711486,511.66794624930293,515.2780211287665,802776
2023-11-03,508.3465881347656,517.7327813908806,505.7955041967101,517.7327813908806,2163631
2023-11-06,514.0746459960938,516.9627058050605,508.3466489567641,512.3899444408631,870723
2023-11-07,507.7334899902344,515.7205263043186,505.5552073591205,515.7205263043186,1603617
2023-11-08,503.7641296386719,510.00855154332373,502.45718372151777,509.9117626197186,1648377
2023-11-09,503.86090087890625,505.4582724131819,500.520856267693,505.36148350432444,785066
2023-11-10,504.6354675292969,506.2812928624398,499.79483954340435,503.8609788694935,1054801
2023-11-13,504.3933410644531,506.426380799472,500.7628707592867,503.4252156497421,524339
2023-11-15,502.55389404296875,507.2009434431305,500.6660967000517,506.571638269033,2377016
2023-11-16,500.5693054199219,506.0876328906135,499.6011798668074,505.3615387257776,2039976
2023-11-17,513.05810546875,513.8809884836963,500.714505706418,501.48899426572444,1424894
2023-11-20,508.99200439453125,515.0427890402104,506.5232960770329,513.8810265703013,917647
2023-11-21,509.8148498535156,512.6708318134848,508.02384136642263,512.6708318134848,741399
2023-11-22,515.7205200195312,517.9471970862617,509.91176640734886,512.1384434740793,1232062
2023-11-23,513.9778442382812,517.7051037241216,508.7015485207706,517.7051037241216,1193876
2023-11-24,506.9589538574219,517.4630921482207,505.1678861856939,513.8810158944572,1124449
2023-11-28,508.4111022949219,509.8632904658989,504.73217832336314,507.3461288490593,1284496
2023-11-29,510.2021789550781,512.1384301086078,507.3945911465817,508.5563536566387,1839238
2023-11-30,521.4808349609375,522.7393863189436,510.2021490175567,510.2021490175567,2700338
2023-12-01,519.7864990234375,524.336640677605,516.5916382505227,522.7876638280603,1142691
2023-12-04,518.9153442382812,526.0794976267047,517.3663668465842,521.8197211649881,976283
2023-12-05,519.4961547851562,522.5457739522051,517.2210833422243,517.2210833422243,1284123
2023-12-06,522.3037109375,528.5481322745243,519.4961233318018,520.803128219844,1892079
2023-12-07,516.5433959960938,522.3037550663871,509.718122414185,522.1585125922138,2892095
2023-12-08,513.590576171875,520.0770288198821,510.6861996807994,516.4949526629507,1761960
2023-12-11,523.4171142578125,525.7405801773284,512.2352166268896,513.5906160638789,1264328
2023-12-12,522.836181640625,529.4194234390519,520.7062936526858,525.7889526947326,1408876
2023-12-13,522.5941162109375,525.2080667944884,516.1561172975928,525.2080667944884,1948860
2023-12-14,520.8999633789062,526.2246541392122,519.1089546681366,523.804340157255,839848
2023-12-15,518.1407470703125,521.819611922702,515.6235854736447,521.819611922702,2003551
2023-12-18,523.223388671875,525.1112450357741,514.2682286461577,517.947093379326,1141718
2023-12-19,530.3875732421875,532.4690668667266,520.3191027043432,525.6921878338774,1822275
2023-12-20,514.3167114257812,534.3085281740217,512.0416399617055,530.3875723257486,2878587
2023-12-21,510.10528564453125,513.5905133717839,505.3614476532916,512.6223879931377,3343320
2023-12-22,506.18438720703125,512.9612656155621,504.2481362331653,510.10534270086214,2168308
2023-12-26,512.5740356445312,514.365044106265,507.6850138987249,510.20211645408403,615361
2023-12-27,517.0758056640625,517.995536706556,511.79956896336705,513.1065147518585,1801493
2023-12-28,528.6449584960938,530.3391782526171,515.6236576923039,517.0274515942195,1817606
2023-12-29,531.016845703125,536.1962935795758,523.5622674095,526.7086753375496,1564905
2024-01-01,524.9660034179688,534.8408944149991,522.78772124611,532.4689753432601,965961
2024-01-02,529.5646362304688,530.2907303386459,520.2706552816783,526.6602597977605,1243897
2024-01-03,526.224609375,534.260039293611,522.8361700885033,529.2742283687238,1190743
2024-01-04,536.0995483398438,538.277830929035,526.6603237866817,527.5800549200574,1325514
2024-01-05,528.5965576171875,539.7300015963041,527.628432053786,537.3096876878004,933806
2024-01-08,507.05572509765625,519.7865989197552,503.4252545122315,513.1065094066975,5126083
2024-01-09,513.7841796875,515.5267936509179,508.2658528952711,508.2658528952711,783243
2024-01-10,514.3650512695312,517.5114590523926,511.41228039893764,513.1064999743246,1138901
2024-01-11,513.2033081054688,518.3828150265846,511.412299551718,514.3650705328952,503249
2024-01-12,515.9141235351562,516.9790379925219,511.7027419853336,513.2033247533283,649640
2024-01-15,513.05810546875,517.9471272821671,512.2836169094435,517.9471272821671,598886
2024-01-16,514.6071166992188,516.0593050028134,509.33082071155286,513.0581394779284,579717
2024-01-17,510.8798828125,516.0109365929521,506.6201066043719,513.1065598391457,909008
2024-01-18,507.7817687988281,512.9128215655123,501.3437112973447,510.8797818754042,1188131
2024-01-19,513.3485107421875,515.0427302495874,506.81366407078764,510.05686063479277,862529
2024-01-23,504.3450012207031,513.0097364384972,500.52089360059375,508.21750329885083,1757069
2024-01-24,512.7677001953125,515.0427715087696,499.2139430503449,501.5374088213814,1303355
2024-01-25,508.3626403808594,517.366254164427,505.0226549143539,512.6224159147986,990062
2024-01-29,500.1335754394531,507.1524848341417,492.3886015142955,492.3886015142955,2146422
2024-01-30,506.4748840332031,510.25053806720143,498.97191133306114,503.3768705842384,1822487
2024-01-31,511.02496337890625,515.575164528982,506.6200046731769,509.7180177385274,2177564
2024-02-01,518.9153442382812,537.0193055660269,512.3321016890192,514.0263215629315,4714744
2024-02-02,512.6223754882812,523.7558170711239,511.31542989486394,523.7558170711239,1577128
2024-02-05,506.52325439453125,517.3178178603071,505.79716029680105,511.1702448020668,760304
2024-02-06,504.19976806640625,511.1218892947818,502.6507908424239,508.26590714147676,971957
2024-02-07,508.1690673828125,511.02499016069754,505.21623751737195,507.29773085043865,964073
2024-02-08,505.7488098144531,511.94477786665294,504.3450159521825,509.1856436912577,1062206
2024-02-09,504.0545654296875,507.24936776313615,500.1820634280065,507.24936776313615,583337
2024-02-12,508.45953369140625,509.6212961305331,503.2316322601814,503.9093319404798,529409
2024-02-13,508.4111022949219,511.7026933619903,506.32960894731303,509.233985289267,718699
2024-02-14,510.2021789550781,511.0735156100448,499.0687348222823,499.0687348222823,1311331
2024-02-15,505.3615417480469,510.6378378620143,502.31192260162044,510.2021695425684,1143167
2024-02-16,507.1041259765625,509.6212877348173,503.28001842687877,505.74878572798644,1673623
2024-02-19,509.7181091308594,512.6224858210637,506.81373244065503,507.7334635438254,960744
2024-02-20,519.1089477539062,520.2707102677111,508.02389804624903,511.12191171982994,1203500
2024-02-21,521.5291748046875,523.5622145478221,516.6401532588172,519.5445295145445,4398178
2024-02-22,521.8196411132812,527.8220309922627,520.6094842461354,527.6283940755812,1119584
2024-02-23,513.2517700195312,523.4170880182644,511.8963706504898,522.3037200301452,2093913
2024-02-26,508.8951110839844,515.8171718448696,508.2658059740486,508.36259487264715,1270303
2024-02-27,506.5716247558594,510.63776332768975,503.3284282427952,510.2020950718354,3305817
2024-02-28,506.66845703125,509.1856187862676,504.1029599088387,506.5716681170802,2328617
2024-02-29,505.9423522949219,509.8148542155556,503.5704921402857,506.6684464050407,3588262
2024-03-01,507.539794921875,509.71807730351395,505.55514945876445,506.5716694189244,1414893
2024-03-04,507.3461608886719,513.0097305669572,505.3615154142745,512.1383939734698,1604843
2024-03-05,501.97308349609375,508.3626883097331,500.61768412850114,507.3461683288849,2321785
2024-03-06,495.7474060058594,502.02206320141545,494.178734226989,501.58089389855934,1262432
2024-03-07,504.52215576171875,507.6104907471126,493.49250336217807,494.12976791220615,1828309
2024-03-11,499.2279357910156,504.91433772362126,498.14947199830004,504.5221473117773,1521855
2024-03-12,493.7375793457031,500.50244479975566,491.18849137057316,499.2279157721539,802956
2024-03-13,486.4334411621094,501.6789294418316,484.9628170147363,495.0120820217855,2217193
2024-03-14,496.13958740234375,499.1788834921447,482.5118087183173,486.4334733709826,2326218
2024-03-15,490.3551330566406,499.6690865123758,486.77662008131716,497.0709896902876,2751229
2024-03-18,487.75701904296875,492.90420366603524,486.2863948649498,490.3551157734839,1322999
2024-03-19,480.4529113769531,487.7080146573534,476.77635089834183,486.28639930432,1840899
2024-03-20,482.9530029296875,486.67857234294644,477.7567793670693,480.45292378769597,818930
2024-03-21,490.8943786621094,491.6786996147605,481.9235469465569,485.3059946347088,1472539
2024-03-22,488.00213623046875,494.12973713743094,485.3059918314054,491.1884887020891,1090354
2024-03-26,486.82562255859375,489.9139573368641,481.4333337862725,481.4333337862725,1641519
2024-03-27,485.1098937988281,489.66885278290084,482.9529962441408,489.227653552208,765910
2024-03-28,487.4629211425781,490.1590655517297,481.18823385442965,486.67857027159636,1873929
2024-04-01,486.0903015136719,495.01209421141846,485.01186771498186,487.4629080209603,798915
2024-04-02,489.2276611328125,490.1100296879445,486.2864126690882,487.266828823663,665814
2024-04-03,486.3354187011719,491.97281155743144,485.50208891053546,491.4335946434989,753923
2024-04-04,481.8745422363281,489.472767469963,480.9431349171377,489.472767469963,967522
2024-04-05,499.52203369140625,500.8456014918458,483.39417588590146,484.81579128635997,3357470
2024-04-08,508.8359680175781,510.796800264274,499.91417531112677,501.4828470924686,1952580
2024-04-09,499.571044921875,509.5713017731279,497.7082601923078,508.63989444838086,609398
2024-04-10,505.1104431152344,506.48298990465537,497.2180746766014,503.1496106961844,937271
2024-04-12,504.4731140136719,509.1300906892385,502.90447212205356,506.58103265539563,900595
2024-04-15,499.2769470214844,503.9339239451016,495.4533298471316,500.1593156125,1163084
2024-04-16,498.1984558105469,505.3555115881448,492.36499772653394,496.77687035877915,1357134
2024-04-18,496.4826965332031,505.8456880417121,485.45301564197416,502.75735345622854,3161005
2024-04-19,495.40423583984375,498.05137123761983,492.16887472693924,493.982650468384,1090283
2024-04-22,496.090576171875,505.4535385170296,495.35526405304313,505.4535385170296,3016169
2024-04-23,500.1593017578125,503.3946930618179,495.69842016462445,497.5612048984856,860942
2024-04-24,499.3259582519531,503.1496053645256,498.0514291610476,500.6005172627866,553044
2024-04-25,500.1593017578125,501.2867743662079,493.2963885867989,501.2867743662079,642394
2024-04-26,507.7084655761719,508.5418551849881,500.35537457046104,501.92404635191525,1801225
2024-04-29,505.5025634765625,513.7380834060365,502.75741011335623,510.30662674206485,1650076
2024-04-30,507.8555603027344,509.7673837428869,505.5025376318001,507.8555603027344,1307750
2024-05-02,507.7084655761719,512.5615373550622,503.3456616988419,507.365343868916,926594
2024-05-03,506.7771301269531,511.23801162613114,500.4534340132445,509.7673874061921,1104998
2024-05-06,519.9146728515625,523.542224577844,508.10067020125024,510.69879693706275,3372308
2024-05-07,572.0728759765625,574.5239165762907,548.6409039072175,550.9939268188999,35041160
2024-05-08,583.9849243164062,586.7790865066866,562.2686818907014,572.0728437370955,8678579
2024-05-09,569.9649047851562,582.0240713003162,568.0040724854363,578.6416236153287,6584839
2024-05-10,575.6514282226562,576.9749662313384,562.9550257488291,569.6218443167504,1775304
2024-05-13,582.9064331054688,593.3968982940029,572.9552446926795,579.2788812387982,3806732
2024-05-14,588.4948120117188,600.4068925339869,574.2787774025227,582.318202046039,4911104
2024-05-15,580.0142211914062,591.3380765873308,574.6710005779241,590.0144787650219,1257277
2024-05-16,579.6710815429688,589.2301395472714,573.5924891004665,579.1318645978768,2586189
2024-05-17,585.357421875,588.2496613445809,570.8962843669457,579.8181068012485,2280419
2024-05-21,578.5926513671875,585.7986865884416,573.5434839401478,580.4063974231923,2397255
2024-05-22,590.8968505859375,596.3871573224038,578.6416481921685,579.4259691773987,4604232
2024-05-23,596.2401123046875,601.6814100307834,590.1125112978559,595.2596961435945,3345604
2024-05-24,592.17138671875,594.720444911067,584.5731611441303,594.720444911067,1841955
2024-05-27,590.749755859375,600.8970992016962,588.8379323450372,600.8970992016962,1748191
2024-05-28,596.1910400390625,603.8383339214779,591.0438552242807,595.1126062042875,3123135
2024-05-29,593.593017578125,602.9559805933511,589.9654655643074,596.0930669931015,2252674
2024-05-30,585.5535278320312,593.0537350880471,579.0828053741811,589.2790971210919,1280510
2024-05-31,583.8868408203125,591.6811613764235,579.9651761218772,585.5535602851184,4303624
2024-06-03,582.4652099609375,597.0734345113602,580.4063599847705,597.0734345113602,1859030
2024-06-04,602.5147094726562,607.8579892493505,576.7297777031135,590.2104992388854,9095613
2024-06-05,632.858642578125,654.133685597909,605.9952153786036,609.2796454771511,13511763
2024-06-06,625.3583984375,637.270478235849,614.2797082453701,634.1331346827177,2216040
2024-06-07,640.2117309570312,642.1235543727294,621.6818422200372,621.6818422200372,2475400
2024-06-10,638.88818359375,646.5844261402985,633.8390166788522,642.1725536344132,1431839
2024-06-11,634.623291015625,648.398124415985,632.8095452767301,638.250842333261,1434087
2024-06-12,617.1719360351562,637.2704661204949,613.544384490808,637.2704661204949,3807297
2024-06-13,599.2793579101562,622.5642409373403,593.4948788221994,622.5152320989375,13174925
2024-06-14,607.220703125,609.769820954088,598.8381572236378,602.8088305621934,2504833
2024-06-18,611.2894287109375,612.7600528377482,603.6421952194922,612.7600528377482,1998831
2024-06-19,610.2600708007812,618.2504268632707,605.6521027294859,614.720952507305,2262576
2024-06-20,616.093505859375,617.1719396416331,604.1814262178815,612.7600671580948,964116
2024-06-21,597.8577270507812,617.2209450659016,597.0734061371262,616.0935024524754,2029376
2024-06-24,610.8482666015625,611.7306650671762,595.1125994570364,598.0538478892787,1626740
2024-06-25,603.0049438476562,612.6620788732395,601.5343196159297,611.5835851993947,1199541
2024-06-26,601.1421508789062,607.7599595013722,597.1714178335471,602.759801527155,2712167
2024-06-27,599.6715698242188,608.2502112474549,596.8773478567382,600.9951077078623,2676129
2024-06-28,600.9951171875,610.4561572422989,598.6420944240704,600.9951171875,1587880
2024-07-01,608.3482055664062,610.7012282023619,602.1715959468369,602.1715959468369,2138264
2024-07-02,591.3380126953125,609.3286247433467,589.2300940800505,608.3482086134298,2968214
2024-07-03,595.6028442382812,597.220554911661,589.9654510623633,592.5635779402506,1426759
2024-07-04,596.1420288085938,601.5833264801428,593.78906594947,601.5833264801428,2066331
2024-07-05,603.2990112304688,606.5834410042203,594.6223528535412,597.0733930549161,6070845
2024-07-08,628.7408447265625,642.9568784425624,616.6817384388914,619.6229867939259,7813665
2024-07-09,625.3093872070312,631.6820919650079,618.2013703615958,627.417305793687,2729681
2024-07-10,633.4468383789062,642.1725658817904,619.7700812217022,626.0447085569415,4021275
2024-07-11,632.1723022460938,636.9763651703234,625.7505886276773,636.9763651703234,2390064
2024-07-12,637.3685302734375,641.780403052921,623.5446861669976,635.5547842889249,4784826
2024-07-15,640.1627197265625,646.0452164668206,634.0351189554602,646.0452164668206,2052411
2024-07-16,654.2807006835938,659.722058245502,640.1627438782509,641.1921688786634,3414923
2024-07-18,671.43798828125,672.8105948514971,651.2414391695546,651.2414391695546,6427954
2024-07-19,655.5552978515625,672.7615897155204,653.3493614628537,672.5654945129977,929516
2024-07-22,654.967041015625,658.9867834044321,650.5551680444011,656.8298557616401,1127244
2024-07-23,659.37890625,666.6830189401836,647.0256860114627,653.9376082839742,1800272
2024-07-24,645.0648193359375,661.2906946875806,636.3881004846794,658.7906454673329,3992281
2024-07-25,661.7808837890625,665.6045306091177,641.1431363440554,644.1333935546875,2901644
2024-07-26,666.4378662109375,668.6438025095393,659.6239621206191,662.565210518755,1132507
2024-07-29,669.6732788085938,671.5851023818858,662.8103653535964,666.1928132386736,1787407
2024-07-30,667.6634521484375,677.4676144413661,659.9181400010808,669.6732934505163,3126859
2024-07-31,660.8985595703125,670.5066865378246,657.6631979652673,668.3987676982492,1711988
2024-08-01,661.6829223632812,668.1046365542951,657.4670847992379,662.4182345188902,1148693
2024-08-02,649.4276733398438,664.4770371127645,646.6824602832837,658.8396443228,959145
2024-08-05,658.9867553710938,668.6438307502398,643.3000965851643,643.3000965851643,10662953
2024-08-06,616.1915893554688,658.8396945853221,613.9856528780625,658.8396945853221,6060478
2024-08-07,636.3390502929688,638.9861856999718,615.7013035973645,618.1523438186915,2720532
2024-08-08,639.4763793945312,645.9961701728984,630.1624267624914,641.1921075109597,2938101
2024-08-09,640.2117309570312,646.5354269444088,635.6527720303553,644.1333954651907,1218872
2024-08-12,632.0252685546875,638.2508869104236,625.211364629686,635.3096385836474,1318087
2024-08-13,647.6138916015625,652.7120676730253,634.2312467338089,634.329264415242,4531168
2024-08-14,637.5155639648438,652.1727965114748,629.0349408312171,647.8589417697752,1714599
2024-08-16,648.1041259765625,650.2610536142683,637.8587645773524,641.9765246420895,1290553
2024-08-19,656.0455322265625,660.5554228660317,647.8590209520639,653.1532924330553,1453761
2024-08-20,655.8004150390625,658.7906724579423,649.3786411068919,656.045519087165,997284
2024-08-21,665.9967041015625,666.6339985592847,654.6239002641988,656.8788455271418,1206265
2024-08-22,669.5752563476562,674.0361380936137,664.5260889772671,665.9967132785623,2014766
2024-08-23,664.9182739257812,675.1636351085255,657.3200484315715,669.5752508415873,1708479
2024-08-26,675.0655517578125,679.2323205412481,665.5064939605192,667.6634215340332,1839363
2024-08-27,662.5652465820312,677.9087838300591,659.8200932289901,673.0557117410129,1403508
2024-08-28,648.9375610351562,665.6046378302713,647.0747461632873,662.5653114519513,2436997
2024-08-29,647.8099975585938,652.9571825562216,638.6921389593383,648.9375001130638,2123160
2024-08-30,634.476318359375,651.6826093615527,632.123295726662,646.1432343269606,7817523
2024-09-02,638.2018432617188,642.8098106902928,630.8977316806631,635.3096039301782,1586559
2024-09-03,627.5153198242188,640.4568244562884,626.927094093609,632.3193827036505,2470124
2024-09-04,632.9566040039062,634.9665048610345,620.603385201243,622.5642173819737,2925734
2024-09-05,631.2899780273438,634.329244132843,624.4270650305433,627.5643488143415,2658323
2024-09-06,652.221923828125,660.7515573478515,635.2607343196197,635.3097431651635,6822379
2024-09-09,662.7613525390625,665.0162978356473,647.5649014083591,651.976774317273,4064358
2024-09-10,666.6830444335938,671.0949175217572,662.0750761290957,666.8791396499283,1942309
2024-09-11,667.1242065429688,676.4871691626842,663.0554554301787,664.7221749163766,3149673
2024-09-12,672.6635131835938,674.4283101690396,667.2222153847472,670.0654462258728,1231420
2024-09-13,668.5948486328125,676.6832823925969,664.477088568951,674.5263547553496,1550794
2024-09-16,681.5853271484375,683.7422546707768,662.3201256473404,669.6732468554151,1850346
2024-09-17,678.447998046875,691.1934084148077,675.8008623871027,684.0363822530934,1738717
2024-09-18,681.683349609375,682.6637657773275,673.104708139791,679.4284043910552,972495
2024-09-19,683.35009765625,688.7423868056179,676.6342705607073,682.369681447274,1715999
2024-09-20,695.1150512695312,696.5856754964767,683.8402655296164,686.2913059078588,2799627
2024-09-23,688.7423095703125,696.095430313056,683.2029346748391,695.1640230510052,1228223
2024-09-24,691.2914428710938,695.8013933223233,682.0265575968626,685.3109279508132,1692449
2024-09-25,675.7028198242188,693.7424410075895,668.2026123710109,693.7424410075895,1373871
2024-09-26,680.0166015625,687.1736871594945,669.8693185868073,677.4675435689481,3431866
2024-09-27,678.8892211914062,699.5269705840433,674.5263570593157,681.4382794187691,14237170
2024-09-30,681.7814331054688,691.1934044643608,667.1732081390036,667.1732081390036,2531313
2024-10-01,680.065673828125,685.7520754251725,671.5850503512523,680.4087955383491,1856288
2024-10-03,685.3599243164062,705.752569060709,676.8302915120514,680.4088345345223,4581037
2024-10-04,676.6832885742188,690.1640116303415,670.9968864530621,685.9972426857217,2050300
2024-10-07,665.5064697265625,680.6049023515075,660.6043889833794,672.8105820018758,1932861
2024-10-08,684.2324829101562,685.8991425612068,662.1240499546375,663.8397782870703,2796644
2024-10-09,684.5265502929688,689.3796220786256,678.6930623825268,686.2912873496118,1272191
2024-10-10,671.68310546875,690.8502897876663,669.9673771422894,685.3109143977226,500562
2024-10-11,672.0752563476562,679.8695765402274,667.9574966383874,671.6830659601634,503183
2024-10-14,675.849853515625,676.9773560314884,660.8494982898494,672.0752752492184,578035
2024-10-15,672.2713623046875,678.9381801198433,667.4182904210589,674.526307469245,1634535
2024-10-16,666.2418212890625,675.3106712009564,663.8397896146977,675.3106712009564,3308928
2024-10-17,653.05517578125,667.663400401452,648.2021636942673,667.663400401452,1803690
2024-10-18,656.1925659179688,660.6044389203395,641.7804354755863,651.9767881281193,2268280
2024-10-21,648.9865112304688,656.9768673032747,645.2118729817248,652.0747863359622,1528718
2024-10-22,644.1334228515625,654.2807062619127,642.2215993545802,649.0355036951817,1235282
2024-10-23,643.7412109375,651.9767304155317,635.9469505284742,646.0942335997526,1273237
2024-10-24,621.8289184570312,648.1530671037813,618.8386612861855,644.6235930398077,1911649
2024-10-25,627.5643310546875,632.8586020097645,618.6915771850304,622.5642328058875,1594085
2024-10-28,621.5838012695312,629.4271299921752,604.7696413844236,627.5643154846075,3375207
2024-10-29,616.828857421875,625.6035342733471,611.7796902093656,621.5838519114388,1207825
2024-10-30,638.39794921875,673.5458414640113,634.3782074196411,654.917936096011,13797789
2024-10-31,627.46630859375,637.1724519907497,620.4563094914892,637.1724519907497,2765889
2024-11-01,633.2998046875,638.2018852875428,629.427149045496,631.1918860935411,224128
2024-11-04,622.5152587890625,631.8292123992686,612.5640107327428,630.0154065817896,1501436
2024-11-05,621.5838012695312,624.1819278448468,615.6522958910016,621.6818189426245,2574988
2024-11-06,635.9959716796875,637.2705007131432,619.0347841671392,619.0347841671392,814595
2024-11-07,619.2799072265625,635.7018783262504,617.8582917902603,635.7018783262504,1004635
2024-11-08,617.5150756835938,624.377988595139,615.1131040364343,620.6034104297298,457247
2024-11-11,605.0147705078125,615.9954431430492,601.436287533552,612.7600818787,1270012
2024-11-12,583.8868408203125,606.7795944013411,582.4652253991588,606.7795944013411,5562123
2024-11-13,585.5045166015625,591.3380044613108,577.5141013180606,582.8573811196762,4858275
2024-11-14,580.6514282226562,589.1810601577635,580.0141338294018,588.641843277236,855697
2024-11-18,583.4946899414062,584.7692189560571,568.2491710850919,580.6514591980791,2092848
2024-11-19,579.376953125,588.1026212168526,578.4455457866945,585.7006494494526,861557
2024-11-21,579.4749755859375,580.4063829319243,572.7591486382922,577.4651343697693,918041
2024-11-22,587.4163818359375,589.8674223011799,573.5434688667234,578.4455497972083,730158
2024-11-25,595.8969116210938,601.8284172373844,587.0731664544245,592.3184286518556,7697180
2024-11-26,616.0444946289062,620.6034538896303,596.1420577596587,600.4559129706631,3737523
2024-11-27,637.1724853515625,640.8980547859296,610.1619723127304,612.1228046297504,4938340
2024-11-28,632.2213134765625,651.0943238591176,630.2114723908061,637.1724627734775,5907307
2024-11-29,632.3193969726562,638.5450154815248,618.3484670768244,622.5642444809296,2575758
2024-12-02,633.8880004882812,636.4371181838324,624.5250389523344,624.6230566237659,2030938
2024-12-03,629.133056640625,633.8390422017626,624.5250887587359,633.8390422017626,1018771
2024-12-04,619.2307739257812,630.5546275533646,614.7698927172614,629.2310299377497,1433224
2024-12-05,620.8485107421875,622.5642389597932,614.9170051578637,618.6915833006558,939448
2024-12-06,621.2406616210938,626.8780539775834,618.6425351208595,620.8974800954859,942056
2024-12-09,595.847900390625,616.0444486439841,588.7888923176567,608.9364317327015,4029912
2024-12-10,601.87744140625,604.916707247405,594.1321306190072,595.6027547046978,1718121
2024-12-11,620.50537109375,621.877917724239,601.9754829434278,602.3676733177672,2423839
2024-12-12,623.4466552734375,635.897892537561,618.5935833508819,620.5054068161132,3551037
2024-12-13,627.270263671875,629.9664081826745,617.1229800853531,617.662197019542,1877660
2024-12-16,632.4664306640625,634.4763316314801,621.0936273277047,627.1232105502523,2951376
2024-12-17,621.0445556640625,635.3095971506328,616.8287786385939,632.5154353583627,2068434
2024-12-18,628.2996215820312,631.8781642136727,616.7307237940331,618.397443099727,1481711
2024-12-19,628.397705078125,631.3879621857242,617.1719288756419,628.2506187286327,1353612
2024-12-20,615.65234375,634.819467837987,613.7405202572662,629.2800925610653,1756903
2024-12-23,624.0838623046875,625.5054776309097,608.0540828561992,612.9071545644091,1262775
2024-12-24,620.946533203125,633.054708336005,609.6227388476467,624.4270583432526,1573431
2024-12-26,620.2112426757812,621.8289532856231,613.2993206734507,616.6327595737929,667331
2024-12-27,620.2112426757812,622.6622830907817,616.4366643726221,619.6230169121227,690259
2024-12-30,629.6232299804688,632.2703654125211,615.8974046111524,620.2111995375991,1421436
2024-12-31,626.97607421875,629.5251320544587,621.8288898721536,628.5937846636194,1228183
2025-01-01,631.3880004882812,635.5057602855233,621.6328478295368,623.544671289669,1612824
2025-01-02,640.5548095703125,643.152936068112,622.8583116357981,622.8583116357981,1609622
2025-01-03,648.006103515625,650.6532392405804,634.9665799399337,644.1334475328066,1752004
2025-01-06,635.6527709960938,661.829893513436,620.7504937612164,653.9375556715769,2833965
2025-01-07,630.9957885742188,641.9274522079345,626.1427766699569,632.662507940056,1687921
2025-01-08,625.8976440429688,627.8094075107028,611.0443166223467,625.6034713496114,1621163
2025-01-09,653.839599609375,655.849440887963,623.3976281737466,626.4859631958662,2573131
2025-01-10,660.7025146484375,666.2908392310127,651.6826734557221,655.8984512340984,3578086
2025-01-13,655.3102416992188,662.02606903748,650.3590917930642,657.8592999987399,3161422
2025-01-14,648.1531372070312,656.2906396810749,641.9275181642146,651.9767843897712,1619502
2025-01-15,646.82958984375,651.8787572244751,638.0058440179164,651.8787572244751,947122
2025-01-16,639.8195190429688,649.819775170278,635.652750643244,648.00602933222,739133
2025-01-17,651.3885498046875,654.8200065183248,632.7606419306566,637.2705325326374,2338569
2025-01-20,644.5745849609375,654.3787460833494,642.5156752213206,654.3787460833494,456518
2025-01-21,653.349365234375,655.2121200694584,644.2805155839991,649.1335277952895,2291644
2025-01-22,652.3198852539062,656.8788444535934,647.9080124180239,654.9180120820902,2086320
2025-01-23,654.8200073242188,661.143643975248,643.6432386501024,651.9277675511937,593272
2025-01-24,653.1533203125,659.3789395887865,650.4081667695672,656.2415956083522,529334
2025-01-27,643.790283203125,653.9375663309401,641.4372605277624,648.1040783214867,467561
2025-01-28,650.9473876953125,655.0160792697739,641.4863468518172,643.7903609663801,1500950
2025-01-29,658.6925659179688,670.2124556713117,651.3394447988137,652.957155380969,2457335
2025-01-30,658.9867553710938,666.6829984019986,655.0160219940218,661.3397182850705,911550
2025-01-31,657.5161743164062,673.1047566053629,642.2216450911833,663.7417934952261,3690369
2025-02-01,680.6049194335938,722.4687019990612,653.006180220848,657.5161305216807,4446114
2025-02-03,660.1632690429688,676.5362326597829,648.8884819793948,674.9185817241425,2367737
2025-02-04,663.790771484375,666.4379071733731,652.074786010377,659.771089029128,1492015
2025-02-05,655.6533813476562,662.7613993136682,649.427761961645,662.3202000236678,1988584
2025-02-06,648.5943603515625,663.4476905238314,644.8687905572878,656.2906638432769,1253699
2025-02-07,639.9207763671875,654.4095606939192,635.6825760948025,651.6990760808891,837069
2025-02-10,634.8447265625,642.6312333612624,626.4668653913792,639.132256315537,2613543
2025-02-11,625.579833984375,641.0049187553585,617.5469195021633,631.0008029787663,998016
2025-02-12,623.0664672851562,629.1280599584776,611.3867074661983,621.637290747209,1073537
2025-02-13,625.3826904296875,634.1054982187666,620.9473521996897,620.9473521996897,1144554
2025-02-14,624.6434936523438,629.0788320688101,620.4545629256811,625.9248016076974,1821215
2025-02-17,615.7728271484375,623.0665189522226,604.7830199355982,616.5120502302483,1571043
2025-02-18,617.1527099609375,619.0253722661347,610.7953796764334,611.3374645500925,712638
2025-02-19,625.8262939453125,630.3601716015704,611.3375090274258,617.152754861354,1023390
2025-02-20,632.3806762695312,634.1548597772664,620.9473834315039,624.3478216104925,891876
2025-02-21,615.8221435546875,635.3869520381529,606.3601114501612,632.7750062202523,1976242
2025-02-24,612.3231201171875,616.8569976274397,602.2204046544895,602.2204046544895,1542899
2025-02-25,612.8651733398438,614.7871652869953,607.0006584890482,607.3949348426627,1225342
2025-02-27,614.3436279296875,616.2656199034346,601.1854816199498,601.2347511253021,1440672
2025-02-28,591.9697875976562,615.5756554222861,589.4564412880636,611.8795402146131,2680280
2025-03-03,585.612548828125,591.0335180887608,581.0293416626997,588.2244342860998,1783194
2025-03-04,579.3045043945312,582.113528119496,569.5467353827368,576.5940196866028,4370725
2025-03-05,580.6843872070312,585.6618105210326,573.5878336925317,576.396857299585,3256655
2025-03-06,598.9678344726562,602.7132193889915,585.4646808128552,588.1751654462481,2103830
2025-03-07,600.8897705078125,604.5365559117741,596.25729426182,598.9677786425672,1327590
2025-03-10,598.5735473632812,606.1629162322865,596.5530163407991,601.1854929355006,1188893
2025-03-11,594.23681640625,597.6865241076939,584.1833705018452,597.1443790566788,2227722
2025-03-12,591.723388671875,598.869211512434,589.3579109988414,594.4338731976043,3676916
2025-03-13,597.587890625,604.191628448806,590.1463907564806,594.7788671497848,689569
2025-03-17,598.8199462890625,600.8404772819741,592.3640769496063,592.3640769496063,820003
2025-03-18,598.8199462890625,598.8199462890625,598.8199462890625,598.8199462890625,0
2025-03-19,610.2039794921875,613.801555829671,606.4093251291932,609.5633555930225,1640160
2025-03-20,623.2635498046875,624.7419958564024,606.6556965536732,614.6392811696841,1000000
2025-03-21,621.73583984375,625.4319550062938,618.4832705323363,625.3826855024181,1549109
2025-03-24,623.8057250976562,626.8611563562679,620.799503186742,626.0726637887029,697650
2025-03-25,615.8221435546875,629.7688441569073,613.2595274058338,625.4813138610024,1419249
2025-03-26,630.5573120117188,633.6620731329419,618.08905817598,619.9617807821354,1901786
2025-03-27,639.7236328125,642.1384402063751,626.5654862283909,632.7749479854073,1497543
2025-03-28,642.2863159179688,651.5019395626,639.6743703118417,639.723639818761,1075086
2025-04-01,638.2451782226562,651.0091084286202,631.7893088610833,631.7893088610833,1203066
2025-04-02,647.017333984375,650.417772188195,634.5490806230777,641.1528188441822,2202713
2025-04-03,651.45263671875,652.9803523038358,635.8303537046058,645.5881219003962,2210443
2025-04-04,667.5676879882812,672.2001644966429,644.5532342788094,649.4321184721039,4041611
2025-04-07,653.1282958984375,668.2577051297899,638.2452342173344,640.6600417910964,2540552
2025-04-08,668.356201171875,670.2289236984011,651.45266955877,658.4013544566646,3307994
2025-04-09,683.4856567382812,688.3645409903954,665.7935727151864,667.3212883485626,3695669
2025-04-11,699.7485961914062,704.3810729678042,677.8675804717077,683.4856880448658,5205941
2025-04-15,701.6212158203125,709.6541303872519,691.3214227488317,705.7116074406562,4917060
2025-04-16,710.0977172851562,714.1387794756896,698.9107716828491,700.8820332700614,2898568
2025-04-17,704.5288696289062,715.8636236007811,702.804015763621,707.6829001570537,2584756
2025-04-21,685.1612548828125,704.528863448231,684.1262944462179,704.528863448231,2702126
2025-04-22,698.9600219726562,706.1058444147957,684.1262320869582,688.8573074854935,2138487
2025-04-23,706.2537231445312,709.0628069614824,696.9395002449763,700.7342148416025,2282463
2025-04-24,702.50830078125,712.4138775575542,695.3132085046279,706.5000931946113,2663875
2025-04-25,700.1920776367188,711.9210469437646,696.0524166397101,706.992893413546,1566764
2025-04-28,705.1695556640625,711.8718329562198,695.4610563575288,697.5309170965156,2393391
2025-04-29,701.12841796875,713.5474016556743,699.7485709978434,705.1695401848484,1846949
2025-04-30,700.2413940429688,712.4139100146813,696.3974099686762,700.6356102569165,2215886
2025-05-02,688.7587280273438,702.7546961391595,685.9989740713254,697.8758120936652,1100691
2025-05-05,712.26611328125,725.2763915612749,699.5514520479823,699.6007215557751,8525971
2025-05-06,709.752685546875,717.2435154107237,703.2968161065572,712.2660921090189,2063870
2025-05-07,725.7692260742188,726.9027255739592,696.8409857366632,696.8409857366632,3995818
2025-05-08,709.2106323242188,729.5639324710621,706.3030094235082,729.3667942788202,3195214
2025-05-09,712.90673828125,714.5823226556546,701.7691223873463,701.7691223873463,2511756
2025-05-12,727.4940185546875,728.3811102759192,716.4550024929738,724.3893178466276,1515956
2025-05-13,717.1448974609375,727.395481150152,714.6808206277731,727.395481150152,2720588
2025-05-14,712.16748046875,722.2701955723813,710.442626670569,713.5473875705453,2751553
2025-05-15,710.2454833984375,720.4960671030999,706.4015596277835,716.3564059855198,4308349
2025-05-16,713.990966796875,719.4119361301645,705.8101831310438,710.6397980548626,1909055
2025-05-19,706.302978515625,716.3564242987221,703.2968167294085,713.990946569723,1434238
2025-05-20,693.933349609375,712.3646575186897,692.208495717078,711.4282962312453,2493313
2025-05-21,699.452880859375,707.9785506917682,695.1160815267622,695.1160815267622,2944314
2025-05-22,688.2166748046875,701.7690976884174,685.1119138626185,699.6006979953952,2352847
2025-05-23,690.779296875,699.0586193557175,686.7382348059164,688.2166809518925,1724941
2025-05-26,701.12841796875,702.2619174074657,692.2577411172873,693.8840559366398,1994607
2025-05-27,705.36669921875,706.6972767225491,692.6520379592348,702.2126686578184,1267453
2025-05-28,708.9641723632812,714.5822795583306,703.4446643361499,707.7814034551458,2271957
2025-05-29,713.0545654296875,715.5679117658349,702.0647586995101,713.4981112909196,2316776
2025-05-30,706.1551513671875,717.4406353024935,701.6705435593586,709.0627740639532,3894257
2025-06-02,694.22900390625,708.4713804642605,690.7300267289712,704.775265102742,1630797
2025-06-03,693.48974609375,698.6150378365977,689.3994147267834,698.6150378365977,1738779
2025-06-04,692.9476928710938,698.2701230313146,689.7443929053248,694.3768695028315,1944866
2025-06-05,693.0463256835938,696.8902497342312,689.5966178606951,696.8902497342312,1319022
2025-06-06,688.6109619140625,695.6089163217778,686.9846470793894,694.8696932438588,1105116
2025-06-09,694.22900390625,695.7567797155131,685.1119193478374,690.3850800251472,904800
2025-06-10,688.6109619140625,698.5658086334538,686.3932926803055,697.2352311564508,1533185
2025-06-11,690.1879272460938,697.2352111162841,687.3789036939907,688.9558888183071,3560937
2025-06-12,682.5000610351562,694.8697155715053,680.6766079561544,693.6869465772044,1686574
2025-06-13,681.2680053710938,683.5842136347344,672.0523215075187,674.9599443324769,1359160
2025-06-16,680.8737182617188,682.3028948980422,670.5245952621818,675.7484262684178,1894563
2025-06-17,676.98046875,686.3932907082947,674.3685833104004,682.056491267045,2159490
2025-06-18,679.78955078125,684.6191054357907,676.3891126097285,676.9804670055897,1810324
2025-06-19,680.6765747070312,685.5061894652928,677.5226044204647,684.027743334167,973270
2025-06-20,683.3378295898438,686.7875374301367,677.1283675089425,680.6766143671344,2558526
2025-06-23,683.92919921875,688.9558919638191,677.6704078821426,681.0708459899843,1200845
2025-06-24,693.3912353515625,695.5596350417145,685.013373943619,689.103765635454,1250576
2025-06-25,694.7711181640625,701.7690722085098,693.4897501023504,698.7136410416384,3216401
2025-06-26,715.8143310546875,717.4406458528645,695.6581702174602,695.6581702174602,3673197
2025-06-27,721.1367797851562,725.1285723878143,714.0402261814705,717.53920339718,4329253
2025-06-30,711.9703369140625,720.4467973245813,707.6828672827725,718.9683512230156,1618205
2025-07-01,706.9929809570312,718.5248736773057,700.2907033576485,713.5474500270797,1202600
2025-07-02,702.1633911132812,708.7670692069289,695.2146459939335,706.7465381413443,2521750
2025-07-03,703.0996704101562,707.4364697669978,696.9888078956888,702.9518618927508,2125636
2025-07-04,718.1305541992188,733.7528379820727,714.7794456796398,724.4386151837982,6030354
2025-07-07,718.8697509765625,728.3811116122872,716.8492200057449,718.4755347782784,2641977
2025-07-08,717.4899291992188,723.8472596809178,715.4200684926901,719.5104602408724,1764146
2025-07-09,719.8554077148438,721.678860731456,710.6890535993668,719.806138208044,2447741
2025-07-10,716.5042724609375,724.4385878197188,714.8779576903369,724.4385878197188,1174052
2025-07-11,715.2230224609375,724.4386464856317,712.1675308502694,717.7363689987513,1263356
2025-07-14,717.5392456054688,721.3339002449372,712.2168150500876,720.2004608831594,1403107
2025-07-15,729.5639038085938,731.5351653373075,715.8143426141896,717.4406574386295,1267255
2025-07-16,721.1367797851562,734.2949265534329,718.86978087869,734.2949265534329,1250246
2025-07-17,722.7630004882812,727.7897532937136,721.4324230693252,722.3687842921324,1114793
2025-07-18,709.8512573242188,723.5514882517917,708.7670274362004,722.7629957065852,554526
2025-07-21,707.38720703125,716.0607456698164,702.5575922539149,709.8512839261908,2355411
2025-07-22,706.0565185546875,714.138702219546,704.6766716877896,709.6540946254128,1717457
2025-07-23,710.2454833984375,711.7239295005642,701.4734059540277,708.5699592758613,1226308
2025-07-24,696.7423706054688,713.3994934532502,690.9271253728895,709.6541087995441,888831
2025-07-25,683.9784545898438,696.8901930419228,681.5636472786342,695.5103461198926,937078
2025-07-28,688.3645629882812,699.6007178208744,680.2823785351417,684.3234406826471,1956621
2025-07-29,688.1674194335938,691.222850774161,681.5636812066183,685.9990196960324,2285806
2025-07-30,692.9476928710938,695.5103689385853,686.1468767309531,688.1181382483493,2091790
2025-07-31,699.6007080078125,704.0853159764397,688.9559077311458,689.9415385004321,2682787
2025-08-01,707.9625244140625,721.6499323775197,703.8811517669334,703.8811517669334,2791635
2025-08-04,720.0073852539062,730.5591684420099,703.8811186603493,709.7045247743819,4451592
2025-08-05,712.7904052734375,731.5048122932451,704.1798180133849,726.7266748690644,3632435
2025-08-06,711.3967895507812,720.8037225885229,706.0711074039909,716.7224109402599,2396780
2025-08-07,715.2789916992188,716.622882659483,704.0304439125936,708.908162347963,977299
2025-08-08,700.7454833984375,715.9758224225967,699.5011736618671,715.677200237282,1321300
2025-08-11,703.7816162109375,706.9173011801494,692.0353439617085,702.5870666627942,1145468
2025-08-12,700.894775390625,709.256561257853,699.6504656340323,704.4784239439995,867153
2025-08-13,706.967041015625,707.7633871056316,696.0668754340547,701.840460533243,1291837
2025-08-14,707.3154296875,709.953390688579,701.6911860118614,706.9670472567067,1469217
2025-08-18,717.12060546875,725.3828098965165,711.0483375525207,721.7494011942928,1946107
2025-08-19,724.63623046875,726.676886285624,708.8085863138509,717.269892524026,955973
2025-08-20,748.4274291992188,749.9704219467583,714.1840601864611,724.5366811988844,2543319
2025-08-21,736.2830200195312,755.5449114431198,734.0930226175086,755.5449114431198,3103085
2025-08-22,727.3737182617188,738.7217867062736,721.3512712343567,738.2738838029544,1579250
2025-08-25,719.1115112304688,730.9573035336091,717.1206156409684,729.4143716032086,1747160
2025-08-26,714.482666015625,723.2923548359856,711.9442862502086,716.7224235893417,5014160
2025-08-28,708.3606567382812,722.6951298987019,705.4738944644243,722.6951298987019,1888463
2025-08-29,722.5457763671875,723.6905656639416,706.0711270857228,706.7679527116899,2136019
2025-09-01,728.070556640625,729.5637283640411,722.1476299862785,723.0933175625713,1044767
2025-09-02,738.5227661132812,742.8031796118853,728.1700844241478,728.2696049037821,2961872
2025-09-03,731.4052734375,739.5679575756076,728.7175522172641,738.6222700110582,1252252
2025-09-04,735.2377319335938,751.3142384504639,731.4550423876575,751.3142384504639,2251956
2025-09-05,728.3692016601562,737.0793703197177,722.6951367818933,736.6314066371915,1035892
2025-09-08,727.274169921875,732.6496125779544,725.3828554742283,727.4732716419733,455182
2025-09-09,729.16552734375,731.5048054152381,721.1521845530732,727.8714573306436,1455793
2025-09-10,731.2061767578125,734.3418616625539,725.5819330851326,730.6586926137198,2564874
2025-09-11,730.7582397460938,735.5364380147099,726.5774073970268,733.0975786395443,1297516
2025-09-12,731.2061767578125,735.5861714251795,728.3691748019513,735.5861714251795,1040773
2025-09-15,724.1882934570312,732.5998397386821,720.7539863056692,730.708464566247,2023144
2025-09-16,720.6046752929688,728.4189160960974,716.2744409772661,726.6271222359806,1685896
2025-09-17,708.6593017578125,726.676882345931,706.718166427481,726.676882345931,5946154
2025-09-18,716.4735717773438,720.8037455115583,710.1525023938696,710.5506450693334,1972919
2025-09-19,716.8717651367188,720.6046944266261,712.7406324196297,717.7178714728394,3589676
2025-09-22,713.5867309570312,725.8307874999632,711.147932453462,716.8717573020981,1425905
2025-09-23,702.7861328125,718.215573405409,701.2929611422185,717.120605150127,1832965
2025-09-24,704.3291015625,710.5008902739607,696.8632428205669,705.7725130707365,2131661
2025-09-25,700.3970336914062,708.1117539862556,698.9038620214353,707.1661272011228,1751179
2025-09-26,695.1709594726562,701.5418498114715,692.4832989696157,700.3970605177223,2170529
2025-09-29,695.5194091796875,699.7998226861915,687.1576231263153,691.9357605465364,2398826
2025-09-30,694.225341796875,698.9537189951777,690.3430709521851,695.5194118260004,1891260
2025-10-01,698.5554809570312,701.3924828325572,688.1530394845844,693.8271039929473,2015531
2025-10-03,707.713623046875,709.5054169290461,694.424358509706,696.8134575241421,1495780
2025-10-06,712.2926635742188,713.4872130897659,700.745493357658,711.745179433809,1988455
2025-10-07,711.6954345703125,718.6635693446771,708.0122654666857,712.6908823952217,1864614
2025-10-08,707.5642700195312,710.699954830107,703.7815806062075,706.767923946828,1546833
2025-10-09,712.59130859375,714.5822042643422,701.1436584878455,703.2838956366577,1809553
2025-10-10,711.04833984375,716.2744407088975,709.2565459843045,714.2337849034926,1412130
2025-10-13,710.1026611328125,713.6365494152539,705.2250033857065,706.6684148416923,1598740
2025-10-14,704.9761352539062,714.1840272882152,703.7815857574526,710.1026549051078,632893
2025-10-15,706.967041015625,709.7542827093043,701.9898020064434,705.0259056505818,2960078
2025-10-16,722.396484375,723.6407941314826,705.1752494967433,706.7679416821161,1205842
2025-10-17,731.803466796875,736.13364037853,723.6407827710328,725.1837146933863,1707666
2025-10-20,724.0389404296875,738.6222751517131,722.9937323804637,731.7536609585633,1394719
2025-10-21,718.7630615234375,726.5773630956802,714.7315101427574,725.78095626126,81792
2025-10-23,721.5005493164062,733.1473006637489,716.9215137645404,718.7133076432135,1679459
2025-10-24,722.5457763671875,724.5864930055155,709.7542961738519,721.5005683068935,1279440
2025-10-27,720.3060302734375,725.2832694565245,713.7360988546882,722.6453691438769,1032827
2025-10-28,716.772216796875,726.6769351187929,712.7406651302133,716.8219770382283,2259608
2025-10-29,718.5142211914062,721.1024219665081,715.5776379837488,716.8219477533229,1943057
2025-10-30,718.215576171875,721.4010212322075,713.8854026143036,716.7224044958419,1504657
2025-10-31,716.6726684570312,725.3330766219093,715.3785984455698,718.2156004229013,1185320
2025-11-03,718.9124145507812,721.600135766877,712.9894879791085,713.0392482177318,713200
2025-11-04,714.0347290039062,717.5187964708571,712.0935935494279,714.7315546487594,605166
2025-11-06,709.9036254882812,717.2201425423112,707.9624901196676,711.745179622141,670236
2025-11-07,708.3606567382812,712.7406515254415,702.5870714332532,712.7406515254415,453081
2025-11-10,715.975830078125,717.6183432508849,707.2159015904667,710.6502086515844,337191
2025-11-11,709.7542724609375,715.1794750540716,706.4693069137727,715.1794750540716,2399280
2025-11-12,717.6680908203125,721.7991626625841,703.5327201598029,710.2519926905121,2394231
2025-11-13,718.7133178710938,723.8398983887503,714.7315266363508,717.6681098234363,698548
2025-11-14,735.3373413085938,738.4729655917773,709.1570749209576,718.7133500087293,2572321
2025-11-17,757.2371826171875,761.169213729265,746.7849803168193,750.0699460311864,3726013
2025-11-18,753.0065307617188,761.8162198432873,749.621983802603,754.4997025218025,2300354
2025-11-19,744.7443237304688,752.9567683876595,742.4547450989763,750.4681487945713,2500810
2025-11-20,732.7989501953125,748.4772536427147,730.0116476432562,744.5949827718607,1605550
2025-11-21,736.5318603515625,739.6177242656272,729.6632461463053,730.0116285775564,1754099
2025-11-24,732.599853515625,739.518228188293,727.0253091304809,737.5273324987377,4028756
2025-11-25,728.020751953125,732.7989501809482,724.6860259990495,731.6541608644251,968184
2025-11-26,730.7582397460938,734.1427867268111,724.0887877810037,727.7221359660085,1984835
2025-11-27,724.0887451171875,735.1381912583629,717.269891316667,733.0477752069983,1934840
2025-11-28,714.13427734375,725.581927064923,711.7451783164065,724.0887553621612,1314458
2025-12-01,715.67724609375,718.0662844866541,707.813183751817,714.4329362774514,2277267
2025-12-02,714.08447265625,720.8037454721341,709.8040591620384,717.2201576065879,2439574
2025-12-03,707.4150390625,716.3740697144892,705.2748018815987,714.6320359766024,1403587
2025-12-04,711.3967895507812,712.2926561100696,704.0304515798595,708.5597268864225,1425940
2025-12-05,733.296630859375,734.4413593510823,709.8040268155876,712.7406099157248,2651174
2025-12-08,725.9801025390625,736.1336827281552,722.7946572777549,734.4414092370873,2300562
2025-12-09,727.1746215820312,731.6541367047132,719.1115186641288,721.6996586543089,1120548
2025-12-10,721.4508056640625,732.2016299405708,718.2653604969048,727.1746306141396,1196695
2025-12-11,721.4010620117188,726.9755456144331,715.8265176516899,721.4508222522705,1627878
2025-12-12,723.7402954101562,724.6859829514589,715.4283307602719,723.6407749352027,1794314
2025-12-15,734.2921142578125,735.3870825651363,718.7133314545224,726.2787106405918,1525769
2025-12-16,735.4368286132812,747.1831005996422,732.898448853604,736.631378134692,1942539
2025-12-17,734.7898559570312,737.9752404762799,730.7582435522235,734.6405144763661,877616
2025-12-18,739.0702514648438,740.1652197718512,730.5591846936458,740.1652197718512,1076550
2025-12-19,737.825927734375,740.1154455422227,729.2650401277842,740.0656853032654,1082044
2025-12-22,735.8848266601562,740.0657198017751,734.1427929142579,737.8259621284774,1844499
2025-12-23,733.993408203125,736.5816089275544,724.3873734244703,736.3327469785119,1215107
2025-12-24,731.4052734375,736.8802363553717,727.7221044140148,735.63592660131,921626
2025-12-26,739.9163208007812,743.10176583997,729.3645986631111,731.7038766371111,996756
2025-12-29,749.6717529296875,751.5631281511396,739.6177539288699,741.6086496325815,1469144
2025-12-30,735.7354736328125,750.1694673008793,732.9979920750757,749.9704263388954,3422069
2025-12-31,747.18310546875,749.2735823341696,734.3418651125135,737.1291068424267,578363
2026-01-01,756.98828125,759.3773194827545,742.6040485863755,751.5630786631548,710787
2026-01-02,754.3005981445312,761.766456918644,747.7804269666022,756.9883194546746,933700
2026-01-05,769.5309448242188,771.6711819950027,749.0745037503401,764.5039453558289,2638604
2026-01-06,775.5036010742188,776.4492886413341,763.5582274028136,772.4674974175324,1894536
2026-01-07,770.2775268554688,775.6032092567262,767.9880089736984,772.4675242561113,2185434
2026-01-08,755.3457641601562,770.0286189316328,752.9069049449573,770.0286189316328,3203911
2026-01-09,750.0201416015625,761.2189291207259,748.3776284624943,755.3457629188625,1127242
2026-01-12,752.7576293945312,754.1512198432658,745.4410516987579,750.020147977686,1042221
2026-01-13,752.6083374023438,757.0380925013823,748.2781635430331,753.4545045321125,1397021
2026-01-14,746.3867797851562,754.9476676808025,743.6990584602753,749.7215665102674,720895
2026-01-15,746.3867797851562,746.3867797851562,746.3867797851562,746.3867797851562,0
2026-01-16,756.689697265625,760.8207693329692,746.3867757028185,754.6988015925008,2731620
2026-01-19,757.1375732421875,761.5673281087113,749.2238118289947,756.5403288644299,1167269
2026-01-20,746.1378784179688,759.4271428612848,743.3506367590189,758.5312155478707,1100332
2026-01-21,744.5452270507812,749.2736043096512,737.2286489431937,744.6447475322526,1338880
2026-01-22,748.327880859375,754.001945449678,743.5995038270079,746.5858472158714,2527936
2026-01-23,737.5770874023438,750.5676695312291,735.4866104890485,748.3279118966863,1755248
2026-01-27,742.4049682617188,749.2735824880161,737.6765911405568,749.2735824880161,2681953
2026-01-28,733.296630859375,752.5585210842011,718.0662312315842,750.5676255257773,5105125
2026-01-29,726.6271362304688,732.5002418160378,721.7991779296766,730.6586876827051,1159830
2026-01-30,726.477783203125,731.6541238498515,715.7767194869538,721.6996459743433,4195864
2026-02-02,719.1115112304688,723.0434814138827,705.0756608701039,721.6996511938945,3074659
2026-02-03,729.513916015625,739.2693533301091,719.5594377415096,731.6541531474853,2982558
2026-02-04,730.0614624023438,737.975224040412,721.3512938948854,728.5184696608858,1287885
2026-02-05,744.8936157226562,746.2375067776468,728.1701039555236,734.6405149954564,2400386
2026-02-06,749.3233642578125,749.920608661037,737.2286486553418,748.7758800953043,1737323
2026-02-09,751.4137573242188,754.5494422380275,747.6808280255478,754.5494422380275,1609570
2026-02-10,761.3682250976562,762.7121160812856,745.9886052021801,752.2599141871807,1514663
2026-02-11,766.8930053710938,768.7345594884392,759.2280452001287,762.1148073504894,1100783
2026-02-12,767.1419067382812,769.630526353007,764.6034661254091,766.8930447768087,1374355
2026-02-13,756.689697265625,768.3363883475505,754.4001186356808,765.4993863162741,966405
2026-02-16,769.3318481445312,770.4766374773009,753.5540239926573,759.0787474200044,731192
2026-02-17,771.0738525390625,773.214089642414,767.3409232359933,770.1779859607136,684887
2026-02-18,792.3267211914062,794.367377113983,770.0784254907801,771.073873331775,2437994
2026-02-19,776.5986328125,796.3582475263217,772.5670205785478,792.3266960496823,1689988
2026-02-20,784.6119995117188,789.987381392455,771.6214173532967,775.8520706726079,974730
2026-02-23,797.8016357421875,801.2857029735401,783.6165048716805,791.3809854072326,1445444
2026-02-24,806.6611328125,809.7968178113147,797.3537198117555,798.8966518122379,1949882
2026-02-25,802.6793212890625,807.9054223175959,798.1002856431775,806.6611125488976,1360182
2026-02-26,802.0820922851562,806.1634041018324,795.1637176870514,804.321849911767,829778
2026-02-27,785.0599365234375,804.2223067893918,783.1685613890677,802.0820697035161,2505181
2026-03-02,775.6032104492188,785.6074491105264,766.2957366715061,766.5943588726632,752861
2026-03-04,768.3363647460938,782.3722152648604,765.3998423242898,778.5397047574332,1179796
2026-03-05,775.3045043945312,779.3858768798101,766.2957138436609,768.684812896376,1014521
2026-03-06,781.6754150390625,787.0010366711371,772.9652464537817,776.2502121687676,2431135
2026-03-09,774.4583740234375,780.3315402373365,767.2911378450232,779.485373168657,1743703
2026-03-10,786.3042602539062,789.1412622485632,776.3995422564982,776.3995422564982,1615258
2026-03-11,758.133056640625,789.2906228850446,755.8435387419696,786.4037998232737,1027261
2026-03-12,753.7033081054688,760.8207232514102,745.9387668447173,758.5312055174522,4308894
2026-03-13,748.9749755859375,764.0062135961078,746.9342589177122,750.5676678194989,2232192
2026-03-16,746.6853637695312,749.5224264284329,735.1381936961853,747.6808115605891,1976708
2026-03-17,751.314208984375,754.0516903685512,739.4185959089469,746.6853525227527,1054603
2026-03-18,752.5585327148438,755.9928397576634,746.9840493680288,751.3142229715983,1461880
2026-03-19,737.8756713867188,748.7758367950911,730.6586749380797,742.7035688459873,1305425
2026-03-20,740.9118041992188,746.5858689547374,736.830492418525,746.5858689547374,1478190
2026-03-23,721.998291015625,741.4095234873722,720.2562573322631,731.4550452967326,1774602
2026-03-24,735.7354736328125,742.0068436254793,721.1521992432578,728.6678182775813,1852576
2026-03-25,750.3187866210938,755.29602566999,739.7172431440199,744.4954412368103,1755316
2026-03-27,739.0702514648438,749.3233519336623,736.233188702902,740.6131834455592,2099063
2026-03-30,732.599853515625,744.2963656917632,728.4687206568716,735.635957290734,3461259
2026-04-01,741.1109008789062,750.866277348818,736.631385695622,748.5767595177132,2750153
2026-04-02,757.8841552734375,764.0559437608472,725.6316831335196,738.7217851981175,2858545
2026-04-06,747.1333618164062,766.8432168351037,739.0702586406301,760.5221473738618,2450748
2026-04-07,749.821044921875,751.5630785476477,735.4865724983066,742.4547070013974,1819912
2026-04-08,744.0474853515625,768.4857171857343,742.8529358158734,768.4857171857343,2798459
2026-04-09,743.9478759765625,751.0155916869662,739.5679421877836,746.5858369032115,1822429
2026-04-10,759.7755737304688,760.5221596201483,745.1922383824705,749.9704366822712,2336600
2026-04-13,749.6717529296875,759.2778490030222,740.2648193355022,740.2648193355022,2117159
2026-04-15,752.110595703125,761.0198659318805,749.1242522135296,758.0335224422852,2146350
2026-04-16,741.0113525390625,756.7394153286683,737.0295614147416,750.0699030439685,1973962
2026-04-17,753.8526000976562,757.4860088383325,737.9751956771152,741.2104009984008,2045877
2026-04-20,757.2371826171875,760.3728068529093,750.4681494693643,753.8526356646187,1301721
2026-04-21,759.0289306640625,761.4677898714289,751.1648689155696,756.5403112192623,913203
2026-04-22,768.9834594726562,772.9652508485665,754.9974294162347,760.5221527988472,1529460
2026-04-23,775.3543090820312,776.5487978259508,762.1646258450006,771.4222781542466,2177488
2026-04-24,779.7342529296875,783.5169424344339,765.8975649047846,780.3315580666341,2522454
2026-04-27,783.4174194335938,790.3855540410082,777.7433548160939,779.7342504182122,1072431
2026-04-28,777.29541015625,786.4037820615337,772.2186505496642,781.4265429345619,669237
2026-04-29,775.75244140625,787.5982942698529,772.3679554147283,778.2410608517707,861651
2026-04-30,771.4720458984375,775.9515610036542,762.1646332605231,774.5579097791065,1716176
2026-05-01,771.4720458984375,771.4720458984375,771.4720458984375,771.4720458984375,0
2026-05-04,780.9785766601562,783.1685740201914,771.3725416314876,777.4447490432406,869429
2026-05-05,803.5255126953125,806.8104784325942,757.1376066604685,785.4581100042909,5184757
2026-05-06,811.0908813476562,839.3118638387408,808.0547776115733,822.4390109351792,5329489
2026-05-07,828.3619384765625,830.1537324243758,809.1497466951406,815.1224336927273,1949437
2026-05-08,827.5157470703125,832.6920878010523,821.3439585358656,828.361914157851,1489246
2026-05-11,838.7145385742188,844.9360873749255,821.0453399802115,825.9728187818338,2709714
2026-05-12,826.2216796875,842.1488445971386,823.5837186964161,838.1670533697289,1998649
2026-05-13,829.6062622070312,833.3889518842647,821.4435776883813,824.2805797569775,1690380
2026-05-14,831.1989135742188,841.8004569544674,829.7555021117591,830.601669196731,1099619
2026-05-15,837.3209838867188,843.8909153981576,830.3030279337041,837.2214026472635,1462080
2026-05-18,829.95458984375,840.9542757046097,826.6696243082744,837.3209277476864,1500121
2026-05-19,827.6651000976562,837.9182004675068,824.7285168842642,826.221688610669,1431476
2026-05-20,834.6332397460938,836.1761717210211,818.2581108984277,824.4298995554503,1973862
2026-05-21,828.063232421875,841.9995016941563,826.0723368115491,840.0086060838304,1305803
2026-05-22,820.6969604492188,834.135505906214,819.2535489708938,828.1130587973194,998448
2026-05-25,819.6019287109375,830.203472172905,808.3036203889675,828.2125765561834,1118732
2026-05-26,826.2216796875,831.1989187217621,816.914266996355,818.7558211361069,2110705
2026-05-27,830.00439453125,841.1534224596934,825.9728429419297,828.2126005756982,986465
2026-05-28,830.00439453125,830.00439453125,830.00439453125,830.00439453125,0
2026-05-29,817.95947265625,837.8186684964925,813.3803763036979,837.8186684964925,7257304
2026-06-01,802.0322875976562,817.7603503525486,799.0957044984887,808.3035964531582,1236356
2026-06-02,807.2584228515625,808.7515945835437,791.2316764739096,791.2814974708264,1433084
2026-06-03,807.5570678710938,811.140655826209,797.9012115799086,803.1770730305618,1106240
2026-06-04,813.1315307617188,822.7873868063406,801.7834620220848,807.5570472500368,1908015
2026-06-05,806.9597778320312,820.1992213296618,803.4258895604466,820.1992213296618,1801418
2026-06-08,805.3172607421875,809.747015551626,796.6070925944815,799.4440944882384,1585444
2026-06-09,809.4981689453125,810.9913406560734,800.9871023454377,805.8647601462026,1004237
2026-06-10,816.1676635742188,829.1582450225741,805.4665998808825,810.6428797592521,2365760
2026-06-11,807.1090698242188,819.5024071737538,803.8241042123367,816.1676813229806,2187472
2026-06-12,815.321533203125,818.1087749763224,804.8195707456007,811.439323119594,1184514
2026-06-15,805.96435546875,823.5837333578478,803.9236388225238,823.2353509221725,1944901
2026-06-16,804.769775390625,814.6744930207559,802.8286400549011,806.3127073087041,1563410
2026-06-17,801.3355102539062,807.3081972868547,792.3764797044837,807.3081972868547,1937674
2026-06-18,817.0137939453125,827.2171340463658,804.7697979755112,809.2990733811015,3484629
2026-06-19,813.3306274414062,821.692413414462,801.7336968175774,816.6654140856675,2005978
2026-06-22,808.7515869140625,817.3124137933128,805.1181780977723,817.3124137933128,2006370
2026-06-23,817.3124389648438,822.5385401381714,803.3264089286395,812.9822651527268,1528859
2026-06-24,815.7197265625,823.8824108210716,806.7606962010389,820.7964861310694,1685066
2026-06-25,822.040771484375,829.1084872361879,814.5251528336448,815.7694625691071,1885494
2026-06-26,822.040771484375,822.040771484375,822.040771484375,822.040771484375,0
2026-06-29,836.1264038085938,840.8050206874669,820.8462434040459,820.8462434040459,7194690
2026-06-30,832.4432373046875,837.8684400610058,825.0271389135598,836.1761666199552,3911248
2026-07-01,847.1260986328125,850.5604057787325,832.4432432217267,832.4432432217267,1497295
2026-07-02,852.1033325195312,854.7910537805765,839.9588569840286,847.7731588125733,1249381
2026-07-03,834.7327270507812,869.0259153581284,831.298420044811,869.0259153581284,5349026
2026-07-06,834.2847900390625,842.4474742793025,831.1989261133036,835.1807173761218,1488875
2026-07-07,843.7913818359375,846.528863382821,833.7870824860211,834.3843876415477,2221794
2026-07-08,836.2756958007812,847.6238253402051,832.1943840098784,845.4338279676638,2190111
2026-07-09,856.1348876953125,858.3746452962139,837.619582497453,841.2031703559699,2532027
2026-07-10,848.6192626953125,859.9673920946911,843.4429219033624,859.9673920946911,1338643
2026-07-13,842.8954467773438,849.2165161703571,837.9182076466833,846.130652212273,1169864
2026-07-14,844.3886108398438,847.0763320974279,837.6195778351484,838.7145461310134,1441052
2026-07-15,840.6058959960938,847.7731322149151,837.2711094548108,846.1306190632208,1449908
2026-07-16,835.5291137695312,845.5831733305281,833.5880391023244,840.6059341688408,1149031
2026-07-17,840.157958984375,849.0672291132194,826.122169043604,836.1761677095676,2039711
2026-07-20,851.406494140625,853.1982880353753,833.3889132010773,835.6784309975534,1575899
2026-07-21,849.6644897460938,854.0942447754713,841.153422884934,852.103349100004,1219710
2026-07-22,858.7230834960938,862.0578093795675,839.909095454977,846.2301647889574,1248595
2026-07-23,849.3161010742188,864.0487168131178,846.0808956253217,858.7230952232437,2149352
2026-07-24,851.7051391601562,854.0942382554047,837.6693490581853,847.9224495571079,1968480
2026-07-27,854.7412719726562,860.6641377366142,848.1215198446531,858.0759977771021,1006199
2026-07-28,879.2293090820312,882.2654128577692,853.3476651124498,854.7413163983532,2384426
2026-07-29,874.7000122070312,880.8718008468796,867.5327757464755,880.8718008468796,2912454
2026-07-30,885.3499755859375,889.0999755859375,872.4000244140625,874.2999877929688,1881026
2026-07-31,870.6500244140625,889.0,868.0,888.0,2540351
2026-08-03,880.9500122070312,881.3499755859375,865.2999877929688,870.0,2383722
2026-08-04,875.0,881.0,852.1500244140625,880.9500122070312,2333652
2026-08-05,852.0,879.0,846.8499755859375,878.5999755859375,3931248
2026-08-06,860.0,864.9000244140625,848.0,851.0,1939903
2026-08-07,862.0,863.9500122070312,852.4000244140625,860.9500122070312,1151946
