Price,Close,High,Low,Open,Volume
Ticker,MPHASIS.NS,MPHASIS.NS,MPHASIS.NS,MPHASIS.NS,MPHASIS.NS
Date,,,,,
2015-01-01,281.79876708984375,283.4536690030236,277.01398447682635,279.13656794624194,45594
2015-01-02,280.6835021972656,285.0006029069147,280.6115461271895,280.6835021972656,46665
2015-01-05,281.6548767089844,283.3097566631538,271.6535750344195,281.3310853467762,72549
2015-01-06,279.5682373046875,282.5902165770264,276.29444472457834,280.6115454233999,54039
2015-01-07,277.5535583496094,279.6041852720951,271.9773040989043,277.73343751898693,42760
2015-01-08,275.3230895996094,285.504247575662,274.2438144369626,279.8920255130626,314935
2015-01-09,275.17919921875,280.32373976536775,273.45234139344643,276.294441436175,27596
2015-01-12,271.7254638671875,281.11516951055796,269.81874909847284,275.39500324650794,41573
2015-01-13,275.86273193359375,277.6255568461178,271.97734567270845,271.97734567270845,27289
2015-01-14,273.12860107421875,276.65422925309196,271.977369720855,274.5316457591428,19017
2015-01-15,271.22186279296875,274.89138085590207,270.21452172056917,274.85541379956345,22478
2015-01-16,272.44500732421875,276.8700308530179,269.782808579385,270.5382923679941,21424
2015-01-19,268.0560302734375,274.8554742172124,267.6603047350864,269.81885557972424,88027
2015-01-20,265.7175598144531,272.6609148759542,264.8541527825464,269.0992977403439,141124
2015-01-21,266.0773010253906,271.9773475057697,264.422421186165,266.2212131670233,124470
2015-01-22,260.6089782714844,269.71086085954715,259.13395574430655,266.9407169524214,112300
2015-01-23,261.3284912109375,265.96936105287506,259.7095785306994,263.3431293187371,55015
2015-01-27,258.8101806640625,267.6242607461893,257.73090555196535,264.78216083450343,54537
2015-01-28,260.4290771484375,263.16323181267916,257.9827028133816,259.0260108067382,57004
2015-01-29,259.8175048828125,261.90409908282464,258.30651530421443,258.30651530421443,33943
2015-01-30,260.8608093261719,262.6236342846715,260.10532546276363,261.1846006721527,95470
2015-02-02,250.39181518554688,261.8681154980474,249.09669389016392,259.1699278344101,91674
2015-02-03,244.88755798339844,253.269924678476,243.84424979459823,253.269924678476,90222
2015-02-04,249.88815307617188,251.68694491218784,238.23199515353346,247.44180057077182,73798
2015-02-05,254.96075439453125,256.07599652855333,247.80155423976,254.34916079029978,126927
2015-02-06,253.44981384277344,257.47911264888967,251.2552962037368,255.42848520705343,69073
2015-02-09,248.62899780273438,253.19793343963633,247.5137556520005,252.55037277282608,64002
2015-02-10,249.9961395263672,252.5504155730726,248.23331445216536,248.23331445216536,78821
2015-02-11,249.276611328125,254.38516318904192,247.98146787604867,252.19064566895284,33666
2015-02-12,248.19729614257812,251.8308467192211,247.94546090427744,251.79487966713842,51478
2015-02-13,257.4431457519531,274.7115518694569,239.38328858706154,248.23333793911667,752994
2015-02-16,263.9906921386719,267.30047359223005,257.44308529839753,258.30651418468534,166580
2015-02-18,270.7901611328125,272.4090739869849,255.42847254719481,261.18460713980767,189993
2015-02-19,271.94140625,274.0280007541811,269.09930586743315,271.90541723222236,71022
2015-02-20,271.36572265625,274.09989932769804,266.29313863631813,274.09989932769804,41839
2015-02-23,280.3597412109375,284.1372047408059,267.3724706199833,270.97005493414366,289249
2015-02-24,280.5755920410156,285.0365831391213,278.52496471755796,280.5396030253591,149044
2015-02-25,275.3950500488281,282.77009711088033,273.4163788858385,280.2158213018213,99609
2015-02-26,280.2877197265625,281.6548190132538,274.7474543503507,276.2584438012837,46329
2015-02-27,276.1865234375,282.41033926148975,272.84077476521975,277.04993040826696,167593
2015-03-02,276.61822509765625,278.77677536152277,273.4163667564241,273.4883228234681,50909
2015-03-03,279.4242858886719,284.20906705639476,276.29438417634327,279.8919673036394,187990
2015-03-04,279.71209716796875,283.4176035170051,276.04255786820335,280.61149297879825,156906
2015-03-05,281.9786071777344,287.8066971873601,278.8846939661336,284.20911347251814,177665
2015-03-09,287.05120849609375,293.3469798897224,275.2151494929087,279.8200521778097,384927
2015-03-10,289.42559814453125,302.84458046617664,286.007893753763,291.9079395904628,304954
2015-03-11,282.8780517578125,295.0019153535595,280.8993803743435,289.4256596365105,87114
2015-03-12,281.90667724609375,284.9286566298779,280.6115557718494,282.7701062008636,47267
2015-03-13,279.20849609375,284.92866365483343,273.4883504905776,281.906684196542,75466
2015-03-16,277.589599609375,280.7914584634233,274.89141134739464,280.61157924595796,50554
2015-03-17,277.1578674316406,279.89202236307773,274.1358882270761,278.45298882907736,125937
2015-03-18,279.2804870605469,281.3311146664503,277.1219363086304,278.4530469972283,106353
2015-03-19,277.22979736328125,279.8560510895733,275.6828407291302,278.45298463190795,110654
2015-03-20,278.7407531738281,283.84932591521425,276.29440089085494,276.9419615013616,112511
2015-03-23,278.2731018066406,281.69080635371637,276.65418912644685,277.73346424657603,631806
2015-03-24,274.0279846191406,278.52496473315466,273.4163909320526,278.4530086597483,33628
2015-03-25,273.8121337890625,277.15790477271145,272.7688475110973,276.29447575281904,35767
2015-03-26,270.17852783203125,277.58954125038593,265.5016691611705,272.6968363471101,51300
2015-03-27,273.9200439453125,277.01395728244626,271.2218560497043,271.25782310514865,87414
2015-03-30,273.3084411621094,276.2944312751945,271.25781403840705,272.696847534632,113694
2015-03-31,277.3017883300781,282.7701207566491,270.17857593924106,273.3444456731784,475472
2015-04-01,281.6188659667969,285.03657070415585,277.19384211948244,278.4529964964042,57868
2015-04-06,280.79144287109375,282.7701141533372,278.27313396642023,280.61156366361706,31698
2015-04-07,282.3743896484375,291.188470845022,279.2444870360273,280.6835207007758,110048
2015-04-08,280.5755920410156,285.6122097684293,277.04994206549753,285.57622075277277,97414
2015-04-09,278.596923828125,283.48962946207257,277.01397802765973,279.3164406541709,135394
2015-04-10,283.2377624511719,284.56887282181896,279.2084642851219,280.93532204050655,53928
2015-04-13,277.1938171386719,285.6481386218111,275.93466287522557,282.77007173393395,80420
2015-04-15,282.41033935546875,289.82135349042284,275.1432154034021,278.4529970205513,126533
2015-04-16,284.3890380859375,287.08722630307165,279.82010164667463,283.48964201355943,73243
2015-04-17,283.6334533691406,287.0871242765236,274.3516716344786,286.3676076743268,72833
2015-04-20,281.4749755859375,284.92864737704076,276.7261604047382,284.1012074643712,70524
2015-04-21,284.82073974609375,286.6914878838468,279.1725282747265,280.10789136464757,59942
2015-04-22,281.07928466796875,284.9287046399141,277.6256121827718,284.9287046399141,66507
2015-04-23,284.5329284667969,292.843338756451,277.7334858967815,282.05058671382994,95256
2015-04-24,280.1438293457031,284.1731272257732,278.4529607223452,282.9499400621764,61484
2015-04-27,278.70477294921875,283.6694333389665,274.24376102921053,278.4529377353964,38221
2015-04-28,278.84869384765625,280.3956723497487,277.0139350093289,278.12917713334633,29595
2015-04-29,278.4170227050781,279.8920232991981,275.57492268275803,278.1291984309881,68828
2015-04-30,284.1731262207031,286.2597202354235,275.2870906850437,278.27308056454933,174936
2015-05-04,281.87066650390625,285.2883708201629,279.89199558396814,284.10117265978147,24041
2015-05-05,283.4896240234375,284.92865764792197,279.46032548329896,282.7701072111953,39903
2015-05-06,278.0932312011719,283.8493653528132,277.1578681846938,282.0505734304253,21084
2015-05-07,277.01397705078125,281.8707156094638,269.89076488962905,279.89204434481536,35614
2015-05-08,280.5035705566406,282.0145599140974,274.4236460774549,278.4529437113711,28029
2015-05-11,278.84869384765625,282.69811266079597,278.2011331963588,279.92796891912116,141652
2015-05-12,277.7334899902344,284.20914131125016,275.57493954989576,284.20914131125016,86802
2015-05-13,277.91339111328125,281.8347668390154,276.2944781553398,278.95669935823065,128964
2015-05-14,276.7261657714844,280.5755850444561,274.56761537070514,277.805440971874,46152
2015-05-15,274.3157653808594,278.992624331615,272.66088561221716,276.9419971693173,36790
2015-05-18,276.7261657714844,279.74812315782924,274.85541769922696,274.8913847560759,37863
2015-05-19,269.31512451171875,283.0938885450436,267.37244236213604,275.7188414804629,144722
2015-05-20,271.7975158691406,273.4523959979514,269.81884434395164,270.3584820326396,106723
2015-05-21,269.2071838378906,272.6248883523634,268.2358318474588,270.53829419826695,38117
2015-05-22,266.0773010253906,270.4663578502668,265.50169637467997,266.65292763401123,73195
2015-05-25,271.1139221191406,281.3310694872642,270.2505151317775,275.1432206005659,245583
2015-05-26,270.93402099609375,275.3590665351796,270.25049326447765,271.83341692551636,111357
2015-05-27,271.4017333984375,273.27245942701927,270.5742715497465,272.66088774116474,120982
2015-05-28,269.5309753417969,272.7328116617888,266.94071068481,272.6608775540764,151286
2015-05-29,266.04132080078125,270.50233347566854,265.21388092212396,269.8547508282848,284260
2015-06-01,265.8974304199219,269.7468497749366,265.50170495450897,269.7468497749366,67361
2015-06-02,263.0912780761719,267.66021353207776,261.1845632046888,267.66021353207776,35444
2015-06-03,266.2212219238281,267.48037635184625,259.7815376373713,265.4657380501815,57266
2015-06-04,268.34381103515625,269.63893254842185,264.3864684627311,266.29318367422644,74204
2015-06-05,267.0126953125,270.03465277065,264.81815584481694,268.34380581619126,95722
2015-06-08,266.04132080078125,267.62426644875,265.3937601113064,267.62426644875,99028
2015-06-09,267.9120788574219,269.0273210892226,265.10596779199625,265.10596779199625,79703
2015-06-10,270.3584289550781,271.25782492631924,266.2571745430549,266.2571745430549,70253
2015-06-11,271.4017333984375,273.4163715636375,269.81878772727384,270.35842530272834,44725
2015-06-12,269.854736328125,272.69683614765546,269.45901091635085,269.854736328125,24418
2015-06-15,272.37310791015625,276.94204451941835,269.0993148680549,272.69689929142464,28896
2015-06-16,273.7760925292969,276.2584338202808,271.9773008569625,276.2584338202808,91600
2015-06-17,273.560302734375,275.1792155733814,269.0992896837265,275.1792155733814,309883
2015-06-18,276.798095703125,279.028580006962,274.4956333765672,276.94198587484226,110539
2015-06-19,285.5042419433594,287.73474829374214,277.373711328313,279.1005471628997,282515
2015-06-22,284.7487487792969,289.7493988865691,280.61152753992616,286.3676614381811,83774
2015-06-23,290.61285400390625,293.5628775076983,283.05792700922285,287.0872257979697,58179
2015-06-24,290.43292236328125,294.8579458412461,288.52620742896073,290.6128015449701,47917
2015-06-25,287.6627502441406,293.4188834913103,284.2090790790011,293.4188834913103,37881
2015-06-26,285.5042419433594,289.53354019600096,282.26641651929344,289.53354019600096,31951
2015-06-29,278.77679443359375,284.9286543233195,276.9780024239768,284.9286543233195,24059
2015-06-30,295.54150390625,307.73732155419964,277.01394766623554,277.01394766623554,318880
2015-07-01,296.26104736328125,304.35561149889,294.46225533314595,299.31899381451126,251417
2015-07-02,296.7646789550781,300.7579879545654,294.28233749621353,298.52748173844043,208271
2015-07-03,296.40496826171875,299.247046578513,293.167142511862,297.19641921202145,71391
2015-07-06,294.57012939453125,301.7652963165174,287.80667687944566,296.44087718582904,151246
2015-07-07,294.7860107421875,300.75799077098407,293.5628235276591,295.7213737006566,162442
2015-07-08,288.885986328125,293.850647704075,285.36035850798135,293.4189332457512,92060
2015-07-09,285.14447021484375,292.8073409260825,284.20910725261854,290.648790744417,37774
2015-07-10,290.39697265625,299.31897620937053,286.3676743541574,287.08719112389144,155094
2015-07-13,289.96527099609375,292.77138213028036,287.8786766633863,288.56220445004533,40270
2015-07-14,295.39764404296875,299.53486607134596,289.2457835491554,289.2457835491554,181305
2015-07-15,293.63482666015625,301.83731424079093,292.1238369052709,295.00190426394346,123987
2015-07-16,292.41162109375,297.16043633228867,291.4402690289269,294.89396281964133,40261
2015-07-17,296.0091857910156,299.60676953168894,290.7567223127961,296.08114185741084,114885
2015-07-20,297.9519348144531,300.3982877361713,293.6348336733345,293.6348336733345,174607
2015-07-21,302.880615234375,305.72269350868964,297.52020612323463,298.5994813570553,304626
2015-07-22,309.5361022949219,311.730619511784,302.7366604952871,303.6360563969368,434063
2015-07-23,304.03173828125,317.48670782669916,301.4774630694322,310.79521205963255,297636
2015-07-24,298.34759521484375,305.7945974502127,295.75733070368403,305.7945974502127,73712
2015-07-27,292.6274719238281,298.7073753056077,291.4762407286441,298.38360594183973,59652
2015-07-28,285.1804504394531,298.13175113041234,281.4749438000101,293.0231781329525,170734
2015-07-29,297.1963806152344,298.59944704112104,285.2164312881783,286.69145377963247,133892
2015-07-30,297.34033203125,300.0385201622051,262.6236447462946,295.0019023177556,693682
2015-07-31,302.3409118652344,307.5214186861854,296.8365918034839,298.0597789189631,402332
2015-08-03,308.63671875,309.3202464878752,302.8805847489866,305.4348604287728,343273
2015-08-04,313.13372802734375,314.57276166357616,307.23368133562644,308.67271497185885,1196393
2015-08-05,308.4928283691406,318.8898549247457,306.514157166773,316.08372183505975,522157
2015-08-06,306.8379211425781,310.7233071290967,305.79461309122127,308.8525592221335,173608
2015-08-07,306.9458923339844,308.70869544020053,305.5068586352389,307.0897825291119,247655
2015-08-10,305.1470947265625,311.76663644708054,303.6361049784524,309.85992122209194,236749
2015-08-11,304.7153625488281,309.17637545903517,302.19705376743286,309.17637545903517,128569
2015-08-12,303.9598693847656,310.83124578031016,302.19704450863486,305.25499079235317,259754
2015-08-13,303.8518981933594,309.3202295871231,302.37689771935476,309.3202295871231,82324
2015-08-14,305.6147766113281,309.03248158814694,304.2117099955748,307.2336894950844,141490
2015-08-17,305.4349060058594,311.62275537188316,304.35563071961957,309.2483365674085,94997
2015-08-18,305.93853759765625,311.4068474513434,305.1830318188299,311.4068474513434,86410
2015-08-19,304.3196105957031,308.63671098788956,303.6360609171104,308.63671098788956,143305
2015-08-20,306.1544189453125,309.39224476259545,304.1037915361176,305.79466052116993,125091
2015-08-21,305.4707946777344,307.95313598224914,302.1970025994034,304.35555261797055,103953
2015-08-24,295.7574157714844,305.65077324046973,262.6236709948842,305.65077324046973,230623
2015-08-25,311.51666259765625,321.92300637378054,292.725338353833,299.46326174305165,141779
2015-08-26,305.9765319824219,309.1957522250502,299.4631982809203,300.2867266456386,80479
2015-08-27,310.4310302734375,310.6930651387834,303.91771948368455,305.4524592207798,113117
2015-08-28,315.63421630859375,317.8053199318508,305.97653271049916,310.6930689557552,135879
2015-08-31,316.6449279785156,319.6021135358507,310.84282815346046,315.22245942104047,114153
2015-09-01,314.4364013671875,318.8534795788516,310.73053464075286,314.4364013671875,126265
2015-09-02,315.67169189453125,318.17970116729646,306.9498293613919,318.1048307858106,119330
2015-09-03,317.8053894042969,319.22783534101774,313.12627589716647,318.1048480993064,131863
2015-09-04,305.4150695800781,318.1048101908425,302.5327314337265,317.8053515315193,192302
2015-09-07,297.6289978027344,308.0727867097958,296.7306218535957,305.4150597786521,30877
2015-09-08,302.4579162597656,306.87499512084486,296.65581514339635,299.4632834255105,32483
2015-09-09,304.2920837402344,311.4417592180052,302.8696151198671,303.2065203925291,91986
2015-09-10,303.65570068359375,311.44173960425417,297.17981331174934,304.32948833925315,122986
2015-09-11,304.7413024902344,308.2225812988546,301.74666977553954,308.2225812988546,43009
2015-09-14,303.58087158203125,308.4471494248998,301.1103088930065,308.07282036006376,24454
2015-09-15,302.38299560546875,304.36693495893286,300.9605498150925,302.45786598332677,13657
2015-09-16,297.7413330078125,307.6984765152779,296.8055103906736,307.66105274948507,73692
2015-09-18,304.5915222167969,306.5754614147479,298.07818825663924,303.955158325733,266486
2015-09-21,300.3616638183594,305.9391534184986,298.75203049181636,298.75203049181636,125124
2015-09-22,304.62896728515625,313.9123228803624,301.70920535120376,301.70920535120376,234128
2015-09-23,304.5915222167969,309.906998766816,300.36160894254726,300.36160894254726,178075
2015-09-24,304.142333984375,306.94980168269234,301.3348662860577,303.20651141826926,756467
2015-09-28,304.8535461425781,310.16899965439757,303.9551474054439,304.70380540397946,1048903
2015-09-29,303.43109130859375,309.79468458222715,297.40440328833876,298.11563755781333,255349
2015-09-30,307.1369934082031,310.54337871174107,299.31350692350696,304.70385452075243,80668
2015-10-01,306.68768310546875,311.51653536776433,304.6663206226103,309.9069255627406,94317
2015-10-05,311.55401611328125,314.3614835590585,303.24390790433466,303.468519008334,219717
2015-10-06,310.05670166015625,313.12620398534597,306.98719933496653,309.94440753122115,40514
2015-10-07,306.0513916015625,312.67701969486615,301.0353965404262,307.06208450515624,100965
2015-10-08,307.5862121582031,315.82145198655,304.0300858686897,306.91242437805795,272322
2015-10-09,310.9551086425781,313.7999999382065,306.9872074860942,310.69307376995283,28523
2015-10-12,306.87493896484375,314.81071909287374,305.4524931983174,311.4417577708334,23857
2015-10-13,305.45245361328125,309.4577783465285,302.45782171511183,306.8748991954661,68614
2015-10-14,299.50067138671875,309.19580316729827,298.0782255299719,309.19580316729827,470909
2015-10-15,304.6663513183594,306.57541988571677,300.24925128886684,300.96048545557545,565176
2015-10-16,309.8695983886719,314.9979111974592,305.78942524965316,305.8268490176164,591821
2015-10-19,316.60748291015625,318.1796693753393,307.02466906550876,310.69308891944894,78593
2015-10-20,312.302734375,335.398842256052,306.2385989522632,318.1797052652279,353029
2015-10-21,343.746337890625,354.8639144638434,318.9283281890238,318.9283281890238,1742373
2015-10-23,337.1207275390625,349.92278540007675,327.91224220507297,342.8854039495968,614970
2015-10-26,340.4148254394531,350.7088736561514,337.1955821069837,339.89075566407445,319496
2015-10-27,337.3453369140625,341.1634977084479,336.147479411302,336.89613749462336,123395
2015-10-28,337.5699157714844,345.5056958024827,334.6501538975293,339.0298081320774,251574
2015-10-29,386.6070251464844,400.0454002355586,338.7677587298353,339.0672173725262,2986515
2015-10-30,355.1634216308594,395.25407925367335,352.05649487920306,386.30760522630254,1444093
2015-11-02,373.87982177734375,377.8477231101072,352.6179379442091,355.20081732918936,933618
2015-11-03,368.2274475097656,377.772837155977,352.6179234012211,376.12578039185667,299315
2015-11-04,361.3772888183594,371.25956243500184,359.46819687678436,369.0884584254751,242975
2015-11-05,362.7248229980469,366.84244224776666,354.863913521309,361.67670630392786,361733
2015-11-06,356.3986511230469,364.5590420441566,353.4040189603586,360.1419413264072,182210
2015-11-09,365.2328186035156,368.3397448083679,345.91742803327566,351.12061039659466,285172
2015-11-10,355.38800048828125,364.97081479424264,353.591202814586,363.8478276717988,218858
2015-11-13,364.9333801269531,371.6338560490242,353.0296987068766,358.1954575935804,1033086
2015-11-16,384.8851318359375,389.30223314362297,361.60188193917287,362.72486915016407,942251
2015-11-17,385.8209228515625,390.6123528363969,376.4627197084634,384.1739116328346,566897
2015-11-18,382.56427001953125,391.92249580278786,378.93327384618146,385.78349055007914,303418
2015-11-19,379.906494140625,387.65508581410467,375.8262990853687,384.39844193845806,121394
2015-11-20,373.46807861328125,383.83699733629487,371.33439856819126,383.83699733629487,110965
2015-11-23,380.692626953125,388.17920762083645,375.1525618284648,377.1739249004082,329094
2015-11-24,385.9332580566406,392.29685203041646,378.5964176728274,378.5964176728274,206367
2015-11-26,377.473388671875,393.3823718433861,374.516180308161,389.30217643227127,230751
2015-11-27,376.9493713378906,380.3932033316755,371.70876438781073,378.8210166772049,85477
2015-11-30,372.08306884765625,379.04557991054065,371.59644566106437,376.9493464080381,56017
2015-12-01,374.3290100097656,381.1043559520506,372.9065643411745,375.86374981191386,120026
2015-12-02,373.3931884765625,377.5482313598158,371.93329619475475,375.3022572937914,111494
2015-12-03,373.24346923828125,378.07232289734765,369.9119545567323,370.28628358930393,95516
2015-12-04,360.7783508300781,369.08846070131915,353.8907096936875,369.01359031834284,213750
2015-12-07,359.3932800292969,360.8531723342715,355.6125660970518,358.5323278597711,89268
2015-12-08,351.2703552246094,358.6071947465018,349.6607221896126,355.72485677460486,36147
2015-12-09,358.719482421875,360.85316232874186,348.125976105529,348.8746341186592,98556
2015-12-10,357.59649658203125,363.4734665739394,353.74091237113566,359.16868298423776,117988
2015-12-11,354.15264892578125,360.8531469975102,343.2596844364283,357.0724333307223,119549
2015-12-14,357.1847839355469,363.8478364534161,348.91209822554043,351.8693068582419,85272
2015-12-15,360.2917175292969,361.97619828657673,348.8746812855114,354.1152880859375,106150
2015-12-16,356.6981201171875,363.1365607635583,354.1152408284896,360.8531629584186,500210
2015-12-17,371.9333190917969,384.06158893386396,358.9441198880953,363.09916302714237,408576
2015-12-18,373.54296875,385.48407460358806,367.02963413036434,371.3344182124645,332202
2015-12-21,367.5537109375,372.0830833973066,362.5002686579591,372.0830833973066,82525
2015-12-22,368.97613525390625,375.0776939695941,365.6445976955234,365.6445976955234,130509
2015-12-23,370.3985595703125,375.07767224805775,369.2007021553638,369.5376074070534,69578
2015-12-24,368.00286865234375,372.4199695849316,365.3451416175838,370.398583637909,40676
2015-12-28,368.489501953125,370.5857353576701,364.07240117309766,368.00285594204263,67973
2015-12-29,366.28094482421875,372.5322440064031,363.84780620249427,368.4894951735992,41416
2015-12-30,372.71942138671875,374.7033606850355,363.0991607037806,366.84245102031446,96955
2015-12-31,372.4947509765625,374.25410171477756,365.45737087092954,372.71936206814604,61949
2016-01-01,371.5964660644531,378.07235429631976,370.1740201919927,373.43066476804603,45543
2016-01-04,372.30767822265625,376.8744973766704,369.83711553711123,374.1044760091249,97294
2016-01-05,368.0777282714844,375.0776856570857,364.6338966481009,369.87450303452727,134357
2016-01-06,357.6713562011719,368.9760964663532,352.99224374432765,368.9760964663532,94200
2016-01-07,343.184814453125,357.8585154729249,339.5912652776439,354.15264932233697,128570
2016-01-08,351.0832214355469,374.29162229106726,339.8907738195564,339.8907738195564,336243
2016-01-11,350.33453369140625,365.64457667096,346.6286673102129,352.58050777764953,131982
2016-01-12,353.0671691894531,355.94950748194253,349.4361727870825,351.98160579123237,281413
2016-01-13,335.3988342285156,359.2810234356085,325.6662787709917,352.2436417511531,404534
2016-01-14,348.83721923828125,351.86927512976274,327.16356006746025,332.7036249362275,953121
2016-01-15,343.6714782714844,351.8692932858667,338.5431887641455,351.8692932858667,573314
2016-01-18,335.2116394042969,343.9335010527404,326.04057835973487,333.1528297820483,365526
2016-01-19,337.6073913574219,343.29717484227183,334.6876063856512,340.6394476315125,75012
2016-01-20,335.323974609375,341.31323969852565,333.4149055011015,336.22237351164085,102295
2016-01-21,339.2170104980469,344.12071221510655,336.4844128347869,344.12071221510655,40064
2016-01-22,340.1901550292969,346.51632360614826,326.11539524112686,346.51632360614826,67793
2016-01-25,342.21160888671875,347.0778863491171,339.14210622560586,340.6394223678823,29744
2016-01-27,337.68218994140625,345.8800043788886,334.1635109645042,345.1313463607525,49626
2016-01-28,337.71966552734375,342.51107268507667,335.77314994373086,337.6822189148862,30209
2016-01-29,341.5003662109375,349.9227693048306,338.4308636250504,349.9227693048306,42855
2016-02-01,338.8426818847656,346.1795225861067,332.02988817795836,344.49504175544064,224762
2016-02-02,338.0191345214844,351.00835721706096,332.40419873209095,338.84266300670856,144557
2016-02-03,327.20098876953125,336.07259115436415,315.40962458452344,335.24906273707626,84861
2016-02-04,337.869384765625,347.22761083211395,330.23308600370893,340.63942882019836,142719
2016-02-05,329.0351867675781,340.6019618576848,326.1154251745812,331.3560311071706,154055
2016-02-08,331.9549865722656,340.4522603105401,329.33468330434505,329.40955368144614,166910
2016-02-09,327.05133056640625,331.7304441923213,319.302713832444,331.7304441923213,33394
2016-02-10,322.1850280761719,331.95500745072775,318.1797025452731,331.95500745072775,57721
2016-02-11,321.51123046875,326.5646726482273,308.4845612394228,320.05133803356375,119104
2016-02-12,323.83209228515625,351.8693507555279,312.04072574388056,329.40960496262187,130368
2016-02-15,329.07269287109375,336.89617996699894,321.17435823520566,321.17435823520566,126656
2016-02-16,311.2546081542969,327.12616917020983,304.85359047486327,324.95504238094486,236894
2016-02-17,314.8856506347656,320.72517558838086,302.5327900544571,309.2332673881619,236446
2016-02-18,332.0298156738281,353.25427407496045,313.68769507854336,315.2598814132992,785710
2016-02-19,315.5968017578125,334.9496175280174,312.93907473567236,334.9496175280174,250882
2016-02-22,316.30804443359375,320.98715751693095,314.4363992002589,315.97113915270074,79708
2016-02-23,324.9550476074219,328.96037311591414,315.18506828752123,316.12089093683096,135651
2016-02-24,329.14752197265625,334.5752930801969,316.68236944685407,325.62884268714123,198341
2016-02-25,316.7947082519531,330.86949591998285,315.5594268089806,329.40960331186585,164416
2016-02-26,316.9443664550781,321.7357730491331,314.2866168669865,320.2758808213624,271973
2016-02-29,314.8856506347656,325.51658360765947,309.6450431158469,317.2813432207871,157818
2016-03-01,329.8212585449219,335.3987695434077,312.3401132761896,312.3401132761896,102167
2016-03-02,324.80535888671875,335.39886765964684,321.17436211158144,335.39886765964684,94077
2016-03-03,331.09405517578125,333.5271940775818,322.25989845582933,324.91762565582604,136824
2016-03-04,321.36151123046875,331.6555608039549,320.4631123106165,331.6555608039549,164111
2016-03-08,332.2918701171875,339.4415451418214,327.7250515794162,329.4095321415034,200605
2016-03-09,334.537841796875,336.8212396257433,324.393511887504,332.4041618641121,179573
2016-03-10,334.5003967285156,340.48966093384075,331.43091710107035,340.48966093384075,73721
2016-03-11,335.51104736328125,337.6447270370628,330.98167601752846,334.46293082884216,81409
2016-03-14,338.13140869140625,341.0137467957894,331.28119200249574,331.28119200249574,187391
2016-03-15,343.4094543457031,347.9762501419575,333.15282999134706,333.9014880362714,150103
2016-03-16,350.3719787597656,357.10990142822266,341.38808186848956,341.38808186848956,330254
2016-03-17,368.52691650390625,375.82633232089574,353.8157907344965,362.42535810838154,499911
2016-03-18,367.9654846191406,378.37182844482317,363.5109594406054,373.5804208035629,364167
2016-03-21,343.6714782714844,356.5484062284979,336.89613186944683,355.9869126753822,424148
2016-03-22,350.8960266113281,354.11524699053194,345.6928441815605,348.87464079828305,314411
2016-03-23,375.0776672363281,381.5910011356113,348.3505668392788,351.12061064638306,333271
2016-03-28,371.5215759277344,377.96004004978226,360.70345742429606,365.345146705762,210030
2016-03-29,382.71405029296875,388.32898634276444,367.66601711006956,371.9333547995744,285255
2016-03-30,377.9600524902344,386.23273833787204,372.1579521210433,382.45200116315647,278905
2016-03-31,368.1900329589844,375.0776964030832,360.8531929466789,374.3290383264304,188778
2016-04-01,350.63397216796875,376.57496680272675,348.3505516032731,376.57496680272675,195287
2016-04-04,340.4148254394531,365.2702590616154,337.6447815077039,355.3879864819234,773713
2016-04-05,342.8479919433594,354.71420475510456,337.6448089197824,344.38273193592,1299293
2016-04-06,344.83184814453125,348.65000816823834,341.4254408446479,344.38264881576094,168871
2016-04-07,347.6019287109375,350.5591371918648,341.1260410503578,346.96558763663876,148677
2016-04-08,353.96551513671875,357.48421709307155,344.494995420872,348.12599151471886,177870
2016-04-11,366.8798828125,369.0884332864739,348.874665134882,351.86929745363636,247418
2016-04-12,366.9547424316406,375.82634498530155,366.84244829242584,368.7889638119951,418113
2016-04-13,367.17938232421875,370.5857676149174,361.30241154108114,369.1633217632158,272557
2016-04-18,379.3824462890625,383.4626415794597,369.8370566685681,371.63383132180354,365569
2016-04-20,373.5055236816406,380.31831700050554,370.88522031647966,379.3450706037672,238946
2016-04-21,369.1258239746094,377.997425993391,366.8798499368029,377.997425993391,286341
2016-04-22,366.7675476074219,372.8316819434172,359.95475527555624,365.6445606136164,483359
2016-04-25,366.4307556152344,371.3718813291596,363.84787575339976,371.3718813291596,70953
2016-04-26,366.8798828125,368.8638450014599,363.73553258614675,366.46813000756384,288143
2016-04-27,370.5857238769531,371.9332991885228,359.39327721894915,368.7140788068675,53332
2016-04-28,370.3985595703125,377.17390558879566,367.21676294944575,374.5910490990182,147831
2016-04-29,366.28094482421875,372.68196190555574,361.67670246332455,370.43598779319467,84912
2016-05-02,363.54840087890625,368.2275142992813,362.01363796868316,363.84785956836356,25463
2016-05-03,365.6446228027344,370.9601000469199,363.06176598602485,363.54838919666,227004
2016-05-04,359.99224853515625,366.84246551564485,358.23289744742056,365.79434875504654,44758
2016-05-05,360.4788513183594,365.6445872974006,354.8639159395687,361.1152152307351,52525
2016-05-06,355.8746643066406,362.6874581968163,353.4415252635232,362.3131291132598,180385
2016-05-09,356.3612365722656,362.31307728836276,353.51634508306,356.3612365722656,96034
2016-05-10,353.5163269042969,365.8317376500906,352.28102289099235,358.7569330549911,71680
2016-05-11,349.06182861328125,354.5270234398085,347.5270886933916,353.51635331302964,498298
2016-05-12,351.0457458496094,353.29171994058225,346.74096217524476,346.74096217524476,64852
2016-05-13,346.2543640136719,351.79442926844433,345.1313768871411,351.79442926844433,194283
2016-05-16,347.190185546875,350.9708997222934,344.7570467802392,348.0885843842177,48729
2016-05-17,346.0671691894531,352.54305648261135,342.88537260956093,348.87463675994627,207513
2016-05-18,349.3238220214844,351.0457262562313,343.3345581131768,346.4789079567011,77705
2016-05-19,348.20086669921875,351.79441623205923,347.6767969206988,349.997641465639,26679
2016-05-20,349.3238220214844,355.2382155614924,348.0136705415421,350.4093623965279,34750
2016-05-23,359.5804748535156,362.2756485721868,349.4735905439226,352.01904635153164,142977
2016-05-24,353.4040222167969,364.521598792666,351.9815764958589,362.42536539836055,76850
2016-05-25,356.3612365722656,359.16870429736224,354.30242690719473,354.48959142220116,133261
2016-05-26,355.08843994140625,359.7301281532419,345.13129881091464,358.6071412807552,665658
2016-05-27,368.2274475097656,375.82632175671546,349.7730320965361,350.44681973741103,436062
2016-05-30,379.0081787109375,383.87445656105325,368.788999795141,370.36118643924044,300205
2016-05-31,392.4839782714844,414.007896965438,378.8209690135834,380.31828509664103,906511
2016-06-01,401.9919738769531,406.5213462198841,389.3396337739078,393.7567348190917,259411
2016-06-02,412.3982849121094,418.8741955790977,394.7673962746163,394.7673962746163,360664
2016-06-03,418.8367614746094,436.46764967686664,410.1523005480667,414.6068251510712,502482
2016-06-06,416.77789306640625,423.74040291534686,408.0185858460495,420.6334541214893,106776
2016-06-07,416.8528137207031,422.2431610862285,414.007922128873,418.20038913846867,117873
2016-06-08,412.66033935546875,418.42501566175537,403.6390187064263,416.3662059591146,365559
2016-06-09,418.72442626953125,423.51585593049754,412.51057377085857,416.92767441751374,96411
2016-06-10,400.9812316894531,428.34471986246496,398.43582174636754,418.050671716368,173657
2016-06-13,388.96527099609375,407.2699689990034,385.89579134576024,401.2807047490181,125614
2016-06-14,389.0401611328125,399.0347274929862,385.596306799687,391.5855710022083,80739
2016-06-15,391.2112731933594,403.3021195443738,389.67653325794123,392.2594127901862,150362
2016-06-16,394.2807922363281,397.2754245269085,387.24338807567915,392.29683006603364,61955
2016-06-17,405.3983154296875,407.3448079923789,389.33959185687735,397.2379247822205,217532
2016-06-20,401.76739501953125,410.0774818043249,398.02410445080164,402.77806519530225,66231
2016-06-21,408.69244384765625,411.76192354539216,405.9598237136162,410.2271836965242,201932
2016-06-22,413.07208251953125,414.3822341179167,400.9063891059519,408.9170394464011,110015
2016-06-23,411.0132751464844,414.3448126540504,406.5961743124806,411.23786342570486,49857
2016-06-24,410.6763610839844,418.5746943128825,385.55889283525914,385.55889283525914,305586
2016-06-27,445.3392028808594,467.1626023417554,404.27532894959603,404.4250696918025,526098
2016-06-28,427.55859375,447.7723610845302,424.18963252757834,443.57989428552315,606790
2016-06-29,434.4088439941406,440.7350138081739,423.77789028873923,430.47838913680454,180704
2016-06-30,429.3179931640625,432.7243783530353,426.77253736655325,432.68695458722624,162446
2016-07-01,426.173583984375,434.2216578145586,422.99178735383725,430.4783676609848,102072
2016-07-04,421.90625,431.1896284291865,420.8581561092613,426.21103394117404,65490
2016-07-05,421.53192138671875,426.3233513603815,419.73516941744225,426.3233513603815,32536
2016-07-07,423.51593017578125,431.2271000835201,421.531967774346,421.9062968542796,74577
2016-07-08,426.2110290527344,427.48375690746343,417.75120202165425,423.7030428022531,47501
2016-07-11,428.2323913574219,431.9756814916651,422.99178516948143,431.9756814916651,120972
2016-07-12,421.4195861816406,430.1788478042162,419.84737704068556,426.0612290025264,27517
2016-07-13,413.7833557128906,427.03461369267353,410.18980584408484,427.03461369267353,75443
2016-07-14,410.8634948730469,419.92228394887655,408.3929326503505,419.92228394887655,37161
2016-07-15,401.20587158203125,414.7565641547913,388.1043555663113,414.00790609675016,161289
2016-07-18,399.5588684082031,408.0186964620081,397.2005769306815,408.0186964620081,62385
2016-07-19,404.3501892089844,410.414346750902,399.5588051686799,399.59622893179545,140319
2016-07-20,406.1470031738281,413.63358387749315,401.28072571644583,401.28072571644583,74516
2016-07-21,407.4945373535156,413.25921305127457,401.430425874568,407.7940188291619,72641
2016-07-22,404.9117126464844,412.51061059309,403.18980816584155,408.0186620203885,115402
2016-07-25,403.0400390625,423.44097072874456,398.69783155316395,407.64430430349177,321565
2016-07-26,401.5802001953125,410.26461538181445,395.55346627875133,400.7940726796139,102423
2016-07-27,405.92242431640625,407.94381029222126,400.6443939366684,402.7780512089677,74057
2016-07-28,403.1897888183594,407.94379491302084,400.7192263608188,407.94379491302084,59378
2016-07-29,404.94915771484375,408.0186374435151,402.0293730406745,403.5266891413847,27405
2016-08-01,407.5694580078125,413.1843933457538,405.0240023768282,405.0240023768282,75649
2016-08-02,398.21124267578125,408.0186450402483,395.47862246332323,407.56946847945665,48820
2016-08-03,392.3716735839844,398.58557207897906,387.1685365878667,397.50000874584975,79879
2016-08-04,389.3770446777344,392.2968294341322,386.75674142769725,392.2968294341322,73671
2016-08-05,405.5106506347656,407.26997877263506,388.96528033045075,389.30218559148943,113630
2016-08-08,418.4998474121094,422.9543719214882,399.14705521475406,399.14705521475406,255216
2016-08-09,413.85821533203125,419.24856313986584,410.26466535829724,419.24856313986584,44041
2016-08-10,402.62823486328125,413.8955278296947,400.5320017500226,411.7618709579671,440325
2016-08-11,404.6871032714844,408.0186407615489,395.29145380201436,404.2753504793329,48937
2016-08-12,402.66571044921875,408.9544562928798,399.0721609790384,405.77265960776356,25306
2016-08-16,393.6818542480469,408.01867552834267,392.29685500339735,402.77806868669427,50909
2016-08-17,394.9171447753906,403.1149600475356,392.4840059687176,401.2807385774585,35929
2016-08-18,399.8582458496094,404.2753466182225,396.04010807599946,396.78876612529245,91539
2016-08-19,401.430419921875,410.2271512286636,391.2112201685463,401.2806791862723,41513
2016-08-22,397.1257019042969,407.2325863464365,393.0455060832069,407.2325863464365,101578
2016-08-23,396.7139587402344,399.7834387751412,393.1203631844359,397.5374643999999,44111
2016-08-24,397.4251708984375,401.954589378315,395.17919639051877,397.16315881696767,58788
2016-08-25,397.16314697265625,401.1684497812101,396.7888178991665,401.1684497812101,74446
2016-08-26,416.1790771484375,419.9972153740514,399.1096350482505,401.2059143900043,255585
2016-08-29,412.9972839355469,420.5961366900374,408.0186889938897,420.5961366900374,64977
2016-08-30,413.8956604003906,418.16302120513535,411.762002845253,412.9973071315765,113294
2016-08-31,424.7885437011719,431.9007943030792,412.95971140769853,417.30196412021684,439748
2016-09-01,424.00250244140625,431.938305826344,420.59611717882956,430.4784133725355,93477
2016-09-02,421.6441955566406,425.12542784671746,418.2378107889258,422.2056890577296,23238
2016-09-06,419.36083984375,425.9490217782851,417.7512067014343,419.24852285448605,27402
2016-09-07,412.13629150390625,425.2378084908606,408.28068394138796,419.24854358253856,50100
2016-09-08,403.451904296875,412.1363207524732,402.0294355024125,412.1363207524732,74258
2016-09-09,399.18450927734375,406.633666533974,396.93853497048826,403.48929336548343,51738
2016-09-12,392.7460632324219,398.99738645659517,388.62844323946314,389.48941842486937,179686
2016-09-14,386.906494140625,400.53208060089395,383.91186176230053,396.7139425963158,50961
2016-09-15,386.27020263671875,391.6605507487387,382.5269116831591,390.05091736092015,57303
2016-09-16,388.51611328125,393.38239072016574,386.30756284315737,389.30219511325936,132188
2016-09-19,385.970703125,392.29687368107886,384.81029212227963,392.29687368107886,39436
2016-09-20,377.6231384277344,390.79952546496503,375.82636356975564,387.0562349911627,57472
2016-09-21,384.1364440917969,388.14179225233994,375.15256994344276,375.15256994344276,591421
2016-09-22,395.5909423828125,399.78340929614825,382.8637323482508,383.68726079452426,133145
2016-09-23,404.05084228515625,407.27006342702725,396.9011655679325,400.4572920408707,143549
2016-09-26,399.25933837890625,407.1576718545137,393.8315673878992,402.02938236838156,116840
2016-09-27,402.9651794433594,411.01325316192157,389.30217057231187,401.2806988976138,140392
2016-09-28,389.97601318359375,408.76731276362347,389.30220263202233,408.76731276362347,177050
2016-09-29,387.61767578125,396.7138886717654,375.78888863362533,393.6443634845392,192692
2016-09-30,389.0401611328125,393.04546329046485,381.89046328271473,384.0615669866828,88536
2016-10-03,402.62823486328125,404.2378677275352,389.3769800590157,389.3769800590157,123740
2016-10-04,408.1309814453125,411.38762590214805,401.2807415533237,401.2807415533237,101494
2016-10-05,410.30206298828125,413.8207652007946,408.2058294450172,411.76195542367617,89228
2016-10-06,407.4197692871094,413.93310424976136,398.0615425288354,411.8368249003347,56584
2016-10-07,409.2165222167969,414.00795260428964,407.56951085965875,408.1684282344787,47544
2016-10-10,407.6817626953125,411.7619585140262,406.5213517693022,410.26464230124793,65940
2016-10-13,406.55877685546875,419.2859647053981,404.27537876246254,407.6817640186978,219945
2016-10-14,408.9170837402344,415.5052662097113,405.5481221223178,405.5481221223178,84071
2016-10-17,407.60687255859375,415.5052056165571,406.22182778986274,411.7619154758674,168629
2016-10-18,408.6175842285156,411.7245336394541,406.0347046295319,411.7245336394541,117722
2016-10-19,401.4678955078125,408.65639378297266,396.33882381963843,407.9958480496278,129349
2016-10-20,406.0141906738281,407.7627444257115,402.12851566964287,402.12851566964287,77114
2016-10-21,402.8278503417969,407.56840161953886,395.17309066573597,407.56840161953886,160392
2016-10-24,396.6885681152344,402.2839495718245,395.4839946419089,401.00165785565906,61683
2016-10-25,393.6576843261719,399.3696544489604,392.4531346864169,399.3696544489604,43384
2016-10-26,394.39599609375,397.89310344827584,389.3446188038793,396.10570250914014,43268
2016-10-27,393.1914367675781,399.33077440256244,390.12174423380947,397.73765724429353,36339
2016-10-28,398.3593444824219,400.22448727965843,392.45313801209227,395.95024518249704,32036
2016-11-01,402.5558776855469,404.0324529666799,396.3387984934921,401.0016078875332,66765
2016-11-02,406.40277099609375,407.9958883115607,392.45318780445365,397.19371620237706,111782
2016-11-03,392.608642578125,407.9959073101679,390.9377832227832,407.9959073101679,111820
2016-11-04,395.8725280761719,403.9935738541861,371.5093433095774,397.8930836347598,324007
2016-11-07,396.53314208984375,400.7296901511276,385.61440459671326,396.22229282656167,217631
2016-11-08,400.6907958984375,404.11020894716717,390.2383441467827,391.5594831625445,134995
2016-11-09,401.8564758300781,404.11018622628495,361.4066099452849,372.2476523122894,251991
2016-11-10,391.90911865234375,407.21868559341533,390.19943611053327,407.21868559341533,95793
2016-11-11,391.6760559082031,399.44740622384205,386.4303944451468,388.5675157819475,153108
2016-11-15,388.41204833984375,394.0074296077667,381.65098833373713,394.0074296077667,229756
2016-11-16,387.79034423828125,391.8703027698464,385.4589393631012,391.676019030248,69573
2016-11-17,385.4200744628906,387.6348900199289,381.9618145697972,386.9354733326391,127398
2016-11-18,399.2142333984375,400.8461978208125,385.88635002968033,385.88635002968033,88918
2016-11-21,403.2553405761719,406.8689895987267,393.2302808463949,399.44736038546836,248717
2016-11-22,397.31024169921875,403.9547360103185,392.45314827991285,402.32277159445295,246873
2016-11-23,396.1834411621094,397.34914374346073,393.61890496964827,395.63946085391325,58860
2016-11-24,396.57196044921875,399.5639585036021,393.3080078482381,393.42457334893794,24661
2016-11-25,404.30450439453125,406.091905499288,395.5617351981094,396.6108722449359,122981
2016-11-28,398.1262512207031,405.6256229476288,395.63943344917567,404.30448396043,125517
2016-11-29,402.98333740234375,407.2187325614886,398.67024771764056,398.67024771764056,115412
2016-11-30,409.3558654785156,414.3683957668047,401.0793586699995,406.3250199741855,180286
2016-12-01,411.1043701171875,412.5809454290031,407.37413201095194,411.68722130355405,73166
2016-12-02,406.1695861816406,411.1043739660576,401.77875489688427,411.1043739660576,37531
2016-12-05,404.96502685546875,412.658682277737,400.26336962299627,407.99587230849704,125911
2016-12-06,401.8564758300781,407.7627300883027,400.22451135872456,405.66445617330913,25495
2016-12-07,398.3593444824219,405.0038860522323,395.56167771911873,404.071314653614,32298
2016-12-08,402.24505615234375,403.1776276368272,398.3593811607927,398.67025413313917,171720
2016-12-09,402.59478759765625,406.4416154329113,397.11599519353285,403.3330753531185,36841
2016-12-12,399.2142333984375,404.03247957611796,394.5514236973054,400.2244993471722,35313
2016-12-13,403.4495849609375,406.4415352242729,393.3468079790506,399.21419045153635,159498
2016-12-14,415.41748046875,421.20714536666594,401.77877150288987,401.77877150288987,176527
2016-12-15,426.56939697265625,433.6413061100314,409.74440617654847,411.8815273088112,130877
2016-12-16,439.4309997558594,442.9669545557138,425.17054389966336,427.30766517164267,120539
2016-12-19,439.5475158691406,450.6605837802525,435.1955790516457,441.4126587523835,178020
2016-12-20,440.0137939453125,446.69713517424515,432.3978813412252,433.6412782197311,85552
2016-12-21,432.2424621582031,444.44349017571966,421.36257302227415,439.7806805460358,194892
2016-12-22,424.1214294433594,437.56585555807595,421.55689341056126,431.3099282474841,48560
2016-12-23,434.65155029296875,438.84809782456097,420.2357070458667,421.20712569368425,72686
2016-12-26,413.0472106933594,434.1852900403765,403.41071869569606,434.1852900403765,130652
2016-12-27,426.258544921875,428.8230809198528,409.3947060373608,415.96150623415423,106970
2016-12-28,434.6904296875,438.2652790352752,422.8391213080007,430.9990385529019,56512
2016-12-29,440.3246765136719,442.9669545136179,425.17054385925866,431.34877665872307,94892
2016-12-30,439.2755432128906,442.88923980809716,432.0870447171467,441.41266438730094,86708
2017-01-02,433.369384765625,440.16931653409137,431.3099578855799,431.3876524184813,13995
2017-01-03,417.6711730957031,435.66181807100867,409.0060997469406,434.4184211694833,64167
2017-01-04,415.22320556640625,422.64483505379644,413.5134991434993,422.64483505379644,38861
2017-01-05,418.29290771484375,424.27685661501823,415.37865150689083,415.80606626421286,43844
2017-01-06,409.6667175292969,419.6528828993429,407.99585837436115,418.09861296267866,38577
2017-01-09,411.764892578125,418.6814119055941,409.9386446036211,409.9774918606758,27114
2017-01-10,415.0677490234375,417.24376478335313,411.1820743558054,414.60148703634246,38233
2017-01-11,411.25982666015625,418.4483249762111,409.62781479914156,415.0677594707507,57508
2017-01-12,410.44384765625,413.474645537463,406.480430904974,411.8815283576846,126324
2017-01-13,405.81988525390625,410.3272585315681,401.8564685017396,407.9958536535478,52872
2017-01-16,403.87701416015625,408.69525999259,401.77874045848597,406.36385530907853,72653
2017-01-17,404.3821716308594,407.91817376878925,401.0016534094415,402.5559233838967,258629
2017-01-18,408.8507080078125,413.04725601656315,404.57646547142286,406.4416084603246,63006
2017-01-19,409.6667175292969,413.35810862887445,408.88958256096475,411.88153321602175,115233
2017-01-20,407.1409912109375,410.9877710022095,402.86674928059097,409.6666796243241,99687
2017-01-23,411.1043701171875,413.3191856523599,401.8175983945707,407.2186955414107,90477
2017-01-24,411.37640380859375,413.8632453587704,408.92845695545776,410.32729050475797,29720
2017-01-25,418.37060546875,421.98430216751626,411.29869598924125,411.881547235329,71123
2017-01-27,435.6229553222656,439.08121508689356,428.2401738296541,432.8641359352207,280690
2017-01-30,449.6502685546875,450.7382764709146,436.71099993966675,437.52698216056024,199747
2017-01-31,434.6127624511719,449.88348465560404,428.5122714818763,447.6297741115333,271728
2017-02-01,438.1875,446.85257321891754,434.41841465978246,446.85257321891754,521693
2017-02-02,438.4595642089844,444.9097750418576,436.05041731691045,441.41266763978183,258189
2017-02-03,435.23443603515625,442.850349352167,434.4961483176916,439.0812636724257,409772
2017-02-06,438.73150634765625,445.29830585949406,436.74982180285457,439.78066694141074,197934
2017-02-07,444.52117919921875,448.09598089807986,439.0035401786827,439.0035401786827,303913
2017-02-08,439.08123779296875,447.2023073413137,438.3429501190188,445.99775767989655,305131
2017-02-09,438.7704162597656,442.1121348142089,435.9727491420377,440.32468631018287,138336
2017-02-10,434.3796081542969,439.858400296926,433.64132043407193,439.4698328054976,191100
2017-02-13,436.866455078125,440.5578462931019,434.84587563776216,435.11790134471494,289180
2017-02-14,450.3497314453125,452.60344191305694,439.31440498464525,439.7807144430869,363048
2017-02-15,446.5806884765625,453.4583148965711,443.1612751838383,450.73834214226434,238268
2017-02-16,446.0366516113281,450.738308968366,442.46180208066545,445.37605838865056,294952
2017-02-17,451.67083740234375,453.8468057516287,444.90975392604014,446.7748967583144,178492
2017-02-20,448.25146484375,453.06971139830506,447.00806779921305,451.6708778650618,107593
2017-02-21,448.60113525390625,452.137089674551,447.0080181448851,449.18398644739335,42997
2017-02-22,451.2822570800781,454.62392774623254,445.95885442386077,449.10628879276027,131498
2017-02-23,456.95538330078125,458.93706807858456,450.97143427104544,451.67087474912023,256850
2017-02-27,461.2296142578125,464.64902716972995,453.8856791525376,458.04337978777306,142388
2017-02-28,462.47296142578125,464.2604096472663,458.1598722041525,462.39526690856457,63072
2017-03-01,460.1416015625,465.2707208775209,458.9758990953436,464.3381494172848,44082
2017-03-02,460.9187316894531,468.2238193797692,458.93704700265545,459.32561448761794,135962
2017-03-03,461.0352783203125,464.3381016373986,459.0535938165708,464.3381016373986,49222
2017-03-06,459.9084777832031,462.90047595545764,459.5199102880445,462.90047595545764,24603
2017-03-07,458.5096130371094,463.832968384943,452.564511793353,462.31759320315035,94019
2017-03-08,453.8468017578125,462.27869682429895,453.06966682329573,458.5096113649133,50678
2017-03-09,447.4743347167969,454.54629185338945,446.8137889232814,453.84685136285526,165623
2017-03-10,444.9874267578125,450.73824401656117,441.87888714390516,446.8137222405132,182165
2017-03-14,448.98974609375,454.5073856188074,446.9303193714442,450.73829984314153,98662
2017-03-15,457.77130126953125,462.31756887331517,454.6239144254038,454.6239144254038,177929
2017-03-16,458.3542175292969,464.72673407164,456.9553840035524,463.1724640580225,156042
2017-03-17,459.208984375,461.9678035010769,458.0432821443299,460.8021012704068,156859
2017-03-20,458.5096130371094,462.3952877238645,457.8490673133819,462.3952877238645,108364
2017-03-21,458.43194580078125,461.6181802605339,457.5770688592842,458.58733485145785,120157
2017-03-22,462.04559326171875,463.9495834508337,456.5668011346144,456.5668011346144,242832
2017-03-23,465.8924255371094,467.8352630080731,460.64676436550724,463.09475855194376,115600
2017-03-24,468.6123352050781,470.9437398578397,467.83520032082424,467.83520032082424,131125
2017-03-27,466.2422180175781,470.1667408305603,465.42623563983926,465.5039301776952,103500
2017-03-28,465.54266357421875,468.30148304917344,464.7655286554962,464.7655286554962,237805
2017-03-29,463.36676025390625,466.2033220779596,462.55077796135436,463.9884587895383,375124
2017-03-30,450.777099609375,455.16793086821866,439.12007584170277,448.40684759645853,181633
2017-03-31,450.6605529785156,458.2764656048764,446.9302674669873,450.7770947554067,224152
2017-04-03,445.6092224121094,450.3497268799285,439.89725177385736,448.3291948781659,81088
2017-04-05,441.3349914550781,444.7543570418921,439.8972632260568,443.8217855427403,57687
2017-04-06,436.1670227050781,442.88925948905654,434.34077441154056,442.1121244820097,57472
2017-04-07,430.57159423828125,435.27325103195324,428.51221515360004,435.27325103195324,73402
2017-04-10,433.369384765625,435.584200711473,430.5328228263266,431.23226335267844,73866
2017-04-11,427.8127746582031,432.86415165235087,426.64707227493824,432.16471124937135,52486
2017-04-12,419.65289306640625,428.35681440910946,415.0289304062931,428.08478870407026,132886
2017-04-13,421.1295166015625,425.83117432422665,416.5444006807464,420.3523815256656,32190
2017-04-17,430.0665588378906,432.00939647732355,418.91464232801,423.46091086381875,38882
2017-04-18,435.1178894042969,435.7007406327724,424.74310907789953,431.1933198531847,79343
2017-04-19,422.1009216308594,434.3796459416297,419.1477704930606,432.90307037273027,64729
2017-04-20,419.9248352050781,424.04368822865024,418.87572203570863,419.7694461670614,91745
2017-04-21,416.0003356933594,422.6837248264334,414.9900697292185,418.9534390625996,62467
2017-04-24,411.0267028808594,418.8368998100675,408.1901412792432,416.50549490985287,127346
2017-04-25,412.4255065917969,418.8368696050221,409.78322892241715,411.8038081497519,89305
2017-04-26,411.9981384277344,418.72032770522475,405.3147489811018,418.72032770522475,208454
2017-04-27,415.8060607910156,417.6712037125771,411.1820981820838,415.4952352591253,134065
2017-04-28,416.73858642578125,417.9431360235789,412.85291196027276,416.46660818621547,35698
2017-05-02,437.3327331542969,443.7440970788156,417.3992008886791,418.0209468516481,353511
2017-05-03,442.4228820800781,446.8525604264678,427.0744680480386,441.41261621258036,119100
2017-05-04,436.7110290527344,442.8892618786024,427.6573871987676,442.8892618786024,205506
2017-05-05,436.1670227050781,442.1898190096917,430.68823039190875,433.7190284598578,55804
2017-05-08,456.7610168457031,464.41577629196115,433.7189491283622,433.7189491283622,133323
2017-05-09,446.9302673339844,458.12102900013775,443.00574552880545,456.17819172702434,113562
2017-05-10,450.971435546875,456.17824958572766,446.9303240197405,446.9303240197405,136113
2017-05-11,446.2696838378906,453.49702839525133,444.5988249515042,450.7382091875952,26614
2017-05-12,446.2696838378906,450.27194725455774,441.64572203299133,446.0754001270339,33323
2017-05-15,448.3680419921875,459.8307830953312,442.2286565978206,450.7382942253095,130393
2017-05-16,447.24114990234375,454.5462371795903,444.9097451243993,450.54397333776507,57046
2017-05-17,454.5462341308594,458.50960325376116,448.0182818233785,448.7565694846194,40275
2017-05-18,445.37603759765625,454.5462682980781,444.1326406039829,452.2925578854209,51855
2017-05-19,452.68115234375,454.4297061510864,444.98749661844687,449.30063395592276,21797
2017-05-22,455.0902099609375,466.8249762225576,449.6114180232945,454.2353804848001,123716
2017-05-23,454.5850830078125,458.5096048851497,436.8275215455263,453.8856426036112,42027
2017-05-24,441.529296875,458.19880572292857,439.0813024986652,455.51772775106366,16390
2017-05-25,446.1920471191406,450.5051365722991,442.9669181281688,443.4720748148448,15093
2017-05-26,453.4582824707031,454.5851377319918,440.28583444455427,444.52122977419396,165197
2017-05-29,451.3988952636719,461.1908257966913,443.04469309780376,450.73834941427896,68397
2017-05-30,458.159912109375,459.67533478749294,447.5131535331115,447.5131535331115,61960
2017-05-31,476.8112487792969,481.82377984647053,451.5932043637228,451.5932043637228,150977
2017-06-01,470.43865966796875,476.8889182016416,460.06392625004867,470.12783412327985,267027
2017-06-02,482.0179748535156,484.4659690313561,462.8227312212862,471.7209362935655,77133
2017-06-05,472.8477478027344,508.24623364090826,469.35064069052635,481.00766439788663,222684
2017-06-06,482.17340087890625,487.2247781761108,471.79862058588435,476.30604135097184,146744
2017-06-07,485.3984680175781,495.5401170030493,475.60658667666786,488.74018622948586,88217
2017-06-08,489.36199951171875,491.42137914105894,484.38831572026965,487.76888198608026,48268
2017-06-09,500.59149169921875,505.13771213541645,483.30023924535254,489.5173187793269,141310
2017-06-12,486.4088439941406,499.3481140433153,483.68887133465205,498.9206992547646,26259
2017-06-13,479.7641906738281,492.5869159660821,474.40198855659617,488.0406959718476,66706
2017-06-14,469.1175231933594,481.90135494735,466.47524543735307,478.0156802664891,92433
2017-06-15,465.8924255371094,471.72093795000063,462.4341653522828,471.72093795000063,73442
2017-06-16,467.7575378417969,471.72090704992024,459.36444257097884,459.36444257097884,65333
2017-06-19,459.4810485839844,472.4592120009012,456.25591950250856,472.4592120009012,52303
2017-06-20,463.2113037109375,468.18498664581483,456.9553764954279,456.9553764954279,23416
2017-06-21,461.50164794921875,465.93132738850824,450.42747306727557,457.92684555684394,102515
2017-06-22,463.6776123046875,467.01928328633386,457.7325106383153,458.85936586408883,30063
2017-06-23,460.0639343261719,466.5141455405172,451.9428638367744,458.70394803382254,52274
2017-06-27,462.3952941894531,462.97814540061626,457.0330440737307,461.0741552909726,21279
2017-06-28,462.31756591796875,462.7449806217761,456.9553161936964,456.9553161936964,33436
2017-06-29,462.27862548828125,464.26035721153204,455.6729795642314,461.6180798688942,88965
2017-06-30,465.8924255371094,467.0581280196876,456.95537317067607,456.95537317067607,48188
2017-07-03,459.5199279785156,466.6695796511902,454.6628341020461,461.85133303922095,50904
2017-07-04,464.9986572265625,466.9803892050407,463.17240915008176,464.6100897692219,87036
2017-07-05,455.94500732421875,466.2808909197645,450.9713255147232,466.2808909197645,83746
2017-07-06,464.1050109863281,466.3198266654741,459.714179457255,462.3953045753371,44069
2017-07-07,464.2992858886719,468.6123753795351,459.5976289223696,464.72670062514425,28916
2017-07-10,479.02593994140625,483.6887490358422,466.35860395548434,466.35860395548434,20860
2017-07-11,467.7186584472656,482.6008119597879,463.17243788733265,481.04654203399144,121350
2017-07-12,468.72906494140625,471.56557965982495,464.9599311632134,471.56557965982495,61052
2017-07-13,467.2495422363281,471.00802006983895,464.8105461215516,467.88927172095674,116968
2017-07-14,461.0920715332031,466.92973157304823,457.013753102303,466.92973157304823,75084
2017-07-17,455.0945129394531,460.57230983530513,450.29646831675683,457.45356130725895,98854
2017-07-18,456.7339172363281,459.7326953443976,453.0553868054871,456.53399869579016,35511
2017-07-19,461.5319519042969,463.8509776378163,450.6963282024837,452.9354548531043,83689
2017-07-20,460.8920593261719,467.3694475747234,456.61382323768987,462.01162237403736,56528
2017-07-21,461.9317932128906,463.0113337942976,458.2932367763805,460.6522852853391,25337
2017-07-24,463.57098388671875,464.570576292543,461.4118545284937,461.771717556235,56478
2017-07-25,464.3307189941406,467.009607321065,459.8924893300389,459.8924893300389,28655
2017-07-26,476.6056823730469,479.48448911912413,458.33315182549114,458.33315182549114,127254
2017-07-27,481.8036193847656,518.9884630385276,473.00720475699393,480.6041082991604,859288
2017-07-28,475.36627197265625,483.56293138499177,469.6885566557572,479.4845642461094,170841
2017-07-31,483.48291015625,488.8407360423634,476.2458697796231,478.96478106757036,142284
2017-08-01,474.0068359375,486.8415958372564,469.40870973481657,481.48376945683043,74127
2017-08-02,478.8448791503906,483.8028687237526,469.44870773302847,471.80775627605624,110517
2017-08-03,480.8839416503906,486.4416857267565,477.28540864085943,478.84478270663516,85924
2017-08-04,477.9651794433594,480.2042569748518,473.8868125887767,478.0451273233939,68060
2017-08-07,479.16473388671875,483.0031598323489,475.24631124557993,479.8044634096181,37114
2017-08-08,465.010498046875,484.36262139877874,420.2287475900822,477.405446834023,150935
2017-08-09,465.010498046875,470.8880832710352,459.8126162974258,469.4087056810243,19847
2017-08-10,458.1332702636719,467.7293586017493,451.1760964569199,465.010447382669,57842
2017-08-11,456.9737548828125,462.21161025467507,448.69709901286336,462.21161025467507,13312
2017-08-14,472.6872863769531,482.96312665972135,461.4518763316313,462.89127978368975,35737
2017-08-16,468.2890930175781,483.80278874184813,465.45025996925114,476.8855888505944,36492
2017-08-17,472.2075500488281,475.7261355674047,469.4486646772434,469.4486646772434,8487
2017-08-18,472.7274169921875,475.24636140601257,466.0900821678887,470.3683683697882,20261
2017-08-21,473.6470031738281,476.3659148868594,466.2500170693994,472.7274071593015,18667
2017-08-22,474.0468444824219,475.5262710014263,470.248392124697,475.5262710014263,9002
2017-08-23,473.24713134765625,474.9264762735729,468.6090312437507,473.88686087780974,34396
2017-08-24,483.6828918457031,486.76166661923025,469.64862022432015,471.0080760458622,27101
2017-08-28,491.3597106933594,495.5979732320441,476.7256859085809,476.7256859085809,63138
2017-08-29,487.4812927246094,495.51805616110846,486.20183373806503,490.9998781499538,47531
2017-08-30,489.60040283203125,494.99820229159224,478.9647484733565,494.19852829758315,75861
2017-08-31,487.08148193359375,502.19534216865105,483.88278548665966,491.79957871611526,58179
2017-09-01,483.84283447265625,493.35897637656115,479.8044897786665,491.75962807729894,23622
2017-09-04,484.7624816894531,489.24063742646143,483.7628889974212,483.7628889974212,111213
2017-09-05,484.6424560546875,488.9607155176025,482.20345992450996,487.00150430186824,47022
2017-09-06,483.6029357910156,489.4005733015322,477.4054612108083,480.6841056589784,155609
2017-09-07,486.4017028808594,494.1985242587277,483.04306237182465,488.04102479353503,57660
2017-09-08,483.6828918457031,490.60009279140314,481.48378792528524,488.00115179454565,37244
2017-09-11,487.1215515136719,495.7979969367697,483.3630730655679,485.4022324848697,196728
2017-09-12,482.1234436035156,494.7582822420491,479.8843174986766,487.12140578713047,28240
2017-09-13,484.00274658203125,487.8011985378588,481.4038057701492,487.8011985378588,7457
2017-09-14,483.6828918457031,486.1619110045708,480.64413982640946,480.64413982640946,7264
2017-09-15,501.9154357910156,510.99171671325627,482.96315109023936,484.7224437576275,59598
2017-09-18,490.08026123046875,513.1908626478373,484.602513072987,502.2752914686916,192598
2017-09-19,498.67669677734375,501.35563401546744,488.6008237005903,495.6379452786585,28485
2017-09-20,490.7599792480469,499.796286343491,489.4804714700689,495.79791605274306,45434
2017-09-21,495.7579650878906,498.67674625047187,490.95992051662284,494.1985908405819,400565
2017-09-22,491.5596923828125,497.4772515985981,484.6025177622032,497.15741123485117,54491
2017-09-25,486.9615173339844,496.51763189157333,483.0031210669059,488.6008393574164,96425
2017-09-26,478.9248352050781,486.8016055205986,475.76611276695286,483.8028276631822,50768
2017-09-27,475.96600341796875,484.60247337992524,465.9301038711692,479.8044290890349,21457
2017-09-28,489.4804382324219,497.39723039381386,457.6534226408941,479.32461743012715,137549
2017-09-29,494.75836181640625,496.9174915886359,483.8028171862448,489.4005357322014,59488
2017-10-03,495.4381103515625,496.9974847072229,483.8028612194205,496.59764763183495,91605
2017-10-04,493.3189392089844,495.79790923185146,488.24097972465535,495.4380461489887,11969
2017-10-05,490.719970703125,498.19690309628703,488.8407075140531,491.3597001428872,133436
2017-10-06,493.9586181640625,495.717910649498,490.5999777479085,491.7994886959474,35071
2017-10-09,490.240234375,495.55808706607684,489.4405602144313,493.3589831245129,4958
2017-10-10,495.2381896972656,525.066025632078,485.4421813921281,485.4421813921281,197940
2017-10-11,498.4367980957031,501.23565711624013,490.2001655969112,495.2381020722322,120003
2017-10-12,507.5132141113281,511.47156207050733,497.43729062988564,499.79633911214216,135526
2017-10-13,513.1508178710938,519.7481284007852,507.0732661588051,509.2723696687022,178172
2017-10-16,524.7061767578125,527.6249579185114,512.4711240623832,517.9489208959881,157172
2017-10-17,523.8663940429688,534.9818816605514,520.6277242519602,525.7856310789425,153904
2017-10-18,515.22998046875,527.7848728108977,511.2316102201826,519.788132313763,13029
2017-10-19,519.4683227539062,523.7466088602515,514.9901669127429,514.9901669127429,2789
2017-10-23,540.499755859375,577.5246577597499,516.4695095677816,519.4682875101701,318368
2017-10-24,552.0550537109375,559.771929114164,537.4210258971721,537.4210258971721,274939
2017-10-25,562.810546875,569.3279094454472,549.9757890407117,550.9753815326069,157677
2017-10-26,537.700927734375,556.2133553576515,523.9465223432948,553.4544697284724,218928
2017-10-27,563.1704711914062,588.5601232472488,542.8187560810607,542.8187560810607,358672
2017-10-30,563.6903076171875,569.367974355018,556.3732698841345,566.0493072283907,104137
2017-10-31,554.573974609375,569.4079190351891,547.7767449277893,563.6902786467947,92519
2017-11-01,551.415283203125,568.5683029482313,544.738023781809,559.3320765649387,91902
2017-11-02,556.8130493164062,568.5682679943924,547.0170418861231,554.8538380687032,35933
2017-11-03,561.0112915039062,569.3678946633496,543.8183003026955,543.8183003026955,58766
2017-11-06,553.8143920898438,567.6087729026923,551.9751510764459,558.1726265141025,19015
2017-11-07,564.6497802734375,575.7652681683107,553.374396628432,555.6934707040672,489023
2017-11-08,590.559326171875,605.9530526834642,564.5699177756856,568.128477302349,589323
2017-11-09,581.8428344726562,598.5560420780206,576.2451159762686,591.7588124752642,114418
2017-11-10,586.6009521484375,619.7474548160529,578.8041293297839,580.3635036551618,368480
2017-11-13,583.322265625,601.2349356770119,578.6441429864371,590.1194952841109,252324
2017-11-14,569.0480346679688,598.9558636723643,566.1692276101923,582.5625456412782,266968
2017-11-15,570.96728515625,587.3606035675989,568.9680999841343,572.6066072357386,113551
2017-11-16,569.687744140625,582.1626382950869,566.5689961978971,566.5689961978971,470531
2017-11-17,569.1280517578125,581.2031108268227,563.970144186871,573.1264221526149,101505
2017-11-20,564.5299072265625,570.8873257067385,563.3303961475947,569.1680069702588,275552
2017-11-21,580.8433227539062,585.841286392968,562.8906764089872,568.568343579666,235786
2017-11-22,578.9640502929688,587.6005208395596,573.4063055181505,584.5617690112709,41502
2017-11-23,574.2860717773438,583.082488368299,572.5667526476329,578.964146531964,143326
2017-11-24,573.8461303710938,578.6042011582028,571.8069711218284,575.005667609534,173777
2017-11-27,578.1643676757812,587.7604567658357,576.8049119597102,579.7237419145616,296276
2017-11-28,583.6021728515625,590.8792367511658,576.5650502385915,582.6825768830026,71528
2017-11-29,581.4830322265625,587.760454289903,576.405072486193,580.203524401672,43751
2017-11-30,582.9224243164062,588.560116760139,572.6066092683774,574.4058759296686,101652
2017-12-01,575.7653198242188,595.7571712070041,572.5666236029731,586.1211086021477,127732
2017-12-04,585.0016479492188,589.3199081281617,571.9669683243761,575.7654207529547,123118
2017-12-05,576.5250244140625,584.601712912116,574.2859468034544,577.2447017844912,14264
2017-12-06,579.203857421875,587.7603788207751,575.7652690489226,575.7652690489226,72287
2017-12-07,570.0476684570312,582.8024802433483,566.4491349704472,577.8845137632906,158023
2017-12-08,565.9293212890625,587.8003865054554,562.2108175230089,570.0476132622373,158237
2017-12-11,566.3291015625,575.7252704818167,565.409456996043,567.7685049118993,38053
2017-12-12,568.0084838867188,578.1243804262748,560.7314693508814,567.7685914266356,75514
2017-12-13,574.4058227539062,586.1610402810795,571.6869604468159,571.7669083232904,150839
2017-12-14,563.6103515625,579.0440534545925,561.371273623087,574.5658975757663,187337
2017-12-15,564.2901000976562,578.16442748567,560.6915663166251,567.9286078257179,147378
2017-12-18,572.9664916992188,583.7620920313045,559.0121689157278,560.6115171130739,128785
2017-12-19,585.0816040039062,592.8384041146494,572.486736299991,575.64541010613,137412
2017-12-20,583.4021606445312,595.5971892220026,575.765283657662,587.7204197952549,57682
2017-12-21,601.0349731445312,617.3483426550813,582.6024967686127,585.2414112696117,231676
2017-12-22,587.760498046875,608.5919998146442,586.3210943439177,599.835558143319,60563
2017-12-26,578.8440551757812,593.9179406575532,578.2043256823896,589.3597887037611,24688
2017-12-27,580.003662109375,585.3614887764904,575.8853694445922,583.3223294174002,35181
2017-12-28,579.3638305664062,587.3205968693022,576.0851865902882,584.5617117240068,21640
2017-12-29,580.2835083007812,586.7608487431712,575.7653302829074,583.5621524638217,145977
2018-01-01,590.359375,593.3181787846737,579.0039935824107,583.282279089835,51609
2018-01-02,587.4805908203125,591.6788798005199,581.1231720314947,590.9991275378321,144476
2018-01-03,575.8052368164062,590.1593944512214,574.5657519149087,590.1593944512214,58527
2018-01-04,572.4466552734375,580.9632035200451,570.9672777884546,579.7237184909741,189039
2018-01-05,570.96728515625,575.7653295693277,565.5295112497416,569.4478849021494,107123
2018-01-08,572.2467651367188,579.5238287151275,568.4883359218438,568.4883359218438,170912
2018-01-09,569.6478881835938,579.7637861830488,566.449191432239,577.2848157240444,149874
2018-01-10,567.7686767578125,574.7258519952251,565.4496020759285,566.2093023205622,598248
2018-01-11,572.7265014648438,578.9639486080924,566.1691652134385,566.1691652134385,415257
2018-01-12,582.6424560546875,594.9174812223058,576.564953186553,576.564953186553,122207
2018-01-15,598.8759155273438,626.0648332254847,584.361811997544,586.9207787190151,270088
2018-01-16,592.998291015625,607.5923426496148,582.2026911767831,601.354894726597,255128
2018-01-17,609.4315795898438,622.4262830219242,595.7571727323008,596.2369576434237,288810
2018-01-18,635.2210693359375,649.3353360026371,610.591118076794,613.3100294010828,494354
2018-01-19,631.3826293945312,640.1790438467103,609.3516193236744,635.7408626802114,215672
2018-01-22,641.338623046875,650.0550901901321,630.7029673639787,635.7409043918524,166055
2018-01-23,636.7005004882812,644.5372965657722,632.1423485548919,644.5372965657722,104886
2018-01-24,641.7784423828125,685.7205441578392,634.1415644515062,635.7409126594545,526658
2018-01-25,658.7716674804688,671.0866710163045,635.7410577900991,650.1351949476108,551311
2018-01-29,703.5132446289062,739.6984953472445,664.1292977144719,664.209245596082,1269227
2018-01-30,706.39208984375,731.7017943859677,687.7996671995164,695.7164602358382,1271233
2018-01-31,715.5884399414062,729.302872025265,706.9119943753665,710.4305803865036,526609
2018-02-01,703.433349609375,727.5834686581661,690.0388082816403,727.5834686581661,254028
2018-02-02,683.4415283203125,713.3093381465395,675.2448683247945,699.5549330753402,204011
2018-02-05,684.7609252929688,697.2358705966549,662.9298320218104,680.60261019174,179437
2018-02-06,676.0044555664062,688.1595111923259,663.0497746787005,675.7245891651927,234511
2018-02-07,666.4883422851562,704.9126703695174,649.4152721466853,686.0803563793743,294347
2018-02-08,697.3557739257812,706.9118889738962,663.8894330943712,670.8865813166807,337605
2018-02-09,717.7874755859375,725.2644579449332,680.8025472784487,684.2011623121099,369172
2018-02-12,685.8804321289062,746.8955514644061,673.7253769901093,726.0640525369217,479338
2018-02-14,712.3496704101562,727.623474831245,690.5185774902916,698.0755074109229,415416
2018-02-15,703.0734252929688,732.1415571056226,696.5160884073955,717.1876428052645,246637
2018-02-16,689.9588623046875,720.426477386718,683.4015243662388,708.3513681664466,115328
2018-02-19,687.1199951171875,697.3158402585831,668.0077639170813,687.7996986033197,106386
2018-02-20,692.3178100585938,699.954687488469,687.8396548936641,695.3565616925268,269422
2018-02-21,708.7911376953125,726.9037760610519,699.0351524647334,703.7132265497531,348310
2018-02-22,724.7047119140625,734.5007204337285,698.2754905267337,698.5953309077395,512204
2018-02-23,725.1444091796875,739.2586754986505,719.1868278244012,730.1423719260299,336166
2018-02-26,707.11181640625,730.5822315015866,699.7548049924264,728.4631244410625,242683
2018-02-27,697.7556762695312,718.9070674941604,692.5977681927144,717.6675823118524,289596
2018-02-28,687.4798583984375,697.3158404225675,682.2019798625915,691.7181215200927,242947
2018-03-01,683.6013793945312,693.99714261139,680.2827611910124,693.3174391551195,171263
2018-03-05,686.400146484375,693.317345987821,680.1626991540884,683.601287532867,327119
2018-03-06,676.80419921875,691.6381937892538,673.3656101257973,691.6381937892538,283051
2018-03-07,673.0855712890625,686.0802729343287,667.7277460798309,674.7648670553149,415519
2018-03-08,666.2885131835938,680.3627587349824,659.2913643538506,679.7230291750533,165340
2018-03-09,659.81103515625,671.5262794414562,654.213316839977,671.5262794414562,183187
2018-03-12,685.2007446289062,691.7181081772225,664.3692437338865,664.3692437338865,516985
2018-03-13,679.5631103515625,695.9564310885839,675.7246840382004,688.8393601511129,210714
2018-03-14,692.6376953125,698.915117057978,679.7229399305278,679.7229399305278,287717
2018-03-15,704.792724609375,711.2301399426435,689.2391029384472,691.5581284648596,211633
2018-03-16,700.3145751953125,715.4284348227349,692.7176714392685,706.9118863518769,310010
2018-03-19,684.2011108398438,703.073448068413,681.7221407603714,698.6352667670445,113904
2018-03-20,673.1655883789062,689.7188505538444,669.3271627983394,680.362654645555,157267
2018-03-21,685.24072265625,691.7180630295346,677.6037963241944,678.8833041072224,194027
2018-03-22,675.6846313476562,693.2374873650729,672.6058568196771,686.8400946522638,133785
2018-03-23,667.9677734375,687.2399487479397,664.8090509455328,667.6479330788637,692640
2018-03-26,662.6898803710938,672.9256982235433,656.9322175765192,667.9677094613199,176200
2018-03-27,648.8555297851562,669.2071948748364,638.9395522544118,661.3304251744662,414234
2018-03-28,669.9268798828125,675.7245162649675,645.0970124491593,648.5755747551617,372896
2018-04-02,677.1640014648438,693.917183209479,670.1268793195545,671.6062568448788,228650
2018-04-03,681.2423706054688,683.6813667961649,674.9648997710574,676.6042218790182,172165
2018-04-04,695.4765625,706.2321887205759,681.3622953558813,689.8788438968397,405335
2018-04-05,695.4765625,706.9118921705236,689.4790068537569,699.7148253950319,115422
2018-04-06,733.421142578125,795.515809041107,698.7152660624309,701.9939104485571,1572359
2018-04-09,717.1077270507812,736.539797319616,712.5096011176428,734.0608272093907,200731
2018-04-10,727.5435180664062,762.8891245855825,719.106965706064,722.8654439012041,587521
2018-04-11,718.6671142578125,741.1779106005205,709.6707807476513,732.9812511801514,480502
2018-04-12,740.4182739257812,749.2946369749767,718.667128491008,719.4668025966378,723196
2018-04-13,725.1044311523438,745.9759039401366,720.6262760801537,742.0975043941273,286216
2018-04-16,716.5880126953125,727.9433958053635,712.5096939033363,723.1453507285734,206161
2018-04-17,719.5867309570312,733.2611875723198,716.1081680892717,723.5051536334656,353361
2018-04-18,718.1073608398438,728.8629875316643,716.9877975468662,725.2244800418399,467179
2018-04-19,707.9913940429688,726.9037046724245,703.9930238302492,720.5462862725543,331292
2018-04-20,722.8253784179688,734.1007627672458,715.7082599963888,715.7082599963888,1087863
2018-04-23,745.1363525390625,755.4921423949297,726.8638179964938,727.5435214909668,542992
2018-04-24,785.43994140625,811.6692431472937,744.2966975954124,754.3325981800693,534463
2018-04-25,800.6337280273438,823.5843847268907,776.6035308034891,783.6806271478057,631627
2018-04-26,797.5149536132812,814.0682169013099,790.0779943993067,810.309738947683,409278
2018-04-27,806.6712646484375,814.068250222661,775.6838926483116,795.6757455516187,227359
2018-04-30,828.7421875,847.654498426873,791.7172885096045,803.67242539529,361983
2018-05-02,802.5128784179688,835.8993186182562,796.3553785073684,834.8597033127576,365247
2018-05-03,788.8785400390625,819.7859651097566,781.2816357001157,799.2343299259057,377088
2018-05-04,779.8021850585938,806.0714586059412,776.6434627359421,789.6381663096985,218806
2018-05-07,793.5165405273438,798.8343924192963,768.5267267648416,783.7205335324429,109394
2018-05-08,775.3239135742188,806.871062498981,770.2060292813618,796.4753005440882,297167
2018-05-09,791.4374389648438,806.0714647234747,775.3239868878029,775.3239868878029,450417
2018-05-10,796.3954467773438,819.6659433029438,785.3199313316763,795.2758835266123,574659
2018-05-11,790.0780029296875,898.6737836745044,772.0853358589203,806.8711588624035,2713494
2018-05-14,786.5194091796875,825.2636270118005,767.6870948946981,775.683835466518,18045827
2018-05-15,861.6487426757812,875.4030965517263,791.6772670524579,797.2749851023237,1634890
2018-05-16,878.2420043945312,903.6316548744096,855.6912357707977,863.248116315863,1488234
2018-05-17,903.0319213867188,915.4668919166448,879.8013511767213,882.6402331021394,1018984
2018-05-18,901.07275390625,919.5452048420085,877.3623989236137,900.4329756229887,670936
2018-05-21,865.6471557617188,903.5517251077412,854.1718527120958,903.1518880842947,398522
2018-05-22,850.133544921875,873.9638729539454,823.6643508404893,865.6872652624832,246467
2018-05-23,864.2877197265625,869.2456596031992,842.8163941997756,856.4508752852129,377799
2018-05-24,876.8826904296875,886.0389200059046,851.6529330381665,863.0883119368159,348651
2018-05-25,894.0355224609375,911.5484023973719,876.882554390536,876.882554390536,396045
2018-05-28,847.8543701171875,899.633262326655,826.2631718213478,898.353803432415,405630
2018-05-29,828.2623901367188,859.6495963282382,819.6658941734364,854.3317444183575,410042
2018-05-30,846.6950073242188,853.1723482495918,826.7031540875918,830.4615834494892,322757
2018-05-31,880.5210571289062,887.6781982853198,829.2619712000085,851.6528440964407,428399
2018-06-01,845.7753295898438,877.1625379481022,835.6594327230607,877.1625379481022,297314
2018-06-04,818.7462158203125,859.2497239602503,795.6756401493244,847.6544508123455,341355
2018-06-05,829.2620239257812,845.4154013529665,823.6643053457616,827.6626757600613,307539
2018-06-06,846.574951171875,858.0502542473238,823.304455878208,834.859706835234,343905
2018-06-07,850.7333374023438,864.5677394463615,836.4591731392754,855.6113302654251,260962
2018-06-08,888.8377075195312,898.6737373915681,837.2587312397204,839.4178121304303,368310
2018-06-11,900.8328857421875,911.6284862371006,881.8006028601237,899.6333745760861,350686
2018-06-12,900.5929565429688,908.4298019798761,889.9173265447562,899.5534387549511,272366
2018-06-13,890.5570678710938,900.2731275662774,883.6398674846853,900.2731275662774,98792
2018-06-14,884.3995971679688,897.9541327339534,874.5236408268486,890.717042547853,363833
2018-06-15,856.8907470703125,886.6385819805978,844.0959625727346,881.2407822706821,366294
2018-06-18,877.9622192382812,896.4346715370264,847.6945738929965,854.7716701976267,470948
2018-06-19,862.6483764648438,894.6753610293117,856.4509026130686,877.202405044364,349446
2018-06-20,848.0944213867188,878.8418520501665,840.937279490314,867.6864371967542,122942
2018-06-21,877.7222290039062,892.2363327206833,848.4141551725581,848.4141551725581,748884
2018-06-22,878.9216918945312,895.6348983604416,871.9245442510903,879.4014767810758,364897
2018-06-25,871.3649291992188,883.2800931763937,857.2906841326939,875.6431662415799,232644
2018-06-26,858.1702880859375,890.5170666914574,852.452598693359,868.4460808452045,377125
2018-06-27,900.3930053710938,918.025858156665,858.8499753138137,862.4485087299331,401601
2018-06-28,846.4949951171875,923.6235173223249,835.6593728154369,911.6284067077493,492116
2018-06-29,867.0065307617188,874.8433751801161,855.6511987593458,861.80864964776,388920
2018-07-02,879.7613525390625,887.6381217538578,855.6511624113765,873.8837682831721,180285
2018-07-03,879.4815063476562,887.6381421205604,849.2537900288604,876.4427060938145,461917
2018-07-04,871.7247314453125,891.636636391153,864.4477165370731,872.444457670626,302162
2018-07-05,869.3657836914062,882.0405996205002,861.3290193264247,882.0405996205002,251584
2018-07-06,887.1185302734375,897.9541544372101,868.4461577313309,868.4461577313309,398596
2018-07-09,893.8356323242188,920.1449270015847,874.0036776599749,888.1978914589057,410395
2018-07-10,904.8312377929688,918.345749511314,891.8365337592651,895.6349857075785,405418
2018-07-11,917.7459716796875,925.6227417949957,897.634149170525,903.6317047329117,461112
2018-07-12,933.2996215820312,947.573784728372,914.0274953160706,915.626843514349,392599
2018-07-13,971.0442504882812,977.9613530168446,939.6170208712782,939.6170208712782,664667
2018-07-16,963.1275634765625,986.9978172735975,939.6970718910901,975.6024606633898,315624
2018-07-17,921.9841918945312,974.8027039483254,911.1086439250455,974.8027039483254,343165
2018-07-18,909.069580078125,955.3706336050459,900.4330605220889,921.224587674464,388239
2018-07-19,918.0259399414062,931.3405342905065,908.7097164108661,916.3466437209061,260497
2018-07-20,929.501220703125,950.8125561399,912.548167916101,915.6268938437221,394162
2018-07-23,901.5526733398438,933.1797280025686,880.281360069525,926.0226832708563,328041
2018-07-24,936.5781860351562,943.5354086745424,898.6336923118213,913.3076912569805,324772
2018-07-25,939.6170654296875,998.3530888986842,911.6684947428552,936.5782648097961,509401
2018-07-26,915.49609375,947.508134199307,907.1575011659005,939.617018013168,381607
2018-07-27,912.1199951171875,933.9224045631566,907.0762030382575,919.2790219132116,172802
2018-07-30,901.6256103515625,923.3465872631426,897.3139081508778,911.9572901515268,108925
2018-07-31,936.9730834960938,949.3385665596942,904.0254734404465,907.0761780752287,643652
2018-08-01,980.2117919921875,997.4991188722439,938.1933987964793,946.6946562924244,522829
2018-08-02,958.9382934570312,995.7501346268558,942.0577254067803,982.6524607239257,320223
2018-08-03,976.1034545898438,996.5635339440121,966.463247612642,988.4283214220202,485516
2018-08-06,955.887451171875,983.3845086389399,953.4468874667552,977.8525245179521,178911
2018-08-07,968.3343505859375,974.5984242746697,963.0464626412084,963.0464626412084,204537
2018-08-08,935.1834106445312,981.8388353678931,927.5769073653175,981.8388353678931,818298
2018-08-09,936.1188354492188,944.7015241100281,933.9223678607641,937.8273094700061,253951
2018-08-10,938.0306396484375,959.0194265828034,935.5493603179237,941.9761975240734,484358
2018-08-13,950.558837890625,954.0977346732287,937.1764534302442,938.0306904412432,302968
2018-08-14,946.3285522460938,955.8467107277877,935.5493961599036,955.0739052971538,509356
2018-08-16,965.9343872070312,975.0051685446281,946.1251656382165,946.9386868468478,504536
2018-08-17,965.5684204101562,991.7231492424851,954.3825028875798,975.3306757025865,472611
2018-08-20,974.5985107421875,980.2931598032854,968.2937207102576,975.4120320366301,219838
2018-08-21,974.1103515625,984.2793670512792,961.5413888342937,976.0628223977039,404989
2018-08-23,991.6416625976562,999.7362584121648,975.00519318345,983.3845015668168,438459
2018-08-24,1021.4573974609375,1028.6977574100406,994.1638154783097,996.5636637621982,605113
2018-08-27,1032.2364501953125,1040.3310464677804,1020.9692003949426,1029.1044131470935,398354
2018-08-28,1015.5185546875,1033.1312092394967,1005.105443594482,1029.1856512769502,268087
2018-08-29,1015.0711059570312,1024.6706961107573,1006.8951779434972,1018.3659066327634,194079
2018-08-30,1025.6060791015625,1031.5448232483388,1014.8676395917214,1017.0641069847585,332701
2018-08-31,1025.0367431640625,1033.1719554113963,1014.5422995036439,1026.6637856135294,314546
2018-09-03,1015.2339477539062,1038.5007382389222,1007.3021144449618,1032.2772799351583,324353
2018-09-04,1031.7076416015625,1033.9855408950964,1013.6475090128166,1015.274551563399,504315
2018-09-05,1007.3427124023438,1033.985533990211,1000.4277816085462,1033.7821536727465,446305
2018-09-06,1013.0780639648438,1016.8202418963973,1003.8852340117108,1015.1118671131658,275643
2018-09-07,1007.87158203125,1025.8910991095472,1002.3803131276687,1016.0881274922853,453294
2018-09-10,1007.5460205078125,1011.5322943057777,1000.8344705125041,1011.0442014402038,286895
2018-09-11,1024.4674072265625,1029.1044388885582,1003.5192338657876,1012.0204916817127,496615
2018-09-12,1022.5961303710938,1025.8502151137225,1013.0372564396216,1025.0366939280652,234658
2018-09-14,1006.9766235351562,1024.7926591208206,1004.0072511686151,1024.7926591208206,251206
2018-09-17,996.604248046875,1009.8645848512597,993.5941598347436,1006.9766439949041,266585
2018-09-18,988.2656860351562,999.5735523287238,977.0797684875797,999.5735523287238,263256
2018-09-19,996.522705078125,999.8175054983711,985.2148404011526,990.5433444143284,237032
2018-09-21,966.0565185546875,997.6618003740435,961.9481963741151,994.407715258912,534896
2018-09-24,966.9512939453125,987.411372314358,965.6496798658233,978.0151625811537,437692
2018-09-25,967.3582763671875,976.9984850907283,952.8369392462273,971.9954079288227,618620
2018-09-26,960.3211669921875,975.1679305336734,952.8368108474178,972.239273751233,423917
2018-09-27,943.6846923828125,962.8024426164299,934.0037692116638,961.5821606866245,586821
2018-09-28,954.4638671875,966.1378780051433,937.2985875835658,948.5658377503728,807904
2018-10-01,943.6033325195312,959.0602365116903,940.5526277842366,954.2604412001346,211299
2018-10-03,943.1964721679688,962.395552077559,942.0575226591828,956.7009038404137,707910
2018-10-04,934.0037841796875,946.8574604356783,927.6176618393905,944.457513017855,592294
2018-10-05,911.6319580078125,939.4950628106138,907.5643514672576,933.9224617114136,621187
2018-10-08,893.4090576171875,920.9468332427002,886.8602706946328,916.8385109288615,542509
2018-10-09,866.1560668945312,898.1274929139138,856.3124792701493,898.1274929139138,672251
2018-10-10,877.7081298828125,890.1549458973332,866.4814964829262,870.467770620961,529415
2018-10-11,834.3881225585938,867.5797312727138,829.9544216420027,862.3325587277028,892724
2018-10-12,820.2327880859375,857.6547650281177,812.7890488980369,843.6215236748001,879375
2018-10-15,882.9146728515625,886.7381830926382,820.8429603123597,826.0088005084668,572630
2018-10-16,918.9129638671875,922.4517614287216,886.7381588397792,888.3652013330633,751752
2018-10-17,914.1945190429688,931.8072742433981,897.3952851053141,926.6007183002815,441741
2018-10-19,868.5152587890625,911.1437917651475,863.9595596915952,898.9002573405864,1025048
2018-10-22,875.0641479492188,898.7375963418059,867.7830732148745,889.1787217031853,793925
2018-10-23,866.6443481445312,878.6030724636751,855.8244742886909,878.6030724636751,755601
2018-10-24,832.15087890625,841.1402288367386,785.0479802310302,797.2507985765902,1251542
2018-10-25,790.74267578125,821.6564840936857,782.6074630674511,816.2465477776503,469451
2018-10-26,821.73779296875,833.045758180409,779.3533557976874,788.302089528141,429284
2018-10-29,796.1118774414062,831.5000519076543,789.1156145347252,822.469985870729,482467
2018-10-30,776.9940795898438,796.4372561645126,763.0828869073675,796.4372561645126,764902
2018-10-31,802.9048461914062,817.548229394905,777.6856862298251,778.5398736526828,1168071
2018-11-01,791.474853515625,812.3823101696311,789.1562881331718,807.9079432407602,294248
2018-11-02,773.4553833007812,799.4067328779392,766.011643473918,793.1832750126339,461705
2018-11-05,766.1336059570312,800.5048773684298,755.8832584862324,774.4721984296191,469130
2018-11-06,740.3856811523438,761.4559017128071,736.2367425748829,761.4559017128071,472614
2018-11-07,756.16796875,760.6423354289941,742.1347278022458,750.4733202494621,66436
2018-11-09,771.2182006835938,774.4722859185457,741.4026248569871,764.1812215016503,439564
2018-11-12,789.603759765625,795.5017892342996,774.0655226819248,775.1230904490761,400506
2018-11-13,785.7802124023438,791.596859674875,758.4865341458747,791.5561935421659,559017
2018-11-14,776.912841796875,785.7802438316234,759.0560393243716,783.4210121993619,481905
2018-11-15,771.0553588867188,785.8614541861211,765.6861389989778,778.5397636191697,175138
2018-11-16,776.0179443359375,779.5567419307738,767.1505428027338,771.2588152062579,89001
2018-11-19,772.113037109375,777.1162129083282,767.4760054753002,773.8214616118122,64172
2018-11-20,756.900146484375,774.3908523338966,750.0665485236696,769.5910573789495,290281
2018-11-21,736.5620727539062,769.5910117476831,717.7290381758916,766.662355454397,613738
2018-11-22,753.9308471679688,758.852640987347,738.6773231491941,741.9314082731993,227059
2018-11-26,744.8599853515625,752.5071044363814,738.270483541639,752.5071044363814,189560
2018-11-27,736.2366333007812,758.6084646994237,731.3555064501684,748.2767362682818,417703
2018-11-28,777.319580078125,783.4209896548764,745.1854896405678,748.4395747481685,868943
2018-11-29,774.71630859375,791.556209098257,758.8526435604346,772.8452195717823,548906
2018-11-30,816.0839233398438,829.791737574693,768.0861659703271,775.2858097143945,560282
2018-12-03,812.2603149414062,828.2866937525619,804.653861340614,820.6802401517696,390997
2018-12-04,815.1076049804688,820.8429197117997,800.5048889954519,807.3384871775029,170448
2018-12-05,802.09130859375,820.0294427226279,799.7320770420182,808.1113362185241,180454
2018-12-06,817.0193481445312,821.5750967508876,790.7832889013514,797.1287444620463,374618
2018-12-07,799.9761352539062,820.3141673664619,791.3934956330875,820.0294547782456,286323
2018-12-10,774.5128173828125,792.6136633548992,772.1129200086441,792.6136633548992,207049
2018-12-11,787.529296875,789.8478624083721,767.1912640563006,767.1912640563006,444094
2018-12-12,785.4954223632812,801.3184203920574,781.7939106566164,783.5836673130443,227409
2018-12-13,792.572998046875,800.4641633083767,781.4277481128688,787.8952513301498,120783
2018-12-14,790.86474609375,796.4373470981949,782.7701992850037,789.278369639228,97499
2018-12-17,794.4034423828125,806.6875924958337,787.5291783936241,806.6875924958337,205473
2018-12-18,817.6701049804688,829.3034973897187,789.9290530508531,789.9290530508531,264548
2018-12-19,806.565673828125,817.5482109834182,799.6914091595027,805.3860580548399,129141
2018-12-20,801.5625,809.4536662752728,797.3321794516004,798.0643684583342,87698
2018-12-21,787.8954467773438,805.3861562308418,783.2583650380611,798.1865119683216,291640
2018-12-24,828.2866821289062,835.4863253437817,783.4209652444613,783.4209652444613,453936
2018-12-26,825.5614013671875,844.4351053677437,817.222808082005,825.6427832888387,537001
2018-12-27,799.081298828125,821.2497543059224,788.302141577453,815.5144390579428,664879
2018-12-28,816.8160400390625,825.7241080815581,792.4510675103112,797.2508629752975,464336
2018-12-31,828.53076171875,833.8593161989023,799.2846616248015,812.7077628123935,494151
2019-01-01,818.0769653320312,829.7916914252766,812.7890771023604,828.9781701591734,114361
2019-01-02,804.8978881835938,821.4530245991291,803.7589386520817,817.1820383360487,152577
2019-01-03,771.8689575195312,812.7077344885754,768.7775866783821,804.5725219311322,561410
2019-01-04,756.9408569335938,779.9228322442847,745.1854649413399,771.9910000574091,466413
2019-01-07,752.751220703125,767.9640783727564,748.4395679056524,764.7099932949058,203261
2019-01-08,752.344482421875,756.6154692134526,748.9276830579331,751.6936753176478,187824
2019-01-09,736.196044921875,754.9070331585704,729.2811144865744,752.5071356062282,389089
2019-01-10,735.0571899414062,746.080394064477,724.0339858183355,735.4232844716577,375233
2019-01-11,731.4777221679688,736.2774682126726,720.7798968399653,732.1691954356307,246122
2019-01-14,713.0107421875,739.8569446685029,699.302878704403,728.9150734235963,431765
2019-01-15,713.0107421875,722.2848550707163,707.072046720867,710.610844459276,168134
2019-01-16,702.2315673828125,719.762940750434,698.001246865072,715.8987147334071,271073
2019-01-17,732.7386474609375,736.4401594584941,703.3704986338778,705.892444464936,537130
2019-01-18,709.0650634765625,740.1415834846948,700.6451388535838,733.0232729303043,322628
2019-01-21,713.4988403320312,715.8174058098912,700.7265460970078,706.136482558615,213991
2019-01-22,708.7396850585938,712.2378163159889,702.1501334936738,712.2378163159889,185590
2019-01-23,730.50146484375,735.8300194541699,706.2178241277666,706.2178241277666,442978
2019-01-24,749.4564208984375,752.5071254611178,731.355573826535,732.1284289130929,522968
2019-01-25,749.1716918945312,760.5609886786169,732.982600175795,750.0665453519235,561635
2019-01-28,765.4827880859375,769.5097279829997,732.9826060023255,744.3719028769453,326801
2019-01-29,791.3935546875,796.4373969584691,760.6424577693244,760.6424577693244,580973
2019-01-30,822.6326293945312,826.537521138523,795.6237162140507,797.2507585784965,872640
2019-01-31,815.6771850585938,836.0558348827705,798.1864763848387,822.3887360613137,631600
2019-02-01,821.4531860351562,832.9645330392731,809.0469854042713,811.1214549233453,236768
2019-02-04,826.9850463867188,833.6966465930841,813.6839933340163,824.9105770555723,124350
2019-02-05,827.9612426757812,847.5264682362309,816.897373664243,829.7916654672531,436062
2019-02-06,834.9575805664062,847.6892089888757,825.7241335160354,831.4187827126977,232767
2019-02-07,832.15087890625,837.9268597284571,821.6971013981832,837.8455274675114,126029
2019-02-08,829.5883178710938,836.299868371154,823.3648602733149,823.3648602733149,131556
2019-02-11,810.7959594726562,833.0457454090896,803.2301722574548,829.5882801571476,240162
2019-02-12,830.8085327148438,833.818521458268,807.216417709967,810.8365970120838,167643
2019-02-14,853.0990600585938,855.0108150930191,837.3980605534841,840.0420045582913,289882
2019-02-15,857.2479858398438,864.7730571271686,846.0620690613879,854.1972812639012,332370
2019-02-18,847.038330078125,855.7023517051196,840.5708755250888,849.3162294199784,114685
2019-02-19,849.6822509765625,856.3938014560197,841.9131824298743,842.1165627474336,102717
2019-02-20,847.0790405273438,851.5941233952507,838.0082583112377,849.3162240677522,378680
2019-02-21,829.1815185546875,847.0382699355033,825.113912380762,842.7672834528817,129640
2019-02-22,826.7003173828125,833.4118181490965,807.0130928877347,824.1783716755,291798
2019-02-25,832.0695190429688,839.553924423939,818.4430381959717,824.3004010877482,168525
2019-02-26,835.7710571289062,841.5877540725454,816.57197501239,824.0970467621928,91221
2019-02-27,844.516357421875,850.129673693265,818.849772897987,832.394921053118,171124
2019-02-28,847.038330078125,862.2512378328493,830.5645735574299,850.1297507125263,184948
2019-03-01,840.57080078125,853.790520609651,834.6727719347326,848.9501090721216,78111
2019-03-05,821.61572265625,836.2184377143348,817.9955434878581,836.2184377143348,377949
2019-03-06,806.1588745117188,827.3104265366514,796.437285861888,823.4868668168499,247656
2019-03-07,810.7552490234375,816.002470959241,791.1900731055522,805.3453625621298,186591
2019-03-08,797.8609008789062,812.7076624807823,794.4034358483323,809.4535777461246,440620
2019-03-11,808.0707397460938,815.8805744277928,792.0036932283083,794.0781627214432,268768
2019-03-12,805.9962158203125,815.1076641735888,799.6914258403908,813.521287731832,282350
2019-03-13,793.752685546875,803.758986890234,790.6613147587456,799.6913806812754,99694
2019-03-14,779.7601318359375,799.2439760467116,778.5398499394806,799.2439760467116,265217
2019-03-15,803.4743041992188,808.5588121495166,776.4247219036345,780.9804211657421,311800
2019-03-18,789.481689453125,818.1176467475942,787.4885525042275,807.7452510405395,166565
2019-03-19,796.1118774414062,806.1588946968503,781.7939232658463,793.5086491574112,256597
2019-03-20,802.701416015625,807.8265898878597,797.2508137866088,798.918522394973,217489
2019-03-22,793.8746337890625,814.334711588943,761.8219286793956,797.0067201641327,285338
2019-03-25,773.0079345703125,793.8747257286064,769.5911352442565,793.8747257286064,166240
2019-03-26,775.0010375976562,782.5667752814708,764.7913062016166,774.4722289245319,142163
2019-03-27,773.3333129882812,777.4823013302185,762.2694433832456,775.2044516648758,215002
2019-03-28,785.2920532226562,794.93230983368,765.1167361397618,769.5911030177721,373114
2019-04-01,802.7420654296875,827.676510733579,793.3865713811024,811.2840382566566,141374
2019-04-02,806.6063232421875,816.7753389159417,793.2645548168631,803.7589988535362,117728
2019-04-03,795.7865600585938,809.5350404865102,792.451092875913,809.4537082163913,83712
2019-04-04,795.8678588867188,801.2371291307611,781.8346167962555,801.2371291307611,150903
2019-04-05,793.4679565429688,801.3184567163204,789.1969698447346,798.877892888758,186856
2019-04-08,794.5255737304688,798.0643714182116,785.1293632739272,793.9967650399333,483473
2019-04-09,802.3759765625,807.0130574888307,787.4885480334557,797.0474224543163,271133
2019-04-10,810.023193359375,812.5450896059074,787.4886427226841,797.4949450910627,266092
2019-04-11,822.7141723632812,825.7242114391098,802.1320911122781,805.1421301881066,315339
2019-04-12,806.3622436523438,825.1952301139959,801.5624485902616,824.1376624580746,160330
2019-04-15,809.0875854492188,816.5719912146932,794.9730109916991,812.5857170500191,262311
2019-04-16,797.7796020507812,807.9892834029017,794.8102297446252,807.9892834029017,108353
2019-04-18,796.1526489257812,801.1964413189344,790.0105233200219,798.8779254496108,131209
2019-04-22,799.69140625,801.3591149183159,790.8647203557005,795.6237999109868,59539
2019-04-23,784.5192260742188,801.9692674512801,781.8346157823781,799.6914177992153,182370
2019-04-24,785.861572265625,791.5562213400136,781.3872051357482,788.8309448586302,60014
2019-04-25,774.919677734375,790.7020102729712,772.8452084213972,790.7020102729712,87048
2019-04-26,780.4923095703125,787.3258582998037,773.2926166930918,780.1668812079287,102093
2019-04-30,788.6276245117188,798.4305469474882,773.9435242732761,780.6550754785221,195756
2019-05-02,798.8778686523438,803.5962819784705,783.4616310119272,791.31213094711,280825
2019-05-03,790.74267578125,798.8372223621594,782.9328914373623,798.1456994894478,113515
2019-05-06,788.8716430664062,793.9968175110535,775.5298734026059,789.1156895345512,99845
2019-05-07,785.2920532226562,793.6306460407664,781.8752540396781,786.2276225221443,63147
2019-05-08,775.0824584960938,787.1632305619614,772.8452748058662,781.1838685603506,80468
2019-05-09,769.7130737304688,774.4721527066476,756.5746869928386,774.4721527066476,440498
2019-05-10,773.2518920898438,777.319498045077,763.1642094595081,764.7099195838539,190930
2019-05-13,773.6587524414062,776.0993163292341,768.4929120735306,773.251991793435,133363
2019-05-14,783.82763671875,787.2444355173252,772.0315799129152,778.1329886055884,125428
2019-05-15,780.0855712890625,788.7902092181079,775.936582990108,778.6211932697855,544462
2019-05-16,771.4214477539062,780.4515128596662,760.6829584028729,775.6924338870019,141863
2019-05-17,769.428466796875,776.3840642631292,758.2425484684717,770.2826542658182,97658
2019-05-20,769.1030883789062,776.0993519840687,746.934632046028,774.4723093174354,194289
2019-05-21,767.3132934570312,771.1775195986239,761.7813585955364,768.7776218536918,107358
2019-05-22,783.5023193359375,789.0343037233239,746.4464352260846,770.9741215050522,240898
2019-05-23,787.3665161132812,790.2138404671699,764.7913015931631,785.0480004293303,154765
2019-05-24,772.6824340820312,783.014163363059,748.4801781235367,782.6074027587146,408768
2019-05-27,761.7405395507812,771.7061740387384,759.177977617342,767.841948420959,84149
2019-05-28,774.1876220703125,789.1157191642753,761.0492322455459,770.4860601597574,182648
2019-05-29,782.7294921875,789.0749480201048,760.6830364743079,760.6830364743079,319320
2019-05-30,814.4161376953125,815.9618479965458,774.6349766927045,776.4247334485013,477204
2019-05-31,808.5181274414062,817.6295759692498,783.705727690202,815.1483459248093,298108
2019-06-03,804.2470703125,813.5212322211796,795.6644312432456,801.9692207929598,142970
2019-06-04,788.7495727539062,804.8980004793061,785.1293930094504,800.6676797550003,322288
2019-06-06,790.946044921875,794.6068905913514,782.6481181403824,785.332728367319,70167
2019-06-07,777.1162109375,792.3697350987961,774.0655061052407,789.1156499443863,102049
2019-06-10,783.1769409179688,785.3734582898717,774.0654927125851,782.9328944662902,126641
2019-06-11,769.0623168945312,783.3803211160446,765.930279849443,783.3803211160446,278063
2019-06-12,789.2783813476562,793.1832736874376,756.7375290938127,775.082424621237,425662
2019-06-13,796.8847045898438,805.2232971311488,782.6074170473614,788.0173530452735,442558
2019-06-14,779.312744140625,794.8103150718892,772.9265721036369,794.8103150718892,87537
2019-06-17,785.1701049804688,795.0950251483908,777.0348919553524,779.1906936149683,148212
2019-06-18,792.49169921875,795.6237359867883,782.2006361465204,782.2006361465204,51406
2019-06-19,796.6813354492188,799.6913739491878,783.6243295590591,793.9967253045852,163547
2019-06-20,791.5155639648438,797.6576398895088,778.9873160011906,791.0681371775847,49983
2019-06-21,765.035400390625,793.5899762933851,760.7236980596506,792.1256479797506,331886
2019-06-24,783.6650390625,785.8615564490933,764.5879551165706,765.6048567165305,66038
2019-06-25,787.8954467773438,789.807202135318,774.106249626347,779.4348046687087,47133
2019-06-26,782.2820434570312,787.4885995135213,778.0924386545511,782.6888040972758,44441
2019-06-27,806.0775146484375,812.5450185482877,780.1262164383941,784.2344888403326,226987
2019-06-28,816.856689453125,828.0833227308079,793.4272867473569,810.1044728253839,247684
2019-07-01,805.95556640625,826.3342651560112,799.772774699186,821.6565176545128,378793
2019-07-02,791.271484375,812.341655509197,789.1969654105094,812.341655509197,359954
2019-07-03,804.53173828125,813.5211369134659,792.3695873537157,792.939062080233,165439
2019-07-04,808.965576171875,813.4806093199599,799.0406066806681,804.7352556088396,109226
2019-07-05,798.837158203125,806.97237026354,793.4272223215916,803.9623318705077,178833
2019-07-08,785.9022216796875,796.7627605468246,776.0993001980128,796.7627605468246,117784
2019-07-09,767.1505737304688,801.3184677884535,763.2050153494181,789.1156484820305,182904
2019-07-10,768.0048217773438,776.099369153599,764.7100702352025,775.7739407517123,116133
2019-07-11,789.779052734375,795.3482696904032,776.379482184225,781.3205942707149,136893
2019-07-12,791.4539794921875,794.7620086130581,779.6874921167093,789.0253380591803,167814
2019-07-15,783.28857421875,793.2963879103012,779.8549549811204,787.2247079817188,240010
2019-07-16,772.61083984375,787.0153881635526,766.4972961071472,786.094188149999,215781
2019-07-17,769.8890991210938,782.6187019276765,762.1006086187112,774.2858334015863,252109
2019-07-18,782.1580200195312,787.9784683475068,766.4972626652605,772.1083427160808,186943
2019-07-19,780.4412231445312,786.3872618669461,774.7045015873957,779.101235479623,206510
2019-07-22,769.5540771484375,780.4412278037103,759.6718533537166,767.5441211967275,399758
2019-07-23,766.916015625,778.8500076781327,762.1005451474201,768.2140887480696,165872
2019-07-24,765.450439453125,772.066497614432,761.0537055284764,769.470300246886,143405
2019-07-25,771.8570556640625,787.2246656592704,758.7505820077648,765.2409981342109,227303
2019-07-26,778.5986938476562,786.3034560222553,745.518508838329,774.4950555143042,737677
2019-07-29,799.2424926757812,803.0111219093418,773.0714563316103,776.9238635506555,463070
2019-07-30,802.8436279296875,808.9990349231994,790.3652579800926,795.3063698403408,331318
2019-07-31,786.3035278320312,802.2992438765598,775.6257456196865,802.2992438765598,935353
2019-08-01,763.482421875,785.5498190536803,757.9550683851836,785.5498190536803,212172
2019-08-02,776.4631958007812,778.766246798166,758.0806512531406,758.0806512531406,174398
2019-08-05,791.0352172851562,798.9493484123009,762.9380046159392,770.977726040634,206639
2019-08-06,807.0728149414062,811.5114120287201,777.8868475238248,792.2495312478526,220286
2019-08-07,808.3291015625,812.3489624940487,800.6243382931037,800.6243382931037,80447
2019-08-08,805.5235595703125,811.9302498580172,803.9742546299087,808.3291253988821,43731
2019-08-09,804.1417236328125,807.3659747932599,802.3411359258796,805.4816602179923,128180
2019-08-13,805.6492309570312,810.6740702353495,779.3944661739415,795.6832792755766,100042
2019-08-14,809.920166015625,810.799553610154,802.2991817085629,805.6490739077635,62591
2019-08-16,818.420654296875,820.2212420561088,802.8017592509709,804.141746990377,128244
2019-08-19,811.1764526367188,828.3027883548693,805.6491504291681,818.2112473693318,120080
2019-08-20,816.6619262695312,817.7506310929462,806.7378392151708,812.3489192931426,78737
2019-08-21,814.1075439453125,819.0486554622165,800.3311529537549,818.2530458294541,93578
2019-08-22,808.035888671875,815.698787874724,798.9911895427308,808.2452569439168,132065
2019-08-23,823.0267333984375,825.6647942517891,804.4348193529953,804.4348193529953,109796
2019-08-26,825.1204223632812,837.0544147699565,811.9302202295876,824.4923174997721,68222
2019-08-27,809.6271362304688,829.9358593270179,803.9741926881303,821.6867695669117,189551
2019-08-28,818.83935546875,823.7385528487521,805.6910170627598,809.8783827261132,117632
2019-08-29,810.6740112304688,819.0487427514446,805.2722991763783,819.0487427514446,101768
2019-08-30,817.206298828125,819.8024962917933,804.8535697253324,810.5902915371682,63894
2019-09-03,819.2581176757812,823.0267468907477,812.3489641150093,823.0267468907477,44112
2019-09-04,814.6939086914062,829.0984577768534,809.0828280975318,815.698886742076,137316
2019-09-05,810.7996215820312,814.4426092079458,804.8953951937315,811.0508532949732,148711
2019-09-06,813.0189208984375,815.9919403472775,805.9841771326999,808.1615868688153,51047
2019-09-09,835.7144775390625,836.9287727153476,807.4078441528401,814.7776487713268,135179
2019-09-11,829.2659301757812,834.9607374195739,821.5611669093299,832.4483179489031,169049
2019-09-12,826.544189453125,833.076470225549,823.319886946425,830.7734189130381,34304
2019-09-13,829.1820678710938,830.7732871534956,818.3786959149913,827.3396680055336,137322
2019-09-16,829.4334106445312,832.280788625061,824.9947621512671,826.167244982564,73954
2019-09-17,821.4773559570312,829.0564770280622,817.1643491943845,826.8790163738396,93762
2019-09-18,823.9479370117188,827.3816075910271,815.6988469420507,822.2311272797168,54901
2019-09-19,810.297119140625,825.1622672427442,800.9174098334103,824.9110355260508,110789
2019-09-20,814.484375,829.852035579047,804.8115718465477,813.0606606436013,200626
2019-09-23,802.2991943359375,820.0536334941977,791.6632762130172,816.4525095464386,290786
2019-09-24,809.082763671875,822.691701920418,785.8010210758896,807.7846905543053,230806
2019-09-25,803.30419921875,814.0238445619375,791.6214393746619,814.0238445619375,105233
2019-09-26,792.710205078125,803.0948926519578,788.1459661578041,801.5036732104609,202791
2019-09-27,785.884765625,799.7867984290602,783.0373366818548,793.087013730178,43081
2019-09-30,801.4617309570312,807.4915473064137,783.2466916170987,787.6434252508756,351372
2019-10-01,785.0891723632812,806.4447365369178,782.5348896165538,801.5454882043731,583671
2019-10-03,785.3404541015625,791.2027662089588,784.0423809294143,787.2247687075113,173642
2019-10-04,786.1360473632812,793.5476642120259,783.8748596604307,787.2247522230822,256231
2019-10-07,798.4888305664062,803.3461648899821,783.1630812716292,792.8358864819576,277972
2019-10-09,778.3475341796875,796.939396456033,773.992663754976,796.939396456033,264606
2019-10-10,761.4305419921875,786.3872297967561,753.7676427892618,778.7662451404797,408474
2019-10-11,740.4100341796875,765.8273764175784,737.0601413864478,765.8273764175784,377223
2019-10-14,757.6201171875,761.2631049996269,742.8386954176777,744.639283163854,107137
2019-10-15,771.7315063476562,772.9458526360498,754.5633068032971,754.5633068032971,114430
2019-10-16,771.9407958984375,774.6625833534632,761.263014344106,767.9627988487846,45483
2019-10-17,773.5320434570312,774.620748255802,768.0465538009497,773.8251385937115,49462
2019-10-18,783.7491455078125,789.7370983539648,768.8421352105112,774.6207197909282,187638
2019-10-22,766.41357421875,777.0494423391407,755.8195184175238,770.4752985530436,108447
2019-10-23,776.5888061523438,785.5497786693941,762.5192681007285,762.5192681007285,183316
2019-10-24,776.672607421875,789.6115264916499,752.4696133251181,771.7733589029966,340867
2019-10-25,791.2028198242188,794.7202175500714,771.312830969151,780.315668029866,122543
2019-10-27,784.8380126953125,790.5746835439741,776.3376394547288,790.5746835439741,3979
2019-10-29,794.594482421875,800.5405722160343,772.066486265436,790.574621687204,100150
2019-10-30,787.015380859375,793.9245342428172,781.4461640496303,793.9245342428172,203000
2019-10-31,795.808837890625,801.4617814904794,783.0373727205834,783.1630141355903,299095
2019-11-01,797.1487426757812,799.7449399317958,789.2765262752073,791.4957993012234,59602
2019-11-04,786.3453979492188,799.5774630508009,783.4142420228739,796.6044436914259,74942
2019-11-05,765.952880859375,787.559727845736,764.6129443384185,784.754162276737,168201
2019-11-06,766.41357421875,770.852171693875,760.5093476147683,766.287932800038,63133
2019-11-07,757.6619262695312,770.4752545183521,753.9351607392897,769.0934034527149,58656
2019-11-08,736.5994873046875,765.4504470926746,732.8727216225869,757.6619571429105,100609
2019-11-11,746.0628662109375,748.7009268355047,732.1189702226105,732.1189702226105,81044
2019-11-13,746.4816284179688,753.2651912078645,738.7350022307328,751.2133718865633,143355
2019-11-14,748.1566772460938,752.8884213637468,742.8387427693475,746.4817308136938,78354
2019-11-15,759.6718139648438,765.4503986899141,741.1636792566454,752.5532927516443,129296
2019-11-18,772.1920776367188,779.1850088358382,760.4674539937092,764.612956147691,758777
2019-11-19,765.6597900390625,774.6626259624095,760.4255831068841,774.6626259624095,107320
2019-11-20,762.6030883789062,768.6747691816532,757.0757856114943,762.2681297624225,111307
2019-11-21,745.4767456054688,762.1005672021632,738.4000872583877,758.7506745990769,114983
2019-11-22,718.3843994140625,746.1885159555563,712.1452147309924,746.1885159555563,474983
2019-11-25,735.803955078125,737.8139112643559,720.2688369766082,722.7393932135518,154970
2019-11-26,703.7705688476562,739.4050936745125,695.1027418502249,736.9764009978288,144288
2019-11-27,698.2850952148438,707.6648046234461,693.2183929314291,701.4674829297346,1069634
2019-11-28,716.1651611328125,726.759165462972,700.6719083669775,701.6768352217083,247582
2019-11-29,735.594482421875,743.2992452223652,708.9209844341759,716.8351155112268,131681
2019-12-02,729.4390258789062,735.5944323446238,723.5767145342996,733.2913814592426,225320
2019-12-03,710.0935668945312,727.4292217346605,703.4775079804958,725.7542752870878,170725
2019-12-04,727.9736328125,728.6017377588438,708.5861063558958,713.4853556065646,105926
2019-12-05,715.4532470703125,727.7641116562576,713.9876691699691,727.7641116562576,104463
2019-12-06,706.3667602539062,719.8919213720226,697.5314284734991,719.8919213720226,308098
2019-12-09,734.4639282226562,738.6512938339598,707.664788310313,707.664788310313,78382
2019-12-10,729.8159790039062,733.1240081341726,715.3695673205399,728.6016327263017,62057
2019-12-11,717.1282348632812,729.7741098636602,714.0714885914788,729.7741098636602,132421
2019-12-12,724.7911987304688,732.7053307761602,710.386649317012,716.8770666847772,132663
2019-12-13,724.9166870117188,734.7569958294517,715.4951147394213,726.9266428759292,101712
2019-12-16,721.5668334960938,730.779037991642,713.7364801209992,727.7641551483114,206311
2019-12-17,728.6853637695312,731.9515294845198,717.9238542913097,726.0473540292445,107549
2019-12-18,724.3724365234375,727.7641926759084,721.9437438577982,727.7641926759084,122718
2019-12-19,724.28857421875,727.7222445226946,718.1331675147438,727.7222445226946,40777
2019-12-20,728.6853637695312,739.4887877972895,724.4561346059825,732.7471391961509,400304
2019-12-23,737.0181274414062,738.6512100676765,718.6774988129857,730.2764797948004,120484
2019-12-24,729.6903076171875,736.9763338682636,724.5817421126305,736.7669655915965,33755
2019-12-26,744.052978515625,751.5902363406383,725.3354242476613,729.4390628429557,87514
2019-12-27,747.9472045898438,757.0756818189584,729.8996695217552,742.0011660305279,156287
2019-12-30,760.5512084960938,764.4454277024099,740.6612225728577,746.1885245306681,90869
2019-12-31,772.359619140625,781.1949507250279,752.2602633700909,760.5512680715582,211177
2020-01-01,773.6575927734375,778.0124628531564,765.0734940175226,776.3375167544413,131875
2020-01-02,748.742919921875,775.9189360542294,745.7699002226566,773.6577481437997,360884
2020-01-03,740.0750122070312,754.3957822259162,735.6782782923364,748.7009751880387,235166
2020-01-06,732.95654296875,739.4888235996835,726.9685892397986,739.4888235996835,99636
2020-01-07,741.833740234375,752.5533868253294,734.5058498341689,735.3014595863956,781520
2020-01-08,740.284423828125,749.2872604662317,734.4639750343807,740.9962555812947,151534
2020-01-09,739.7399291992188,745.0997771244533,735.301332291136,745.0159991509133,388633
2020-01-10,734.045166015625,747.0259989571449,728.6015909111167,739.7399728249735,43647
2020-01-13,739.0700073242188,746.1885286412225,730.3602666784701,731.951486007215,104195
2020-01-14,754.0189208984375,782.9536587679167,739.8237920724707,744.5136212087666,787576
2020-01-15,754.8983154296875,762.1005640504159,749.5384668407936,753.9770642984658,75668
2020-01-16,744.6392211914062,760.7186636870183,741.1636874088488,759.5462320258347,99901
2020-01-17,752.1345825195312,757.4944308901374,739.0281589671199,747.863490088328,85568
2020-01-20,741.91748046875,754.7308093791648,739.6981561857843,752.134611957448,57759
2020-01-21,736.976318359375,742.6711251418191,735.3013721812855,739.9074741710316,731989
2020-01-22,744.429931640625,748.7010244210655,737.0182633135815,742.0012389676332,289067
2020-01-23,763.0217895507812,765.4923456409161,737.8557308567017,744.5136528232327,178428
2020-01-24,760.802490234375,770.3915679857859,753.8514733408153,766.2879291214183,340980
2020-01-27,746.2722778320312,761.6399402747559,742.001185360165,760.3837305929949,56764
2020-01-28,775.0813598632812,776.7563060758438,745.3510645902975,745.3510645902975,567745
2020-01-29,784.3773803710938,795.348309984017,779.1013094227391,781.3624972906933,140355
2020-01-30,769.5960083007812,786.6804309324134,763.0637275558835,781.3624965520568,43631
2020-01-31,778.7243041992188,780.524891723886,762.142347838445,770.4752150064111,51751
2020-02-03,748.5753173828125,778.2637492941155,740.326227712454,770.5589864749527,598456
2020-02-04,764.9060668945312,774.3276396569797,749.5803187573424,749.5803187573424,82392
2020-02-05,771.2708740234375,773.7414299310749,764.9060476922953,770.4752643426319,48743
2020-02-06,789.6953125,793.8408147918565,771.8990081642611,773.4901764709799,169633
2020-02-07,785.0473022460938,801.419891083402,768.9678085468659,794.8038331653167,1380903
2020-02-10,778.891845703125,789.4440374224321,775.0813533247508,786.1360084574671,193759
2020-02-11,764.8641967773438,785.5916566736101,759.7556311480216,783.204878707434,86789
2020-02-12,745.3092651367188,770.4753239177087,737.8138699690232,768.8003775613658,132362
2020-02-13,746.7748413085938,751.6740389423753,740.3262876299325,751.1297120471252,81925
2020-02-14,759.3787841796875,763.1055499468341,743.6761625051696,743.6761625051696,180005
2020-02-17,767.9210205078125,773.82519603371,759.5881523837392,765.4086010401705,82913
2020-02-18,749.6641235351562,771.3127843880918,742.0849505053308,767.9210282954398,115579
2020-02-19,749.454833984375,764.0687013458335,747.0261411064025,753.725927125294,52228
2020-02-20,754.2701416015625,765.8691231850911,748.7846520960233,750.3758713765353,236728
2020-02-24,742.1268920898438,757.8713779305434,741.1637774696078,753.7258753928215,30909
2020-02-25,740.6192626953125,748.7008979798043,736.5575388962393,743.6760597383291,174600
2020-02-26,713.4434204101562,740.326288963735,703.4774691510604,739.4469523503574,549141
2020-02-27,750.962158203125,754.4795555361625,712.898994611386,723.3674086291744,258200
2020-02-28,729.899658203125,747.0259930424613,710.1771772421606,734.2126650440532,266548
2020-03-02,734.0870971679688,743.8018166121633,723.9536922539502,733.7102240182908,141075
2020-03-03,731.4909057617188,748.324095001701,722.027469743338,736.0970079146326,551864
2020-03-04,703.4774780273438,728.5598102348324,681.7031751360212,727.8479273557397,642750
2020-03-05,696.5263671875,723.0323593606004,686.8116488415285,715.1182796885575,549126
2020-03-06,687.9004516601562,698.4525926862735,678.353237501057,690.8734710582422,149805
2020-03-09,664.199951171875,685.7230218798467,658.923880420036,682.5824974900252,124146
2020-03-11,651.9310302734375,679.2744998992551,643.891256791633,668.3036212989915,282634
2020-03-12,615.5427856445312,641.8813273077565,602.9806879783164,636.4377516523967,597040
2020-03-13,627.937255859375,648.2041130272128,565.2942846167554,567.8067036594964,521938
2020-03-16,579.4056396484375,621.1118334245463,567.8066597443202,621.1118334245463,175140
2020-03-17,586.943115234375,608.0055882200794,548.5449866172893,594.3966477123986,3789107
2020-03-18,575.8046264648438,611.3553702016873,568.6442415985557,590.5441838676547,125774
2020-03-19,554.5328369140625,586.2311734917455,548.5448837672761,548.5448837672761,2652979
2020-03-20,585.5194091796875,591.4654484632481,547.2050102172894,554.5329007292236,797592
2020-03-23,537.7415161132812,572.7897998661145,527.6081109366525,566.1318777669477,67623
2020-03-24,570.27734375,583.3000408275398,534.935967090583,561.0651392286749,126665
2020-03-25,609.09423828125,636.1865265320572,552.732303056298,552.732303056298,225930
2020-03-26,577.6051635742188,628.1047774588508,570.9891061388664,596.2808020676024,187983
2020-03-27,574.7578125,596.5739778298106,560.2695372311347,582.0857025609453,430960
2020-03-30,537.1552734375,561.8607301934178,532.6328981953806,561.8607301934178,364225
2020-03-31,556.4590454101562,560.8139160184575,537.0715215182051,545.2787481750202,224184
2020-04-01,565.8386840820312,569.3141665544034,541.049451246608,552.7322104635564,100418
2020-04-03,562.4469604492188,626.4299310746205,553.569765294551,580.3270432954653,382268
2020-04-07,561.400146484375,584.3050694718253,556.8359583771867,577.8565155247913,241380
2020-04-08,563.9544067382812,577.8564397707021,561.1488411803584,565.2106163899567,150563
2020-04-09,565.7968139648438,585.3937052298169,561.2326263971391,565.2943505438145,407257
2020-04-13,561.5675659179688,568.6442236966052,561.3581976470938,566.1318044461048,61067
2020-04-15,561.7770385742188,580.075859518033,559.5158506055506,563.2007533037736,358945
2020-04-16,575.051025390625,587.9480827228155,555.7472261586537,561.9445486314135,210174
2020-04-17,608.6754150390625,628.1048004218379,576.3489750901383,581.8762768877307,276442
2020-04-20,628.0211181640625,632.2922106641494,592.512237145544,617.2176943834147,662760
2020-04-21,567.6393432617188,635.3490843605953,565.2944284482545,617.6365051564262,347109
2020-04-22,564.4149780273438,573.5015402664033,546.8699072278321,567.6392288566103,144384
2020-04-23,582.7137451171875,588.0735931490754,557.7989215739676,568.6023444976515,173894
2020-04-24,564.163818359375,583.5512914706293,553.5697623701626,583.5512914706293,469620
2020-04-27,584.7236938476562,607.0842345100982,566.5923818654834,568.6442010614452,439298
2020-04-28,596.7415161132812,600.4682820618311,586.482469453229,589.4974036306737,158918
2020-04-29,591.5072631835938,607.0005161327982,588.7436120697694,601.3057090556108,304525
2020-04-30,610.2247924804688,628.3979177903074,596.2808449714622,598.7095373985057,307077
2020-05-04,586.9012451171875,605.9118981716191,579.9920907842009,601.3057952829613,743300
2020-05-05,598.4164428710938,614.1190647947035,591.8422989385314,594.6059501740256,122534
2020-05-06,621.4050903320312,626.3880659020945,586.9011856053587,594.7734538265768,272043
2020-05-07,632.3341064453125,648.1623697959209,626.1368356598294,626.4299308230494,340244
2020-05-08,619.6463012695312,639.1175487747946,615.5426630696154,637.4006882100507,91859
2020-05-11,651.302978515625,661.5201627301614,622.3263724279951,622.3263724279951,356175
2020-05-12,675.3383178710938,679.6512736003987,630.5753711433649,649.1253693531071,376055
2020-05-13,672.4909057617188,694.9770382666592,657.9607677832246,687.5654217065643,325267
2020-05-14,672.825927734375,699.2063311194634,661.687494301762,690.9153267523144,412282
2020-05-15,707.9160766601562,715.2021036297975,679.1907564915291,679.1907564915291,669067
2020-05-18,671.067138671875,724.4141816973898,666.7122686282069,704.3148286791964,237027
2020-05-19,686.8117065429688,693.7627745465517,671.2347264745226,685.053033382607,144354
2020-05-20,690.0360107421875,700.9650251040828,685.5136352953942,686.8117084521557,83334
2020-05-21,702.8492431640625,711.0146052383545,688.6959284558372,695.1026176064008,149762
2020-05-22,703.016845703125,710.7634723374578,691.7109581827476,701.8862262819046,85744
2020-05-26,724.4979858398438,728.3085294815966,705.4873866411243,711.8521619963823,692181
2020-05-27,709.0046997070312,744.3042110041501,701.8024515572184,730.2765367039314,268756
2020-05-28,707.7066040039062,720.3524779661777,705.5291944790301,711.7683790420591,601077
2020-05-29,721.0224609375,740.9961735183144,703.4773896278872,711.8521204567907,402333
2020-06-01,717.42138671875,736.8088592646628,713.7783478860399,735.0083226806074,243840
2020-06-02,734.3383178710938,738.6513250793001,717.7144961371431,724.6655131228782,250008
2020-06-03,738.609375,741.1636576082454,728.7272031216165,735.1338413571864,237402
2020-06-04,737.2694702148438,746.8585480451837,725.92171920833,741.5406139667448,267939
2020-06-05,737.6463012695312,745.3510640649483,734.463913690966,737.3950695608843,118950
2020-06-08,746.1047973632812,750.3758896820924,730.9465037440494,742.838631861625,219601
2020-06-09,742.503662109375,757.3688102769365,741.247452405074,752.0508763081839,124442
2020-06-10,749.83154296875,763.6498495486856,735.3851315442718,741.1637165601843,102316
2020-06-11,725.5447998046875,750.4177611000039,714.364554364794,750.2921708041733,123149
2020-06-12,719.13818359375,725.0842223428447,696.7776409041733,696.7776409041733,132465
2020-06-15,718.342529296875,729.4809109591528,707.748474463573,724.2885676767625,126732
2020-06-16,704.4405517578125,726.0892119684195,701.8024909221863,725.2936022628097,145808
2020-06-17,704.7755126953125,707.6648052593731,688.4447864200962,705.9898589747356,138894
2020-06-18,718.7612915039062,723.1580252998812,701.8443245801423,704.3148804599886,97210
2020-06-19,703.6030883789062,719.7663099729051,697.866366624394,716.0395442272578,261455
2020-06-22,711.9777221679688,714.3644998750077,704.3148234406582,707.329705924844,95805
2020-06-23,716.37451171875,727.6803985929381,705.3617199840684,712.6896096247458,268608
2020-06-24,722.8648681640625,723.9954363113737,714.3644964414133,720.8967758692835,133803
2020-06-25,730.6533813476562,735.2176197472638,708.1253355897691,722.8648921134879,236818
2020-06-26,747.8215942382812,770.4752307452865,732.8726691464889,739.3212220616562,520323
2020-06-29,759.1275634765625,770.4753146816937,743.2155732820493,755.4007976553128,193703
2020-06-30,735.9295043945312,761.9330345543443,726.9266683521515,761.9330345543443,224685
2020-07-01,738.6513061523438,746.2722912458893,718.1332143147787,734.463940471208,250867
2020-07-02,758.7963256835938,777.0228079006613,745.6279469753821,750.8604237962619,224792
2020-07-03,773.1856079101562,776.804758866379,756.0928722280669,764.6392400691116,134569
2020-07-06,794.3335571289062,797.9527081892919,767.6915401949726,775.1042156262394,132125
2020-07-07,804.6241455078125,809.2897493883916,779.4210274955549,793.5051322484353,323828
2020-07-08,803.5340576171875,806.542689254115,792.7638440563848,804.6677503005595,223364
2020-07-09,787.8366088867188,803.1851861585728,780.4239334444301,803.1851861585728,155280
2020-07-10,801.5718994140625,804.9293842219261,772.2264027394535,784.8715555793428,237443
2020-07-13,805.4962158203125,814.5222169548806,793.5923098810936,799.3044197078134,118826
2020-07-14,814.1297607421875,825.3796069497996,798.9556102330309,804.9293331806937,213714
2020-07-15,866.890625,879.8410376410332,816.3536068240352,821.498897216501,742404
2020-07-16,899.3319702148438,958.4153554095644,881.2363208747632,898.06749754176,1519072
2020-07-17,869.7684326171875,917.6019699534113,866.8469877021516,905.9161902932677,221796
2020-07-20,876.8323974609375,893.8378955218051,870.335394143721,887.7769852087255,428203
2020-07-21,853.1553344726562,888.1693464684469,850.277482868449,880.8002643047523,334149
2020-07-22,867.8062744140625,874.3032772241734,850.3646847104133,860.5680253325496,214471
2020-07-23,854.2891235351562,875.4806996198979,851.2368450471085,874.6958067176805,277231
2020-07-24,974.11279296875,1024.6062168675335,876.4398898241662,876.4398898241662,4244556
2020-07-27,982.7027587890625,1054.169737360179,941.8458556919475,972.3686380523346,2672183
2020-07-28,1015.4494018554688,1029.0538209086815,963.8658775926443,971.8889664956878,1895132
2020-07-29,995.9585571289062,1029.0102890493595,978.5169649998944,1015.4495150420709,686350
2020-07-30,1007.42626953125,1015.9726918385976,996.7869414347786,998.5311005623985,324231
2020-07-31,1009.824462890625,1027.1353269601498,996.7869163221387,1015.0134000375813,413624
2020-08-03,998.1822509765625,1011.6122975977445,979.3890001829989,1009.8244919036005,407108
2020-08-04,962.6448364257812,1005.4639142097395,955.7990343412544,1002.8913225296008,290909
2020-08-05,991.7723388671875,1005.2895701289517,965.4355824746569,971.7145118336018,759413
2020-08-06,1021.8590087890625,1028.617623952805,983.7055360905163,991.7722703182089,472151
2020-08-07,1015.4494018554688,1021.8591649574132,1009.737238487909,1015.9726282700119,370398
2020-08-10,1029.838623046875,1048.7191640499732,1014.9696261419502,1024.6933331045398,471683
2020-08-11,1053.995361328125,1072.6578856706358,1030.928898970308,1037.774702396794,430855
2020-08-12,1013.9232788085938,1057.9632947245084,1005.725710000568,1057.9632947245084,310001
2020-08-13,1046.97509765625,1056.9603654574837,1024.693423607709,1024.693423607709,232416
2020-08-14,1041.524658203125,1056.9604237903307,1002.8914912201982,1002.8914912201982,147118
2020-08-17,1059.2276611328125,1068.2973085535755,1030.1438332480905,1046.495322664727,105873
2020-08-18,1044.315185546875,1058.268457337063,1037.4693828658171,1056.088258619846,188671
2020-08-19,1049.46044921875,1067.032871725262,1042.0913138682706,1053.4719934657794,158963
2020-08-20,1042.8763427734375,1049.1117330514069,1040.3909372654432,1049.1117330514069,78302
2020-08-21,1045.623291015625,1060.186975672953,1042.1349731139883,1055.2161652451261,78780
2020-08-24,1044.7073974609375,1059.57639271436,1037.7744093251756,1046.4952026808494,259192
2020-08-25,1030.1439208984375,1051.509868887442,1025.5655034722222,1050.8558092551257,81728
2020-08-26,1046.5389404296875,1058.7044056390064,1025.3473681466735,1029.0537056458215,271842
2020-08-27,1029.5770263671875,1055.1289980499773,1016.1469809071718,1050.8557872506522,382072
2020-08-28,1016.3649291992188,1043.8790778000969,1008.1238211670109,1035.1582834993442,337484
2020-08-31,962.4268798828125,1025.5654546759756,943.4591514481166,1022.0771368029281,162583
2020-09-01,983.4877319335938,1000.2316170422288,951.4824543985897,951.4824543985897,675909
2020-09-02,998.4000854492188,1006.4232798476272,981.0893305522535,991.5106368592285,268506
2020-09-03,1033.3704833984375,1038.6466065595218,992.2955633217201,1002.8913497426113,267727
2020-09-04,997.6153564453125,1024.5626357720216,994.1706848124014,1010.1297831242939,315301
2020-09-07,1001.8885498046875,1015.8854688858785,989.8102695683598,1006.3797806888873,128042
2020-09-08,991.1182250976562,1028.1379525599975,978.5602606114014,1008.385439573132,306760
2020-09-09,996.6995849609375,1002.6296611115188,970.6243891544658,991.0310687619223,132644
2020-09-10,1001.93212890625,1015.1005076718145,996.3071524262973,1007.2517924063109,538954
2020-09-11,1006.6849365234375,1015.9726043694056,993.8217640646833,1006.3797299933855,308892
2020-09-14,1095.9422607421875,1131.6975201010575,1024.6934084554214,1033.4142034209995,1344897
2020-09-15,1159.9964599609375,1176.4351357108173,1098.8200674541363,1098.8200674541363,990019
2020-09-16,1132.17724609375,1155.7670398845669,1110.0700513720626,1152.147888555982,816882
2020-09-17,1180.4903564453125,1193.6150881576295,1111.203580993974,1129.342875946391,1197965
2020-09-18,1218.6873779296875,1233.1203353275837,1158.1651496059062,1169.458535837546,521433
2020-09-21,1207.26318359375,1227.6262177685321,1190.3884672717788,1207.8300565358343,741605
2020-09-22,1191.04248046875,1207.0887632575552,1138.0636551431219,1204.7340849256332,609852
2020-09-23,1207.0452880859375,1238.2221321074865,1196.9728331212204,1208.9202804160004,402849
2020-09-24,1103.3114013671875,1194.7489157051511,1084.9977318563786,1186.0281207000041,714381
2020-09-25,1109.0234375,1140.592778701757,1091.843514242881,1123.2383756747847,472939
2020-09-28,1177.7432861328125,1203.4696296655175,1117.7441779558899,1126.203412414226,354543
2020-09-29,1149.0518798828125,1177.3509223480257,1126.3778138305058,1173.4265647620496,470562
2020-09-30,1206.4783935546875,1220.3881260506216,1124.9826033585155,1158.1216257830297,362585
2020-10-01,1183.3248291015625,1225.1846498509963,1172.947060583093,1213.0627221346335,263804
2020-10-05,1170.6358642578125,1207.8300752300884,1159.865704011565,1177.7433332839237,390893
2020-10-06,1178.789794921875,1193.004733080794,1157.2058277115318,1186.6821568272592,332308
2020-10-07,1167.4093017578125,1199.1093718610998,1154.7641483818227,1184.8072460620792,302037
2020-10-08,1233.46923828125,1268.003564411637,1185.9844467038301,1185.9844467038301,1436214
2020-10-09,1206.65283203125,1230.5041852740849,1199.1093229991968,1229.6321057664493,296415
2020-10-12,1217.24853515625,1256.579296939541,1183.5861833255515,1207.132328403288,418273
2020-10-13,1224.3125,1245.3295958376275,1207.5249686835614,1220.0392889193565,1002570
2020-10-14,1243.4110107421875,1277.4221117088357,1231.3762708950585,1231.3762708950585,921494
2020-10-15,1222.786376953125,1260.111318266673,1182.5398839481047,1239.2250553762956,522508
2020-10-16,1169.2406005859375,1228.7600270188968,1133.7033606277969,1223.5711965272615,878654
2020-10-19,1135.3603515625,1177.3073553011134,1133.3545260788678,1171.2027986439966,579092
2020-10-20,1146.52294921875,1166.4935923339256,1140.723705337759,1146.7846156674518,302342
2020-10-21,1134.8370361328125,1169.8945876034802,1121.4505313491884,1151.1448793414788,214352
2020-10-22,1177.2200927734375,1192.568670088325,1135.4474650493594,1145.868772088967,596775
2020-10-23,1205.257568359375,1232.2483874848367,1199.1093650330154,1220.911353488161,759788
2020-10-26,1182.80126953125,1202.5974282703062,1177.4379602171448,1194.748714090152,168131
2020-10-27,1184.93798828125,1213.454944570852,1182.539769721711,1194.4000293069732,350839
2020-10-28,1169.545654296875,1199.981246446139,1152.8889591582818,1191.8708654978952,222114
2020-10-29,1158.6011962890625,1207.7428520229316,1146.740830600861,1163.3539867112381,247696
2020-10-30,1202.3359375,1211.5800651597463,1164.9673530417363,1165.0109995977787,423393
2020-11-02,1184.850830078125,1212.1905010224114,1173.4701500584617,1212.1905010224114,174298
2020-11-03,1186.9871826171875,1202.4230509932909,1178.1792024685628,1186.0279166226835,235874
2020-11-04,1197.27783203125,1225.0971862398808,1181.9727959475426,1193.8767010732033,227574
2020-11-05,1188.8187255859375,1216.7689159964232,1181.580529646892,1212.1904986454242,142940
2020-11-06,1164.4005126953125,1200.2866056232706,1157.1623166755717,1186.0281270050589,175626
2020-11-09,1165.272705078125,1189.5165602517782,1160.607100564624,1177.9178591277223,175924
2020-11-10,1142.598388671875,1176.4351120145627,1117.2208993923616,1176.4351120145627,333616
2020-11-11,1142.5113525390625,1154.5896325437968,1133.703370719095,1134.6190967928371,254322
2020-11-12,1171.6387939453125,1184.283946540926,1142.554964266404,1148.1362942892642,228533
2020-11-13,1146.784423828125,1178.2664692292876,1140.287474807451,1176.260750459854,356873
2020-11-14,1156.464599609375,1163.3540489262534,1151.362955843243,1151.362955843243,21577
2020-11-17,1146.0430908203125,1162.4817651581434,1139.8948888651964,1162.4817651581434,328612
2020-11-18,1143.7322998046875,1150.272896258012,1133.79057190463,1146.0433318425328,252599
2020-11-19,1134.3572998046875,1143.2961138142957,1130.2149225807227,1143.2961138142957,333064
2020-11-20,1147.0897216796875,1170.1126412216702,1137.6276806213295,1168.5865021330635,371084
2020-11-23,1147.0460205078125,1172.946734821119,1127.5986082704142,1172.946734821119,562622
2020-11-24,1164.1387939453125,1167.7142981377808,1143.5577417217116,1158.0777783381377,329490
2020-11-25,1156.0721435546875,1184.1967058018897,1151.1448733738653,1169.5457284678544,317410
2020-11-26,1155.723388671875,1167.845315341139,1148.5287326020443,1158.9065002240768,225671
2020-11-27,1147.3948974609375,1166.7986653532803,1140.6799282330078,1163.9644071218145,597810
2020-12-01,1142.9908447265625,1159.8655592029131,1133.7468247186523,1153.150590652686,320457
2020-12-02,1165.2291259765625,1170.1999368890763,1138.0638263777664,1153.6304252406644,268091
2020-12-03,1180.1851806640625,1201.7255008328345,1157.1622615341726,1165.0981633618774,441496
2020-12-04,1164.1387939453125,1194.094699570692,1155.5051867308139,1180.79548893096,335509
2020-12-07,1152.6275634765625,1188.077620468772,1147.9184188057395,1168.6738493900075,230735
2020-12-08,1146.0430908203125,1168.586320564075,1139.0228095214918,1159.603860741919,442834
2020-12-09,1147.6129150390625,1159.6040075329183,1142.0316916968407,1153.7611177724623,363735
2020-12-10,1139.6771240234375,1155.4617423851794,1134.5754800123113,1151.1449912500007,162813
2020-12-11,1147.7000732421875,1161.8277161559479,1141.9007242631133,1147.6564266926084,184457
2020-12-14,1157.205810546875,1163.5283867066282,1149.5315750811483,1158.9936160430175,118322
2020-12-15,1155.3310546875,1163.354144134,1143.7323538468825,1159.7349926344823,441978
2020-12-16,1184.6763916015625,1195.6210322541685,1151.9734093188993,1161.1302443580448,494746
2020-12-17,1168.368408203125,1202.1614858802072,1162.0458323796709,1190.3884136572237,442708
2020-12-18,1197.27783203125,1219.1670037255942,1170.4177438736056,1177.6123989385096,708533
2020-12-21,1212.931640625,1246.201491805706,1186.9000912159313,1202.2051276266186,780268
2020-12-22,1240.4459228515625,1251.4341034444612,1193.0047759665665,1207.6557543937777,558927
2020-12-23,1374.0921630859375,1420.7919590759127,1248.9487477668167,1251.4341531912091,2212213
2020-12-24,1355.6912841796875,1382.158876784981,1338.6857332413745,1371.606735698878,573967
2020-12-28,1360.9237060546875,1385.7343252430808,1339.6012984106305,1360.4440197477697,345867
2020-12-29,1359.746337890625,1436.3149619281849,1343.002453776202,1367.769533305676,492735
2020-12-30,1386.9552001953125,1394.4550622912423,1330.8804481040347,1347.4499579123735,261785
2020-12-31,1342.958740234375,1388.176146018555,1334.281592070562,1383.99012197123,191572
2021-01-01,1334.1944580078125,1359.5283037933568,1325.5608496042548,1350.851155287494,156994
2021-01-04,1324.9940185546875,1357.8278342973917,1312.4796985340877,1351.723277560024,389716
2021-01-05,1379.324462890625,1404.0478936398022,1329.921141491117,1329.964788044973,677882
2021-01-06,1409.0625,1480.2678148853104,1383.1181339935015,1391.4465360834783,973000
2021-01-07,1450.268310546875,1460.7332652832326,1412.7688894082607,1429.3384010741602,347070
2021-01-08,1429.5999755859375,1458.9890123318341,1399.6876059728593,1455.500694310718,853366
2021-01-11,1481.7938232421875,1491.255864012316,1444.163573569822,1447.651891380377,711646
2021-01-12,1445.3408203125,1488.2035455373793,1434.1346209412366,1482.5350292490741,795854
2021-01-13,1440.1085205078125,1460.733222825578,1427.1581606889902,1460.733222825578,504008
2021-01-14,1479.1776123046875,1513.057878376761,1410.5013541362898,1451.1838826470482,714819
2021-01-15,1454.2362060546875,1486.0234611000858,1436.3149298308929,1486.0234611000858,331478
2021-01-18,1425.8499755859375,1454.3669325156495,1412.855969807943,1454.0181858813544,465525
2021-01-19,1409.978271484375,1452.0124635838931,1387.6529496430298,1425.8500768526517,194318
2021-01-20,1436.4019775390625,1461.6050938250178,1414.2075990960968,1419.7452820686926,301343
2021-01-21,1395.89404296875,1454.1053483428104,1386.6063752023351,1454.1053483428104,345085
2021-01-22,1394.498779296875,1409.2804843696108,1340.3862032649083,1359.6155989906965,920370
2021-01-25,1387.565673828125,1412.7251461605185,1344.8774248030165,1412.7251461605185,204142
2021-01-27,1382.9437255859375,1399.6876095480566,1347.4936723147914,1387.5656831027115,349539
2021-01-28,1356.5196533203125,1383.5977641990696,1337.769944193738,1351.7232161018865,406023
2021-01-29,1335.4588623046875,1399.2951427703774,1318.5841460127883,1370.9089137117085,400404
2021-02-01,1334.2379150390625,1359.5282191477006,1317.7120520052501,1338.641958853778,265113
2021-02-02,1371.606689453125,1387.1732873423412,1336.1566362475037,1342.8280657586013,405555
2021-02-03,1387.5220947265625,1404.0043116809836,1338.5983508935528,1376.8826612321318,550668
2021-02-04,1386.17041015625,1407.2746921579355,1373.830463540483,1398.859209874322,214307
2021-02-05,1373.17626953125,1404.8763359903996,1356.955613183935,1392.7108703436659,573788
2021-02-08,1423.3209228515625,1429.9487057242034,1375.7925903622727,1386.6063973939586,378476
2021-02-09,1436.4891357421875,1460.6457988378588,1417.25984897043,1425.413770016323,329026
2021-02-10,1429.4691162109375,1452.7972425502649,1417.914062977439,1440.8496896735626,309641
2021-02-11,1423.1463623046875,1447.651771605319,1404.9198819615476,1430.2101839956165,231604
2021-02-12,1435.835205078125,1447.651924513843,1419.7453813906845,1428.4661761166715,75900
2021-02-15,1457.0704345703125,1468.5381945431493,1427.1144193340012,1447.6519336249635,280527
2021-02-16,1468.23291015625,1478.1746369702373,1456.5906710321765,1469.2358227938687,230890
2021-02-17,1434.4835205078125,1473.814282738409,1418.0011974749427,1462.1283967203683,234830
2021-02-18,1477.389892578125,1491.2559782280919,1438.9312070621938,1445.8206565567077,302746
2021-02-19,1472.59326171875,1485.151226439421,1443.2914150071883,1482.5349882249063,125265
2021-02-22,1482.0552978515625,1524.3947954207956,1430.9514661610656,1465.0933960565999,538833
2021-02-23,1521.778564453125,1559.1036056360406,1491.2994317757366,1495.6161822562233,711692
2021-02-24,1477.6077880859375,1525.8338240332703,1416.4750402104016,1525.8338240332703,227168
2021-02-25,1440.4136962890625,1482.491533003072,1414.5566237625003,1478.1311354161278,870245
2021-02-26,1436.227783203125,1453.3205205091685,1404.4840673747472,1412.7688228171935,230398
2021-03-01,1429.5999755859375,1452.0123762896017,1417.1728426357113,1447.5647921036823,121376
2021-03-02,1472.11376953125,1495.616268308377,1411.2862274236645,1430.2103090529085,568161
2021-03-03,1479.046875,1524.1769904370576,1449.2653379181645,1491.212341796677,512298
2021-03-04,1471.4598388671875,1496.4884788866043,1458.989058961124,1469.4540133589323,154947
2021-03-05,1425.58837890625,1460.7332268874004,1414.7746777936084,1454.6723166772495,401535
2021-03-08,1405.835693359375,1447.1286332447069,1395.3270936036688,1438.9310652787835,205579
2021-03-09,1389.135498046875,1419.658281452271,1373.7432731242925,1419.658281452271,319538
2021-03-10,1436.0533447265625,1460.7332384416452,1393.5831134505966,1404.8765009807184,599154
2021-03-12,1410.23974609375,1452.8844551746952,1400.1672916850873,1439.1928495296656,342389
2021-03-15,1420.1378173828125,1434.7451489891932,1408.364744147819,1412.7687881992122,342891
2021-03-16,1509.3951416015625,1516.5461504477769,1421.4894912190202,1425.9807216387205,1034130
2021-03-17,1468.407470703125,1542.7085998017935,1452.1867072144591,1506.0812616493483,971091
2021-03-18,1428.248046875,1509.6566381169137,1406.140855228568,1489.5116251335673,439447
2021-03-19,1453.1461181640625,1470.2388551287204,1415.6030529847997,1425.849987143168,473541
2021-03-22,1456.4163818359375,1465.747589713509,1423.233714956089,1465.747589713509,285987
2021-03-23,1462.0848388671875,1489.03200860474,1454.6285170163046,1462.913271759503,263310
2021-03-24,1458.5093994140625,1470.2824733277503,1439.7596891070784,1462.0850107296455,326973
2021-03-25,1459.076171875,1466.837700618742,1397.0713414929992,1461.7795970001193,401831
2021-03-26,1426.0679931640625,1466.837709525732,1418.3064643731907,1466.837709525732,369659
2021-03-30,1551.298583984375,1568.6529871765954,1427.5941292609239,1432.8266062160646,845091
2021-03-31,1549.2491455078125,1579.5539064458346,1492.345961300447,1552.3014235879011,1134437
2021-04-01,1524.220458984375,1577.5916771208897,1515.6740380520212,1556.6617709567652,423748
2021-04-05,1530.5865478515625,1550.9495807395135,1494.0028592640983,1526.1389641612936,473624
2021-04-06,1521.865966796875,1544.8452411256724,1513.5812112603242,1543.5807683889439,305235
2021-04-07,1510.8341064453125,1528.3629897826938,1495.5291748982943,1526.0519577872415,1085872
2021-04-08,1535.1651611328125,1591.5451233694805,1521.8659484580812,1521.8659484580812,1021233
2021-04-09,1571.8795166015625,1591.5449502122153,1543.6242284028972,1550.557217247846,633856
2021-04-12,1517.505615234375,1602.4025387831757,1496.5321657699747,1569.5688286393502,625677
2021-04-13,1467.0557861328125,1533.4210169296116,1397.9434835315194,1521.7787765205871,744747
2021-04-15,1482.491455078125,1514.5403756575595,1431.0824128123027,1441.5473664708936,663225
2021-04-16,1489.7735595703125,1506.7354644831353,1457.5501558549292,1482.4916100576113,436542
2021-04-19,1485.2821044921875,1501.2410942096362,1433.7857714994568,1457.2447294889948,399442
2021-04-20,1445.6024169921875,1508.6101526959915,1433.7856987176388,1491.255751605604,411238
2021-04-22,1432.6085205078125,1472.0264691764262,1421.4895074891094,1438.9310965380555,553502
2021-04-23,1479.48291015625,1495.5727347669228,1432.913842356349,1432.913842356349,606412
2021-04-26,1503.7264404296875,1574.8444463499266,1495.7468932207469,1508.6972500588654,1273633
2021-04-27,1487.0263671875,1520.2089279876052,1478.8287986710757,1504.3371238140087,312043
2021-04-28,1525.1798095703125,1533.9877909447687,1489.3809046697836,1497.3604531280089,389821
2021-04-29,1543.5806884765625,1548.7695188303958,1524.1769199349787,1535.644786453929,566928
2021-04-30,1539.0460205078125,1556.6183381402616,1530.7612648469471,1543.5807915506982,457673
2021-05-03,1557.3594970703125,1562.3303072661022,1526.139010726028,1538.348122811836,293527
2021-05-04,1530.455810546875,1566.4727349398847,1524.8309405942316,1561.0222382977836,238613
2021-05-05,1523.6536865234375,1551.3422100452472,1513.9299790192636,1523.5228533102843,207032
2021-05-06,1609.858642578125,1630.3525093715084,1514.8019838343462,1526.1390165285584,1687587
2021-05-07,1610.033203125,1642.5181659689963,1592.8969253390972,1615.0913070357383,632380
2021-05-10,1608.0709228515625,1626.1665721548227,1595.9054566248708,1608.9866488922878,408510
2021-05-11,1612.2132568359375,1629.8293258196943,1585.5712931775886,1600.2658108032263,338923
2021-05-12,1569.17626953125,1620.3237548824566,1547.9848009803418,1611.8646260853689,676426
2021-05-14,1560.019287109375,1573.449331794941,1536.2987688905905,1548.987460887124,772439
2021-05-17,1536.9530029296875,1571.487331430383,1506.9534454559941,1560.0194641858216,664940
2021-05-18,1539.351318359375,1561.0224750034733,1521.8660798981346,1556.6620770286033,492208
2021-05-19,1541.7493896484375,1569.5687473558687,1529.8454830256396,1540.9644967970958,357231
2021-05-20,1538.6534423828125,1563.420521439189,1533.7261719236978,1554.874099769131,141546
2021-05-21,1557.5775146484375,1604.4517841949623,1524.4384961783362,1558.3623009745115,799241
2021-05-24,1595.8616943359375,1608.681325701329,1569.830144902602,1579.7718715958626,581346
2021-05-25,1639.8582763671875,1668.9421057498662,1594.8153499098983,1595.905449260486,1057299
2021-05-26,1669.2037353515625,1682.6773204455794,1641.471565902406,1645.5267566881334,786050
2021-05-27,1716.906494140625,1752.8361265090155,1671.2966942793528,1674.3054323897136,1107586
2021-05-28,1688.43310546875,1739.7986095169197,1675.264726256643,1725.8453374606436,827508
2021-05-31,1695.627685546875,1713.6361477801986,1687.735430265984,1701.2526619660314,269385
2021-06-01,1700.5550537109375,1708.2293960225124,1661.5294954270582,1700.5550537109375,230031
2021-06-02,1663.578857421875,1704.9154476219742,1659.7853328319807,1700.5550500577235,490512
2021-06-03,1674.130859375,1682.110407546716,1635.148950965975,1676.136684670189,385166
2021-06-04,1665.1922607421875,1699.5522164388972,1658.695310651037,1680.4972994871443,325694
2021-06-07,1713.5489501953125,1721.4848519808174,1669.1600844434065,1673.5204817381907,521073
2021-06-08,1685.2935791015625,1729.9440054716918,1671.2094743422597,1720.6127977062783,531921
2021-06-09,1672.8663330078125,1717.8220693036442,1666.5437572672643,1700.5548543543512,452593
2021-06-10,1712.9385986328125,1719.7408616615558,1669.9886810684964,1681.238528482946,456342
2021-06-11,1752.661865234375,1804.3325782659147,1713.854325489168,1726.7174987755009,1889149
2021-06-14,1739.58056640625,1776.4259249377274,1721.920956695897,1759.856414592211,557037
2021-06-15,1797.7481689453125,1806.120216965886,1735.4381338084172,1738.9264516653186,842577
2021-06-16,1830.2767333984375,1840.087627145064,1771.1933510576423,1787.7628604963893,1039899
2021-06-17,1778.6497802734375,1860.6252529723145,1761.1645437806596,1830.0588240275883,851840
2021-06-18,1772.806884765625,1831.2797544839227,1738.5777625663861,1795.960532851587,1089882
2021-06-21,1785.36474609375,1794.6959541080082,1721.48492308661,1770.3213748053793,434930
2021-06-22,1751.920654296875,1818.2858877083174,1745.9032840249647,1792.1235008348165,412384
2021-06-23,1731.3394775390625,1777.952084329168,1726.717413597426,1772.6324206590884,252588
2021-06-24,1786.97802734375,1808.0823067571353,1735.3072151768936,1735.3072151768936,1025993
2021-06-25,1802.718994140625,1820.5095431032025,1782.5304395417245,1792.5593534628251,526840
2021-06-28,1787.2396240234375,1813.9253416170084,1779.1293486286404,1802.762681548128,175489
2021-06-29,1819.28857421875,1826.1344834971158,1770.8446215882914,1792.079736244353,480765
2021-06-30,1861.19189453125,1869.999982021583,1810.4805603610173,1827.006423133852,653567
2021-07-01,1893.9822998046875,1904.6216271177525,1840.0877441476455,1863.590244079752,533962
2021-07-02,1879.28759765625,1918.05148723443,1841.047040920283,1884.563720993466,666544
2021-07-05,1843.7503662109375,1922.8479312713123,1834.8551982311756,1899.5198055333447,768600
2021-07-06,1854.8255615234375,1867.8633186763884,1841.3519775873508,1852.994322558245,315862
2021-07-07,1895.6390380859375,1905.8423249623752,1835.770869632678,1865.247197316847,477903
2021-07-08,1897.9937744140625,1931.6561289126273,1883.6917555084763,1895.9008687386238,460524
2021-07-09,1944.126953125,1978.748468138899,1898.517150788181,1898.517150788181,1374846
2021-07-12,1931.7435302734375,1968.3708720162913,1925.5516801957444,1968.3708720162913,273006
2021-07-13,1910.6824951171875,1954.330115695882,1888.1393682934868,1942.9930824499886,405618
2021-07-14,2071.62451171875,2090.984630854349,1918.705311366418,1919.4466639835691,2140671
2021-07-15,2083.398193359375,2099.4009394058376,2033.6023623431863,2071.6251185957285,885491
2021-07-16,2084.444091796875,2112.132612115898,2046.2469723653237,2083.397639122724,432057
2021-07-19,2043.107666015625,2099.3131409042976,2032.773439935756,2084.4441445150806,503783
2021-07-20,2065.520263671875,2095.868672382562,1976.82982248127,2045.0700422964796,733341
2021-07-22,2090.72314453125,2136.5946078056977,2060.941717100741,2097.48176012737,1055208
2021-07-23,2206.49169921875,2334.5566495238,2155.824011747229,2236.883752718919,6346868
2021-07-26,2257.944580078125,2297.6678443745095,2157.4810630224542,2190.663730988261,1525148
2021-07-27,2264.441650390625,2282.1883399643193,2235.1833414166636,2267.406635442192,517705
2021-07-28,2256.679931640625,2292.2171689361276,2218.0033360969305,2263.0461541553204,547211
2021-07-29,2328.103515625,2334.992858502881,2235.1397558703584,2259.55798184163,868934
2021-07-30,2267.1884765625,2327.5363299620817,2252.2758332874378,2326.7078970934704,584986
2021-08-02,2290.7783203125,2306.5193968190647,2269.150707573759,2284.4120978053274,321213
2021-08-03,2347.85595703125,2385.137354436055,2299.1938799419204,2299.1938799419204,1158111
2021-08-04,2323.001708984375,2389.497769166471,2313.016441545594,2364.6435040492283,751794
2021-08-05,2324.26611328125,2403.930656398924,2304.4699522995083,2344.062274262991,976311
2021-08-06,2349.94873046875,2367.6083387728204,2317.987104800945,2328.4520578700235,375995
2021-08-09,2356.358642578125,2392.1138995528486,2324.0917033570327,2366.1695362602136,387255
2021-08-10,2362.114501953125,2405.9799283040147,2338.04502378041,2356.3586923739904,590969
2021-08-11,2331.068603515625,2392.1141711348146,2300.54581970603,2378.98933151468,507503
2021-08-12,2410.820068359375,2415.6601520402337,2336.257273052718,2336.3009196085873,652280
2021-08-13,2401.576171875,2434.540606038025,2391.5036112540624,2424.68627819809,502027
2021-08-16,2395.122314453125,2450.019667554775,2385.093401818304,2414.0029603333746,444615
2021-08-17,2478.0576171875,2489.7870442183594,2379.73065073019,2408.509275059159,794585
2021-08-18,2480.412109375,2562.8672683994455,2444.874869871781,2485.4265664828163,959572
2021-08-20,2483.682373046875,2537.7513011118,2418.363704790518,2480.1504085509505,664079
2021-08-23,2500.16455078125,2617.1104930314023,2481.284115394068,2528.158386970355,1956870
2021-08-24,2440.993896484375,2550.7886082001364,2424.380741268858,2533.6086865364564,969258
2021-08-25,2434.976806640625,2475.4414251123417,2395.60250050583,2454.555162675379,756084
2021-08-26,2392.33203125,2462.752449193475,2386.096748137902,2438.2905772205777,650414
2021-08-27,2524.49609375,2537.7516612197196,2389.7161476485694,2406.939719919734,1188351
2021-08-30,2498.55126953125,2561.210050235806,2488.042669582101,2537.7511982067695,688575
2021-08-31,2527.37353515625,2549.6986412944375,2503.0860373486876,2513.2456777608872,991789
2021-09-01,2471.86572265625,2555.19296235534,2455.8631914059506,2546.646540581837,721085
2021-09-02,2519.0888671875,2537.751282866562,2451.764161107828,2493.275229455499,867752
2021-09-03,2574.596435546875,2595.308321513253,2503.783630109094,2530.7744452390657,1149543
2021-09-06,2638.650634765625,2646.5866425802114,2556.1084035694644,2590.0758540907736,888951
2021-09-07,2595.70068359375,2685.132468509513,2583.0991788649485,2660.7142453467113,989201
2021-09-08,2579.872802734375,2613.6222364792784,2557.809149013588,2613.6222364792784,489569
2021-09-09,2610.613525390625,2616.238395358641,2559.7712499921504,2581.355216753859,525337
2021-09-13,2674.48486328125,2687.678152798898,2549.5056441143774,2652.020731202893,681247
2021-09-14,2723.736572265625,2734.0326958832125,2660.043548912783,2687.678049588486,559672
2021-09-15,2845.283935546875,2858.7890966172254,2715.5354521164118,2728.238408273214,1066230
2021-09-16,2830.12939453125,2882.1001263422145,2802.1381899856856,2857.0507023964433,888625
2021-09-17,2847.334228515625,2867.9708733654597,2796.700648394466,2832.625542709259,1038070
2021-09-20,2769.422607421875,2914.9940672106177,2755.828216129838,2809.0024739617024,664392
2021-09-21,2849.875,2868.461519328,2739.4708314397567,2765.2332332445467,849978
2021-09-22,2898.1015625,2944.144121192491,2836.2804206047676,2879.336800812778,998609
2021-09-23,2976.146728515625,3025.532169508149,2901.6226316290586,2927.474261834049,853124
2021-09-24,2979.489990234375,3150.868491554218,2962.062379993055,3008.5952767462663,1223208
2021-09-27,2868.9072265625,3030.8364157716037,2821.438281002225,3030.8364157716037,1134438
2021-09-28,2812.211669921875,2891.0147026710956,2709.562953982609,2890.0340365174698,1573075
2021-09-29,2803.6982421875,2875.7708885534475,2738.4452078962377,2790.1930815785154,1177475
2021-09-30,2767.37255859375,2830.30799830319,2759.0377664084785,2821.215398812147,600588
2021-10-01,2697.706787109375,2780.3874329596497,2683.2209596692996,2771.4730776119113,1122648
2021-10-04,2753.73388671875,2762.5590123855663,2709.9643103104618,2726.4558694357065,550121
2021-10-05,2800.266357421875,2809.804673668945,2705.3284774263984,2758.01218447632,610635
2021-10-06,2773.791015625,2821.393588162491,2746.513000040643,2819.878191215724,598884
2021-10-07,2840.291748046875,2905.1882960076778,2785.735938945687,2800.5782529741414,740158
2021-10-08,2895.070556640625,2953.147712898022,2834.8986574367686,2841.0050779657827,772354
2021-10-11,2767.72900390625,2852.5936205917296,2625.76789950649,2839.222087995206,1295172
2021-10-12,2784.39892578125,2812.4345301541784,2728.6842041992654,2786.627514644529,794569
2021-10-13,2790.460693359375,2802.7179319420006,2751.8614912411444,2801.781881104929,528691
2021-10-14,2911.963134765625,3079.9094868801885,2874.790102306081,2874.8793329055306,2139363
2021-10-18,2992.28173828125,3021.9665863289542,2941.6037566405676,3021.9665863289542,1149208
2021-10-19,3161.431640625,3262.431334454384,3040.6867359311163,3040.6867359311163,2079946
2021-10-20,3093.4150390625,3205.5130613696574,3001.9984959734024,3184.3414666993194,986753
2021-10-21,3027.71630859375,3123.456619721816,2926.850460556225,3093.415066801171,1184242
2021-10-22,2901.35546875,3137.140190228877,2750.0788875702665,2852.5939838654303,2688874
2021-10-25,2855.89208984375,2945.2585056662147,2767.9074426808297,2936.3887652787935,791785
2021-10-26,2891.81689453125,2979.0439492580927,2853.841653436606,2855.891998707697,659888
2021-10-27,2987.735595703125,3000.572181081302,2888.2512972975096,2897.3885120497625,751000
2021-10-28,2915.79638671875,3021.9664453485198,2901.62264885234,3017.5538830041182,529347
2021-10-29,2884.50732421875,2956.7582222795504,2863.2911136601424,2917.668684623178,436159
2021-11-01,2960.412841796875,2972.9375547826808,2897.299161424587,2913.211373022429,456330
2021-11-02,3019.78271484375,3079.419669519085,2960.368401433105,2960.4130167403014,502036
2021-11-03,2941.157958984375,3071.2629335390534,2927.920054057462,3030.88085973371,425741
2021-11-04,2956.535400390625,2979.0441493087164,2941.737482364473,2964.023372382386,31960
2021-11-08,3017.64306640625,3037.923225850064,2932.8230580284667,2989.9641657573807,519399
2021-11-09,3006.9013671875,3086.1499012247778,2999.680652114783,3017.6429915509043,625236
2021-11-10,2997.987060546875,3026.379152945998,2963.978662878952,2988.0920386391313,296942
2021-11-11,2984.7490234375,3012.517153236852,2936.1657868878565,2999.502325036123,357090
2021-11-12,2989.340087890625,3046.8823000503935,2967.63376136582,3035.3382524265908,773128
2021-11-15,3051.1611328125,3070.9063438640937,3008.5950838484223,3021.9666175544153,488346
2021-11-16,3079.330322265625,3115.388844898357,3054.949474161387,3070.817069669857,785380
2021-11-17,3068.900390625,3112.714576796671,3032.7082392742063,3091.498367998965,547200
2021-11-18,2976.636962890625,3094.395687411815,2955.7774578424846,3084.367037362587,516894
2021-11-22,2895.114990234375,2995.2232390425947,2832.1351600748244,2981.85170672544,765536
2021-11-23,2933.669921875,2967.81194862123,2809.804989728653,2895.115332469618,762502
2021-11-24,2863.4248046875,2986.309290454957,2851.3014109852497,2963.488451807968,702672
2021-11-25,2907.50634765625,2938.127028962186,2859.725313959774,2870.690015018605,1017061
2021-11-26,2727.079833984375,2865.7426896672696,2700.158521503122,2861.5083704275407,873005
2021-11-29,2664.05517578125,2714.198426120114,2611.4158623428357,2636.866391153066,1245417
2021-11-30,2580.83935546875,2769.021473269799,2518.3052432956724,2741.1641143837846,11262910
2021-12-01,2684.6474609375,2700.7823142408583,2541.4828207401815,2556.4589819061853,988525
2021-12-02,2769.779541015625,2784.220753693375,2651.8871871208707,2685.0039314253313,908162
2021-12-03,2751.727783203125,2797.458250626428,2732.249830311258,2790.19313829502,304524
2021-12-06,2694.676025390625,2780.833183796852,2680.546684942181,2754.535835208294,310890
2021-12-07,2716.203857421875,2748.4291623747854,2666.0606125974637,2724.226776593781,447610
2021-12-08,2791.352294921875,2811.721467487544,2733.3197511992066,2749.9005401587237,500088
2021-12-09,2792.822998046875,2819.2541930189004,2766.0353159046094,2803.6094553920834,278294
2021-12-10,2793.669921875,2808.022121997243,2769.690391442995,2772.3646982258497,197909
2021-12-13,2873.943603515625,2912.3199475453,2808.021987991336,2811.275640700946,621098
2021-12-14,2841.539794921875,2879.3365718447876,2790.1930247288497,2879.3365718447876,567038
2021-12-15,2860.483154296875,2873.631829131108,2782.215066671736,2834.586907113173,661097
2021-12-16,2861.686279296875,2907.862683026568,2835.7010207931166,2874.9687992029276,397555
2021-12-17,2908.8876953125,2976.5031657516743,2871.5366345245825,2883.7938727782766,1266717
2021-12-20,2761.801025390625,2895.249104388504,2693.561806584765,2870.422536698518,571770
2021-12-21,2769.868408203125,2836.5478287222118,2738.489921381092,2785.7360040090857,613451
2021-12-22,2825.1376953125,2840.1138571068595,2755.739563566277,2755.739563566277,438811
2021-12-23,2840.470458984375,2870.422783782454,2813.9948637915254,2847.9586490017227,345682
2021-12-24,2868.639404296875,2933.937053881942,2836.9934444297096,2874.701209150667,862697
2021-12-27,2879.64892578125,2887.315140955919,2812.523785111045,2857.0509474577134,444764
2021-12-28,2968.3466796875,2989.830145328915,2897.2100810326265,2907.862692064105,989627
2021-12-29,2950.6962890625,2981.807302737597,2935.9876024712603,2968.4803847775092,534624
2021-12-30,2982.386962890625,2994.332112605919,2929.0790716904294,2948.735269752526,552959
2021-12-31,3027.93896484375,3047.9962638952834,2950.6515493589645,2982.3867406903073,442436
2022-01-03,3051.07177734375,3101.304257297898,3022.0111091933345,3023.7493649768526,548857
2022-01-04,3027.22607421875,3093.2815393908354,3004.137979177843,3075.27458375494,314076
2022-01-05,2953.816162109375,3021.9663629623305,2937.2799899589613,3013.0520079093444,483649
2022-01-06,2903.539306640625,2939.954537066367,2874.8797398541637,2939.954537066367,674963
2022-01-07,2888.429443359375,2932.020772604032,2870.42248866568,2932.020772604032,365542
2022-01-10,2853.4404296875,2923.0170142210136,2834.7648994275155,2897.2099999373117,763573
2022-01-11,2859.235107421875,2891.8171225361484,2842.6099203283843,2870.4226678688033,380691
2022-01-12,2868.1494140625,2891.7724573502355,2834.7651945282814,2888.251330274098,478892
2022-01-13,2946.99658203125,2954.6183992117462,2871.3584091636676,2888.2510686460623,463951
2022-01-14,2909.37841796875,2952.835904869484,2868.149520139849,2952.835904869484,614958
2022-01-17,2928.0537109375,2941.7373337715694,2854.4658799239332,2910.537089322477,624020
2022-01-18,2853.930908203125,2959.1203029143444,2831.1100711098284,2932.8229542365398,607433
2022-01-19,2752.975830078125,2852.5937525297495,2726.0545200657516,2852.5937525297495,858708
2022-01-20,2719.814453125,2788.9897205819348,2678.942046482389,2754.312965062857,551856
2022-01-21,2696.236083984375,2852.593794279041,2602.991837279625,2697.484006715118,1640071
2022-01-24,2627.372802734375,2727.792936020886,2536.3571409194205,2697.439510313525,1189507
2022-01-25,2729.798583984375,2738.802170327794,2536.3570646033286,2610.1233582843497,914743
2022-01-27,2615.471923828125,2705.462299766046,2576.694477104702,2675.242721442735,956035
2022-01-28,2709.340087890625,2772.364537219255,2651.3967776271998,2664.9019390420385,474404
2022-01-31,2769.244384765625,2805.2138942970314,2742.1448325805763,2742.1448325805763,389982
2022-02-01,2805.302978515625,2848.0918836644364,2772.4090947367263,2799.1075451514116,339786
2022-02-02,2788.14306640625,2841.049856013356,2775.1282373031945,2775.1282373031945,342507
2022-02-03,2686.56396484375,2790.14873515813,2665.6598441317783,2789.301914888791,302239
2022-02-04,2720.527587890625,2731.8933908087447,2654.0710261246113,2661.8264716474973,226441
2022-02-07,2694.274658203125,2743.793945410454,2669.849411740948,2720.3937627532923,193583
2022-02-08,2657.904296875,2725.56416740238,2620.820491304333,2710.1422890114563,235153
2022-02-09,2701.2724609375,2736.66240724594,2668.601436468489,2671.8997043366185,384113
2022-02-10,2772.49853515625,2779.49639215227,2692.1356973379907,2715.4912681387577,634918
2022-02-11,2675.6884765625,2743.5265928049225,2625.2777515914017,2734.924326615423,589646
2022-02-14,2585.118408203125,2664.1886957742854,2570.0086195756176,2589.620201133253,475833
2022-02-15,2668.868896484375,2680.7250332280646,2552.581168575378,2629.7349615681755,653338
2022-02-16,2664.456298828125,2718.878483809873,2644.1315243400586,2674.3067053867603,476398
2022-02-17,2682.81982421875,2708.1811213441065,2667.085856642074,2691.065602814021,289180
2022-02-18,2693.87353515625,2712.9503859294964,2631.517663850601,2631.517663850601,219536
2022-02-21,2732.16064453125,2748.2510992316984,2627.6844448720326,2656.4778557619466,502347
2022-02-22,2783.373779296875,2804.010424503716,2638.114187393786,2639.540571278176,841097
2022-02-23,2770.9384765625,2824.9595637953676,2761.7122482024984,2790.1935735814136,429372
2022-02-24,2631.473388671875,2731.314180150826,2611.906419940408,2661.826815679883,432597
2022-02-25,2719.23486328125,2763.0044350134035,2666.016205479032,2701.049665459143,289108
2022-02-28,2771.20556640625,2792.555403651764,2652.020680526198,2681.4380527807743,546703
2022-03-02,2807.709716796875,2828.5248226373124,2727.881842412722,2759.8842895950584,390699
2022-03-03,2804.1884765625,2892.7080610645717,2767.9963275508853,2824.958966259978,900478
2022-03-04,2841.138671875,2868.639545121607,2756.4078985739907,2787.3406680411845,543605
2022-03-07,2786.98388671875,2843.5900415084716,2763.4500763486108,2794.650319146095,826638
2022-03-08,2830.575439453125,2852.5938547422893,2794.6505420678363,2821.3936094560454,497170
2022-03-09,2865.47509765625,2912.409312197039,2843.9916304518497,2853.6189607452643,612713
2022-03-10,2854.28759765625,2928.3659840326127,2835.7459110439527,2897.1657376273943,557311
2022-03-11,2929.167724609375,2941.7370517940126,2826.9201196998993,2854.2871451091637,326673
2022-03-14,2953.45947265625,2995.134082745279,2908.0408769526575,2940.8457472450496,412311
2022-03-15,2841.183349609375,2976.9936430969697,2803.6094281229957,2957.7831634120585,917776
2022-03-16,2761.667236328125,2914.682056025238,2694.8988030463593,2906.0797903259163,1328257
2022-03-17,2769.600830078125,2832.04592952759,2761.6225259891894,2829.416238365621,643321
2022-03-21,2766.9267578125,2810.1613826316106,2736.707179271541,2772.364601802766,539535
2022-03-22,2840.693115234375,2851.702431745354,2759.48346415524,2766.926820696417,655289
2022-03-23,2889.053466796875,2910.537151199957,2836.5926138106875,2844.570918676589,517606
2022-03-24,2971.37744140625,2983.902153965628,2881.1195951773793,2895.3825634703367,551259
2022-03-25,2923.15087890625,3004.1378879547756,2912.364639029398,2971.3776305712927,468977
2022-03-28,2975.74560546875,2991.657817685607,2910.7154231912996,2932.644825595695,459504
2022-03-29,3011.31396484375,3035.293494575338,2972.937620103591,2986.3091536272955,366799
2022-03-30,3056.732666015625,3065.647021997006,3002.399709836235,3048.709745632382,339830
2022-03-31,3010.244384765625,3089.537537643852,2989.8749943065063,3070.460685274106,519402
2022-04-01,2981.00537109375,3021.6103076908585,2956.0451733778473,3008.5952603990195,263995
2022-04-04,2952.83544921875,3007.30224478385,2939.196442676634,2975.61166954542,349529
2022-04-05,2958.006103515625,3002.310408167425,2950.6517600050383,2986.30918308667,399785
2022-04-06,2850.588134765625,2972.581181320366,2840.113766668214,2950.6517789302534,707833
2022-04-07,2821.3935546875,2860.0817710371757,2809.0026874257487,2840.113701495853,446888
2022-04-08,2817.96142578125,2866.856753168619,2785.7807327340897,2839.222250883722,430971
2022-04-11,2789.47998046875,2833.115705564467,2774.191948383434,2831.1545909512397,336454
2022-04-12,2725.385986328125,2782.2596186920373,2710.855543145205,2771.918879122004,423867
2022-04-13,2719.591552734375,2752.7529108535423,2707.601788408204,2741.1642489879023,224310
2022-04-18,2567.245361328125,2679.2543778393206,2517.5924406985487,2652.020976053889,1223666
2022-04-19,2546.8759765625,2652.020755947651,2520.534012585541,2600.22826354195,667020
2022-04-20,2572.727783203125,2637.8915956477813,2520.979902567078,2562.8773761953144,535240
2022-04-21,2585.831787109375,2611.014842521196,2550.4864530281025,2611.014842521196,438423
2022-04-22,2581.463623046875,2620.820413978044,2554.8541858711137,2576.248638230118,356851
2022-04-25,2491.4287109375,2571.7915379727606,2481.8011635593843,2567.3343602639693,442407
2022-04-26,2467.048095703125,2537.426894870037,2448.5061911495723,2537.426894870037,448578
2022-04-27,2493.96923828125,2515.720396662655,2405.137771225984,2441.8202576951294,463052
2022-04-28,2494.28125,2529.6265820185486,2447.9266020356713,2503.150990073741,602016
2022-04-29,2534.529541015625,2561.094364234428,2487.105212744189,2549.5057019528244,680768
2022-05-02,2442.62255859375,2516.5224762439357,2433.663588078934,2495.128023736017,282493
2022-05-04,2392.434814453125,2464.0615315667665,2366.7614266370533,2460.3621610238297,372332
2022-05-05,2400.76953125,2428.2257893376855,2380.6232186797984,2423.8132269532925,226449
2022-05-06,2401.572021484375,2418.464681872279,2282.1196560693784,2340.9097879088113,649080
2022-05-09,2354.771728515625,2416.0579253860074,2332.6640823356165,2380.1330275479495,436963
2022-05-10,2362.750244140625,2388.1561607442877,2327.3602915566903,2353.3901696024336,301338
2022-05-11,2342.2021484375,2381.247066656074,2230.371609086943,2375.2298770632133,433239
2022-05-12,2239.865478515625,2337.5222878908326,2233.536416604798,2300.349468470767,314731
2022-05-13,2178.40087890625,2299.8143499821563,2166.1882561333628,2277.6176931772598,417695
2022-05-16,2208.88818359375,2224.9786396819977,2148.4044087861107,2184.462935236669,431644
2022-05-17,2295.17919921875,2304.361029439584,2208.08598449588,2217.8917761105163,361504
2022-05-18,2356.197509765625,2404.9592027232284,2311.759583406796,2317.732157362108,669942
2022-05-19,2190.83642578125,2318.445551464614,2180.183814809816,2273.1605833745757,672976
2022-05-20,2192.08447265625,2246.2837936649416,2184.2844121634257,2233.045889660016,263903
2022-05-23,2246.507080078125,2261.527640275847,2186.245942776485,2200.954631076511,295765
2022-05-24,2218.47119140625,2265.360792553301,2201.9352345942148,2250.874963579768,412184
2022-05-25,2090.1044921875,2201.489549829284,2016.472038696486,2192.9316806068005,1346883
2022-05-26,2138.598876953125,2148.3600544201404,2067.863366530293,2101.113961937042,479355
2022-05-27,2214.459716796875,2239.197055346024,2162.7564506400945,2171.5371785847733,269694
2022-05-30,2305.87646484375,2351.7853990769813,2251.766366468799,2255.1538653374096,582060
2022-05-31,2311.982666015625,2332.708542120908,2273.1606050955925,2301.6865421007133,557655
2022-06-01,2254.841552734375,2331.995341208597,2246.4621458255674,2316.840937232853,321628
2022-06-02,2303.9150390625,2326.646644207052,2255.064330361987,2255.064330361987,375883
2022-06-03,2289.251220703125,2406.8761038045172,2281.094454436624,2362.3043241044334,625250
2022-06-06,2262.552734375,2275.7014091900114,2224.666722196153,2272.269295150142,209214
2022-06-07,2234.383056640625,2255.3317906645843,2207.3279024533067,2255.3317906645843,185160
2022-06-08,2248.556884765625,2277.3502957958353,2231.798070977594,2237.5031712923756,303856
2022-06-09,2311.35888671875,2332.753341157668,2212.543163224741,2228.5890040539293,757544
2022-06-10,2235.5869140625,2297.006741429305,2221.1454828622345,2285.6409372367275,373302
2022-06-13,2108.33447265625,2177.3761179223525,2100.4451803622214,2172.4286067024864,437523
2022-06-14,2055.96240234375,2129.9069353350474,2046.7359576407273,2093.892809680203,463627
2022-06-15,2084.8447265625,2093.5362224829637,2059.706289581205,2065.0102871542626,357443
2022-06-16,2058.191162109375,2139.311801315047,2044.9532564594667,2119.833846495472,981605
2022-06-17,1955.0518798828125,2037.153184890654,1934.6827072042695,2023.558792124181,1081819
2022-06-20,1942.4827880859375,1965.259011197508,1882.7566028742901,1946.8953507796691,577009
2022-06-21,2037.06396484375,2050.301870496649,1924.8323103782125,1961.158310909838,521526
2022-06-22,2038.757568359375,2072.6321167704837,1986.1182594723582,2032.4729046665068,969838
2022-06-23,2060.018310546875,2084.7112492118517,2036.217025061084,2047.6720588500175,569468
2022-06-24,2015.2237548828125,2089.5249974566996,2007.8694113550744,2068.1305435578256,808684
2022-06-27,2084.8447265625,2094.8733757014966,2045.7998090542173,2045.7998090542173,418206
2022-06-28,2113.54931640625,2121.2603653804504,2050.3020003993242,2068.1307134462745,361325
2022-06-29,2063.361328125,2089.3914217994266,2055.427638325265,2083.775333982392,726355
2022-06-30,2044.9979248046875,2097.280536792266,2026.2331615020983,2085.0679123420186,334462
2022-07-01,1997.8406982421875,2049.8114343971088,1979.0761540005205,2031.7598644877976,332856
2022-07-04,1986.7869873046875,2018.2100905250982,1947.7866818892842,2008.315068839737,298460
2022-07-05,1975.13623046875,2029.7495517410334,1966.9897878234024,1997.8462254533733,557928
2022-07-06,2006.4022216796875,2031.569768866024,1959.2982373436512,1975.181565395141,362899
2022-07-07,2011.4541015625,2052.5505344611847,1988.8805523488277,2020.6927656336277,358481
2022-07-08,2032.343505859375,2067.796604473936,2009.76995826057,2041.2637249373877,368033
2022-07-11,2003.7174072265625,2015.686738346385,1939.6831968463068,2003.3987406188273,498479
2022-07-12,1970.5849609375,2033.4358308613287,1961.5282970036542,1999.5756188563232,443194
2022-07-13,1954.2921142578125,1996.0712135594586,1947.8750049605899,1983.0549950164582,329805
2022-07-14,1921.6605224609375,1977.2296165499176,1902.3638617052954,1969.6747299752697,528566
2022-07-15,1949.285888671875,1952.3349989136361,1884.6145737773675,1931.7641158898348,885044
2022-07-18,1965.1690673828125,2006.0834970369747,1948.9670732397208,1966.0792892759957,567322
2022-07-19,1954.0645751953125,1978.1854574688819,1940.593245556585,1964.2590168438605,591954
2022-07-20,2053.779296875,2066.1581815258955,1971.0855474079772,1984.2837651117018,817926
2022-07-21,2056.782958984375,2069.8447329735773,2017.051859397294,2066.2038451407298,645966
2022-07-22,2072.07470703125,2091.690034435685,1977.9122910481913,2061.4707102363977,1217951
2022-07-25,2113.85400390625,2131.7397760762697,2061.607131398416,2084.4082353606564,1112984
2022-07-26,1982.0537109375,2111.714774064397,1975.181491258509,2109.8943302936514,1219513
2022-07-27,2018.8267822265625,2024.1516696618442,1957.8874655286684,1990.2914566829074,679285
2022-07-28,2035.4384765625,2054.871805959151,2017.3707024447788,2043.4029193935573,595036
2022-07-29,2093.32861328125,2110.8048313473246,2058.2850660596578,2061.4708430798028,867621
2022-08-01,2098.92626953125,2124.594484179216,2086.092273318345,2120.81715196051,475779
2022-08-02,2077.8544921875,2098.926039212986,2061.9256097468556,2098.926039212986,301778
2022-08-03,2111.71484375,2118.9966190732757,2058.0117507408404,2077.1264109644394,672850
2022-08-04,2158.545654296875,2172.654093576847,2100.79211988232,2134.470329776447,1057557
2022-08-05,2179.84521484375,2193.6349890603883,2152.6749996380986,2166.3283294455287,451844
2022-08-08,2176.47705078125,2191.9963789307485,2152.2652810907953,2184.487048105715,305148
2022-08-10,2152.12841796875,2176.4768520570774,2105.1155490758406,2175.430185835589,398935
2022-08-11,2207.060791015625,2211.7030120971635,2166.965467534492,2166.965467534492,451705
2022-08-12,2160.821533203125,2209.9735225849436,2150.4450910002774,2208.3806340401625,485288
2022-08-16,2142.43505859375,2197.184823671707,2133.1052829801183,2197.184823671707,278989
2022-08-17,2188.53759765625,2201.826927197068,2137.3376122677278,2157.044051088339,554084
2022-08-18,2194.727294921875,2201.8270711376504,2141.752417687843,2188.173740808149,462934
2022-08-19,2179.2080078125,2225.4017763347706,2159.2742340287064,2205.468002550977,614666
2022-08-22,2135.653564453125,2174.5199928827437,2120.8169038998712,2174.5199928827437,688091
2022-08-23,2061.607177734375,2107.5278310355543,2016.232746496437,2102.6127213550158,911999
2022-08-24,2021.056640625,2088.231062045705,2011.590421647283,2070.7548458133792,591632
2022-08-25,1996.0711669921875,2043.4482636061964,1991.5656128153041,2038.715153943388,362956
2022-08-26,1971.5863037109375,2032.4800634151034,1963.212306196387,2022.1036220504452,537381
2022-08-29,1899.90625,1929.6249066730581,1876.9231466175067,1888.710475987069,582186
2022-08-30,1939.6373291015625,1956.0213234345256,1902.4548975180971,1953.3362132521636,549308
2022-09-01,1906.551025390625,1945.8725700118266,1894.1719177218392,1927.8501305789791,532533
2022-09-02,1886.753662109375,1926.8034279977423,1884.2049961993202,1926.2572059376748,524466
2022-09-05,1904.5482177734375,1909.8275492464657,1884.3868915444543,1886.8900017735316,392956
2022-09-06,1876.0130615234375,1922.1157160493613,1870.5517296282994,1911.466163298275,590972
2022-09-07,1896.85693359375,1904.3662644648434,1852.3016148696927,1870.5060533450705,457584
2022-09-08,1908.371337890625,1944.7802141474554,1894.6724537545635,1931.4908854248542,371054
2022-09-09,1952.2894287109375,1964.2587571793174,1904.184114930089,1931.2632150348547,348807
2022-09-12,1966.6256103515625,1983.2371607388134,1948.9216158597562,1971.5407199334495,538099
2022-09-13,1958.888671875,1986.1042182406766,1950.7420079592189,1984.2837744109418,384532
2022-09-14,1902.045166015625,1914.879384109928,1888.9836146611067,1888.9836146611067,687260
2022-09-15,1908.416748046875,1921.7971883877133,1885.1151996375995,1911.5571915281864,226664
2022-09-16,1835.3260498046875,1902.8190312060117,1822.4009422552783,1902.363920220313,582948
2022-09-19,1846.0667724609375,1856.8528809442053,1812.3430028993553,1842.243773392343,443410
2022-09-20,1886.753662109375,1925.1194284976646,1852.6657833400152,1852.6657833400152,526606
2022-09-21,1888.8016357421875,1907.55207436455,1865.9549761694948,1879.5627497220075,363504
2022-09-22,1873.873779296875,1909.5544332983875,1861.449339262592,1867.4566704635718,402091
2022-09-23,1838.1475830078125,1890.4397870454611,1830.001141396287,1848.6606904629987,472795
2022-09-26,1859.4013671875,1879.1531382431317,1803.6502750502311,1824.994934452642,569497
2022-09-27,1868.4581298828125,1896.9936772404744,1836.8734722900094,1866.86524145154,520323
2022-09-28,1895.537109375,1910.5557707457983,1858.6731223739496,1866.4100085346638,602215
2022-09-29,1889.5751953125,1919.2029639574596,1867.0927577983111,1912.3307438536128,1543877
2022-09-30,1900.224853515625,1916.0172939723875,1867.775528375933,1867.775528375933,891735
2022-10-03,1826.1783447265625,1909.5545421044503,1820.534901963744,1900.5889892204389,693743
2022-10-04,1882.3389892578125,1891.5323198253516,1844.3827784546368,1856.8527747030646,835622
2022-10-06,1931.53662109375,1939.2735080198445,1888.7561875024028,1892.3515199236256,1035068
2022-10-07,1928.259765625,1947.693094356669,1896.4475509356678,1945.872650343292,449791
2022-10-10,1935.5870361328125,1941.503478989555,1882.3390504221284,1893.2617141576534,329230
2022-10-11,1905.82275390625,1960.2540706908362,1893.261646614091,1945.7814084242914,601969
2022-10-12,1900.1793212890625,1916.017093409864,1862.3140014805615,1902.3637649532616,481258
2022-10-13,1899.2691650390625,1916.74538162314,1874.1469509217227,1891.4411675645167,217471
2022-10-14,1916.6544189453125,1956.977297947454,1908.7355319980516,1946.05463395891,578289
2022-10-17,1912.3306884765625,1922.388685084907,1895.2640275649424,1911.46602210147,321142
2022-10-18,1925.1195068359375,1940.5932806497487,1916.9275089345078,1922.1157298276469,311138
2022-10-19,1920.0677490234375,1934.6313009898201,1917.6101940735439,1926.9399695520078,149644
2022-10-20,1954.610595703125,1957.8874837279366,1885.5703916859982,1911.4661626353636,418957
2022-10-21,1859.5379638671875,1938.7728322786909,1849.8896330273597,1929.6706124088378,1176766
2022-10-24,1855.0323486328125,1880.5185634324782,1844.4737961523097,1866.9563451600905,52373
2022-10-25,1851.755615234375,1870.5061657687704,1838.6483965221003,1869.595943790294,335214
2022-10-27,1793.0916748046875,1870.7336511011702,1784.945232847291,1870.7336511011702,691102
2022-10-28,1772.9757080078125,1804.0598081556143,1755.3629364420292,1793.1371453413522,837372
2022-10-31,1800.8741455078125,1811.0685870020657,1783.1248173109957,1784.0350392698067,378914
2022-11-01,1830.7296142578125,1834.5525023412033,1799.599954150292,1809.8855075386396,426274
2022-11-02,1853.348388671875,1858.627609152743,1823.174509735859,1837.738060487618,312704
2022-11-03,1811.0684814453125,1828.6358086709004,1803.1495953096335,1824.9949210478624,466764
2022-11-04,1792.9552001953125,1814.6639709798283,1780.3940931306356,1811.3416387167508,294554
2022-11-07,1803.1953125,1809.4303108911856,1776.2526527853372,1797.9615360726914,431966
2022-11-09,1774.6142578125,1817.3946897221983,1766.7408156749889,1807.6098037002994,464504
2022-11-10,1755.0445556640625,1779.301993967095,1742.2104478022452,1764.9204420526096,425487
2022-11-11,1844.7012939453125,1851.3914028987642,1786.72009042289,1788.6770897917286,1345942
2022-11-14,1852.665771484375,1877.7878749768277,1842.289219075666,1864.1345457840732,529228
2022-11-15,1832.868408203125,1865.9549530756913,1808.884082613855,1847.750514509099,505605
2022-11-16,1853.62158203125,1856.5343591522326,1820.4440339568214,1833.187142194519,476391
2022-11-17,1795.458251953125,1855.077786358752,1788.586032168811,1839.1033475812126,519462
2022-11-18,1773.6585693359375,1809.020671860736,1762.189794342906,1800.4191183937335,449785
2022-11-21,1752.541259765625,1776.7531399629884,1749.4920386380052,1774.068029815772,428671
2022-11-22,1751.221435546875,1761.0063212819027,1728.0563319023324,1752.1772130165868,720683
2022-11-23,1729.1031494140625,1773.1123584711488,1727.6012609744562,1758.5488072722071,586691
2022-11-24,1766.9683837890625,1773.2943819807333,1730.377505359923,1737.7502810301432,717399
2022-11-25,1810.93212890625,1820.3983483174568,1757.1834782003675,1774.9328062629975,582576
2022-11-28,1831.048095703125,1840.9239821117676,1796.7782154208303,1811.1142118204646,353028
2022-11-29,1823.7662353515625,1838.648342036424,1815.3466823001581,1826.360345691131,261501
2022-11-30,1836.1451416015625,1850.0260256810884,1799.554265390454,1825.9051451494531,638173
2022-12-01,1943.505859375,1953.3363008601063,1856.8527743497748,1863.2243279872496,1799183
2022-12-02,1963.66748046875,1973.361255681827,1942.1405972752696,1966.0794798306026,720904
2022-12-05,1944.1885986328125,1981.507699906797,1922.5708265533704,1970.5850361192893,358098
2022-12-06,1907.4613037109375,1936.9524074925398,1893.3073072286709,1934.085297094,552477
2022-12-07,1884.386962890625,1905.8227339265657,1869.1407454635423,1905.8227339265657,617199
2022-12-08,1893.671142578125,1899.6331405782746,1871.4618166945309,1899.6331405782746,282639
2022-12-09,1817.986328125,1910.3738551833176,1798.1890008982177,1906.9149673613342,584153
2022-12-12,1819.442626953125,1839.1943982686935,1778.8011958053835,1817.2580721122927,407461
2022-12-13,1810.294921875,1837.6925806329116,1804.9245900918954,1829.000027586595,559205
2022-12-14,1821.2176513671875,1849.5710886541565,1806.7906550091047,1827.7257608354066,456721
2022-12-15,1786.174072265625,1819.5337299060793,1781.805073447757,1809.5668437139577,456609
2022-12-16,1741.3912353515625,1800.4646651644514,1729.194238372566,1769.9266727282297,1423859
2022-12-19,1750.4024658203125,1755.9092422671142,1725.8264717602783,1748.5364662713207,323348
2022-12-20,1775.5699462890625,1783.488944067302,1731.2421809479195,1750.4023977945353,357921
2022-12-21,1783.443359375,1804.0599088093916,1773.1123624423283,1784.490136841984,297312
2022-12-22,1810.568115234375,1815.2557807610247,1787.22089869008,1808.6111157103076,399957
2022-12-23,1747.12548828125,1805.880359961318,1733.0626035112648,1805.880359961318,302970
2022-12-26,1744.6678466796875,1764.0100622748062,1738.5238487847676,1747.1254013932264,337990
2022-12-27,1767.651123046875,1774.9328990429487,1742.3924625604946,1753.3606820990142,240021
2022-12-28,1766.1947021484375,1776.4801435642303,1744.1672641901937,1760.3692594193533,337565
2022-12-29,1758.184814453125,1767.4691456331789,1743.2571512485745,1749.3557053897155,556989
2022-12-30,1795.6859130859375,1822.1733496925276,1774.932808115844,1780.485139806196,652304
2023-01-02,1792.5911865234375,1807.4732936483954,1759.1405288164863,1806.7906271645802,315327
2023-01-03,1824.35791015625,1835.9176845485895,1786.9932544323344,1792.6821416551547,390461
2023-01-04,1826.2237548828125,1836.2817516969742,1795.8678756090512,1826.8154213620708,468753
2023-01-05,1832.640869140625,1836.8278678262398,1802.740100749316,1834.0972020167853,378231
2023-01-06,1800.1458740234375,1847.750525605386,1790.9072102842713,1829.546086929471,596221
2023-01-09,1819.9888916015625,1846.7948850954465,1808.4745610628868,1812.2064490460043,335236
2023-01-10,1810.203857421875,1815.8927444659412,1778.5736454568669,1811.3416348306882,259070
2023-01-11,1846.8404541015625,1867.775560284084,1798.4621321575623,1810.20401828215,678584
2023-01-12,1833.5511474609375,1866.1370271224998,1813.071153260247,1856.8528075292852,334707
2023-01-13,1852.5291748046875,1859.2648392789868,1785.9464186986927,1843.1994000636246,624989
2023-01-16,1856.76171875,1868.8220480913956,1837.738058380116,1861.358272784108,259852
2023-01-17,1858.2181396484375,1864.453248991179,1844.655810161582,1857.7630286664025,151554
2023-01-18,1863.2698974609375,1872.0534504379839,1854.9867887814248,1859.5834540986893,239104
2023-01-19,1881.7474365234375,1885.6612131292613,1845.7935584006946,1852.3016675629965,224500
2023-01-20,1842.8809814453125,1864.4986426808316,1783.98955179655,1855.9882003745217,1260169
2023-01-23,1873.9649658203125,1878.9711864670812,1819.5336496164698,1844.1096418824252,416099
2023-01-24,1927.1219482421875,1951.242830920345,1870.7337405390028,1880.0635159145168,953857
2023-01-25,1884.159423828125,1933.1749643948342,1872.8727606128955,1927.8500771342844,388559
2023-01-27,1886.3438720703125,1919.6125286422564,1858.9007692862738,1901.4536452633251,453614
2023-01-30,1926.803466796875,1934.2216869662577,1869.2319271730557,1884.1594785977193,630496
2023-01-31,1886.7081298828125,1932.0372280974254,1882.339020014749,1929.6250065615,434683
2023-02-01,1886.1162109375,1911.4659796034794,1860.812108921773,1897.8126511777402,196539
2023-02-02,1907.643310546875,1920.5684184922948,1884.2050940652748,1909.6457545008695,324450
2023-02-03,1899.90625,1925.0737970923662,1890.2578088000746,1922.3886868841878,267860
2023-02-06,1906.551025390625,1915.4710229101931,1871.0068130523737,1900.3159160133443,167480
2023-02-07,1903.41064453125,1929.3519715056293,1899.4513121684613,1906.551088205883,186256
2023-02-08,1935.8599853515625,1956.885977951582,1916.1535478426886,1916.699769872671,396080
2023-02-09,1948.011474609375,1951.8799180104766,1915.1070390394582,1935.1319225275136,135845
2023-02-10,1960.026611328125,1963.348832703221,1934.3581734288205,1947.8750588710677,193468
2023-02-13,1937.4986572265625,1969.8568718684471,1911.375107790792,1969.8568718684471,243747
2023-02-14,1958.9342041015625,1973.3613118059861,1935.860209550048,1937.498653607605,245721
2023-02-15,1964.8961181640625,1977.0021147846621,1932.8107937873779,1957.022787028577,232991
2023-02-16,2059.422607421875,2067.6146045343353,1970.6304164973906,1974.7264150536207,1188258
2023-02-17,2035.7568359375,2059.650160824801,2014.2299546581312,2043.4481665520311,523265
2023-02-20,2041.718994140625,2053.233213196763,2011.5905579806476,2025.7445540886995,440065
2023-02-21,2011.8636474609375,2084.408293402614,2007.0394266169276,2051.9589693395983,442832
2023-02-22,2002.4881591796875,2010.1794897102905,1970.6303930109198,1990.2912747353587,317563
2023-02-23,1987.0601806640625,2009.2695085653554,1968.4006296723296,2002.4883991127933,331969
2023-02-24,2000.622314453125,2011.5905335260584,1967.3083240185224,1997.026982152114,317547
2023-02-27,1856.71630859375,1957.8875052504568,1840.3778682779575,1956.9772832582437,1287017
2023-02-28,1852.665771484375,1898.7229797390512,1841.9251080749773,1864.9992121885166,1527840
2023-03-01,1875.4212646484375,1894.1719261847823,1846.2032726426994,1852.301715418564,258083
2023-03-02,1863.4063720703125,1891.0316977417199,1832.094825199062,1859.5834842417073,529211
2023-03-03,1892.5335693359375,1903.774900111199,1855.03246675856,1868.640241439759,351099
2023-03-06,1946.4642333984375,1952.9268986265638,1897.8129108945209,1897.8129108945209,488708
2023-03-08,1952.3349609375,1956.7951818012834,1897.8127553209774,1928.305190478413,306958
2023-03-09,1915.9261474609375,1961.4828017819946,1910.1919267926583,1956.021469928653,145057
2023-03-10,1855.89697265625,1892.1694057082648,1849.5709746431166,1879.9269651089205,474820
2023-03-13,1785.6278076171875,1882.2477731585914,1777.6633660131859,1863.3152243551501,459395
2023-03-14,1726.41796875,1799.3722819816187,1716.9971935680076,1794.5936166316578,1046921
2023-03-15,1728.830078125,1752.1772938996978,1720.3195249197033,1738.523964336843,531708
2023-03-16,1734.018310546875,1741.1179748456116,1695.697878883331,1728.8299789439905,333657
2023-03-17,1717.042724609375,1759.3680456764885,1708.031504998677,1750.5843815553987,1416238
2023-03-20,1659.6531982421875,1711.1717392570272,1647.5473127700927,1687.369523752799,605197
2023-03-21,1631.390869140625,1664.613970798501,1625.4744263796335,1659.3346389673382,596353
2023-03-22,1637.8079833984375,1671.9413094388267,1631.2544292431176,1645.681426160638,735379
2023-03-23,1622.789306640625,1637.4894144904245,1605.2220883158009,1637.4894144904245,360986
2023-03-24,1581.4195556640625,1649.3220873699947,1572.0897811632112,1628.386983611987,450064
2023-03-27,1569.9052734375,1609.7730384075498,1565.6727192416745,1588.4282674868912,542919
2023-03-28,1519.2515869140625,1560.0750232442156,1512.060810565563,1558.8462457106764,807937
2023-03-29,1563.943359375,1592.478907296422,1520.070704445613,1520.070704445613,3001937
2023-03-31,1634.531005859375,1640.6294482529006,1577.3690250830682,1577.3690250830682,748058
2023-04-03,1636.260498046875,1654.7834923646044,1610.6832836709357,1649.3221607066355,314524
2023-04-05,1652.64453125,1662.975528319754,1626.5666497577452,1639.8558682106625,400995
2023-04-06,1633.029052734375,1662.2927083994596,1607.7703955636234,1643.5421598931155,248868
2023-04-10,1649.049072265625,1655.6937369849272,1626.065967890216,1638.3539642889496,235546
2023-04-11,1637.534912109375,1681.817122940861,1629.342914216607,1655.238685333202,537815
2023-04-12,1657.150146484375,1661.382700995115,1627.4769315870515,1644.7255939958477,268871
2023-04-13,1612.0487060546875,1647.4562527134558,1597.9857095882699,1642.04047629649,598354
2023-04-17,1580.64599609375,1592.8428815229888,1511.0140158448812,1592.8428815229888,1218305
2023-04-18,1623.654052734375,1628.387162703613,1578.0973970583507,1587.4271725852998,390524
2023-04-19,1623.881591796875,1632.2100341477578,1601.9907084108054,1631.1178122000929,307190
2023-04-20,1600.170166015625,1637.4892654505743,1596.6202782374025,1624.7461583264453,252068
2023-04-21,1601.945068359375,1604.67573419557,1570.132855812134,1574.7295210808265,410227
2023-04-24,1602.2637939453125,1610.1371251741448,1578.4159114308407,1606.5417928018253,482497
2023-04-25,1601.8087158203125,1614.642823764251,1579.0986103135508,1601.990715775399,513355
2023-04-26,1601.9906005859375,1610.637708941373,1587.24504972952,1598.1221573742953,463884
2023-04-27,1623.881591796875,1644.4525866258425,1594.4813769651298,1594.4813769651298,504125
2023-04-28,1651.5521240234375,1678.1761152757094,1593.7985874437077,1593.7985874437077,1043873
2023-05-02,1693.968505859375,1710.3069444661262,1657.5140744400298,1660.1991845917562,799693
2023-05-03,1686.09521484375,1691.647546689225,1644.4070037927172,1660.2448884375285,414566
2023-05-04,1679.2684326171875,1694.9242051052713,1673.0334347238374,1690.2820955626128,209106
2023-05-05,1656.6038818359375,1685.730983055031,1649.7772174877125,1679.3594296633544,203833
2023-05-08,1684.6387939453125,1693.0127912641242,1665.0690224333885,1673.8981307175936,359581
2023-05-09,1693.19482421875,1706.6205979596284,1672.214274971685,1684.8208267366672,414152
2023-05-10,1698.292236328125,1710.6712331913507,1684.320239868557,1702.1151242483136,589666
2023-05-11,1704.117431640625,1720.2738706965538,1695.788989973893,1714.8580947250523,171687
2023-05-12,1686.049560546875,1709.3512196045956,1677.0838968078647,1706.8481093108526,276950
2023-05-15,1697.6094970703125,1703.9354951961877,1677.2205031107067,1683.9561677818815,208388
2023-05-16,1711.353759765625,1728.7389761611157,1694.150543309136,1706.5750947005488,299566
2023-05-17,1693.6044921875,1720.319484177243,1674.444275710301,1711.3538201988524,296129
2023-05-18,1695.01513671875,1711.1715750527885,1683.9104742518948,1702.0239118457912,244990
2023-05-19,1735.338134765625,1754.6803510592363,1682.5908175999496,1695.0152582361604,737768
2023-05-22,1792.0450439453125,1797.4152646343925,1736.24839320801,1742.8930579776938,596977
2023-05-23,1769.6990966796875,1815.8928624796072,1761.2795433072881,1802.2395326865276,436514
2023-05-24,1772.930419921875,1779.3474182244815,1739.6617620552736,1764.0102000591864,314938
2023-05-25,1760.2783203125,1781.3044259592973,1744.8499909887173,1781.3044259592973,199824
2023-05-26,1797.415283203125,1813.5717232019826,1769.4715131143219,1772.7028455585255,576992
2023-05-29,1791.1802978515625,1820.4439566773674,1784.535744076339,1804.2419610185063,379011
2023-05-30,1797.5972900390625,1806.9725091380333,1784.7631832034933,1798.1434009682428,277684
2023-05-31,1772.0655517578125,1797.6883214477514,1757.9571117667035,1788.7681020412003,1212827
2023-06-01,1799.827392578125,1841.3790477867299,1779.4839537434784,1779.4839537434784,778642
2023-06-02,1836.5093994140625,1850.2992846276086,1801.0107422086592,1817.713293312575,650822
2023-06-05,1808.9295654296875,1856.852773195402,1799.7819015225039,1843.19944398073,575415
2023-06-06,1742.5289306640625,1772.7028106562568,1724.870602537244,1772.7028106562568,906257
2023-06-07,1737.38623046875,1760.369335809594,1732.3800095034178,1751.221560328508,489623
2023-06-08,1696.5172119140625,1737.386200959102,1693.012879520068,1734.8830905189513,589171
2023-06-09,1686.8687744140625,1706.5295456775316,1677.538999727569,1702.114991584674,374786
2023-06-12,1720.27392578125,1723.0501471664406,1683.9106034114711,1690.2366015041805,325236
2023-06-13,1727.828857421875,1742.1648534731823,1721.2297481284158,1729.330745897085,215275
2023-06-14,1708.714111328125,1727.7377718120301,1704.61811265934,1720.3194408896823,219687
2023-06-15,1706.757080078125,1723.5507409730453,1701.3413041616736,1711.2171896563589,259571
2023-06-16,1693.058349609375,1722.1398959017636,1685.822018580986,1688.461684406856,666741
2023-06-19,1704.89111328125,1710.306888948181,1687.6878977641347,1699.3842265387195,263493
2023-06-20,1715.313232421875,1719.4092311196189,1687.8245744947794,1704.891235735379,589667
2023-06-21,1708.259033203125,1719.3182520436528,1702.1150350818402,1711.2172545207807,249164
2023-06-22,1688.5072021484375,1702.0694197471614,1684.0015370177982,1698.1555321925568,517032
2023-06-23,1666.661865234375,1690.282079247934,1662.3383111813714,1688.279635499393,347429
2023-06-26,1651.142578125,1673.9436818759523,1645.3171355609988,1663.885685122657,1020207
2023-06-27,1674.125732421875,1676.6288428006492,1650.5965170836148,1654.783515858621,443340
2023-06-28,1682.818359375,1687.5514689967956,1669.3470302805413,1687.5514689967956,487241
2023-06-30,1724.9161376953125,1749.4465746171313,1684.183705742078,1706.6661432919466,937648
2023-07-03,1732.470947265625,1753.8611633493533,1721.411728217141,1744.8954992556235,543978
2023-07-04,1743.57568359375,1749.355570697106,1729.4216879662272,1740.3443512586455,442884
2023-07-05,1758.9969482421875,1761.2399390177857,1731.8462636646038,1752.3144101598318,617494
2023-07-06,1759.651123046875,1767.5485953981065,1749.7908626466044,1754.8378200358943,375110
2023-07-07,1754.744384765625,1774.5582304519914,1739.7437280112354,1750.351728079862,437357
2023-07-10,1761.3802490234375,1768.7169741277069,1729.0425039299116,1757.0810310206668,434173
2023-07-11,1784.044677734375,1788.2037942625432,1757.0809843822772,1761.7540721066982,449393
2023-07-12,1779.51171875,1793.6244201722766,1765.9597650095193,1779.6985966142486,319792
2023-07-13,1796.5216064453125,1826.9902264117081,1777.4087253381065,1780.4462320331763,795780
2023-07-14,1934.2376708984375,1943.0697605379905,1808.4848420591686,1813.15792950635,2663627
2023-07-17,1984.893798828125,2054.2891441197025,1944.0510621170495,1958.8646117135172,2680349
2023-07-18,1984.5667724609375,2003.7264318310558,1953.303861709707,1997.2308856314423,720149
2023-07-19,2027.93310546875,2032.7930708531003,1967.4166220950772,1986.062195661075,690457
2023-07-20,2069.149658203125,2075.738757424633,2018.773864612058,2029.054657441101,936054
2023-07-21,2178.453369140625,2196.3512036351744,1974.0057836958613,1976.7628597839519,3363261
2023-07-24,2124.011962890625,2178.4534358827173,2073.869593777305,2178.4534358827173,1341158
2023-07-25,2119.80615234375,2149.6203608600863,2105.3661286815695,2124.01193131065,465020
2023-07-26,2107.048583984375,2165.088427700523,2098.5902491438173,2126.2550211295434,460927
2023-07-27,2131.81591796875,2170.1820151644515,2107.0485521626097,2107.0485521626097,317414
2023-07-28,2103.216796875,2148.825952983583,2071.8135544013658,2148.825952983583,303060
2023-07-31,2144.900390625,2149.6202546458208,2102.468847304536,2107.515690544203,264781
2023-08-01,2144.573486328125,2169.247297972205,2126.722200144659,2144.9472420707502,777930
2023-08-02,2063.63525390625,2139.386041085843,2040.2698185132897,2139.386041085843,862983
2023-08-03,2090.412109375,2095.599282059369,2051.719036715023,2065.5046446373763,390088
2023-08-04,2115.646728515625,2129.993197841653,2097.281586641803,2107.5623787331842,233173
2023-08-07,2177.798828125,2189.2946687560375,2112.2355032231826,2117.375899359345,462263
2023-08-08,2187.14501953125,2224.389617635589,2169.1070845861786,2192.145314354737,692715
2023-08-09,2208.78173828125,2213.8285818639306,2150.4149169487696,2180.4627804097013,551091
2023-08-10,2195.322998046875,2223.3615236033243,2171.6305808585385,2203.7813322253583,314682
2023-08-11,2177.33154296875,2214.1088324488805,2155.227930615077,2196.351100149797,226666
2023-08-14,2212.753662109375,2220.3707033059877,2135.60094344049,2145.8817357283874,358483
2023-08-16,2163.0322265625,2231.35263282749,2151.7700394053877,2212.7538347810887,742798
2023-08-17,2186.911376953125,2197.4726002420352,2154.8541795391543,2158.9664052302583,255090
2023-08-18,2141.25537109375,2180.2756499344027,2107.562366123868,2180.2756499344027,641460
2023-08-21,2165.415283203125,2210.8377868354783,2075.785552551933,2142.1433977708375,701721
2023-08-22,2213.6416015625,2218.081034793415,2173.453048103692,2186.911449153539,505599
2023-08-23,2200.276611328125,2228.128260216454,2187.5191729215376,2214.1089968342194,207669
2023-08-24,2302.803955078125,2311.2622890450334,2203.968154963897,2218.7819335335817,1525452
2023-08-25,2235.69873046875,2328.132314803305,2229.1096311119863,2292.616847937578,510770
2023-08-28,2178.1728515625,2252.4281660053553,2170.4154807078576,2247.614977170816,647164
2023-08-29,2159.901123046875,2189.0611444986885,2150.7886020820515,2173.9203860696803,569342
2023-08-30,2211.1650390625,2227.8946020658123,2171.2101384905804,2175.7896732498,534401
2023-08-31,2269.9990234375,2293.5513387375713,2198.6876627465917,2211.1648976087636,1054296
2023-09-01,2274.111328125,2287.4296279261216,2257.5686434813338,2281.9154757709352,319368
2023-09-04,2329.4404296875,2345.749686652506,2251.7270803722645,2275.8870326075435,751782
2023-09-05,2357.011962890625,2385.144043071136,2320.9826380426834,2344.9554874864734,787166
2023-09-06,2313.87939453125,2368.834951990941,2291.5421264046167,2357.0119031015147,381201
2023-09-07,2307.056396484375,2335.749106534748,2292.1960703156346,2308.505099166028,207780
2023-09-08,2304.90673828125,2322.5243685249993,2283.0835576810373,2308.4583302349342,198731
2023-09-11,2314.533447265625,2327.1040069236806,2296.2150812909954,2305.6545810730663,147558
2023-09-12,2306.82275390625,2324.627262037319,2249.297003987429,2307.103184778017,314442
2023-09-13,2285.2333984375,2305.421000042268,2259.624741381622,2303.785419375816,192012
2023-09-14,2300.9814453125,2352.9462681569685,2287.8968006717582,2287.8968006717582,256894
2023-09-15,2330.1416015625,2363.2271990017493,2308.5052970336105,2308.5052970336105,618418
2023-09-18,2321.58984375,2336.5437235809177,2294.485936556461,2318.832767791794,211576
2023-09-20,2320.374755859375,2334.4407944713903,2291.5419437083024,2309.393000545577,234752
2023-09-21,2325.421875,2331.870644428784,2295.794317937123,2307.38371175417,187645
2023-09-22,2323.459228515625,2332.431648263841,2287.1026971041438,2305.7950480978334,172477
2023-09-25,2330.375244140625,2355.2361615616855,2311.589568806461,2317.8514605845157,565639
2023-09-26,2281.822021484375,2329.534294086136,2256.1668148140147,2329.534294086136,435785
2023-09-27,2308.50537109375,2313.5989911554793,2275.7937565235957,2281.4482383920595,217869
2023-09-28,2229.810302734375,2317.150255642592,2211.304832046132,2305.4675378063384,301535
2023-09-29,2221.2119140625,2257.8020958125044,2189.154490020024,2241.5863918485875,317769
2023-10-03,2224.15576171875,2229.062503077726,2173.9200763768513,2221.211808174595,275795
2023-10-04,2268.59716796875,2299.159115453177,2191.4444455117223,2212.2396854787276,591301
2023-10-05,2309.626708984375,2317.89816508986,2261.821115366163,2280.5602417844516,495274
2023-10-06,2328.132080078125,2333.2724760799033,2295.887777885152,2316.8698941113385,551243
2023-10-09,2313.17822265625,2335.609041785038,2293.5512559185604,2300.6544399139134,365316
2023-10-10,2318.038330078125,2329.0668624621626,2293.317742281915,2315.094376158053,232512
2023-10-11,2302.9912109375,2379.4427444733738,2298.224570130806,2320.6553914740916,571092
2023-10-12,2295.280517578125,2341.123324188217,2285.1398262598814,2303.878953088349,353126
2023-10-13,2220.838134765625,2300.514279399581,2196.3512010533327,2266.1203085729967,721304
2023-10-16,2205.22998046875,2230.277774981913,2194.4818792712967,2205.6972892164654,332215
2023-10-17,2140.97509765625,2216.8192186189062,2137.8440376729486,2214.996760078852,756678
2023-10-18,2107.749267578125,2152.4240281710054,2094.8049525569872,2142.1432360260287,428758
2023-10-19,2112.8896484375,2158.9663349002094,2082.6081339724738,2103.4033724796295,676044
2023-10-20,2027.886474609375,2165.976220720003,1994.193465540329,2060.831743986022,1454070
2023-10-23,1982.4637451171875,2067.3270565963667,1973.0242456251447,2029.9891344957489,1011372
2023-10-25,1988.4923095703125,2021.5309017087936,1983.2583602324821,1990.7353003276094,460043
2023-10-26,1967.697021484375,1981.3422999151617,1933.8171375124814,1972.0896780464905,751490
2023-10-27,1976.061767578125,2004.7544783458713,1968.6316043079862,1972.9307077742726,348807
2023-10-30,2004.707763671875,2012.4183580571923,1966.4352226312826,1987.9314251600467,526663
2023-10-31,1984.5667724609375,2024.4283470329513,1979.0993968158416,2017.8392478090693,101591
2023-11-01,2002.0908203125,2022.0449955471956,1983.3984699954472,1995.034640610296,136042
2023-11-02,2044.66259765625,2051.485350836793,2018.7737393200332,2027.1852965671999,258257
2023-11-03,2065.691650390625,2070.17786023805,2048.6816567231626,2056.158597076167,190656
2023-11-06,2048.401123046875,2077.561143324881,2039.38215546983,2074.850843854149,584057
2023-11-07,2058.30810546875,2063.63537942676,2040.5503734899871,2048.6814998656964,116702
2023-11-08,2039.5220947265625,2073.3551998017474,2033.8210653534147,2065.5045047201975,651524
2023-11-09,2050.2236328125,2055.5976835560014,2038.447588959691,2044.8963585806503,80818
2023-11-10,2058.21484375,2061.766436284029,2031.2978110948914,2044.3824575626957,279561
2023-11-13,2010.7359619140625,2069.7571928799757,2003.9134368297605,2064.570020213038,616964
2023-11-15,2120.69384765625,2123.9650088501735,2065.551416101539,2072.0001854697493,1140405
2023-11-16,2210.88427734375,2237.474097232894,2104.758423963441,2120.6936965655655,996633
2023-11-17,2173.359619140625,2215.6978409531034,2161.4432450511126,2210.8846517097636,232706
2023-11-20,2195.837158203125,2214.0154239232083,2163.172320451502,2177.425238095436,369610
2023-11-21,2183.360107421875,2216.6791311610205,2167.751812097523,2212.6602301384514,261045
2023-11-22,2198.173828125,2226.2123562454185,2177.6590173525187,2182.3321053725886,336105
2023-11-23,2198.547607421875,2220.8848748072955,2182.33190223042,2200.977476059252,445931
2023-11-24,2167.751953125,2210.090175707745,2137.470434394336,2196.538220614296,118966
2023-11-28,2149.43359375,2182.2853109908906,2124.759552299157,2182.2853109908906,561736
2023-11-29,2191.5380859375,2220.9785391997502,2154.9944479185083,2160.789031178947,399458
2023-11-30,2200.697021484375,2213.641565226966,2175.9764340609904,2196.2575883263307,572518
2023-12-01,2219.9033203125,2229.0626169527873,2187.004831727263,2212.192726354487,249951
2023-12-04,2216.258544921875,2245.138134681269,2207.5197799407165,2224.389671615268,344086
2023-12-05,2190.64990234375,2227.8477250798774,2173.499807848746,2210.417199694726,327395
2023-12-06,2228.455322265625,2247.661529303926,2196.95853004566,2197.285737441147,698387
2023-12-07,2239.5771484375,2259.5313230135444,2187.0049149061033,2231.8665541862283,584528
2023-12-08,2268.363525390625,2294.4860397595985,2244.951310591672,2252.4282508434344,529468
2023-12-11,2274.111328125,2309.393139878848,2263.643657425705,2279.5321554340608,484192
2023-12-12,2274.017822265625,2303.5048204444033,2264.06400945762,2286.0742961704314,270763
2023-12-13,2267.054931640625,2285.980936717188,2228.1282025939004,2285.139872207251,290960
2023-12-14,2430.940185546875,2448.6979185439495,2299.3927687396,2300.1872849080805,2057224
2023-12-15,2485.054443359375,2502.7188514703153,2408.5093594129535,2430.005562465533,1714328
2023-12-18,2504.82177734375,2542.112925823688,2435.3796486626948,2485.054479516145,1133495
2023-12-19,2499.681396484375,2513.8875375092753,2454.7262013729237,2504.82179297338,583786
2023-12-20,2452.24951171875,2545.570934834906,2429.070951425433,2504.7749710735516,700630
2023-12-21,2471.4560546875,2478.5122347761985,2400.051135658369,2406.6402351416614,214168
2023-12-22,2559.356689453125,2583.469868649474,2463.6519405453723,2486.0827624623257,581801
2023-12-26,2536.5986328125,2572.8150603849854,2518.1867139790106,2565.524998360582,555288
2023-12-27,2560.571533203125,2577.9087335591375,2522.906402110264,2555.9452221882902,617837
2023-12-28,2550.150634765625,2560.478203814738,2528.747757028991,2537.486521957803,567882
2023-12-29,2560.6181640625,2606.18076484653,2529.121601566388,2552.440261357674,428126
2024-01-01,2557.907958984375,2593.563524820123,2543.094180553353,2560.8519127953646,252020
2024-01-02,2498.559814453125,2570.852342026454,2480.334772987531,2557.11351024955,355638
2024-01-03,2410.09814453125,2485.101200241837,2402.901635288721,2479.540271653433,646613
2024-01-04,2428.74365234375,2468.3247943690712,2412.715053640196,2422.481760788051,535052
2024-01-05,2465.100341796875,2506.6440425032665,2431.82786875341,2431.82786875341,395701
2024-01-08,2411.12646484375,2462.6237563027858,2391.3591662319977,2448.6980457110203,380035
2024-01-09,2388.462158203125,2471.7832296308566,2380.844887521743,2452.06293431173,268767
2024-01-10,2392.06005859375,2410.3786537867554,2353.366983418011,2396.3593905813264,474287
2024-01-11,2410.191650390625,2427.855829838273,2394.3031529186087,2411.2663692424917,274861
2024-01-12,2504.401123046875,2558.9826933130653,2440.5667027022405,2448.6978292477106,1571702
2024-01-15,2454.16552734375,2582.208128688813,2427.0616190298315,2546.832763980266,1442698
2024-01-16,2433.27685546875,2466.4090028526643,2417.1079257925617,2442.1557224274416,691337
2024-01-17,2455.239990234375,2470.474299989071,2383.2276715696153,2387.9475352298546,379998
2024-01-18,2349.721923828125,2444.0247373359275,2318.4122379004943,2444.0247373359275,692100
2024-01-19,2382.386962890625,2404.16359791133,2350.563188990537,2376.638927927177,435734
2024-01-23,2367.572998046875,2430.0054924895335,2347.1982909742273,2430.0054924895335,293638
2024-01-24,2397.994873046875,2430.005522721183,2338.413006864769,2367.5730275018027,234273
2024-01-25,2357.47900390625,2415.8925955049626,2329.3471550991653,2406.593197358066,534988
2024-01-29,2413.836669921875,2427.5755020957918,2350.656661255625,2357.479186741003,557540
2024-01-30,2433.27685546875,2466.1285719446605,2406.640254592676,2428.9775233543464,1047150
2024-01-31,2428.603515625,2431.92145330621,2385.0037015647367,2417.85541463224,300418
2024-02-01,2430.145751953125,2458.044177328268,2390.7517131580644,2424.397945243166,558575
2024-02-02,2392.8076171875,2464.8667158814637,2355.2828167852954,2359.909127657361,2414696
2024-02-05,2337.151123046875,2392.620762063612,2329.113549581176,2392.620762063612,814978
2024-02-06,2410.051513671875,2422.902505302367,2310.3746407691615,2334.6746976704553,885293
2024-02-07,2421.54736328125,2439.3518737424656,2378.6017312929407,2422.7156352514335,390384
2024-02-08,2427.6689453125,2485.942437446198,2417.949014627532,2437.482429018287,429043
2024-02-09,2420.005126953125,2474.8671283083277,2383.788698999217,2411.313138608567,413772
2024-02-12,2430.940185546875,2479.0729881442085,2411.313217497477,2411.313217497477,1173812
2024-02-13,2456.68896484375,2460.801190722462,2385.2374999988933,2443.744420725487,188101
2024-02-14,2392.48095703125,2434.3984195264243,2356.6850572797166,2434.3984195264243,460554
2024-02-15,2531.505126953125,2546.832763137092,2405.705516445826,2405.705516445826,1010278
2024-02-16,2618.751220703125,2634.4060624066437,2519.8221042178866,2531.50482190708,1103339
2024-02-19,2597.629150390625,2652.070617889754,2572.067271375162,2635.6212591853036,743014
2024-02-20,2584.0771484375,2637.4904444447975,2551.225208156361,2597.6291014652993,332331
2024-02-21,2480.802001953125,2600.2459334819446,2467.390149829593,2586.0397934064235,400996
2024-02-22,2522.0185546875,2545.8513010078836,2481.736677225398,2505.6159718784393,765173
2024-02-23,2549.262939453125,2602.9098959475486,2542.1597547494907,2559.9174883304613,373872
2024-02-26,2501.924072265625,2546.8324852092433,2456.174594910052,2546.8324852092433,1081304
2024-02-27,2513.0927734375,2523.3735654014245,2474.680133097327,2501.924140530491,373642
2024-02-28,2480.381103515625,2557.5805944211306,2450.566898802194,2528.1401454080606,371605
2024-02-29,2446.22119140625,2481.3158957952355,2412.6215099240594,2480.3812783003896,603665
2024-03-01,2446.127685546875,2486.7835473565183,2430.0055334499475,2449.63250122012,316488
2024-03-04,2430.566650390625,2483.2789923787495,2421.5006770215987,2483.2789923787495,501243
2024-03-05,2377.853759765625,2438.089811039883,2364.5822371138856,2432.3420047782165,285581
2024-03-06,2358.226806640625,2368.9749077824995,2300.093644361065,2368.9749077824995,447965
2024-03-07,2329.861328125,2389.4431938006032,2323.3655539520028,2387.9477145280925,283798
2024-03-11,2308.22509765625,2354.3017921011606,2282.383011654141,2354.3017921011606,552199
2024-03-12,2267.70947265625,2339.815128195582,2261.3540274313586,2300.0938807626635,524536
2024-03-13,2219.9970703125,2299.9068693315176,2194.528742554977,2279.5789380021183,531757
2024-03-14,2320.23486328125,2335.515723441311,2182.3787735337205,2210.370523748528,961391
2024-03-15,2325.188232421875,2338.412978740233,2295.280472501936,2307.617377833291,404952
2024-03-18,2300.88818359375,2353.3668649463125,2288.8782574477837,2327.1975749469093,550690
2024-03-19,2231.6796875,2308.1314437916653,2215.9780680377107,2299.1590246194723,320135
2024-03-20,2228.7353515625,2266.4472559376854,2211.8189130745154,2224.8567805194475,444932
2024-03-21,2277.522705078125,2293.8785110331983,2243.3156139237044,2265.512779148447,332097
2024-03-22,2233.1748046875,2250.558780224588,2155.2278019924834,2212.239465445017,885281
2024-03-26,2221.959716796875,2248.456216143638,2209.435932646185,2222.3337007312657,548700
2024-03-27,2249.624267578125,2287.943584142605,2226.258830648564,2236.492846388093,526025
2024-03-28,2231.913330078125,2262.7089305648146,2221.5389847262295,2262.7089305648146,380516
2024-04-01,2300.794677734375,2306.9632446319183,2232.6143753489855,2244.01666344683,542188
2024-04-02,2307.056396484375,2310.8416427886655,2287.9435152868164,2299.158924675477,158324
2024-04-03,2321.776611328125,2352.4321091609936,2282.055369914004,2294.5793805843678,283686
2024-04-04,2350.001953125,2363.6006822421487,2314.5800441247493,2336.5435535279116,181472
2024-04-05,2346.450927734375,2358.6942808130348,2326.7304060284237,2345.890065929441,137970
2024-04-08,2293.738037109375,2368.2737766982077,2251.0260664539614,2355.0490314154345,830250
2024-04-09,2296.6357421875,2363.6477746224305,2280.4668130006844,2302.8976341121665,318201
2024-04-10,2285.326904296875,2316.2160615369776,2279.579097342178,2303.8323783672554,477724
2024-04-12,2286.21435546875,2314.15955378129,2279.1113998443893,2291.214650034982,482559
2024-04-15,2237.754638671875,2296.4486610199674,2230.5113533291733,2271.1204364858636,540342
2024-04-16,2157.097412109375,2234.15658728329,2151.4897065319674,2224.343102522827,671182
2024-04-18,2183.686767578125,2235.090724318802,2166.1626914165304,2210.6973472087075,520011
2024-04-19,2131.20849609375,2173.032632460895,2125.3203597516904,2149.6204166353946,504287
2024-04-22,2091.02001953125,2148.6391037798962,2082.748562431109,2146.7698685643277,604348
2024-04-23,2096.861083984375,2113.964629431356,2089.804676404724,2102.001480102544,475017
2024-04-24,2096.814453125,2116.160990587077,2093.590068244339,2107.562554845944,186524
2024-04-25,2083.542724609375,2107.5623474121126,2064.055859527256,2096.814246749035,607132
2024-04-26,2147.8447265625,2217.2866293958123,2093.543354533052,2093.543354533052,1906257
2024-04-29,2187.799560546875,2231.1189466341884,2154.340206967528,2155.5084788929375,726584
2024-04-30,2163.49951171875,2216.445504283759,2157.1440667876905,2187.892892695841,383386
2024-05-02,2167.751953125,2182.518956724521,2151.4896982841105,2159.1067403929724,213301
2024-05-03,2142.0498046875,2196.257620894842,2136.5356525859265,2182.0982567257183,270305
2024-05-06,2148.82568359375,2194.7154930416496,2130.9278501586123,2155.2279045902455,319574
2024-05-07,2137.283203125,2158.7794042017254,2107.5623229572147,2149.620107672547,407563
2024-05-08,2130.647216796875,2154.0126515298716,2109.9455328946697,2130.9276476492855,317405
2024-05-09,2102.281982421875,2146.722862374875,2089.9916252875564,2131.8625352722324,150257
2024-05-10,2085.318359375,2102.655558297165,2067.1400960390065,2102.655558297165,168817
2024-05-13,2107.2353515625,2120.6472045726678,2051.4855064067897,2085.318615819881,334981
2024-05-14,2151.536376953125,2165.5088636922105,2094.6180312422625,2107.2353681692566,293562
2024-05-15,2125.6474609375,2171.116512293497,2121.6285599411976,2168.3126597162777,299045
2024-05-16,2215.931396484375,2220.1839518994716,2144.3398302906303,2144.9472404164544,1074601
2024-05-17,2160.4619140625,2233.081648505994,2154.7606560154213,2233.081648505994,472822
2024-05-21,2217.4267578125,2219.7165250132102,2161.1160543884807,2161.1160543884807,479405
2024-05-22,2212.753662109375,2253.6899534004397,2208.3610055856198,2219.7165167051044,511687
2024-05-23,2240.324951171875,2261.587499554658,2209.482573297948,2216.9127368774098,360709
2024-05-24,2234.623779296875,2257.1013769472306,2225.464481696829,2240.278261094208,296471
2024-05-27,2281.54150390625,2319.1133113493515,2227.567341269173,2235.1378345726303,931304
2024-05-28,2243.455810546875,2300.1872767255704,2237.380796648434,2291.682165996511,283240
2024-05-29,2209.66943359375,2260.8397419322328,2203.874850705195,2243.0820093581474,217435
2024-05-30,2161.58349609375,2208.407698026365,2152.4709750621146,2208.407698026365,244442
2024-05-31,2134.760009765625,2182.3319511774353,2126.9090855397485,2172.051158259683,377956
2024-06-03,2140.227294921875,2215.0434713077852,2121.0676362038116,2213.174236310901,461553
2024-06-04,2126.72216796875,2154.153283467583,2044.0085174017386,2130.9279468111404,514594
2024-06-05,2207.659912109375,2266.400480396919,2121.6283324539663,2121.6283324539663,962817
2024-06-06,2277.008544921875,2312.664109459764,2242.895007909213,2252.194405924992,650875
2024-06-07,2310.32763671875,2390.284207860717,2280.4666538338806,2280.4666538338806,1327918
2024-06-10,2238.03515625,2287.0090219673534,2198.781221259142,2231.866589480196,33951028
2024-06-11,2235.511474609375,2256.9143519563295,2227.6607789942905,2243.0819675209973,783817
2024-06-12,2241.166015625,2267.3820824530394,2233.7358520456573,2247.2878059597415,1109076
2024-06-13,2295.8876953125,2303.831943393166,2251.5401443095743,2261.7273829300198,3107850
2024-06-14,2251.353271484375,2306.6358008037178,2238.9228141183335,2306.6358008037178,1251250
2024-06-18,2259.297607421875,2275.699961296737,2247.7549905236256,2255.231930201043,578483
2024-06-19,2253.736572265625,2273.924401752175,2232.9881091799557,2254.344210553966,464717
2024-06-20,2262.662109375,2275.7935304119687,2240.324843201947,2273.924295479392,695949
2024-06-21,2270.886962890625,2326.263052015543,2261.8679949204266,2302.430304797224,1727377
2024-06-24,2237.6611328125,2265.512779449604,2224.483163205233,2245.044747837201,1356536
2024-06-25,2250.83935546875,2257.05447052994,2223.922326017495,2238.4556736785707,604516
2024-06-26,2261.26025390625,2279.7657259532148,2253.5496595681893,2259.9051041733624,607685
2024-06-27,2282.429443359375,2291.4484107866547,2246.9139790543304,2257.288096194473,746590
2024-06-28,2295.9345703125,2315.047451761469,2273.9242834621127,2313.178216838771,494140
2024-07-01,2331.777099609375,2377.480032072795,2297.102927412996,2318.786007685601,1287527
2024-07-02,2342.29150390625,2405.7053911325556,2333.7866217535475,2346.8244899509896,1306698
2024-07-03,2401.452880859375,2404.6307172544844,2339.814902597918,2361.7784137667018,930888
2024-07-04,2414.30419921875,2447.763555773309,2396.359586484446,2401.453206896534,1197887
2024-07-05,2457.015869140625,2463.5581916796655,2415.145187433249,2427.1548854730545,958511
2024-07-08,2438.93115234375,2478.60561973902,2420.519233157025,2462.7171221765902,1079731
2024-07-09,2430.47265625,2455.426896298626,2417.855320791675,2439.3515219428955,449070
2024-07-10,2434.76953125,2445.0337557444855,2397.054473805147,2438.5887775735296,924472
2024-07-11,2444.604248046875,2455.154963115886,2423.8848824235156,2434.7696416960102,371430
2024-07-12,2569.111328125,2620.95764064354,2491.7238072686773,2496.0682463365733,2717617
2024-07-15,2613.176025390625,2643.8731227929575,2574.9357770470983,2592.2655130485273,1280637
2024-07-16,2672.947265625,2680.108352567739,2581.858332956683,2588.494226901961,777919
2024-07-18,2705.2197265625,2730.7609346046943,2647.21492699004,2683.020358824892,880873
2024-07-19,2743.69873046875,2783.275621936029,2699.9683155847706,2759.4053335832327,4513506
2024-07-22,2793.539794921875,2803.087910088659,2676.623171326259,2738.3994298336966,1080523
2024-07-23,2804.424560546875,2832.7348619578593,2714.2904463721825,2793.5398024706406,619277
2024-07-24,2740.166015625,2816.4075779054974,2705.6972254818543,2810.774283012829,850350
2024-07-25,2716.056884765625,2732.0975314708676,2664.067212130375,2702.1643308260163,673584
2024-07-26,2892.88818359375,2941.7267028681295,2673.4724349864196,2673.4724349864196,3919873
2024-07-29,2799.125732421875,2905.4916496180745,2764.179535210097,2902.627214866561,1236258
2024-07-30,2783.323486328125,2797.5022981379557,2769.3831443001513,2797.5022981379557,368109
2024-07-31,2761.792236328125,2816.5983226406443,2746.2765496071806,2770.862945488062,658298
2024-08-01,2725.987060546875,2816.646373434472,2711.8080153423934,2773.3458081520585,945392
2024-08-02,2649.888427734375,2725.9868583853327,2643.873068605599,2725.9868583853327,457613
2024-08-05,2532.39892578125,2587.1096740514195,2472.3413727123243,2554.120888477649,966802
2024-08-06,2519.795654296875,2598.9494444116835,2513.1119729517977,2530.2507949221563,937496
2024-08-07,2602.81640625,2609.1658101092344,2558.8950729090243,2558.8950729090243,351454
2024-08-08,2525.953857421875,2600.9065611858578,2517.981088045706,2600.9065611858578,437051
2024-08-09,2597.564697265625,2640.579002152973,2571.164252416896,2582.7651189500148,761355
2024-08-12,2580.760009765625,2596.0847815540633,2542.6631226877817,2577.9911495520128,431060
2024-08-13,2574.697021484375,2604.3439654635754,2558.2265229524055,2604.3439654635754,272177
2024-08-14,2595.9892578125,2614.1782298248986,2569.2067494639523,2586.584271592012,258066
2024-08-16,2779.408447265625,2786.617320603248,2602.863896829119,2602.863896829119,1786753
2024-08-19,2843.142333984375,2857.70321026615,2790.2458668335703,2800.4623038981413,1271105
2024-08-20,2872.980224609375,2899.7149485477817,2850.1125341480038,2851.4969643017266,619734
2024-08-21,2899.71484375,2905.6824158420077,2846.340972202397,2864.4823913621003,304884
2024-08-22,2927.117919921875,3010.5208016276624,2910.3133765934926,2910.3133765934926,979104
2024-08-23,2862.190673828125,2926.497323261207,2846.29315518488,2926.497323261207,463489
2024-08-26,2883.292236328125,2980.9217192868305,2867.537845435033,2897.8053255594964,1004715
2024-08-27,2896.898193359375,2924.5877278377607,2855.22076315505,2887.3978652203446,411818
2024-08-28,2949.842529296875,2990.4220206226896,2871.1183627464534,2900.240115344979,1186290
2024-08-29,2963.209716796875,2978.0092951155166,2914.0847115156857,2917.4743389780624,308414
2024-08-30,2964.64208984375,2988.5601659082195,2945.5936459510726,2988.5601659082195,791445
2024-09-02,2962.302734375,3002.8822238869866,2951.79980767778,2964.6419759722703,478366
2024-09-03,2984.120361328125,3021.9785459191526,2942.967890413683,2961.8254184648376,693093
2024-09-04,2949.12646484375,2953.089072744658,2875.176354987604,2924.6356411902866,1012802
2024-09-05,2948.171630859375,2976.147656413635,2934.4224375283075,2969.3684010398924,194748
2024-09-06,2913.607421875,2999.970079270578,2897.8530314240948,2957.8152429134398,470725
2024-09-09,2858.41943359375,2914.0849963648434,2839.6096917395294,2913.607590565963,906150
2024-09-10,2941.201171875,2973.426059129169,2873.314215924512,2893.0787668187486,713019
2024-09-11,2928.025146484375,2976.4818318857915,2912.1751817600066,2946.548397020125,249403
2024-09-12,2958.053955078125,2983.6905052091356,2935.520309361618,2967.554283333936,440182
2024-09-13,3003.980224609375,3035.3458768506584,2963.5918830712208,2976.147561542467,391317
2024-09-16,2984.501953125,3033.197338107604,2975.383456962486,3017.2042459809645,350121
2024-09-17,3034.2001953125,3043.7483108285514,2972.662637433206,2983.833885965328,331390
2024-09-18,2868.6357421875,3024.5087285189074,2840.5643757178395,3013.719544435586,2080405
2024-09-19,2843.66748046875,2952.2772935815915,2786.665277922613,2897.8530355821895,1625629
2024-09-20,2891.503662109375,2908.3559927901388,2838.129556388535,2883.4353179933682,662106
2024-09-23,2904.91845703125,2933.1809710897496,2877.2767103218357,2912.1751177811643,355464
2024-09-24,2933.32421875,2955.141755975233,2893.126792241288,2918.2859367930987,251100
2024-09-25,2882.0986328125,2948.267119140603,2858.1805571194654,2931.653258483537,387861
2024-09-26,2915.7080078125,2921.771154448637,2883.62647933121,2902.5315616914836,274458
2024-09-27,2943.302001953125,3016.2495067846316,2913.2729940076965,2959.9156286902053,903986
2024-09-30,2874.36474609375,2942.5384341678277,2866.3922091023446,2942.5384341678277,282998
2024-10-01,2879.32958984375,2913.8937187682345,2868.3014706376234,2897.6619236222577,899959
2024-10-03,2789.00439453125,2879.3296557727313,2774.3003906585795,2825.3828059640987,809626
2024-10-04,2717.966552734375,2826.194298130178,2708.418437581241,2792.823682291632,964389
2024-10-07,2744.55810546875,2844.383702996166,2719.4465142385643,2767.998776430307,2253797
2024-10-08,2770.00390625,2781.2704961562804,2712.762766818019,2757.495781587433,628530
2024-10-09,2768.141845703125,2823.3777877876714,2755.586166910795,2791.8690062533483,509427
2024-10-10,2725.079833984375,2800.414368803963,2713.3833929986904,2789.0044178926446,311244
2024-10-11,2746.372314453125,2781.8912577419455,2726.750890340598,2729.8062407004863,532435
2024-10-14,2828.724853515625,2839.514037781396,2759.5963559095717,2759.5963559095717,992489
2024-10-15,2797.40673828125,2876.751432902228,2759.4051945171104,2842.8556251495093,923501
2024-10-16,2779.79052734375,2818.6513084026856,2748.2817481432708,2796.6428569152417,764382
2024-10-17,2941.010498046875,2968.5091173866854,2813.829645847077,2870.4500175446533,5357551
2024-10-18,2955.85791015625,2968.413589025847,2866.7261570847536,2931.2715122925583,965115
2024-10-21,2850.58984375,2995.005088723099,2843.1422671396476,2959.9157647378997,710843
2024-10-22,2843.094482421875,2902.6270750498466,2831.493615480368,2850.2555689557153,659436
2024-10-23,2978.868896484375,3002.6436107480563,2843.142295289301,2851.067277746624,1181872
2024-10-24,2958.72216796875,2990.803927962768,2867.2989658443425,2867.2989658443425,384862
2024-10-25,2903.629638671875,2978.5823434863114,2873.9826941586484,2960.822755853845,371508
2024-10-28,2876.7041015625,2945.4505338770796,2853.8361782156703,2918.954513089169,423578
2024-10-29,2885.91796875,2903.5341955852273,2835.790361352357,2888.3049976736975,244250
2024-10-30,2871.1181640625,2921.3413419182766,2864.434483600765,2890.2143939531716,443712
2024-10-31,2749.427490234375,2868.3015214996017,2723.40887696548,2868.3015214996017,913642
2024-11-01,2763.36767578125,2787.09483536883,2742.123119396544,2754.6312435899536,54169
2024-11-04,2740.452392578125,2768.9058245899137,2728.8993122008033,2768.9058245899137,400459
2024-11-05,2728.56494140625,2754.3926406597993,2697.3426500958253,2745.035440774092,439033
2024-11-06,2765.515869140625,2806.7639114396247,2746.9926197274467,2768.953283701632,1687168
2024-11-07,2710.85302734375,2782.320762689784,2670.130409355518,2782.320762689784,451977
2024-11-08,2729.185791015625,2753.6288277605686,2710.8532220715456,2733.2437402575065,815466
2024-11-11,2732.193359375,2757.4958664598985,2692.1868470765357,2725.509678258234,630602
2024-11-12,2724.507080078125,2772.534149592423,2716.3433943763052,2758.450678664661,612297
2024-11-13,2716.773193359375,2751.8625185493393,2695.5761900232924,2725.0322201947843,530900
2024-11-14,2710.99658203125,2757.066241043511,2701.1141888754564,2725.9870773058083,330713
2024-11-18,2633.51318359375,2720.257899573547,2627.641186250053,2711.664596275491,790762
2024-11-19,2663.2080078125,2720.019292733122,2626.7342547036055,2635.709389666241,514635
2024-11-21,2660.2958984375,2680.5378567096955,2633.418046503364,2671.276231280864,468794
2024-11-22,2753.2470703125,2763.702210841891,2694.5261561764573,2702.1168618699435,1224485
2024-11-25,2847.6298828125,2879.9503471292765,2767.043880971618,2815.6436957826345,920408
2024-11-26,2863.575439453125,2884.5812937482856,2798.6004662503,2855.0296895145975,531802
2024-11-27,2880.66650390625,2910.1225340556025,2860.6154609556265,2869.3043394775473,641475
2024-11-28,2823.95068359375,2890.0713822621865,2805.8568185545323,2887.3500761494856,569713
2024-11-29,2840.134765625,2856.9870963753665,2805.2363565688315,2826.242210838578,408266
2024-12-02,2912.17529296875,2918.715845476604,2820.0837635225935,2840.516637908631,296057
2024-12-03,2882.5283203125,2927.5478253544225,2862.3341490066664,2927.5478253544225,279243
2024-12-04,2881.334716796875,2920.7684797353245,2870.163468481329,2888.257100411808,446699
2024-12-05,2913.41650390625,2933.8493776559844,2883.1965787454837,2883.1965787454837,525393
2024-12-06,2915.946533203125,2957.051214891319,2910.695069954206,2913.4163759719563,303227
2024-12-09,2964.307861328125,2983.7381353910496,2913.6550648846255,2915.994306426279,346936
2024-12-10,3038.019287109375,3057.2108584562397,2964.689717051471,2964.689717051471,820084
2024-12-11,3040.64501953125,3047.7583186093566,2989.371688424421,3030.1898801915104,517726
2024-12-12,3046.18310546875,3091.631995140327,3031.192377727418,3063.6559702535246,695231
2024-12-13,3051.0048828125,3065.8522497626536,2995.2917660107537,3018.1594571297637,621349
2024-12-16,3052.819091796875,3081.606567506121,3033.3407958246908,3062.5103360284666,394375
2024-12-17,3037.4462890625,3082.561132316956,3012.048443095327,3052.7710602182083,405555
2024-12-18,3033.0068359375,3067.666543654426,3009.566164525516,3047.758628542337,339580
2024-12-19,2976.2431640625,3005.698960399373,2898.3304486450984,2942.0130768860845,485378
2024-12-20,2817.26708984375,3052.532565624478,2802.6584263143486,3045.848884686295,835981
2024-12-23,2843.094482421875,2873.982728914486,2807.6233270342345,2842.4261609670402,345080
2024-12-24,2798.21826171875,2873.9826483666784,2778.5014972581507,2843.094402739758,376812
2024-12-26,2777.021728515625,2818.0308397760487,2745.417604681024,2798.600563741135,284062
2024-12-27,2753.628662109375,2811.919952569527,2750.0481188760523,2796.547393711148,88411
2024-12-30,2802.6103515625,2816.3595434099007,2724.077108596478,2754.6788626596026,835227
2024-12-31,2718.539306640625,2783.3711485590175,2685.4073935972765,2783.3711485590175,514316
2025-01-01,2725.8916015625,2734.532693347912,2689.608759990949,2730.2360410565443,198476
2025-01-02,2767.712158203125,2776.687526524078,2718.6349383999036,2730.856572706301,250308
2025-01-03,2739.593017578125,2777.546776382248,2704.026287629607,2767.9986609598272,517777
2025-01-06,2766.709716796875,2826.4332285085266,2745.083327477632,2826.4332285085266,421827
2025-01-07,2793.969482421875,2805.188518019668,2762.0310830225817,2782.7982340227513,555628
2025-01-08,2792.6806640625,2799.5074734232003,2738.447321229915,2787.09492323408,384582
2025-01-09,2742.1708984375,2809.9625163623245,2739.6407411526325,2791.9644590740127,202661
2025-01-10,2783.275634765625,2822.852526415335,2754.6312886102323,2754.6312886102323,1295966
2025-01-13,2651.989013671875,2766.9482281679298,2642.9660913721277,2754.631252724882,327553
2025-01-14,2654.61474609375,2674.8089166324285,2612.84174181658,2665.2608013690756,736104
2025-01-15,2654.13720703125,2689.3221032529204,2643.0137465514126,2671.5625165117144,346009
2025-01-16,2693.905029296875,2742.5050737259894,2666.8362635745366,2671.5625338014584,468033
2025-01-17,2689.89501953125,2705.7927715116007,2659.3888374990715,2691.6615141207176,294222
2025-01-20,2678.485107421875,2704.9811280014874,2627.2595608779407,2692.5685778200473,276667
2025-01-21,2648.2177734375,2725.2232361306856,2644.207611318511,2678.485254691689,322108
2025-01-22,2682.017822265625,2686.7918799542404,2629.4554004923116,2648.504077156516,421294
2025-01-23,2787.047119140625,2814.784441209068,2676.909747033594,2682.017848946257,830570
2025-01-24,2873.314453125,2939.2917915737144,2630.0762099931335,2731.7158531904633,4727360
2025-01-27,2804.377197265625,2906.3986751749085,2795.736105806745,2829.441001351487,1054296
2025-01-28,2753.437744140625,2867.1558903799155,2737.4924382431145,2792.537229594411,843006
2025-01-29,2873.266845703125,2882.0510659188717,2769.0492514135076,2769.0492514135076,636180
2025-01-30,2738.017578125,2875.128371036226,2709.277658443225,2863.2410143635666,1251426
2025-01-31,2738.351806640625,2770.290207164706,2724.4116975271922,2768.9535642046144,434230
2025-02-01,2672.0400390625,2739.3542512311283,2650.795482739777,2721.212832348803,301341
2025-02-03,2690.42041015625,2710.2805382369647,2604.8216426878303,2663.9243880173676,606662
2025-02-04,2678.676025390625,2745.035428340189,2638.3352372666095,2711.6648111764184,550653
2025-02-05,2713.478759765625,2733.4344603568284,2679.010203830733,2696.3877268367073,327625
2025-02-06,2697.963134765625,2765.802541304482,2690.515791240232,2730.2835986380346,389617
2025-02-07,2738.876953125,2758.784867345362,2690.468053773697,2705.935954386003,211878
2025-02-10,2661.011962890625,2757.9731209660117,2644.7801667831563,2740.3091075549432,359767
2025-02-11,2590.976806640625,2667.7435647229045,2567.39277403779,2662.969506804646,249486
2025-02-12,2546.1005859375,2620.432525633106,2537.507281942057,2605.680733729254,732007
2025-02-13,2484.371826171875,2576.415797984922,2477.2585268597854,2554.1208554056375,559365
2025-02-14,2438.827392578125,2511.20215442242,2416.4848956339765,2511.20215442242,469018
2025-02-17,2474.2509765625,2477.6403710416935,2393.712529948173,2429.0405569158966,227875
2025-02-18,2462.4111328125,2497.166412145626,2415.673155341676,2473.9166582965545,276630
2025-02-19,2493.251708984375,2511.154425899055,2436.965613626281,2456.1571862938417,251079
2025-02-20,2518.07666015625,2522.7075892330085,2472.484410455819,2483.799020116934,279331
2025-02-21,2451.5263671875,2531.157554789815,2440.0208417386275,2520.7024152572794,248774
2025-02-24,2375.475341796875,2424.2663007223045,2351.7484168438164,2421.9270592633084,430982
2025-02-25,2342.05712890625,2382.4934907940396,2329.740153306265,2358.861905222593,268308
2025-02-27,2269.01416015625,2338.3335745562804,2253.355343386207,2334.5143282115578,775514
2025-02-28,2145.7001953125,2257.699633595145,2126.4130491673022,2234.258964081099,1097369
2025-03-03,2163.030029296875,2181.9831321333863,2137.1547757122,2157.87414008159,442636
2025-03-04,2145.07958984375,2167.3265111069704,2084.4012729430256,2138.777740757138,541824
2025-03-05,2203.56201171875,2230.4398646179807,2074.80557611938,2074.80557611938,582517
2025-03-06,2237.12353515625,2262.807873451857,2211.1527067645716,2211.1527067645716,560584
2025-03-07,2198.21484375,2224.6630764949955,2172.196229571615,2215.2583227945674,314701
2025-03-10,2162.64794921875,2212.775550690708,2146.893560184706,2173.294003716631,352043
2025-03-11,2174.91748046875,2180.93260646518,2100.585311542009,2131.4257697831226,281705
2025-03-12,2124.50341796875,2176.3972841857635,2072.1797000813604,2158.8288454712383,436694
2025-03-13,2105.50244140625,2188.857530213201,2100.4421270500025,2125.4103540030915,869498
2025-03-17,2100.776123046875,2135.149335531225,2082.9689826003723,2107.364461971335,449847
2025-03-18,2100.776123046875,2100.776123046875,2100.776123046875,2100.776123046875,0
2025-03-19,2182.55615234375,2200.8407009324733,2135.4361074340463,2196.06664301288,550648
2025-03-20,2201.65234375,2262.5215811114076,2190.8151392274362,2196.3053057345437,637186
2025-03-21,2320.144287109375,2327.830566734401,2139.159710576107,2176.970341326675,1232731
2025-03-24,2370.749267578125,2394.667343286435,2296.7035859995844,2326.1596152637867,433340
2025-03-25,2419.874267578125,2444.126620497415,2363.206342688223,2399.727884000336,966857
2025-03-26,2401.494140625,2456.0617597518735,2391.898471178433,2415.673185172588,781651
2025-03-27,2413.954345703125,2424.743762087168,2375.5709706922125,2384.164274042787,458236
2025-03-28,2387.2197265625,2443.3626908160372,2365.163720214945,2404.215418317617,390216
2025-04-01,2336.18505859375,2384.3074653823687,2293.4572435852406,2293.4572435852406,379487
2025-04-02,2362.58544921875,2389.8453637830544,2327.2098701265536,2349.7910685415163,294985
2025-04-03,2266.770263671875,2309.163800569898,2247.6262466823437,2282.0472475065894,556470
2025-04-04,2128.4658203125,2262.855543428857,2119.681600840583,2253.3552153080072,705009
2025-04-07,2007.2047119140625,2025.1074277463072,1952.1599215451658,1970.2535530579653,573919
2025-04-08,2070.890625,2115.528063829764,2032.5550354836334,2058.0962437979906,645228
2025-04-09,2021.908935546875,2053.656418077378,1958.3183960920899,2014.6522748680204,1248075
2025-04-11,2062.918212890625,2119.6817148953296,2048.1186333496894,2119.6817148953296,480772
2025-04-15,2167.1357421875,2175.0607247245284,2086.263250010138,2103.354283620452,747484
2025-04-16,2164.6533203125,2180.3121362147617,2134.0037768513216,2167.5177549123005,368946
2025-04-17,2170.954833984375,2181.2668446780467,2092.0875449281716,2151.1902828013303,868626
2025-04-21,2273.119873046875,2309.2117972522155,2158.065078104187,2170.955034384073,1063680
2025-04-22,2293.266357421875,2318.8553528025645,2245.7166970614185,2274.0745526092874,610522
2025-04-23,2393.9990234375,2409.848755153569,2325.34793377272,2347.881579384261,1447072
2025-04-24,2356.570556640625,2424.266604499721,2336.519513436807,2415.4823845749456,823663
2025-04-25,2423.884521484375,2455.3933003908414,2329.7400161144733,2388.938327999349,3212180
2025-04-28,2390.275146484375,2417.964681497598,2314.4632024845896,2417.5828501200417,1011111
2025-04-29,2398.39111328125,2425.1258375070106,2359.8168187131137,2390.275214855573,669660
2025-04-30,2357.4296875,2433.3372047767316,2343.1075144289184,2390.0841954804087,664812
2025-05-02,2346.73583984375,2407.652862463279,2336.4238286331115,2352.6556247453973,316115
2025-05-05,2345.11279296875,2394.1900144788574,2335.5646772579667,2358.2890061629955,267130
2025-05-06,2251.1591796875,2367.9326806831714,2245.7168003898464,2351.7008840817143,556788
2025-05-07,2293.6484375,2298.7089857309547,2224.8066592461046,2234.2592010842923,435576
2025-05-08,2267.581787109375,2318.1867977029547,2255.837791892207,2298.2313301650256,430111
2025-05-09,2279.421630859375,2285.818821541112,2206.665038299147,2244.2845196459416,344612
2025-05-12,2417.964599609375,2434.7693756019403,2305.869820423014,2329.7401084191115,691719
2025-05-13,2378.0537109375,2417.6783897836854,2371.7518615403346,2417.6783897836854,284561
2025-05-14,2455.3935546875,2465.800907675999,2361.344613968783,2363.158662729176,626343
2025-05-15,2505.7119140625,2511.1542930950804,2441.1665621829793,2463.413717180725,642884
2025-05-16,2482.891845703125,2523.662485117386,2463.413783449398,2511.15436064803,412947
2025-05-19,2419.969970703125,2482.510129740827,2416.6281301438585,2482.510129740827,377534
2025-05-20,2417.964599609375,2477.162913839697,2410.1351917683114,2436.678998641628,562623
2025-05-21,2442.026123046875,2452.529050137835,2396.5769998463143,2429.0405926729177,497535
2025-05-22,2428.754150390625,2439.4479933811604,2387.9837428657947,2430.0910264571257,398695
2025-05-23,2426.55810546875,2476.972204538666,2420.638320174138,2430.6638419678247,493482
2025-05-26,2430.9501953125,2440.6892264568237,2410.7082371656484,2438.5886876779755,293829
2025-05-27,2423.120849609375,2438.3022603330783,2400.58720330809,2431.0458322641325,396746
2025-05-28,2417.10546875,2447.1820329473635,2408.1303333121987,2434.5785669529837,358982
2025-05-29,2450.42822265625,2469.333537612855,2424.075564236141,2444.3175220943276,563264
2025-05-30,2443.171875,2460.0719930501787,2423.8847280413697,2458.544201305453,466811
2025-06-02,2378.531005859375,2390.7524064955064,2278.84854602447,2350.2684923947027,1782200
2025-06-03,2388.365478515625,2419.205937693376,2368.600926378423,2406.1250662958846,470919
2025-06-04,2390.1796875,2434.7693381695276,2377.7671379328613,2398.4865009732757,606388
2025-06-05,2415.482177734375,2427.6082371547514,2355.6155433453705,2396.576863425143,362691
2025-06-06,2430.186279296875,2446.227159752978,2393.044203721145,2424.2664943843915,801312
2025-06-09,2485.37451171875,2513.350537285226,2438.206913498792,2444.413188691328,691277
2025-06-10,2550.683349609375,2563.6688792616087,2487.3795336024973,2498.0733757881903,1221722
2025-06-11,2558.79931640625,2581.046471593463,2535.0246026417367,2554.1208331701114,844643
2025-06-12,2543.904296875,2578.945831901169,2526.4312000038854,2558.7992162390838,804368
2025-06-13,2524.712646484375,2563.2871728562245,2474.9671047402317,2515.9284268717934,267645
2025-06-16,2585.056640625,2595.2733104729296,2502.5610177546164,2525.380920056643,389765
2025-06-17,2571.689208984375,2601.8613457230426,2546.6731942269685,2597.0872882079548,439638
2025-06-18,2565.96044921875,2587.3483676619576,2550.492548832933,2569.3978640192813,262836
2025-06-19,2528.62744140625,2581.810397423834,2506.4758603577025,2574.362820809608,369450
2025-06-20,2574.267333984375,2583.624300036336,2527.57691257487,2531.396158508984,418896
2025-06-23,2552.402099609375,2575.7949817665876,2530.250519045426,2568.824811073599,303383
2025-06-24,2561.568603515625,2604.821615556734,2556.3171397229767,2578.9461279896377,327260
2025-06-25,2628.21435546875,2638.4307923920364,2566.6290107352106,2577.991174892347,509014
2025-06-26,2675.859130859375,2682.065405382332,2616.947310086194,2637.1892665240302,551408
2025-06-27,2673.472412109375,2752.7217728969026,2665.833919503348,2683.020527866908,967905
2025-06-30,2716.82080078125,2741.264070691129,2675.859476876311,2686.7442357423192,412320
2025-07-01,2751.28955078125,2758.068806200708,2716.8207597127707,2716.8207597127707,451128
2025-07-02,2757.97314453125,2799.5074466905403,2745.0831886887117,2754.631304127629,741113
2025-07-03,2752.53076171875,2781.2704492869757,2749.8572427777253,2768.8578992327707,196536
2025-07-04,2792.059814453125,2795.5925704735505,2752.6260518536324,2771.340450984732,221365
2025-07-07,2744.701416015625,2817.0759461038683,2735.6307061546577,2816.69411472146,341950
2025-07-08,2778.119873046875,2804.281617158044,2733.8164757640784,2749.7617825665047,450522
2025-07-09,2789.12451171875,2799.934789839917,2756.888883406749,2783.378653691298,444794
2025-07-10,2786.397705078125,2796.136608332019,2740.527375645807,2765.8485241059316,406584
2025-07-11,2764.679931640625,2807.6283527713313,2742.4751844406364,2760.005210477544,509645
2025-07-14,2755.622802734375,2772.568400070932,2711.7977360713435,2754.1619671789404,371224
2025-07-15,2809.47900390625,2814.153725263739,2745.396969619777,2755.622818566569,348866
2025-07-16,2801.687744140625,2834.9947458168385,2783.281074275159,2808.6997069514814,305648
2025-07-17,2769.744140625,2823.1133790735457,2755.52524648437,2815.4195026898688,333929
2025-07-18,2758.7392578125,2787.274293768049,2727.0878201648893,2782.404841822263,217302
2025-07-21,2729.71728515625,2758.64202001719,2708.58391119902,2758.64202001719,194145
2025-07-22,2704.688232421875,2741.4038510630257,2697.6762694552312,2736.4371529378277,119617
2025-07-23,2664.95361328125,2724.945357429061,2637.6846818988292,2724.945357429061,406908
2025-07-24,2584.218017578125,2678.1984354022397,2557.6307637388927,2678.1984354022397,654406
2025-07-25,2556.462158203125,2719.101845982143,2536.0104609375,2552.5665968191965,1931951
2025-07-28,2633.204833984375,2678.4907362585996,2592.0092237171625,2619.7650993045904,1505713
2025-07-29,2701.864013671875,2709.362921725136,2616.8433395670168,2633.2047448071653,633100
2025-07-30,2733.32080078125,2782.404780201245,2699.6240989561957,2709.363002632084,867993
2025-07-31,2717.348876953125,2744.812537976717,2675.666321347102,2718.517497849962,537398
2025-08-01,2685.4052734375,2726.795615122827,2664.2718994714105,2718.0306015894635,604083
2025-08-04,2675.569091796875,2702.5458078026,2573.7000628179053,2604.864555015989,506319
2025-08-05,2634.568115234375,2675.1792950906593,2623.6605909174305,2675.1792950906593,228414
2025-08-06,2584.802490234375,2645.5731533721137,2577.011367382552,2638.2689756985296,168222
2025-08-07,2632.133544921875,2636.3213212084743,2571.070664200359,2577.9853811688977,200594
2025-08-08,2625.510986328125,2633.3995935306125,2583.828668181952,2628.5301416194984,302616
2025-08-11,2602.4296875,2634.2758536793567,2580.8093697668896,2625.510840725431,297006
2025-08-12,2646.83935546875,2661.4477113517187,2605.0593149837337,2605.0593149837337,438682
2025-08-13,2624.829345703125,2669.8230344100657,2621.3234829399794,2660.181614603653,257068
2025-08-14,2649.176513671875,2675.1793387694365,2627.7509257199035,2629.9909211044865,463745
2025-08-18,2627.65380859375,2681.9967032229238,2610.6107264299953,2675.4716850334717,143263
2025-08-19,2670.99169921875,2678.198392513947,2603.7932668247636,2630.4777666109712,176937
2025-08-20,2761.466064453125,2766.6277308184262,2637.6845068913503,2662.7136788910984,489453
2025-08-21,2779.87255859375,2812.10842473354,2741.598857519429,2770.7180842829166,456237
2025-08-22,2774.22412109375,2802.856402019015,2750.266323593363,2775.5874724649734,283753
2025-08-25,2841.519775390625,2890.1170456388186,2824.281964059775,2824.281964059775,1159563
2025-08-26,2798.181640625,2853.498658764527,2790.585248519419,2824.2819489478256,757495
2025-08-28,2757.86279296875,2804.8042611754595,2748.805564988797,2804.8042611754595,393518
2025-08-29,2715.206298828125,2777.6327654392258,2707.804637053391,2765.8485970846036,220828
2025-09-01,2845.220703125,2856.225711809616,2734.6841466284445,2734.6841466284445,682684
2025-09-02,2826.814208984375,2870.541790344897,2811.523940363134,2834.020902427023,309527
2025-09-03,2817.367431640625,2842.786066084141,2768.478181311913,2826.814358695325,373223
2025-09-04,2786.4951171875,2838.890467363086,2775.9770534944573,2817.3673947853426,261264
2025-09-05,2724.36083984375,2799.5453670046504,2688.7165947794515,2786.495093320286,614253
2025-09-08,2714.329833984375,2775.4899564984594,2688.521740238092,2746.2732465970075,338468
2025-09-09,2778.801513671875,2801.2982391533683,2714.8169622260652,2726.893108026556,391809
2025-09-10,2890.89599609375,2910.3738029338,2792.435825177015,2794.0913912051797,1090464
2025-09-11,2849.1162109375,2904.8226912480873,2820.1917151768293,2902.3879653799127,355515
2025-09-12,2828.372314453125,2872.489594978918,2819.802031797049,2870.05486909743,270909
2025-09-15,2862.45849609375,2867.1332173709643,2803.2459147035006,2835.5792648406177,449163
2025-09-16,2873.658203125,2882.71543091727,2853.596204610092,2863.042893435196,274021
2025-09-17,2900.343017578125,2929.6569751723887,2874.729653191667,2882.715506704296,580704
2025-09-18,2922.255615234375,2957.899861042516,2895.570875743514,2917.6781401635117,451516
2025-09-19,2915.633056640625,2934.136973793628,2893.4283085037805,2923.813640696523,229066
2025-09-22,2777.9248046875,2848.531856726156,2743.449180591658,2842.8834827760274,778252
2025-09-23,2694.365234375,2765.8486935309,2681.509691079426,2765.8486935309,845283
2025-09-24,2669.3359375,2679.9514848645267,2633.6916937197175,2678.198434699484,518369
2025-09-25,2646.449462890625,2686.3789660472753,2614.408566439692,2670.894205051539,353350
2025-09-26,2573.40771484375,2646.449489649331,2562.3054601797794,2646.060028623512,405140
2025-09-29,2608.17578125,2618.7910907135406,2565.2271226996895,2582.7571485951316,458764
2025-09-30,2585.484130859375,2639.2428302544927,2565.32464830698,2634.373378538156,504534
2025-10-01,2620.739013671875,2627.556246334715,2561.331700467124,2585.678959977268,161664
2025-10-03,2665.4404296875,2670.602096145855,2610.026163340958,2628.432596028188,617247
2025-10-06,2719.39404296875,2723.7765494971923,2648.9817238585356,2665.4403754922077,276653
2025-10-07,2744.130859375,2748.3186355366065,2705.564943222799,2724.9452665596828,207553
2025-10-08,2726.6982421875,2809.6736522322453,2709.362946450644,2709.362946450644,742778
2025-10-09,2733.905029296875,2755.135887150534,2717.8358380144487,2726.893066108694,472352
2025-10-10,2710.531494140625,2754.1618280792777,2684.1392090984486,2754.1618280792777,299386
2025-10-13,2678.393310546875,2702.5458398399473,2661.6424433450725,2697.676387876272,290341
2025-10-14,2673.621337890625,2718.42029587537,2661.2529774785135,2702.545834949273,145319
2025-10-15,2709.265625,2726.8931364528407,2676.250835347288,2686.184469933981,359169
2025-10-16,2710.92138671875,2724.3608838977393,2676.835223043499,2722.900048311657,191036
2025-10-17,2623.368408203125,2702.54574181383,2618.8886552187573,2702.54574181383,465225
2025-10-20,2675.763671875,2681.4122833215506,2617.5249828010606,2634.8602781648087,202423
2025-10-21,2669.141357421875,2691.8330511735044,2660.6685585405257,2684.0419280152596,30806
2025-10-23,2726.11376953125,2750.266297315875,2697.1892742267405,2702.5456710522494,420173
2025-10-24,2745.299560546875,2759.5184555300984,2722.802834908474,2731.8600632051184,237956
2025-10-27,2813.277099609375,2821.3604373351677,2760.97923363659,2768.9650872176767,377691
2025-10-28,2756.986083984375,2851.0639864666628,2746.3707743248465,2848.6292606028996,235233
2025-10-29,2799.54541015625,2821.7499208349323,2727.866982346899,2770.718159506222,574786
2025-10-30,2818.146484375,2831.0992737033534,2779.4830846747063,2807.7259050866073,325329
2025-10-31,2692.222412109375,2883.8840822281195,2680.146266769655,2872.9765577654366,1346667
2025-11-03,2711.505615234375,2717.1542271307567,2659.694693295375,2692.2225376821402,570679
2025-11-04,2694.365234375,2739.066707942133,2683.0680108019824,2712.284722353365,225861
2025-11-06,2701.474365234375,2713.2585336564484,2671.965677640519,2691.735461667769,354396
2025-11-07,2664.56396484375,2692.6120541321866,2634.665579019539,2688.911223294442,268774
2025-11-10,2703.71435546875,2730.7885548856925,2655.4095365299213,2664.56401075865,430038
2025-11-11,2704.98046875,2725.8216273001353,2686.47655195207,2712.2846464333934,590878
2025-11-12,2752.01953125,2784.352644875444,2715.206426692109,2722.0236594707476,558402
2025-11-13,2748.318603515625,2769.64670735209,2727.964390041852,2761.855584450557,312058
2025-11-14,2699.7216796875,2740.527592442905,2672.4527484194114,2717.1542227845434,430174
2025-11-17,2618.4990234375,2725.8216960178474,2607.0070693726766,2713.1611210474603,794655
2025-11-18,2589.087646484375,2637.2952216210974,2558.215368141979,2581.7834684333566,4967271
2025-11-19,2642.84619140625,2654.727606105767,2595.807240016277,2604.6697372948947,814207
2025-11-20,2668.84912109375,2686.866093250991,2632.3282315858282,2665.343258360714,1216126
2025-11-21,2675.374267578125,2704.6882243656037,2642.6514568096577,2663.492615130754,2115723
2025-11-24,2693.09912109375,2747.92919715758,2679.854116791104,2685.11326751401,1388293
2025-11-25,2724.166015625,2735.657969207663,2687.937342475311,2710.239336188646,599773
2025-11-26,2727.087646484375,2747.247128702788,2703.4220639818063,2729.132911277831,671295
2025-11-27,2718.614990234375,2753.1880986539777,2710.3369220212307,2736.631962227689,683457
2025-11-28,2737.995361328125,2745.883968633912,2714.524745468937,2731.860042052746,295505
2025-12-01,2758.349609375,2768.380727255098,2736.534323480173,2748.318491494902,312556
2025-12-02,2763.998291015625,2774.6136006994666,2736.631877137768,2746.4682647563795,309489
2025-12-03,2786.30029296875,2799.934757876671,2755.4280164090537,2763.9982990472727,474601
2025-12-04,2832.462646484375,2856.5179287470187,2790.195899689796,2790.195899689796,866476
2025-12-05,2876.482666015625,2891.3829983293804,2835.871247739652,2835.871247739652,810701
2025-12-08,2821.165771484375,2890.7989354104575,2793.7993560097375,2890.7989354104575,789218
2025-12-09,2803.6357421875,2842.8835730163296,2767.6017972446534,2814.5432671574977,368244
2025-12-10,2782.8916015625,2820.9708083473997,2765.848520888014,2803.6355130223983,263746
2025-12-11,2819.315185546875,2840.156582483425,2773.63982151396,2782.891780188252,267730
2025-12-12,2836.650390625,2849.9926409407617,2809.868405851456,2842.78594741727,140084
2025-12-15,2822.23681640625,2827.6906976007513,2785.618681046414,2820.0943051391973,207272
2025-12-16,2788.345703125,2816.491040616656,2767.8940046972857,2816.491040616656,242376
2025-12-17,2790.488037109375,2820.970852286635,2782.1124850838364,2788.248041775457,247800
2025-12-18,2812.497802734375,2839.86421624846,2785.6185721538805,2804.122488514896,426920
2025-12-19,2814.73779296875,2837.624215794944,2795.0652557947924,2837.624215794944,410473
2025-12-22,2811.62158203125,2829.1516092139873,2743.449254098383,2827.1063442695167,923952
2025-12-23,2861.679443359375,2868.1072150768973,2788.5404173086513,2816.296293583589,453003
2025-12-24,2816.3935546875,2868.1072300713317,2808.9921303018814,2857.394435663595,351406
2025-12-26,2776.171875,2836.942536599253,2769.5493731903675,2824.281962285559,151986
2025-12-29,2738.871826171875,2799.6424877363793,2718.127914562676,2776.1718734125916,331924
2025-12-30,2722.705322265625,2737.6058928214165,2700.7927884383457,2737.5084086757006,308588
2025-12-31,2718.32275390625,2744.715278046678,2703.714398352405,2722.8999910932143,137856
2026-01-01,2754.746337890625,2766.7249989773354,2716.082700799871,2716.082700799871,96465
2026-01-02,2733.905029296875,2770.036457529298,2727.0877966316034,2767.7964621003243,124901
2026-01-05,2728.743408203125,2743.7414629764053,2689.495815417636,2728.8408923493075,166865
2026-01-06,2742.475341796875,2762.9270400134,2720.173346943434,2731.762547492981,378512
2026-01-07,2799.739990234375,2805.7780627745765,2732.931017964989,2746.2732680375784,376876
2026-01-08,2743.643798828125,2815.5169529634118,2728.256284012063,2806.459725312435,404363
2026-01-09,2764.095703125,2777.924899338804,2722.315899808507,2743.6440045962695,317088
2026-01-12,2758.252197265625,2775.0030637053533,2716.472396424527,2764.679968671732,219456
2026-01-13,2798.668701171875,2803.343422488515,2731.762480486463,2758.0575204055845,314103
2026-01-14,2715.985595703125,2807.628539704652,2701.27975555323,2801.006275196085,363314
2026-01-15,2715.985595703125,2715.985595703125,2715.985595703125,2715.985595703125,0
2026-01-16,2811.134521484375,2853.401267961966,2732.2494023988966,2732.2494023988966,1193508
2026-01-19,2814.348388671875,2832.0731455370583,2756.596643205861,2799.934763899258,273546
2026-01-20,2742.18310546875,2805.8756792140434,2729.327799958849,2801.006227296187,335776
2026-01-21,2725.821533203125,2758.4468590627025,2650.053056195926,2732.736249611184,1448566
2026-01-22,2736.7294921875,2814.445755441336,2707.512780357875,2736.632008041584,344252
2026-01-23,2680.925537109375,2803.8304578727502,2660.766053409416,2773.542371366529,1589967
2026-01-27,2732.833740234375,2751.240172298318,2680.925338279897,2693.585912524102,508935
2026-01-28,2759.713134765625,2783.378718660169,2735.658089823798,2742.475322514708,222958
2026-01-29,2700.4033203125,2758.057583833749,2685.50274979575,2756.499264103631,647094
2026-01-30,2686.963623046875,2716.764764498135,2653.851349330458,2680.1463902229066,550213
2026-02-02,2689.30078125,2724.9452640129775,2647.0340341627134,2697.676333565385,265952
2026-02-03,2745.689208984375,2897.3238943204424,2737.703355383523,2897.3238943204424,614479
2026-02-04,2617.914794921875,2686.963526948652,2546.820798014571,2685.502691395762,1037616
2026-02-05,2579.54345703125,2615.772132387565,2561.3317540896346,2603.3065254703633,500168
2026-02-06,2542.3408203125,2568.1489152132012,2509.715492796519,2568.1489152132012,857784
2026-02-09,2546.82080078125,2573.7975164673467,2537.568842269564,2571.9469821052876,389909
2026-02-10,2545.846923828125,2587.6267257998566,2532.7966501463025,2564.7403019924436,442632
2026-02-11,2520.623046875,2563.9611690070055,2479.5249201817105,2549.5475437559285,516056
2026-02-12,2399.665771484375,2483.3228556678764,2393.627698995729,2483.3228556678764,1136104
2026-02-13,2394.2119140625,2435.894468120959,2293.7064786405363,2325.260668280841,1725163
2026-02-16,2397.231201171875,2416.611524876409,2363.145037433904,2377.266448125349,506975
2026-02-17,2400.83447265625,2454.203712042802,2378.2402638129056,2393.8225096036535,602309
2026-02-18,2372.2021484375,2414.8585930753648,2339.4793377592537,2414.8585930753648,403020
2026-02-19,2314.645263671875,2403.0745594513305,2300.329122360301,2386.907883721992,483838
2026-02-20,2311.821044921875,2339.284706242926,2260.5943155321374,2298.5760405710525,686221
2026-02-23,2249.491943359375,2298.8681357911437,2234.0069443729985,2289.2267165810226,812362
2026-02-24,2164.958251953125,2218.327490782582,2152.979353073289,2171.7754844154156,1348323
2026-02-25,2198.655029296875,2262.7368264464744,2169.146103064519,2171.7755595519907,667290
2026-02-26,2202.453125,2244.525142447864,2192.324760013625,2215.3084306415403,442818
2026-02-27,2236.539306640625,2296.7257809956923,2226.508187953745,2257.4779502690917,861454
2026-03-02,2196.609619140625,2249.7841257767304,2147.4281579273234,2147.4281579273234,349774
2026-03-04,2208.004150390625,2233.033084791848,2145.2857070586847,2145.3829534338083,674633
2026-03-05,2173.333740234375,2238.973852907796,2142.4612267777597,2237.415533284289,684794
2026-03-06,2156.972412109375,2227.1897642503127,2152.2976908384767,2171.7754979953856,287592
2026-03-09,2130.579833984375,2157.0696034891525,2078.574185307835,2106.3300597987713,353945
2026-03-10,2144.701416015625,2191.2534252247538,2115.6794342082944,2163.9844937108455,886101
2026-03-11,2127.85302734375,2183.4622639633044,2120.938548204127,2161.9391911433554,355907
2026-03-12,2128.145263671875,2155.219464461461,2100.6816018270997,2122.1071907191704,423505
2026-03-13,2059.58349609375,2128.1452861665966,2045.1698704062158,2126.9766652224644,322965
2026-03-16,2026.7633056640625,2069.127535955377,2007.7724438093353,2060.751983825787,314619
2026-03-17,2019.946044921875,2046.3383304189472,1977.48433108344,2033.288294997714,640515
2026-03-18,2068.348388671875,2127.9504309936046,2022.1858430697764,2030.5613952501901,837977
2026-03-19,1993.943115234375,2055.8825173719456,1984.3989423044206,2046.1436139263183,260439
2026-03-20,2036.502197265625,2054.616415038291,2010.1096737872301,2040.3002745078718,863296
2026-03-23,2009.72021484375,2035.820285926081,1985.7624172050278,2025.5944372842698,471389
2026-03-24,2061.53125,2082.372409491192,2003.0003417477058,2044.7803826429606,747214
2026-03-25,2076.431640625,2098.149204487871,2046.0460725122407,2084.027794886999,1105605
2026-03-27,2061.725830078125,2091.8189461900765,2042.3455076038022,2059.778049416738,648475
2026-03-30,1999.39697265625,2045.0723368861418,1960.4413570175507,2025.692013212372,768221
2026-04-01,2080.814208984375,2108.180385055335,2046.1436175500605,2054.908630666648,867527
2026-04-02,2152.2001953125,2180.540499682382,2030.9508464020682,2030.9508464020682,777936
2026-04-06,2176.839599609375,2182.7804256784916,2133.8911790801712,2147.428159445939,603188
2026-04-07,2267.314208984375,2280.8511896834466,2149.473477151883,2162.0365675052312,1130562
2026-04-08,2289.421630859375,2308.0227950914054,2232.3515575404767,2298.381375107398,766370
2026-04-09,2323.020751953125,2338.1160527195684,2257.380398218673,2278.903470546987,695846
2026-04-10,2265.95068359375,2352.042735237611,2216.7692197510014,2352.042735237611,1026126
2026-04-13,2255.627685546875,2274.6185486415548,2211.120703363295,2235.0785026815306,229386
2026-04-15,2346.39404296875,2351.750439837046,2284.4545222579773,2312.9895567641383,1011941
2026-04-16,2378.045654296875,2414.2743300505626,2353.6983940099594,2354.8670149504883,541426
2026-04-17,2397.912841796875,2403.7561840664307,2339.771633768034,2371.4230710614625,416448
2026-04-20,2353.89306640625,2409.599549013719,2342.3038659023755,2407.4570377146256,180997
2026-04-21,2355.8408203125,2376.2925182151716,2325.844949168674,2360.7102721940882,275259
2026-04-22,2270.138427734375,2334.41519145401,2264.4898160966823,2327.500474795872,998198
2026-04-23,2217.54833984375,2298.5759698816387,2211.4127830498355,2270.1384190495305,368085
2026-04-24,2118.99072265625,2224.5603440591744,2074.3864959874113,2206.8355868110207,782576
2026-04-27,2205.76416015625,2215.6005478046313,2127.9504162431294,2130.7746031536317,442985
2026-04-28,2211.0234375,2228.261250142352,2191.935090425512,2210.7312228247984,299847
2026-04-29,2191.93505859375,2276.9557374024375,2173.7233558093417,2224.365656213502,698342
2026-04-30,2217.256103515625,2287.8631536111548,2182.29353519549,2254.0692061531545,1995620
2026-05-01,2217.256103515625,2217.256103515625,2217.256103515625,2217.256103515625,0
2026-05-04,2217.158935546875,2246.3756469644327,2188.916114509903,2227.1898162539383,270918
2026-05-05,2152.10302734375,2238.1948425519927,2137.299940996722,2216.6720076330357,565587
2026-05-06,2160.57568359375,2210.6335511362336,2133.988430197776,2186.0915625269467,416557
2026-05-07,2135.839111328125,2178.885019051431,2120.2568650741714,2169.8277908630785,592910
2026-05-08,2156.387939453125,2169.827673674546,2125.905124311909,2141.5848538645987,271921
2026-05-11,2143.7275390625,2163.9845072961025,2135.9364157239,2156.3881144877246,214275
2026-05-12,2090.45556640625,2122.1070017233724,2067.082198787452,2118.698385612298,887823
2026-05-13,2089.189453125,2105.161396927322,2071.464696971197,2087.0469419883757,314728
2026-05-14,2059.87548828125,2077.989705374291,2021.0171222809508,2050.039101050967,852974
2026-05-15,2028.808349609375,2115.2898610969664,2020.8224962137224,2078.282027431366,432690
2026-05-18,2092.403564453125,2101.753007578578,2009.7203630168744,2021.3095638922323,572487
2026-05-19,2162.5234375,2211.8023823869307,2103.7005577697273,2110.7125204619297,1176450
2026-05-20,2169.82763671875,2183.462101222369,2118.406180180435,2142.5587077115124,471319
2026-05-21,2169.438232421875,2197.778298864274,2157.751548256053,2182.48826796723,209269
2026-05-22,2164.373779296875,2189.2079827693756,2116.84812129579,2171.288495762363,396197
2026-05-25,2185.409912109375,2210.731060823655,2166.905995741248,2193.201034790692,190879
2026-05-26,2206.15380859375,2229.1374776854823,2182.0012808949214,2188.331568029854,297568
2026-05-27,2174.599609375,2228.5532759848584,2166.029564736668,2211.412711175809,241776
2026-05-28,2174.599609375,2174.599609375,2174.599609375,2174.599609375,0
2026-05-29,2212.094482421875,2248.7128552932,2200.8947432118825,2239.9478419984234,1301407
2026-06-01,2250.173583984375,2311.041728974214,2223.1968696781164,2226.313271148358,735924
2026-06-02,2325.35791015625,2367.040464134068,2262.34725290411,2262.5419834182753,1126516
2026-06-03,2228.748046875,2296.4334256199477,2221.4438693125953,2275.6895137894794,595642
2026-06-04,2255.4326171875,2267.7037309799803,2186.383884925942,2202.453076062369,506785
2026-06-05,2269.16455078125,2294.1934856121634,2247.154533422556,2267.703715233537,341938
2026-06-08,2273.15771484375,2297.3100069449397,2221.833499713185,2226.508221262717,396578
2026-06-09,2279.390380859375,2302.276804251896,2244.330328002747,2284.746777823582,232521
2026-06-10,2237.805419921875,2299.3552459580214,2234.10458883003,2279.3904926576656,317814
2026-06-11,2218.32763671875,2231.182942654393,2175.671188952385,2227.482111521016,443663
2026-06-12,2211.12060546875,2242.187850995082,2196.3175193676816,2238.9739652142607,179663
2026-06-15,2249.39453125,2286.597095685452,2225.631701421295,2235.9547966432524,531551
2026-06-16,2266.4375,2287.6683564809887,2240.337191930078,2260.3994275829605,621307
2026-06-17,2279.09814453125,2300.134271151713,2259.4256070575234,2274.910368482171,651241
2026-06-18,2275.59228515625,2298.3812242221425,2227.481959243745,2274.13144963238,415284
2026-06-19,2208.29638671875,2219.4961258355156,2093.8642696561465,2117.9193139450026,1187118
2026-06-22,2220.567626953125,2246.959914499547,2211.899859613148,2230.2090469403993,386803
2026-06-23,2185.994384765625,2224.36556962554,2163.984367647964,2224.36556962554,912664
2026-06-24,2202.0634765625,2214.626566463668,2176.9370589939754,2183.4620765222267,692224
2026-06-25,2204.303466796875,2238.8765764759282,2188.7212201809634,2225.729055893753,370762
2026-06-26,2204.303466796875,2204.303466796875,2204.303466796875,2204.303466796875,0
2026-06-29,2150.1552734375,2233.520149047405,2145.2858214357693,2210.731208785789,693813
2026-06-30,2105.16162109375,2161.3550506174247,2094.8382875641214,2151.2264476180085,416895
2026-07-01,2071.27001953125,2130.2876313862344,2065.7188921548886,2122.886207473151,238074
2026-07-02,2186.7734375,2191.448159034053,2100.1946749202307,2102.337186274859,889024
2026-07-03,2236.63671875,2270.1384523700435,2208.783359062745,2211.7050301726163,1356520
2026-07-06,2246.959716796875,2259.425560546231,2217.1588154252486,2258.3541860791497,509967
2026-07-07,2312.60009765625,2340.258488219953,2253.1927868857892,2267.2167126825016,1240074
2026-07-08,2241.89990234375,2325.0,2232.300048828125,2323.0,690474
2026-07-09,2261.300048828125,2274.0,2194.300048828125,2241.0,323700
2026-07-10,2321.89990234375,2363.0,2292.0,2292.199951171875,664698
2026-07-13,2390.39990234375,2410.0,2300.199951171875,2322.0,682431
2026-07-14,2372.300048828125,2422.300048828125,2359.199951171875,2400.0,366125
2026-07-15,2339.199951171875,2368.89990234375,2324.0,2350.0,245735
2026-07-16,2352.0,2392.0,2345.5,2359.0,311584
2026-07-17,2394.199951171875,2407.89990234375,2352.800048828125,2385.0,704251
2026-07-20,2413.39990234375,2458.60009765625,2398.0,2402.10009765625,662456
2026-07-21,2380.10009765625,2450.0,2375.199951171875,2413.300048828125,168717
2026-07-22,2273.800048828125,2363.5,2265.10009765625,2355.10009765625,434670
2026-07-23,2232.39990234375,2285.89990234375,2211.10009765625,2282.800048828125,559481
2026-07-24,2288.10009765625,2340.0,2192.10009765625,2247.0,2105429
2026-07-27,2332.699951171875,2368.5,2316.39990234375,2332.10009765625,726071
2026-07-28,2413.5,2449.89990234375,2368.5,2374.699951171875,1377173
2026-07-29,2361.300048828125,2472.0,2345.0,2455.0,847189
2026-07-30,2346.699951171875,2420.0,2337.300048828125,2346.10009765625,1000809
2026-07-31,2342.300048828125,2351.800048828125,2222.300048828125,2324.60009765625,568913
2026-08-03,2429.0,2429.0,2339.89990234375,2361.0,423329
2026-08-04,2380.0,2441.800048828125,2375.39990234375,2429.39990234375,244238
2026-08-05,2460.0,2484.0,2390.699951171875,2403.800048828125,858129
2026-08-06,2421.89990234375,2458.0,2395.800048828125,2456.800048828125,179783
2026-08-07,2475.0,2498.0,2405.10009765625,2415.0,608641
