Price,Close,High,Low,Open,Volume
Ticker,MRF.NS,MRF.NS,MRF.NS,MRF.NS,MRF.NS
Date,,,,,
2015-01-01,37277.25390625,37609.624484713204,37146.71945801235,37246.48353848815,9595
2015-01-02,37484.22265625,37688.12128114997,37276.88891612909,37442.75590822582,11099
2015-01-05,37763.9921875,38659.77139931021,37295.53981146961,37588.99682209143,38178
2015-01-06,36765.5703125,37639.071582604774,36657.609481363455,37639.071582604774,15734
2015-01-07,36688.08203125,37025.60529027372,36324.8912398066,36803.84471107259,10795
2015-01-08,37370.62890625,37491.839434263915,37013.42666353794,37089.44011049302,13462
2015-01-09,37008.23046875,37775.97906574871,36804.82248315974,37688.13822275557,11069
2015-01-12,37388.24609375,37589.986330234504,36913.759161003916,37098.27397641081,11590
2015-01-13,37462.50390625,37688.14048462751,37297.8636571277,37442.77498668071,9242
2015-01-14,37526.54296875,37676.3616029423,37222.78049307763,37472.21751589917,8681
2015-01-15,37610.98828125,38078.75450359307,37306.48976110103,37747.365463949674,11451
2015-01-16,38435.765625,39134.861704277086,37432.95692703978,37688.137021455885,24081
2015-01-19,38763.91015625,39209.394078845995,38203.39585779926,38203.39585779926,17565
2015-01-20,38780.6875,39238.834538972784,38669.68649398851,38964.02529257678,15524
2015-01-21,38181.453125,38944.343944400214,38080.7574716144,38806.9891690777,8900
2015-01-22,38420.83984375,38753.555356281686,38236.765937232856,38276.024404788215,10228
2015-01-23,38010.203125,38864.91077609692,37707.76716628308,38816.819141762,10573
2015-01-27,39204.09375,39503.83059819762,38082.133587629,38281.91086913536,20521
2015-01-28,38993.0390625,39559.78345050741,38769.21591709178,39306.56628896647,9457
2015-01-29,39161.796875,39356.61703664022,38864.90468912509,39160.32468234277,8400
2015-01-30,39294.6875,39543.09702202441,38915.94291437801,39258.47309210664,7726
2015-02-02,39472.6796875,39729.57733740279,39160.379280631685,39258.47562984466,7555
2015-02-03,39870.33203125,40387.17158561059,39507.34051840663,39648.13051139516,16966
2015-02-04,39356.33984375,40136.16962277606,39006.26521479094,39963.245122075736,8193
2015-02-05,39034.87890625,39564.36068215896,38957.15955715711,39448.42260327511,4235
2015-02-06,38158.7734375,39275.5146008388,37827.27052915129,39153.68131393971,7886
2015-02-09,36638.50390625,38171.0452913106,36462.531918448534,38171.0452913106,9430
2015-02-10,36008.5546875,37629.77289594443,34899.33244376997,36840.80431620492,17124
2015-02-11,37215.390625,37383.15697417315,36353.469513362244,36548.992227771945,15305
2015-02-12,40043.09375,40936.896906665905,37335.98892167267,37620.92146870649,59601
2015-02-13,39876.3125,41051.90496297939,39546.77478564976,40814.133649948875,26119
2015-02-16,40278.31640625,40745.36177359278,39857.158083133945,40037.94290508574,15540
2015-02-18,40721.734375,40971.34594444968,39959.68929375484,40479.100277347294,10466
2015-02-19,40400.48046875,40958.555152138455,39625.26757228258,40958.555152138455,9764
2015-02-20,40230.26953125,40626.47319557356,39928.53421970135,40626.47319557356,7555
2015-02-23,39842.17578125,40438.81483831217,39713.71047583892,40233.46685490173,5923
2015-02-24,40160.453125,40460.41906845071,39781.393841699595,39929.855049583224,6536
2015-02-25,40197.40234375,40411.39729068541,39999.27365774381,40087.06389782489,7821
2015-02-26,39137.75,40281.60614930022,38860.08658135027,40234.444895210596,18102
2015-02-27,40480.8125,40725.70713215172,39301.04427710661,39348.20553023914,13165
2015-03-02,41547.28125,41732.68309878061,40074.329248660215,40583.22771345963,17509
2015-03-03,41241.734375,41625.5605507841,41021.06128582566,41560.859663132556,10024
2015-03-04,40601.8046875,41412.488426321106,40440.770211093426,40750.166113687446,9595
2015-03-05,40906.6875,41207.144749823026,40484.350957523464,40723.7419072643,7062
2015-03-09,40347.77734375,40774.83075281111,40197.45085928783,40774.83075281111,4418
2015-03-10,40541.23046875,40821.69172727246,40430.009301309394,40700.10414369406,7050
2015-03-11,40727.421875,41191.41977570308,40481.84027037877,40627.44985510262,6071
2015-03-12,40923.44140625,41118.71847427298,40705.07497420921,40823.96063574773,6049
2015-03-13,39538.28125,41108.89939642651,39399.303675829426,41053.87792495902,10038
2015-03-16,39459.1796875,39791.66881309239,39004.41979782637,39595.80070542329,10671
2015-03-17,39752.703125,39988.80487074184,39303.984305756414,39594.81197754363,5397
2015-03-18,39846.44921875,40051.64750968254,39608.57809417473,39983.90309682833,4375
2015-03-19,39594.125,40459.04333389231,39448.415638647915,40459.04333389231,6393
2015-03-20,39193.99609375,39885.39889940951,39003.386042290505,39694.05195342118,5935
2015-03-23,37799.64453125,39493.765168132275,37399.90608814702,39301.04420779534,10310
2015-03-24,37054.9765625,38317.522165798844,36930.09600303946,37837.067068512355,9230
2015-03-25,36953.73828125,37345.8160787412,36697.348869796995,37345.8160787412,12640
2015-03-26,36501.32421875,36892.8607445349,36356.69719062547,36746.46440239701,10750
2015-03-27,37003.80078125,37335.99441411589,36263.37136324366,37335.99441411589,7681
2015-03-30,38151.10546875,38451.06768336755,37188.62115203265,37301.61167865045,8712
2015-03-31,38073.52734375,38760.658576681075,37877.85878628442,38317.53926063334,9714
2015-04-01,38865.78515625,38967.37682036424,37734.21060811545,38171.13919964387,7711
2015-04-06,39194.296875,39379.64890181201,38825.60392963062,39287.291441812755,4780
2015-04-07,39902.546875,40041.5743222062,38856.256335780934,39153.666227329515,9166
2015-04-08,40151.0625,40374.9325378307,39841.42103056567,40208.88567829517,7299
2015-04-09,40117.76953125,40391.54889866755,39792.35764876434,40224.61924651768,6553
2015-04-10,40604.75390625,40725.70439708702,39743.32419985323,40185.315074568374,8441
2015-04-13,41124.7109375,41256.269642960135,40578.32665525729,40773.84934301507,8456
2015-04-15,40834.81640625,41246.3950469877,40681.54233738914,41216.96915841709,4894
2015-04-16,40833.34765625,41010.64374210764,40293.054194043936,40775.819979425236,5894
2015-04-17,40297.76171875,41152.70899892508,39988.85708732244,40955.85838458322,6622
2015-04-20,39214.1484375,40666.7636826236,39058.41801846893,40666.7636826236,8571
2015-04-21,38385.72265625,39628.17685235584,38244.92973098953,39301.04554212314,10453
2015-04-22,38062.9609375,38808.79802759066,37533.970425859,38700.72015769433,13941
2015-04-23,39315.0546875,39899.412229510424,38269.89229100805,38298.876818102304,49516
2015-04-24,38264.03125,39682.25754626094,38024.78618432419,39551.58159663103,20820
2015-04-27,36499.1171875,38514.91488316168,36353.45772512837,38220.25690560794,13346
2015-04-28,36663.10546875,37385.06637925291,36034.19284575185,36535.77239522478,18750
2015-04-29,36378.62109375,36967.54572216395,36235.5637537118,36697.351035822554,9515
2015-04-30,36023.48828125,36440.91609384678,35766.066403696335,36278.79926256299,16100
2015-05-04,37152.55859375,37286.86915721309,36157.94655743344,36353.46927053714,11178
2015-05-05,37219.8671875,37433.171353767146,36982.73291942181,37152.268607503545,4729
2015-05-06,35710.59765625,37188.61241749824,35529.026067654035,37031.40824347447,10909
2015-05-07,34391.453125,35665.73929596982,34095.61304768305,35665.5435583924,18142
2015-05-08,35275.0859375,35518.31098962064,34670.34125107921,34671.373670863984,7340
2015-05-11,36073.92578125,36229.11496277807,35381.88220320987,35471.14620677064,8453
2015-05-12,34784.03125,36205.0597264631,34590.377629808136,36063.62584102222,7855
2015-05-13,35509.0390625,35695.177888929946,34644.85735044203,34928.80743053839,11067
2015-05-14,35815.2890625,35949.64951430467,34781.42591506697,35949.64951430467,8303
2015-05-15,35875.53125,36156.97519831304,35665.711948335964,36045.94970381822,5527
2015-05-18,36537.43359375,36697.3396722415,35813.06642712724,35813.06642712724,10926
2015-05-19,35586.80859375,36626.17562018292,35372.03063811242,36451.72730050323,11900
2015-05-20,35294.29296875,35896.53141041608,35032.941097203664,35715.79655105593,10331
2015-05-21,35137.9375,35636.22411086924,35022.14525591216,35459.3694006416,6130
2015-05-22,35052.10546875,35371.91767404714,34958.32413190721,35362.09241428379,5129
2015-05-25,34950.66015625,35469.1882475982,34879.672653455294,35051.61470174697,6353
2015-05-26,34937.7421875,35351.2858500318,34880.65589110558,35174.431168180614,4581
2015-05-27,35116.4296875,35318.830146182554,34504.7109923559,34968.11808015644,7335
2015-05-28,34763.4453125,35370.94200910495,34663.523168922846,35125.31046737505,6443
2015-05-29,35247.44921875,35372.91707819654,34693.00877815454,34693.00877815454,7513
2015-06-01,35399.734375,35744.305569002485,35233.883173645234,35567.450841063495,5403
2015-06-02,34008.4765625,35566.46766704228,33742.898949949806,35518.323880869044,9303
2015-06-03,34141.69921875,34377.605267500614,33287.933942814976,34190.92531091926,8633
2015-06-04,34100.28515625,34388.31112560349,33405.88488730579,34289.17578476719,7349
2015-06-05,33753.1171875,34178.10970274235,33602.39918949067,33897.15707711778,3942
2015-06-08,33241.16796875,33797.91484031672,33171.06319730029,33753.1101155875,4927
2015-06-09,32192.76171875,33463.85490855477,31934.061840859893,33125.86594562154,10185
2015-06-10,32703.51953125,32890.19944714718,32325.101226405637,32423.353813719943,9217
2015-06-11,31299.744140625,33160.255138461005,31126.426156635396,32949.01203165303,14726
2015-06-12,31321.015625,31588.11495053005,30812.017232174225,31435.921280083363,8506
2015-06-15,31656.154296875,31922.56661685289,30951.58525624601,31352.503856121402,7449
2015-06-16,31835.068359375,31922.267535854135,31343.559761812332,31637.33501552795,5565
2015-06-17,32455.337890625,32948.95738591508,31879.57769184853,31879.57769184853,14035
2015-06-18,32429.603515625,32767.247091764773,32236.682970938597,32570.741861829152,4861
2015-06-19,32644.775390625,33084.99314336519,32423.411490670373,32423.411490670373,5975
2015-06-22,33220.6875,33356.767390532805,32325.114790825606,32718.125304999776,9398
2015-06-23,33629.36328125,33838.19997815624,33223.138619668265,33258.509560411985,12198
2015-06-24,33216.74609375,33945.28908653313,32978.629394290234,33628.91573026048,5743
2015-06-25,33170.4375,33435.37421508449,32914.63521026537,33013.37911589617,9508
2015-06-26,33153.03125,33376.41008377056,32914.62283798392,33189.73013334618,6292
2015-06-29,32648.810546875,32914.6338273691,32031.292715218242,32718.128550787795,7182
2015-06-30,33632.7109375,33798.953614947844,32345.010471582085,32423.366941691173,8837
2015-07-01,34149.01953125,34555.43988137959,33436.48859614263,33601.40712264148,13239
2015-07-02,34199.671875,34619.31034645289,34087.61783328954,34241.03776284612,9762
2015-07-03,34251.64453125,34582.951544227515,34054.402428786685,34388.411388373286,5847
2015-07-06,34228.85546875,34329.41472013996,33197.05330148828,33405.89000794535,6105
2015-07-07,34488.8203125,34880.30699467302,34228.255208146125,34388.406931857346,10000
2015-07-08,34317.71875,34732.29483689741,34093.603029448175,34486.66333168597,7929
2015-07-09,34551.80859375,34879.676787958284,34387.43120850006,34387.43120850006,6615
2015-07-10,34584.7734375,34977.92972759784,34467.9487795187,34682.18936669877,4546
2015-07-13,35090.42578125,35164.606496267275,34242.31008258476,34781.421345846924,10799
2015-07-14,34866.0234375,35320.68742242059,34732.30009063848,35320.68742242059,5496
2015-07-15,35023.9140625,35260.89860316839,34899.328978615165,34977.93107090935,6461
2015-07-16,35470.46875,35634.25507629194,34977.92766946049,35272.68548689976,7772
2015-07-17,35584.83984375,35762.97261870518,35479.022535274155,35566.46737065603,8249
2015-07-20,35958.98046875,36107.83316875179,35573.43877305125,35734.473261156534,6498
2015-07-21,35523.09375,36201.182763983306,35382.00143328793,35940.81328556139,8268
2015-07-22,35723.13671875,35908.34294773327,35567.45617609731,35665.56297370321,6335
2015-07-23,37428.59375,37630.69859504318,35886.71482042496,35886.71482042496,19862
2015-07-24,37858.25390625,38514.9728091842,37488.578465126615,37488.578465126615,22726
2015-07-27,38304.859375,39399.293578380595,37336.97145316811,38023.75714422267,66489
2015-07-28,38599.60546875,38879.42572518965,38231.10842752626,38698.740779330954,14637
2015-07-29,38814.54296875,39104.533976345076,38614.25351267181,38755.73725369175,10506
2015-07-30,38714.18359375,39114.317381057954,38570.0477705614,39081.943910984846,7533
2015-07-31,40125.625,40460.370841056225,38554.3202923658,38858.903352779496,16848
2015-08-03,41811.09765625,42002.98574821395,40195.13794057153,40676.52577805702,29745
2015-08-04,44901.34375,45274.753568288776,41757.359964045325,41952.882661288735,51033
2015-08-05,44591.6015625,45588.228445741996,44166.51318116757,44901.34291506191,31505
2015-08-06,43985.4453125,44652.87032277071,43813.7375163354,44593.914856276424,13216
2015-08-07,44140.34375,44706.907247515555,43844.242259478786,44021.058739663385,18023
2015-08-10,43735.875,44536.541043170575,43479.66432266363,44119.33124863095,9673
2015-08-11,41800.359375,43823.56440940223,40531.884123045784,43646.69800595621,23911
2015-08-12,40796.14453125,41553.772065296616,40581.98959727632,41268.820684380655,17464
2015-08-13,41125.60546875,41898.06777497934,40867.87110619823,40964.21491227743,13040
2015-08-14,41826.59375,42172.81126970875,41298.30516462858,41355.29545012819,13375
2015-08-17,41855.8828125,42437.18535821188,41465.35266975621,41858.389187952955,9371
2015-08-18,43369.6953125,43625.06914253682,41928.23451624563,42195.29964225582,13425
2015-08-19,43286.875,43725.30640579483,42891.18630945578,43495.38007548121,13203
2015-08-20,42689.88671875,43893.85602675606,42457.74963586472,43306.708110416606,12185
2015-08-21,42633.25,42843.965875276685,41072.304380056616,42447.931799484344,13184
2015-08-24,38113.671875,41956.63512008243,37338.65323446218,41956.63512008243,24954
2015-08-25,39188.48046875,39549.28711046634,36040.5046034045,39185.72844634528,30120
2015-08-26,39372.171875,39843.76561171902,38146.73516439193,39205.37706904834,24497
2015-08-27,40195.6796875,40777.51931026382,39794.92848351048,39794.92848351048,17189
2015-08-28,40293.70703125,41023.081383121724,39990.477862145606,40826.66294435121,16890
2015-08-31,39689.00390625,40727.40664604658,39193.58238552211,40293.69259608175,7629
2015-09-01,38993.62109375,39537.239404932385,38340.88531639752,39499.16401485861,18614
2015-09-02,39562.40234375,39838.46048593163,38965.67413014884,39164.107592221444,12230
2015-09-03,39557.88671875,40060.186486776234,39451.0299439951,39622.98337463517,9436
2015-09-04,38004.75390625,39353.751534045936,37780.62336730833,39352.768943061084,17021
2015-09-07,37343.5703125,38249.91464138985,37110.500472437416,38006.62355099236,7879
2015-09-08,38643.9296875,38859.01732070788,37033.16750398793,37338.45775806054,11752
2015-09-09,38838.53515625,39478.89288280435,38537.22511375336,38871.30610658039,7510
2015-09-10,39906.95703125,40089.718985448366,37830.7918251174,38056.737892779434,16595
2015-09-11,39830.50390625,40823.36219908849,39304.67187608749,40089.71217566244,9765
2015-09-14,40105.05078125,40286.23906261335,39453.393229034824,39834.68851054388,6425
2015-09-15,39539.4609375,40481.76568499161,39156.150661850734,39942.32323830455,10425
2015-09-16,39179.2890625,39814.583988033235,38812.341251908016,39560.09294033085,12667
2015-09-18,39467.24609375,39794.94023120947,39320.93981175412,39487.38921164481,9294
2015-09-21,40697.68359375,40856.12636373925,39116.94060943866,39597.42752122001,16371
2015-09-22,40721.0859375,41071.32980510577,40154.57221023116,40698.92773816314,21202
2015-09-23,40222.8046875,40510.65395834029,39814.68781145257,40049.42727016382,6388
2015-09-24,40543.86328125,40820.758176914154,40161.243902960574,40286.12890899355,7713
2015-09-28,40524.94921875,41258.99456583251,40295.51422872566,40875.78408998887,6615
2015-09-29,40850.296875,41335.64703568754,39991.462259971544,39991.462259971544,7602
2015-09-30,41205.87890625,41450.59391866484,40925.890418544725,41266.84943454038,6592
2015-10-01,40905.1171875,41489.90468171784,40679.412965798576,41268.82170828062,5417
2015-10-05,42131.29296875,42803.6308879241,40893.473906010404,40998.51135289635,14409
2015-10-06,41808.8984375,42742.70525883825,41716.488831554256,42349.718785837475,10762
2015-10-07,41846.3984375,42221.89413073931,41661.86704177409,41809.255722346395,5104
2015-10-08,41166.53125,42084.37100514202,40856.182196842645,41907.50463155048,9062
2015-10-09,40653.51953125,41848.545798108,40502.396285466355,41200.085711109066,9340
2015-10-12,40389.05078125,40851.213915225904,40087.641042981915,40689.08642764894,9874
2015-10-13,40463.58984375,40742.15440029262,40237.05271451028,40676.91189130739,5714
2015-10-14,40536.53125,40757.85979190275,40335.34581623934,40561.29176650622,4728
2015-10-15,41120.34375,41413.25561100678,40581.00118002658,40581.00118002658,5489
2015-10-16,41169.57421875,41593.07087710178,40993.88620629046,41220.668943191515,5778
2015-10-19,41185.1015625,41327.772992628554,40940.73197486462,41327.772992628554,4304
2015-10-20,41438.71484375,41846.54004920472,41170.56726670768,41337.60775442463,5936
2015-10-21,41490.7421875,41641.224465573796,41294.96092850933,41294.96092850933,4672
2015-10-23,41888.92578125,42151.177715396676,41565.55363226048,41565.55363226048,5706
2015-10-26,41501.89453125,42141.070018544,41330.727935507086,41956.63844343372,6702
2015-10-27,40854.5625,41504.69617630404,40777.528896371405,41337.605799285426,8802
2015-10-28,40529.96484375,41258.99749334746,40389.504223171716,40581.009680286974,5291
2015-10-29,39951.9921875,41509.49441009372,39795.90611880846,40649.777440930004,54271
2015-10-30,39059.37109375,40332.9089790768,38822.17513279309,39966.893787050336,13081
2015-11-02,38673.59375,39193.58000955353,38430.106993422785,39193.58000955353,7442
2015-11-03,39039.91796875,39500.162103332026,38822.174246334536,39052.10056305542,5738
2015-11-04,38340.5546875,39352.769263481874,38223.280917205404,39352.769263481874,8203
2015-11-05,37885.171875,38492.021640377054,37672.54070791995,38492.021640377054,6625
2015-11-06,37841.890625,38210.99940461471,37534.9767860595,37687.2783934375,13957
2015-11-09,38288.328125,38655.08021740663,37077.77600753191,37338.45816865863,5265
2015-11-10,37442.40234375,38518.51831327928,37360.986874546994,38324.00021323863,4756
2015-11-13,37712.73046875,37832.665700060716,37122.29752029361,37341.332379280706,5892
2015-11-16,37358.77734375,37930.88513505765,37144.801667477695,37750.61569467346,6267
2015-11-17,38844.875,39256.56255698666,37473.46344919999,37577.18471499086,11203
2015-11-18,38257.28515625,39190.17761619769,38127.52323252552,38853.664125082345,7357
2015-11-19,38651.28125,38912.62070493554,38422.26999578221,38468.455333117294,4342
2015-11-20,38699.28515625,38863.49031836288,38324.006230654435,38667.79375529685,3635
2015-11-23,38495.37890625,39002.04341942073,38396.12956421519,38423.25270200982,2475
2015-11-24,38278.3984375,38775.77353972405,38178.55798795883,38422.25927440519,3021
2015-11-26,37994.515625,38618.704798313964,37824.07283907125,38520.537922036645,26495
2015-11-27,38747.2890625,39051.17877148545,38186.92331779845,38186.92331779845,7565
2015-11-30,38176.59765625,38955.60660842483,38137.29099199646,38651.22562711149,5873
2015-12-01,38557.296875,38795.152191690984,37930.94646031857,38412.45329362313,4465
2015-12-02,38600.9140625,39110.181033846166,38435.08907183012,38656.1391583511,3409
2015-12-03,38472.67578125,38638.10540091008,38323.99755635514,38422.26421675605,2946
2015-12-04,38943.875,39085.574795093584,38244.55781810825,38470.42533383076,6412
2015-12-07,38492.171875,39036.42320250456,38427.170027286105,38916.04656707833,3059
2015-12-08,38535.32421875,38999.09299622186,38375.24551153583,38375.24551153583,2503
2015-12-09,38368.8046875,38660.4109718286,38158.90558735709,38525.440192427246,4418
2015-12-10,38759.32421875,38889.03622840634,38337.7601873669,38368.22285630134,2852
2015-12-11,38731.23046875,39291.9418204166,38475.836839002164,38620.78022823591,5430
2015-12-14,37933.54296875,38717.073917572445,37516.3049270683,38422.273862362505,6606
2015-12-15,38118.23046875,38323.89952765296,37930.9326699424,38266.954763023896,2466
2015-12-16,38061.23828125,38546.184304343435,37944.101338171866,38206.081819397536,3405
2015-12-17,38465.4609375,38617.82419896274,38031.41776137576,38166.780118774346,3322
2015-12-18,38484.125,38716.96710037639,38284.9891342039,38461.573567570995,4519
2015-12-21,38533.3203125,38646.768447708266,38311.237574871535,38311.237574871535,1704
2015-12-22,38496.265625,39017.17496775499,38423.2527175276,38533.31139388787,3321
2015-12-23,38606.8515625,38913.48954102377,38520.52278405876,38520.52278405876,1729
2015-12-24,38854.26171875,38962.74662032863,38429.15843836549,38429.15843836549,2232
2015-12-28,38972.3203125,39292.91536168596,38898.86596789724,38898.86596789724,3026
2015-12-29,39095.29296875,39268.58776833998,38968.67867369671,39011.86610536701,2639
2015-12-30,39102.625,39239.852891013725,38993.44917688917,39110.09096497963,2992
2015-12-31,39186.30078125,39364.409163585944,38720.07522068661,39248.700131751146,4678
2016-01-01,39849.25,40706.626784329594,39185.90384646506,39397.422875493074,6316
2016-01-04,39803.73828125,40041.68940830115,39550.99341902131,39699.72151014446,2921
2016-01-05,39889.640625,39982.74830790833,39622.89647951092,39896.27362615706,1951
2016-01-06,39718.6015625,40485.918399296854,39599.11159355259,39938.52314015762,4594
2016-01-07,38389.1015625,39551.3505593463,38324.982562673984,39551.3505593463,4983
2016-01-08,37968.81640625,38786.69065150753,37842.543737903165,38476.31384529437,4941
2016-01-11,38303.0234375,38475.82692838447,37406.1941247081,37911.284856072045,2933
2016-01-12,38202.09765625,38553.500775329696,38029.19823199655,38364.287549751345,2333
2016-01-13,37777.38671875,38502.59462376544,37194.419795104455,38330.8736462567,4089
2016-01-14,37517.3359375,37863.18475353798,37233.44119299281,37684.289493086144,1903
2016-01-15,37034.80078125,37813.0230808194,36850.009499239284,37636.14303522305,2835
2016-01-18,35565.8515625,37292.201185068116,35376.00112417529,36664.277165114,4059
2016-01-19,35731.7265625,36162.13457730598,34923.97453471344,35597.101224535574,3452
2016-01-20,34432.890625,35552.885119612445,34019.9248988663,35552.885119612445,7301
2016-01-21,34304.0078125,35061.49405072084,33902.047275916535,35051.71728585288,4251
2016-01-22,35608.2109375,35818.20607205762,34541.37638685392,34541.37638685392,4704
2016-01-25,35498.8828125,37536.83365286396,34900.734387316836,35965.59957257845,28052
2016-01-27,35141.203125,35670.81071639896,35032.07719117419,35641.33070754243,6205
2016-01-28,35113.58984375,35454.625192194486,34788.37696934782,35454.625192194486,10884
2016-01-29,35008.734375,35366.67077010456,34688.139319673,35081.20605417354,7688
2016-02-01,33718.28515625,35474.260272006104,33425.69620899267,35081.19367619441,7872
2016-02-02,34018.703125,34486.69828263224,33410.77772231915,33508.9446199675,7620
2016-02-03,33608.4296875,33881.756896429695,33412.633346277544,33705.46802474325,5986
2016-02-04,33140.8125,34195.70477309444,32894.804294908776,33941.294003429815,6707
2016-02-05,33587.89453125,33754.60240772465,32876.198147151175,33165.248032352516,4040
2016-02-08,33548.38671875,34147.66753609147,33199.44407965733,33587.89299058919,4057
2016-02-09,33072.72265625,33508.926768711375,33017.593531633494,33312.39347388022,2474
2016-02-10,33239.046875,33902.68853328513,32624.534713585064,33410.66808017747,12515
2016-02-11,31744.953125,33508.93791570539,31250.819507947694,32920.420303975174,9773
2016-02-12,31260.443359375,32624.48253813592,30642.689592451923,32624.48253813592,7938
2016-02-15,32740.146484375,32918.746172606225,31739.154498929456,31739.154498929456,5158
2016-02-16,32651.607421875,33256.438771030735,32492.856850013748,33256.38886998776,5308
2016-02-17,32764.375,33015.100921458165,32035.923267049213,32918.35813388797,5692
2016-02-18,32855.5234375,33203.04211192751,32546.12917461306,33017.6136032394,3963
2016-02-19,33019.56640625,33223.96107955813,32437.827720680685,32526.2677235544,2935
2016-02-22,33145.24609375,33496.59931995385,32846.024100708775,33017.59923213525,2621
2016-02-23,33006.78515625,33479.4477440066,32884.542978741425,33144.35846661575,3566
2016-02-24,32196.490234375,33204.312975335924,31951.462638341698,32821.1228035732,5353
2016-02-25,31423.419921875,32501.55498656754,31282.50705360144,32501.55498656754,4969
2016-02-26,31810.390625,32009.871937168882,31543.596653306147,31881.633950774598,2198
2016-02-29,31982.90234375,32219.133878269924,31248.800432546872,32031.98577672108,5158
2016-03-01,33268.08203125,33578.90028275353,31655.62574447429,32624.535131202163,4387
2016-03-02,33473.40625,34589.76147178535,33312.34490531898,33607.19476039139,8744
2016-03-03,33475.5703125,34000.26437611033,33324.18975498999,34000.26437611033,4991
2016-03-04,33633.4375,33823.38774040505,33041.18504890701,33695.64106968301,3728
2016-03-08,33858.6171875,33975.700386749435,33410.667046984265,33902.0003859105,4297
2016-03-09,33809.0390625,34039.57420381204,33500.04028897311,34039.57420381204,3377
2016-03-10,33819.109375,34000.365306303,33617.02551732576,34000.315405263034,3388
2016-03-11,33901.7890625,34195.752128861044,33361.46850222325,33967.823465239664,4655
2016-03-14,34001.9921875,34157.49921427384,33739.07890785888,34000.272520537255,2592
2016-03-15,33760.9375,34007.73653695329,33322.226733495154,34000.26673485498,6398
2016-03-16,32874.484375,33764.43512930516,32773.02401623688,33705.47511452756,7147
2016-03-17,33348.51171875,33508.981946959735,32919.33206857242,33400.8387167396,4815
2016-03-18,34115.140625,34195.81909791319,33312.40171899356,33312.40171899356,7987
2016-03-21,34145.0625,34422.86158565283,33903.226709499664,34195.815695485784,4300
2016-03-22,34206.734375,34687.1087829046,33852.87449112854,34053.33853746208,6170
2016-03-23,34727.8828125,34927.855487114284,34000.26801795702,34206.6280261585,8465
2016-03-28,35533.03515625,35793.637619749745,34619.45061455331,34737.466592227815,8607
2016-03-29,36275.63671875,36466.81531484037,35130.33854872107,35523.259409136735,8080
2016-03-30,37254.85546875,37537.96324653167,36083.566803667156,36348.83687985499,9671
2016-03-31,37632.9296875,38323.98983758413,37203.70023361093,37384.56075336027,14028
2016-04-01,36609.29296875,37586.9464038896,36466.85621712756,37586.9464038896,5483
2016-04-04,36206.01171875,37046.5372769748,36093.350508840434,37046.5372769748,4163
2016-04-05,35122.62890625,36564.20135944394,34886.642967478656,36162.144701797486,7376
2016-04-06,35547.609375,35965.5880380662,35179.35516414576,35179.35516414576,5803
2016-04-07,35170.67578125,35898.78194673533,34982.93652972128,35670.80325923827,3568
2016-04-08,34853.46875,35464.34197858874,34701.69664342116,35088.521860760404,5444
2016-04-11,35180.15234375,35366.17190393999,34527.857469072114,34884.76505881366,4798
2016-04-12,35641.08203125,36014.69121090208,35248.26094640679,35248.26094640679,9784
2016-04-13,35961.47265625,36358.66574514131,35671.781762550665,36333.116412455536,11221
2016-04-18,36103.17578125,36287.91712710942,35514.55840800643,35670.802418600295,4193
2016-04-20,36178.1015625,36553.234561419886,36063.86656282891,36211.266562404504,4642
2016-04-21,35388.57421875,36377.28261918317,35179.46201204281,36299.70186382294,5223
2016-04-22,34925.88671875,35473.281921044225,34800.205194865724,35375.99792674567,5823
2016-04-25,34791.21484375,35188.50775977956,34540.73463638396,34884.66798269219,6137
2016-04-26,35101.8828125,35320.96755884819,34786.39693921728,34884.66359723767,3045
2016-04-27,34183.2890625,35225.602850358686,34029.74739255812,35101.83674876029,8962
2016-04-28,33521.8046875,34525.99012544896,33410.71346344672,34383.50347202104,11105
2016-04-29,33202.09375,33754.59805143876,32973.81952880265,33754.59805143876,10273
2016-05-02,33594.421875,34147.66315138064,33164.99658587329,33169.909918700825,8833
2016-05-03,32855.37109375,34338.66085648702,32625.526819610033,33902.01124293082,31798
2016-05-04,33130.65625,33504.61081412227,32722.79968620283,32870.19968478933,9253
2016-05-05,33249.421875,33383.310258039,33066.74560926531,33341.792575959014,3695
2016-05-06,33157.18359375,33292.741672373064,32821.06174313047,33292.741672373064,3867
2016-05-09,33103.1875,33400.78575819919,33017.69551111052,33117.04079507463,5052
2016-05-10,32755.615234375,33257.36630397206,32639.269051720603,33201.35431131971,7771
2016-05-11,32278.787109375,32719.41723562977,32102.743875582313,32712.97999994292,8083
2016-05-12,32720.248046875,32811.24452818315,32034.987655429235,32236.38444884841,9344
2016-05-13,32336.66796875,32919.33951037517,32280.60605718878,32719.858139610802,3899
2016-05-16,32458.455078125,32581.388184800835,32044.75250817887,32427.992418580274,5103
2016-05-17,32241.49609375,32653.970516569647,32171.874529166438,32460.73061006292,3289
2016-05-18,32304.572265625,32526.263378631214,32088.976756169253,32251.116739778743,5231
2016-05-19,32014.490234375,32359.89753680208,31838.397151173074,32231.463782669038,4674
2016-05-20,31451.037109375,32132.22095170736,31374.584866390796,32014.496704075562,5332
2016-05-23,31232.87890625,31794.127389674137,31170.184010550776,31646.777303271996,5300
2016-05-24,30624.271484375,31297.93951854947,30464.638020535967,31238.97950689757,10561
2016-05-25,31411.3359375,31514.122495117248,30659.202427429318,30855.735776323094,6196
2016-05-26,31988.80078125,32317.94424317709,31360.38539133539,31445.336164609187,8835
2016-05-27,32960.79296875,33140.42515881638,32086.07398659415,32133.192073930193,7921
2016-05-30,32868.14453125,33253.449779986644,32646.26140349319,33134.547078350166,2884
2016-05-31,33189.0234375,33410.56485647615,32723.880501915264,32993.868152354604,5849
2016-06-01,32764.02734375,33291.76932927141,32624.53855579595,33115.871967780826,2861
2016-06-02,32846.23046875,33010.72736338188,32527.255275066338,32727.719311684978,3930
2016-06-03,32848.24609375,33096.123837607476,32712.98352037832,33096.123837607476,3984
2016-06-06,32685.845703125,32969.936132808325,32575.395520396884,32919.328806434256,1426
2016-06-07,32441.271484375,32876.7886569599,32221.645447246014,32821.07221524906,3400
2016-06-08,32046.97265625,32742.355223438728,31959.26965171734,32742.355223438728,5160
2016-06-09,31982.31640625,32231.422450184084,31936.672299241553,32133.205667236885,2255
2016-06-10,31638.97265625,32074.24414478956,31528.8640743129,31985.804133360914,4481
2016-06-13,31428.28515625,31634.938809327952,31348.689154462652,31445.334039445333,3867
2016-06-14,31369.859375,31740.12889088424,31337.235613941128,31445.328932145378,3641
2016-06-15,31114.8125,31641.865361065335,31003.673288439975,31430.592036449525,5612
2016-06-16,31047.548828125,31273.366393863485,30970.70506317032,31199.666394506385,5178
2016-06-17,30789.154296875,31295.964574739286,30709.362539982998,31199.66325194588,5243
2016-06-20,31688.00390625,31789.26847973385,30483.30440524958,30786.94842256759,9127
2016-06-21,31292.92578125,31861.987730693487,31152.5023142871,31816.78505873408,3800
2016-06-22,31168.9609375,31593.668738609336,30954.002586206898,31322.25695030788,4146
2016-06-23,31127.8359375,31292.92394715412,30954.00181014692,31189.841823938517,4284
2016-06-24,30774.419921875,30954.002268368473,29579.25150095744,30953.019601629792,5841
2016-06-27,31318.51953125,31423.664864915565,30604.36652899346,30796.773430643087,2856
2016-06-28,32370.90234375,32575.396792363827,31347.063579982085,31641.8635509537,8766
2016-06-29,32938.19140625,33089.86750317283,32329.725128380833,32720.826362456686,15103
2016-06-30,32504.306640625,33155.177524995044,32281.536846836203,33155.177524995044,15793
2016-07-01,33073.26171875,33312.395152703626,32477.128607576837,32504.297801540106,7303
2016-07-04,34537.390625,34618.360815468244,33114.88095377287,33114.88095377287,15055
2016-07-05,34143.9375,34589.772673835054,33902.98836057496,34393.438911694706,10171
2016-07-07,34620.57421875,34786.39921500798,34222.74009231088,34339.18608968316,7606
2016-07-08,34777.66796875,34855.19886045685,34393.345365548055,34620.34144496067,6312
2016-07-11,34681.015625,35218.8299621119,34580.9294704642,34887.32576336908,4305
2016-07-12,34627.4453125,35061.53820777139,34564.308994398845,34737.25828600668,5404
2016-07-13,33892.22265625,34884.616170572,33705.466091727314,34756.91940712522,7764
2016-07-14,33968.140625,34383.51313543813,33501.56963617961,33911.83304669819,5128
2016-07-15,33628.68359375,34224.3256494788,33548.25076585524,34049.410926680845,3995
2016-07-18,33999.4375,34098.54099100615,33562.25053723549,33754.607580434036,8115
2016-07-19,34225.78515625,34334.36981177953,33756.61177207977,33999.28051281511,3656
2016-07-20,34705.38671875,34761.64439646822,34206.68328744875,34393.34008974159,3785
2016-07-21,33793.21484375,34810.96180043734,33519.7379809377,34705.37504957233,5538
2016-07-22,33561.60546875,34088.510562475116,33461.814902032784,34088.510562475116,5259
2016-07-25,34067.1328125,34475.97198580748,33626.89821159033,33828.29494713309,6166
2016-07-26,33275.5546875,34318.55569901002,33045.119321705424,34293.98902888267,4821
2016-07-27,33436.31640625,33803.733944138934,33154.141364692994,33400.84060352565,4308
2016-07-28,33463.6328125,33825.59963565341,33312.40193911352,33656.3352924672,3769
2016-07-29,33257.51953125,33497.24415704107,33115.869653889116,33497.24415704107,4274
2016-08-01,33213.29296875,33851.880369004306,33066.729786553886,33371.35642054591,9334
2016-08-02,33334.453125,33596.62930452467,33165.925826924555,33165.97572795578,9366
2016-08-03,34100.51171875,34424.853691086835,33267.01189669648,33504.492639205484,10148
2016-08-04,34799.69921875,35040.72894459326,34045.52768413144,34424.85561528025,8309
2016-08-05,36526.90625,36942.54763311586,34809.65501236688,34809.65501236688,28926
2016-08-08,36550.796875,36991.81217706982,36382.293947928105,36794.7327302021,8740
2016-08-09,36363.56640625,36706.04193784986,35475.280961195516,36550.79185506051,8284
2016-08-10,36180.68359375,36558.186960635765,35475.33549116334,36459.69727796565,9823
2016-08-11,36125.40234375,36755.317537744726,35474.301108815285,35878.31398255457,14507
2016-08-12,35601.671875,36333.429582729535,35474.01286172924,35681.242721444534,7954
2016-08-16,35598.7734375,35957.654507358246,35474.31693906351,35474.31693906351,4491
2016-08-17,35991.68359375,36368.54799167695,35489.08097054109,35489.08097054109,5045
2016-08-18,36020.1640625,36290.16293167998,35775.83556368043,35993.36202489022,6253
2016-08-19,35582.79296875,36262.61695729618,35486.12396375408,36019.223848914335,5577
2016-08-22,34967.41796875,35769.82395667221,34784.47664001557,35768.93863873486,6810
2016-08-23,35222.296875,35326.45262766702,34807.49454029968,34967.42533476962,8437
2016-08-24,35770.21484375,35957.14392324358,35178.68013318157,35247.65793736429,10758
2016-08-25,35926.4375,36262.60409584178,35671.36598558349,35772.86186117783,10211
2016-08-26,35809.046875,36325.0525582246,35683.21239071896,35967.00685577273,8695
2016-08-29,36924.45703125,37041.18040763348,35868.45767352025,35868.45767352025,15241
2016-08-30,37042.51953125,37531.769382731974,36743.74778353018,36844.011977665716,13204
2016-08-31,36885.1953125,37434.207876852386,36765.7659299426,37434.207876852386,6960
2016-09-01,36688.1640625,37297.28583158279,36557.74519706224,37198.74610679658,5262
2016-09-02,38285.203125,38430.499204072126,36691.27276573399,36844.00936513479,21168
2016-09-06,38958.47265625,39152.299541851164,38334.91245395169,38430.495995273275,14428
2016-09-07,39311.05859375,39747.982342778574,38972.47444422968,39307.40954332203,16406
2016-09-08,39451.171875,39790.34487199689,39048.44074912139,39297.64619849519,9369
2016-09-09,39614.4453125,39957.7099648682,39245.21775358284,39415.88777781923,13878
2016-09-12,38529.23046875,39366.62185824461,38130.687303408486,39366.62185824461,16133
2016-09-14,40128.19921875,40401.30061726322,38529.045222804685,38538.89919856499,17913
2016-09-15,40523.4765625,41263.213509210014,40228.84278436102,40228.84278436102,18371
2016-09-16,39916.26953125,41110.717089744205,39612.96353316207,40746.17020139929,18045
2016-09-19,42472.24609375,42638.13926145879,39928.34684752298,39962.785711774,35959
2016-09-20,42983.5234375,43279.635329683006,42273.544674379016,42716.97346466971,33084
2016-09-21,43166.94921875,43653.09647276357,42773.03668342297,42815.50884292499,21206
2016-09-22,43727.84375,43849.19388624409,43195.382786140195,43799.92402188057,15927
2016-09-23,45171.90234375,45793.14541619171,43469.82450391649,44145.80717630364,38540
2016-09-26,45047.87109375,45672.17019641285,44794.1813801492,45131.13714871552,18111
2016-09-27,45882.45703125,46232.71954524673,45090.79046070067,45090.79046070067,16890
2016-09-28,49026.8046875,49457.076759433134,46027.895107254866,46214.92423272372,64713
2016-09-29,47895.8125,50763.16756334809,47161.39536848991,49565.467586120874,76122
2016-09-30,50129.6796875,50403.07742855864,48038.12364891952,48038.12364891952,33197
2016-10-03,51137.0703125,51678.15327162909,50503.01746853172,51053.41165820882,25479
2016-10-04,50478.796875,51732.36840267944,50162.730718213024,51437.73463532385,19591
2016-10-05,52909.72265625,53111.92539837983,50452.33826967193,50922.37274925462,42292
2016-10-06,53105.8203125,53851.96237728007,52527.29201871423,53211.45413308552,34564
2016-10-07,52691.07421875,53733.724836921494,52290.11752193727,53733.724836921494,18743
2016-10-10,52259.56640625,53297.336152170916,51940.44391433469,52768.03147140867,12551
2016-10-13,52591.9296875,52955.24486072036,51832.088376471496,52314.63660938943,24543
2016-10-14,51683.10546875,52768.027948131756,51438.7269266186,52531.53258477878,14336
2016-10-17,49144.7734375,51831.90204567048,49022.584162715524,51782.43586717202,19866
2016-10-18,50873.69921875,51020.916035783914,48039.10380401532,49555.63024971653,39429
2016-10-19,49780.6875,51020.90993395816,49644.31006958325,50871.129562172195,23916
2016-10-20,49043.26953125,50749.97751114472,48806.724159460544,49910.36904253335,22521
2016-10-21,49701.72265625,50353.80941516359,49002.386859713246,49455.02686632997,22623
2016-10-24,49220.4375,50185.287503826105,49073.75960607991,49864.048058200875,8325
2016-10-25,49368.44921875,49565.4786168895,48984.09427525998,49327.99789429168,9424
2016-10-26,48913.69140625,50029.60375154171,48517.85810098978,49348.69425217563,15490
2016-10-27,45725.9765625,49362.97735047505,45525.29812411051,49072.77789085943,37965
2016-10-28,47255.2578125,47486.28337878965,45724.39347048345,45724.39347048345,24430
2016-11-01,49363.921875,49706.397486672904,47300.10724799841,47582.86624182664,30014
2016-11-02,48845.2421875,49505.90081216708,48143.639549137675,48777.149717605396,22450
2016-11-03,49530.3046875,50035.51709716319,48415.42390851594,48580.08533174755,19387
2016-11-04,49446.9375,50155.734510104034,48827.41902021975,49712.30574864415,22877
2016-11-07,50109.3671875,50255.25600934514,49614.747844520156,50058.176574014375,11676
2016-11-08,51289.703125,51637.86530350786,49627.043468549695,50258.22768089505,18329
2016-11-09,51407.8046875,52055.69151389139,46316.399764366484,47498.946141329034,27056
2016-11-10,52737.07421875,53155.44996607653,51834.94008556962,51834.94008556962,13832
2016-11-11,51812.1875,52581.828152835435,51253.92702646444,52376.06814875733,15517
2016-11-15,49379.49609375,52278.40950363373,49044.34116901483,51775.827244503605,24843
2016-11-16,49813.23828125,50948.04012672557,49627.52999578143,50263.0485929074,13312
2016-11-17,49151.4609375,50504.591343092674,48781.22609826316,49974.41631592031,11124
2016-11-18,48366.63671875,49350.121064779734,48178.7111712142,49075.67177583256,14112
2016-11-21,45993.51171875,48780.03258587416,45824.65242981282,48394.71960120594,13855
2016-11-22,46264.3671875,46777.34672375041,45775.385028043886,46178.43625356045,16524
2016-11-23,46822.68359375,47488.70519522913,45882.805464207726,46799.2790269593,14321
2016-11-24,46528.02734375,47180.6451402733,46150.89435640109,46783.50663970873,9048
2016-11-25,46582.96484375,47080.32336468165,46426.770178414656,46852.48686879238,7607
2016-11-28,46882.109375,47755.1728937051,46562.77175459278,46709.604622136365,8314
2016-11-29,48404.53515625,48778.0728063595,47025.933054254216,47025.933054254216,13814
2016-11-30,49174.33203125,49859.319874406385,48780.049725913326,49272.77750092255,35735
2016-12-01,48172.31640625,50061.08810323429,47976.407087870706,50061.08810323429,15416
2016-12-02,48131.21875,48622.36816878542,47577.785472009724,48080.36771291124,11376
2016-12-05,49735.25,49984.57024131934,47697.131706263885,47697.131706263885,16302
2016-12-06,49573.03515625,50331.68949999135,49135.83942840028,49902.47365084478,13166
2016-12-07,49418.41015625,49967.80142033133,49085.52262581306,49665.95572813395,8158
2016-12-08,50668.71484375,50917.492275977835,49667.93489716385,49667.93489716385,10465
2016-12-09,52262.15234375,52670.62363352881,50540.46156302879,50904.68744225348,17815
2016-12-12,51475.265625,52225.986359530034,51244.66904882981,51934.48786643295,8233
2016-12-13,51661.71484375,52574.050304774115,51559.03115174849,51784.70045858622,11944
2016-12-14,51992.33984375,52228.1601332486,51456.54841634199,51456.54841634199,7681
2016-12-15,51848.1640625,52495.21569853211,51637.869393712834,52229.1427073813,14182
2016-12-16,51396.12890625,52226.07865689599,51224.267027856185,52150.298677993946,13605
2016-12-19,50811.60546875,51625.0488078682,50682.95350444709,51625.0488078682,4267
2016-12-20,49100.61328125,51168.73778280372,48957.425837165276,50685.91466402493,12476
2016-12-21,48144.57421875,49458.04010772278,48090.227888277506,49458.04010772278,11398
2016-12-22,47533.09375,48532.6919533174,47356.254552151164,48087.95517095232,9556
2016-12-23,48283.86328125,48962.34929288635,47270.468727581676,47666.475501598325,10845
2016-12-26,47616.6640625,48292.29385154195,47301.86109226365,48286.13475504557,6624
2016-12-27,47984.73046875,48129.642457379014,46821.25407307559,47850.56225380312,10685
2016-12-28,47780.7421875,48375.95727034899,47653.12570864413,48286.28082574757,5321
2016-12-29,48182.66796875,48267.61346838049,47646.77646378515,47646.77646378515,9163
2016-12-30,48194.3359375,48582.951819055925,47794.58748933493,48385.86073662568,7871
2017-01-02,48370.48828125,48587.83125212205,48089.97992526186,48287.317380474924,8367
2017-01-03,49658.515625,49765.48755675391,48387.082096951744,48670.546745211665,9526
2017-01-04,49653.25,50031.31837974293,49451.72439452317,49942.677446878566,7045
2017-01-05,50958.52734375,51233.815793350106,49814.810349510604,49961.246682413774,8444
2017-01-06,50829.0078125,51920.20350598575,50381.414674414154,51243.68827519875,14670
2017-01-09,50602.30078125,51043.638566988775,50086.46486932368,50829.00558906085,5351
2017-01-10,52253.8203125,52885.447153258116,49084.249437366896,50898.66906957021,14460
2017-01-11,54594.22265625,54746.425454761214,52623.36213369349,52917.96322054095,35021
2017-01-12,54211.46875,55131.29109271695,53830.540273045655,54722.427270539345,18119
2017-01-13,52583.5,54494.64034768374,52120.728670405355,54297.45305993576,22090
2017-01-16,52319.84765625,53074.21375798295,51795.38906710074,52523.78687950946,13559
2017-01-17,52898.05078125,53589.64397678672,52278.39581180682,52278.39581180682,15203
2017-01-18,52235.9375,53313.140403452795,52034.01921595405,53017.503765356014,9948
2017-01-19,51236.0,52274.52384526134,51060.88532301608,52229.142848427604,13607
2017-01-20,50917.40234375,51785.63871941894,50652.41488812706,51135.28810398663,9801
2017-01-23,51590.265625,52071.464275388025,50916.510525752245,50916.510525752245,23689
2017-01-24,51703.3046875,52110.84060922319,51450.685461257344,51913.160531124304,7489
2017-01-25,52294.8671875,52406.520058225666,51243.682644372595,51932.51599376522,8561
2017-01-27,52563.40625,52852.93384035765,52307.97695907713,52307.97695907713,6477
2017-01-30,51174.60546875,52662.74340092194,51047.728069557095,52662.74340092194,12036
2017-01-31,50908.13671875,51381.64807084128,50258.22883799204,51241.71339446883,12635
2017-02-01,51820.2734375,52071.46448472736,50653.39413284389,50653.39413284389,11729
2017-02-02,50840.54296875,51972.93160963621,50604.133695229975,51834.96781696747,10660
2017-02-03,50316.80859375,51888.313507770516,49322.187715524204,50930.10828513865,39215
2017-02-06,49509.33203125,50933.068797830725,49368.65826524938,50933.068797830725,17664
2017-02-07,49701.19921875,50297.64612940482,49035.916705191354,49952.73672216948,21900
2017-02-08,50853.88671875,51046.54326298269,49617.68287527291,49929.08680354672,13393
2017-02-09,50933.94921875,51228.896777238086,50504.587089226734,50997.31476814602,7391
2017-02-10,50723.72265625,51124.75308677129,50563.732382266506,51095.87846463688,4384
2017-02-13,50087.98828125,50928.63178516889,49923.2209072649,50801.35790983142,5749
2017-02-14,49468.05078125,50882.60924675706,49285.53443505825,50280.903156902066,5866
2017-02-15,49272.875,49849.25423028032,49212.21971118275,49472.83804055818,8012
2017-02-16,49805.9296875,50121.24395162958,48881.4680089824,49453.065820377764,16212
2017-02-17,49376.3984375,50162.64195301432,49276.7152772953,50044.38032169091,10380
2017-02-20,49684.421875,49862.06070179114,49226.40442839149,49374.23146871699,4347
2017-02-21,49468.25,49945.1924074916,49374.233538277214,49720.1488271382,4084
2017-02-22,49046.890625,49866.98416161915,48858.803829655975,49669.831411814535,13002
2017-02-23,50753.0078125,50951.04597270717,48994.55537275907,49177.12174154909,22055
2017-02-27,50692.0078125,51276.221027019354,49965.53802387774,50901.7759158439,13966
2017-02-28,51084.1484375,51768.93026520805,50625.88460510437,50692.11035030516,14966
2017-03-01,52054.2265625,52380.03884255947,51245.71288380527,51245.71288380527,13943
2017-03-02,51199.01171875,52589.471367017526,51093.954425355325,52414.542696740726,8861
2017-03-03,51318.5078125,51867.58522202593,50964.31188444662,51542.36570609835,12544
2017-03-06,51616.8046875,51739.45105440045,51198.45426897442,51638.9286923519,7600
2017-03-07,51412.17578125,51804.364016313935,51200.58677143592,51524.62442809732,6731
2017-03-08,50781.33203125,51613.40166466819,50346.62058296001,51502.92408595876,9537
2017-03-09,51277.60546875,51608.04510475489,50463.22475158833,50753.95126856359,12197
2017-03-10,51463.8046875,51690.17633901806,51197.41965323142,51607.3932158059,9186
2017-03-14,52216.35546875,52653.97357771715,51345.26148790192,51985.84536443044,18744
2017-03-15,56013.23828125,57144.01493425851,52519.246444972814,52607.942660206034,82609
2017-03-16,55608.15234375,56616.72550666836,55385.868962704655,56469.9340135761,15441
2017-03-17,54624.8984375,55878.61795281451,54171.36202475632,55582.9638895721,43538
2017-03-20,55207.82421875,56263.60169405887,54992.635817882125,55489.33459482542,23491
2017-03-21,57204.27734375,57455.43699886632,55045.16740399381,55681.51270044506,28250
2017-03-22,57011.171875,57603.26920849906,56667.03130006323,56765.58265884595,20754
2017-03-23,58645.0546875,58819.736963571566,56766.56577714135,57159.785682092304,36778
2017-03-24,58449.6171875,58785.87358550353,58146.27539678614,58637.94648612194,19247
2017-03-27,59020.92578125,59273.70999629781,58268.68254992969,58637.06826951074,20169
2017-03-28,57470.5625,59426.460201236136,57107.93975143063,58988.34943325303,19851
2017-03-29,58715.3671875,58924.64252327196,56963.66695185176,57652.49085650967,24086
2017-03-30,58957.0234375,59327.92304778093,58268.49585049913,58268.49585049913,19147
2017-03-31,60071.4296875,60333.13355471193,58687.3260892371,58687.3260892371,24685
2017-04-03,60109.97265625,60497.4257808062,59367.33812725718,60052.270066142366,14263
2017-04-05,59806.33203125,60384.13939108717,59497.42358131953,60109.970293526036,12463
2017-04-06,60219.65625,60509.54350673618,59338.753466409755,59674.81357057752,18995
2017-04-07,60151.96484375,60885.040802536714,59723.22015719463,59776.33780961257,14389
2017-04-10,59887.1484375,60493.73206635352,59741.8352251832,60309.194642303446,7631
2017-04-11,61164.32421875,61298.94691856802,60018.764731313684,60292.73751657674,17051
2017-04-12,59650.28125,61298.89535191065,59192.310004253486,61111.697815118714,20550
2017-04-13,59689.1640625,60313.43693020533,59426.47462240819,59653.98199422328,10623
2017-04-17,61051.14453125,61257.55960254064,59437.70849283652,59840.39092419749,21463
2017-04-18,61689.30078125,62184.913961607286,60707.679327131504,61052.558993352846,23539
2017-04-19,62175.3125,62383.0094865607,61249.718917487335,61446.771587473304,12089
2017-04-20,62580.90234375,62688.519658185905,61842.06357292252,62092.28393434999,12427
2017-04-21,62366.9453125,62775.24436085097,62103.96332204168,62407.64779350824,9607
2017-04-24,63068.28515625,63269.96896136866,62195.7592079747,62205.61434332694,12079
2017-04-25,65601.9296875,65788.48428962665,62954.59438435393,63269.9586643006,28579
2017-04-26,67853.1484375,68836.89116556241,65523.79471637609,65536.65258877074,43642
2017-04-27,67503.328125,69478.68949614352,67014.90618067743,68197.52217210115,50104
2017-04-28,66925.4453125,68000.44050086179,66725.18586306302,67860.9903221535,17996
2017-05-02,67382.0703125,67901.68232340281,66620.76110733656,67064.19600177612,17924
2017-05-03,67645.5234375,68739.54313993991,67463.50377583207,67569.83910628746,17264
2017-05-04,66051.6171875,68171.41028736132,65537.62576015115,67945.23496500595,28669
2017-05-05,67148.9140625,67408.15035690363,65536.70607013463,65892.43031349777,20751
2017-05-08,66654.34375,67724.5116986912,66472.90911054601,67507.59856067561,12208
2017-05-09,65717.0546875,67212.03273883097,65622.79184420574,67212.03273883097,16105
2017-05-10,64981.515625,66028.42360962182,64868.67432134917,65832.40650061211,17167
2017-05-11,65099.015625,66395.79704724684,64947.39287493286,65043.87308013732,15027
2017-05-12,64506.93359375,65524.82277045864,64354.0327113306,65147.37109314716,9995
2017-05-15,64869.86328125,65123.7331593949,64256.28473928953,64669.411327302754,10189
2017-05-16,65135.88671875,65398.67233951411,64551.13077513824,65034.032364143095,14100
2017-05-17,67068.828125,67281.00610010192,64748.236425614414,65240.99317162366,28781
2017-05-18,65990.3828125,68185.71443078938,65674.7258885851,66768.54588492196,21701
2017-05-19,64922.3125,66719.14960500128,63235.31393083765,66315.18924751764,15118
2017-05-22,63323.23046875,65831.31212198015,63171.41135374673,65142.93098577747,13002
2017-05-23,63049.35546875,63762.720927367096,62087.34804364957,63545.907965944825,19116
2017-05-24,61614.01171875,63031.86931613963,61496.04651483911,62974.316863753505,11106
2017-05-25,62895.4765625,63269.971722226575,61101.841850125355,61752.28081175572,20131
2017-05-26,64454.37109375,64738.34917804949,62996.20347388214,63269.83366426433,15831
2017-05-29,63997.2265625,65408.57815689549,63812.000067372006,64747.25239268376,10018
2017-05-30,64450.71484375,64649.688488424916,63625.986294562856,63997.27852227649,7921
2017-05-31,64609.37109375,64927.54562501434,64067.238649226936,64404.63069119994,6625
2017-06-01,67229.0546875,67605.22820126494,64668.891265950006,64668.891265950006,27596
2017-06-02,66734.9765625,67994.36254675093,66522.15187244696,67458.3895654666,15738
2017-06-05,67344.3125,67604.19543801756,66916.353347699,66926.2084807399,7478
2017-06-06,67823.515625,68236.93843949115,66325.04270620673,67507.65862370224,15435
2017-06-07,67986.5859375,68342.64887391591,67506.68707431608,67833.18460667894,10469
2017-06-08,70099.21875,70952.0342750007,67704.76775737965,68000.52185625432,39075
2017-06-09,71845.171875,72139.5940570292,70218.92818080477,70369.61166732394,33946
2017-06-12,72269.28125,72944.01150861695,71198.42077165529,71845.16398753735,24677
2017-06-13,71320.9140625,73073.35712523763,70518.41355536436,72337.67134899447,23590
2017-06-14,70072.125,70937.25953912038,69853.24091854533,70937.25953912038,19049
2017-06-15,71792.171875,72124.72889428033,70167.49844589256,70203.07703469387,19573
2017-06-16,70935.390625,72337.67624094004,70668.70913267131,72088.34132603482,15153
2017-06-19,70720.6484375,71814.36823226139,70523.54573890727,71449.6281486507,9973
2017-06-20,70618.15625,71745.3835229286,70282.1885350053,70937.26244478572,11042
2017-06-21,70670.2890625,71250.55634306381,70291.30521897384,70809.14637753554,7666
2017-06-22,69947.7109375,71444.8061390778,69626.63369665454,71152.99403161812,10644
2017-06-23,68922.671875,70464.21516967236,68587.79746781144,70464.21516967236,12316
2017-06-27,67591.9921875,69380.1604975538,67281.01643704543,68941.60692622693,10377
2017-06-28,67917.453125,68393.65636257653,66819.2984317819,67591.98726794528,10368
2017-06-29,67644.578125,68834.8776029259,67507.6380189547,68266.48300106559,15509
2017-06-30,67336.09375,67754.0515555332,66867.18951729147,67409.1218385232,10072
2017-07-03,69833.0,70217.84305562415,67213.01212963682,67466.7818782238,16735
2017-07-04,69331.15625,70464.20402010564,69015.2068317123,70227.68081780038,11002
2017-07-05,69584.5625,70090.08486133906,69242.0964694727,69381.15400043839,8300
2017-07-06,69252.6796875,70414.94669104711,68990.87953963265,69955.69735363593,12201
2017-07-07,68798.0078125,69776.03761650916,68567.10506804811,69776.03761650916,10221
2017-07-10,68591.9921875,69359.95365189287,68397.59963202808,69359.95365189287,1519
2017-07-11,68118.734375,69064.6347832843,67865.90398464356,68591.73462474595,9263
2017-07-12,68962.890625,69276.67660674523,67803.33381526526,68198.52475799668,10291
2017-07-13,68652.875,69380.0914372929,68518.79899272627,69281.58630136434,6505
2017-07-14,68509.203125,68985.94528257781,68148.2588041465,68984.95976907377,5398
2017-07-17,69057.609375,69255.99020437033,68098.99711304308,68652.85581604642,8434
2017-07-18,68917.3984375,69348.31417049163,68394.6297761459,68394.6297761459,7118
2017-07-19,69204.2578125,69744.76593979109,68700.1675001157,68917.42709864423,16349
2017-07-20,68157.1640625,69527.96693830051,68027.03010418241,69527.96693830051,7182
2017-07-21,67880.6328125,68710.97397805146,67704.76488134329,68369.98637035213,11184
2017-07-24,67910.6484375,68335.50483943985,67754.05188508061,68000.4302555718,6308
2017-07-25,69315.390625,69639.97099648241,68049.7450670674,68371.96174630309,16387
2017-07-26,68975.9453125,69533.44569387591,68796.97451653426,69368.32598252804,8637
2017-07-27,67763.453125,69335.08117408834,67569.65023096431,69236.45374709816,8582
2017-07-28,68170.9921875,68743.32412678096,67560.78114789989,67717.59877395669,8239
2017-07-31,68248.96875,69014.36406307155,68052.94667533734,68171.9931003978,8841
2017-08-01,68440.6328125,68731.73013170437,68053.91311760207,68612.19060418547,7528
2017-08-02,69838.5,70025.29887515417,68325.26190687918,68325.26190687918,17215
2017-08-03,68201.28125,69936.68533773503,67956.53875017216,69630.98644474098,14610
2017-08-04,65450.3125,67559.80738447419,64397.12152230347,67543.14088545814,47845
2017-08-07,66890.3203125,67246.45785485272,65592.96872701727,66179.01609171358,23514
2017-08-08,65806.4453125,67559.79457986279,65686.85954472178,66968.0299558056,11981
2017-08-09,65041.79296875,66080.38616501664,64601.96080887693,66080.38616501664,10520
2017-08-10,63220.8828125,65454.79832780845,62529.80106557193,64895.87350652315,14500
2017-08-11,63044.64453125,64205.43964290837,61525.83174234681,62381.86800478024,16985
2017-08-14,62895.3671875,64008.824915688885,62728.147420728,63516.080612615304,11840
2017-08-16,64880.09375,65081.293742779286,62431.174230044235,63639.36046119438,15564
2017-08-17,63599.41796875,65483.69540021488,63397.72483358404,65147.37579585501,11287
2017-08-18,62810.0546875,63585.12008176093,62629.42004516676,63585.12008176093,12643
2017-08-21,62549.33203125,63880.9990847816,62137.265776430606,62922.536759359005,8783
2017-08-22,61697.08984375,63121.51676439303,61575.138545103335,62184.70625923659,14404
2017-08-23,61943.8046875,62623.39399301332,61711.19032499584,62134.30205025432,12476
2017-08-24,62184.3203125,62480.00622444236,61751.6423921035,62379.8993470119,7876
2017-08-28,61948.98046875,62529.79591212292,61797.14044530704,62480.48219294933,7912
2017-08-29,62044.5078125,62332.55005841559,61543.53043742298,62085.881258348825,12683
2017-08-30,62080.80859375,62431.132563769235,61795.62883207616,62332.55518728726,5035
2017-08-31,63209.94140625,63353.54066566301,61987.35396269554,62312.724387787865,11820
2017-09-01,64397.65625,64599.988908316285,63210.32823606453,63210.32823606453,9059
2017-09-04,63358.42578125,64471.24016674765,63072.25975128239,64393.8676960317,8632
2017-09-05,63687.04296875,64106.849122104235,63318.81588392271,63589.351719822786,6756
2017-09-06,64097.984375,64433.317729169874,62834.76313382366,63378.00393810586,13562
2017-09-07,63545.421875,64453.04101802738,63222.17039537248,64374.03888652898,5016
2017-09-08,62940.9296875,63910.48369594704,62797.08001902906,63619.63290395109,7529
2017-09-11,63565.0,63909.60277707302,63131.4321788985,63131.4321788985,8300
2017-09-12,64374.92578125,64645.954781750326,63762.745975559774,64009.11426116433,10388
2017-09-13,63451.2734375,64748.913885544505,63220.18857674643,64600.97272662856,8725
2017-09-14,62964.109375,63713.134756342384,62815.82146626748,63545.664579551165,6532
2017-09-15,63658.39453125,63861.27041437927,62663.68666765093,63121.51449521444,12616
2017-09-18,64025.04296875,64403.72227737158,63760.81772917371,63809.98505208861,20041
2017-09-19,63207.47265625,64352.4371569991,63124.57551582597,63760.672470047786,9349
2017-09-20,63212.40625,64748.92177261019,63055.63483406494,64207.457065022034,15543
2017-09-21,62425.9453125,63563.2199337381,62285.74793902068,63553.55367350014,8728
2017-09-22,62074.2890625,63121.56615069631,61790.09561470506,63121.56615069631,17031
2017-09-25,61860.96875,62506.73204110282,60410.30522083051,62233.92694706054,15442
2017-09-26,61892.76171875,62135.285044242,61356.17837951966,61938.03017108568,11340
2017-09-27,60899.09765625,62134.30628020393,60656.867101681324,61859.135698890306,6870
2017-09-28,61017.24609375,61346.26878054639,60162.73947931398,60941.89626929198,15835
2017-09-29,62140.515625,63062.3855420895,61199.31318849226,61199.31318849226,25187
2017-10-03,62534.13671875,63121.56330834205,62293.68609562986,62608.70060646177,14576
2017-10-04,62164.6796875,62910.99276433537,61888.71933656878,62874.00747389519,9071
2017-10-05,62274.8515625,62792.152539583716,62020.68939347601,62429.203522297146,13683
2017-10-06,63538.46875,63733.061489450985,62340.295423226606,62480.44272535115,10353
2017-10-09,63945.59765625,64117.80271776379,63314.28183428886,63664.01629833868,6744
2017-10-10,63817.08984375,64403.7267037624,63624.669994842356,64118.69336505815,4704
2017-10-11,62566.67578125,64078.24131553413,62401.22826731001,64058.41566103675,8383
2017-10-12,63008.69140625,63318.824660872735,62588.98151057607,63318.824660872735,5284
2017-10-13,62796.3515625,63121.57561812621,62628.4383086096,62924.46709445833,5189
2017-10-16,62762.94921875,63169.887567723315,62234.89945839762,62729.02292123746,7701
2017-10-17,62901.68359375,63308.96490857892,62458.84630999938,62825.69036729206,4423
2017-10-18,62796.44921875,63121.57309285314,62644.56293349532,62644.56293349532,3556
2017-10-19,62650.62109375,63021.65678519273,62339.45149313481,62796.44331769122,922
2017-10-23,62619.16796875,62727.06486946825,61553.20160528395,62381.86875776521,12588
2017-10-24,62198.8515625,62701.408451510324,62116.64790317374,62579.11042640592,7750
2017-10-25,62223.21484375,62627.3908817277,62047.01845525262,62445.96646814633,4021
2017-10-26,62289.296875,62628.42889282232,61949.77188844325,62332.54655159639,5887
2017-10-27,63882.08203125,64106.85243545751,62343.09708085503,62431.172159024914,10783
2017-10-30,65862.5625,66419.56094999802,64107.833997115726,64107.833997115726,15489
2017-10-31,65510.76953125,66299.29596735841,64813.07280930714,65858.47751236933,7407
2017-11-01,65096.56640625,66079.38869970597,64948.0858995163,65873.1572122785,6273
2017-11-02,64824.703125,65804.07348388467,64689.776180494475,65105.151757240725,4284
2017-11-03,65570.875,65823.66175610687,64824.71217231452,64824.71217231452,5375
2017-11-06,66474.296875,66869.39991466448,65006.327695803106,65587.24327913257,9355
2017-11-07,64810.6640625,66879.27468368712,64622.18546213251,66721.4707617082,8918
2017-11-08,64268.0546875,65431.06867464577,64107.835183786774,64995.48213248536,5123
2017-11-09,64102.0625,64896.85323835043,63946.08475017763,64501.11064926398,4127
2017-11-10,66434.515625,66819.07024772173,62740.921177805736,64102.91628769243,39944
2017-11-13,67383.1640625,68052.94465742147,65883.14062486599,65895.17625660908,20028
2017-11-14,66714.9921875,67682.96637171114,66502.54256197109,67682.96637171114,5488
2017-11-15,67453.5703125,68699.14239334658,66758.44721039491,67362.5402691778,18813
2017-11-16,68773.71875,68995.78465640378,67559.81496697903,67559.81496697903,12710
2017-11-17,68484.296875,69532.3600489245,68245.86498788188,69039.22274361298,10991
2017-11-20,67775.75,68910.85176200593,67536.1777637424,68484.2880478923,4128
2017-11-21,68875.046875,69200.03850394885,67809.37700824242,67965.16894569708,12159
2017-11-22,68739.2734375,69228.63328354269,68320.58169336824,69042.21929145575,4610
2017-11-23,68242.9296875,69239.50356521466,68056.90862540422,68844.09033455126,9563
2017-11-24,68455.8125,68903.19995016546,68313.33585594973,68548.0794191919,5505
2017-11-27,69254.4140625,69486.05221629636,68455.35066106528,68523.85347824534,10178
2017-11-28,68645.109375,69362.80200923594,68529.3634355025,69170.47003068207,2739
2017-11-29,68327.296875,68991.88228487632,68253.17664986057,68588.52462762,8735
2017-11-30,67645.1171875,68410.94661631635,67266.9645380407,68350.82747273853,7987
2017-12-01,65263.7890625,68154.49301479667,64824.977947881205,67662.36681594083,11678
2017-12-04,65425.4921875,65927.32739776786,64904.61642807248,65491.47528035882,5838
2017-12-05,65928.1796875,66083.27812758302,64805.99685631108,65428.95658348277,9024
2017-12-06,65956.1015625,66302.39927125712,65217.30332213563,65217.30332213563,5830
2017-12-07,66145.65625,66364.17180713467,65735.79510027177,66073.40849403362,5214
2017-12-08,67292.65625,67402.87725042517,65930.45136492154,66330.85010821662,7178
2017-12-11,66934.9296875,68055.9260656912,66752.01397498332,67562.76718115719,4898
2017-12-12,65498.796875,67306.3243541553,65373.14153272879,67306.3243541553,6244
2017-12-13,65168.5703125,66176.97989356641,64988.46717619929,65860.37194147111,6460
2017-12-14,65050.3984375,65757.78843841677,64430.104896141434,65570.38811138364,5784
2017-12-15,66777.28125,67192.8678826877,65428.04445230004,65590.14735760572,9214
2017-12-18,68237.9921875,68401.12758224175,64909.56317501557,66477.80820537987,14066
2017-12-19,68440.2734375,68696.02246404535,67710.89170032988,67996.72340839476,7912
2017-12-20,67970.8828125,68943.59219840549,67810.31340819134,68440.27746807471,5124
2017-12-21,69890.9921875,70077.8531060677,67613.04585888877,68055.90238309179,12046
2017-12-22,71821.453125,72088.94546019076,69928.66398426166,69956.52744811053,29133
2017-12-26,73048.671875,73480.67908897276,71172.74157673967,71606.67519274392,17525
2017-12-27,72080.109375,73376.08398111403,71698.45854635657,73263.64381693618,14788
2017-12-28,72492.296875,72887.85631423835,71500.30832998524,72484.45257085179,10193
2017-12-29,71367.015625,72938.17303774187,71114.57230530665,72493.34388236633,10899
2018-01-01,71412.203125,72198.4446184084,70916.23180414704,71579.03719736522,7348
2018-01-02,70271.28125,71902.25751291792,70086.83986576198,71315.69137609612,7345
2018-01-03,70199.53125,70916.13723997315,70028.55154816217,70699.24753482062,9083
2018-01-04,70245.40625,70664.59130867779,69881.8017396355,70520.73531859588,4477
2018-01-05,71908.3671875,72001.18121015372,70324.44137375288,70413.20995332704,9189
2018-01-08,71617.015625,72563.38738242058,71297.89564094404,71902.55457630094,6757
2018-01-09,72025.8984375,72267.50004760781,71034.60288561095,71966.67314008057,5587
2018-01-10,71489.765625,72111.98550658757,71113.4855316529,72040.62390058153,9006
2018-01-11,71322.5234375,71705.26074635396,70965.56907681245,71705.26074635396,4998
2018-01-12,70986.1953125,72099.79376445488,70831.48990473142,71320.60310680892,11548
2018-01-15,70555.2421875,71507.9787418119,70373.75975170024,70986.2167388876,6503
2018-01-16,69322.875,70916.71776446236,68933.33354675614,70424.05219852959,7410
2018-01-17,69457.25,69783.57461870949,68777.53097615096,69515.64306620181,4005
2018-01-18,67863.015625,69879.54114251625,67662.79323318988,69831.25783328431,7680
2018-01-19,68209.7734375,68450.33473606607,67562.74915363453,68154.53965717003,7715
2018-01-22,68723.921875,68922.171648117,67932.6026041481,68209.75775960022,3327
2018-01-23,68973.8828125,69491.99236208167,68580.43455999934,68647.70450211315,6857
2018-01-24,67951.8671875,69211.34870133149,67760.02838806073,68746.346122967,6431
2018-01-25,66619.484375,68489.84292715968,66138.06124834626,68105.2253247813,7157
2018-01-29,65991.3046875,67511.07369345453,65836.69940462845,66246.02120617035,7203
2018-01-30,67327.5703125,67509.4996901852,66093.1475066375,66379.17963284142,6008
2018-01-31,67181.3828125,67857.40320721696,66296.062786395,67459.17756292962,8102
2018-02-01,70794.5546875,71754.58823492278,66280.5268644235,67183.00725253284,29028
2018-02-02,68311.765625,70674.4432706677,67118.91462609486,70423.0786818982,19860
2018-02-05,67676.3046875,68401.14819043229,66732.7914180586,67085.64665620029,12193
2018-02-06,67590.8046875,68006.58369892433,63124.31264294644,63124.31264294644,21197
2018-02-07,67885.6953125,68548.99357540018,67316.18964318742,67957.20330366767,9654
2018-02-08,69210.9453125,69795.3385476573,67858.65751700032,68056.90737399038,12304
2018-02-09,69058.7890625,69417.03799507821,67814.4500404552,68157.55681014856,4799
2018-02-12,70663.6796875,70860.0654021495,69056.01390409087,69056.01390409087,7298
2018-02-14,71342.609375,71615.73082815592,70672.67080054326,70741.71597787805,10260
2018-02-15,71172.0234375,71787.85871219194,70762.23718128959,71342.4170908402,7756
2018-02-16,70191.8671875,71527.84514271135,69638.57334680017,71370.02759340797,5347
2018-02-19,69660.65625,70720.00639743572,69242.4398044574,70578.95698301923,3821
2018-02-20,69859.3984375,70130.15409571765,69469.29329059625,69671.59714690283,3989
2018-02-21,70807.84375,71016.90575227817,69738.53745865729,69888.51035538924,5414
2018-02-22,69151.5234375,70524.73685055091,68649.6665742866,70524.73685055091,4823
2018-02-23,71484.828125,71806.97469276174,69183.21207415343,69183.21207415343,7984
2018-02-26,71699.2578125,71985.00924103615,71412.42755326447,71560.38147775327,4426
2018-02-27,71674.609375,72151.2214362801,70683.41811216614,71678.75516786934,9668
2018-02-28,72390.515625,72832.79775817333,71017.89597221668,71609.66553637579,11901
2018-03-01,71692.2265625,73089.25876016432,71530.81032776136,72390.52304216521,5016
2018-03-05,71338.125,72563.13762279834,71017.90483556403,71691.5885717125,8937
2018-03-06,70500.8984375,72004.25701031675,70337.30914254367,72004.25701031675,5388
2018-03-07,69290.96875,70918.36174505024,69065.53166310453,70465.52255819627,6459
2018-03-08,69246.7734375,69845.74022741355,68847.89120784923,69538.3428388735,7016
2018-03-09,69816.1640625,70405.86073803558,69154.80989744066,69793.82455694786,5005
2018-03-12,70124.453125,70359.94649081152,69834.21679875901,69982.2169814742,3757
2018-03-13,70739.0546875,71116.53764444464,69849.06537158595,69849.06537158595,4148
2018-03-14,70309.328125,70865.19562116994,70031.52152481391,70189.33903810928,4663
2018-03-15,70759.4296875,70964.49233885262,70116.76236721301,70253.47337009328,3803
2018-03-16,69253.921875,70692.3806980479,69045.16044179368,70692.3806980479,4914
2018-03-19,69119.0078125,69928.56251575203,68749.1691699867,69538.35708713706,3928
2018-03-20,68643.7890625,69155.37077676083,68508.26475677147,68995.87330249183,2849
2018-03-21,69012.0859375,69242.44715045358,68773.9263185951,69045.1289856416,4761
2018-03-22,68541.421875,69262.15777834492,68312.78684610827,69045.1587081194,3754
2018-03-23,68292.484375,68538.18811027311,67240.13878302563,67240.13878302563,4854
2018-03-26,69007.4453125,69438.73105739476,67861.54202117586,68292.58117616501,7329
2018-03-27,71664.9921875,71893.73515259793,69243.92621726684,69243.92621726684,9594
2018-03-28,71524.1484375,72645.34660530892,70633.66597124161,71019.13226459366,14061
2018-04-02,72125.046875,72332.72184458561,71552.85802466083,71708.35610300102,3468
2018-04-03,74472.53125,74765.0871103329,71806.99404520159,71979.6070116564,21139
2018-04-04,73714.78125,74996.84807219921,72740.01160605978,74322.17826551555,11549
2018-04-05,75962.0703125,76145.98015532372,74470.2552533459,74471.1414358618,16500
2018-04-06,76085.0703125,76216.00955500585,75178.6058012919,75852.04284702349,7307
2018-04-09,76190.28125,76344.25356614433,75653.80166050736,76084.84092159788,6579
2018-04-10,75783.1171875,76245.61980057515,75457.51824532729,76190.2834693385,3552
2018-04-11,75424.5703125,75949.7067436546,75096.65190536024,75949.7067436546,3136
2018-04-12,76555.0390625,77294.40822672908,75111.30109615388,75455.54067701478,11854
2018-04-13,77026.140625,77468.6692398416,76541.49138033751,76738.76326533838,10905
2018-04-16,77301.5,77518.00594611492,76448.7920709961,76448.7920709961,4416
2018-04-17,78683.5390625,79009.38452992433,77114.44113728119,77230.97799441393,11498
2018-04-18,77991.296875,79007.39354176652,77873.08015134165,78907.77123530312,5399
2018-04-19,78238.0546875,78809.15697776806,78011.191946979,78414.61308120981,5829
2018-04-20,77044.6484375,78395.71449792273,76936.04870448794,78307.08854678588,6038
2018-04-23,76898.03125,77668.62472287612,76541.50847383913,77231.96022553614,4238
2018-04-24,76885.15625,77981.59519594042,76541.51008354385,76541.51008354385,3784
2018-04-25,76439.3125,77231.95257360247,75851.04920702464,77044.5442595669,4176
2018-04-26,75465.546875,76539.54626341151,75185.32052011359,76493.18735371821,8038
2018-04-27,79316.390625,79471.00251085797,75852.14888123596,76126.25670579009,19559
2018-04-30,78843.140625,80315.28254784168,78632.59905456511,79319.10543868424,7899
2018-05-02,78524.890625,80289.68868269477,78347.44603603959,78810.1489649547,7999
2018-05-03,75977.4453125,79040.29188741566,75653.77298659997,78641.45588590129,33135
2018-05-04,74688.6328125,76836.38473130188,74564.69826271028,76817.69013341653,8851
2018-05-07,75076.8125,75649.74105537172,74578.85498546557,74963.33490236716,5681
2018-05-08,74713.5234375,75364.667093926,74568.77518672419,75364.667093926,4047
2018-05-09,74982.8671875,75554.1698320976,74184.11615128214,74494.81946982561,12724
2018-05-10,73860.0546875,75495.97864165713,73730.39461018906,75495.97864165713,8010
2018-05-11,73656.90625,74371.52387663959,73286.52817021646,74272.8879033284,20861
2018-05-14,73717.8984375,74127.58440656497,73499.02680053297,73730.3743442792,3327
2018-05-15,73587.328125,74567.81602155688,73327.61496086934,73829.03251648213,4574
2018-05-16,73852.109375,74074.4872714746,72968.9705980414,73483.80417152078,7566
2018-05-17,73542.921875,74250.14167295203,73385.1505824696,73783.04648409152,4063
2018-05-18,73194.015625,74479.04208922056,72916.74834421516,73538.05484063938,5414
2018-05-21,72104.953125,73433.67956298936,71869.65244017317,73385.10135708962,4517
2018-05-22,72865.8046875,73286.487143573,71709.34405384123,72201.53759564763,3535
2018-05-23,73129.1953125,73483.79159543366,72585.01762847249,72749.10009223524,4850
2018-05-24,72596.7578125,73494.93067128444,72158.26704254039,73129.19162547275,3405
2018-05-25,72858.828125,73538.03685792942,72647.40041252358,72744.01741361806,4540
2018-05-28,75024.84375,75454.0104280131,73089.25911009892,73089.25911009892,5926
2018-05-29,75350.234375,76372.84276116852,74223.5650438199,74964.32115475555,5286
2018-05-30,76036.1015625,76366.92505604165,74426.11598427745,75279.95669506678,4958
2018-05-31,74701.015625,76628.31634302522,74311.35728770436,76137.10918698017,4232
2018-06-01,73827.9453125,75727.6743083864,73385.27011172082,74776.92362780056,4375
2018-06-04,73464.671875,74460.30192425314,73100.15798430225,74371.52954151128,3391
2018-06-05,72808.78125,73976.97790833011,72107.82626651297,73681.0699966968,5761
2018-06-06,73269.265625,73672.19356910275,72408.86712685801,73053.74602699156,4004
2018-06-07,74398.5859375,74844.95985277244,73434.41951346093,73434.4657490631,4555
2018-06-08,74893.3125,75459.52925511364,73483.8043599942,74371.42799388836,4143
2018-06-11,75365.3671875,75704.62092978346,74864.88989505061,75208.92902231893,3015
2018-06-12,74549.75,75811.59671832572,74325.1990786442,75811.59671832572,3000
2018-06-13,74024.375,75192.62568810086,73929.68446112647,74864.70729688794,2476
2018-06-14,74321.8125,74632.8625814031,73763.9721322841,74052.9292969677,3518
2018-06-15,74323.328125,74863.70676935809,74174.24141366458,74223.55939332793,3971
2018-06-18,73345.4921875,75209.91199986888,73187.87502151175,74450.41518360791,3810
2018-06-19,73828.8359375,74174.26224645316,72989.64404222457,73581.45996440371,3367
2018-06-20,73856.3046875,74322.01294070235,72990.62752267005,74223.3769575636,11625
2018-06-21,73751.75,74470.16671906579,73548.95287897914,73967.12320877805,3478
2018-06-22,74670.7890625,75042.64670769943,73571.39088646062,74025.3167495267,3092
2018-06-25,74161.125,75061.96412306116,73976.96858383162,75061.96412306116,2664
2018-06-26,73950.09375,74517.4971256223,73685.99595978206,73858.60889456503,4297
2018-06-27,73027.65625,74514.54733799552,72536.89603860203,74514.54733799552,4778
2018-06-28,71938.21875,73779.70608745393,71614.64653047583,73359.4706166387,13071
2018-06-29,73951.765625,74368.79534784245,72297.8872992057,72297.8872992057,6906
2018-07-02,74172.0859375,74800.5512662007,73582.44311512617,74243.30419940411,3945
2018-07-03,74429.9140625,74815.38033589756,73878.33865733325,74272.88252199191,2537
2018-07-04,74861.6796875,75308.54677034343,74026.2794383009,74469.15484759866,2761
2018-07-05,74447.859375,75308.55833601678,74274.01348886087,75036.96266859773,2341
2018-07-06,74072.796875,75159.57255838075,73818.02326037672,74322.19945310423,4502
2018-07-09,74475.0625,74864.67444208992,74072.62788639824,74470.0305261435,3521
2018-07-10,74908.015625,75386.84711799522,74213.76467230733,74520.4763637714,5016
2018-07-11,75115.03125,75504.84365992092,74494.85762981979,74963.3322205906,3293
2018-07-12,76552.5546875,77111.96698919724,75362.80466465758,75456.50882594471,13063
2018-07-13,76008.609375,76935.04744877352,75515.67626095335,76552.54035280291,3963
2018-07-16,73318.078125,76008.8669793965,73107.49036091875,76008.8669793965,7317
2018-07-17,73591.28125,74344.55969953586,73313.17398737124,73582.40401069414,5825
2018-07-18,72844.96875,74460.27884817902,72661.1591155114,74221.57984855975,4812
2018-07-19,73459.4453125,73898.08263604186,72930.4173525584,73389.96088211496,3949
2018-07-20,75764.71875,76623.88440371302,73089.26392754105,73212.85173275253,9474
2018-07-23,76721.5234375,76936.05667245203,74679.26567672676,75948.71061182223,4861
2018-07-24,76569.03125,77199.61563500523,76006.45944924837,76786.13056295905,7761
2018-07-25,77141.9453125,77823.76633249156,76063.11458466524,76063.11458466524,5727
2018-07-26,77571.9921875,77822.77407711974,77242.74848617586,77429.21665742151,4472
2018-07-27,79757.5078125,79908.51334721787,77527.9337478444,77921.44510913767,11401
2018-07-30,78841.1171875,80083.49128156644,78120.68153980479,79893.17007816957,7295
2018-07-31,78406.0859375,79638.68889944878,78196.48448355979,79638.68889944878,4446
2018-08-01,78546.734375,79354.07114768207,78172.79641958895,78949.58923249572,4888
2018-08-02,77356.453125,78547.84455893884,76993.27236516743,78547.84455893884,5254
2018-08-03,77459.3125,78123.4372864314,77363.27754975075,77603.2261242574,3557
2018-08-06,75895.0078125,77912.05770275384,75508.78603747084,77467.0536614018,5089
2018-08-07,76198.921875,76577.10090398933,75706.19337971302,75882.87176219784,4539
2018-08-08,75655.9609375,76583.52251722006,75321.35771800003,76099.77750042222,6784
2018-08-09,75009.4609375,76445.6901360711,74432.98131754232,76077.32737780282,27709
2018-08-10,73271.1484375,75310.1059294969,73138.93266705578,75014.289914929,13065
2018-08-13,72303.859375,73523.77464588922,72201.2545078092,73523.77464588922,15760
2018-08-14,72862.3671875,73336.34216304189,72448.01500359723,72550.6198749824,12251
2018-08-16,72215.765625,73237.53457738511,72151.90169183783,72892.17428101538,7142
2018-08-17,72791.2578125,72941.5331632999,72192.37722729253,72250.61201019691,7752
2018-08-20,73792.2421875,74115.79527263761,72546.71047867276,73039.2384858681,15186
2018-08-21,73532.703125,74274.00893636719,73293.59510287594,74136.81176371397,11543
2018-08-23,73606.3046875,73829.86705230411,73138.94583657398,73533.75795984834,4828
2018-08-24,73115.140625,74079.22226439751,72842.8205656888,73533.74162796498,2937
2018-08-27,73209.8984375,73533.74456485847,73040.22950066479,73336.338539181,2216
2018-08-28,72366.0078125,73680.83255458991,72253.44007950627,73680.83255458991,4230
2018-08-29,72335.8984375,72684.91390636841,72250.62055874753,72684.91390636841,3222
2018-08-30,72269.15625,73192.1836150193,72054.18417913945,72797.31759763799,5919
2018-08-31,73066.6484375,73336.35447870196,72053.2150329104,72299.97261863954,4913
2018-09-03,72091.59375,73207.97881035325,72053.19982000174,72820.12223452423,3917
2018-09-04,70107.640625,72645.39452966931,69931.0625329765,72349.28558457555,8961
2018-09-05,69439.828125,70374.25251774162,69093.08756776998,70374.25251774162,7748
2018-09-06,69911.890625,70063.64652210698,69190.81877853283,69881.63969083584,4867
2018-09-07,70327.8125,71066.15717770894,69715.94645836188,69961.67065157204,4849
2018-09-10,69592.046875,70622.05918650689,69536.27966703425,70573.64843822023,4334
2018-09-11,68864.671875,70177.8234428444,68697.32393542939,69592.0670984677,3404
2018-09-12,68246.5703125,69051.59361733397,67316.54118571077,68953.9239028879,8913
2018-09-14,69333.2421875,69795.76608008119,68598.59869629097,68598.59869629097,6967
2018-09-17,68877.2421875,69289.52783287846,68746.7614070891,69289.52783287846,2670
2018-09-18,67839.9296875,69209.58080436137,67612.41919283514,68877.24460252209,4569
2018-09-19,66904.265625,68351.7994847335,66515.96946154888,68198.85606092477,11985
2018-09-21,65878.71875,67611.55003293231,61689.37046800393,67310.50590504844,10416
2018-09-24,63730.55859375,66131.06202997126,63614.089043600354,66131.01576293597,7655
2018-09-25,64927.4765625,66229.71619811725,62306.27175866097,63838.142392632326,17921
2018-09-26,65458.4140625,66119.18456964457,64946.59259393642,66119.18456964457,4318
2018-09-27,63370.16015625,67315.46679743708,63120.63812404178,66145.83588607398,12368
2018-09-28,62773.6875,64884.7946358426,61491.97871978829,63663.44506302319,11536
2018-10-01,62208.2109375,63268.62824819707,61343.91958854053,63268.62824819707,12283
2018-10-03,62319.8984375,62828.415586864576,61743.719601938494,62258.89920464789,10722
2018-10-04,60804.8046875,61886.73617233433,60603.64718517203,61886.73617233433,13688
2018-10-05,60230.75390625,60603.65468944672,59716.31453365172,60603.65468944672,9200
2018-10-08,60328.17578125,60950.1050852083,58827.99004361872,59923.59362323009,12830
2018-10-09,61193.203125,61886.78841801896,59873.24697666714,61096.17729325288,4980
2018-10-10,63149.7890625,63466.031946949886,60723.07544958482,60723.07544958482,6132
2018-10-11,62604.8515625,63436.07741758303,60908.69046112382,62173.02589447598,6805
2018-10-12,63148.5546875,64117.42105812336,62794.85093163227,62794.85093163227,11121
2018-10-15,61788.67578125,63742.25503588289,61195.86398243727,62799.98447171128,12243
2018-10-16,62393.08203125,63150.18422167382,62046.83110969569,62174.851994939156,6090
2018-10-17,61296.39453125,63430.253284690334,61097.16097056788,62923.1665892359,6380
2018-10-19,61164.140625,61876.92293824229,60110.13888880134,61161.32604670894,7567
2018-10-22,61400.1328125,61936.09016993199,61194.88066929319,61936.09016993199,4196
2018-10-23,60923.11328125,61370.58502502396,60505.94645317391,60801.06852278939,5082
2018-10-24,61541.3359375,61886.79652415798,61003.55096486353,61630.168659783485,3986
2018-10-25,60566.64453125,61669.65085047871,60011.440008148296,61195.87632409859,7477
2018-10-26,62238.328125,62598.94118163785,59879.179232992625,60504.956433297855,10200
2018-10-29,63103.0703125,63515.402236107366,61714.07186965988,62380.317347661,5004
2018-10-30,63475.06640625,64058.254694031064,62579.880211346455,62579.880211346455,6896
2018-10-31,63662.01171875,64058.25418558036,62858.025570947604,63507.49138379987,4183
2018-11-01,63902.34765625,64502.411785592645,63661.51233144993,63662.00584645977,4418
2018-11-02,65618.5625,65811.77368598392,64169.20871401628,64206.322596445265,6742
2018-11-05,65295.8046875,65933.62677831936,65055.16977483577,65834.92374422008,3810
2018-11-06,64315.5703125,65743.50596144375,64058.25234116208,65341.391448149916,4248
2018-11-07,64714.5859375,65078.00581438359,64331.664503854365,64818.27037096086,1058
2018-11-09,65484.625,65639.48851065563,63676.431771217445,64206.42077123546,10673
2018-11-12,64357.47265625,66116.26011844663,64216.67434917649,65484.5145625397,4542
2018-11-13,64968.45703125,65331.5376811448,63961.58970283568,64357.485255685286,4985
2018-11-14,64695.81640625,65874.37638932228,64393.83151991887,65242.677245043495,8200
2018-11-15,64931.62890625,65472.66791574714,64354.362807451995,65142.9998608746,7974
2018-11-16,64902.12109375,65933.6138651152,64737.78057416105,65045.28673220197,5438
2018-11-19,65334.8046875,65541.79745473457,64654.41679341218,64919.94003912488,3936
2018-11-20,65171.1171875,65472.71500852549,64863.88995176348,65344.39519922188,3325
2018-11-21,66454.046875,66694.69270825476,65255.537161714456,65394.714755721434,8262
2018-11-22,66733.5859375,67288.86971487431,66333.4271961036,66528.86808454187,6407
2018-11-26,67317.296875,67821.93908658516,66733.64237582465,67121.11567294122,10287
2018-11-27,67688.9375,67792.33364078148,66528.92348797774,66989.05482211775,6030
2018-11-28,67903.1171875,68443.78757463595,67477.19428097483,67615.63156403428,6588
2018-11-29,67407.265625,68256.2505527046,67131.97189211847,68110.16342209288,7575
2018-11-30,66461.796875,67790.89369658222,66282.98973610967,67515.94697083089,5175
2018-12-03,65830.8515625,67070.76437762433,65747.09669994851,66627.56766824593,5041
2018-12-04,65274.0546875,66269.96737991252,65079.80135621702,65936.62897189196,2992
2018-12-05,64440.22265625,65341.07536930953,64294.13551463605,65146.968557571534,3690
2018-12-06,63927.72265625,64467.89950851573,63612.10539081013,64455.01740721791,2960
2018-12-07,64727.3046875,64850.83559686861,64025.69091874856,64425.40621875216,3550
2018-12-10,63532.703125,64056.68969106899,63271.571604900055,63271.571604900055,3289
2018-12-11,65316.4453125,65640.49900719931,62843.127966802276,62843.127966802276,7236
2018-12-12,67265.7578125,67604.77183134049,65366.08556307534,65415.4393167849,6981
2018-12-13,66591.59375,68008.49392461253,66235.41383476742,67397.49437832978,5719
2018-12-14,65477.671875,66627.56807711233,65196.30920730769,66429.16598550492,5721
2018-12-17,65517.2578125,66331.44827006625,65366.08879970725,65556.59429845908,3561
2018-12-18,66688.2734375,67120.07251857559,65245.70946813744,65617.79050649685,4752
2018-12-19,68430.9140625,68601.72433611116,66873.74900067245,67121.11158065552,10484
2018-12-20,68157.234375,68996.5411464251,67861.40491869421,67861.40491869421,10183
2018-12-21,66137.84375,68661.94169155155,65837.9193919939,68157.25319917331,9352
2018-12-24,65263.09765625,66476.56021841512,65045.30103364516,66137.94712141485,5788
2018-12-26,66449.5390625,66630.52079810466,64263.76182081986,65344.362129602065,9920
2018-12-27,65824.4375,66823.99756321951,65666.15846453776,66527.77478177195,8775
2018-12-28,66170.4921875,66602.87725228506,66114.27518870772,66409.41057660595,4257
2018-12-31,66118.9453125,66676.93588974723,65948.86761298942,66676.93588974723,5943
2019-01-01,65937.828125,66429.19120304953,65640.86493135599,66429.19120304953,4193
2019-01-02,65774.25,66232.74643395787,65295.71902393666,65640.50130936212,7531
2019-01-03,65954.6328125,66528.86376944173,65599.73303407858,65887.26493486996,4603
2019-01-04,65742.3203125,66479.41876572745,65345.415806629106,66133.74963526712,4278
2019-01-07,66112.8671875,66475.47082994702,65804.50641570594,66232.75056355498,6823
2019-01-08,65581.1640625,66110.33652289363,65370.030258079816,65837.90381744214,2284
2019-01-09,65216.41015625,66133.05606411489,64969.74158839791,65641.49257928782,4369
2019-01-10,65838.6015625,66227.75591095374,65057.13114074182,65392.73666635823,4018
2019-01-11,66072.109375,66134.04835312176,65443.095609133925,66034.25349307772,2580
2019-01-14,65791.5546875,66131.01594118703,65103.41690983616,65739.19344459825,5052
2019-01-15,65340.03125,66124.11591260755,65222.962598652644,65788.55664149702,3863
2019-01-16,65138.2890625,65626.39781663792,65048.264707156755,65364.12881499121,3514
2019-01-17,64952.296875,65434.18998313854,64752.121146066405,65434.18998313854,3530
2019-01-18,64890.1171875,65243.891075902095,64801.48092729219,65151.89259110313,1613
2019-01-21,65271.43359375,65442.051080895086,64654.41135650977,64890.12182485223,8009
2019-01-22,64416.140625,65311.66468862857,64258.60186521883,65048.26210319387,4697
2019-01-23,65218.078125,65433.1679777983,64456.009810313604,64533.00167501811,3086
2019-01-24,64063.8984375,65332.93019541982,63666.353878976624,65146.96675988306,4134
2019-01-25,63094.78515625,64686.29743314279,62876.69165704734,64456.01201264036,3105
2019-01-28,61751.375,63049.42902579632,61642.846851835304,63049.42902579632,4488
2019-01-29,61068.5234375,62017.94339221654,60705.1331946732,62017.94339221654,8712
2019-01-30,60536.73046875,61577.701555496365,60359.650713622126,61577.701555496365,6589
2019-01-31,60497.046875,60969.265950854715,59757.67744608481,60705.12309245964,7598
2019-02-01,60483.71875,61889.51037847783,60223.528059284785,60694.459290177685,7551
2019-02-04,59132.26953125,61143.38509020267,59027.095899427215,61143.38509020267,7858
2019-02-05,59228.75390625,59619.33877005301,58730.97113937341,59519.64418038785,6603
2019-02-06,59161.33984375,59520.635220537326,58780.328812321684,59520.635220537326,5305
2019-02-07,58642.67578125,60014.16651779747,58197.99844545613,59259.054060789,22636
2019-02-08,55721.734375,58423.94938323229,55572.3389871229,58423.94938323229,24277
2019-02-11,54630.26953125,56164.577646117716,54017.68913328281,55720.393815876014,14323
2019-02-12,54639.9453125,55451.914978651446,54190.432773113396,55029.446759582366,10994
2019-02-14,55574.5078125,55868.45959544625,54600.067889083206,54881.38433757618,8943
2019-02-15,54427.12109375,55682.20401256732,54292.03110669092,55577.27155216204,12188
2019-02-18,53759.125,54784.60422852203,53555.82680651198,54536.83515770348,5980
2019-02-19,53529.86328125,54690.77564086646,53165.07330662905,53778.866255766116,10536
2019-02-20,54087.87890625,54262.4038360429,53428.281019207236,53827.967439585766,6031
2019-02-21,54006.40234375,54538.8112681732,53803.4010528829,54123.230461948755,3891
2019-02-22,54253.34765625,54440.111510583,53851.289633591834,54015.64645256758,4411
2019-02-25,54627.80078125,54754.0066170314,54148.897255665564,54754.0066170314,4311
2019-02-26,55232.6640625,55661.27805762308,53699.754774209505,54430.37590638348,5776
2019-02-27,56130.80078125,56528.8600628542,55430.08657662665,55674.0073960985,11007
2019-02-28,56107.88671875,56661.12158505387,55843.7799705517,56651.25030951641,12341
2019-03-01,56393.7265625,56661.13795166512,56174.48392709769,56174.48392709769,4094
2019-03-05,56920.98828125,57253.40351632105,56481.96326032097,56658.16554528068,8410
2019-03-06,57812.5234375,58033.24676892507,56814.14386435588,57292.900875462,7261
2019-03-07,57095.21875,57840.60041035303,56903.07588772262,57816.0687448943,4062
2019-03-08,56292.546875,57253.41558661288,56098.47599633121,57253.41558661288,6779
2019-03-11,56965.46875,57233.817132420256,56305.77046128749,56305.77046128749,5144
2019-03-12,56435.07421875,57503.786414148475,56069.836992517514,57352.11579488508,13277
2019-03-13,56675.55078125,57253.413867797404,56463.71160755192,57055.988302736034,8933
2019-03-14,56425.6484375,57243.53384338808,56267.26457332237,57243.53384338808,10389
2019-03-15,56867.94921875,57253.42269395672,56178.44032647881,56463.72031197112,8692
2019-03-18,56694.44921875,57251.436059617605,56507.14172552071,57251.436059617605,5722
2019-03-19,56704.8125,56946.361886024104,56286.02355762326,56946.361886024104,2978
2019-03-20,56243.1796875,56661.12799867818,56068.85139938886,56661.12799867818,4821
2019-03-22,55819.85546875,56561.43522074541,55452.44727662553,56266.28401163176,5278
2019-03-25,55285.328125,55595.03948220065,55175.6566805092,55585.16820388349,3193
2019-03-26,55456.9765625,55673.01098586453,55328.50344434665,55673.01098586453,5182
2019-03-27,55856.7734375,56152.76525255978,55476.58270535044,55624.65187627219,7145
2019-03-28,55572.2890625,56118.120661684145,55377.92512206359,56009.63684824451,5142
2019-04-01,59389.40234375,59908.727895018565,57253.40460224961,57401.47375208302,15675
2019-04-02,59612.7421875,60889.985178914234,59425.08766893581,59474.4440540429,13292
2019-04-03,59267.34375,60046.9779784911,58832.81090774403,59701.48328356307,7111
2019-04-04,59230.78515625,59720.15383949162,58980.94538465019,59486.30476955441,6488
2019-04-05,59483.52734375,59622.515701213924,59130.28599435582,59230.7725138595,4012
2019-04-08,58162.8515625,59774.534282454224,57819.08432063547,59774.534282454224,4676
2019-04-09,56899.22265625,58586.02718921138,56759.841000499655,58436.970911105724,8355
2019-04-10,56751.6953125,57697.610370455324,56562.41358814525,57055.97740654094,7299
2019-04-11,56729.15234375,57244.533356493506,56566.42662498428,56858.566352262,3874
2019-04-12,57762.515625,57844.69400305687,56759.84069993976,56759.84069993976,4869
2019-04-15,57399.41015625,58284.71731383442,57281.251723408284,58240.543342401,4502
2019-04-16,57308.796875,57786.46651723326,57204.16131895581,57518.95485979954,3320
2019-04-18,57068.0234375,57648.358127850355,56785.60851516656,57453.79371514298,4303
2019-04-22,55866.65234375,57003.77746007939,55658.61513019895,56907.92579462766,3745
2019-04-23,55836.33984375,56350.18998689203,55674.00744960516,56350.18998689203,3363
2019-04-24,54926.15625,56068.85688984639,54839.88282597564,55871.43133741736,5419
2019-04-25,54707.5078125,55469.620577498084,54588.16560765449,55327.52430639108,5110
2019-04-26,53709.66796875,55120.96366194766,53551.67741010052,55032.36895139362,11658
2019-04-30,52224.0,53887.06368018146,51824.213212361785,53709.67757300822,9371
2019-05-02,51750.02734375,52998.890512327096,50922.27057257296,51927.856870943695,26249
2019-05-03,52427.2421875,52712.62236520135,51824.20738151819,51824.20738151819,12837
2019-05-06,53125.09765625,53295.03016540893,52027.55806442013,52427.244570078394,11787
2019-05-07,52263.12890625,53946.52866754268,51988.36422523566,53304.89566417758,5985
2019-05-08,53421.140625,53798.47026276037,52317.77842066605,52366.14768750779,12180
2019-05-09,53730.5546875,53976.10274946355,53304.90591369395,53699.7570686102,7410
2019-05-10,53252.93359375,54093.56936405903,53059.70331554256,53897.18104789957,5090
2019-05-13,52388.5859375,53302.81256482716,52246.58609871053,53301.92569242935,2913
2019-05-14,52603.8828125,52810.33900582912,52169.693199089124,52455.960200559995,3264
2019-05-15,52869.875,53106.48876358645,52515.249336171335,52900.179052409854,7314
2019-05-16,53001.25390625,53275.282098824806,52416.48099773202,53155.83964683374,5128
2019-05-17,53669.84765625,54045.253172309975,52714.25771001605,53058.02500530842,5326
2019-05-20,54056.40625,54440.051954652816,53533.91869671878,54183.15192624116,9203
2019-05-21,54067.07421875,54440.10834168114,53714.5692731202,54292.03914401564,5597
2019-05-22,54414.28515625,54538.80978316867,53798.51407659053,54291.04071066957,4630
2019-05-23,54112.66796875,55376.09128167853,53798.46442277168,54808.29614945967,9450
2019-05-24,56275.46875,56725.105487591,54292.03198134954,54489.457552190805,8395
2019-05-27,56130.69921875,57182.38745605947,55947.9340549438,56562.42109034943,6040
2019-05-28,55690.4921875,56513.066554499084,55530.92452100448,56413.316519107546,4862
2019-05-29,55196.921875,56157.69402239311,54983.999204452775,55871.426993627174,4761
2019-05-30,54474.89453125,55525.938858350964,54316.70730099132,55525.938858350964,4519
2019-05-31,54553.71484375,54960.01430823257,53823.14006048686,54587.27718693307,6656
2019-06-03,55281.58203125,55705.55347917147,54677.016298882576,54690.09574401636,6624
2019-06-04,56643.80859375,56858.55900925717,55303.8327863478,55304.819914108375,11498
2019-06-06,55087.453125,56997.79205334981,54796.0537919957,56858.506789071434,7419
2019-06-07,54881.8359375,55714.77511714831,54402.58540739242,55229.79847480777,6447
2019-06-10,54878.921875,55279.15203582298,54390.73709239011,55228.80852236179,4118
2019-06-11,55473.6640625,55575.18783026205,54786.573073333966,55081.72424806824,3948
2019-06-12,54992.3984375,55545.68359217234,54703.960453661944,55545.68359217234,4485
2019-06-13,54065.92578125,55278.16882873655,53552.66946066513,55278.16882873655,6714
2019-06-14,54000.5859375,54434.1818752028,53683.76800361523,53947.5278119416,3387
2019-06-17,54020.27734375,54588.17279503378,53451.842056896654,54242.67803050825,5755
2019-06-18,53916.71875,54242.667547948105,53427.10340689204,53852.75210333592,4368
2019-06-19,53794.3203125,54224.70803632476,53626.7052396884,53995.891039483045,6317
2019-06-20,54214.73046875,54292.023338623774,53418.31507156373,53897.122132219054,2777
2019-06-21,54215.421875,54489.34981693853,53749.1042830744,54143.95537055336,3125
2019-06-24,53957.09375,54380.81834231628,53853.00189857329,53897.1758659726,5044
2019-06-25,54837.81640625,55613.452159795575,53797.43371902897,54341.391323810036,13088
2019-06-26,55372.68359375,55624.64794847668,54537.82031065463,54588.163825213145,5529
2019-06-27,55774.64453125,56167.571521142905,55369.972262986776,55369.972262986776,7335
2019-06-28,55880.90234375,56068.849903857685,55621.5345565627,56067.862776218535,6063
2019-07-01,56028.23828125,56412.32738099236,55785.551377861906,56108.3421569846,3293
2019-07-02,55938.1484375,56240.79941853696,55458.79777617639,56028.2238228027,3549
2019-07-03,56075.41796875,56340.66227480094,55886.483263454254,55970.14233864297,4265
2019-07-04,55811.66796875,56266.29049587128,55576.43461816745,56078.73619421838,3757
2019-07-05,55282.265625,55984.06723079787,55032.375760681985,55812.20673558671,3876
2019-07-08,54071.16796875,54994.87295817074,53702.57593053396,54994.87295817074,6867
2019-07-09,53868.7578125,54193.326264490905,53285.16852016792,54186.41636861018,6050
2019-07-10,54486.39453125,54686.881735740644,53853.302411595876,53869.53989319203,5225
2019-07-11,55440.953125,55800.81138515006,53991.949570585755,54293.02359097168,4222
2019-07-12,55352.8984375,55567.20544060679,54963.27983814559,55425.25568161276,3806
2019-07-15,55409.8515625,55596.56910141928,55091.603098812004,55091.603098812004,4232
2019-07-16,55783.4765625,56014.56471338839,55132.07249638655,55132.07249638655,3608
2019-07-17,55283.796875,55782.59333567363,55099.00731753606,55782.59333567363,4807
2019-07-18,54823.50390625,55528.66028055969,54692.85983919844,55284.099337592306,3075
2019-07-19,52814.14453125,55180.43605298491,52491.3537872549,55022.49562778853,8765
2019-07-22,53447.140625,53666.03618502537,52568.546874322514,53090.5407555111,3720
2019-07-23,53247.44921875,53734.69316973062,52910.04817764748,53649.40687326423,3685
2019-07-24,53333.1328125,53936.61105925185,53033.43928006304,53304.899415977736,5309
2019-07-25,53416.34375,53782.275092174736,53107.47301901075,53329.576763049365,4636
2019-07-26,53639.0390625,54274.00896187067,53304.8963327107,53304.8963327107,2683
2019-07-29,53092.96484375,53956.40474638858,52821.2077932538,53640.52385508151,7924
2019-07-30,53086.25,53590.919065007394,52982.1080217931,53295.027520291565,4885
2019-07-31,52859.46875,53108.47177980345,51959.01138923453,53108.47177980345,5426
2019-08-01,52721.96484375,53238.50680588656,52469.39873639673,52815.242230892756,5918
2019-08-02,53229.82421875,53639.895896170965,51788.741097168706,52420.005993210594,5861
2019-08-05,52719.29296875,53012.86622856566,52322.167375000565,52617.616526954735,3159
2019-08-06,53231.39453125,53452.53753689693,52568.21640526215,52568.21640526215,2796
2019-08-07,53357.234375,53803.37253291758,53062.27924734021,53358.71656157116,4650
2019-08-08,54049.95703125,54248.02578146173,53363.654505060855,53373.5357483726,2761
2019-08-09,56357.125,56749.56088019788,53902.18036399191,54198.61765288646,21845
2019-08-13,56062.95703125,56709.33694803448,55345.92623249335,55929.11637716428,7241
2019-08-14,56612.609375,57184.23932147579,55680.80809664793,55948.58980018283,8058
2019-08-16,56148.77734375,57607.64240788482,55830.35431174415,56619.518181334475,5761
2019-08-19,56905.87890625,57059.23501842129,56332.96369209798,56332.96369209798,4045
2019-08-20,56865.46484375,57169.90748377162,56549.31524671866,56819.12335813878,3228
2019-08-21,57051.328125,57169.90303147245,56520.70541853577,56818.13080893751,3921
2019-08-22,56888.72265625,57014.75865293913,56302.32120079408,56819.1100877176,5127
2019-08-23,57172.3828125,57706.46404220569,55849.828502326796,56915.96453477821,5842
2019-08-26,58084.3125,58299.32987752632,56623.521352790056,57755.86154815954,5060
2019-08-27,58172.3515625,58792.399473721365,57954.02630103079,58081.93820174023,4168
2019-08-28,57236.6015625,58496.95400909805,56896.78718611084,58171.86113968938,3434
2019-08-29,56862.2578125,57299.356173081615,56508.906852437096,57261.80744688694,2946
2019-08-30,57894.25390625,58249.92848215151,56975.24811333089,56975.24811333089,4921
2019-09-03,57115.10546875,57953.331916578,56836.75168114557,57902.39334714008,3399
2019-09-04,57006.08203125,57497.87077676338,56812.26297271338,57115.12310353381,3013
2019-09-05,57036.9453125,57568.112214248315,56899.74659201107,57192.625042236396,2103
2019-09-06,58056.546875,58279.565736577395,57212.491949240866,57390.25395015963,2892
2019-09-09,58169.984375,58496.95313158364,57640.24944298427,58103.679696678744,2887
2019-09-11,59388.18359375,59564.11985910139,58175.85569749595,58249.914825713786,6205
2019-09-12,59938.5390625,60384.233355794495,59287.465423650356,59540.4252761246,7908
2019-09-13,59405.9765625,60272.31445246828,59050.352207841745,60032.497481759616,7070
2019-09-16,58755.3515625,59267.6939989531,58595.819670315184,59088.84350522502,2897
2019-09-17,57165.36328125,59281.18453381596,56866.55602343086,58941.61714678802,5455
2019-09-18,57671.42578125,58001.90315216355,57311.20432759477,58001.90315216355,4374
2019-09-19,57379.5390625,57706.461544836566,57203.45607681307,57521.6822929721,2409
2019-09-20,63875.22265625,65067.98911532118,57379.540143769475,57686.70014506379,25477
2019-09-23,65394.28515625,66665.75355391856,64129.23956377658,64129.23956377658,16170
2019-09-24,65097.16796875,66429.15925564173,64911.153606912194,65956.29555544198,8452
2019-09-25,63733.51953125,65206.31871358984,63437.576320843575,64743.87656844724,6021
2019-09-26,62113.1015625,64643.09354838268,61411.92699529172,63733.525104309214,20476
2019-09-27,61930.23828125,63117.27261500897,61547.04295732512,62113.09143032071,7538
2019-09-30,62539.91796875,62696.385132378935,61728.12369554413,62211.31646786878,4885
2019-10-01,61128.7265625,63189.560122447205,60047.27470697187,62547.27933495106,9209
2019-10-03,60741.0390625,61327.93471888985,60473.20719884087,61128.72731593768,5960
2019-10-04,60214.66015625,61243.93818983812,59797.22399820541,61243.93818983812,4320
2019-10-07,60438.71484375,60827.93540798195,59880.32433476351,60264.70463453616,3561
2019-10-09,60459.48046875,60770.53894493425,59567.648011091296,60523.11413676972,6263
2019-10-10,60447.5078125,60659.95450847684,60015.55087669388,60473.19904085068,3047
2019-10-11,60989.69921875,61152.59305424127,60324.98877128812,60522.613632127715,4974
2019-10-14,61260.38671875,61972.7277481058,60909.30928938854,60989.98808384425,4294
2019-10-15,62279.0078125,62546.195094266695,61038.417684244974,61411.92869060133,4999
2019-10-16,62149.9609375,62860.47256966217,61885.687834835095,62281.48184100393,3660
2019-10-17,64131.1328125,64931.22001947248,61911.90634230051,62149.056136767955,7039
2019-10-18,63259.4765625,64314.00214196624,63042.33622729704,64129.273058802166,4473
2019-10-22,63448.74609375,63980.94752126062,63269.6485659072,63630.213575948306,3206
2019-10-23,63557.43359375,63776.44977775838,63107.98375944201,63524.52828606484,5771
2019-10-24,62726.328125,63931.6429317188,62306.17843986907,63882.23671616106,8461
2019-10-25,62534.0390625,63220.19101402533,62276.879720339944,63071.97237301089,5263
2019-10-27,62572.3203125,62991.925683827445,62263.5315193237,62991.925683827445,534
2019-10-29,64397.19140625,64820.95002977137,62582.00718056875,62823.950944250515,10839
2019-10-30,64122.6328125,64672.72071311771,63342.16146786467,64475.095898104366,5400
2019-10-31,64893.82421875,65512.637023211326,64331.928914379656,64425.700360684445,7189
2019-11-01,64194.28515625,65705.91845258212,63916.22466779162,65206.32127240024,7154
2019-11-04,63675.07421875,64929.598313672424,63437.57701071667,64525.50181272288,5008
2019-11-05,63097.42578125,64426.55347935216,62480.488757156614,63969.19854870646,5484
2019-11-06,62882.01171875,63401.170719561436,62612.55097462986,63121.38484773189,3245
2019-11-07,62768.21875,63162.773648251954,62558.192183001534,62997.85726610841,2116
2019-11-08,63689.01171875,64712.264677107545,62109.24788988261,62925.1414062581,15991
2019-11-11,62336.01953125,63338.768862372446,62202.4258952628,63240.94455476909,7175
2019-11-13,62211.44921875,62627.30277234581,61658.941195872176,62627.30277234581,4688
2019-11-14,62865.953125,62943.52088621771,62039.684318242864,62319.81757053867,3395
2019-11-15,63191.04296875,63694.73933005008,62560.42281324451,62991.98610073408,3201
2019-11-18,63628.82421875,63930.64597592599,63091.72855164492,63349.03454278074,3043
2019-11-19,62784.7734375,63675.270230115435,62666.839265578164,63674.72598981168,2672
2019-11-20,62309.58984375,63350.578858127345,62005.000509453064,63090.75232935862,2999
2019-11-21,61806.65234375,62679.89849484918,61707.537996559906,62353.60512403771,3752
2019-11-22,61910.265625,62353.60712115523,61760.75453987819,61806.16023771434,3155
2019-11-25,63104.76953125,63197.51095710977,61910.91185046817,61910.91185046817,5750
2019-11-26,62346.0546875,63703.20768578823,62189.32916619251,63109.56374280708,4604
2019-11-27,62258.7421875,62744.922448376296,62107.551984422615,62353.606628646594,4315
2019-11-28,63225.76171875,63538.317169181326,62069.00701277068,62452.41742353542,4581
2019-11-29,62647.140625,63357.78240942251,62452.52107644106,63099.72304094317,2797
2019-12-02,61981.1171875,62845.22278865905,61810.11337600729,62647.144628194306,4456
2019-12-03,61327.59375,62298.47211166064,61198.88443029894,62135.27715549696,4973
2019-12-04,61357.62890625,61815.15218970657,60821.939733805215,61327.58618457122,4926
2019-12-05,61029.703125,61857.396903707355,60846.69458246181,61642.12225399832,7439
2019-12-06,60805.3359375,62007.743438041165,60528.84486088624,61452.290856788226,6126
2019-12-09,61751.21875,62350.791691018065,60527.4689464169,60640.120475508054,3917
2019-12-10,61335.8984375,61720.14656584235,60797.29485025813,61661.89463450662,3345
2019-12-11,61316.23046875,61611.446666009266,60874.61822680906,61563.076449379354,2791
2019-12-12,61950.53125,62205.37906676591,61327.7826514347,61365.43351939894,2718
2019-12-13,63170.1796875,63341.77407277638,62057.15150967795,62057.15150967795,4829
2019-12-16,63494.20703125,64082.91009507639,62847.695945209845,62847.695945209845,5929
2019-12-17,63938.3828125,64230.68462789399,63123.388608537956,63493.952811612544,3451
2019-12-18,63368.359375,64161.911094209085,63242.9619834598,63838.97594757223,8346
2019-12-19,63322.0625,63615.00508866687,62974.226227583655,63490.00142826724,3274
2019-12-20,63010.94140625,63626.32509894618,62707.27558604278,63322.06869197045,4087
2019-12-23,62927.6328125,63144.14267671269,62637.80527382028,62847.691302643616,3576
2019-12-24,62859.30078125,63144.14113621894,62699.36372482406,62863.500508946854,2205
2019-12-26,62394.859375,62995.91451228783,62053.643084856456,62859.54688557888,3506
2019-12-27,64863.0234375,65812.00756516609,62454.50258613338,62550.84928745511,8889
2019-12-30,65468.71875,66197.59544554225,64725.22020724014,65218.31768637621,9010
2019-12-31,65545.6953125,65791.45660142106,65013.76579282799,65215.05937350675,6007
2020-01-01,65919.953125,66152.12701613044,65318.11059641226,65415.93953663987,4235
2020-01-02,66506.4375,66914.95364395513,65482.15174620759,65919.95790169356,6603
2020-01-03,65795.8515625,66668.5997447376,65466.34278387954,66602.7396774865,5527
2020-01-06,64734.0546875,65394.10284535779,64349.85296642009,65231.44832753089,10446
2020-01-07,64561.28125,65728.2574636125,64329.94881477598,64971.271960410224,10835
2020-01-08,64104.1953125,64466.20949939245,63539.405316407414,64033.4908942955,7222
2020-01-09,66126.1484375,66355.69752422109,64745.76974215003,65021.66637518613,9491
2020-01-10,66695.2734375,67294.45253355437,65544.94190531362,65935.71725846425,9439
2020-01-13,66223.9609375,67096.80927259506,65960.41265015787,66693.63551437386,5981
2020-01-14,65907.1640625,66701.55331417538,65665.9499382753,65912.00455716759,8147
2020-01-15,65487.796875,66127.04336295956,65040.98903304804,66007.86835680481,7937
2020-01-16,66266.1640625,66355.69391431546,65117.515441126525,65712.39448411115,9044
2020-01-17,68493.015625,69171.98965605586,66345.77347243679,66662.03460282183,22381
2020-01-20,67700.3671875,69389.64628175939,67436.77245313692,68243.12035656814,9587
2020-01-21,67126.625,67739.14454174491,66787.43519162721,67590.91884252884,3847
2020-01-22,67048.546875,67986.17460762858,66722.4503979576,67649.2082480181,4575
2020-01-23,69052.078125,69171.99426192751,67333.99555725344,67689.73724202906,9651
2020-01-24,69574.5390625,69987.88811801127,68677.92009690039,68787.607134753,8680
2020-01-27,69477.6796875,69764.89011674635,68955.57786454215,69458.55702983146,7624
2020-01-28,69038.296875,70160.1183817359,68521.82295130043,69750.07359872575,5883
2020-01-29,69540.140625,69764.90330591009,69172.00044495334,69260.93587409686,4712
2020-01-30,68992.734375,69764.88984120793,68678.88964382141,69704.61139531113,6362
2020-01-31,68850.6015625,69764.90723414868,68498.27210557365,69022.7904447316,4805
2020-02-03,68641.015625,69061.33595404634,67195.6679955808,67877.50639141833,6669
2020-02-04,70832.2734375,71048.53629486197,68826.1387910421,68826.1387910421,12327
2020-02-05,71534.5,72695.50850893727,70832.25768679375,70832.25768679375,10788
2020-02-06,70788.984375,72235.31970772956,70417.08457418343,71740.24590234554,5926
2020-02-07,70121.0625,71049.49548262908,69538.82905399112,71048.50731162097,5974
2020-02-10,72381.4453125,72630.56475276435,68974.3322414007,70644.34114523977,29310
2020-02-11,70537.34375,72630.58373020572,70269.84271617224,72334.13236804162,13405
2020-02-12,70828.1328125,71948.07078538227,70555.44380404777,70906.24468010431,5903
2020-02-13,70679.1015625,71115.72661178285,70062.43632766407,71115.72661178285,5184
2020-02-14,70949.90625,71661.38952943229,70258.97384393847,70950.69369894208,7017
2020-02-17,70456.3984375,71477.37990213856,70357.78205013294,70950.68470785877,3950
2020-02-18,68872.140625,70657.24749884567,68705.52632667476,70657.24749884567,9604
2020-02-19,69134.6875,69606.9066319883,68680.8043516375,69461.49263131799,5731
2020-02-20,69955.0859375,70392.96454779853,68928.92736973673,69134.66863048475,8466
2020-02-24,68062.8671875,70052.43304542375,67692.72742945995,70052.43304542375,4295
2020-02-25,68318.578125,68976.17984334244,67692.5915027118,68285.51931149469,6211
2020-02-26,67336.8203125,68585.8749714602,67050.23859998716,68319.1038374578,5155
2020-02-27,66763.1328125,67534.4330932134,65944.15125242155,67376.3653286862,6856
2020-02-28,65610.609375,66503.40554539282,64545.11530736039,65617.32613348741,11768
2020-03-02,65198.62890625,66799.14009361604,64778.34504005108,66102.55035123884,6419
2020-03-03,66942.2265625,67750.23717394283,64826.75643913313,66011.62352709839,8202
2020-03-04,66262.96875,66900.80595836321,65320.85469720998,66477.06347172943,8187
2020-03-05,66531.5703125,67366.36303595993,66021.9999502763,66506.76462830648,5745
2020-03-06,65566.078125,65716.34048732182,63105.82628265552,65606.44815493273,9851
2020-03-09,63504.38671875,65024.404751701324,62309.23979614124,65024.404751701324,9596
2020-03-11,62840.30859375,64913.031008685495,61963.91048155163,63443.26512153509,15621
2020-03-12,59841.48046875,62146.93103015324,57316.34940302451,61270.18929891246,17336
2020-03-13,65152.234375,65518.513934838156,55369.56765865734,55369.56765865734,15213
2020-03-16,60572.55859375,63146.65627270283,59598.180695172465,61269.19849067646,11325
2020-03-17,61408.234375,62998.36913571997,59638.69266858726,60572.553764679746,14677
2020-03-18,59214.8515625,62647.856836865205,58502.20337743339,62158.540905836904,12224
2020-03-19,57122.41015625,59164.30501575914,56279.217517955425,58255.14916784703,18081
2020-03-20,58293.640625,60390.778948642874,56856.53201395255,57513.94064623676,12332
2020-03-23,51357.671875,56327.000847575415,50892.964755076224,55246.042614224,20514
2020-03-24,51977.72265625,54351.707176473894,49326.74516016281,54351.707176473894,15772
2020-03-25,55912.3359375,57019.87537116081,49564.35450119241,49564.35450119241,16480
2020-03-26,54691.3984375,60026.65861717537,54252.879037267085,55932.84068322981,16474
2020-03-27,55706.79296875,57513.98719704193,52987.9723969998,57257.051859048275,15883
2020-03-30,53734.76953125,54618.52913457507,52892.02076489047,54055.24775938586,39105
2020-03-31,57478.85546875,58612.8798837402,53483.11722118981,53956.42098820162,25755
2020-04-01,54459.2734375,57217.52209724703,54030.979686541206,57217.52209724703,20661
2020-04-03,54413.22265625,55537.561819236405,53857.599984846696,54944.63411298121,33126
2020-04-07,57020.9296875,57403.31794380099,55394.33105550206,55834.03566700103,18689
2020-04-08,56498.84765625,58798.66606988251,55636.38486948547,55932.848732022685,15231
2020-04-09,59310.453125,59747.39371340468,57020.07318084601,57908.27958248393,17979
2020-04-13,56722.625,59126.15546886032,56427.94070665321,58798.66328165646,13752
2020-04-15,56740.953125,57810.44638308712,56090.95618297478,57810.44638308712,17187
2020-04-16,59729.4609375,61269.1969289205,56340.091580071436,56713.53567339916,22062
2020-04-17,60911.76171875,61605.18991305439,60280.984675911415,60816.49568258089,15847
2020-04-20,60660.45703125,61269.196141299035,60429.21522645865,61269.196141299035,9847
2020-04-21,58170.90625,60077.02227720394,57811.14656587099,59786.88142096925,12668
2020-04-22,57535.6796875,58788.683427308184,57147.36221124188,58181.03287601144,14951
2020-04-23,58020.296875,58642.37682769841,57810.44834449097,57856.894345725006,8688
2020-04-24,58112.25390625,58502.20426456914,57316.348772719764,57538.69667744153,8119
2020-04-27,58508.6796875,59579.358226632045,58112.25575000233,58996.312591307564,7821
2020-04-28,58379.3671875,59095.130552504175,57859.864445637446,59095.130552504175,6233
2020-04-29,58505.859375,59045.720855043175,58205.739888904485,58403.38246917241,8035
2020-04-30,59797.40234375,61071.55616851011,58798.61635495777,59095.13040253891,18800
2020-05-04,57303.80078125,58798.61953547277,57019.886432569525,58798.61953547277,9677
2020-05-05,57069.296875,58650.43756764069,56822.24364177489,57955.72387581169,9615
2020-05-06,57674.76171875,58097.0257858806,56525.8679270548,57662.21218925214,8360
2020-05-07,58137.59375,58304.55151998084,57316.33878235405,57316.33878235405,7492
2020-05-08,58180.93359375,59078.3814468587,57761.04348043594,58207.71570717943,9752
2020-05-11,58098.21875,58749.25415003189,57598.97438837273,58329.26368722678,12163
2020-05-12,56952.7890625,57938.824855199135,56643.23135611512,57810.45753716089,8170
2020-05-13,58942.09765625,59490.40905857415,57535.23008311919,58156.321812244,16232
2020-05-14,57447.37890625,58428.07970980408,57242.61813325008,57984.3721784772,6586
2020-05-15,57450.296875,58058.491686152935,57093.99596887689,58058.491686152935,8049
2020-05-18,55691.78125,57810.409527678945,55488.15919208986,57548.583268946626,9020
2020-05-19,56158.35546875,56723.41633592862,55932.84607340697,56179.89928044498,6472
2020-05-20,56623.515625,56723.42550215366,56076.19617780768,56525.78290458518,7045
2020-05-21,56774.30859375,57573.278655420225,56624.59435213832,56722.42742091427,4818
2020-05-22,56757.11328125,57207.63794443768,56328.12856854289,56633.930241861926,4096
2020-05-26,57045.67578125,57513.938127683985,56520.9810763599,57153.093746826176,6257
2020-05-27,57394.22265625,57513.99329292173,56822.24423269759,57143.41343923022,5430
2020-05-28,57777.0546875,58255.15288046706,57268.866182516445,57268.91636520487,6482
2020-05-29,58416.33203125,58650.932239700196,57662.71929727005,57662.71929727005,7484
2020-06-01,60721.78515625,61535.97228913098,58665.85822712709,58798.67250800356,11453
2020-06-02,61953.4296875,62987.15044377851,60930.92669041901,61268.20448613998,11885
2020-06-03,61016.45703125,63415.887847299,60408.7061706562,62751.461439606384,14523
2020-06-04,60922.0859375,61751.34319289761,59994.40113977371,61115.281546507176,11209
2020-06-05,62777.40234375,63091.45713933111,60795.93920172459,60977.66998907378,13614
2020-06-08,63487.140625,64382.06773377494,62811.89786692591,62949.159088894296,15854
2020-06-09,63239.8359375,64204.184932191674,62800.92277113716,64204.184932191674,12490
2020-06-10,63044.37890625,63635.1295020666,62505.355080500194,63235.74479425682,7412
2020-06-11,62143.71484375,63344.39345561479,61961.092337163354,62949.10831590622,7919
2020-06-12,62977.8671875,63344.443973837726,58798.6648431099,60280.98412486898,11399
2020-06-15,62251.0859375,64726.95284416907,61763.302535314535,64184.42399469887,16231
2020-06-16,61921.71875,63734.79222072737,61345.787488676695,62973.86827298011,9122
2020-06-17,62226.03125,62751.513411520886,61633.89490651081,62008.37737867894,7254
2020-06-18,62257.11328125,62603.28502002397,61961.98505309535,62146.73067623153,4653
2020-06-19,62207.296875,62843.3584187784,61960.934683237465,62357.20796566136,7143
2020-06-22,63999.390625,64431.48675357362,62455.06077953762,62455.06077953762,11458
2020-06-23,63771.98828125,64876.70981030553,63399.48224372029,64243.71319858807,8282
2020-06-24,63372.2109375,65093.57727337018,62836.89297444529,64266.09573946141,9738
2020-06-25,64045.73046875,64727.94478662574,63117.157763691386,63403.739503968056,7199
2020-06-26,65674.3515625,66210.25626496928,64243.3654140662,64243.3654140662,15913
2020-06-29,64428.41796875,66013.41114154237,64065.894371858514,65617.3384877516,19328
2020-06-30,66481.5234375,66926.71331343507,64974.99299163316,65696.388351084,24297
2020-07-01,65060.765625,66012.61528566733,64826.759921254146,66012.61528566733,13670
2020-07-02,65313.80859375,66012.62180277864,65024.40890153944,65617.33664228296,9523
2020-07-03,65360.65625,65814.94086383464,65039.687749004785,65519.51149309611,8136
2020-07-06,66539.875,66753.7767555038,65567.92135792268,65815.96277858339,10688
2020-07-07,66070.734375,66714.26178959715,64826.774898497606,66539.88851193692,11291
2020-07-08,64517.6484375,66653.62030456659,64234.525459358294,66210.26015879477,16872
2020-07-09,64565.7265625,65419.68913267732,64283.24438188308,65167.59449648381,11634
2020-07-10,64102.6484375,65023.415738127675,63754.55046954068,65023.415738127675,12530
2020-07-13,63911.125,64924.48695907861,63591.48836857861,64332.647906673934,8442
2020-07-14,63636.953125,64125.13026090518,62860.36453182619,64036.19110659047,10422
2020-07-15,62924.796875,64431.42377978384,62711.98370641113,63914.63867285774,12777
2020-07-16,62789.015625,63376.80537910569,61695.46164059842,63245.62012798085,11199
2020-07-17,64590.1328125,65094.41857572088,62635.59458449698,63244.58072169951,13834
2020-07-20,64276.12890625,65073.31940773735,63957.23340462363,64727.939030771624,10937
2020-07-21,64847.62109375,65123.23213605189,64481.140784300755,65024.41084297746,10307
2020-07-22,63648.56640625,64816.88105213949,63498.40823522265,64816.88105213949,14416
2020-07-23,62610.55078125,64029.82134575322,62356.23265280605,64029.82134575322,13509
2020-07-24,62234.18359375,63047.97683709399,61960.94275369582,62454.060942437354,15917
2020-07-27,61201.60546875,62830.57401278755,60878.853602670286,62830.57401278755,14479
2020-07-28,61471.6796875,62257.40926502096,61275.125696617295,61466.64211811193,14267
2020-07-29,61086.48046875,62059.769804936164,60824.50368620734,61664.48464694294,9789
2020-07-30,60323.6171875,61664.374827203625,59985.204505539725,61269.19009517218,12271
2020-07-31,60328.95703125,60873.906187243774,59887.669849989405,60478.6210821318,11425
2020-08-03,60255.93359375,61071.556647197765,60085.56723547055,60280.98633461268,9152
2020-08-04,60547.8984375,60972.729574847435,60285.08015597308,60775.08701544761,15026
2020-08-05,60793.9140625,61170.37296056093,60429.21335279969,60676.26655538677,9425
2020-08-06,60622.71484375,61120.97104178573,60379.81132826367,60775.09650880877,4610
2020-08-07,61963.7109375,62514.34234303604,60528.03459549411,60528.03459549411,29581
2020-08-10,61133.8125,62800.927604141405,60972.73380291935,62057.79152926628,9740
2020-08-11,60736.0078125,61753.4231599018,60666.38898681984,61466.84142336201,9749
2020-08-12,60908.25390625,61170.23068525363,60626.86028820491,60913.442023878575,11449
2020-08-13,63222.390625,63593.71155186133,60676.26057028752,61170.366926723094,29507
2020-08-14,60709.62890625,63838.55824109305,60478.634123140786,63245.63045557206,49738
2020-08-17,59439.078125,61548.02090317172,59233.87340560046,61465.852546785434,32399
2020-08-18,59495.84765625,60162.347028742995,59292.76991927648,59984.51890166804,21461
2020-08-19,59132.48046875,60004.28102610984,58901.5359101621,59865.931234547665,25319
2020-08-20,58805.875,59589.230496861965,58537.42468280711,59291.13765654346,27828
2020-08-21,58924.31640625,59441.00505746976,58625.829792376884,59282.890995804,31493
2020-08-24,58896.0546875,59823.936386155045,58803.6567845125,59292.77197058522,22258
2020-08-25,58587.5859375,59441.00817417149,58371.02061638954,59240.40094791452,23315
2020-08-26,58637.34375,59042.0169460484,58551.61627806545,58551.61627806545,19075
2020-08-27,58617.375,59094.13749548322,58403.376745147216,59081.29072902489,12994
2020-08-28,58877.57421875,59291.78208584566,58453.7775989576,58699.84259569714,16940
2020-08-31,57303.94921875,59291.78978378067,56842.0600222381,59291.78978378067,17715
2020-09-01,57657.5703125,58007.05020853329,56921.05457561151,57810.44605335544,14263
2020-09-02,57896.18359375,58403.23718973783,57316.34965990604,57721.516959226065,12907
2020-09-03,57802.6484375,58302.58379196229,57617.20797349711,58048.61308050539,8086
2020-09-04,57736.734375,58106.920483934446,56886.92143496381,57563.40337056431,11067
2020-09-07,57686.125,58161.20825535782,57316.336579831295,57736.72071818102,12599
2020-09-08,57526.48828125,57810.45279302622,57365.75700231063,57810.45279302622,9805
2020-09-09,58070.8984375,58358.86213002602,57184.91539750573,57513.99029040443,12863
2020-09-10,58437.02734375,58698.853559546944,58008.09279525591,58171.147911290274,9822
2020-09-11,58528.59765625,58699.85575155314,57757.00012712416,58403.391833616006,14081
2020-09-14,57921.99609375,59189.06617025392,57605.265304879074,58624.939715031884,17430
2020-09-15,57811.734375,58793.155233654594,57605.41472388379,58001.32822714073,40617
2020-09-16,58965.33203125,59238.56263266813,57910.71735313626,58001.3328366642,23565
2020-09-17,58922.6640625,59167.28754720012,58550.20769847887,58704.068794948624,12214
2020-09-18,58348.34375,59357.327693724495,57932.78152258571,58991.95059230189,17210
2020-09-21,57565.07421875,58476.31698123514,57274.82016604732,58348.341049536786,23226
2020-09-22,57119.96484375,57754.11839987694,56813.57656827411,57565.81207684359,9817
2020-09-23,56627.015625,57724.19096248132,56219.719593088805,57407.46014787237,11256
2020-09-24,55050.63671875,56514.77436414353,54735.04261636785,56417.23040010022,10032
2020-09-25,56874.4140625,57407.46292470135,55132.00013088821,55338.81469172504,12635
2020-09-28,58700.65234375,58842.585767890145,57209.49306229807,57209.49306229807,12997
2020-09-29,58854.8671875,59278.146646361456,57581.409914210424,59168.08347060551,17381
2020-09-30,58963.59765625,59388.01772252066,58100.309000049376,58694.17927943659,16827
2020-10-01,59959.4140625,60074.921045818475,58793.15116766813,58961.41439491567,15857
2020-10-05,59907.2578125,60608.36882285534,59683.96104850776,60178.85293116537,16527
2020-10-06,59654.21484375,60475.785597961054,59462.59503439415,60178.85048045879,9028
2020-10-07,59982.42578125,60465.58713677815,59344.26275532251,59872.0146387807,10706
2020-10-08,59560.5859375,60475.78794785292,58991.11230265195,60108.52790914981,9954
2020-10-09,58184.3359375,60057.99653498817,57944.56082934284,60057.99653498817,12645
2020-10-12,57988.5625,58692.19823849346,57579.731538826105,58692.19823849346,9057
2020-10-13,57991.37109375,58831.94481941567,57605.5062755503,57605.5062755503,15742
2020-10-14,58301.78515625,58544.726836819915,57407.46515639411,58100.31387379886,16274
2020-10-15,57857.45703125,58641.118259723065,57555.92097973924,58397.23710756002,9112
2020-10-16,57420.421875,58278.61073246461,57268.934707602035,57753.87845444934,7262
2020-10-19,59396.77734375,59486.004804419485,57506.43725685145,57705.33353292477,21961
2020-10-20,59315.11328125,59730.77215542117,58645.67155720188,58645.67155720188,14375
2020-10-21,60418.8203125,60969.68519550336,59387.02108362476,59387.02108362476,32354
2020-10-22,61614.390625,61804.67656395993,60213.150581155336,60418.82843174969,24154
2020-10-23,62969.16015625,63331.32052547848,61495.96353355867,61614.045521779095,31802
2020-10-26,62633.9609375,63662.790893157326,62221.71600162272,63148.20386307357,30884
2020-10-27,67505.8203125,68897.30921160312,62853.34223821237,63886.57585000939,88721
2020-10-28,66161.6484375,67505.82894277437,64692.318278897896,67505.82894277437,46839
2020-10-29,66610.8125,68213.3728613483,64495.19620285061,65325.72526560539,50267
2020-10-30,64636.09375,67750.69567268857,63940.07861096708,67055.86750085179,51521
2020-11-02,65549.4609375,65956.4166870928,64098.441916793985,64830.831583683444,32674
2020-11-03,66984.859375,67304.31211304742,65887.583450773,65964.14477821799,29445
2020-11-04,67750.5546875,68542.52865436045,66536.73176890107,66632.49335225573,33722
2020-11-05,67867.9765625,69176.07611067027,67511.20597193173,68295.06818455267,32905
2020-11-06,67816.875,69185.8930233518,67443.72647825746,68542.53350310605,47996
2020-11-09,69127.515625,69607.22038307146,67964.07925281036,68394.03965746325,36658
2020-11-10,68658.3203125,70013.62792918597,68269.28895405035,69724.31727036992,36190
2020-11-11,67888.421875,69769.85378859697,67225.26678862803,68770.17224048401,43328
2020-11-12,68678.0078125,68868.88910874295,67948.63789127157,68294.07233590455,20708
2020-11-13,71092.40625,71758.329641189,68740.47909047817,68789.96827628845,48897
2020-11-14,71191.1953125,71749.43342050337,70275.89266998916,71487.14069245214,5247
2020-11-17,73338.46875,73887.35018532893,71191.1794967176,71549.48118147432,48299
2020-11-18,74277.3671875,74632.71392888554,71637.80098774681,73341.44239402219,62263
2020-11-19,76049.5,76611.37193079038,73352.82559874188,73741.87274827689,64112
2020-11-20,78264.78125,78691.00097293883,76018.47641159373,76175.85841353961,80370
2020-11-23,79299.2265625,80422.57587280887,78394.07923535995,80334.08718537218,60161
2020-11-24,79027.671875,80126.22926533183,78295.59671302505,79482.84385430694,56578
2020-11-25,75535.203125,79977.7807808103,74883.15655211189,79977.7807808103,52953
2020-11-26,75048.4921875,76754.85574262156,73549.11008310075,76216.43795557861,77903
2020-11-27,76947.5703125,78422.70947472316,74533.73786385814,75721.526515075,281075
2020-12-01,78754.640625,79287.22000061155,76986.02641878669,78592.0156555773,57627
2020-12-02,78969.3828125,79185.90677634157,77831.78137247387,78987.94200940071,38286
2020-12-03,78091.8046875,78987.94325700363,77701.17225156372,78961.51186700007,28657
2020-12-04,77897.28125,78789.9551718726,77404.20219146277,78591.94406240623,35870
2020-12-07,78718.375,79180.97079248873,77094.71565679448,77094.71565679448,25469
2020-12-08,78356.2265625,79170.35659607443,78060.26926154103,78789.9704225227,23532
2020-12-09,77573.765625,78790.75384184756,77206.29358310926,78686.03358950572,18683
2020-12-10,76825.375,77944.02281667544,76562.97116502777,77700.17817788196,22452
2020-12-11,77085.8359375,77598.91258464442,76513.36987001663,77196.34820391457,20832
2020-12-14,76758.5,77602.1777739674,76513.37170826121,77602.1777739674,15865
2020-12-15,76499.859375,77008.28075138186,76018.4570913384,76758.49720417043,14509
2020-12-16,77818.8203125,78374.65284495478,76592.5753951546,76595.54486693266,29876
2020-12-17,76504.6171875,78360.68371362596,76216.43153874246,77824.89519134579,19833
2020-12-18,76782.1484375,77394.3079413179,76067.94430605294,77107.25909487995,34069
2020-12-21,74511.640625,77001.48754322504,73786.84235695167,76847.91797164375,24201
2020-12-22,75321.9765625,75929.23343713663,73026.96965398925,74708.927672288,27697
2020-12-23,75082.921875,76067.94327900706,74639.03239060451,75226.59322322103,15368
2020-12-24,75120.0546875,75770.96435521406,74781.18696805436,75622.53718543155,14445
2020-12-28,74599.7578125,76058.26320783891,74245.54781274655,75325.59252479907,18088
2020-12-29,74907.4375,75226.60927954399,74098.21014035083,75126.6370751067,14694
2020-12-30,76142.2890625,76882.32920920035,74533.72501234713,74792.11539742792,16171
2020-12-31,74979.6171875,76552.9424496323,74543.79303658524,75820.51908105335,28028
2021-01-01,75248.03125,75557.55222205992,74781.18243662296,75226.60311294963,13254
2021-01-04,77604.359375,78097.09052340486,75127.61940084193,75425.20835190857,28145
2021-01-05,78248.5390625,78565.2826712182,76909.30749188835,77008.28986961278,25539
2021-01-06,77950.8359375,78987.92361884899,76829.31939590757,78248.52538647705,30427
2021-01-07,76545.625,78690.96686966899,76216.40816307563,78690.96686966899,21765
2021-01-08,79781.875,80570.66400544572,76810.32355216389,76988.49182844469,31729
2021-01-11,81668.28125,82155.37508672228,79680.81559615835,79878.78035540348,48475
2021-01-12,84874.3359375,86114.68590837333,80880.89110649619,81561.49561896508,87936
2021-01-13,84770.7890625,86510.5591603362,84431.97544766049,85322.8169236616,57619
2021-01-14,87846.515625,89022.8748315203,84912.03599750175,85421.7952623932,55671
2021-01-15,86660.8125,88909.83927233014,85522.06652912375,88242.79850916743,57495
2021-01-18,84790.1171875,87268.38787667967,84245.11879957777,86906.50684372429,30785
2021-01-19,86310.2109375,87110.1432625223,85273.32406409083,85273.32406409083,21305
2021-01-20,92134.2734375,93162.35226246584,86709.15034296681,86906.51963937517,80494
2021-01-21,90779.6328125,95497.93074651467,89680.0388190013,92647.53132887268,111415
2021-01-22,91366.6328125,93385.87344246343,90489.69528983183,91503.27490016642,90867
2021-01-25,88726.171875,92924.60996204181,88297.33072280588,92924.60996204181,60275
2021-01-27,87676.3515625,89259.57448613735,86619.46736324162,89183.110609394,58528
2021-01-28,86597.4140625,88501.73459733384,86236.17475971623,87203.48010515049,51944
2021-01-29,83213.6328125,88478.35797187415,82606.43012359831,87598.50526061801,56240
2021-02-01,87236.7734375,87894.95979583872,83046.25430116394,84024.15371257448,46017
2021-02-02,89822.5078125,91014.20158521175,88021.917718038,88539.7425134833,51519
2021-02-03,89048.0,92329.11847513157,88589.26313588288,90651.22046024221,44550
2021-02-04,91243.90625,92825.69134244518,89048.52309588119,90073.88019357256,63583
2021-02-05,89770.1328125,92614.79350747871,89353.51753782491,92368.66764274816,49120
2021-02-08,89946.015625,91609.41423519979,89084.12669918538,91311.12933770259,36568
2021-02-09,92645.421875,93735.31834156599,89480.06608388225,90563.92307903548,69603
2021-02-10,95987.015625,96884.73158120135,91806.14728374346,92896.93299055408,72305
2021-02-11,89168.0,97596.59870389344,88213.1137067007,95785.26720598548,182954
2021-02-12,90349.1953125,92528.74121395907,89168.28896298142,91063.80179379797,138059
2021-02-15,89721.46875,91509.19067825425,89084.12288851144,91433.3686448409,54272
2021-02-16,88663.8203125,90618.37445254934,88098.08184508345,90567.89343565059,58998
2021-02-17,88279.890625,90076.87525241055,87910.17908153182,90076.87525241055,39383
2021-02-18,87979.8203125,89087.12220197344,87453.85829493725,88592.19374529581,36398
2021-02-19,87226.2890625,88463.36270203209,86117.54882119778,87265.78280548041,34825
2021-02-22,86039.65625,87899.30373435884,85351.41175449127,87899.30373435884,33729
2021-02-23,86670.375,87211.37813060786,84929.71184979186,86408.16348524086,37383
2021-02-24,87087.265625,87701.3249246652,85969.07527886199,87206.3964544357,13773
2021-02-25,86734.0390625,87701.3304186143,86476.7303746633,87305.38761762733,22420
2021-02-26,83641.078125,86434.30746032434,82953.52195212385,86018.56754812397,46327
2021-03-01,88122.453125,88952.49447937027,84288.33547978631,84335.80220825189,48753
2021-03-02,88770.7734375,89358.35412107108,87549.83891567367,89234.37452723827,34837
2021-03-03,88193.375,89037.62234829995,87582.53280019543,88770.36100272973,22137
2021-03-04,88862.96875,89880.00036028153,87204.12317722244,87305.38244927733,29437
2021-03-05,87762.4453125,88790.06371020083,87112.35679113668,88790.06371020083,27911
2021-03-08,86676.359375,88577.28649917745,86317.53629654234,87762.43331432651,21119
2021-03-09,88164.2890625,88597.64536207796,87107.41565448896,87501.77313507318,24443
2021-03-10,87784.578125,88793.1418688084,87483.01973864672,88792.89440456008,16992
2021-03-12,87874.8984375,89384.08228459388,87305.38269658007,87899.29686458402,25808
2021-03-15,86784.265625,88582.78921904358,86117.55060097766,88295.23578858859,22657
2021-03-16,85938.3984375,87582.40405059932,85622.63404143965,87008.43389875776,22685
2021-03-17,84740.671875,86442.7774656278,84381.60123146186,86442.7774656278,18541
2021-03-18,82362.2734375,85472.4035435993,82158.16186937962,85152.63339349785,30104
2021-03-19,83682.296875,84059.58699926447,79788.20003451419,82059.13270876309,63106
2021-03-22,82873.5859375,84631.77280913446,81585.09388549687,83642.90579272111,27406
2021-03-23,83756.859375,84137.80742807008,82752.05388222571,83147.89619140534,26061
2021-03-24,81506.515625,83489.88756288789,80970.30696588472,83019.31106636616,25865
2021-03-25,80921.9921875,82151.19338792223,79884.12723181414,81465.22255884232,33840
2021-03-26,81177.625,81910.06499087616,80970.2963739889,81910.06499087616,17694
2021-03-30,82341.5546875,83094.54205811987,80500.17306284109,81674.0971548082,34009
2021-03-31,81425.0859375,82678.53861621622,81118.77163148993,81872.44711620177,17739
2021-04-01,82289.8828125,82603.52055074173,81366.24569579074,82304.63013520204,19973
2021-04-05,80694.03125,82424.5023353776,80438.35428246747,81475.12894843395,19060
2021-04-06,81411.3125,81663.1846519046,80387.35979009715,81306.58874559127,18062
2021-04-07,82823.90625,83098.49102150653,80856.217563657,80940.60286871459,16887
2021-04-08,82141.40625,83635.14690412955,81663.20477333629,83049.00461191412,19674
2021-04-09,81057.5625,82442.674134929,80920.81529273496,82067.41777387395,14917
2021-04-12,78424.2421875,80574.35848839852,78099.71602868113,80475.37279000983,24417
2021-04-13,81833.0546875,82257.10783394199,78495.65163936943,78693.62301803115,30804
2021-04-15,80159.109375,81613.65773872103,79683.48311862115,80871.31143840184,33546
2021-04-16,80540.6875,81149.49582481904,80159.097707811,80584.24119871936,23199
2021-04-19,78427.75,79583.50851555358,78013.5954008921,78401.61932330528,26801
2021-04-20,78535.0390625,79832.05309416831,77901.28323326609,79584.44195720716,27667
2021-04-22,77513.71875,78297.6854615748,76846.90315618133,78297.6854615748,41067
2021-04-23,77420.8203125,78080.90798240129,77010.8725932838,77486.00394090303,17859
2021-04-26,76899.5546875,78492.08751536242,76698.56733629284,77753.2598683066,16483
2021-04-27,77219.1328125,77676.94163851689,76911.88277083654,77109.85415506006,13283
2021-04-28,77269.0234375,78495.65728115365,77060.36468269624,77594.88744350107,23446
2021-04-29,76869.21875,78297.68282618969,76718.86102963124,77802.7543633187,18240
2021-04-30,79901.8046875,80870.3334390543,76416.96644383643,76812.90927515164,60005
2021-05-03,79097.046875,80305.07457873863,78495.76286321608,79584.40452945235,18348
2021-05-04,77817.1171875,80059.63833802924,77614.83835234222,80059.63833802924,24181
2021-05-05,77483.71875,78593.59571598229,76962.35806652317,78495.59989022333,17889
2021-05-06,77097.2734375,78396.61520305274,76967.55579212813,77505.79044801714,17273
2021-05-07,76660.6640625,77971.0336277783,76416.95818286766,77505.80085127639,21111
2021-05-10,77575.125,77946.27490612945,76713.90317131286,77406.80294189247,15645
2021-05-11,77823.6953125,78188.75921960686,76819.19150692587,77123.7194709558,14533
2021-05-12,76483.5703125,78421.51687631977,76219.97450176507,77505.79867129265,21902
2021-05-14,75363.5,77060.36224769572,75179.6340746627,76714.90217801755,23176
2021-05-17,77418.4921875,77668.43107214915,75229.12963697332,76001.21807272121,20991
2021-05-18,78465.96875,79136.10197623628,77610.28372550031,78050.2287868992,24073
2021-05-19,78874.96875,79188.55232389981,77545.43626272127,78467.93649775232,19150
2021-05-20,80407.171875,81633.4577260777,78442.55325837176,78990.58602188335,26037
2021-05-21,81344.6640625,81647.01122257339,80475.36861108814,80871.31138408242,20210
2021-05-24,81622.4609375,82455.07749935503,81168.26356479127,81524.61203897816,15291
2021-05-25,81348.0625,82256.06277097343,81090.05787503312,81867.09545308883,11453
2021-05-26,80742.1328125,81960.15173410405,80574.35206710229,81831.42393691145,10203
2021-05-27,81954.3671875,82331.20883977246,80530.4114969698,80772.23046816947,18209
2021-05-28,82536.34375,82801.52485137839,81984.89295655009,82355.09941553892,10943
2021-05-31,82793.0078125,83113.32702275591,82158.11520143798,82392.71126532642,10282
2021-06-01,82240.734375,83939.87024717806,81971.83354508449,82795.0001400562,11331
2021-06-02,83576.2265625,83916.5439514188,81960.13849426397,81960.13849426397,10170
2021-06-03,83614.1953125,84222.95725585557,82959.89995549509,83845.82180802066,9669
2021-06-04,84057.3671875,84470.43139311367,83385.54819250839,83989.36092277228,11134
2021-06-07,81564.7109375,86414.51526196746,81415.73746044471,84730.66798894554,69851
2021-06-08,80524.0625,81618.78999632828,80327.0268625084,81425.62098699108,26448
2021-06-09,79414.3984375,81157.38977279932,79197.47281137592,81038.60692665244,19134
2021-06-10,81338.6640625,81490.90868608211,79238.08729310983,79486.49496308008,20186
2021-06-11,81338.015625,81978.40655603926,80500.30293334731,81734.60019348795,13297
2021-06-14,81640.28125,82284.7786292984,80446.95461488745,81168.26643687997,11908
2021-06-15,82022.2109375,82512.2364577144,81118.76553421482,81693.37741209904,12061
2021-06-16,81716.9609375,82306.62193442762,81514.78261482884,81959.1820751494,10103
2021-06-17,81837.8046875,82450.97464670106,80996.07831331363,81094.02774833998,14770
2021-06-18,81805.8515625,82304.04355285013,79683.49738548529,81811.6901727995,32641
2021-06-21,80947.578125,81415.73406237348,80178.41287601521,80178.41287601521,6928
2021-06-22,80918.078125,81663.19289410347,80673.33601053858,81663.19289410347,7101
2021-06-23,81139.1015625,81663.13792829461,80920.79174303269,80920.79174303269,4801
2021-06-24,80153.65625,81364.25114464341,79831.9527824946,81364.25114464341,9667
2021-06-25,79697.5546875,80424.94498237094,79559.76348747862,80394.11248071614,7525
2021-06-28,79737.5703125,80325.7463442824,79328.1175743951,80078.42906441134,10158
2021-06-29,79408.546875,79930.9438485738,78721.09126505778,79930.9438485738,14280
2021-06-30,79267.25,79831.51486369601,79060.8648249552,79485.51345850062,7178
2021-07-01,80196.5234375,80641.51826488024,79287.54090270118,79287.54090270118,9204
2021-07-02,80319.2734375,80663.05542588037,79782.47706045725,80199.30740475352,6768
2021-07-05,80010.4765625,80997.75823039381,79782.46149221677,80366.47702919453,8057
2021-07-06,79633.1953125,80558.5104086449,79534.99841903344,80069.52112153845,6734
2021-07-07,79949.6484375,80524.7088753783,79485.70716575324,79782.46315998606,10475
2021-07-08,79602.2734375,80514.92158704062,79287.5453125847,80178.41660823172,5867
2021-07-09,79183.3203125,79881.36285945846,79069.78061633378,79782.47768748751,10267
2021-07-12,79373.7578125,79663.88642399754,79069.77120404631,79485.51111273059,5751
2021-07-13,82272.765625,82603.57897707095,79189.66220695798,79624.06256288584,35724
2021-07-14,81966.140625,82511.4590028578,81545.01062751004,82158.12647287421,9792
2021-07-15,80619.1015625,82410.49520453943,80293.23755638617,81966.09582689128,10241
2021-07-16,81613.5390625,81871.04873975951,80529.69236119874,81118.75763781033,11216
2021-07-19,81402.15625,82123.42158135601,80797.05989200708,80970.28482898841,7692
2021-07-20,80811.9765625,81861.17864375308,80576.34418329853,81367.23997212994,7135
2021-07-22,80744.6015625,81564.20302003137,80418.49013564219,80822.30532387224,6118
2021-07-23,80351.5,81138.33583118848,80178.42194622122,81049.4497604082,4471
2021-07-26,80097.0,80771.88139866562,79881.45864164537,80523.87582452552,5993
2021-07-27,79282.9140625,80495.09402733516,79136.91021088955,80104.14706153456,6581
2021-07-28,79112.09375,79728.03226983243,78397.71085796152,79441.5150671432,7559
2021-07-29,78916.8359375,79483.32794560178,78646.06367698622,79190.82523292476,5158
2021-07-30,79096.953125,80316.9982970534,78904.76619869223,79153.62243917928,9818
2021-08-02,79605.1484375,80524.82618722944,79320.51039727051,79682.50422081338,10580
2021-08-03,80196.625,80396.18170834074,79695.85791421798,79980.44178815479,5106
2021-08-04,79778.75,80916.58669963946,79529.85354803425,80340.0065410861,6965
2021-08-05,78995.609375,80045.78060511319,78800.90339286369,79938.29063168616,8114
2021-08-06,78496.2578125,79478.06191401671,78337.94729499868,79029.0596642814,10148
2021-08-09,79379.7890625,81972.02979505109,78536.26943020352,78823.79262145516,64535
2021-08-10,78167.421875,80261.62911910405,77544.63839904698,79427.72367167856,22258
2021-08-11,76952.7265625,79130.86464783741,76652.16522938183,78337.91789289993,16579
2021-08-12,77580.375,78050.30958972417,76954.61673177745,77543.63860328929,13737
2021-08-13,78211.859375,78536.26615225752,77810.54785558522,77891.7134628766,9067
2021-08-16,77999.6015625,78685.01210131655,77455.40384667719,78290.05312930279,8280
2021-08-17,78076.7265625,78501.5811643905,77276.98567042362,77999.57393982304,9035
2021-08-18,78682.171875,78833.74244998368,78238.77080885172,78436.10306982715,7011
2021-08-20,77422.6015625,78733.56855536155,77152.92763699676,78733.56855536155,8520
2021-08-23,75524.6015625,78039.44886951293,75313.48735866412,78039.44886951293,14541
2021-08-24,76511.3203125,76752.3302998172,75377.69795814046,75858.88125393749,12172
2021-08-25,76370.1015625,77326.47188118471,76094.43140113851,76592.62712778068,12272
2021-08-26,75922.90625,76617.48930589814,75660.57638050901,76484.61227791665,8394
2021-08-27,76308.5390625,76684.55650084966,75922.89206987487,76007.62904868832,6617
2021-08-30,77530.265625,77718.13103616622,76354.70071976262,76354.70071976262,9045
2021-08-31,79074.4609375,79185.81670157374,77601.95255426978,77643.80199336303,14859
2021-09-01,79284.5859375,79884.81784961928,78575.72521148616,79329.55742977343,10789
2021-09-02,80584.0859375,81189.36878124508,79370.64610357591,79719.24675380235,14947
2021-09-03,81707.3046875,81907.85970270586,80826.79317953234,81262.21478914471,15764
2021-09-06,80722.6328125,82502.73688962603,80597.5880524963,82006.92717274126,10180
2021-09-07,80405.1640625,81610.27601152421,80212.13915010792,81099.59202433181,11928
2021-09-08,79567.546875,80747.22543700837,79141.15049967286,80697.99307935569,9413
2021-09-09,79198.5546875,80787.18313851181,79131.22528206,79627.03496427841,14454
2021-09-13,79571.1171875,79733.24696989795,78585.84253845784,79131.23324377206,7150
2021-09-14,79749.859375,80169.50809866012,79381.1705971435,79557.63238575931,9958
2021-09-15,79537.9453125,80316.21940714524,79445.22889155342,79846.19177582247,9413
2021-09-16,79301.484375,79924.51568318403,79132.21186146115,79924.51568318403,6457
2021-09-17,78731.8515625,79666.49930726696,78190.17947793768,79329.55014185,13253
2021-09-20,78214.4375,79279.97913641146,77852.0470544048,78526.34831535238,11737
2021-09-21,77716.9296875,78368.96591456085,77395.89291196829,78209.0208067513,10584
2021-09-22,79323.3984375,79874.94022974046,77842.12052184515,77842.12052184515,16457
2021-09-23,79548.4140625,80320.1884257785,79331.09444997778,79924.53224259245,6530
2021-09-24,78790.6015625,80013.764010221,78392.51288230524,79825.3563368793,11095
2021-09-27,81207.0859375,81312.79411926042,78481.37200048394,79278.98264683843,20927
2021-09-28,79814.0546875,81203.70849385603,79141.14024782818,81074.20145746463,14053
2021-09-29,78394.15625,79757.43142807507,78239.80450117365,79633.08391149146,25732
2021-09-30,78710.3359375,79012.1910949417,77992.899267231,78883.32704892781,16379
2021-10-01,78332.3671875,78704.82093221997,77852.02836573755,78337.92180477986,8506
2021-10-04,79118.3359375,79876.87828550395,78734.57923518242,78811.13535057935,10101
2021-10-05,78741.7109375,79398.95307533696,78567.97614668537,79081.63491642466,5361
2021-10-06,77970.5546875,79220.49121493047,77842.13994707775,78977.54440872621,9556
2021-10-07,80591.421875,80763.81643079773,78199.19466660351,78486.61705525454,22060
2021-10-08,85140.890625,85649.59137489049,80420.43368623561,80618.65685399037,54225
2021-10-11,84221.109375,86816.27804339289,84010.44448272113,85140.4412656278,28671
2021-10-12,84899.9765625,85477.54839841269,83673.04894036254,84287.65156437061,16687
2021-10-13,85384.921875,86072.56344292925,84723.9610664041,85435.94379165783,11972
2021-10-14,84452.703125,85874.23594934405,84287.54427358147,85611.45682086164,7265
2021-10-18,83607.5078125,86171.73514587613,83296.03857599072,84585.14393490487,20490
2021-10-19,82317.5078125,84462.42719072833,81897.20835417291,84128.00352720624,15834
2021-10-20,81824.9921875,82683.64145027984,80321.15518876043,82453.1364684621,28021
2021-10-21,80411.859375,82701.01279639748,80222.55303090051,82580.87190655075,18125
2021-10-22,80123.2421875,81583.75036234158,79408.88112498673,80420.37938970687,24048
2021-10-25,78763.78125,80816.9290769337,78354.24246587847,80816.9290769337,19941
2021-10-26,79422.5390625,79825.38455911042,78619.2806363164,78833.76487514631,7847
2021-10-27,78707.609375,79899.73737952176,78536.26063243095,79819.41620387495,6723
2021-10-28,76958.9375,79041.19101589975,76652.17849371205,78707.80547970772,12606
2021-10-29,76660.2578125,77742.95897616711,76007.6250704491,77346.26474413052,9403
2021-11-01,78081.1328125,78316.2472709222,76602.58212392004,77042.8610425352,7650
2021-11-02,77926.609375,78724.66154271647,77693.37740108119,77693.37740108119,6829
2021-11-03,77315.4921875,78526.36049791088,77148.00917713685,78199.12601168395,7732
2021-11-04,77755.359375,77974.95659890042,77445.52478201779,77718.17364598278,1245
2021-11-08,79272.28125,79634.96602391101,77891.69922272016,78218.93360519625,9209
2021-11-09,77850.7421875,79815.28713734349,77347.2939897985,79622.06857490123,23116
2021-11-10,77512.3984375,78267.2685985074,77395.88317455305,77850.0447952314,9926
2021-11-11,76563.828125,77742.81716091788,76255.53518948457,77742.81716091788,12757
2021-11-12,77519.703125,77641.67231705855,76606.66951859424,76929.83674717162,11688
2021-11-15,77827.7421875,78209.06631802741,77147.98710828752,77742.95873123061,10112
2021-11-16,77787.390625,78782.18641094543,77554.80936897903,77752.88536504672,16137
2021-11-17,78711.9609375,78836.76256959843,77871.926412278,78037.93605735872,10113
2021-11-18,76818.4921875,79001.33154425147,76654.12497428266,78935.92864012341,10930
2021-11-22,75026.4296875,77249.12930789236,74394.1473019947,77192.60482913718,15725
2021-11-23,75863.3125,76059.11832011567,74467.15982733779,75167.6184652312,7408
2021-11-24,75831.578125,76752.1381689745,75479.14469914437,76015.0347103523,6410
2021-11-25,75032.171875,76058.14221023106,74652.56850651083,75930.76071333938,10280
2021-11-26,74563.09375,75018.90767858451,73889.40951803054,75018.90767858451,9869
2021-11-29,73202.40625,74473.41650624618,72440.56553172827,74280.08981730467,8554
2021-11-30,74008.1796875,75361.99342680877,72927.47458551692,72927.47458551692,25947
2021-12-01,73093.6796875,74731.30115729157,72887.91077839519,74364.28720657539,11738
2021-12-02,73265.3203125,73660.29426263987,72638.9880972268,73505.59574480234,11728
2021-12-03,73265.9140625,74068.71482360274,73149.44856891598,73571.00360798919,6322
2021-12-06,72518.9609375,73518.15648939063,72346.16463448023,73333.06518399944,7682
2021-12-07,72994.8125,73263.45095365985,72739.06559318629,73075.23746863569,4638
2021-12-08,74032.46875,74615.0209189569,73391.9123773968,73430.23838186298,8118
2021-12-09,74045.6015625,74646.99516582346,73482.89033700606,74309.18869266094,6709
2021-12-10,73601.796875,74374.29791602107,73382.64061047413,73437.1817622792,4831
2021-12-13,73176.390625,74484.38687438171,73030.61697173305,74056.98248963302,7479
2021-12-14,73493.5546875,73580.96772435498,72886.80765148372,73035.55623852756,5830
2021-12-15,73368.28125,73928.07194906434,73184.32877050232,73387.61857264262,3594
2021-12-16,72694.875,73678.79266540367,72490.14426381716,73442.1352144774,8181
2021-12-17,71952.71875,72767.81458810456,71498.49321071598,72658.73228223524,10564
2021-12-20,69366.9375,71597.57031644392,68126.86980436166,71399.33953295545,19827
2021-12-21,69826.21875,70546.21628682467,69366.43832477879,69366.93415350163,11270
2021-12-22,69960.875,70695.24365997699,69650.0369435004,69911.68725211316,8950
2021-12-23,70437.0234375,70903.49748547838,70110.2181234233,70397.75225865889,8715
2021-12-24,69505.9453125,70705.15317763478,69125.19545953847,70705.15317763478,8524
2021-12-27,69937.8125,70099.70052721152,68434.25885370176,69504.2569018563,7843
2021-12-28,71020.2265625,71398.34243704584,69951.51426421496,69951.51426421496,8194
2021-12-29,71953.71875,72091.36545121373,70804.34129186596,71250.5871403441,9449
2021-12-30,71517.8671875,72279.9092539709,71250.86348913221,72092.439561158,6786
2021-12-31,72726.1640625,73084.4002670267,71410.23480739436,71410.23480739436,6473
2022-01-03,72755.609375,73362.75148171077,72503.67422075174,72976.00518262184,5871
2022-01-04,73320.3671875,73382.64016698292,72738.06292227293,73053.11554527024,6005
2022-01-05,73428.2578125,73779.30450328175,73167.45193771017,73320.36859516625,7370
2022-01-06,73536.640625,73873.50970482343,72589.31351625042,73288.43190462414,7559
2022-01-07,73570.3671875,73951.81441433041,72937.44183525495,73591.0447943001,5550
2022-01-10,73666.65625,74353.58042543447,73531.39573098584,73590.89517459823,5451
2022-01-11,73671.515625,73823.9364690472,73301.33300986004,73666.26293961503,5864
2022-01-12,74754.859375,74868.2569570253,73640.53076852151,73671.52006469567,7862
2022-01-13,75343.1953125,75663.45414558797,74404.25076910338,74920.70280672761,9077
2022-01-14,75499.4765625,75640.78772149206,74716.46244363111,75336.20174475013,4493
2022-01-17,76181.296875,76541.51638139474,75167.66818998061,75499.47826481242,6852
2022-01-18,75660.328125,76655.00685856595,75365.95311262127,76209.85345602708,8057
2022-01-19,75891.375,76139.73088649231,75018.86390124932,75663.44105307764,6542
2022-01-20,73113.1484375,75463.08155446578,72886.8026863007,75463.08155446578,16368
2022-01-21,72090.609375,74175.96390158695,71453.2216638002,73025.6414667495,11025
2022-01-24,70484.390625,72381.03635922795,69418.01015464996,72093.5021605533,10330
2022-01-25,69981.2109375,71646.79238262097,69232.95125456831,70308.50433866927,11974
2022-01-27,70122.7265625,70456.27210445356,68880.0790282347,69535.02230804492,10272
2022-01-28,70732.640625,72242.23750063802,70477.08742855654,70477.08742855654,9147
2022-01-31,71546.1875,71895.19661836271,70805.36530804908,71577.81981659471,6201
2022-02-01,70918.8125,72073.64376886202,70606.19257432397,71795.97975874532,12365
2022-02-02,70866.2734375,72068.35593983196,70591.1349813943,71003.66447710631,8742
2022-02-03,70394.9296875,71329.91539841885,69526.38502109241,69862.2624748868,10786
2022-02-04,69422.3671875,70702.69768226543,69269.1561100862,70394.78804124935,11034
2022-02-07,68224.859375,69834.37411715183,68027.72091535939,69811.66670438729,12143
2022-02-08,68847.1484375,69217.67963870887,67928.52514687045,68662.35154991693,11669
2022-02-09,69839.0546875,69991.0261711923,69020.34085786343,69020.34085786343,5620
2022-02-10,69187.125,70327.92576781896,68921.15946931277,70327.92576781896,14416
2022-02-11,67664.1953125,69118.50708539457,67470.57424351259,69118.50708539457,15042
2022-02-14,65378.9765625,67299.81682401712,65159.820291051736,67299.81682401712,18628
2022-02-15,66123.8515625,66440.93396307275,64464.71216848474,65920.41463040853,14444
2022-02-16,65588.8125,66713.74702825905,65450.27487175314,66679.0390216297,12266
2022-02-17,65071.296875,66088.43489393512,64896.656532497036,65898.62460375366,7727
2022-02-18,65094.30078125,65713.46391409275,64669.205266068435,64773.035722107175,19661
2022-02-21,64197.5,65030.777860882794,64066.300884258875,65030.777860882794,10513
2022-02-22,65223.86328125,65451.404718897335,62477.24311989213,62477.24311989213,26513
2022-02-23,65257.578125,66245.66218705631,65155.82792711408,65615.18749710238,11015
2022-02-24,63415.0,65303.59630628426,62477.244757720706,63816.04285967186,43260
2022-02-25,65106.9453125,65268.84071378196,63491.45838391063,63568.117746850156,19903
2022-02-28,65195.45703125,65700.28000822832,63915.215796684,64710.56107316097,13429
2022-03-02,65674.3515625,65948.20862668319,64600.33787915116,65115.17862297772,18103
2022-03-03,65487.5078125,66424.21707894126,65177.64734367358,66394.46601127378,13310
2022-03-04,65364.37890625,65650.63994788054,64460.643779530394,65055.66510672606,18449
2022-03-07,65604.15625,65896.60758961485,63212.667127643326,64599.46150956405,29607
2022-03-08,65843.9296875,66096.9609901276,64957.49500096546,65601.10981990909,8208
2022-03-09,65539.484375,66394.47909358342,65343.47593509749,66047.38323573794,6893
2022-03-10,66326.9453125,66937.73332744086,66002.75931758441,66134.50854310695,9680
2022-03-11,67334.9140625,67529.03983640565,65814.33964366742,66037.47271712219,7705
2022-03-14,67805.0234375,67882.02757739359,66845.74508143547,67469.47938934107,6352
2022-03-15,67520.0546875,68422.5038285094,66939.90881113682,67634.10045806713,9065
2022-03-16,67803.140625,68278.60767925516,67620.86108018973,68129.95304303827,7593
2022-03-17,68385.59375,69309.0698685949,67931.6963356345,68030.76582846529,14905
2022-03-21,66321.4453125,69280.33693945204,66035.48634589511,69074.70587568276,12368
2022-03-22,66539.8515625,66741.56225311803,65353.179085891206,66690.88471797947,9663
2022-03-23,66290.0546875,67164.63551316952,66058.39144973751,66548.19173160457,8261
2022-03-24,66165.140625,66840.69135938598,65898.6206206089,66285.38453395784,7400
2022-03-25,65949.3203125,66622.23706357612,65452.37655250306,66344.9554461001,5838
2022-03-28,65163.4140625,65948.19918230418,64416.813352901416,65948.19918230418,9839
2022-03-29,64755.234375,66323.41397089405,64470.56545971251,65244.09324095502,9704
2022-03-30,64816.56640625,65353.1315552984,64594.08033156011,65303.143563938065,7190
2022-03-31,64482.5703125,65254.01401374461,64164.57863267322,64951.54479985111,10386
2022-04-01,65933.5390625,66096.96852777156,64559.77936490992,64559.82972480013,7651
2022-04-04,66572.890625,66701.8661886122,66156.47627902386,66156.47627902386,6506
2022-04-05,67193.796875,67534.89582456548,66572.84431263176,66572.84431263176,7621
2022-04-06,67069.6796875,67392.1766684096,66645.52546006753,67227.50757934646,6216
2022-04-07,66552.390625,67628.28678835978,66344.87694039942,67187.82380735518,8501
2022-04-08,67220.390625,67563.6202426817,66155.10121907238,66929.96913973332,12652
2022-04-11,67203.328125,67435.73503490833,66742.58183285949,66939.88404200459,4286
2022-04-12,67024.8984375,67423.06691808657,66012.95919430314,67039.07668157444,13531
2022-04-13,66887.640625,67555.75357541896,66454.96400291246,67088.66178384188,8522
2022-04-18,66389.4609375,66920.51749475308,65452.495998899954,66447.02615430074,11982
2022-04-19,65810.75,67234.98167697736,65254.00989068028,66448.01943336081,17383
2022-04-20,67108.90625,67785.10017881943,65949.80741622984,66146.35821174551,9721
2022-04-21,69136.328125,69518.33497058439,67296.92169905645,67440.71854029375,11532
2022-04-22,68570.125,69047.2810703862,68030.7860887396,69047.2810703862,6278
2022-04-25,68542.3984375,68922.32115474065,67669.15803820571,67981.1956309799,9387
2022-04-26,70739.609375,70944.29517081757,68650.58857565557,68923.30669567443,16723
2022-04-27,71619.6953125,71997.47962023916,69617.49503949903,69731.54079348111,14670
2022-04-28,71730.546875,72045.21101321728,70662.7775786778,72045.21101321728,11877
2022-04-29,72125.515625,72790.94785951958,71205.51031435982,71729.82641252114,11934
2022-05-02,71995.1171875,72245.52205116395,71182.91289704147,71402.57498536451,5432
2022-05-04,71281.9296875,72702.34185494654,70708.37708763362,72195.93060280124,9510
2022-05-05,70591.5,72245.51222298868,70189.71336453629,71590.9887079966,7309
2022-05-06,69333.4921875,70244.12299149681,68675.39687098171,70063.78034562973,8667
2022-05-09,68008.9609375,69275.3647859235,67758.26169288806,69023.47239947123,11683
2022-05-10,68239.109375,70351.28892328565,66642.42153955079,67921.71802446182,28293
2022-05-11,67545.546875,68700.0821454377,67254.42799066669,67782.85815715913,10262
2022-05-12,67060.9453125,67634.05632019606,66126.71517771918,67425.84530493591,11473
2022-05-13,71453.0546875,72672.5543265813,67128.34089074402,67128.34089074402,28470
2022-05-16,71926.5703125,72632.26712812384,70807.63585011841,71184.3819559903,12665
2022-05-17,73392.671875,73683.48860492455,71997.59451840541,72195.93499917237,10590
2022-05-18,74067.9140625,74228.87199727485,73198.5862612286,73589.27048837455,10398
2022-05-19,72825.4140625,73633.89940240316,72395.26316868461,72890.12264076271,8680
2022-05-20,73490.046875,74060.27565419977,73364.93744121579,73584.30507238784,7777
2022-05-23,72777.265625,74523.35119675583,72460.01386458815,73881.8205354932,8044
2022-05-24,73778.1875,73979.89819566146,72506.28283074865,72890.07161585662,7073
2022-05-25,74203.390625,74802.1309677344,72964.11123159835,73945.54799293219,7765
2022-05-26,74438.1171875,74675.18051475249,72790.94621225541,74377.66983541085,9279
2022-05-27,74035.390625,75061.94974769828,73683.4835018362,74585.93262682504,7417
2022-05-30,74762.515625,75166.58791347269,74240.98082232832,74278.51831202517,6081
2022-05-31,77005.140625,77517.05269944873,74613.15469705661,74774.35280552725,27991
2022-06-01,75698.1328125,76926.35625221075,75369.38346226656,76559.4263590392,7322
2022-06-02,75243.2265625,75369.22698730497,74407.81810124169,74874.61546916264,5643
2022-06-03,75825.9140625,76249.96755778915,75429.87615997874,75429.87615997874,10174
2022-06-06,74092.359375,76036.64603939779,73936.41418258795,75756.14148398848,8339
2022-06-07,71064.40625,73879.1057439793,70745.67463037629,73385.98169804212,12064
2022-06-08,70067.28125,71795.91898765076,69736.50206432046,71106.0428685131,10536
2022-06-09,69841.3828125,70113.3571860257,69419.16553071853,69419.16553071853,5276
2022-06-10,69371.8203125,69959.65196180699,69140.00985610943,69534.16510873022,6364
2022-06-13,67989.671875,68732.70485884114,67649.765895405,68427.46197536001,5879
2022-06-14,67636.328125,68923.30978358485,66945.85539929035,66945.85539929035,6121
2022-06-15,67873.8046875,68973.89711647846,67636.33843672044,67636.33843672044,7761
2022-06-16,66619.1953125,68739.80363556974,66444.05912354388,68720.016074119,7091
2022-06-17,67559.2734375,68556.38366746018,65331.716260647685,66444.05765542937,17498
2022-06-20,66098.4765625,68030.6608271944,65939.71126029294,67694.37310797238,6721
2022-06-21,67526.5546875,67733.23167875233,66104.90272195589,66104.90272195589,5942
2022-06-22,67476.0234375,67663.85031019508,66791.15225548348,67039.07783920837,4849
2022-06-23,68433.609375,68705.13436178859,67475.96586455614,67476.0200982749,7455
2022-06-24,69967.5625,70187.72037953736,68328.27882939068,68328.27882939068,12532
2022-06-27,70630.765625,71311.02684297922,70311.68544457978,70609.19610231425,8117
2022-06-28,71669.0,71997.35425036812,69982.16826539257,70410.87816109747,10643
2022-06-29,70930.265625,71402.5638336916,70559.61689954386,70973.156748414,6071
2022-06-30,70213.4140625,71501.5346348375,69840.63471619082,71152.65686357486,6089
2022-07-01,71595.2578125,71898.4243366696,69716.67904645341,69716.67904645341,5409
2022-07-04,71180.859375,71898.25512541564,71005.87044018832,71303.38107052431,4102
2022-07-05,70630.1796875,71739.74740210043,70466.85096041871,71402.56860590588,3862
2022-07-06,72622.5625,72890.12068748103,70906.17370571622,71126.82747242322,7785
2022-07-07,74712.765625,74873.52211406713,72737.68981530127,73212.42079564247,12354
2022-07-08,75413.96875,75819.62155115076,74709.95295995897,74712.78086156752,10071
2022-07-11,75742.1171875,75865.23549399868,74675.1925842889,75369.38428161961,8025
2022-07-12,76028.5,76261.89866071542,75199.8320977879,75369.36668679288,7467
2022-07-13,76632.5546875,76956.0975590029,76037.78124019314,76037.78124019314,7992
2022-07-14,76772.53125,77217.36395608731,75897.25326855261,76757.55499604429,6630
2022-07-15,78897.9765625,79068.10004530441,76985.42385516397,77079.09326526987,14260
2022-07-18,80072.53125,80326.8564302424,78939.51125491531,78941.49465972072,15460
2022-07-19,79278.46875,80150.27584560117,78534.44405322353,79832.04010730464,8431
2022-07-20,79122.578125,79949.90582367971,78741.16784557328,79410.56694249723,7028
2022-07-21,79513.1015625,79751.110112769,78894.8759027111,78969.25357467015,6751
2022-07-22,78741.75,80068.05095167631,78479.63846409971,79623.76837313398,6537
2022-07-25,80163.3203125,80525.1987255407,78871.87582947932,78939.51303393778,11727
2022-07-26,79485.1328125,80293.91244307806,79168.37693150992,80158.29716715471,5871
2022-07-27,80338.296875,80443.65308924582,79131.25648143693,79628.00008772341,5546
2022-07-28,82505.6328125,82757.48181177111,80482.39617732987,80482.39617732987,14509
2022-07-29,83272.2578125,83423.12039652809,82014.65048485238,82935.31818008536,12547
2022-08-01,86384.0546875,86830.77462039446,83451.28069803314,83452.91839946377,16248
2022-08-02,87598.90625,88370.69843843297,85737.95700097544,86363.85402195592,18522
2022-08-03,88161.015625,88370.68799760815,86648.72627785712,87599.74191681958,15400
2022-08-04,88134.0390625,88917.00791603889,87165.24152361731,88409.39026295347,11181
2022-08-05,88316.4921875,88569.38124208053,87283.76227385846,88420.35816651898,9228
2022-08-08,87146.21875,88321.01743523242,86930.13527089806,87923.66910085222,8338
2022-08-10,82923.0,86666.7546984783,82071.97731502824,86239.65610496339,26092
2022-08-11,81963.3828125,84047.02016497965,81566.28292116828,83451.92140284789,12363
2022-08-12,82589.4296875,83788.91790523128,81735.72155466482,82454.46291092855,10606
2022-08-16,86405.0234375,87022.8172291708,82856.93145589481,82956.17927254507,28904
2022-08-17,86287.9375,87352.65302682245,85818.41391832035,86433.38246713828,18111
2022-08-18,87021.0859375,87415.00363624161,85247.46280590232,86279.35455819388,14967
2022-08-19,86260.4140625,87786.36374948725,85874.00189392256,87415.94051467038,11885
2022-08-22,84275.7734375,86311.13359644703,83959.59616287175,86243.5764725673,11433
2022-08-23,85336.0390625,86214.77855108432,83254.2330620309,83383.38640687653,13741
2022-08-24,84709.1796875,86135.08202840957,84247.75150552455,85241.14545261746,8432
2022-08-25,84888.53125,85936.66046140793,84624.06179835965,85041.52831024343,12922
2022-08-26,84716.890625,85882.00276265871,84446.41372926127,85837.29583774322,6083
2022-08-29,83868.84375,84341.84454180971,82935.31508727846,84078.77224503744,5901
2022-08-30,84808.984375,85701.97409453621,84188.10147314188,84342.09198209086,14199
2022-09-01,84588.2265625,85422.90322466302,83949.66270799628,84887.5145612075,6632
2022-09-02,83807.515625,85419.3014592575,83653.62597920313,85236.25140597293,7733
2022-09-05,83705.328125,84545.77183699819,83553.57293524558,84336.14601023431,4058
2022-09-06,84702.4296875,85330.56191728111,83862.28109763708,84227.29447375098,11784
2022-09-07,84578.84375,85351.43530787817,84347.06628263654,84347.06628263654,5967
2022-09-08,84840.234375,85886.87320930022,84664.98477367358,85041.51644733261,7893
2022-09-09,83659.609375,85429.95684052611,83465.83281827097,85279.29607217446,6406
2022-09-12,85249.4453125,85340.5511941499,83701.29730043224,83999.34346292635,8568
2022-09-13,84994.0703125,85787.61819943455,84759.40553537187,85439.99858663978,5533
2022-09-14,85511.1328125,85881.05155120457,83204.55054370548,83204.55054370548,9618
2022-09-15,92263.640625,93275.55414000414,85127.11772744174,85924.74066122764,66242
2022-09-16,85552.0234375,92593.01532463985,85157.75645457972,91887.63934952726,52693
2022-09-19,85790.3984375,87029.47877882503,84049.01717681046,86731.38604891104,35699
2022-09-20,85103.1015625,86818.85384648498,84501.59167132189,86427.41991487521,17796
2022-09-21,83732.75,85935.66068680988,83456.86322501628,85339.56828791411,17007
2022-09-22,83961.09375,84645.10968921389,82856.83272394881,84049.01736745886,14055
2022-09-23,82061.203125,84545.76733586557,81634.74871102914,84347.06988031713,16345
2022-09-26,78640.7734375,81862.8544624332,78177.46685753635,81862.8544624332,17075
2022-09-27,79311.1328125,80915.86320612721,78932.56757386253,79181.88632146397,18319
2022-09-28,79892.96875,80574.50099930532,78794.91697369576,79305.11924314541,15206
2022-09-29,79103.4453125,81405.15357028972,78286.79875693904,80574.79999472115,16538
2022-09-30,81122.7421875,81596.193140715,78507.98493784138,79558.45011692743,15688
2022-10-03,80099.1640625,81565.30286522045,79578.32837398487,81565.30286522045,9872
2022-10-04,82286.015625,82459.42568605779,80748.29170204292,81363.60946278404,10705
2022-10-06,81903.2265625,83309.9577704948,81717.29699822949,82695.88182240922,10841
2022-10-07,82230.6015625,82449.4714903316,81270.29510408068,81961.7157541426,8103
2022-10-10,81766.09375,82161.40079958847,80693.02655071554,81292.09940056018,8792
2022-10-11,80552.984375,82541.85266286354,80209.43959675185,82174.9531731756,10869
2022-10-12,81944.5078125,82097.84633666357,80671.29976607014,80955.78634868642,8355
2022-10-13,81577.5703125,82161.39151378052,81167.90431288836,81833.39326672972,8430
2022-10-14,80820.328125,82658.13190453037,80482.68996056388,82449.49960044441,7118
2022-10-17,81732.15625,82102.82010527504,80262.88185927288,80859.92108105583,8749
2022-10-18,82547.0234375,82757.49528244806,81889.93246425601,82131.5982593035,5618
2022-10-19,82607.921875,83949.67298153833,81962.69847309955,82563.75826190227,9220
2022-10-20,83623.6015625,83949.66716137661,82558.78510189819,82558.78510189819,12767
2022-10-21,85663.2421875,87613.5586936773,83661.6136136749,83661.6136136749,36192
2022-10-24,85729.5390625,87359.50989007429,85330.60742026621,86750.3004928423,3801
2022-10-25,86774.0078125,87128.83022499784,85546.80270947346,86134.34950601013,14532
2022-10-27,86793.890625,87723.94228471501,86085.68159288957,87625.58703396261,10885
2022-10-28,88786.2734375,88966.79319567849,86730.4531456118,86791.05587464514,26116
2022-10-31,90175.8671875,90655.72158228623,88718.46780038477,88786.27331269151,16620
2022-11-01,90238.640625,91500.12094753004,89711.89062765293,90208.63420809398,14548
2022-11-02,90030.6015625,90904.07861157699,89819.53986426872,90595.10409301742,11945
2022-11-03,90067.71875,90903.09409515123,89711.90282726758,89985.11183366292,8267
2022-11-04,90653.8671875,90904.07849029129,89910.59129367607,90407.33489198367,6468
2022-11-07,94282.03125,95374.76621180514,90792.26017176225,91100.78450093861,28285
2022-11-09,86450.734375,91400.28809312083,85342.19659103527,90854.41339264375,80686
2022-11-10,86898.984375,87772.40711215601,84545.76242362554,86450.72759829872,24162
2022-11-11,85595.2734375,88280.02494883715,85295.93886840009,87913.67656784052,17194
2022-11-14,85618.59375,86185.02901952593,84645.12360188599,86023.29238095344,13612
2022-11-15,87003.890625,87277.84470213846,85618.5737179877,86046.66577160773,19773
2022-11-16,87114.9140625,87724.91517139281,86433.63025073576,86979.79981036739,9638
2022-11-17,87321.015625,87578.88090981156,86575.67302553836,87429.85275171205,8525
2022-11-18,87521.96875,87822.15963036398,86843.39376551543,87428.87270813611,6997
2022-11-21,88519.9609375,88817.81549110427,86654.91981983863,87727.92272519779,11462
2022-11-22,88379.8671875,89218.19720975755,87926.61974458287,88428.34791374688,9016
2022-11-23,88396.703125,89073.14353988295,88111.36851311103,88731.32569928105,6407
2022-11-24,88825.4140625,89019.49998230483,88112.61693098886,88621.0979790358,6000
2022-11-25,89322.125,89802.39158156271,88424.37771773535,88786.0194238876,9260
2022-11-28,90940.765625,91373.14914607191,89347.40603706262,89416.90594816157,13196
2022-11-29,91965.453125,92198.78317121076,91304.66050918351,91403.9660749072,11792
2022-11-30,92951.3984375,93493.7678245583,91671.19990746003,92198.75962037402,17300
2022-12-01,93714.3828125,94534.7363621311,92630.55210095929,93390.99166582737,16380
2022-12-02,93941.609375,94372.59578525479,92629.95952586058,93877.82220647582,11977
2022-12-05,94060.3359375,94626.5887172077,93443.11086050034,94098.33812533942,8584
2022-12-06,93904.546875,94185.81429263268,93450.65514055987,93986.11652182236,6816
2022-12-07,92283.6328125,94459.94147969919,92016.52302676214,94086.43175955006,13731
2022-12-08,90502.2265625,92874.31269663268,89665.28587859837,92496.82122213306,14507
2022-12-09,90917.8359375,91403.96282197181,89481.64651452852,90717.439579472,10766
2022-12-12,90801.53125,91135.70367265162,90013.07123872612,91135.70367265162,6440
2022-12-13,90380.578125,91303.60590267013,90014.01536891387,90862.48248434364,5928
2022-12-14,90574.8203125,91351.59873833203,90354.55353356937,90633.98140168913,4831
2022-12-15,90284.1015625,91105.8444723711,89915.6526852208,90549.51918997397,5201
2022-12-16,88535.40625,90140.93650801583,88025.97825507574,89934.53247886806,8992
2022-12-19,89334.40625,89646.3719315273,87963.0441718112,88535.66171319543,5089
2022-12-20,88428.3671875,89615.52428859567,88125.34317770069,89615.52428859567,7210
2022-12-21,87621.5859375,89317.57353239496,86713.30557219707,88720.46717318508,7768
2022-12-22,87621.3828125,88323.80242917413,86934.11439689274,87628.63241383016,5601
2022-12-23,85513.359375,87568.95464572853,85218.53197210551,87568.95464572853,7258
2022-12-26,87029.078125,87801.39335934311,84649.0438276375,85246.55366914395,6899
2022-12-27,87519.4296875,87916.69069035191,86933.10470568191,87429.8653040001,5533
2022-12-28,87353.6171875,88016.04748050857,86933.10931870979,87191.42484354253,5192
2022-12-29,87000.6171875,87330.51279461719,86050.31416715813,87330.51279461719,6365
2022-12-30,87961.8515625,88671.76904679251,87243.33391013116,87330.51539734524,6766
2023-01-02,87480.734375,88170.38554298635,87310.3454942937,88025.97568850653,4248
2023-01-03,88300.34375,88543.60898501048,87392.81640426566,87825.19220325927,4793
2023-01-04,87442.0390625,88496.46004140531,86831.76864566439,88316.08936646603,7515
2023-01-05,90684.4453125,91304.60439180635,87868.96128092281,87926.63208568947,22626
2023-01-06,92538.0703125,92794.89558561436,89971.10605437793,90986.6866994707,28710
2023-01-09,92842.1796875,93389.75738252126,92300.1129307676,92993.59077651554,8191
2023-01-10,93553.890625,93867.88991873052,92490.7685291779,92645.85875234568,11295
2023-01-11,90551.5078125,93788.25235632923,90162.04750811234,93650.300387462,12684
2023-01-12,88938.28125,91069.63265434004,87999.15531365112,91004.30863390634,13853
2023-01-13,89131.7265625,90062.7025579326,88578.67674153183,89118.85735738064,13692
2023-01-16,88650.2578125,90092.1054360132,88423.38569693331,89516.2590032999,9198
2023-01-17,88946.71875,89383.02200639894,88433.36327203814,89101.80895238223,6548
2023-01-18,89612.4921875,89814.27791358146,88701.5340704058,88781.06234480019,6516
2023-01-19,89897.78125,90310.09258922849,89237.08958593509,89415.92341981732,5767
2023-01-20,88976.78125,90608.04221349984,88677.38207343192,89897.77543491854,7211
2023-01-23,89695.4453125,89953.16316541312,89098.93672248627,89411.94247909183,4493
2023-01-24,89828.7109375,90360.14380637731,89461.65147280594,89913.65698913061,4227
2023-01-25,88991.4375,89850.08824489865,87856.68875062864,89714.96935417697,5737
2023-01-27,87689.265625,89084.81346844559,86348.26053689184,89059.2303004376,9731
2023-01-30,88685.578125,89622.56954891216,87492.21165257091,87787.53583803783,7747
2023-01-31,90280.671875,90499.84419947481,88825.80758408434,88920.14552478862,11151
2023-02-01,91365.671875,92347.81435258285,90134.79200006451,90410.44761791329,11990
2023-02-02,92216.015625,92397.48073774931,90462.74548521469,91105.90305001734,7087
2023-02-03,92251.78125,92843.5706516046,90857.52160097209,92843.5706516046,8666
2023-02-06,92077.40625,92637.35632608102,91614.1226776757,92183.86048952331,6467
2023-02-07,91145.4921875,92099.4200652814,90956.87062542085,92000.06794007614,5791
2023-02-08,91677.8203125,91885.66806894848,90151.97343602842,91036.35485069657,5787
2023-02-09,88237.6328125,92496.81104180393,86785.05844589275,91677.15616415099,36042
2023-02-10,88493.828125,89393.95835482482,87554.70218709501,88423.38902252637,10500
2023-02-13,88228.5625,88828.7502552807,87628.5765537285,88828.7502552807,7364
2023-02-14,87479.5390625,88681.69967880467,86933.10241872516,88681.69967880467,6328
2023-02-15,88279.7734375,88497.10619266909,87479.53870919923,87817.33590580488,6123
2023-02-16,88637.78125,89388.79009798332,88147.38541908939,88224.67825992839,8304
2023-02-17,88164.7734375,89087.05603238122,87976.29936730335,88542.60643268294,4351
2023-02-20,88603.3203125,89416.91331920186,88142.32644827655,88423.39206009962,5810
2023-02-21,89377.40625,89862.05915104422,88546.84105384487,89070.19601716858,6804
2023-02-22,87093.296875,89419.9065939815,86936.02029970424,89378.17730423764,10970
2023-02-23,86171.8359375,87680.19929065755,85446.68856526238,87431.81064237072,10316
2023-02-24,86241.234375,86898.26890047154,86091.50259799523,86786.99078978515,4732
2023-02-27,84594.3203125,86226.62961427898,84255.46385849502,86226.62961427898,7189
2023-02-28,84707.09375,85344.55997207305,84094.46639441869,85013.50445461289,9473
2023-03-01,85513.859375,85887.78522027838,84280.75714539483,85102.17845298913,6829
2023-03-02,86243.2265625,86588.28497654432,85445.69716560886,85922.60338234715,4710
2023-03-03,85806.5078125,86836.07881968775,85645.30357036131,86440.24819912428,5234
2023-03-06,86156.4375,86687.63992102393,85843.11850058989,85843.11850058989,4610
2023-03-08,86193.640625,86636.96779354555,85913.80752360217,85999.10573866585,4988
2023-03-09,85045.1953125,86607.21068184255,84809.82377154253,86240.5424481009,6402
2023-03-10,84562.625,84998.54706849971,83807.3217094474,84948.8150048801,4951
2023-03-13,82540.84375,85039.8821647065,82278.70055678651,84780.02104240398,7256
2023-03-14,81960.5859375,83122.64873617773,81750.0533089437,82852.45626973166,6817
2023-03-15,81577.8828125,82662.74345283966,81445.9884484648,82655.78857112028,4360
2023-03-16,82604.828125,82962.80274290289,80855.52000693185,81571.82630142239,7114
2023-03-17,82367.4609375,83017.44745618639,81521.15424122856,83017.44745618639,10903
2023-03-20,83021.3828125,83149.55136672109,81705.31872579761,83017.45516664027,5263
2023-03-21,83206.21875,85157.55987226256,82695.7335307141,83061.15978673608,6860
2023-03-22,83855.859375,83955.3623141184,83135.72635552031,83359.22956395899,2961
2023-03-23,83622.1796875,84232.32316411517,83458.59246315467,83805.34304374563,2966
2023-03-24,83337.8828125,84232.53229966774,83160.53328810423,83904.65922935621,3982
2023-03-27,83170.203125,84004.93642908975,82879.2934571523,83337.3686783051,3643
2023-03-28,81834.484375,83710.85904956651,81693.59365744246,83358.24802943062,4242
2023-03-29,81483.4140625,82168.47007864513,81259.36746113564,81372.13592789775,5133
2023-03-31,83505.484375,83899.72373113992,81559.15750761151,81890.75635175992,5856
2023-04-03,83856.84375,84005.03084749311,83212.17437657295,83505.47476240265,2396
2023-04-05,83408.8125,84200.27969174694,83289.68684912234,83740.96247893438,2944
2023-04-06,83464.1015625,83955.36776310344,82788.68621759073,83458.5904390614,3733
2023-04-10,83854.46875,84233.55639108462,83210.1951846348,83210.1951846348,3582
2023-04-11,84071.6171875,84748.52289280792,83750.9939842405,84055.76688533915,3034
2023-04-12,84905.4609375,85241.23586155054,84203.76291322314,84254.33329627806,4928
2023-04-13,84965.765625,85147.6792699724,84856.87048396408,85146.63914245805,2496
2023-04-17,84826.0703125,85147.63271957719,84453.13802563338,84947.92823676931,2573
2023-04-18,86261.75,86931.05647885254,84936.44912100845,84948.91512591453,6492
2023-04-19,85284.0,86780.7435269944,85144.65395850869,86439.25568444935,2897
2023-04-20,85945.1015625,86309.29364695576,85457.76304653693,85722.89463563208,2998
2023-04-21,85959.765625,86389.5789295271,85535.26939040955,85743.76839123851,3418
2023-04-24,86336.078125,86637.97127803511,85743.772033193,86384.61482532985,3160
2023-04-25,86003.5390625,86836.63468301563,85531.15037293773,86538.61484425895,3991
2023-04-26,86668.953125,86769.99295887075,85843.10753194144,85992.14070473994,4413
2023-04-27,86892.2265625,87035.3993597666,86250.49107786916,86933.06321668376,3368
2023-04-28,88433.125,88724.43835486581,86812.83903353589,86873.79516931424,7620
2023-05-02,88025.8671875,88922.05355071831,87434.84960606806,88433.3255332284,5222
2023-05-03,92956.765625,93781.61775047943,87749.60035380557,88215.67836440551,47192
2023-05-04,94497.78125,95142.80007970968,92426.66986126872,93394.14377080942,28698
2023-05-05,97978.4453125,98336.7226734909,93890.91488931201,94497.77496767479,44972
2023-05-08,97100.7421875,99289.3956454215,96770.48616751813,97984.36158596934,26682
2023-05-09,96871.3359375,98560.62733494189,96574.86076415559,97516.89811099676,13521
2023-05-10,96602.671875,97567.06411877136,95952.58442694985,97567.06411877136,9964
2023-05-11,96733.46875,97606.80323743593,96573.5064604924,97070.28375709987,9435
2023-05-12,96065.9609375,97169.65276367702,95977.43365847315,97129.91057440762,6319
2023-05-15,96276.328125,97026.91201140708,94536.7150233627,96081.69234192633,9670
2023-05-16,95929.5390625,96970.93179450129,95778.66623965086,96176.08809126767,9357
2023-05-17,97025.671875,97268.99183534399,95679.10271685045,95913.78340977289,9469
2023-05-18,96435.109375,97765.7739639417,96176.18749030463,97241.42551669099,8164
2023-05-19,95616.3671875,96653.94094008632,95083.17765021138,96631.18232944839,10866
2023-05-22,95293.2734375,95931.08120917725,95057.59916175532,95735.59932523173,7085
2023-05-23,94872.1953125,95832.11656685323,94611.53470261671,95446.81918579292,9019
2023-05-24,95023.859375,96830.24259263331,94724.05426665867,94934.14449714661,13583
2023-05-25,96103.9140625,96426.96681841946,94954.41785586088,95063.31300261583,8319
2023-05-26,97250.9140625,97538.25317103618,95978.51985728698,96111.50869910854,6694
2023-05-29,97151.9609375,97806.41071695433,96846.73784939137,97418.03176335289,4096
2023-05-30,96470.578125,97303.7746065665,96275.44554425174,97151.96256096903,4289
2023-05-31,96585.1328125,98014.904425148,96027.15100827195,96281.79594211775,13323
2023-06-01,96938.4375,97357.37601061055,96473.15898145303,96474.15253606204,3795
2023-06-02,95747.375,97467.71494316089,95448.3616116335,96938.44525573142,7514
2023-06-05,96173.5546875,96561.53775826293,95880.15335723895,96255.56951475835,3003
2023-06-06,96013.390625,96622.68798288362,95607.42266338831,96263.5179953175,4249
2023-06-07,96924.3203125,98590.9070313628,96151.38150616895,96374.7837816215,10781
2023-06-08,96451.6484375,97963.48923019748,96275.43997815531,96980.86373857317,9411
2023-06-09,97756.7890625,97962.40054017147,96523.83431387636,96637.09954405425,8604
2023-06-12,98330.65625,98759.32849246454,97520.11750189889,97701.29373793562,7627
2023-06-13,99348.359375,99792.57919686007,98511.14212909312,98511.14212909312,16655
2023-06-14,99468.875,99752.88414139142,98759.3295184692,99348.50740986207,9786
2023-06-15,99435.9453125,100199.59298724198,99068.3300831795,99453.8292966291,8297
2023-06-16,99248.640625,100045.92152017765,98907.85143928161,99437.91275292815,9713
2023-06-19,99115.2265625,100002.26904891124,98915.36683499238,99355.46497194389,4964
2023-06-20,98707.859375,99554.16603691089,97646.64220636318,99554.16603691089,8914
2023-06-21,99774.9296875,100299.3246365618,98843.12306711274,99005.71670514224,10714
2023-06-22,99224.7734375,100249.67170876815,98858.69509437493,99752.89434648486,5564
2023-06-23,98850.7890625,99332.61651072612,98242.73359669722,99332.61651072612,4670
2023-06-26,99310.390625,99434.83332596712,98433.22948335895,99156.69240133172,3699
2023-06-27,98949.34375,99853.1834671044,98659.97097511076,99256.10373024739,7862
2023-06-28,99740.171875,100050.8051820548,98958.04255429095,99247.41534439073,4178
2023-06-30,100607.8515625,100993.14899275564,99375.59527401248,99949.62153539016,9620
2023-07-03,99255.5625,101231.29242105148,98958.03946624458,100421.54541136282,9229
2023-07-04,98509.8515625,99832.37374280587,98361.91282382346,99832.37374280587,5734
2023-07-05,99545.4375,99653.53314295776,98460.27398737757,98958.04487575866,5430
2023-07-06,100653.53125,101231.28320492762,99398.67188787862,99569.06648851505,8593
2023-07-07,100575.2109375,101317.69905947095,100031.09223108589,100527.86960609128,6354
2023-07-10,99954.4296875,101185.88632531525,99753.13396557006,100524.87753003088,5534
2023-07-11,101273.21875,101556.0790777142,100161.27594750517,100299.23255145305,7421
2023-07-12,101572.46875,101834.32470295731,100997.50340233714,101242.21277755374,6691
2023-07-13,100611.2734375,101640.64264754872,100352.29720328593,101443.9188230696,3256
2023-07-14,101482.8515625,101739.98036113303,100611.55084262564,100796.10359020456,5109
2023-07-17,101330.7890625,101681.56815413645,101164.22119439735,101482.85724386906,2065
2023-07-18,101586.4453125,101839.30497072288,100956.12803332727,101342.57421899415,3212
2023-07-19,102056.0859375,102326.18530014208,101407.44228318539,101596.91624479396,4956
2023-07-20,101406.28125,102240.00330746442,101111.50228395715,102007.17504040954,3770
2023-07-21,101598.4140625,101808.44624309537,101061.75672802841,101508.89342403939,2112
2023-07-24,102229.6015625,102690.57758951675,101260.78218698132,101609.09937386529,4020
2023-07-25,102032.8515625,102205.22192471071,101509.58272544516,101710.71258110728,2053
2023-07-26,101713.734375,102766.99726194076,101509.57231468969,102504.76420012783,4152
2023-07-27,101910.796875,102404.26439662538,101380.56167293587,102131.58178119981,2542
2023-07-28,102041.1640625,102297.92359802364,101390.86051626898,101559.54555995602,2608
2023-07-31,102461.25,102802.20437960982,101609.11673647787,101778.29939901657,3198
2023-08-01,102789.1484375,103072.98029572307,102014.29041902715,102014.29041902715,3426
2023-08-02,102095.9609375,102703.77449139417,101509.59066263826,102502.7923438276,3702
2023-08-03,106459.0234375,107082.65894784397,100912.51521199831,102109.68453555423,23043
2023-08-04,110761.375,111458.50692407218,106261.96470842208,107947.46991032962,26665
2023-08-07,107695.9375,110963.89896388019,107393.50023081586,110936.03359014935,11175
2023-08-08,107117.3359375,108307.2822663021,105355.14647253782,107695.93897210411,11305
2023-08-09,105905.2578125,107479.75280645557,105490.36377637098,107117.35515418695,8607
2023-08-10,105844.25,106240.03321650827,105092.3279756069,105888.68377040261,6482
2023-08-11,105479.6484375,106236.74071382829,105107.79652019027,106236.74071382829,4759
2023-08-14,105755.421875,106137.22572695246,104303.08688949561,105202.78709802464,4265
2023-08-16,105951.8203125,106137.22146280194,104330.30275385185,104992.7507203526,4641
2023-08-17,105960.96875,106464.88573618096,105396.59385437892,105396.59385437892,4952
2023-08-18,107242.2421875,107480.73840063944,105918.3335753673,105987.95036729722,7089
2023-08-21,107280.1640625,108077.81049436844,107050.92001770469,107978.33793852272,6810
2023-08-22,107890.5546875,108028.04668445703,107239.90125743061,107779.29533008905,3566
2023-08-23,108153.0390625,108674.97063722505,107531.64270845933,107888.76892657114,4181
2023-08-24,108073.0234375,108873.01008519386,107586.22682355385,108873.01008519386,4788
2023-08-25,108020.125,108372.12750387307,107481.27520688635,107607.76565914396,3562
2023-08-28,107767.34375,108376.94545693995,107402.65255716111,108001.91359795013,3583
2023-08-29,108289.3203125,108475.91879666859,107730.37232810985,107832.72937161317,2244
2023-08-30,109067.015625,109250.82290596672,108289.31979631346,108474.92308768176,2943
2023-08-31,108163.6875,109149.67398302454,107745.80793036273,109149.67398302454,5954
2023-09-01,107464.9609375,108973.5242896979,107041.90326218783,108973.5242896979,6574
2023-09-04,107675.1875,108456.0166440766,106831.41246628549,107977.32932524929,4965
2023-09-05,107998.2265625,108276.88029856248,107369.41299633021,107932.24844854278,3494
2023-09-06,108869.7734375,109011.29284753973,106983.13823463206,107730.02981830733,8365
2023-09-07,108680.0859375,109357.26741803948,108275.6881287409,108307.7364198932,2632
2023-09-08,108334.9921875,108894.63988583577,108078.03831380696,108774.47046855236,2652
2023-09-11,108914.265625,109321.84340685267,108381.38694786791,108923.76659881679,3871
2023-09-12,107397.3359375,109272.07541094167,107037.91614710717,109272.07541094167,8831
2023-09-13,108534.2890625,108666.64959192272,106960.04312054031,107588.21138970023,7363
2023-09-14,110467.5625,110665.35692165629,108475.93439263072,108475.93439263072,6353
2023-09-15,108708.6484375,112185.95014323908,108017.83750868778,110466.30512390526,14149
2023-09-18,108479.8671875,109270.84271608626,107540.45254522735,109138.73097191285,7075
2023-09-20,109076.90625,109236.88333958943,107580.2387845608,108475.91144789201,4471
2023-09-21,108318.3203125,109247.18417079687,107978.31457555418,108493.42742661799,3636
2023-09-22,108132.640625,108824.25246152424,107955.4964371797,107978.33920507893,3372
2023-09-25,108834.40625,108963.47799571733,107133.42086450839,108475.88830900141,6572
2023-09-26,109192.0625,109451.1622750596,108457.4631287485,108774.47840941708,3557
2023-09-27,109755.1484375,109968.71819996003,108726.6174849239,109192.07190261046,2909
2023-09-28,108203.6484375,109747.29239675507,107785.3723246568,109582.58811082492,7911
2023-09-29,106779.703125,108836.51578292655,106286.4845126675,108203.07620060153,9966
2023-10-03,107773.7734375,108078.44991343442,106038.74948405575,107629.76604506737,5523
2023-10-04,106387.40625,107729.32145835012,105929.322526569,107729.32145835012,3710
2023-10-05,106257.140625,107301.59456205132,106070.58878658283,106784.09475522266,3120
2023-10-06,107033.15625,107480.74388483523,106485.55181182749,106485.55181182749,3580
2023-10-09,106751.2109375,107166.79688632884,105893.40210463526,106833.85852105253,4229
2023-10-10,106688.671875,107491.2398558555,106486.5468103519,107181.19087604871,4103
2023-10-11,107220.140625,107642.65404254921,106783.00255039449,106804.0026560346,3534
2023-10-12,108162.703125,108326.66102489758,107391.3281666095,107580.26694342149,3311
2023-10-13,108568.2265625,108724.72049657861,107779.43586823947,108231.1052895644,3150
2023-10-16,109021.75,109321.84705369384,107800.1517545889,108466.08296205902,4661
2023-10-17,110352.6171875,112893.88674438365,110079.73241660075,110167.76026366101,15221
2023-10-18,109145.484375,110565.7787836727,108875.04096310532,110466.3062384858,5862
2023-10-19,109048.2109375,109620.3530429084,108178.3664727927,108874.50328246066,5030
2023-10-20,108978.109375,109517.30131999862,108376.46135366145,108645.21763286501,3657
2023-10-23,108453.3984375,109869.20691161387,108116.82136214874,108824.25521544364,9731
2023-10-25,108110.15625,109420.22554026653,107630.0227242751,108774.44695890849,4580
2023-10-26,106964.5234375,108177.36699975272,106561.12859292957,108177.36699975272,5675
2023-10-27,107670.609375,108352.51800443401,107111.86352347018,107758.3884143623,3807
2023-10-30,108491.5625,108923.3747811785,107400.58320085947,107670.62234722314,4654
2023-10-31,107777.1015625,108973.47785074335,107388.28471127719,108973.47785074335,8331
2023-11-01,108061.7265625,108749.60638658536,107828.8516332439,107978.33258242518,3163
2023-11-02,109968.75,110267.26091603751,108401.27613068037,108973.71361320831,5623
2023-11-03,107205.3125,111262.46133030707,106784.0975021641,110217.30762203979,25427
2023-11-06,106875.515625,108371.43698198703,106588.25499820831,108371.43698198703,7716
2023-11-07,106670.0546875,107480.73967339448,106493.55582528026,107480.73967339448,4702
2023-11-08,107827.171875,108177.37841074598,106814.06634397755,107311.56130663052,5787
2023-11-09,107558.5546875,108584.34876103688,107256.21071665331,107804.66253982033,5103
2023-11-10,107775.015625,107958.32532344505,106822.01822636972,107778.29664857144,3311
2023-11-13,107120.0625,107978.31438580835,106518.41460958259,107978.31438580835,6671
2023-11-15,108853.6015625,108983.92506271818,107294.2367984946,107778.29662429604,6906
2023-11-16,109768.5390625,109968.7203862971,108475.9323267546,108495.83616754849,5724
2023-11-17,110942.296875,112061.56846966455,109275.40597600135,109474.09991231238,11891
2023-11-20,110858.3984375,111066.44586963624,110120.94112218279,110806.69369784434,4443
2023-11-21,110901.53125,111215.67835242127,110352.57466106447,110867.39834782128,2888
2023-11-22,110666.109375,111251.50027873652,110088.6802229626,110471.3963400382,3222
2023-11-23,110846.203125,111464.48293756096,110586.74641794318,110668.35437710615,1854
2023-11-24,110915.375,111016.6851893782,110238.57161897133,110469.31471108005,2854
2023-11-28,111013.65625,111265.49332855208,110668.36187956165,110867.4056958918,3104
2023-11-29,111729.8046875,111958.40961039776,111066.49119922523,111066.49119922523,5354
2023-11-30,111149.0390625,112449.74359177913,110910.38866605256,111663.5672646016,13163
2023-12-01,110876.65625,111564.05716814197,110579.28790348652,111117.2038080305,3677
2023-12-04,110973.546875,111563.91395822806,110326.21127315199,111464.5397755501,4689
2023-12-05,113186.125,113911.78748048848,110454.44284099156,111156.02568339543,7340
2023-12-06,113543.40625,113952.54238452736,112908.35537563822,113176.31812321715,3569
2023-12-07,116847.21875,118431.06316658431,113299.81498564266,113544.53778718995,11242
2023-12-08,117385.484375,117535.16376013511,116461.77339935167,116888.47355291329,7684
2023-12-11,118481.28125,119028.2007798952,117053.78722182103,117386.08931428626,9161
2023-12-12,118931.5625,119775.60934158826,118331.54648249575,118481.28030044674,8705
2023-12-13,119212.5625,119493.91403500125,118576.36872340292,118928.67626648523,3862
2023-12-14,119982.4140625,120421.50782754732,118978.4868226567,119376.52780094463,4276
2023-12-15,119509.9296875,120613.93083215778,119278.39353318907,119983.4051451352,4857
2023-12-18,118847.7109375,119701.95874316113,118741.92226513724,119511.87190926983,3968
2023-12-19,118216.703125,119426.29085248779,118000.59285454135,118742.32653258469,4139
2023-12-20,116758.0546875,119026.2521578347,116440.6264679367,118928.6740420379,4608
2023-12-21,117013.078125,117165.09782990828,114947.84316091766,116441.57360425642,4166
2023-12-22,118972.7578125,120122.8888914382,117336.3689412036,119087.90776300887,12705
2023-12-26,119694.3359375,119922.88641082123,119128.7017009412,119704.93346412483,2962
2023-12-27,120459.859375,120763.75104611096,119426.27781154944,119694.34159931695,4444
2023-12-28,125259.6171875,126025.18945670956,120421.50740897738,120653.39345216987,13240
2023-12-29,128959.7421875,129775.92291140114,124486.62894803045,125497.12619762616,17516
2024-01-01,128804.765625,130109.30328163411,128383.24375140874,128950.51854938008,9043
2024-01-02,129370.8046875,129646.78358338786,126648.68632308747,128831.10052975494,8846
2024-01-03,129971.4609375,130328.89225370805,128383.23928623067,129119.7012790354,7203
2024-01-04,130880.9765625,131319.12164247804,129526.73257026808,129876.05437168157,6833
2024-01-05,132066.796875,132861.77465128328,130970.81202136379,130970.81202136379,8182
2024-01-08,131289.890625,132961.22110037407,130572.74198328113,132763.21915633907,7613
2024-01-09,131062.828125,132463.64548224752,130574.92202283867,131368.9046104934,5777
2024-01-10,131198.140625,131567.5534944152,129587.47190180227,131467.44067856675,5915
2024-01-11,132730.359375,132986.13064216584,131371.59006847732,131825.70536000482,4736
2024-01-12,133708.78125,133996.2129806015,132027.10969221123,133227.99709901877,6940
2024-01-15,135301.1875,136145.92636285015,133011.0794965612,134055.01768259142,8379
2024-01-16,135941.640625,137141.17494718923,134568.82934884256,134568.82934884256,7490
2024-01-17,134233.453125,149535.80158646856,133359.40197712491,135577.6986323666,37455
2024-01-18,136929.421875,137290.43762833302,133110.56377199868,135747.89456822895,14497
2024-01-19,138765.34375,139326.64732583702,137373.42097803784,138330.77510720465,10260
2024-01-23,140323.125,147142.9090150002,139152.74759902232,145088.97940385362,22069
2024-01-24,139102.796875,141320.93779839185,135454.5262961571,141221.57140466434,17366
2024-01-25,136203.65625,139927.76632215624,135482.21566555477,139785.49663411276,13504
2024-01-29,143185.75,143460.83478226874,135681.25364618574,136202.85731219137,26375
2024-01-30,139947.546875,144057.9570417582,139334.647445073,143958.43513706615,13414
2024-01-31,141895.734375,142162.00209094718,139828.35364149848,140325.86980712452,11634
2024-02-01,141796.609375,143659.86148170676,141023.52637214636,142813.9253385862,12544
2024-02-02,140268.015625,142813.39733869102,139775.83312657292,142316.33204652893,12058
2024-02-05,140968.546875,143286.00770386148,139739.99562502213,142201.8720662948,19822
2024-02-06,142702.171875,142913.4537665745,141083.33925863274,141564.93197093587,8245
2024-02-07,142313.125,144135.12213061756,141850.55033247577,143694.6910851915,7534
2024-02-08,141801.890625,143162.2617782066,141331.10535873575,143162.2617782066,7121
2024-02-09,136427.921875,143062.7035571654,135648.32344237666,143062.7035571654,26614
2024-02-12,143115.25,144077.4714108714,136897.3695826401,136942.15444419527,40809
2024-02-13,143935.96875,144711.33779353715,141819.3241563194,144109.72779882443,15951
2024-02-14,146580.34375,147327.75327480573,142085.84110863428,143411.06860786438,11908
2024-02-15,147799.828125,149481.3129397495,146346.96379027906,147292.42190385106,16290
2024-02-16,147346.671875,148486.69539764072,146794.7295611549,148136.37826104576,9418
2024-02-19,148190.390625,148834.95041146717,147392.9247738686,148286.04049825837,11657
2024-02-20,147915.515625,148225.97730888723,146426.1237080937,147644.72274930694,6520
2024-02-21,148973.328125,150076.7995871529,147992.06892639078,147992.06892639078,12528
2024-02-22,149449.59375,150022.3538977255,148194.14617706553,148495.6569965771,7334
2024-02-23,150007.40625,150723.97836809588,149335.61988928512,149449.57476084342,7594
2024-02-26,147668.359375,150504.79093912226,146673.52454559674,150131.82506941882,24255
2024-02-27,146448.609375,148937.5471221484,145412.40985581593,148191.1177179278,11115
2024-02-28,145333.171875,147792.99848338583,145006.32915171256,146797.75943635966,9984
2024-02-29,145386.046875,146387.11731388673,144057.558368684,145603.45993606525,58201
2024-03-01,144494.78125,146797.7644840067,143413.9516077652,145386.06449908906,8313
2024-03-04,145450.015625,146101.10417347573,143927.25310541774,144931.69819661038,9680
2024-03-05,144704.03125,146444.40895332437,144309.66776137624,145802.47974155823,4157
2024-03-06,145046.25,145454.15810436194,143314.44053980513,144886.91842906133,5515
2024-03-07,143271.328125,145042.10772774176,142844.91471795717,145042.10772774176,7336
2024-03-11,144260.609375,144645.3625962898,143200.67971841956,143812.05199612584,10522
2024-03-12,141599.3125,143955.88353522506,140925.8776419972,143955.88353522506,6303
2024-03-13,138395.65625,142816.80356839276,137091.10001435585,141599.28409772814,9846
2024-03-14,139633.71875,142242.93979755987,138238.68921316773,138437.7370018116,7838
2024-03-15,140639.265625,141953.72758476855,136890.99324902124,139831.08487411117,23415
2024-03-18,136360.484375,140627.3244073088,135651.12750683786,140627.3244073088,16839
2024-03-19,132048.078125,136337.80755800148,131521.00570532394,136337.80755800148,13171
2024-03-20,130886.53125,133400.8938590266,128997.51310335545,132048.36398820858,14354
2024-03-21,130957.1328125,132336.8451687916,130421.64754370124,131393.4518388382,10316
2024-03-22,130677.828125,132117.89239829683,129878.6978087055,131072.9846851074,11040
2024-03-26,131018.6484375,131687.3868735172,130077.7898756372,131366.57778750113,7707
2024-03-27,131181.890625,133206.70481747395,130639.08093433203,131371.57700002915,7985
2024-03-28,132752.296875,133362.036315758,131372.05578132998,132256.32570122962,10442
2024-04-01,135073.203125,136337.71665640667,133914.44930296292,135347.5470145307,12671
2024-04-02,136440.09375,136835.35912658143,134264.40806121615,135651.07140589878,7756
2024-04-03,135542.328125,136900.0832206236,135352.53289705783,136545.8247128194,6928
2024-04-04,134716.53125,136464.46680588165,134457.81570109827,135748.6409871015,5388
2024-04-05,134819.6875,135452.06877166012,133859.68589117035,135044.0206585346,6537
2024-04-08,132076.625,135152.45770727916,130152.62590139735,134165.1806430473,15744
2024-04-09,132290.875,133351.7999474293,132047.43017043846,132287.18950497566,3764
2024-04-10,132047.921875,133250.52839373547,131620.37337010424,132864.42226774228,4292
2024-04-12,131089.421875,132714.64746117845,130873.9525918355,132366.8113666473,4795
2024-04-15,128827.53125,130773.92351856857,128555.03788746153,130773.92351856857,8752
2024-04-16,129536.4921875,130066.5114523977,127391.7518581708,127888.22845419987,6799
2024-04-18,128616.25,130877.02906430273,128389.68535941617,130127.47401843422,4811
2024-04-19,128542.75,128904.41835698126,126705.98947179015,128307.22820700164,6377
2024-04-22,128405.7890625,131024.21635488332,128096.32414465254,129281.55277589492,6055
2024-04-23,128611.4765625,129484.69785385612,128141.97248477335,128883.47231712099,5398
2024-04-24,127912.5703125,129527.9912195037,127714.1134013543,128821.56579002,4696
2024-04-25,129015.546875,129256.29368078231,127589.6645727297,127888.23633070021,5828
2024-04-26,129617.703125,130127.51436195534,129015.53680824116,129082.51329059739,3735
2024-04-29,130198.4765625,130615.18630555541,129779.18541789413,130376.32890908077,3233
2024-04-30,132386.1875,134936.93917570502,130428.7461783117,130428.7461783117,14637
2024-05-02,133224.65625,134357.2850528734,131869.18718152388,133400.3159597173,9911
2024-05-03,127948.3359375,133660.61186221385,127159.60894642923,133660.61186221385,32315
2024-05-06,125873.359375,128833.69799758648,124405.98044085562,128833.69799758648,16067
2024-05-07,123921.7109375,126381.49126358436,122524.9938041379,125873.37500191368,13141
2024-05-08,126074.5546875,126584.61474998388,123250.4158790345,123921.70468322061,9470
2024-05-09,125624.203125,127091.9319876864,125201.07877670722,125698.69832669414,7038
2024-05-10,126988.25,127242.28481479894,124945.77027944711,126096.81110685912,5922
2024-05-13,128268.3125,128584.6974742971,125025.07688330804,126988.24055599624,9777
2024-05-14,127584.625,128385.83909736111,127092.0283157598,128087.26737853004,5329
2024-05-15,126838.6953125,127937.93687457636,126695.87850475173,127390.60203329635,6132
2024-05-16,128350.3125,128535.13151350633,126445.12937507534,126947.72512741233,6690
2024-05-17,128528.765625,128972.19130911422,127788.70425309616,128286.32381794466,9747
2024-05-21,129003.6640625,129373.4421130511,126952.72468190857,126952.72468190857,7993
2024-05-22,128864.8125,129580.14065743108,128385.85364676353,129032.75911087512,7108
2024-05-23,129541.0703125,129963.3005092381,128436.65035070947,128864.80533033493,11228
2024-05-24,130415.6875,130870.96276016865,128354.20510291294,129530.37562253093,8423
2024-05-27,130330.2890625,132167.74920534922,129531.36089476962,130177.27105466624,16733
2024-05-28,128494.5234375,130872.14957926299,128385.84022077241,130674.89008517379,5327
2024-05-29,127537.7578125,129082.47003954802,127310.99101897984,128883.4688630229,5173
2024-05-30,124868.71875,127393.09613955568,124454.65262203033,127390.60804174237,8549
2024-05-31,124834.328125,126295.79003243499,124432.29819668559,125499.64543645336,14691
2024-06-03,126365.90625,128286.32119039065,126096.94288070827,128286.32119039065,17642
2024-06-04,121322.8359375,126395.36754635625,115793.93276748888,126395.36754635625,19731
2024-06-05,127350.5,127717.39333980388,121435.98840085887,122563.69538212776,9992
2024-06-06,125531.5546875,128084.94187837368,125333.99971061008,127888.23440984653,10281
2024-06-07,126674.5,126843.23970110787,125202.58783255333,125531.56104948607,7440
2024-06-10,126358.8359375,127589.65122917536,125449.28848898585,127588.65599008622,14250
2024-06-11,125657.7890625,126892.98183129296,125454.8613705383,126365.50512250405,4595
2024-06-12,125477.2265625,126295.85747575553,125230.99815833442,125798.23786395193,5185
2024-06-13,125479.359375,126161.79021609278,125251.99387402316,125501.10690616176,2995
2024-06-14,124982.828125,125724.57672898342,124790.04719786144,125478.75266701629,5958
2024-06-18,125249.0546875,125728.51113262516,124982.82822341907,124982.82822341907,3439
2024-06-19,124353.890625,125597.14651011016,124156.08683935413,125300.61188837423,3973
2024-06-20,125699.84375,126096.79642783335,124022.07275263968,124603.93774873509,6497
2024-06-21,124692.8203125,126494.90305249787,124404.90072039524,125698.71168788733,7878
2024-06-24,124649.0234375,125742.89234789101,123907.27480535385,125095.59035649917,9053
2024-06-25,126350.4296875,127161.69726860945,124862.99045510385,125400.12409677383,6690
2024-06-26,125327.9296875,126873.08509847622,125201.58096902148,126873.08509847622,5775
2024-06-27,124614.890625,125553.85212184684,124205.89398154314,125327.9328322327,6984
2024-06-28,128842.8125,130214.50085475428,124802.94241849851,124913.46061568287,21408
2024-07-01,129050.625,129878.71063457878,127093.53383985948,128983.49300840404,11010
2024-07-02,128074.4375,129341.22916683236,127515.11311549638,129152.18038618259,6210
2024-07-03,128314.0859375,128709.34359202557,127390.60512928404,128607.28493217895,6825
2024-07-04,127905.9921875,128535.1310357237,127221.46206256932,128360.96419150184,4989
2024-07-05,128337.1328125,130027.99750983507,127589.66154428516,127888.23329516881,7882
2024-07-08,128158.0390625,130605.72862326993,127449.28107127378,128559.01935283543,20120
2024-07-09,130725.1953125,131023.17610847096,128146.77970774306,128883.45877295191,7879
2024-07-10,130249.3984375,131370.58207299162,127589.66826837724,131370.58207299162,7283
2024-07-11,129984.09375,130707.6869857726,129659.7468900207,129780.17081828055,3872
2024-07-12,129073.4609375,130376.2834262617,128605.94734166653,129988.18680534577,4312
2024-07-15,130636.9296875,133710.38378024934,129600.04596847093,129600.04596847093,16952
2024-07-16,132547.53125,132844.51682160472,130774.41946627853,131222.27706719044,8534
2024-07-18,131670.96875,132540.80769755016,130163.33706441309,132069.31318793702,5679
2024-07-19,127513.5625,131620.3699627325,126892.98427408993,131620.3699627325,18338
2024-07-22,130350.9453125,130933.6578136393,125997.41953991765,127513.56525084391,19170
2024-07-23,131376.28125,133099.38276120176,125624.69169088887,129879.73665734683,18946
2024-07-24,136619.09375,137219.5649479537,130332.06047251777,130844.21976460368,22893
2024-07-25,137128.859375,139525.70381327416,134049.28007269258,134049.28007269258,17629
2024-07-26,138404.78125,138855.87325313746,135749.4164239917,137427.72410011047,13182
2024-07-29,138787.765625,140007.36648651256,138035.70152645322,138414.92596277682,12647
2024-07-30,139469.375,140028.99264676982,138787.76145372007,138793.14957999406,7514
2024-07-31,141772.1875,142020.15033691734,139480.8476858204,139480.8476858204,11737
2024-08-01,139795.9375,143367.6735795336,139132.01442703683,141983.92172849074,8618
2024-08-02,137896.515625,140178.49621493334,137538.3765101814,139794.78685807055,6267
2024-08-05,136011.09375,137437.70132551104,134821.50142718278,136341.38898716395,9577
2024-08-06,135218.46875,138534.01950987268,134846.4233070919,135568.99283331246,7917
2024-08-07,134154.25,138208.41003742765,133756.13599726956,137039.0465099866,6772
2024-08-08,139920.90625,142022.29111684187,131557.49071875878,134049.10986115952,39876
2024-08-09,136452.71875,140776.31614225963,134946.08347601767,139920.89663161742,17910
2024-08-12,136825.265625,138035.6941487812,134049.10370405106,136640.38749312563,15138
2024-08-13,137027.078125,138035.73250565477,136560.6936312261,137836.35621015952,4734
2024-08-14,135514.640625,137686.83430718668,135068.53176679282,136645.38416894112,6578
2024-08-16,135630.984375,137216.74414219274,134170.7399149228,136789.88308966873,9943
2024-08-19,134471.4375,136539.97968424295,134049.60638485628,135823.1408666006,9128
2024-08-20,135417.578125,135762.07567852753,134598.28688602356,135145.44654793222,4051
2024-08-21,137369.265625,137537.35645670217,134846.4081782015,134846.4081782015,6885
2024-08-22,139146.5,139429.0028705148,136977.0473845345,136977.0473845345,5436
2024-08-23,138055.21875,140028.98585872442,137767.93508328273,139032.33827254132,5657
2024-08-26,138857.375,140028.98091404227,137897.3075286553,139530.2055326259,9279
2024-08-27,138342.234375,139381.09918825325,137984.74939271758,138892.78865551978,4576
2024-08-28,136397.515625,139032.35630485124,136028.80268814627,139032.35630485124,6441
2024-08-29,133970.484375,136852.5405864449,132942.84708036197,136540.7455582097,10344
2024-08-30,134381.453125,135035.79906854997,133949.45305788703,134946.10077409155,10322
2024-09-02,133745.390625,135622.52989726933,133550.795156684,134995.93435800634,6841
2024-09-03,133968.390625,134346.12011299556,133590.66113700444,134298.28102216762,4691
2024-09-04,134873.234375,135005.67949554944,133606.04368781947,133947.44220372842,4118
2024-09-05,135561.140625,136207.87162757808,135045.78026383172,135793.26613245072,3971
2024-09-06,133810.65625,136241.72894442343,133593.09119021095,135892.90227924022,3820
2024-09-09,133530.15625,134547.43765798703,132155.48321073395,134547.43765798703,6107
2024-09-10,135304.296875,135902.78380506078,133805.58793065543,134397.93924845447,5084
2024-09-11,134892.203125,136191.87815691295,134688.73131288897,135763.31974046602,5167
2024-09-12,135506.46875,136018.589960496,135045.7683336735,135342.7693592339,3413
2024-09-13,136893.5,137138.67533157094,135344.80292652888,135942.7448222561,4948
2024-09-16,135969.65625,138044.6767687573,135643.75245094445,137338.05354695185,5576
2024-09-17,134765.921875,136804.20678810775,134600.22917755815,136590.5815603345,2915
2024-09-18,133792.671875,135235.11687495117,132853.1290399513,135235.11687495117,4978
2024-09-19,135890.5,136391.22197563536,133673.3172941148,134248.42966838204,7839
2024-09-20,135478.71875,136359.6463436359,134647.15636472602,136042.41648258202,13578
2024-09-23,136774.734375,137039.04843967804,135593.90938340506,135593.90938340506,5664
2024-09-24,137350.984375,137537.31074298223,136291.54806354444,136750.00592174722,5250
2024-09-25,138689.671875,139386.8269854234,136839.89362632838,136887.57699275343,8665
2024-09-26,138386.65625,139032.32811247755,137235.4193637577,138783.1662341398,8335
2024-09-27,140501.3125,141906.5856877464,137913.1119863716,138235.02917760712,12240
2024-09-30,138049.296875,141409.1826552787,137736.73885809214,140527.30529503294,6269
2024-10-01,139792.6875,139976.25752800878,138484.38509390038,139132.0035834492,3931
2024-10-03,135648.0625,139425.51248961332,135468.72822914875,137537.36368167898,7483
2024-10-04,132961.515625,136324.25147470846,132554.13590281748,136142.06740093883,10223
2024-10-07,130797.8828125,135045.75063618988,130117.32822367357,134923.16298063082,7958
2024-10-08,131697.203125,132139.35644490868,130411.42662768585,131158.81103084993,5944
2024-10-09,132138.8125,133540.79966473908,132006.8034229749,133351.4366381229,4681
2024-10-10,131771.21875,133241.81901680803,131557.4845554541,133152.12073188386,3208
2024-10-11,131754.40625,131973.98016056488,130711.52361052351,131956.1339405998,3353
2024-10-14,131471.0625,132454.45773981986,130811.18839443813,131754.40628040067,5429
2024-10-15,130588.0078125,132055.77400001438,130411.3520070491,131471.78516360623,6023
2024-10-16,130056.3359375,130838.00357452522,129095.8167652375,130561.09125414306,5437
2024-10-17,129376.5703125,130510.90323190275,128966.20065932012,129983.77786854088,3163
2024-10-18,129010.703125,129514.36056615657,128186.82591225798,129364.86342044726,3964
2024-10-21,127813.0390625,131557.49103660544,127621.77614761937,129663.86048380582,9788
2024-10-22,125983.4765625,128557.56803345437,125677.25660143109,128557.56803345437,5713
2024-10-23,125073.25,126330.06936962725,124569.3901227406,125677.26517699496,6712
2024-10-24,123715.0625,125577.44643261236,123534.4668449978,125178.93534273274,5151
2024-10-25,122340.296875,124443.72186044128,121466.48599796345,123715.07895096487,6300
2024-10-28,122678.3125,123881.31296407979,122407.56692947676,122487.99951154005,5059
2024-10-29,122097.15625,122986.31384914424,120345.19770894786,122985.31720154415,5946
2024-10-30,121580.40625,122750.51736372217,120893.41232091642,121790.34853003627,6372
2024-10-31,122113.703125,122560.49713312968,121095.67431131414,121690.67293327289,4359
2024-11-01,122916.8515625,123085.44074292817,122089.3381264412,122089.3381264412,927
2024-11-04,120471.5234375,123415.16885794121,120096.03645216099,123335.1411697504,9772
2024-11-05,119129.4453125,120837.45027671242,117604.42641987746,120396.03657582727,9899
2024-11-06,121205.8515625,121432.33973322895,119443.23353580186,119443.23353580186,6948
2024-11-07,120620.2265625,121923.53796634043,119828.03965484323,121491.34328884262,5330
2024-11-08,118954.171875,120842.97477690625,117007.46997738686,120594.35792202181,15073
2024-11-11,122633.109375,124734.486436314,119647.55012385207,119698.3791538922,23062
2024-11-12,120518.7578125,123691.63983253727,120312.4050491654,123285.3035066985,8804
2024-11-13,120079.7890625,121252.09575810537,119523.2548344508,120494.69032832111,7941
2024-11-14,120147.6171875,121492.34401635345,119879.76813413379,119996.37590806438,5012
2024-11-18,120455.921875,120768.41760266486,118625.12702659616,118688.8657525309,6728
2024-11-19,122541.4609375,123781.26679434745,120169.62999108713,120497.68312693163,9833
2024-11-21,123098.90625,123686.99746841915,121345.90745120804,122690.37179269601,6696
2024-11-22,124182.3828125,124327.69452421149,122130.33570111141,123250.49418011168,6464
2024-11-25,124078.078125,125780.04401751337,123587.36496174055,125580.70955789766,14605
2024-11-26,123760.0,125331.25398306422,123587.41995083731,124285.04388716114,4556
2024-11-27,124119.796875,124882.99872695735,122700.58216771898,123736.87224355659,5246
2024-11-28,123250.84375,124275.02579099032,123047.2189216,124133.54503950747,6135
2024-11-29,124834.5,125014.7030264345,122294.3326619435,122590.694732078,8271
2024-12-02,124942.203125,125023.43192387115,123847.50646045865,124683.71458626099,5110
2024-12-03,125167.1484375,125477.66639156445,124478.89943527439,125082.38456558884,5200
2024-12-04,126419.3125,126776.72075590956,124908.06135609328,125381.37948972816,7926
2024-12-05,130326.3671875,130773.37472170229,126144.87520028133,126477.71703516516,13817
2024-12-06,130200.8359375,131760.0830913772,129982.2220893489,130464.4090519007,7588
2024-12-09,131711.640625,132729.33643967798,130365.27655984339,130803.26729875414,7413
2024-12-10,132017.453125,132676.30015667784,131209.15198494738,132657.06749815508,6593
2024-12-11,132076.4375,132358.09088287223,131412.49797078542,131661.41689546916,3350
2024-12-12,131433.59375,132339.91160993214,131217.50270521463,132158.76639279872,3243
2024-12-13,132791.890625,133055.75963146013,130464.45822282296,131560.7510962752,5396
2024-12-16,132089.46875,132998.72970925868,131859.73580138155,132796.8568640214,2755
2024-12-17,130540.7578125,132089.5321452661,130229.29770184093,132089.4854262495,4757
2024-12-18,129977.328125,131061.75431411159,129667.06715040863,130564.0722267758,3584
2024-12-19,129411.03125,129671.01479398558,128459.10791588189,128570.73522087987,3035
2024-12-20,127631.7578125,130225.30153827828,127131.6307761944,129411.02028421174,9524
2024-12-23,129912.140625,130065.72937691328,127633.84907285453,127633.84907285453,4229
2024-12-24,129909.4609375,130743.47320924986,129517.56627185561,130743.47320924986,2554
2024-12-26,130767.59375,131062.40629915033,129457.76391024058,129457.76391024058,5181
2024-12-27,131116.015625,132233.4409208487,130494.29460476186,130564.06166061104,4886
2024-12-30,130705.3515625,131434.7599670132,129069.0647893882,130519.22300767823,10148
2024-12-31,130200.140625,130962.7428936131,129120.89244561161,130554.10724227078,3714
2025-01-01,128943.9921875,130354.03445199004,128570.73837724977,129567.41076777109,2343
2025-01-02,128781.8203125,129406.98302012151,127374.72145720053,129268.39884975673,7133
2025-01-03,125942.0078125,129368.06896082699,124709.37330335283,128869.73279379761,8718
2025-01-06,122461.0703125,126496.89206316904,121902.9805821119,126378.03889961401,7675
2025-01-07,120818.765625,123816.60816160413,120298.45593037017,123039.2037152864,8586
2025-01-08,119470.4140625,121593.87901419534,118605.00657376165,121592.92906085972,7672
2025-01-09,118490.03125,120348.03084406978,118345.06993759776,119989.37676389792,5782
2025-01-10,116714.8671875,118703.38431131096,116610.71492401775,117936.24246750133,5619
2025-01-13,112627.7578125,116610.66290222826,112324.97187248824,116610.66290222826,9530
2025-01-14,113833.3359375,114318.31825909765,112277.28123495409,112627.75950865452,8640
2025-01-15,113846.890625,114816.65280537876,113375.96294747795,114816.65280537876,5385
2025-01-16,114082.703125,114916.36501370207,113758.2317798909,114417.98213556015,4528
2025-01-17,113569.46875,114158.00378061652,112924.07667564986,114019.27165952614,3965
2025-01-20,113407.953125,113664.74418406577,111726.96407783621,113569.46075552676,5911
2025-01-21,111724.2265625,114911.13303439572,111539.63973367428,113411.34363730488,6999
2025-01-22,111228.4921875,112627.36862357928,110157.81685899828,112623.98149471104,5531
2025-01-23,111367.671875,111826.59278066736,110182.1300952774,111029.30160663865,7377
2025-01-24,111113.5546875,112292.86713276112,110642.03527304807,111627.29251573683,4615
2025-01-27,110886.234375,111197.44532691389,109733.6294818854,111108.04069946504,4370
2025-01-28,112508.0546875,112716.50713185327,110707.31709492166,110707.31709492166,9345
2025-01-29,111961.140625,112425.03709387618,111228.67989293484,111976.13742911996,5682
2025-01-30,112247.7265625,113122.30650930098,111672.54541853417,112020.93689431512,7858
2025-01-31,113254.375,114224.88473670604,111427.97285107693,111427.97285107693,6999
2025-02-01,113803.4921875,114118.93899079393,111841.79180651017,113254.37243379999,4218
2025-02-03,113414.6328125,114607.70412309247,113022.64469114847,113720.31533739012,4291
2025-02-04,114552.2421875,114624.69559640941,112734.60768396893,113620.64941493275,5329
2025-02-05,114578.1953125,115035.87034806093,113944.6621211981,114550.53765612665,5231
2025-02-06,113749.1171875,115015.88774188755,109633.95828688491,114816.65449681038,24120
2025-02-07,112499.484375,114808.5715893738,111926.49904084345,112075.79743318338,9034
2025-02-10,110666.703125,113016.0075771768,110391.46585215794,112623.96498777074,6609
2025-02-11,108354.6796875,111158.61481409926,108058.46555904171,111087.10357505397,7514
2025-02-12,109030.1328125,110598.24895280832,105981.16387588144,108354.69257201493,11043
2025-02-13,109401.7265625,110012.6866723947,108676.64747612414,109633.951204597,5402
2025-02-14,109113.5390625,110233.7281681452,108162.43848401739,109325.98402158715,4673
2025-02-17,109621.0078125,110007.12767669605,107643.55582402895,108839.59533318483,5051
2025-02-18,108660.6484375,109636.91575334485,108341.25291713468,109239.27930975969,3139
2025-02-19,109209.078125,109537.288195051,107911.77234277352,108440.91861348088,3428
2025-02-20,109575.859375,110035.63377717441,108521.24999066752,109387.77904931967,3751
2025-02-21,108902.6875,110006.73479414906,108426.96588158392,109537.28926871171,5319
2025-02-24,108482.78125,109138.60960727476,107792.06840563615,108899.40169580677,4368
2025-02-25,106850.140625,108884.40457384284,106646.86062037417,108341.24999471655,4923
2025-02-27,105374.4609375,107523.79674151499,104903.07656947794,107044.53221787838,8469
2025-02-28,105025.921875,105301.05766948941,103481.43470396985,105131.86792186202,8766
2025-03-03,104823.1484375,105840.38162921992,103681.67819522096,105151.81013790735,4599
2025-03-04,102320.5859375,104823.15079748696,102013.20532444857,104553.79271853382,13881
2025-03-05,105456.3046875,105612.78653235624,101787.00165086439,102007.82513007808,6770
2025-03-06,107439.53125,107892.73368112797,106148.5560693951,106642.37400996884,5969
2025-03-07,106849.140625,108291.41166820118,106648.35237565605,107145.20712684425,4698
2025-03-10,106298.6171875,107840.86194736924,105824.33610198152,107483.09349352446,5348
2025-03-11,106182.6875,106507.2689431642,105227.60014051557,106148.50381955928,3772
2025-03-12,106910.2421875,107121.04416693542,105958.14483120832,106646.864300664,3589
2025-03-13,104694.921875,106910.23467543551,104454.117695184,106910.23467543551,9096
2025-03-17,105062.8984375,106089.4055786253,104852.79727779308,104852.79727779308,3890
2025-03-18,105062.8984375,105062.8984375,105062.8984375,105062.8984375,0
2025-03-19,109560.0078125,109735.62939692473,107643.26103872783,107643.26103872783,6057
2025-03-20,110741.1953125,111082.16779494539,109797.56998849942,110135.30319732135,5687
2025-03-21,111680.34375,112427.67381973274,110675.97418454567,111072.20901578736,8367
2025-03-24,113644.4921875,113922.7738538926,112279.51197058918,112617.09726816558,5731
2025-03-25,113887.375,115617.14705792263,113135.21724676319,115542.39459215241,8037
2025-03-26,113943.8984375,115118.80482172147,113524.18667487177,113749.83790897139,5979
2025-03-27,112890.234375,113823.09851468478,112073.8906522218,113626.74868624877,10576
2025-03-28,112305.8671875,114019.44295700293,111714.42720834578,113424.41330198286,7320
2025-04-01,112663.9765625,114034.04135543053,111530.6824256041,112128.70217051351,3593
2025-04-02,114757.359375,114895.3477711611,112402.10356690534,113025.78838034249,5030
2025-04-03,114491.3359375,114620.45525741021,113424.41572428941,114122.10545194321,3272
2025-04-04,112863.234375,114620.46262228057,112427.7233373326,114620.46262228057,4440
2025-04-07,110021.1875,110455.7485406258,107644.55722162331,109636.95979091457,7098
2025-04-08,112220.7890625,113134.16294190074,111142.06429068693,111630.34582638273,4965
2025-04-09,112739.9765625,113023.14047322056,110932.86676614685,112325.05363807666,4967
2025-04-11,117156.4609375,118358.03687418075,112926.07049477249,112926.07049477249,17890
2025-04-15,122499.359375,122604.01282876001,117809.88794699157,119504.27719834425,14655
2025-04-16,124079.1328125,124363.19219760373,122479.42995954744,122544.21543334304,10139
2025-04-17,126057.578125,126441.30745947816,123580.77969336825,123690.41664607631,15654
2025-04-21,126381.5078125,127577.54731861199,126077.51443802987,127054.280034688,6676
2025-04-22,127233.6875,128688.86891670909,125883.1595413419,126780.18918177902,9283
2025-04-23,127557.609375,128952.98875556728,126231.99896346108,128952.98875556728,6770
2025-04-24,129491.2109375,130039.39571286656,127134.01640342374,127577.54772167487,11841
2025-04-25,128230.390625,130268.64136401616,126979.53259200964,130069.30143844002,7468
2025-04-28,129795.2109375,129944.71588386687,128070.92055606881,128075.90405428105,4740
2025-04-29,132366.703125,132760.39950491322,130268.65026495613,130318.48524975528,7993
2025-04-30,134061.0625,135152.44842199175,131564.33032229287,132511.19482082452,11000
2025-05-02,134549.46875,135292.009986481,133458.0826373199,134355.11231897477,6669
2025-05-05,135670.734375,137390.04099266732,134863.40778931274,134863.40778931274,7072
2025-05-06,134544.484375,136816.95955371694,134056.10155150382,136348.51072301652,5771
2025-05-07,139956.5625,141032.99810390256,131066.00177147129,131066.00177147129,27052
2025-05-08,138302.046875,142802.14590671394,137893.40000833274,140285.47922784844,15480
2025-05-09,137220.609375,137838.56309072545,135152.45782640277,136961.46749421192,9582
2025-05-12,139463.203125,140629.34175395302,139109.37473758264,139936.63547436128,5916
2025-05-13,139961.546875,140604.41814246928,138541.24988873064,139637.61949216665,6054
2025-05-14,140604.40625,140913.38311210746,139961.53503690544,139961.53503690544,6640
2025-05-15,140674.171875,141406.74603064777,140400.07950383928,141032.9837063377,5969
2025-05-16,139802.0625,141989.81801411614,139537.93711902472,141297.11182627527,9730
2025-05-19,139682.453125,140190.76987617736,138949.87898359736,138949.87898359736,6621
2025-05-20,139777.15625,140684.15291420065,139024.64802860277,139637.61830166145,8983
2025-05-21,141815.421875,142029.7123181467,140036.3128470148,140335.32276768459,7110
2025-05-22,141875.203125,142667.57929897433,141032.99197153046,141930.02160244476,5201
2025-05-23,143195.828125,143479.8875042415,141361.9009046339,141780.51472667398,5635
2025-05-26,146141.078125,146948.4047969949,143230.7153074382,143524.74168797955,15301
2025-05-27,143509.796875,146310.52284797461,143146.00150840366,146141.08391010782,9952
2025-05-28,142313.75,144322.09966032847,141087.80951255382,144322.09966032847,14908
2025-05-29,140439.953125,143953.31911460738,139552.89050634738,142627.70868448602,14872
2025-05-30,138406.6875,141376.85225533793,136712.29821004212,141222.36382007707,13777
2025-06-02,140285.484375,140933.339187389,136557.8274544849,137943.24005328596,13350
2025-06-03,137624.296875,141431.68979260212,136996.37605351064,140295.45211562136,12154
2025-06-04,135655.796875,138541.24217056684,135351.80350189193,138312.00126625583,10461
2025-06-05,139896.75,140434.9677614705,136084.37418958393,136348.4995725278,15753
2025-06-06,139069.5,140235.63857235003,137728.9389916147,140235.63857235003,6901
2025-06-09,138137.578125,140868.53497093602,137753.84878715864,139079.4592269743,6140
2025-06-10,137395.03125,138939.91553318824,136104.30534888466,138939.91553318824,9402
2025-06-11,136428.21875,138989.73629958724,136049.4729644579,137544.5221179135,5607
2025-06-12,135934.875,137315.30394654837,135052.7958536496,136976.42608241376,8399
2025-06-13,137165.796875,137544.54271726494,134554.4439625418,135346.82013254342,5875
2025-06-16,135695.65625,136991.36562695104,135451.46486742076,136348.49443607917,4147
2025-06-17,135899.984375,136577.7400726531,135556.1230283966,135850.14939723138,2551
2025-06-18,137494.703125,138042.88787830735,135650.80895478433,135650.80895478433,4151
2025-06-19,137723.953125,138192.40194515308,136607.64955357142,137295.37228954083,3680
2025-06-20,133986.34375,138416.67401830878,132301.92121829206,138052.87861944878,24690
2025-06-23,135107.609375,135546.15718308528,133956.42137877614,133986.32236569104,3479
2025-06-24,136159.140625,136672.44095017292,135381.7148897866,136049.5036623417,4694
2025-06-25,138795.390625,139134.26845927883,136149.1534190873,136458.13026798857,5814
2025-06-26,142044.640625,142528.03992123637,138167.47925931044,138845.2349736212,11171
2025-06-27,142742.328125,145219.12654269804,141232.328284834,142129.35789285338,20472
2025-06-30,141890.15625,144621.1131769809,141227.3510104225,143524.743607755,6320
2025-07-01,142029.6875,143220.74347587719,141222.36085526316,142528.03728070177,5748
2025-07-02,144730.75,145199.19881550857,142328.70394600922,142328.70394600922,7394
2025-07-03,144441.703125,147586.29029971277,143245.6636290712,144920.1189233715,7751
2025-07-04,143489.859375,145518.1430816518,143026.39405628105,145019.79327657763,4175
2025-07-07,142662.59375,144182.56060275264,141730.67964683688,144182.56060275264,3844
2025-07-08,144466.609375,145074.59607146244,141740.63623594295,142533.0123403489,4391
2025-07-09,150217.59375,151398.6828824271,143524.7553329131,144466.63653978537,24541
2025-07-10,147790.609375,150202.62228764838,146514.83395012814,149604.60255723968,9580
2025-07-11,147750.75,148388.63774959525,145717.48279816515,147790.6179843497,7148
2025-07-14,148353.734375,150102.9419656354,146519.80732840791,147750.73118848467,11768
2025-07-15,150287.359375,150800.6597038001,147780.6597110538,149036.50129219584,9826
2025-07-16,151966.796875,152495.04769380862,149704.2886510461,149704.2886510461,7865
2025-07-17,150038.171875,151966.78557000862,149509.9210954886,151598.00672393464,6478
2025-07-18,147796.171875,151230.04213874444,147237.1697390416,150266.76167231612,8078
2025-07-21,148140.5625,148734.50229102792,146288.8678573835,148135.5714093191,6592
2025-07-22,147905.96875,150631.10403168658,147596.52115391105,148235.38070712695,6764
2025-07-23,149647.875,150032.1889904279,148335.21812360338,148335.21812360338,3588
2025-07-24,150611.15625,151918.8220419373,149632.9024514515,149647.87572387824,7838
2025-07-25,148944.125,150980.48995543193,148160.52377940487,150531.29180349843,4591
2025-07-28,147541.640625,150501.35757945434,146942.7097067293,149233.6204691147,4668
2025-07-29,149088.875,149952.33371832213,147751.26265022933,148035.75482909847,4513
2025-07-30,149757.6875,150022.21532661223,148335.22654557574,149692.80331611398,3136
2025-07-31,147581.578125,149228.63824814418,146937.7273495891,148784.43112402348,6737
2025-08-01,145645.015625,148914.17998654945,144791.5391275573,148135.56984853157,6369
2025-08-04,144027.90625,146932.72107612537,143738.42298554076,145640.02856759191,6882
2025-08-05,145585.125,146019.34989200864,143943.05615550757,144342.343412527,3962
2025-08-06,146124.140625,147122.35861608514,145440.36130110666,146738.04468951738,4222
2025-08-07,144007.9375,145869.61429920633,143244.3006359824,145240.73688178006,4325
2025-08-08,142460.703125,144442.16615063237,141746.97714851276,144442.16615063237,2851
2025-08-11,141916.671875,143229.32871902914,140843.5873827328,142595.46020499227,2920
2025-08-12,140284.59375,142440.74504682998,136970.5093493169,141916.68049551712,11861
2025-08-13,138592.609375,141447.51331343633,137853.9279363836,141447.51331343633,4360
2025-08-14,138228.234375,139500.9622957664,137654.25903818378,138752.29881296263,4133
2025-08-18,144257.5,144991.19036086218,138507.7632944677,138852.1485658928,12991
2025-08-19,146273.890625,148559.81009496452,142994.74413642645,144242.51677286997,18003
2025-08-20,148524.859375,148934.1287636938,145600.08057287114,146238.94010644197,6421
2025-08-21,147861.046875,149732.70569620252,147202.2229699367,149263.54321835443,5446
2025-08-22,147242.171875,148484.9535026355,146738.07169672215,148484.9535026355,3011
2025-08-25,146483.515625,147935.92296585915,145944.47784901102,147935.92296585915,4631
2025-08-26,142126.296875,146758.02898273984,141347.6867361989,146238.95555687245,8941
2025-08-28,142021.5,143234.33516078017,140948.41539272535,142445.74275171323,6106
2025-08-29,140703.828125,142350.88794129775,139650.7080606399,141746.96600865523,7056
2025-09-01,144576.90625,145240.72123019298,140703.82035052817,140848.5619627507,6252
2025-09-02,153610.796875,154723.81008951488,143928.08101778518,144941.2724193391,32632
2025-09-03,150281.734375,153925.2304259382,149982.26894615576,153610.79172565177,8962
2025-09-04,149388.328125,154723.8038112659,148934.13889445725,152278.1694929588,12184
2025-09-05,147836.09375,150236.80816910026,147436.80652852802,150122.01309292708,4806
2025-09-08,146812.921875,149328.43139820246,146338.76829423764,148574.7767593065,8159
2025-09-09,149048.953125,149503.14241389846,146438.6124866055,147786.2070800405,4638
2025-09-10,144996.171875,150266.7635069576,144741.62625641114,149133.78594970913,10906
2025-09-11,146218.984375,146937.7013926816,145071.03358286968,145630.03570773313,7349
2025-09-12,146308.828125,148135.56726308248,145824.69234250273,146238.95285742308,6578
2025-09-15,147137.34375,148624.6886766452,146623.26144313943,147037.5219428426,4443
2025-09-16,150621.140625,151928.80643597984,147536.64646016966,147786.20100424977,13098
2025-09-17,149962.3125,152083.52606628172,149333.4350662318,150930.5841043733,6242
2025-09-18,148784.40625,151230.0405694398,148534.85172760818,150710.9671628648,4567
2025-09-19,149438.234375,150980.48127463178,147746.2547666661,149383.33238180922,11008
2025-09-22,152577.640625,153920.24400504987,148859.278104044,149732.71896467125,10863
2025-09-23,155657.125,156121.29637348896,152722.3640579408,152727.35514797832,12421
2025-09-24,153471.046875,155607.23367985545,152757.32090982635,155123.0978852971,5737
2025-09-25,150166.9375,153436.10172582843,149732.71263336323,153436.10172582843,5811
2025-09-26,148280.328125,151090.31246423643,147736.29918543203,150621.1498924989,5719
2025-09-29,145625.046875,149553.03508114268,144811.49912709498,149553.03508114268,9306
2025-09-30,145560.15625,148040.72810764128,145160.86902945413,147022.54569524928,7375
2025-10-01,148474.96875,149727.73253769163,145540.2073668818,146338.78189290036,8100
2025-10-03,152922.03125,154224.70595074905,147142.34809495253,148474.96934054638,11930
2025-10-06,152078.53125,152922.02556510502,150591.1862446669,152917.0344744831,4800
2025-10-07,153446.078125,154025.04459203422,150840.729023346,152078.5194011433,7514
2025-10-08,154933.421875,159864.61898899073,152228.25098858,153446.07699648864,15979
2025-10-09,156076.40625,157244.3215409245,154938.43750499663,155821.8606096703,6422
2025-10-10,155118.109375,157059.64367619614,153081.7443495809,156121.31861546382,8693
2025-10-13,156605.453125,156919.89183956402,154324.52467173408,154324.52467173408,4616
2025-10-14,157414.0,158417.20916959955,156076.3877738673,156271.04029931195,7557
2025-10-15,155033.25,157488.86647672398,154723.80239520958,157414.0001207263,5500
2025-10-16,154978.34375,156710.25207118934,154429.32382109272,155821.8380044121,4769
2025-10-17,155662.125,156171.2162129665,154838.59509667178,155821.83989034244,3587
2025-10-20,161406.875,163108.836853335,156256.06962568418,156500.63305915458,15860
2025-10-21,161391.90625,162459.99964242638,159929.51669868722,160812.93973821745,2188
2025-10-23,162005.796875,162709.54059351797,159999.37861369344,161691.35819225793,6570
2025-10-24,159904.5625,163308.4863287346,159115.97017604095,160768.02118382856,7853
2025-10-27,159051.078125,161401.88170854645,158806.5146948646,159904.55458526846,4430
2025-10-28,157913.109375,161776.21334972265,157618.63504100952,159914.536628054,7325
2025-10-29,159615.0625,159814.70610537837,158117.7354596623,159714.88430268917,3671
2025-10-30,157853.21875,160273.8976349322,157418.99387785755,159814.71731036773,4107
2025-10-31,157234.3125,158821.4791626988,156969.78472288355,158716.66626987906,3835
2025-11-03,158077.8125,159355.53162099014,157518.8103845668,157518.8103845668,3088
2025-11-04,157633.625,159210.80973545896,157269.27536174524,158866.42446094417,3650
2025-11-06,156974.796875,159155.9035563257,156525.59870264458,158671.76774834265,3826
2025-11-07,158482.109375,159016.156101392,155387.63301646695,157603.6773764487,3830
2025-11-10,157543.78125,159220.78776037542,157039.68107872643,159215.79666957073,3056
2025-11-11,157883.171875,158412.22748840213,156939.8557341226,158337.36112801504,2691
2025-11-12,157493.859375,159036.10632625574,157019.70578157186,158082.8080489423,3575
2025-11-13,158032.890625,159016.1354044942,157718.4519391719,158017.91735424628,3192
2025-11-14,157119.53125,159415.43291375478,155941.63387468233,158192.6157232767,14236
2025-11-17,156855.015625,158706.71037145608,156470.70162101855,158217.58345729785,4449
2025-11-18,154933.421875,157229.32336531958,154374.41977300917,157219.3411849269,6029
2025-11-19,153081.75,155377.65182908936,152827.20436242706,155322.74982882853,4529
2025-11-20,151679.234375,154224.69043065154,151235.02733783727,153226.4723696117,5220
2025-11-21,152166.390625,154477.3113078935,151732.15714894873,152231.27608693868,7022
2025-11-24,155181.0625,157172.5469790293,151542.48559470585,152730.38861728474,13719
2025-11-25,154507.25,154926.50988499806,153384.23245089804,154726.86232071326,3067
2025-11-26,154217.765625,155425.63342489806,153244.48372012348,154926.51449932036,3665
2025-11-27,153479.0625,154726.85975609758,153134.6704573171,154726.85975609758,2344
2025-11-28,152151.40625,153633.78939054094,151732.1463718672,153479.06253075384,3564
2025-12-01,152151.40625,152730.38417694528,151332.85124983598,152231.26527440624,3132
2025-12-02,154232.734375,155420.63738076843,152176.36446585465,152176.36446585465,7318
2025-12-03,151772.078125,154392.45240202005,151482.58915725304,154227.7431617502,3887
2025-12-04,153354.28125,153723.62923413343,151467.61181753458,152730.38262815296,3170
2025-12-05,152940.015625,154028.09484327066,152530.73812087983,153379.24026356798,2243
2025-12-08,153229.5,154726.85667752443,151971.7203908795,153029.85244299675,2444
2025-12-09,152076.546875,153219.52922540123,151332.85966884374,153219.52922540123,3580
2025-12-10,151407.734375,152865.16171759108,150733.9237885281,152550.7167772375,3400
2025-12-11,153289.390625,153678.7033519064,150035.13552316686,152031.6110457639,3905
2025-12-12,152281.1875,153429.16105375288,151732.1566699443,153339.3196451983,2546
2025-12-15,152885.109375,153129.67763458588,150893.624975515,152281.17550949202,2843
2025-12-16,152385.984375,153084.75080297486,152131.4337476663,152231.25752309128,1967
2025-12-17,151487.59375,153024.88012853777,150853.7126783302,152430.92857319364,2903
2025-12-18,151991.6875,152730.38347234993,151063.32634556023,152730.38347234993,4410
2025-12-19,153309.359375,155111.17858109373,151991.6854957514,152730.38145836047,8953
2025-12-22,153628.796875,153988.16248172516,153129.67797677062,153658.74400889376,2771
2025-12-23,153089.765625,154607.0872456964,152755.3559257018,154607.0872456964,2988
2025-12-24,151168.140625,153613.82322500166,150758.8631286732,153129.6778939809,4115
2025-12-26,149940.3125,152026.6295541926,149735.67374588063,151931.7969608202,3539
2025-12-29,148497.859375,150733.9121109505,147739.1986253025,150733.9121109505,6672
2025-12-30,150823.75,154931.49856873386,147908.89560857767,148537.78542590508,8688
2025-12-31,152585.640625,153189.57450075235,151233.02839087698,151238.0195799328,6063
2026-01-01,151267.96875,152845.18451286005,150953.52383525256,152231.26825073414,2867
2026-01-02,150419.46875,151692.22199455817,150204.84761464313,151332.8563725653,3834
2026-01-05,150139.953125,151497.55650420947,149436.1954909245,150484.34515869652,4627
2026-01-06,149930.34375,151317.8944528363,149361.34813804555,151317.8944528363,3349
2026-01-07,149870.4375,150334.61809371566,149286.46836597062,149940.31414851634,3436
2026-01-08,148457.921875,149990.2168593876,147839.0144545959,149985.22567051338,4338
2026-01-09,146835.78125,149461.1465220181,146261.79454604167,148238.30528315034,4120
2026-01-12,148472.890625,149236.542497983,145083.87348934347,147534.54714708627,4581
2026-01-13,147449.71875,149481.13285639937,146855.76720537708,149131.74959485646,3618
2026-01-14,145408.3125,147744.1890060241,145048.9468836886,147739.19781690865,5287
2026-01-16,142588.296875,145408.31884833993,142283.83432566596,145343.43338700643,8096
2026-01-19,142792.9375,144879.25466854835,141255.65116528014,142748.01679541403,5832
2026-01-20,142982.59375,143746.24568017593,141500.21059142318,143746.24568017593,6432
2026-01-21,139803.203125,142648.18083943235,137497.27381961799,142648.18083943235,10269
2026-01-22,142024.296875,142548.3717712177,139952.9532375681,139952.9532375681,5051
2026-01-23,137232.75,142598.27850518277,136558.9394435352,142423.5868794326,7285
2026-01-27,135570.6875,138755.0663610927,135211.32186050364,138755.0663610927,5335
2026-01-28,134697.21875,136558.9322636825,134193.10865648274,135959.9895783155,6515
2026-01-29,130684.3046875,135261.22510908794,130170.2122083031,135261.22510908794,10020
2026-01-30,131932.09375,132765.62228086105,129795.8649403681,130669.32298168956,18857
2026-02-02,133529.28125,133963.51469928605,130968.80125593391,132061.87166275745,4177
2026-02-03,136409.203125,137402.44979246706,134772.09303992864,137402.44979246706,5922
2026-02-04,137397.453125,139553.64680961202,135770.32548337147,136758.580922152,5376
2026-02-05,134732.15625,138211.0149929151,134362.80826294734,138211.0149929151,4836
2026-02-06,146196.921875,148807.3138090625,133504.32782467312,134732.1603596241,64381
2026-02-09,145053.9375,147294.98140398116,142997.56759256075,146740.95941435552,13111
2026-02-10,148378.078125,149046.8975029854,145163.75215915972,145163.75215915972,15161
2026-02-11,151472.609375,152181.35823921676,149111.77689067236,149236.556620288,11807
2026-02-12,150943.53125,152181.34606879504,149536.01601249917,151732.1390781033,8080
2026-02-13,149843.46875,151236.03821075248,148246.256465266,150487.3449522834,7131
2026-02-16,146818.734375,150726.91282190208,145845.43322921978,149843.45485880927,6265
2026-02-17,147712.1875,148291.17694887478,146309.6354729844,147432.67535226737,5191
2026-02-18,147502.546875,148730.40375545647,147093.26124818117,147712.18097654133,4021
2026-02-19,145351.296875,147901.8450259263,144547.6995123794,147502.5419885993,4071
2026-02-20,146134.9375,146938.53490889064,143893.84907396339,143893.84907396339,5043
2026-02-23,145506.03125,146404.4631114503,144098.48800039449,146389.48924709283,4613
2026-02-24,143699.1875,145945.26719346998,142381.4874131643,145446.13837269886,7790
2026-02-25,147327.859375,147742.13631127824,143993.67873121845,144747.36327794153,7166
2026-02-26,143269.9375,147557.4540939416,142850.6692882525,147093.26428807832,8204
2026-02-27,140739.359375,144447.8866656914,140155.37863070538,143749.10628790295,14866
2026-03-02,138583.109375,139356.7590041419,135862.85745317847,136242.19533585449,6735
2026-03-04,134814.6875,138248.69360884858,134160.82877869307,137240.45344316922,9847
2026-03-05,139970.6875,140255.1909121706,135778.0056364333,135778.0056364333,12556
2026-03-06,138538.1875,142251.70571227843,138009.11098050873,139766.04432825337,9417
2026-03-09,134689.90625,137140.62865017602,134270.63805933853,135673.18998286084,6888
2026-03-10,137045.796875,138203.7757100876,136262.16464608297,136262.16464608297,8283
2026-03-11,136017.59375,137759.55331914424,135563.3865270999,137759.55331914424,5145
2026-03-12,137764.546875,138009.11999904894,134200.7670674296,135558.39747031356,5563
2026-03-13,134684.921875,137689.6773956326,134265.65366281872,136262.1689589201,4972
2026-03-16,132114.40625,135218.9874841796,130871.57549869659,135218.9874841796,7644
2026-03-17,132518.703125,134046.03733050846,132249.17355932205,133462.0566048729,5574
2026-03-18,133656.71875,134764.78475801033,132922.9993663175,133347.25887388902,5578
2026-03-19,130317.546875,132563.6266212082,130152.83436027807,132563.6266212082,6110
2026-03-20,127312.7890625,132019.5738700406,126793.69508584654,131710.11399934333,12604
2026-03-23,124757.25,127292.82443488698,123239.89836967395,127292.82443488698,7960
2026-03-24,127422.59375,128635.47675682558,125281.33115770301,127677.14944279056,7980
2026-03-25,129743.546875,130671.92649024776,128241.16911053994,128560.61155879723,7281
2026-03-27,129349.234375,130262.64012034537,127302.80620236833,129174.53928709243,9722
2026-03-30,128271.1171875,129728.57336162156,124507.68583377515,127876.80541436438,18685
2026-04-01,128870.0703125,132768.2664050699,128350.97633858543,132768.2664050699,8541
2026-04-02,126169.78125,128276.10483918822,125381.15772608592,128276.10483918822,8458
2026-04-06,126823.640625,127771.98537366188,125291.3151626884,127377.67360974457,7634
2026-04-07,126953.4140625,127677.15084406329,124901.99463337919,126134.84280611116,6401
2026-04-08,132818.171875,134230.70635980365,130602.04003311726,134230.70635980365,13484
2026-04-09,133786.484375,135159.0885834437,131520.4396090602,133462.0506530042,10663
2026-04-10,136466.8125,137360.2530997403,134185.7937621155,134565.13167038513,13197
2026-04-13,134080.96875,135313.81687869932,133217.4759311134,133217.4759311134,6515
2026-04-15,137659.734375,138108.95033198877,135962.69631526468,136766.29374943348,6514
2026-04-16,138498.265625,140549.68508484846,138059.03226133416,138253.6925020497,6502
2026-04-17,139611.328125,139796.00579618177,137994.150680057,138653.00075021898,4672
2026-04-20,138982.421875,140090.4878709149,138273.65894067608,139611.32419700574,4443
2026-04-21,139421.65625,140265.18397370493,137884.33945176852,139506.5081512011,3357
2026-04-22,136801.234375,139850.91162993014,135927.7588928187,139356.774071439,7670
2026-04-23,134380.453125,136651.4892714872,133971.1674898089,136641.50669501914,5906
2026-04-24,131914.75,135533.43378485754,131510.4556736918,134380.44626168223,5538
2026-04-27,131974.65625,133312.3215378106,131570.36189062442,132319.05514872735,6124
2026-04-28,129893.28125,132463.79461626767,129773.49033584383,131974.64838346333,8198
2026-04-29,130197.75,133866.34675100632,129923.2291546866,131270.87694077054,10157
2026-04-30,129484.0,130871.5781358415,128525.67265438286,130127.87618533653,7905
2026-05-01,129484.0,129484.0,129484.0,129484.0,0
2026-05-04,129009.828125,131665.19348896874,128465.7777026831,130771.75288718227,6536
2026-05-05,128046.5078125,129868.3280101909,127886.78658968875,129868.3280101909,7949
2026-05-06,130107.90625,130522.18316022173,128495.7202017877,129314.29144608125,6785
2026-05-07,129738.5546875,133716.6113983813,129124.6262365108,131265.8888826439,23649
2026-05-08,130197.75,131770.00575043127,129908.25529039677,131515.45005750432,6385
2026-05-11,128685.390625,130272.62025104724,128395.895913331,130102.91645455163,4534
2026-05-12,126284.5859375,129339.25439304524,125830.37869982906,128775.2388122011,7750
2026-05-13,126259.625,127277.84778225808,124682.37794512967,126314.52916963157,8533
2026-05-14,126234.671875,128096.42240322645,125780.4646415721,126778.7222974576,6978
2026-05-15,128415.859375,128685.38893059119,126279.58808253653,126808.66461758589,5420
2026-05-18,128885.046875,129139.60257907501,126299.5595277283,127277.85203750679,5290
2026-05-19,126509.1875,129274.36109248007,125980.11096425471,128326.01635859701,7011
2026-05-20,126903.5,127567.34131760079,125191.48818092428,126479.24051130777,4993
2026-05-21,125850.34375,127766.99846563417,125411.11037766717,127437.57343638454,5263
2026-05-22,126564.09375,127108.14415891076,125580.80998343653,126569.08503815514,5408
2026-05-25,128430.8359375,129164.55529869127,126953.41463877472,127996.59386659088,6716
2026-05-26,126938.4375,128974.88302139037,126778.71628263604,128775.23149968543,5582
2026-05-27,126818.6484375,127537.39392612563,126678.89237026723,127477.49846874016,2911
2026-05-28,126818.6484375,126818.6484375,126818.6484375,126818.6484375,0
2026-05-29,123204.9609375,127367.69539795515,121787.43505408362,126818.6536825474,17159
2026-06-01,124208.203125,125056.72209350513,123584.29211874623,125056.72209350513,5787
2026-06-02,124477.734375,125401.12267683147,123214.938481144,123589.28508999459,4336
2026-06-03,124572.5703125,125176.51618187304,123858.81610324094,124732.29153415238,3216
2026-06-04,124497.703125,125281.33538217135,124083.42619923425,124582.55502545804,3345
2026-06-05,123289.8125,125730.552482693,123135.08256244686,125730.552482693,7169
2026-06-08,122606.0,123724.04852629865,121992.0715681485,123284.81517668132,4228
2026-06-09,122536.125,123464.50460285133,122381.39506619144,123175.0098879837,4774
2026-06-10,122381.3984375,123085.17009130675,121927.19119993679,122785.69279181451,4721
2026-06-11,122720.8046875,123284.82026197787,121837.34666376033,122336.47549073189,4096
2026-06-12,125296.3046875,125480.98234648249,123324.74589565987,123374.65877646595,4679
2026-06-15,128316.0390625,131565.36773177367,126783.71356101458,126783.71356101458,17752
2026-06-16,128246.15625,129703.61237302484,127577.3236455982,129274.36159706546,6791
2026-06-17,129019.8046875,129364.20356263782,127981.61677404106,128715.33611672599,6926
2026-06-18,129858.34375,130771.7494811085,128680.39974704038,129024.79862926163,4351
2026-06-19,128420.8515625,130257.64558383779,128156.31329312254,130082.95050028664,6602
2026-06-22,131330.78125,131809.94493957132,128420.86009354098,128420.86009354098,11184
2026-06-23,131121.140625,132653.46609785402,130771.75045203655,131330.77472877808,7614
2026-06-24,129893.28125,131520.44116728788,129573.83881225022,131121.13812010066,5739
2026-06-25,129324.2734375,131565.36177302443,128979.87456188489,130761.76439658916,4800
2026-06-26,129324.2734375,129324.2734375,129324.2734375,129324.2734375,0
2026-06-29,123833.859375,129973.14381801692,123389.63472831015,129673.66652811365,17404
2026-06-30,127597.2890625,127876.80119626231,124238.15216924924,124847.08931780286,12076
2026-07-01,129204.484375,130372.4457959901,127257.88200668314,127866.81915779764,8684
2026-07-02,131834.890625,131989.62055379926,129523.92426906258,129523.92426906258,9911
2026-07-03,134420.375,136252.17766700085,132433.84240744865,132433.84240744865,15955
2026-07-06,135403.671875,136441.85986342523,133082.72276626088,134964.43849528162,7800
2026-07-07,138408.421875,138747.82947281824,135403.66637666785,135663.21336323477,14263
2026-07-08,132708.375,137180.56937340155,132368.96739130435,136955.96139705883,8320
2026-07-09,133636.75,134155.84397176365,132708.37039665348,132708.37039665348,4494
2026-07-10,134190.78125,135014.34379068253,133766.52175934537,134270.64186000556,3613
2026-07-13,131056.25,132768.26179685417,130771.74658186389,132768.26179685417,5948
2026-07-14,130796.703125,131400.6489780099,129888.28870146441,131051.25881511162,6575
2026-07-15,131445.578125,133017.83394840517,130911.51027387507,131191.0224202582,6685
2026-07-16,131201.0,132947.95084836034,130836.63596591342,132099.43186487103,3659
2026-07-17,130695.0,131285.0,129550.0,131195.0,9004
2026-07-20,132800.0,132990.0,130500.0,130550.0,5985
2026-07-21,134000.0,134350.0,132335.0,132800.0,3935
2026-07-22,132945.0,134490.0,132735.0,133990.0,3057
2026-07-23,132030.0,133390.0,131500.0,132945.0,2499
2026-07-24,130755.0,131490.0,130300.0,131050.0,2595
2026-07-27,132020.0,132500.0,131005.0,131890.0,3983
2026-07-28,133140.0,134000.0,132100.0,132500.0,5493
2026-07-29,134200.0,134925.0,133495.0,133500.0,4642
2026-07-30,134860.0,135550.0,133510.0,134200.0,3756
2026-07-31,132770.0,135395.0,132500.0,135000.0,5461
2026-08-03,133730.0,134550.0,133205.0,134100.0,3472
2026-08-04,132745.0,134000.0,132570.0,133730.0,3192
2026-08-05,134405.0,135180.0,133545.0,133700.0,4723
2026-08-06,133930.0,135150.0,133300.0,134500.0,3690
2026-08-07,134190.0,134500.0,133500.0,133930.0,2090
