Price,Close,High,Low,Open,Volume
Ticker,NAVINFLUOR.NS,NAVINFLUOR.NS,NAVINFLUOR.NS,NAVINFLUOR.NS,NAVINFLUOR.NS
Date,,,,,
2015-01-01,117.45906829833984,117.83533013764357,113.06318538501337,113.06318538501337,139885
2015-01-02,119.38629913330078,121.13914927527495,117.51415480595684,118.20244542683908,108160
2015-01-05,119.33121490478516,120.95558437492511,117.56002077327385,120.22140505484505,129410
2015-01-06,117.13787841796875,119.29452782686417,113.76066570732118,118.56952057735991,18360
2015-01-07,121.25843048095703,123.65368186875698,115.99988822684436,115.99988822684436,95490
2015-01-08,120.5884780883789,123.50683680185723,119.56063552428827,121.34101568230577,17140
2015-01-09,121.9192123413086,122.97458564665448,119.31287465971621,122.41477540559336,73280
2015-01-12,121.14830017089844,123.3416520041977,120.2214073387138,122.24039000480963,19725
2015-01-13,118.5511474609375,123.34165039907452,115.08217150784375,122.97456773849093,51155
2015-01-14,118.23915100097656,121.95592324563998,115.99991688719689,119.66162111971305,16235
2015-01-15,118.61540985107422,121.13914197556517,117.10116917604888,118.35844915502703,11315
2015-01-16,119.79923248291016,122.24037246691447,119.22107806808054,121.13911062552505,63570
2015-01-19,121.3410415649414,122.33218167886012,119.82680789282841,121.13914187488533,38345
2015-01-20,119.87266540527344,123.89228628582697,118.80812010636677,122.69924665426528,96980
2015-01-21,135.2444610595703,143.84351137787854,131.29827424480965,133.98718849787326,2145265
2015-01-22,135.37298583984375,139.7505178368497,132.38122116866128,135.82267405866114,573360
2015-01-23,131.9040069580078,136.74039950574814,131.53692423851027,135.82267870369614,103250
2015-01-27,131.85809326171875,132.5188532349062,128.83879855356656,132.17012891811123,63855
2015-01-28,130.43569946289062,133.0787266081095,129.5546810789429,130.53664934018346,81570
2015-01-29,133.40907287597656,134.35432421273703,129.40780948804843,129.44452616318375,54255
2015-01-30,133.92300415039062,137.23597715791453,133.0695304353936,134.35433409344597,69890
2015-02-02,130.85777282714844,137.07074501227433,128.4808799096137,135.82264447587733,58185
2015-02-03,130.8853302001953,134.50115223208715,129.04988868173712,131.26159907227304,62205
2015-02-04,133.3264617919922,135.8043048741991,129.39861832756193,130.31633902492052,76070
2015-02-05,129.35276794433594,134.03315049351045,128.49010799184953,133.61099268577706,32575
2015-02-06,125.8837661743164,130.3255316873053,125.17711720528813,130.31635952007954,42580
2015-02-09,119.57901000976562,126.27837392037675,118.38597029911324,125.17709787773974,48635
2015-02-10,124.25019836425781,126.4619084937031,117.65178464380891,117.65178464380891,32230
2015-02-11,126.14988708496094,128.48089138142655,121.50620881939818,124.93848910177782,79845
2015-02-12,126.7188491821289,128.8020786522206,123.89226834251075,123.90144050638385,26535
2015-02-13,128.16885375976562,130.22453880376366,127.0125169192126,129.2058684459596,31570
2015-02-16,127.11348724365234,130.30716531499584,125.94799205419878,129.022347951935,16355
2015-02-18,126.40684509277344,130.13278862405687,125.83784877778584,128.4808886831834,20180
2015-02-19,126.47109985351562,127.73755902501595,125.72774825400298,126.8657270750111,12515
2015-02-20,128.545166015625,129.7565502543451,125.7277562881633,125.74611462606616,32705
2015-02-23,128.36155700683594,131.21566821419296,122.05682189096844,122.05682189096844,93760
2015-02-24,128.49928283691406,131.23408716602057,126.64548271965621,128.36161630153745,29340
2015-02-25,129.47206115722656,130.49990404371835,126.9207982758923,126.95750094899168,31215
2015-02-26,128.5267791748047,130.1419624693411,128.47171817661567,128.85715916724462,70340
2015-02-27,130.16036987304688,133.98726472626973,124.81005481351151,126.27841400087723,53820
2015-03-02,132.65652465820312,133.06949615595695,129.11412233833298,131.44512666126545,43020
2015-03-03,136.9239501953125,138.04357077037005,130.59168183100462,133.95971572363183,88345
2015-03-04,138.06192016601562,139.49356238150705,134.6479976506246,139.47520404447792,70685
2015-03-05,152.24069213867188,160.94986695327646,133.4365892410795,139.47519335657267,634325
2015-03-09,147.4777069091797,153.23181935456523,146.83530524937487,152.148901696632,62015
2015-03-10,153.66317749023438,159.81190422954535,148.47804641648128,148.48723258686732,153760
2015-03-11,153.5622100830078,157.18720413401866,151.42391912048535,151.42391912048535,46905
2015-03-12,155.07643127441406,156.74668957639804,150.87326902356727,155.97580759239273,169790
2015-03-13,152.34164428710938,160.31663983399386,151.6074648874739,153.67233657208834,75415
2015-03-16,150.44195556640625,153.02076263223609,148.85430259257095,150.89164377432118,37955
2015-03-17,157.3432159423828,161.9410057496591,151.2036620343648,151.2036620343648,181010
2015-03-18,152.73626708984375,157.84797870315597,151.7910157795023,157.84797870315597,53640
2015-03-19,155.168212890625,156.71916306671872,153.44289354633526,154.122011884755,55415
2015-03-20,146.3764190673828,156.01248427244562,138.57579485376053,142.2466768366416,55280
2015-03-23,140.0349884033203,147.73466397465748,139.30999526276514,143.56821845114519,37025
2015-03-24,141.34738159179688,142.97173755588446,140.04421955129658,140.0625638875175,22430
2015-03-25,142.34768676757812,150.32268348391642,141.69609877898455,150.32268348391642,47905
2015-03-26,144.1923065185547,146.10116771320338,141.33819389624816,141.62269914432562,26290
2015-03-27,146.8995819091797,148.10179397174107,144.08217220248557,144.1005305402531,28460
2015-03-30,151.8368682861328,153.14002983899852,148.66156289764018,148.66156289764018,17690
2015-03-31,153.36033630371094,161.70241571419987,151.44230303172387,151.45147519930183,58040
2015-04-01,156.1868896484375,158.71062159726966,152.34163763859686,152.34163763859686,21170
2015-04-06,156.40711975097656,158.8666183132591,153.45207221483287,154.1770653487685,13495
2015-04-07,157.7378387451172,159.85777132626592,156.22359118479196,156.47137969526457,52955
2015-04-08,156.2694549560547,160.06881749291546,155.57199237557404,159.31629391967377,25475
2015-04-09,159.58245849609375,160.4175877280771,155.66378702573945,157.43499533097128,31305
2015-04-10,162.49163818359375,167.02518105269615,160.40840810338395,161.4821537330621,56365
2015-04-13,167.26377868652344,169.77833858019918,163.36346550292427,166.7314989716589,72075
2015-04-15,172.1185302734375,176.5694675299066,164.02422649874472,167.3922599867034,157460
2015-04-16,168.91566467285156,174.35775554033816,168.67706233928638,174.35775554033816,40725
2015-04-17,166.15333557128906,168.93402817262077,165.13466503393838,168.915669837691,13590
2015-04-20,164.79515075683594,165.57520512942241,158.59134843458918,165.57520512942241,19585
2015-04-21,163.57456970214844,165.1989255278108,161.80336117606265,164.83184278833326,118780
2015-04-22,170.04446411132812,172.20111338009667,162.63846526696764,162.63846526696764,40760
2015-04-23,166.67642211914062,171.62293592623155,165.18971912804614,170.15459126929917,15190
2015-04-24,157.95811462402344,168.66791569726513,156.01255082421577,163.54704546959434,51355
2015-04-27,151.98373413085938,161.70239352300322,150.50620316164023,158.224238038223,38315
2015-04-28,160.27992248535156,161.51885109221132,149.60683974508677,149.60683974508677,33275
2015-04-29,154.80116271972656,156.93028203974956,149.58851445894257,156.1961024810068,87450
2015-04-30,152.4058837890625,153.25018515498397,150.93752506370805,152.92897730777938,63855
2015-05-04,150.8549346923828,157.2973239899965,149.166317944572,152.2223295872739,26040
2015-05-05,149.70774841308594,157.81122204174332,148.6707197755696,150.89160168688232,31270
2015-05-06,148.79005432128906,151.05682546009032,147.06473500830842,150.87327012639,60570
2015-05-07,143.88941955566406,149.05619147589155,142.61378836793742,148.8542918056062,87240
2015-05-08,148.83595275878906,150.32266997840085,142.73311503452035,146.8169697976007,88060
2015-05-11,145.6973419189453,155.64544553858087,143.15526551178536,148.8359452184153,38570
2015-05-12,147.0556182861328,149.40498180887718,143.19200670929146,145.94516971312837,105760
2015-05-13,148.68910217285156,151.42390576205273,147.7530231981242,150.49701295585083,73405
2015-05-14,149.5701446533203,149.86382205562884,148.30369936496527,148.85432348932986,107595
2015-05-15,149.57928466796875,150.5061774267854,148.71662506901814,148.71662506901814,36135
2015-05-18,151.4606170654297,152.15809375447526,149.9739140232961,150.50619370582322,5985
2015-05-19,153.29603576660156,154.70933326703204,149.9555334973628,153.96598185596997,9770
2015-05-20,159.09603881835938,160.4175586817068,154.23211698926858,154.68180511044514,211795
2015-05-21,158.82992553710938,161.15175774788588,156.92106483356426,158.6739006978848,19410
2015-05-22,161.8033447265625,162.03277491623848,158.76569125578166,158.79322175827818,16015
2015-05-25,160.83973693847656,161.84006321922976,159.67424164419378,160.05049651698104,11700
2015-05-26,158.63720703125,160.60112884672915,157.11378724825303,157.52675877891176,14660
2015-05-27,160.3533172607422,161.05996604694482,156.563140687412,158.3985818959242,21660
2015-05-28,165.3182373046875,167.93374739093812,159.12362141933426,161.06001301918445,51995
2015-05-29,166.74986267089844,167.70430012249443,165.19891231453573,167.0251817051399,21220
2015-06-01,168.10809326171875,170.12709027047575,165.55683049971685,168.0989210947002,116835
2015-06-02,169.85177612304688,172.1093615658758,167.01602206527718,167.04355257043542,70095
2015-06-03,164.51979064941406,170.54003608523294,158.80238071586777,170.54003608523294,67990
2015-06-04,162.28054809570312,167.90618029562003,160.23403491825113,165.55680361273212,9765
2015-06-05,164.41885375976562,166.1074565874855,159.7293001434894,161.54638331672476,12090
2015-06-08,164.06094360351562,165.78624910393964,161.53721152247786,163.98752426257946,13350
2015-06-09,162.8495330810547,163.71219276722368,160.61947853359374,163.1432104224341,6830
2015-06-10,164.5473175048828,165.74952933162953,163.3726361777329,164.82263650415675,7060
2015-06-11,162.02359008789062,166.41946601709472,158.5270765110062,165.63941183514115,13200
2015-06-12,161.00485229492188,164.7858554644819,159.67416065543793,163.53775529152512,15475
2015-06-15,160.7112579345703,163.14322639480883,156.69165045487546,159.68341514572526,19125
2015-06-16,161.0141143798828,163.34513309456867,157.48089763997498,159.6834219972342,17235
2015-06-17,167.79605102539062,174.366934660769,160.04131383719147,160.05048600308845,77565
2015-06-18,167.88784790039062,173.25650625860126,165.74955672405247,165.74955672405247,27730
2015-06-19,169.3977508544922,170.5556619072727,168.59184928484697,169.3143846510095,5615
2015-06-22,168.6566925048828,171.37082912201834,166.6465465572247,169.36069730901607,13570
2015-06-23,169.58303833007812,170.37966761397306,166.7392018254202,168.59185962348042,8380
2015-06-24,176.05804443359375,179.7077820628059,166.85033416326388,166.87812289569706,201545
2015-06-25,180.05979919433594,180.65264906927072,176.55827741196248,178.78146090930386,85610
2015-06-26,180.7267303466797,181.93094631779135,178.78143447316197,180.63409182521545,48505
2015-06-29,176.5767822265625,178.78144917995414,171.64872061473153,176.18772584678544,31260
2015-06-30,180.26356506347656,181.17136320351975,176.92877619340427,178.7814335357436,26700
2015-07-01,194.37159729003906,199.14218553270413,173.63109351692765,180.5785603565316,220395
2015-07-02,194.79766845703125,200.08701188870785,190.45319845163212,196.56695977854957,44030
2015-07-03,209.73011779785156,214.41733950561883,194.8995839001516,196.37245751031793,228780
2015-07-06,211.36968994140625,215.8068126228651,207.12711665369864,211.7587604595984,97340
2015-07-07,216.09397888183594,219.53992310951725,213.0463633836569,213.05562158307583,57675
2015-07-08,218.47462463378906,220.26243219993432,214.89899536684462,215.86237097392348,52885
2015-07-09,210.29515075683594,219.49358819612644,208.4332209765091,217.70578054448927,17035
2015-07-10,203.31063842773438,213.04636303556399,200.161126202471,213.04636303556399,29790
2015-07-13,204.00540161132812,205.83027060284167,198.25290728551676,203.78309173031155,15085
2015-07-14,205.01507568359375,208.04416037063868,201.93965759973437,203.06052155153125,50255
2015-07-15,201.0782012939453,208.4239819624769,198.23436506653357,208.4147237628658,25750
2015-07-16,203.82937622070312,207.86817022109292,198.42889193303674,198.42889193303674,12205
2015-07-17,210.13771057128906,213.41690856366748,203.79235213503983,203.8108826702106,114990
2015-07-20,206.9325714111328,213.9819335090017,204.66306888266521,213.0556047925125,19915
2015-07-21,199.9017791748047,209.33180057933208,199.16071322888206,206.76587970677832,22355
2015-07-22,205.3948516845703,208.05342457441623,195.455349030441,200.09625057060313,16240
2015-07-23,203.35694885253906,206.92332018505886,198.41961493112174,206.92332018505886,31795
2015-07-24,204.91319274902344,207.10858740352776,203.77379818876338,203.77379818876338,12570
2015-07-27,202.00453186035156,205.64499732567114,197.8638409185622,200.09628262466896,12935
2015-07-28,202.63441467285156,205.64498311941963,197.33581307611934,201.96745684007024,16740
2015-07-29,215.48257446289062,221.85572034709907,199.16066753497412,205.26517018477566,133795
2015-07-30,233.40704345703125,235.02811868055372,223.98628228277641,223.98628228277641,446650
2015-07-31,238.4462890625,240.84547715414132,229.74806258758855,234.16664058765707,150710
2015-08-03,252.8229522705078,253.25832800559627,238.9928679010261,240.80846471850916,112620
2015-08-04,255.9632110595703,259.3535782606832,240.66023938215554,253.25831820531175,118025
2015-08-05,246.6072540283203,258.44573495010087,244.55080296353628,258.44573495010087,40675
2015-08-06,241.92930603027344,252.81366947057427,237.51069954555356,249.36772519104272,43705
2015-08-07,248.80267333984375,251.4056552609464,238.06652488985253,245.28263486320589,31585
2015-08-10,248.75633239746094,250.10876446769421,243.60594676848584,249.91424334407063,36660
2015-08-11,242.81854248046875,248.62661315268727,240.25259393321545,248.62661315268727,41650
2015-08-12,245.35665893554688,253.434245694587,236.21379990920886,243.06862609585014,39805
2015-08-13,241.836669921875,247.32052066237247,238.98356134787764,247.32052066237247,21155
2015-08-14,237.5384979248047,248.62665528289847,235.45425803245107,240.82698227210585,35205
2015-08-17,240.62315368652344,246.1811259218255,236.22307819892163,237.14014870622202,12160
2015-08-18,252.65615844726562,261.22469910954686,240.94734985408,245.0602516335197,53200
2015-08-19,261.1043395996094,263.8184766695146,252.51728031185465,252.88780624222906,70030
2015-08-20,250.16427612304688,266.5973349082506,246.4033846193484,261.96569234021774,52450
2015-08-21,255.1572723388672,257.51939940699845,241.818115365646,249.18244043339058,16350
2015-08-24,214.0930633544922,248.25606694008192,204.84830780450088,248.25606694008192,86420
2015-08-25,215.33438110351562,221.57782764849202,185.25648634591641,213.0556062263682,78300
2015-08-26,221.911376953125,230.1001220674761,208.60929170948407,215.84391906751858,33530
2015-08-27,229.84068298339844,233.99064592525832,225.0978843465927,233.42558482715023,12980
2015-08-28,223.31005859375,238.06646747808878,222.3188801351802,234.426002600509,21430
2015-08-31,222.48568725585938,230.6559156302913,220.46629686750734,220.46629686750734,10915
2015-09-01,225.6630096435547,227.45081783991617,218.13195030413647,220.85535984243498,26930
2015-09-02,222.88397216796875,227.69162088068944,222.50417396929646,224.35683156127172,14170
2015-09-03,228.4326934814453,231.3969428890975,223.3008238849154,225.09790406367657,14970
2015-09-04,226.46885681152344,227.87688051877387,220.6885742542999,226.9690822695327,46800
2015-09-07,218.98411560058594,226.20948283438966,218.428326819312,226.01496170807312,48845
2015-09-08,215.23248291015625,219.5676945182893,206.38604084157436,218.98410290386582,123965
2015-09-09,215.87168884277344,223.19895411262564,214.53778704917937,216.78875957711105,17210
2015-09-10,217.04808044433594,218.61357824500806,205.12623432330145,213.99119283686042,30935
2015-09-11,213.1575164794922,221.35553184975018,209.35956282142402,215.8438642920196,28820
2015-09-14,213.52804565429688,215.09354358091178,210.09137373691723,213.05562305686422,40055
2015-09-15,220.6515350341797,222.30039929968243,212.12931221744094,213.42616698761495,27055
2015-09-16,222.37448120117188,224.1530307349075,216.99251333475544,222.1336408105996,22690
2015-09-18,227.7564239501953,228.80317986294085,222.13361631330002,222.13361631330002,19840
2015-09-21,223.41197204589844,225.09789723782885,221.6334224552397,222.3466995852607,8115
2015-09-22,224.29196166992188,227.87684904027117,223.82879734260425,227.87684904027117,24875
2015-09-23,220.08644104003906,224.17155415897219,217.6965112044997,224.17155415897219,11715
2015-09-24,220.77194213867188,223.15259977810783,220.09572607991493,220.47551014134214,40735
2015-09-28,222.4671173095703,231.58218887122447,220.83676965373763,231.58218887122447,10310
2015-09-29,219.3824462890625,221.39257804207244,217.67800472908937,220.66078452637007,40000
2015-09-30,225.0515899658203,226.9505669241578,220.46626501203903,220.46626501203903,18375
2015-10-01,232.05462646484375,236.12120939919436,225.0515828817394,225.0515828817394,18760
2015-10-05,245.1251220703125,258.97374891190213,235.28751475596778,236.0285806215004,53885
2015-10-06,242.53147888183594,254.92576610548664,241.2160791911087,246.40352752981065,21205
2015-10-07,237.5755615234375,244.36553956210366,237.13092763270492,244.35629549672745,40740
2015-10-08,236.36209106445312,240.80845858109703,231.2117045211031,238.25180998021864,22450
2015-10-09,242.85560607910156,244.36549810369615,238.34436159431698,240.84546037516702,21850
2015-10-12,242.3275909423828,243.4391684087269,238.6222761826195,240.84545938461585,14115
2015-10-13,243.03164672851562,243.61523848284415,240.19708243833338,241.0493175002275,14910
2015-10-14,246.42193603515625,247.32047595183087,236.23233507194794,236.24159326992532,29200
2015-10-15,243.25392150878906,247.14448507496752,239.92840487856535,239.92840487856535,8515
2015-10-16,244.5970916748047,246.39417168596546,242.73519013673516,242.74443420097376,17595
2015-10-19,244.88424682617188,245.4771107761827,244.18025622217036,244.18025622217036,6870
2015-10-20,246.644287109375,248.07081294422582,244.5600475478855,244.67120246807562,21935
2015-10-21,253.378662109375,257.14882631508607,247.22785487428948,247.22785487428948,68910
2015-10-23,253.73072814941406,260.8541989713696,250.10877910414405,260.6689219013455,73615
2015-10-26,253.4621124267578,256.58383633770364,248.25614846341392,255.65750742552672,26605
2015-10-27,256.50970458984375,259.0015312572293,251.03509813488017,259.0015312572293,21940
2015-10-28,306.6055908203125,307.8098353411217,268.63537859537445,268.63537859537445,1876165
2015-10-29,292.4790344238281,305.8737686834018,289.01457389827806,305.8737686834018,407450
2015-10-30,299.3616943359375,310.12563059834207,288.2735373357701,294.3872848738717,250580
2015-11-02,328.4113464355469,333.1170842738583,298.01850094471274,299.3894777377429,1057035
2015-11-03,329.9027404785156,342.0005919077518,325.2062468476131,327.07742077903634,440555
2015-11-04,318.69415283203125,337.0725119415912,309.82917986075546,332.5520230934431,209455
2015-11-05,311.505859375,324.77089507138317,307.9580323769057,320.6487204496023,83810
2015-11-06,315.1680603027344,328.74542662244164,304.7217951060527,311.18898165646766,191345
2015-11-09,325.3441162109375,327.63651083370127,298.57145301284066,314.0405167979978,144620
2015-11-10,327.3011169433594,330.8142609699017,320.563678235623,326.7140335638804,67290
2015-11-13,320.032470703125,324.85025658709753,291.30289849077315,324.85025658709753,36490
2015-11-16,338.7071228027344,344.7922387435628,312.1767567002528,320.03242169288643,137980
2015-11-17,368.1914978027344,372.3756174836278,339.2010077420467,345.53771848932314,1003660
2015-11-18,362.9823913574219,374.61215198525264,355.9747314884739,368.6481831139728,296305
2015-11-19,346.0502624511719,365.675461219422,342.9284892660882,363.4296489504739,208200
2015-11-20,340.2074279785156,353.924569260772,336.2283493292666,346.4696017908162,128175
2015-11-23,360.8204345703125,366.9707599421984,341.99663045594303,341.99663045594303,272490
2015-11-24,357.61480712890625,371.8165113962189,354.5303165400182,362.49780183741643,289560
2015-11-26,351.3899230957031,363.42970957717677,349.116183896592,357.61484332424516,111980
2015-11-27,351.1941833496094,356.90655654631087,347.25238762282163,353.17907292702824,82055
2015-11-30,343.1148681640625,355.0241768303255,339.2009991066854,354.1109331333529,51830
2015-12-01,352.7876892089844,361.575253817705,344.79224902821846,344.79224902821846,104210
2015-12-02,348.4545593261719,356.2450166382362,346.28331214039537,350.383539360111,26285
2015-12-03,347.979248046875,358.01548751901544,342.9284951970898,349.0788488964654,61580
2015-12-04,346.33917236328125,351.50174556305484,343.114906730369,347.9606187706313,31500
2015-12-07,342.5557556152344,349.45159473022204,339.76014285739257,347.18715522159664,14190
2015-12-08,325.418701171875,343.80452834287,317.3953045945329,343.80452834287,54105
2015-12-09,309.37188720703125,329.5096371051235,307.7038583607774,325.6144226087314,56005
2015-12-10,322.6883544921875,337.1323579352415,301.1248699464876,311.24497741806726,171520
2015-12-11,319.09124755859375,331.55965636965084,317.02249301354067,324.2910746915957,41180
2015-12-14,328.9970397949219,333.6098125448731,306.37121342243313,325.47456861005855,85970
2015-12-15,334.56036376953125,340.0211433942564,322.4460390464076,330.9167442286547,67760
2015-12-16,352.96478271484375,363.3924219018728,332.8643460447006,337.3373156503205,216955
2015-12-17,358.79833984375,364.36161162424645,354.22284918541976,357.4657709538305,131265
2015-12-18,360.1680908203125,368.0889932057528,350.9518742766834,357.8384136481242,142630
2015-12-21,365.7127380371094,368.08899740447015,359.86059005135576,360.2612877043167,97675
2015-12-22,361.2210998535156,368.08898342447486,360.4476311273751,368.07035624543147,46655
2015-12-23,354.241455078125,382.06710944742747,349.45162449459826,361.4354718868123,214620
2015-12-24,353.6637268066406,361.19326158577593,349.4516794679623,356.1611630891274,69390
2015-12-28,345.61236572265625,356.9066391530121,342.8540351687305,352.2472835504924,85185
2015-12-29,349.6938781738281,356.3474215193587,343.8603573206078,347.58784086879865,81340
2015-12-30,350.43939208984375,358.7703207745943,348.5197401810345,353.48659990118,37480
2015-12-31,348.9670715332031,353.17911832659235,345.9105357100254,345.9105357100254,17955
2016-01-01,363.2804870605469,369.9526849934442,347.63436932186494,348.9017283204097,176500
2016-01-04,359.89788818359375,366.2253001877707,358.21120396162144,363.4296872092381,61435
2016-01-05,350.7469787597656,364.3616019494147,349.45166427373533,364.3616019494147,50190
2016-01-06,353.5052490234375,368.6481518946802,350.3834756669078,351.0078417135915,159265
2016-01-07,343.2919921875,353.50529100495675,340.1702184602353,346.65603305133357,49505
2016-01-08,351.8930969238281,356.9065670900217,344.79224496947273,352.2472124282721,637595
2016-01-11,349.5168151855469,353.9245462145392,344.97860858387327,351.67876243628274,36065
2016-01-12,342.164306640625,370.884570944519,337.79383040140465,353.17902610043393,124660
2016-01-13,341.5586853027344,352.0608615057902,318.8676201797447,344.79227889368053,80705
2016-01-14,343.8324279785156,348.5290655623294,327.42216564554883,337.1509007070835,61905
2016-01-15,334.7746276855469,350.3834655804193,330.8141762793852,344.90406002597877,30600
2016-01-18,311.142333984375,343.2825465987625,305.243576294455,322.427274957435,62605
2016-01-19,316.4541015625,322.241013096467,300.78002292808645,311.14245338702244,89825
2016-01-20,317.2741394042969,325.22299837019085,298.80444825902015,318.699900981677,71170
2016-01-21,311.3940734863281,326.1549094020825,308.44935717739804,319.3243062409517,36100
2016-01-22,309.474365234375,324.27248128588553,306.95830215536495,316.83614045731156,75020
2016-01-25,310.9094543457031,321.4768680817652,309.38117225399435,315.8949414490392,48465
2016-01-27,320.2654113769531,322.4087316926537,310.6578238543551,316.4633902938935,52155
2016-01-28,332.8922119140625,340.6919658613228,317.7679387833958,322.4086655465751,190385
2016-01-29,327.68310546875,340.69201560911233,322.427339805286,335.47353274538426,103410
2016-02-01,287.30517578125,308.74753883399137,283.279485815017,308.74753883399137,262680
2016-02-02,289.4857177734375,295.55220702739194,282.3569103773423,285.73027881585756,104520
2016-02-03,293.1479187011719,295.403058665094,282.54325234464,283.28873764728263,128330
2016-02-04,296.65185546875,300.4166228393213,290.93018145379267,293.3530236684516,141500
2016-02-05,297.2202453613281,301.8888993960334,291.11647368905034,300.99431126340187,33400
2016-02-08,298.49688720703125,301.180679892483,292.23471375379137,301.180679892483,28355
2016-02-09,299.38214111328125,300.0624170792814,294.47119191631344,299.8574043524349,22065
2016-02-10,285.0034484863281,298.1987464283986,282.69239796366656,298.06827082638085,51140
2016-02-11,286.9230651855469,288.88932771482615,280.2229106546136,284.96613046624435,318945
2016-02-12,278.6481018066406,287.75250116795604,259.0601804172505,285.34825766876713,293340
2016-02-15,299.3450012207031,303.2215888953375,279.5613650495223,279.5613650495223,91830
2016-02-16,286.71807861328125,302.8580920681075,286.08441312279695,301.9262210155903,16440
2016-02-17,284.2298889160156,292.7937828520408,279.56120764799437,292.7937828520408,18270
2016-02-18,284.8262939453125,290.5945762620309,282.9812080292004,285.16178220906676,10705
2016-02-19,283.6149597167969,285.3761812130657,281.4250570619038,285.0873034626806,12525
2016-02-22,279.2630615234375,287.0162341543928,277.6975252532761,281.6113943671222,7615
2016-02-23,270.68988037109375,281.61140890453396,266.32870276702096,280.493152403296,15370
2016-02-24,253.88827514648438,274.8087628426795,249.78801983711824,274.8087628426795,47475
2016-02-25,248.48341369628906,256.3950183731548,244.8957044097683,256.3950183731548,49230
2016-02-26,251.38150024414062,256.2644946046698,248.91201963628694,256.2644946046698,34155
2016-02-29,239.956787109375,253.46891686893204,235.95906669904016,246.5264664101948,46030
2016-03-01,253.1800079345703,256.63724102225615,240.42269299624454,240.4320208055772,221430
2016-03-02,266.5896301269531,283.2887701430373,257.1963834193365,257.1963834193365,220060
2016-03-03,266.7293701171875,270.2425125424011,257.19632228173344,267.4469003436866,67495
2016-03-04,261.2127990722656,273.97011735620725,257.4759866706064,273.97011735620725,35110
2016-03-08,256.9355163574219,265.21053677567414,255.33269683101759,260.9239237689231,15725
2016-03-09,269.7859802246094,272.85181531522653,257.941879430494,262.6012343944729,133610
2016-03-10,261.2127990722656,270.335825568764,259.9920501441559,270.335825568764,27345
2016-03-11,263.67291259765625,269.31072081017237,259.1533325295887,261.2966244686164,267445
2016-03-14,267.0741882324219,270.0561578551323,262.78757668393195,269.1149876455745,22580
2016-03-15,262.8435363769531,267.44698146895087,261.1382249313742,265.5739116273498,15015
2016-03-16,262.4242248535156,264.6514105860164,260.92392592987534,262.7876682579459,24585
2016-03-17,262.65704345703125,266.4963743604404,260.9237777268658,265.86268071560755,20425
2016-03-18,263.1417541503906,264.2786379797349,260.9238964801576,262.657162999178,16935
2016-03-21,263.40264892578125,265.58322355923315,262.22848241605914,264.8377381667255,21210
2016-03-22,263.68218994140625,266.3194005943479,262.97398737395304,262.98328674509537,28330
2016-03-23,316.41680908203125,316.41680908203125,268.3788670055492,268.3788670055492,473625
2016-03-28,326.9096984863281,350.1971481871632,319.65041465077843,331.7461117729251,618775
2016-03-29,327.28240966796875,335.287178236358,315.90427259138045,321.4954986549447,197945
2016-03-30,321.0295715332031,334.55102935033284,316.87343468018287,330.8048895893102,63030
2016-03-31,314.7301330566406,326.1548817283428,312.1768153685567,321.49552627508075,24930
2016-04-01,317.66552734375,323.7319883779942,309.00843755925143,314.2269209866294,59420
2016-04-04,315.58746337890625,320.759336497748,309.4930185526801,316.8361672135458,20640
2016-04-05,308.9245910644531,317.2182379950281,307.5174566322867,316.57524467426657,23375
2016-04-06,307.59197998046875,312.73592631535604,302.24304931795064,311.887920257417,53625
2016-04-07,302.9046325683594,307.6105977991409,302.2989221552531,307.60126998959595,10985
2016-04-08,299.4288330078125,304.1627257513603,298.21738349722204,302.85811188018175,18980
2016-04-11,298.19879150390625,303.7900188446045,296.33504905700687,302.8301926219894,13975
2016-04-12,301.1806945800781,304.7124649130181,297.4532108770497,297.658223618254,92060
2016-04-13,315.0656433105469,319.6318062840575,302.8487976759519,302.8581254878096,121525
2016-04-18,313.3323059082031,318.1407638337953,311.4313094834051,318.13146446164274,16010
2016-04-20,320.3865661621094,324.15133296401865,307.5174299301098,313.2950415041752,38835
2016-04-21,313.93798828125,321.4954473199718,311.5244177233669,315.90422214918965,19210
2016-04-22,311.8413391113281,332.1188336448927,304.9641262719665,318.68126914624855,11290
2016-04-25,314.0126647949219,319.63184744779244,309.3812634188545,311.24500596957046,19215
2016-04-26,316.87335205078125,317.7679400482713,311.2541723129784,314.0125018943293,27775
2016-04-27,326.23876953125,337.150972803231,315.35452125640586,318.72789029035147,88550
2016-04-28,325.7355041503906,332.68728244561805,324.2911154426197,327.0867285067802,45865
2016-04-29,324.8222961425781,328.9225230423068,323.5456373643745,327.6458642641032,25140
2016-05-02,374.6773986816406,382.0671292589087,353.7382551186206,372.75774659995216,1188240
2016-05-03,376.8113708496094,387.36015814902015,369.02094238308814,377.9669103103678,414250
2016-05-04,373.6337585449219,378.339696597665,370.97792001165686,378.339696597665,82660
2016-05-05,374.9755859375,381.0793296218401,371.63014401634075,373.86665717065864,72980
2016-05-06,372.7391052246094,377.59417404058286,371.85384475921865,375.91678902885286,29860
2016-05-09,376.8672790527344,381.8807211008036,372.73906894544655,372.73906894544655,51395
2016-05-10,394.7592468261719,398.2817185893527,377.7805535587141,382.06716648008313,253350
2016-05-11,400.6019592285156,402.3818074634154,385.79451829379275,391.38574319660137,115430
2016-05-12,407.8425598144531,411.886875496078,396.04507259238267,400.7044263875872,115970
2016-05-13,392.308349609375,406.286414125504,389.8948072155368,405.36387096774195,51965
2016-05-16,392.1871337890625,396.0916747415401,387.25755770066814,387.25755770066814,18040
2016-05-17,384.5365905761719,395.6724612157051,382.46783566738526,395.10400507615276,15410
2016-05-18,387.462646484375,397.9089123084431,382.6821437605883,382.6821437605883,45575
2016-05-19,380.23138427734375,391.38588308273984,377.40781582978485,389.9974041692505,23685
2016-05-20,372.6551208496094,387.6582461603292,370.89389985576366,387.6489183521882,17330
2016-05-23,366.5328063964844,378.33962443041884,364.3615594884083,378.33962443041884,16150
2016-05-24,361.5379943847656,372.5620158438438,355.47150505135346,371.630144840294,27820
2016-05-25,369.5520935058594,373.7734680464194,364.4081473266444,369.85029905448414,18380
2016-05-26,367.4554443359375,373.68033688829985,365.4798820177525,373.68033688829985,8700
2016-05-27,389.37298583984375,405.9230243512219,368.1449650188066,374.6121522101471,161255
2016-05-30,387.73284912109375,400.8815629036432,382.0670863053831,387.65831195863257,25000
2016-05-31,386.52142333984375,390.2675342418831,384.7229192695562,390.2675342418831,13240
2016-06-01,392.2991027832031,404.9538997072328,385.7760051352922,388.7766311908692,42710
2016-06-02,395.560546875,398.84072201447646,387.44393133215846,391.19936970330855,23430
2016-06-03,390.7148742675781,403.50014560774474,388.40382393480166,397.53617685688994,38780
2016-06-06,384.79742431640625,393.62224242755025,382.06704954367376,391.00368760697256,19675
2016-06-07,382.28143310546875,387.84470385887994,380.3897361994181,384.6856476627295,15665
2016-06-08,391.9729309082031,403.5001714405446,382.25352251836165,382.25352251836165,58700
2016-06-09,389.4662170410156,396.97709597140806,386.74514086557076,392.1313547860486,18280
2016-06-10,386.5773010253906,403.31369357296,383.93079121699327,389.70840187767413,58970
2016-06-13,385.63616943359375,388.59021306259757,380.20337393175015,383.18537255365226,17580
2016-06-14,381.9273681640625,390.6403684574716,381.1818542363329,382.43988588313715,12145
2016-06-15,386.24188232421875,396.72543053154305,382.06709022248424,382.06709022248424,25335
2016-06-16,380.37115478515625,391.36725129112546,378.5167403183952,386.1860500320897,20855
2016-06-17,375.3296813964844,385.80393102479326,374.2394082259742,380.762505381771,20200
2016-06-20,378.4980773925781,382.2535165915127,368.27545082300463,368.27545082300463,17920
2016-06-21,376.2242431640625,383.55806248909903,374.807781216282,383.55806248909903,4985
2016-06-22,379.26214599609375,381.13521569184974,372.9440621400111,372.9440621400111,13385
2016-06-23,379.24359130859375,381.1352885469735,374.9942612712634,375.54406182012303,9305
2016-06-24,377.0350341796875,380.2033900759643,358.86354862458626,372.7484216431023,54745
2016-06-27,374.05303955078125,380.20339426331867,369.99939473307836,369.99939473307836,20000
2016-06-28,370.76348876953125,377.40773316528356,368.18221648670993,374.05299207168105,21670
2016-06-29,371.27606201171875,377.39843296214366,366.7937362697896,372.0029202652985,14660
2016-06-30,379.001220703125,396.04514809816084,373.139772986952,373.139772986952,75630
2016-07-01,382.57037353515625,395.1133507153835,380.6227663274986,385.235511259809,45340
2016-07-04,376.4200134277344,390.4539898820713,374.6121812233715,382.46784775066374,30880
2016-07-05,375.75830078125,380.0169290397782,372.1892194271054,376.48515892160304,23805
2016-07-07,374.490966796875,379.4858097791079,372.0028873346002,377.40772736343973,17030
2016-07-08,372.5527038574219,376.6622582565418,368.27541950856937,372.7483887987766,19030
2016-07-11,379.61627197265625,386.16732374513964,373.68958626212344,374.23938672104805,25070
2016-07-12,381.0513610839844,384.8627099319562,374.83576921211903,384.8627099319562,18395
2016-07-13,395.5513000488281,400.11746244054433,377.4077698284273,380.93024120928806,121060
2016-07-14,409.84619140625,418.4007605524527,398.65441134550343,399.95905352545486,241975
2016-07-15,415.5778503417969,422.38659965220427,413.021043118896,413.95759877222685,68815
2016-07-18,409.3685607910156,422.38668116839244,408.3383436572486,421.4314045069444,27230
2016-07-19,407.4017333984375,426.42317756094127,403.67423138746074,413.9482486580295,75375
2016-07-20,415.4466857910156,427.0693439542771,407.401676798488,407.401676798488,43880
2016-07-21,416.5144958496094,421.4501349181183,412.0845763643823,412.0845763643823,169445
2016-07-22,419.47406005859375,420.8882401141139,412.29066331383467,413.0211758148763,36925
2016-07-25,464.2132873535156,472.66101103707433,421.46886359876635,421.46886359876635,931710
2016-07-26,427.79058837890625,465.09362241316757,423.5198961584968,465.09362241316757,239340
2016-07-27,431.5180969238281,438.37369243118644,426.1516217503654,430.7501142868005,80110
2016-07-28,433.7469787597656,445.7817233577857,430.8155552995932,433.30679650565975,47560
2016-07-29,436.4630432128906,439.81589997765934,432.51077709273795,437.05307786540567,18630
2016-08-01,427.3129577636719,440.7337897801662,426.1328883115257,438.308113691855,34395
2016-08-02,410.3987731933594,430.79695788111616,409.27489477285854,430.79695788111616,31785
2016-08-03,410.3894348144531,420.70092448752166,406.9710114731887,415.07221434534085,32750
2016-08-04,415.14703369140625,416.74856451255437,407.44854471562905,410.60476142420885,37925
2016-08-05,422.3866882324219,428.0996846321148,412.66523393910137,417.32929236011296,30015
2016-08-08,443.82440185546875,449.3594209839038,400.2089953134893,431.7521849603836,165245
2016-08-09,438.5235290527344,457.0392267828876,432.7355925326662,445.23861807999737,84985
2016-08-10,438.9449462890625,449.1721477536417,436.6223062987388,444.9482721343023,40300
2016-08-11,432.3235168457031,445.7818479406281,431.4244312644302,445.7818479406281,37550
2016-08-12,440.1249694824219,457.6011015411133,435.1237656839787,436.3974676634726,143060
2016-08-16,434.22479248046875,444.30211455893544,430.44109863047134,444.30211455893544,22380
2016-08-17,432.5575866699219,442.9908305200635,429.12981808011847,438.2799566580009,19995
2016-08-18,435.7045593261719,440.1625747852622,430.8157361337452,435.49851587432937,16295
2016-08-19,443.571533203125,454.40749017471626,432.6887598762338,435.6857497321844,83520
2016-08-22,433.5129089355469,448.994173582803,431.79899599126065,443.5527872278835,45470
2016-08-23,432.4639892578125,441.11775518156423,431.2371035203598,436.9688200974636,32460
2016-08-24,426.3482666015625,439.2071582212995,423.7071726370425,433.2693984434164,25130
2016-08-25,434.13104248046875,443.927407219263,425.1962929906021,429.7385939073348,51340
2016-08-26,427.01324462890625,438.5328692905886,423.31383786526095,437.33407903541934,34190
2016-08-29,432.108154296875,438.47672281602297,426.1329232397394,430.8157026160003,32615
2016-08-30,439.8533630371094,442.8971689531075,432.6887179049652,432.6887179049652,138735
2016-08-31,445.435302734375,452.3564640083651,436.4350149645924,439.8066216548509,39010
2016-09-01,443.8619079589844,451.37310418210296,441.10843146833446,445.81930625936593,15840
2016-09-02,442.6819152832031,449.53748314352333,440.1812983105928,444.2646685503076,14815
2016-09-06,439.947021484375,448.61016134330094,438.0177191104135,442.80350481610526,20925
2016-09-07,436.6597900390625,445.8005842744404,434.37459148021804,438.01780745313727,15565
2016-09-08,447.0743408203125,462.84596839035345,435.49852283563393,437.24050320789496,51890
2016-09-09,445.3416748046875,453.28365000332855,440.22805936056335,447.48636709090425,32395
2016-09-12,433.3630676269531,439.2540111591886,430.8156349033983,435.4984135436526,19915
2016-09-14,445.2479553222656,447.67363119121006,429.3171334846604,433.61592078118315,30680
2016-09-15,439.4881286621094,454.21078513246044,437.7835904606297,445.4914540159675,15480
2016-09-16,438.4297790527344,447.67357828231667,436.4349110451037,443.87116482023896,10440
2016-09-19,444.2926940917969,451.60719218200114,436.4443523668001,436.4443523668001,66240
2016-09-20,451.0546875,452.35651396112235,445.3604400243054,447.67373431349165,23840
2016-09-21,451.3730773925781,455.2410288223366,445.7911842688373,451.0452771476387,35665
2016-09-22,442.4945068359375,452.34706327020245,440.368535522346,451.2325596147679,24230
2016-09-23,444.24591064453125,449.4250634938345,442.4289899591813,442.6350333950896,11720
2016-09-26,435.51715087890625,447.2990383900163,431.0029738204469,443.92743192493657,21805
2016-09-27,437.7273864746094,440.16243689315536,431.2464087681479,435.4983794433575,32680
2016-09-28,435.2924499511719,439.88156814375424,433.62538159284054,438.30816109168336,12430
2016-09-29,413.8171081542969,439.2445876279937,407.4391666417763,435.5920264109085,63280
2016-09-30,416.4489440917969,421.63747170793346,408.3383666816077,413.7703793929703,37855
2016-10-03,427.7062683105469,435.31109634324275,417.7038598709345,417.7038598709345,24960
2016-10-04,437.7273864746094,440.181157716942,428.9424898603392,435.31105687984996,29880
2016-10-05,439.67547607421875,442.9908915955098,437.5588794102026,439.86279866602166,18615
2016-10-06,452.9559020996094,455.71872481247954,439.9003107716094,444.62053185504715,39860
2016-10-07,446.95257568359375,457.03927228466426,444.8640457688843,455.3534831227386,17345
2016-10-10,438.0177917480469,451.6915123740744,435.81687986478437,447.673679921771,21215
2016-10-13,431.04046630859375,439.2447049109802,429.12991290423236,436.43503728894837,19755
2016-10-14,437.31536865234375,441.3051055165582,431.00299169031905,431.00299169031905,39585
2016-10-17,429.36395263671875,445.24792858598505,426.5074407323426,445.2385538833582,33120
2016-10-18,437.9053955078125,440.1812192071526,434.1872678959338,434.44950237263043,23620
2016-10-19,448.8163146972656,451.69154813877407,438.68277310909474,441.93262319027644,26465
2016-10-20,512.4270629882812,537.5548094756994,451.6071378674991,451.6071378674991,1005115
2016-10-21,520.1351318359375,531.0272833316226,503.4738201915114,512.2961622264506,225830
2016-10-24,527.3184204101562,538.7069723176638,520.3504421344476,522.7855218047176,216965
2016-10-25,505.047119140625,531.5890800405504,496.9927044958694,531.0271693930982,210885
2016-10-26,496.1405029296875,519.0018079838223,490.015447738304,504.0544119549985,131110
2016-10-27,498.1260070800781,510.42299124023225,496.3746520317855,497.152009473581,59670
2016-10-28,485.74462890625,502.9397775643344,481.3896221057287,499.56814280053067,66485
2016-11-01,467.4912414550781,487.0090627717769,465.4682773030252,487.0090627717769,69445
2016-11-02,459.5492248535156,468.2779323724787,454.1546825079481,468.2779323724787,52125
2016-11-03,469.13018798828125,486.0724796587558,455.36280574457095,457.24529212398454,105790
2016-11-04,457.5059814453125,483.08493766330605,447.30644679821074,473.6496849745696,71815
2016-11-07,461.0912780761719,476.4801699752095,459.4967183721327,463.27081872837203,32375
2016-11-08,454.4677734375,467.98847622018195,451.9485486077967,467.9507271516864,31835
2016-11-09,465.4410400390625,471.57395476664936,405.7158973634371,434.5877786090522,85450
2016-11-10,469.13018798828125,475.2914068043588,464.21442943004047,472.1400358810005,24000
2016-11-11,440.43756103515625,466.10145852845386,438.40898757163677,462.32735764968095,41750
2016-11-15,434.8990783691406,449.11801052903803,433.3517119612609,449.11801052903803,49290
2016-11-16,437.0880432128906,454.7791404827054,433.8328697976032,443.45683823002395,35875
2016-11-17,439.38079833984375,450.06151027412477,434.021582235005,439.6827333076355,28195
2016-11-18,440.3149108886719,445.3438874568618,429.7002525541598,434.9651104186722,24795
2016-11-21,418.84027099609375,445.3344456902206,407.59343804986094,445.3344456902206,45420
2016-11-22,418.65155029296875,426.47338211129704,411.42414394614417,424.5674716102167,23075
2016-11-23,425.0015563964844,429.30402964278227,417.0382002244171,419.5007875403169,17580
2016-11-24,428.5302734375,437.77683778211014,421.5764972392254,430.24749623216957,47725
2016-11-25,442.5133361816406,452.7033972242581,428.3604576257246,428.3604576257246,274115
2016-11-28,437.5220947265625,452.5147250824552,435.72940247305075,444.07960686826516,192560
2016-11-29,440.55078125,449.1179770503793,437.79567510793277,441.9377643897138,34330
2016-11-30,447.9574279785156,460.3742224876071,439.880854946138,445.343873662096,57300
2016-12-01,445.5137023925781,451.00502572517223,443.50398919808526,451.00502572517223,13515
2016-12-02,433.31396484375,447.04224551658496,431.19103306171746,445.343911608601,24555
2016-12-05,433.2573547363281,435.90865834176157,431.1910321692317,435.90865834176157,10390
2016-12-06,444.4852294921875,447.04217441395633,435.18208596155006,442.89066979266033,16075
2016-12-07,438.5599670410156,447.0422497836314,434.44621079195923,444.58910718070695,13170
2016-12-08,445.1268310546875,446.2873773065832,442.1641771803841,446.277932841365,5165
2016-12-09,448.00457763671875,454.7790806831999,445.3721346467647,451.00498042856754,24095
2016-12-12,441.79620361328125,451.8258804874553,439.7015766446779,451.8258804874553,7900
2016-12-13,441.8434753417969,450.02382365219637,439.8715108998166,442.1359658842753,10330
2016-12-14,445.36285400390625,446.2875192722952,439.31485266587424,439.56962295500034,8970
2016-12-15,449.63690185546875,452.70335861438724,437.85228186376867,444.21163220507447,10110
2016-12-16,456.8833312988281,458.93076536602746,447.4480769582679,447.4480769582679,20475
2016-12-19,466.8752136230469,469.87561728063844,450.06158522663566,450.06158522663566,27600
2016-12-20,470.57373046875,490.44436809328266,465.20506998902675,467.7997641866605,68045
2016-12-21,473.9327697753906,483.8397859083328,469.12081354610547,469.12081354610547,28710
2016-12-22,466.4316711425781,488.1421656123105,462.336775381191,477.2256013352339,16860
2016-12-23,465.21453857421875,471.5738892869216,454.9772842685201,466.1014545767393,16265
2016-12-26,450.0048828125,466.1108638713802,445.72127061229185,466.10141940586254,14940
2016-12-27,455.46795654296875,462.28962570585907,443.45686968539894,452.8921222318968,9955
2016-12-28,467.9885559082031,472.1589504669537,457.6097774505615,458.6854101300705,29795
2016-12-29,469.8944091796875,472.7061246382234,462.3650965208621,467.74317287800824,6865
2016-12-30,476.7915344238281,483.0943040851989,469.8943681261421,469.8943681261421,25000
2017-01-02,475.1687316894531,486.2929311113259,472.7061446373631,477.4426309702468,31160
2017-01-03,479.96185302734375,484.0284444776136,476.480242614415,476.480242614415,32975
2017-01-04,487.594970703125,514.9949212289371,478.37671125608256,479.8769128386528,140280
2017-01-05,486.3306579589844,494.3883428754077,484.87764980336374,494.3883428754077,17610
2017-01-06,492.614501953125,500.97417929878435,488.3214736533044,493.0108240151713,41705
2017-01-09,510.9471435546875,514.7872397973973,495.91673896042244,499.8795556538268,71290
2017-01-10,528.2703247070312,537.8093504169411,509.8904151152578,511.95673755459853,175855
2017-01-11,536.0921630859375,556.6798907000394,528.393022478797,532.7709358182794,154780
2017-01-12,534.0919799804688,544.1311039516287,532.3747568600162,536.8659469307046,41395
2017-01-13,524.3075561523438,538.1868335148043,522.7129961529696,534.0352993187379,20985
2017-01-16,535.007080078125,541.5457022936538,517.0423248145756,523.6564451649153,76970
2017-01-17,541.9515380859375,544.4141254213507,534.9788719478438,534.9788719478438,35880
2017-01-18,540.2153930664062,548.1881932815168,537.809415095464,548.1881932815168,37895
2017-01-19,533.5635375976562,542.3383110484634,528.3741486378206,538.2151102456145,30315
2017-01-20,539.0170288085938,563.7939487348592,532.3651310046944,539.4321245540876,169400
2017-01-23,517.1839599609375,550.9998736918521,511.39070092996934,545.2632814622764,182705
2017-01-24,505.7672424316406,525.5435519401755,503.84247169848055,513.2777239774783,87265
2017-01-25,513.1926879882812,515.5421137523493,500.087168724456,509.5035303572797,53260
2017-01-27,510.1829528808594,520.4107920768843,505.54082470874306,508.0977989048023,38470
2017-01-30,509.0977783203125,517.8819935452325,506.1539850016154,512.3340620781047,21800
2017-01-31,502.2950744628906,510.4377017536416,500.06836875526386,510.4377017536416,29355
2017-02-01,507.0127258300781,513.25885851737,490.65202987947583,502.17243658253636,43325
2017-02-02,510.551025390625,517.0519293453556,507.6166751602214,511.9002598285126,26620
2017-02-03,505.86163330078125,512.7021912543515,503.8896402208706,507.81473744776514,16720
2017-02-06,506.6446838378906,513.2776934377059,501.9931116516962,509.5035927506639,16690
2017-02-07,505.7766418457031,509.5035776815704,504.40851886947286,509.3054166696072,24880
2017-02-08,503.1632385253906,509.31498479699036,500.06844765979264,506.7108455535527,18665
2017-02-09,500.70989990234375,507.40896275550614,499.16250489633074,504.2386746097666,14035
2017-02-10,495.6242980957031,507.22970334229814,494.6053324120463,496.55843635469466,12660
2017-02-13,487.3119201660156,505.62577817462017,483.575596898492,491.31245815535493,28450
2017-02-14,480.009033203125,488.01955347386064,464.95037806427337,488.01955347386064,62100
2017-02-15,474.7252502441406,480.41470565641544,465.36546823555403,478.131362160315,49245
2017-02-16,487.9534606933594,488.9442082109315,475.5366945630249,475.5366945630249,20590
2017-02-17,491.07659912109375,503.6538078500877,485.74571557842995,490.6331698599101,32115
2017-02-20,488.86871337890625,496.2093094424278,487.4723145199995,490.63310088464635,13505
2017-02-21,494.5108947753906,497.5962400836788,485.3964682299698,493.4541513378983,15040
2017-02-22,483.44342041015625,501.32323349981164,477.44258549009834,490.8217939852872,33275
2017-02-23,477.56524658203125,488.5478643014768,474.0742208205372,483.3018667966179,22330
2017-02-27,469.8377685546875,486.0286633401033,465.15789194352715,486.0286633401033,145520
2017-02-28,478.6502685546875,483.0848480130728,471.9512634241618,477.42369745041964,25990
2017-03-01,473.9516296386719,484.0190283382051,469.9888119109282,480.2543716527232,49195
2017-03-02,471.37567138671875,481.3015444439259,468.9319449878486,473.9515051123868,11540
2017-03-03,473.66851806640625,477.2350422273269,466.1014562080161,471.4040633092368,25020
2017-03-06,474.0082092285156,477.4237659509896,467.9885136594681,477.4237659509896,21755
2017-03-07,472.4797058105469,477.98044526023403,469.8850114147481,469.8850114147481,8870
2017-03-08,473.5647277832031,479.1220761349518,469.3566135317857,472.00791699096675,26140
2017-03-09,484.97198486328125,488.5573693426826,468.7433388327042,469.71516870119126,34305
2017-03-10,484.6511535644531,490.2556958412818,480.2543512474445,484.97197748759623,10035
2017-03-14,489.1517028808594,494.4071445146238,483.4811079061883,487.4250358507017,17720
2017-03-15,497.4831848144531,500.25715164452464,486.8968004509574,490.44446497792967,36925
2017-03-16,504.9465026855469,508.1827880923903,494.40733945581917,498.1814412837262,37285
2017-03-17,515.7780151367188,517.2404675132652,501.2005409318614,509.50355023283015,40000
2017-03-20,532.0255737304688,535.922337587945,515.1647822588344,516.4857406332438,54230
2017-03-21,541.3099365234375,544.9802062813967,532.7615993574212,532.7804307039897,75770
2017-03-22,547.2634887695312,551.0187005263996,530.2611467394462,537.9980646685882,47515
2017-03-23,538.1207885742188,556.6799146901203,530.0158810876286,546.6785697665659,57480
2017-03-24,558.8782958984375,568.9456936227522,528.3835546298304,533.0917361473549,253990
2017-03-27,559.104736328125,564.2280712686921,547.8201541709961,564.0393547104925,37410
2017-03-28,561.6144409179688,575.1728923376666,556.6798229495395,561.1992875600376,96465
2017-03-29,559.689697265625,565.9263848111331,552.9057489974354,559.6991417314274,35230
2017-03-30,565.8792724609375,571.3988721749593,556.8686177809942,556.8686177809942,51175
2017-03-31,574.276611328125,584.985598852481,566.4925287627493,568.1908625320992,121405
2017-04-03,591.9393920898438,594.7983010494148,574.2294058977766,574.2294058977766,60260
2017-04-05,600.46875,607.6301304476548,586.4951463533264,586.4951463533264,183690
2017-04-06,596.9212646484375,607.63025306073,593.4868189621411,598.1950006840106,46445
2017-04-07,586.9954223632812,595.9305796600199,584.9857087889329,589.8920520577092,33960
2017-04-10,570.4175415039062,592.9960906064751,566.2093987571652,590.835438823806,63135
2017-04-11,597.1665649414062,606.6867604401599,577.6828022889077,581.2115776534035,173745
2017-04-12,591.703369140625,603.4785422297699,588.7595758683387,597.251300520286,40550
2017-04-13,587.8160400390625,596.6851975468389,581.3056948909934,594.4018257191437,37210
2017-04-17,587.8728637695312,594.4303760402439,586.1179205546291,587.816254555767,30790
2017-04-18,595.4869995117188,605.7431127165455,588.0048523976266,588.0048523976266,69950
2017-04-19,593.6280517578125,601.8838939515238,589.070868330377,601.8838939515238,24965
2017-04-20,599.2988891601562,602.5351737071765,590.863771512316,594.4208799682895,36370
2017-04-21,597.525146484375,604.7997476441146,595.5532107578387,600.4595540816433,26025
2017-04-24,603.2993774414062,610.8381915967863,599.308284573655,603.837193675562,65645
2017-04-25,606.6961059570312,610.4607620296237,601.3934993081269,607.630186626086,32450
2017-04-26,601.497314453125,611.4043290441176,598.2987502068631,606.6867030484068,35055
2017-04-27,593.335693359375,608.5736456620051,591.4014785613447,601.9689704377663,43370
2017-04-28,592.64697265625,601.9690051168396,586.683887199681,601.9690051168396,49025
2017-05-02,566.5208129882812,598.1855155059743,557.812094065498,592.6281384131423,202955
2017-05-03,571.134765625,582.3438512694049,566.5209128919905,566.5209128919905,103205
2017-05-04,579.9754638671875,590.6467307729926,576.9467274712468,584.9855799988105,63575
2017-05-05,573.4557495117188,581.2209431519799,571.7668026185003,581.2114986862649,31150
2017-05-08,580.6171264648438,581.211551977332,575.5504004970333,575.5504004970333,23825
2017-05-09,579.89990234375,585.9384855447527,576.2862429580767,581.0226994280921,18780
2017-05-10,576.58837890625,583.4383828807905,573.6634730493469,578.9471925289859,30740
2017-05-11,574.4747924804688,583.0891829587179,565.0584285434728,578.8904839134952,33610
2017-05-12,568.66259765625,581.2114701532826,565.9263517907018,574.4746870189736,27055
2017-05-15,561.4918212890625,572.4839128613622,559.1330082982864,568.7569768182944,26745
2017-05-16,567.9266967773438,573.474629799911,561.3975182361698,573.474629799911,28545
2017-05-17,564.7659912109375,574.6069539718227,564.2281748360426,568.0022763399627,21920
2017-05-18,565.2659301757812,571.5875605993053,560.4539746409155,566.3038424595229,34630
2017-05-19,559.5010375976562,568.94573471306,554.7928557400983,567.7379947316922,21280
2017-05-22,558.8311767578125,566.3982102930163,552.0660590817685,565.9170031893079,26015
2017-05-23,545.6596069335938,565.5396936831702,533.6579341043806,561.3976034266313,28275
2017-05-24,545.140625,558.5669714427693,537.9981316471478,541.5835162299824,30270
2017-05-25,550.9242553710938,566.1149844176908,548.7541018602706,550.452492884079,52280
2017-05-26,555.9533081054688,561.0200335757776,541.9608715340926,541.9608715340926,66325
2017-05-29,560.0104370117188,562.3409161864654,545.3574656976125,555.9532333243792,24260
2017-05-30,551.1602783203125,561.4163928178492,549.6977681639937,560.435089736117,17025
2017-05-31,549.81103515625,555.5476851047683,547.244673982674,552.5944463088048,11290
2017-06-01,548.6316528320312,555.7269818303112,545.7350807104524,552.9058502725572,17115
2017-06-02,575.4937744140625,588.5615756626935,545.5557376416676,552.8491691567375,183620
2017-06-05,578.6451416015625,587.8161785751962,575.9655047905953,581.0793950669853,35165
2017-06-06,584.457275390625,587.6275063672923,572.0310641380847,572.0310641380847,42310
2017-06-07,589.8447875976562,591.4015695872067,573.6727522382973,574.0501277562762,24010
2017-06-08,599.2988891601562,603.8372430989256,589.8919704956966,589.8919704956966,63090
2017-06-09,601.48779296875,604.2806479323509,596.515397377741,600.8462028260715,16720
2017-06-12,606.6017456054688,610.8759422953847,590.8826415110282,601.9690623297979,32365
2017-06-13,606.885009765625,615.735282865302,599.1386452892591,607.4416575173557,48180
2017-06-14,605.9508056640625,614.4237022297535,601.969156440919,614.4237022297535,32060
2017-06-15,602.4691162109375,607.1300749702843,586.7971203647147,603.8655149456988,76960
2017-06-16,596.841552734375,606.1353736933609,592.1141228294875,603.1037378197449,14595
2017-06-19,590.9203491210938,605.9363963849536,588.3245303324397,605.9363963849536,13235
2017-06-20,592.84375,602.582815062151,589.6984321824547,591.3563520733392,10670
2017-06-21,583.5214233398438,597.9500434529108,580.830888835255,597.9500434529108,45090
2017-06-22,574.8341064453125,587.377447854153,571.2814202687753,579.8173501740556,38965
2017-06-23,564.090576171875,576.4728746732702,561.4095248345861,570.3243703641516,32535
2017-06-27,575.8001708984375,587.348708209018,546.9428787664208,558.9556820797384,178420
2017-06-28,581.3329467773438,585.4256468325435,573.5454890196178,573.5454890196178,33915
2017-06-29,578.566650390625,591.166829257177,574.6918295449132,583.0477522434444,35280
2017-06-30,575.1466674804688,577.9035260722724,569.4244381823819,574.1329609139291,16200
2017-07-03,573.1285400390625,590.977194020812,568.4295020059698,584.724492628202,26505
2017-07-04,572.4370727539062,577.9034898417165,570.3244276798579,573.54555222811,12435
2017-07-05,574.4740600585938,579.3151729055112,569.8508267798564,573.6688077054945,11565
2017-07-06,574.9379272460938,581.1243618021086,571.8399684304036,574.7010816564815,41635
2017-07-07,573.6687622070312,585.283627321312,572.0297505641815,579.6088133283937,46435
2017-07-10,575.8477172851562,586.9415331313076,572.2287079637742,585.4825844009356,11565
2017-07-11,597.4575805664062,601.5786731528733,574.6067090846435,584.3457754668646,68010
2017-07-12,617.5987548828125,624.3251483746898,597.7984349384359,600.8300708958799,73675
2017-07-13,628.1621704101562,652.5572781484163,619.7778555402565,624.7042577938796,167045
2017-07-14,613.3923950195312,635.5800806233599,611.0902621052302,631.7147431978384,60265
2017-07-17,625.10205078125,631.8095363883862,617.9871975579943,621.4830419820895,72075
2017-07-18,622.6388549804688,627.1673722210438,615.4198031466566,627.1673722210438,56865
2017-07-19,636.1675415039062,648.7677210069365,629.8674228405628,629.9148382388405,93119
2017-07-20,638.2991943359375,648.0572261131872,635.6938915019133,637.5886571993855,56572
2017-07-21,631.4779052734375,644.2202137123303,629.0147334681147,643.1781159078436,30454
2017-07-24,614.1883544921875,634.6518608921245,611.5356937987697,634.6518608921245,47153
2017-07-25,592.9196166992188,615.846296449387,588.3248323617705,615.7989388649771,60161
2017-07-26,628.1621704101562,662.2205945259734,602.7723222706018,607.272390688339,512339
2017-07-27,634.9832763671875,648.9571716695613,620.5356896986316,633.6569174124162,127724
2017-07-28,646.6832885742188,653.6939423901782,626.2198491592867,630.9567617853025,102627
2017-07-31,665.346923828125,667.9048689334526,648.909855502275,648.909855502275,131788
2017-08-01,703.0053100585938,714.0423414717433,661.273114336069,665.06264507725,329453
2017-08-02,717.0267333984375,757.1484343923739,707.2213433944371,707.3634739606196,385782
2017-08-03,689.9789428710938,724.3689299964897,682.6840830993643,721.8584000480192,200658
2017-08-04,698.6947631835938,723.8004055217161,689.6946272510593,693.342027631099,120688
2017-08-07,700.6368408203125,714.7055081396361,697.5578471481451,701.063174585804,45872
2017-08-08,686.4735107421875,706.4633212639974,673.4944134542685,706.3685482957407,57358
2017-08-09,651.1362915039062,684.5788981529413,643.2730245651189,684.5788981529413,80229
2017-08-10,619.6358032226562,646.6835747206552,614.8515309181496,645.5467614463033,94506
2017-08-11,644.5045166015625,656.5362899003995,587.377344499636,592.1142585681814,117854
2017-08-14,662.220458984375,680.2207289710748,653.7413728732791,653.7413728732791,51043
2017-08-16,666.3890991210938,680.3629957245577,662.504794862546,662.504794862546,38255
2017-08-17,655.7783813476562,681.168228653457,652.8414599930647,671.315424469758,46890
2017-08-18,644.5518798828125,657.862654792173,643.2729362024478,653.6941472454919,31070
2017-08-21,637.4463500976562,654.5466520402298,631.9041850969533,649.2412748624706,23605
2017-08-22,622.998779296875,644.1254576940322,617.788174957847,642.2306924798403,40205
2017-08-23,629.725341796875,634.7464589371692,622.5726134138813,627.7358032761621,36756
2017-08-24,627.4988403320312,634.6516252021561,624.7988230585826,631.9041925399159,26236
2017-08-28,626.0303955078125,634.7463267835996,622.4303532788432,634.6989692194638,30702
2017-08-29,624.0884399414062,632.7570159747999,619.6830866476503,630.956965466378,57513
2017-08-30,626.9305419921875,631.9043014866476,625.2726221607007,630.5779424919963,41500
2017-08-31,624.5147705078125,631.7148568564548,623.3778995518009,630.7674740303883,19756
2017-09-01,629.1567993164062,634.746380121563,625.3672686888148,634.746380121563,64763
2017-09-04,628.2569580078125,633.7991245323308,623.3779132171504,630.0095931449924,116416
2017-09-05,638.9149780273438,652.5098979625083,623.6620803825923,626.3621560338726,41667
2017-09-06,638.6306762695312,641.7096701473636,630.0568741129135,630.0568741129135,44802
2017-09-07,638.3938598632812,642.2308063613103,629.8674148874933,638.4886328349834,68108
2017-09-08,632.1885986328125,642.7519411144473,630.0096295240036,640.4308414409419,22180
2017-09-11,631.5253295898438,646.1150473365835,628.2569053013908,634.7464541283152,23557
2017-09-12,633.7991333007812,639.4834304604295,630.2464475760011,639.4834304604295,26423
2017-09-13,617.3145751953125,636.7833369170567,612.9566376858945,634.7464408802927,39058
2017-09-14,623.5198974609375,651.1360662716688,620.5356190642235,621.9566930010118,33383
2017-09-15,617.7882080078125,625.272554133721,614.851344898159,623.5199193462904,32263
2017-09-18,621.3410034179688,625.2726652760621,617.7409602432323,617.7883178198093,28222
2017-09-19,623.9463500976562,627.1674750627914,617.6936461343504,620.8673556959129,41981
2017-09-20,618.2146606445312,625.2726743668894,617.1725626500503,624.3252915269396,21720
2017-09-21,614.2828369140625,622.4303032950135,611.1090708408254,621.4829207938034,21867
2017-09-22,611.9619140625,615.7988027301645,601.6827762765801,615.2777537695085,60313
2017-09-25,609.1197509765625,613.8566647288903,582.6403915363193,608.2197257988894,38260
2017-09-26,625.6516723632812,628.114844703241,601.5881242632852,603.4828900089963,34917
2017-09-27,625.5567016601562,632.8515590401682,613.2407282057817,625.6514746116836,40965
2017-09-28,631.09912109375,634.7465220086636,616.7936050826415,621.2463161301212,59625
2017-09-29,661.4153442382812,671.6944247885866,632.8517288558193,635.7412349153543,133241
2017-10-03,655.2098999023438,670.4627971772369,648.9571967564879,670.4627971772369,27095
2017-10-04,658.2888793945312,668.5206593330388,652.0835339591439,661.1310276388602,23345
2017-10-05,708.594970703125,736.1164292406336,658.7152435845769,662.8363934231684,191735
2017-10-06,716.0792236328125,743.695453738685,705.2790950497805,714.8949952032923,127519
2017-10-09,706.6055908203125,724.7479984870711,701.0634233731145,717.168934450605,45824
2017-10-10,701.3475341796875,713.8529997547216,696.3737740619539,709.5897767966642,30384
2017-10-11,683.1577758789062,715.1793636805944,664.2101181612978,701.5843845740129,32871
2017-10-12,684.436767578125,689.4578852359977,667.9996400514381,684.0577912997845,60685
2017-10-13,680.410400390625,700.7791324426393,672.6418491595429,688.6526430647772,30992
2017-10-16,669.9891357421875,688.652588690256,664.1153507471672,688.652588690256,45857
2017-10-17,667.6207885742188,674.2524693448536,664.1154600307211,674.2524693448536,23989
2017-10-18,669.894287109375,684.957695237842,663.1678930380214,671.6469798065949,50553
2017-10-19,676.14697265625,686.7102539438066,672.4521573896799,674.5364106727798,13199
2017-10-23,674.3470458984375,685.9051272876286,671.8838738194082,684.8630293673444,19640
2017-10-24,672.9259643554688,689.6472932360099,666.7679764018135,673.5891438536703,40015
2017-10-25,660.4678955078125,681.6418764630621,658.9046908687417,670.7469750324502,43116
2017-10-26,687.7526245117188,696.5632738746078,661.7469524670704,663.1680268102352,98732
2017-10-27,695.8053588867188,720.0109795965822,689.6947278240945,701.0159646601151,110891
2017-10-30,703.1474609375,728.5373060733762,698.6473930521313,715.2739480954474,140104
2017-10-31,703.1948852539062,710.1107681483913,699.0737931919182,709.589719171675,74096
2017-11-01,696.2788696289062,707.1737697823017,686.9471161076797,703.4315968605367,47432
2017-11-02,695.0947265625,705.8001399391279,686.8524851756614,693.768367599596,41470
2017-11-03,692.015869140625,700.1159815847549,688.9368746343321,696.2790923031844,26810
2017-11-06,687.7998657226562,698.1737182373361,683.1576671909346,695.3789276038976,26768
2017-11-07,672.3574829101562,694.8104634348501,664.1152422335409,682.1628702758711,53826
2017-11-08,674.0234985351562,688.2550636854305,663.5997069045801,674.9278563664872,51789
2017-11-09,668.0261840820312,681.3533897495032,661.6005670637859,678.7355457791069,56843
2017-11-10,664.1708984375,672.9287890298349,661.6006397275087,672.0720167591671,45126
2017-11-13,651.27197265625,671.1199654138587,642.4664979327348,666.3602493470938,46934
2017-11-14,656.1268920898438,663.5044523563599,643.5136438922515,648.8445029085449,27767
2017-11-15,659.982421875,681.4011507854956,647.3215848505334,656.1270622915149,53800
2017-11-16,647.5595092773438,671.1201088431126,641.6098629223516,657.7929010079303,29763
2017-11-17,653.3663330078125,661.6006667047275,649.3205735351577,652.1764037511493,20315
2017-11-20,648.035400390625,665.4083655865544,643.7516555477931,653.3662596209015,21772
2017-11-21,663.2188720703125,675.8797056400706,649.7012663371102,653.0330677029415,71538
2017-11-22,670.0730590820312,673.0240607184893,657.1741780562342,664.4565691393288,17027
2017-11-23,673.8805541992188,681.5436846528628,660.648521662867,675.8796114994749,28079
2017-11-24,666.1697998046875,678.6402898383196,661.6004843390049,678.6402898383196,17608
2017-11-27,670.5011596679688,673.9757755368902,664.0755431639094,673.4998039439969,18234
2017-11-28,650.7484130859375,671.6435800272459,647.3690260097915,669.0257359665401,38514
2017-11-29,663.4093627929688,670.9772661598873,648.2734398551061,654.93704349532,104105
2017-11-30,659.1732177734375,664.4564920136013,652.7000142853983,663.4093775162767,9046
2017-12-01,663.2664794921875,671.1200115421489,652.4143028732565,657.3168339997926,41174
2017-12-04,666.7410888671875,670.1680613948816,651.7479823800151,666.3602883187743,41555
2017-12-05,663.0762329101562,666.7412502441882,628.2827096262577,666.7412502441882,39218
2017-12-06,660.60107421875,673.0239228431907,655.8889431951321,666.3603196467235,24486
2017-12-07,662.98095703125,666.5031590429511,655.8889674608,655.8889674608,18507
2017-12-08,662.5525512695312,667.312267873479,660.6486646279521,664.7420092869453,12420
2017-12-11,665.5986938476562,671.1199527606055,660.6485776111493,663.5995782761045,18570
2017-12-12,663.8375854492188,666.312672698166,657.4596123162477,666.312672698166,10250
2017-12-13,659.7918701171875,664.8848015726284,655.888925874557,663.3616574495962,9645
2017-12-14,659.2683715820312,665.3132468639094,654.4610691670972,662.0766161537689,23265
2017-12-15,663.2664794921875,669.2161249845825,660.6962210190716,669.2161249845825,20282
2017-12-18,673.2142944335938,677.7836105245942,643.513652689081,663.5044614264638,46923
2017-12-19,696.3465576171875,701.5822460203243,673.2143459291855,673.2143459291855,49908
2017-12-20,714.9569702148438,719.6691009485987,693.3954903452457,696.8224628232464,64103
2017-12-21,739.2791748046875,745.1812351346982,714.9570340814605,714.9570340814605,66756
2017-12-22,775.1675415039062,785.3533480628214,744.0389789966491,761.5547617578875,177821
2017-12-26,827.6671752929688,837.710166233663,775.7862615887249,778.8800775435651,275585
2017-12-27,786.2577514648438,827.6672940318673,780.5936759760766,826.2869643258957,76999
2017-12-28,782.3544921875,801.0126136854287,779.7842920405725,787.7329944842961,37248
2017-12-29,790.5413818359375,792.0644679844335,778.6896752800382,781.5930909329903,65381
2018-01-01,787.257080078125,806.3911164619542,780.5934772237757,794.6822259239988,29950
2018-01-02,771.0740966796875,792.0168499228396,762.0306350519628,792.0168499228396,44097
2018-01-03,774.6915283203125,785.3057204851032,768.6467109631536,771.121740565609,17596
2018-01-04,784.8773193359375,799.5372706759222,774.5011132197391,781.6883322434797,31039
2018-01-05,783.5444946289062,790.1129265360935,776.0717630825907,790.1129265360935,17273
2018-01-08,799.2515869140625,806.3911618022968,790.1129542979263,792.0168409347888,34156
2018-01-09,793.6351928710938,806.3911990663329,773.3111672221905,804.3921412460528,15235
2018-01-10,781.878662109375,799.9655861023784,763.3157664323451,797.7285424282593,18568
2018-01-11,782.0214233398438,790.0177703250837,775.3578202194799,782.4973949912983,13238
2018-01-12,802.1551513671875,818.6713465717531,777.5949644884223,785.8292983662584,37722
2018-01-15,793.6351928710938,813.6260034819423,790.1129908097323,807.2479713333169,27689
2018-01-16,781.9737548828125,800.5842328610245,775.833709609673,792.968687245224,36410
2018-01-17,774.7391967773438,788.3996209083975,766.3145200154971,787.2572770842436,19527
2018-01-18,750.274169921875,790.1129756331773,737.7560917056776,790.1129756331773,35467
2018-01-19,752.5587768554688,766.3143693922913,746.0379883815679,761.507067266816,26502
2018-01-22,756.7950439453125,761.9831473764102,748.4179531924849,753.939213590802,9422
2018-01-23,791.1600341796875,797.728466031008,752.9871320173357,762.5065647862021,56677
2018-01-24,788.30419921875,791.5408295799033,776.8332944273199,786.3051415911006,21257
2018-01-25,786.9240112304688,794.5871437500491,780.0700073357959,788.3042826374271,11785
2018-01-29,774.78662109375,798.4899727499802,768.0277892737616,785.3531677462618,22303
2018-01-30,770.59814453125,796.7765867481857,733.186782365268,764.4105127345198,78571
2018-01-31,756.652099609375,780.5934965555085,748.2274247471094,780.4983254674632,33783
2018-02-01,756.0811157226562,776.7858865970255,746.3236949657696,756.3191015947755,49147
2018-02-02,745.1337890625,752.0353795712232,713.0532808705132,751.3214219323897,72890
2018-02-05,752.5587768554688,754.938635145507,706.8654976867359,726.5707359486538,52457
2018-02-06,747.22802734375,752.0353301757357,676.8317971581622,729.9978159304119,87443
2018-02-07,763.9821166992188,775.3578512445719,743.943720991569,752.0828249367177,40159
2018-02-08,770.21728515625,774.8818304723778,764.4104543849134,767.6946703236558,37766
2018-02-09,771.0740966796875,773.8347555752706,743.5629112240157,743.5629112240157,40205
2018-02-12,786.0195922851562,803.392557462741,774.0250718766875,785.3532203565734,59148
2018-02-14,764.2200927734375,790.1129629383242,761.5546630730837,790.1129629383242,26627
2018-02-15,755.6525268554688,770.9788477704145,752.0351541898929,761.5545865214104,13081
2018-02-16,739.4695434570312,768.6942143731038,737.756057138273,755.6525795490966,17936
2018-02-19,728.1416015625,752.5113317600961,721.5731682152472,739.5172798304517,10992
2018-02-20,727.141845703125,735.852149890235,723.4768873435687,732.0443767989531,11617
2018-02-21,708.10302734375,731.949254395558,704.4380687404316,728.2366521438246,32579
2018-02-22,709.38818359375,725.3332344264843,693.9666899739274,700.6302933070103,32930
2018-02-23,724.19091796875,745.3716579290585,712.0536400139665,712.0536400139665,304256
2018-02-26,766.790283203125,784.4012332208256,729.9500680321829,732.6631411393557,182029
2018-02-27,772.4544677734375,799.6324396679393,769.170251490113,770.9789671539766,97367
2018-02-28,771.169189453125,778.6895642311221,762.5541148188905,768.8845605561921,81776
2018-03-01,769.3604736328125,779.3558768141171,766.3618294376214,775.8336755012575,55997
2018-03-05,770.264892578125,773.7394505279974,763.4584752005602,769.1701346160257,21192
2018-03-06,780.8790283203125,797.7284352923538,763.2680783765076,774.8817975274177,75909
2018-03-07,766.4095458984375,788.0662564908083,759.9839284699319,788.0662564908083,44449
2018-03-08,771.5977172851562,780.5935941059263,761.8402973588321,772.5496606926025,2004096
2018-03-09,762.7445678710938,780.5935047167512,756.7949222558747,780.545919172231,257726
2018-03-12,751.1309204101562,771.1217316041766,746.989989903629,761.649883251369,38234
2018-03-13,750.5597534179688,760.4123439479863,737.9940894521699,750.9881395501459,34070
2018-03-14,750.9880981445312,760.6027023045742,742.515779471299,760.6027023045742,37783
2018-03-15,752.3683471679688,764.3152817986602,748.5129885091831,758.6987932128688,10150
2018-03-16,743.9437255859375,759.650790809441,737.756093831224,759.650790809441,10950
2018-03-19,724.19091796875,739.5171829688874,721.0971020194914,731.0925073940191,19583
2018-03-20,712.10107421875,723.7147924727142,709.197659180759,715.0521328966753,34875
2018-03-21,732.329833984375,756.6996128303417,716.7180016053312,716.8131726769728,50473
2018-03-22,726.0948486328125,745.3717030212943,718.717287076727,735.8522687553774,23453
2018-03-23,705.8184204101562,721.5730714985951,699.6783740784531,713.9575245698501,42968
2018-03-26,716.289794921875,720.6211256019865,689.492566019649,711.1016919744834,40705
2018-03-27,736.2330322265625,748.2750811042607,723.4769677129243,732.9964014986206,26352
2018-03-28,735.7093505859375,742.7061686490914,726.3327323928356,733.9482787350934,73031
2018-04-02,740.8499755859375,744.419763454164,728.4271254249126,744.419763454164,31386
2018-04-03,749.5601806640625,753.9390966208043,740.8498761933598,740.8498761933598,21182
2018-04-04,756.9853515625,767.2663279594202,725.2856501294917,759.6507812799223,59776
2018-04-05,765.5052490234375,771.1692653328597,757.6517165820936,765.3624342837002,46039
2018-04-06,767.4567260742188,776.738173563582,757.7468924649443,757.8420635573646,15084
2018-04-09,753.2727661132812,780.5935520556305,748.2274779460068,780.5935520556305,44292
2018-04-10,742.6585083007812,763.6964297114265,739.6598639897518,761.554557518406,21298
2018-04-11,740.5643920898438,750.8929549125295,731.0925434803399,743.4678078882102,14924
2018-04-12,740.5169067382812,752.7017724912764,739.6601343071549,739.9457057501894,9314
2018-04-13,736.4708862304688,747.9417902683446,733.9482134880551,738.7079295288337,11528
2018-04-16,729.0457763671875,739.6599677422594,728.0462474906404,739.6599677422594,27140
2018-04-17,721.9061279296875,741.944579477736,718.717141338062,741.944579477736,26031
2018-04-18,714.2905883789062,733.9482395665955,711.101601759075,726.7610797100473,36544
2018-04-19,723.5244750976562,730.6164641222408,714.9094000727073,730.6164641222408,149037
2018-04-20,725.3331909179688,737.7560390519257,717.0988583380705,723.5244754523936,117925
2018-04-23,737.4705200195312,748.2274681834458,725.3332423867845,729.1410157617639,27914
2018-04-24,741.0404052734375,747.2756233767507,737.7561886840532,742.5159060304019,14318
2018-04-25,726.1423950195312,745.8476345075879,718.8124194097114,745.8476345075879,86664
2018-04-26,719.8119506835938,731.0924555657781,717.3844487831166,731.0924555657781,14762
2018-04-27,726.0948486328125,730.1406081958272,720.5735883789839,726.3328344894604,26596
2018-04-30,734.900146484375,745.3715216285824,728.2365441198793,728.2365441198793,14186
2018-05-02,729.0457763671875,752.1304021300572,723.5245166711093,747.0851140991928,12951
2018-05-03,718.7172241210938,733.3771748472819,717.765280777887,729.2837719898844,17055
2018-05-04,727.189453125,740.6118293623596,719.7642494852655,725.1903374904547,30322
2018-05-07,729.3314208984375,742.325412765713,721.5730593545466,733.3295364871309,18295
2018-05-08,733.3295288085938,742.0398336113528,728.1890696332364,738.7080319209875,31794
2018-05-09,723.762451171875,741.5638018087375,720.5258789391764,735.8521422312633,60170
2018-05-10,712.9102783203125,722.5248812997056,704.3427896092488,706.4370181459077,53114
2018-05-11,730.997314453125,734.4242872383194,706.3895442385674,718.5744073772715,29414
2018-05-14,721.1447143554688,731.0925345514744,715.861440081652,731.0925345514744,41522
2018-05-15,709.0074462890625,726.3328281215389,705.7708735282359,709.9593897073082,15462
2018-05-16,701.4868774414062,708.4360502906294,693.9665038841682,707.5792782796042,20774
2018-05-17,701.2014770507812,712.7200269181368,696.9177318005611,701.4871065490734,11851
2018-05-18,681.3534545898438,709.1977976520204,676.4985667326278,701.2014502497703,89931
2018-05-21,666.5982666015625,694.7281782629553,640.4674125417285,681.5913729192699,60473
2018-05-22,663.6473388671875,673.9759011166592,660.8866798732213,662.5525807587497,57175
2018-05-23,656.7457275390625,670.1681052702913,652.5095680941537,658.7447852940932,81347
2018-05-24,643.3233032226562,665.8367866529225,633.0423266804289,654.6990378563384,26557
2018-05-25,661.6957397460938,666.3602849817685,637.4211865074722,644.4655899037961,27435
2018-05-28,664.1708984375,667.3122999265951,657.7928662614511,666.1699562663754,39107
2018-05-29,666.217529296875,671.0248896890579,653.7946802176748,653.7946802176748,67354
2018-05-30,663.17138671875,666.3603738384571,656.9361110247935,656.9361110247935,35398
2018-05-31,655.7938842773438,666.4556047337592,650.7485373696965,656.8409988608071,17248
2018-06-01,647.3214721679688,670.929655414869,637.8020387537339,655.793791147442,42667
2018-06-04,652.4619140625,666.2650909182261,620.6669868919571,649.2252838348386,37251
2018-06-05,638.896728515625,665.4083244984004,633.0422543511248,654.8893633209367,50558
2018-06-06,650.8912963867188,656.8409426059758,637.8020747043533,637.8020747043533,21769
2018-06-07,656.7933959960938,661.6006988058624,652.0812642906701,652.8903929836546,96286
2018-06-08,653.7947387695312,656.8409693783558,652.0812522089475,656.793383827065,60237
2018-06-11,634.27978515625,652.7950932606761,626.6642390445687,652.7950932606761,36648
2018-06-12,643.5613403320312,647.0835426220949,637.8020942358273,643.9421409425305,12212
2018-06-13,647.4166870117188,649.606203326562,638.4208683089659,642.561798883185,68540
2018-06-14,648.8921508789062,652.0811375810183,642.6092904585279,647.4165923341619,152154
2018-06-15,648.6066284179688,652.0812451548557,644.6560980713057,648.4162862148645,16452
2018-06-18,646.7504272460938,650.7485434033099,637.9925355596778,647.3691556504156,7530
2018-06-19,633.0899047851562,651.7003854070348,628.8537453142095,646.6075117938133,58290
2018-06-20,635.517333984375,645.7983682701043,632.0903612904712,633.0898901510258,58860
2018-06-21,627.4258422851562,640.610292618271,625.6171847711555,637.8020480995201,27878
2018-06-22,629.3296508789062,633.9941959820383,625.5695215735291,627.7589793987119,22268
2018-06-25,625.5696411132812,635.5174033614375,619.9531516996872,627.2831276472881,25869
2018-06-26,617.6207885742188,628.2349793892663,609.3388704160658,625.6171353687126,42596
2018-06-27,616.7164916992188,623.2849242216263,609.2437594529833,618.0016501155225,51083
2018-06-28,607.9585571289062,617.6683314343684,604.4839411554791,614.0509588399802,33815
2018-06-29,599.8671875,611.0048793693068,595.8690133946508,606.9591197119212,41680
2018-07-02,597.5349731445312,605.0077067110575,592.6324406606932,599.1532887869065,24703
2018-07-03,599.2483520507812,605.4359839623461,593.1083056873645,593.1083056873645,68148
2018-07-04,619.8101196289062,623.5227209025592,598.7722006835263,599.9621295402105,33062
2018-07-05,602.9132690429688,630.1864679748277,598.7723389065961,619.8102627084569,38071
2018-07-06,610.0528564453125,615.8121600418473,599.010337118653,599.010337118653,19994
2018-07-09,615.7645874023438,621.9998633803046,612.2900287274207,614.0035152892199,22612
2018-07-10,622.999267578125,625.4267112296199,606.3878463520059,606.3878463520059,16071
2018-07-11,624.5224609375,627.3307056103316,614.0034979038905,614.0034979038905,22807
2018-07-12,620.3814697265625,634.9461908191026,618.7631544713894,625.3791721280621,36957
2018-07-13,622.9780883789062,632.4987713066563,620.1411124603175,629.8060712825472,43426
2018-07-16,608.2161865234375,628.8442905215936,605.9561971420093,628.8442905215936,12770
2018-07-17,604.7060546875,609.3221197911621,590.1846697642925,605.8600856375286,73154
2018-07-18,600.1860961914062,616.3424110711028,596.2432209507949,616.3424110711028,98214
2018-07-19,596.2432250976562,606.821733930034,594.3198598554058,600.1861003656902,116659
2018-07-20,585.9531860351562,598.1665665775564,583.693255443868,591.4828608869584,50757
2018-07-23,585.6647338867188,599.9938288511975,578.9329553362967,599.9938288511975,37058
2018-07-24,576.4806518554688,599.1282655640664,560.7090335851548,586.770667513756,145732
2018-07-25,650.0013427734375,672.2161890621463,572.9705253754832,581.7218729259233,1263423
2018-07-26,624.5167846679688,656.2041834779592,616.3424815110396,647.2124734839193,151339
2018-07-27,644.7120971679688,682.6023598369732,621.6797850634323,626.0554295521946,624357
2018-07-30,646.6834716796875,657.8870386750775,639.5189246194731,648.7510540376564,69646
2018-07-31,644.5197143554688,650.0974619047104,638.6053426657735,649.1357792687567,32915
2018-08-01,636.9223022460938,647.2123166422499,635.6721267466971,643.3655866770656,22658
2018-08-02,644.1350708007812,649.1358326583289,630.9600058653139,639.5190055078351,38705
2018-08-03,666.3018188476562,676.4956904351,640.0478935219164,640.0478935219164,79964
2018-08-06,662.5991821289062,676.9763459332547,655.2422881956348,674.1393710774503,38068
2018-08-07,667.0230102539062,669.7638408093426,653.9441507181223,659.7142461656351,40044
2018-08-08,669.1386108398438,678.8516384233986,661.7336445247311,661.7336445247311,29857
2018-08-09,666.1095581054688,673.1779026042312,663.5610754241708,673.1779026042312,19434
2018-08-10,657.0697021484375,668.2733290372338,653.9442333859312,666.1095429708832,20192
2018-08-13,654.6654052734375,657.0696116828148,639.5189048943605,657.0696116828148,16879
2018-08-14,647.5488891601562,657.0214970215076,645.2889587593224,653.9441012762136,13397
2018-08-16,646.82763671875,656.4444618777944,642.4039206241666,656.4444618777944,13053
2018-08-17,657.2620239257812,665.4843989070916,644.3273804447274,644.3273804447274,18343
2018-08-20,639.95166015625,653.9441294214946,635.9125817352401,653.9441294214946,49450
2018-08-21,637.3070678710938,648.2221418530489,633.3641340110939,642.8848151865266,25273
2018-08-23,629.5656127929688,644.2312741953126,626.1515921978822,637.3071469086855,29827
2018-08-24,627.2093505859375,639.3265268458881,625.0936373050013,628.9403673807243,36647
2018-08-27,619.66015625,635.6241225356024,615.476860442757,635.6241225356024,66150
2018-08-28,626.584228515625,629.7096966774368,621.7758159589915,627.4016938681182,25020
2018-08-29,611.5338745117188,629.901985259804,608.8411167778862,626.9207932356223,28563
2018-08-30,642.596435546875,652.0209149080239,574.7978005896247,613.5536042939812,82558
2018-08-31,662.406982421875,666.0132922768465,648.1740912668773,648.1740912668773,71403
2018-09-03,665.0996704101562,668.3694147667312,653.2229136407225,662.4069708381555,25492
2018-09-04,685.9201049804688,716.3573823288433,655.0019863387325,667.4077151860432,227792
2018-09-05,697.07568359375,711.1643586672956,673.2259643053884,677.9863054231824,82854
2018-09-06,707.0289916992188,713.7126968698476,696.7389771231904,704.9132784420959,53809
2018-09-07,715.05908203125,720.0598432663459,707.8945349566226,715.8765474551637,53060
2018-09-10,701.8359375,718.3768896707991,699.1432380062529,718.3768896707991,14938
2018-09-11,671.2544555664062,705.8750292059343,662.5993121565242,705.009491386367,21555
2018-09-12,717.6077270507812,727.9938896955202,656.2042442013869,675.2936832639874,109125
2018-09-14,733.4273071289062,749.7759124158079,721.3100703454493,723.1853632794137,138068
2018-09-17,708.8562622070312,734.6774767366081,702.990021484442,734.6774767366081,42171
2018-09-18,703.2305908203125,713.5686815571581,698.2779006166336,706.836901542468,34958
2018-09-19,686.737548828125,709.625642586713,674.6203710588903,708.1349875395439,34908
2018-09-21,690.0553588867188,709.4332873449015,653.9441878972698,692.8923343823277,78613
2018-09-24,656.3964233398438,695.5849878837961,650.0974142751356,695.5849878837961,36493
2018-09-25,651.2034912109375,660.5798979308526,637.6918017496897,653.9442635427916,30912
2018-09-26,660.291259765625,669.3310998222637,653.9441779872692,663.4648593512516,20269
2018-09-27,663.9937744140625,669.4272459803376,655.5790515182638,663.5610054972746,21582
2018-09-28,663.7532958984375,671.9756698148439,645.5294001620235,645.5294001620235,32291
2018-10-01,663.5130004882812,672.2162173136376,643.8946496374559,643.8946496374559,53257
2018-10-03,642.3560180664062,671.254573570366,635.6723110745157,654.1847044000594,28287
2018-10-04,632.1139526367188,642.4039680559462,605.8600297533625,639.6631961618313,29707
2018-10-05,616.4385375976562,635.7202617067803,615.4768550117004,629.9020938010372,13443
2018-10-08,607.2545166015625,616.4385741020138,567.8255282424633,616.4385741020138,42132
2018-10-09,602.1095581054688,614.563361701514,593.4544131857172,608.6971202900435,18084
2018-10-10,603.40771484375,611.1973198537313,598.5030987256804,600.9554361329369,28670
2018-10-11,591.4828491210938,601.8209366818597,585.3281159306912,601.8209366818597,14920
2018-10-12,607.687255859375,623.1703221755907,601.0516224687411,601.0516224687411,38686
2018-10-15,605.23486328125,623.1702655443994,598.166520321939,623.1702655443994,19617
2018-10-16,638.2686767578125,645.2889471559889,605.8599652880373,605.8599652880373,30463
2018-10-17,628.074951171875,650.9630465085834,616.5347587116001,650.9630465085834,21675
2018-10-19,624.3723754882812,644.231142985084,616.4865670928449,644.231142985084,18678
2018-10-22,622.2086791992188,670.8217257806712,616.9194245846968,633.027609092559,97674
2018-10-23,619.5640258789062,627.2094144218239,607.9276896941024,624.7090044002524,24649
2018-10-24,616.1981811523438,634.6625004657662,614.2267433850213,623.2184530219679,13886
2018-10-25,610.1875610351562,619.8524586550533,594.3197994006723,605.95613445405,18642
2018-10-26,602.7826538085938,614.5151934988793,586.6263975497909,612.6399006526681,11805
2018-10-29,621.198974609375,626.8247951323252,605.186933587969,605.186933587969,14879
2018-10-30,665.1959228515625,671.2545120086249,623.6512192515662,623.6512192515662,96565
2018-10-31,626.1514282226562,658.271645967583,607.206330657439,658.271645967583,152005
2018-11-01,614.5631713867188,631.2002663966365,607.9756699385861,626.1514334236116,38223
2018-11-02,622.7857055664062,627.6903226529164,615.4769403779995,618.3619885360214,20925
2018-11-05,629.9982299804688,644.0388307616124,617.2078635011572,629.9020852017645,203073
2018-11-06,638.3170166015625,642.3560964685039,627.0653150781063,633.6528780756023,113190
2018-11-07,639.3267822265625,644.3275450618582,634.7107160310842,643.4620069705021,2405
2018-11-09,636.8743286132812,646.6354308920498,632.4986843386937,640.4806385148287,7164
2018-11-12,636.7781982421875,643.8465423306424,634.7105570399162,641.4423356751881,49927
2018-11-13,632.7872924804688,641.5867137192298,627.2095438909057,627.2095438909057,9635
2018-11-14,640.525390625,645.1682689086164,630.9010545661845,636.1726811645971,17176
2018-11-15,644.8779907226562,648.7954167651953,634.8183736162979,642.2663536818334,16130
2018-11-16,655.1310424804688,661.6117542196308,639.3162237248251,651.6488989679542,21443
2018-11-19,660.0156860351562,674.1378425990732,645.2648403223047,667.3186109786426,17127
2018-11-20,662.9660034179688,672.3968734253796,650.004578972312,659.6772661593999,14734
2018-11-21,663.0626220703125,668.2858960998267,656.7753762009369,656.7753762009369,8117
2018-11-22,691.5487060546875,693.5315949020898,654.9859643233945,662.578999313712,162745
2018-11-26,675.4920654296875,702.2370682987224,674.2829795682916,693.4832984696953,14842
2018-11-27,694.4021606445312,710.845727059774,676.1691118734304,677.0880288629369,149203
2018-11-28,696.8203125,716.746021743223,694.6439581829659,698.8515529142761,163053
2018-11-29,688.163330078125,701.2698091871786,670.9459589841812,701.2698091871786,32578
2018-11-30,682.262939453125,698.1261694114821,679.2644301617088,687.7280311071199,22178
2018-12-03,688.3084106445312,699.1901839517534,677.1364685232629,677.1364685232629,18025
2018-12-04,687.0026245117188,696.2883808268015,679.1677713107051,687.4862588830752,10653
2018-12-05,688.5502319335938,693.4833379513799,672.2517772090251,682.9884366545263,28829
2018-12-06,690.436279296875,694.4988190150252,677.0879851121416,682.8915964131028,17406
2018-12-07,683.6171875,698.368035903785,679.9899296957906,695.4662296604174,32501
2018-12-10,660.9347534179688,677.1365056754344,658.710047005021,677.0881540433403,13796
2018-12-11,676.217529296875,684.8262444022002,633.6577061984332,648.2151474654312,26011
2018-12-12,679.7481079101562,697.449114067466,668.2375862743772,668.2375862743772,29006
2018-12-13,674.476318359375,689.66244573206,671.4294579836907,679.5061264050099,11873
2018-12-14,697.1588745117188,706.1061094603602,669.2047871112761,674.47641302363,87723
2018-12-17,707.2669067382812,715.7788597494437,695.4662164322297,695.4662164322297,30688
2018-12-18,688.3084106445312,708.0407165232534,685.7935355395994,706.1061790464139,17463
2018-12-19,704.70361328125,708.0407021686226,687.7280590736211,695.9014915550416,47182
2018-12-20,721.2921142578125,733.6731389413703,703.2041819517156,705.2354221360728,435062
2018-12-21,705.5741577148438,730.142747017949,685.7935011972329,725.3548142324546,125060
2018-12-24,681.5375366210938,702.9142113867306,679.7964646811639,698.0295160139775,25959
2018-12-26,676.9430541992188,682.3114433336474,667.1253111836897,677.0881681359234,33104
2018-12-27,668.2374877929688,696.4817426823189,662.5789901055633,691.5970480663909,48327
2018-12-28,671.3328247070312,680.9571600118368,668.2375530813165,668.2375530813165,13183
2018-12-31,676.0241088867188,681.9244242618274,670.317200019073,672.2517373928654,19901
2019-01-01,665.72265625,681.5374752499171,661.611764438794,676.942949107981,14678
2019-01-02,677.0880737304688,680.9571484375,665.2390324401855,665.2390324401855,30082
2019-01-03,680.6185302734375,689.0821299796291,668.9628971624303,677.0879764953287,29636
2019-01-04,675.5888671875,696.4334968481846,668.4794064847354,673.2190469532452,27296
2019-01-07,667.0767822265625,683.8588680321997,664.5134969421799,677.0879881506928,21149
2019-01-08,662.7241821289062,675.1052098441278,658.6616417280406,667.4154117705958,32185
2019-01-09,657.5975341796875,671.2844084864053,656.7753794845378,663.5946113079375,14797
2019-01-10,656.1951904296875,673.1223947623197,652.9064528301004,661.2249410586039,124088
2019-01-11,650.0045776367188,663.111056940813,648.5536745616367,658.8066993439237,66328
2019-01-14,650.149658203125,659.483765418159,648.1667102056641,652.5678298708635,10363
2019-01-15,646.57080078125,656.1951365475733,645.1682493013759,656.1951365475733,12439
2019-01-16,652.180908203125,657.6459998660588,647.1027476275723,650.0045536707453,12619
2019-01-17,645.2166137695312,656.1951496046825,640.7188494634154,652.2293122710429,26358
2019-01-18,640.0901489257812,652.181009313499,638.3974284715007,649.0373856126924,15080
2019-01-21,635.49560546875,645.9420967648654,631.7232335108238,638.3974118864155,18215
2019-01-22,638.4939575195312,647.876474427758,631.7230775499185,639.3645228448653,16490
2019-01-23,640.4285278320312,646.1354362884576,629.8853353270046,645.1681676712593,13360
2019-01-24,643.2821044921875,651.9391720712371,614.2156888208242,629.6919896415064,110545
2019-01-25,621.1798706054688,643.6688642477193,616.1500623704774,633.6092477777364,21768
2019-01-28,605.4135131835938,625.0007046898485,600.6738728584794,619.0519784692863,33940
2019-01-29,599.0293579101562,612.2809478948193,585.1974304523944,607.4446054943862,46920
2019-01-30,609.3792724609375,610.8301754906064,591.9684361049108,594.966945417935,25815
2019-01-31,608.4119873046875,615.6181506311169,601.6411066828548,614.2155992662584,17482
2019-02-01,600.9639892578125,619.0519244838019,599.7065518436832,604.5428950037128,19767
2019-02-04,604.8814086914062,608.4119627739701,585.6811501743067,608.4119627739701,30839
2019-02-05,592.6456298828125,605.2201247987246,590.0823438426838,600.3837806002969,22135
2019-02-06,591.4364624023438,602.560052527196,587.6157392041544,591.9684483834443,24673
2019-02-07,588.7763671875,598.9326867726655,586.1647303438374,591.0010730034401,31069
2019-02-08,582.2474365234375,595.4022679232415,581.3285194024263,594.7735786574755,20965
2019-02-11,576.8307495117188,585.1976485983765,570.6886159884994,570.6886159884994,29226
2019-02-12,594.2415771484375,595.8375943196122,571.172239359953,580.3612931684535,28557
2019-02-14,604.3494262695312,612.958140663754,596.8530944111817,604.5428918023864,15053
2019-02-15,593.3710327148438,614.0705487593817,591.0012124450229,614.0705487593817,29015
2019-02-18,571.8009643554688,591.6299743955269,567.7867752933745,580.3612694651188,26751
2019-02-19,579.4906616210938,581.328495788462,572.2361462826353,575.6699974394232,21309
2019-02-20,565.3202514648438,582.2958067819878,563.9176999234202,573.7838533076052,23662
2019-02-21,580.4581298828125,583.2632337263138,565.8523909285135,572.6232742387692,27326
2019-02-22,576.0569458007812,584.2303793054997,571.9460532311647,584.2303793054997,6430
2019-02-25,573.3485717773438,580.361270462094,570.8336965536351,571.6558514051626,16978
2019-02-26,574.4609985351562,578.1849600244922,564.0144476360312,565.9489853525498,14264
2019-02-27,566.7711181640625,580.3128802410182,560.7256886654216,578.3299911729434,25366
2019-02-28,575.1378173828125,579.3938223304099,570.5917027346674,570.6400543514253,28597
2019-03-01,580.6514892578125,589.0667402111676,571.6559005990149,575.5249760683821,26838
2019-03-05,623.0177001953125,632.1100489209921,578.4749916465373,585.1975204241778,68218
2019-03-06,620.6964721679688,630.6593301465443,616.1502964775287,620.551358216315,14356
2019-03-07,616.6337890625,637.430065870098,611.3138112745098,620.6963293626262,31711
2019-03-08,622.77587890625,629.6918731712441,614.2639268367591,629.6918731712441,9418
2019-03-11,624.7589111328125,641.2991831929654,621.9538081343541,623.8883456402152,28240
2019-03-12,653.9220581054688,657.5493160925607,628.6763661302691,628.6763661302691,49781
2019-03-13,658.8067016601562,664.9972450838962,646.9576598386614,653.9220064310196,28435
2019-03-14,682.504638671875,689.6624492779323,661.7567763127062,662.4338170414162,77694
2019-03-15,684.004150390625,701.26987472581,675.8790689167721,681.924498871305,36202
2019-03-18,684.1007080078125,695.4661139026048,679.119251170884,683.0367361772983,23665
2019-03-19,683.8106079101562,691.5971090082951,680.2317019721447,687.6796826458669,18902
2019-03-20,680.9572143554688,701.173155271607,679.0226768146862,679.0226768146862,23402
2019-03-22,677.0880737304688,700.3025219726562,674.1862677001953,677.0880737304688,20338
2019-03-25,683.5205688476562,686.7608959388842,664.0300775521747,677.0882072636887,29039
2019-03-26,690.77490234375,694.498862882131,683.9556114044794,689.37235104995,16352
2019-03-27,692.9996337890625,696.3367224279131,685.6967673133937,690.8232793338199,14202
2019-03-28,701.46337890625,704.6070026556584,685.3099773710395,692.9997765039965,21186
2019-04-01,692.7095336914062,697.8843978498307,683.9073527105006,688.3568243493074,17097
2019-04-02,726.080322265625,729.3206490143227,687.3411609866018,701.2698548214642,146360
2019-04-03,740.78271484375,756.3074248043093,729.7558870182552,734.5922305480502,187701
2019-04-04,709.2014770507812,749.439834442533,706.1062051658616,744.7486045026243,73674
2019-04-05,711.6680297851562,715.3436394702799,703.204427664028,709.0080405470874,25242
2019-04-08,705.7677612304688,723.5171215464927,703.2044750859628,717.6651566355833,28641
2019-04-09,697.9326782226562,709.5399019498569,696.4817752567561,701.269766851705,16194
2019-04-10,691.4520263671875,705.0421992210117,688.6953341082583,697.9327386501241,20956
2019-04-11,695.4178466796875,702.2370792366968,688.7920206335976,691.4520095701002,15872
2019-04-12,689.4208984375,701.0281250685067,683.859102343476,695.4179773376683,26987
2019-04-15,686.1804809570312,691.7422763189102,683.859012321461,689.42080768334,50731
2019-04-16,691.5003662109375,695.3210300640484,683.2785828677205,687.1476573821756,15174
2019-04-18,680.9087524414062,694.4988646568085,677.0880296097018,694.4988646568085,18291
2019-04-22,670.9942016601562,684.7777784302308,664.0298563267465,680.4734215963091,19822
2019-04-23,669.5917358398438,682.1662285316718,667.0768609164359,680.9571426959191,85328
2019-04-24,652.5193481445312,677.0879932280469,649.2306704569991,677.0879932280469,54990
2019-04-25,654.3090209960938,664.271878276709,648.0701251480087,652.5195382131675,10663
2019-04-26,657.0656127929688,661.4183219210447,645.1682196503735,661.0314498654311,29858
2019-04-30,648.6504516601562,657.4526334067913,642.2665010180111,657.4042817729304,12830
2019-05-02,653.0031127929688,675.056887633762,649.2791517017065,649.2791517017065,39266
2019-05-03,656.3885498046875,659.2420044232313,645.1682559252943,645.1682559252943,28394
2019-05-06,661.2732543945312,674.1862676126126,656.7754314332337,662.530691866674,48752
2019-05-07,655.8565673828125,658.7100220169443,641.9762843664314,657.791104892407,48738
2019-05-08,653.9220581054688,657.6944300270053,648.5053764597055,649.0857141226794,15131
2019-05-09,651.9390258789062,655.6629863138523,648.1183031630876,653.776859804203,41873
2019-05-10,653.9220581054688,659.242036486537,651.9391688800055,651.9391688800055,16325
2019-05-13,652.6646118164062,654.5991493838502,648.0700850937268,650.9718914448928,18438
2019-05-14,656.6304321289062,659.9675214532413,638.9777756991713,652.9064706888283,34723
2019-05-15,641.9762573242188,656.1467085626517,633.5610077044813,650.4882102004026,16072
2019-05-16,642.7985229492188,650.971956799728,636.8982063911084,643.1371024799543,10788
2019-05-17,648.0699462890625,650.9234003973652,636.4627233704524,640.0899805325181,30885
2019-05-20,660.2576293945312,669.349979318148,644.6362744036935,653.0031137227305,45707
2019-05-21,665.8193359375,669.3015384179562,644.6845400475229,660.2575413309385,32498
2019-05-22,658.419921875,669.1082309228826,653.7770431751738,667.4155104254268,13071
2019-05-23,663.6915283203125,667.4154896840226,639.3646937407811,662.5791455558776,34893
2019-05-24,676.5562133789062,685.7452675141963,660.112642821019,660.6446288845284,105097
2019-05-27,715.4404296875,728.1116280282605,678.9743821753821,686.7608846231351,76501
2019-05-28,713.74755859375,729.3205602032928,706.0577610387697,715.4402787268477,38995
2019-05-29,699.4804077148438,718.777371703611,696.4334875916709,702.2370999882681,12679
2019-05-30,700.3992309570312,704.1716024422155,687.7280348027682,687.7280348027682,7273
2019-05-31,714.279541015625,720.6151388178876,691.6454311612872,691.6454311612872,25875
2019-06-03,712.68359375,721.1471952003637,704.1716406702568,714.2796107813137,18536
2019-06-04,700.0123901367188,711.4261493176115,699.3352902197594,706.1061713145565,13560
2019-06-06,685.6484985351562,701.1732107583927,679.5063649720789,693.6284665223728,18351
2019-06-07,680.5900268554688,691.582178255626,675.7748638120033,681.0764057614264,10220
2019-06-10,698.1483154296875,703.3039201204001,676.066700530675,676.066700530675,24576
2019-06-11,724.412841796875,731.5139628060108,696.1542358262623,698.1483777067656,71797
2019-06-12,718.7709350585938,728.9362090157593,701.553105982617,720.8137031809814,36631
2019-06-13,725.142333984375,737.7395597180366,716.7765810490339,717.8952762990123,29964
2019-06-14,719.4030151367188,734.3348829075898,713.8096578176538,725.1423098739461,25381
2019-06-17,725.0938110351562,743.1870854395538,719.7922682501386,719.8408942739134,177372
2019-06-18,725.6774291992188,733.4594927831246,717.8953656153129,719.8408815112894,31299
2019-06-19,705.3468017578125,730.5412576963138,696.9811067102647,728.5957416971224,43485
2019-06-20,698.9751586914062,713.9556537043326,690.6580907407742,705.3467108934726,29121
2019-06-21,696.8350830078125,706.2708463104282,693.8195573312994,698.9751622165134,8540
2019-06-24,682.146484375,705.7358636920677,678.1095152996015,697.4674214572193,19747
2019-06-25,696.2515869140625,700.8721877353573,671.2516927012,676.0668570105112,25884
2019-06-26,690.6094970703125,719.7436086442353,685.7943334925803,695.5219126910566,30367
2019-06-27,688.3721923828125,700.0939138963533,685.7943600464304,690.6581498339937,12751
2019-06-28,687.7398681640625,695.5219317359331,685.551162784474,689.6853840570302,8263
2019-07-01,687.3020629882812,703.2066898282218,683.3624054788675,687.7398159054225,10375
2019-07-02,690.8526611328125,701.3584344061582,682.8760346090471,689.1989608554272,17648
2019-07-03,690.8040771484375,698.3429512086302,686.8157339576499,695.52192942423,9658
2019-07-04,686.76708984375,696.2028535192056,684.8215740084986,695.5219111023813,11479
2019-07-05,681.5142822265625,696.4947803004366,678.9851349856211,690.6582318621647,17685
2019-07-08,654.7633666992188,687.4480701566705,652.7692247326437,682.8760958173098,31322
2019-07-09,637.6914672851562,661.475411225013,634.2381884098654,661.475411225013,21847
2019-07-10,629.6661987304688,649.7536738142051,628.2556878518463,638.1292046297708,23881
2019-07-11,645.862548828125,654.1796160875413,632.3411917503572,633.2653235286087,27007
2019-07-12,630.8335571289062,647.4190690000595,627.9152831560663,638.2264941111264,15728
2019-07-15,625.4832153320312,644.7438063557966,623.6349519110092,632.7788982480347,17226
2019-07-16,615.9502563476562,630.2498080101317,614.4424936186456,622.7109349926537,17282
2019-07-17,607.4387817382812,629.3744640913992,606.0282706784261,621.3978361341453,85211
2019-07-18,590.074951171875,611.7675010449208,583.752024470613,603.1099315049886,33660
2019-07-19,582.3902587890625,593.4310389526979,578.7910421148687,590.0750117919978,20829
2019-07-22,574.5107421875,586.4757108182181,569.5983270928365,585.6002050351423,11980
2019-07-23,569.2579345703125,586.5243872836598,566.5828503471178,576.8454343107059,13129
2019-07-24,580.2986450195312,586.8647600711356,562.2539999744216,566.7286620383975,24721
2019-07-25,575.4348754882812,602.6234683817661,570.8142758517786,581.7091752902278,86887
2019-07-26,567.2151489257812,582.9252139004408,564.1996229658,571.0089287602149,19131
2019-07-29,561.9136352539062,577.2345724671023,554.4720134299527,577.2345724671023,32343
2019-07-30,585.2598266601562,597.273363230228,559.5303677865827,572.954415215968,63600
2019-07-31,605.833740234375,608.9465780670339,585.6003833807578,585.6003833807578,40062
2019-08-01,620.4737548828125,624.5107249064976,607.001078413792,607.9738365522757,56668
2019-08-02,624.0242309570312,629.5203371766319,613.0807039137475,625.3861158491691,30741
2019-08-05,623.2946166992188,627.0397108188258,612.9347214436582,622.4677962434394,10501
2019-08-06,628.401611328125,631.8062640210792,613.8102426440354,613.8102426440354,9468
2019-08-07,651.8451538085938,661.2322928589138,629.3744663180835,629.3744663180835,55827
2019-08-08,651.8451538085938,657.4871980679756,641.1448151231241,651.8451538085938,15088
2019-08-09,649.267333984375,661.3294974682062,646.9813170784828,661.3294974682062,17857
2019-08-13,646.7380981445312,656.4170516040979,641.2906773833089,642.0202458444959,9343
2019-08-14,639.4423217773438,648.9753958002062,632.2925756326217,642.9929115279431,5139
2019-08-16,624.1702270507812,637.983343874322,620.6682624444038,628.4503268508785,64580
2019-08-19,625.0455932617188,630.3471358310808,617.7499088192294,624.5105882770893,10570
2019-08-20,626.5532836914062,633.2653363510091,619.6467269671164,619.6467269671164,10569
2019-08-21,672.8566284179688,710.1132428462378,623.5377926910115,628.596145473443,238145
2019-08-22,672.7593994140625,689.5394746736958,643.3334703355752,674.5104112869293,112799
2019-08-23,668.2847900390625,675.1427225165037,651.747902949304,672.1758222954763,20867
2019-08-26,696.4945678710938,699.4128412001626,671.6406185596754,678.0121701203244,75129
2019-08-27,716.3389282226562,725.6773801430861,696.494643676206,696.494643676206,121093
2019-08-28,697.9537963867188,716.4361965697817,696.4946595301611,716.4361965697817,17924
2019-08-29,695.813720703125,712.5937946398841,683.0219898182715,691.6308735672886,47906
2019-08-30,710.5023803710938,721.7863480471174,691.6308537216987,691.6308537216987,60600
2019-09-03,702.1365356445312,709.9672236973511,697.4673102952814,708.1676455996721,17147
2019-09-04,702.1365356445312,706.3680675019932,697.9050631594909,697.9050631594909,146236
2019-09-05,688.8585815429688,707.7300505741763,686.4266866132434,703.7903926625082,10229
2019-09-06,699.6560668945312,705.0062349416914,689.1989202569001,691.6308148237911,18308
2019-09-09,717.1171875,724.7046877930103,695.4246966392062,695.4246966392062,34410
2019-09-11,708.6542358398438,726.0666285957284,705.2495826820682,718.8195692854041,17670
2019-09-12,726.1152954101562,753.6929637882289,705.2496222966831,705.2496222966831,71131
2019-09-13,729.568359375,742.506026406765,726.74733796978,729.568359375,22553
2019-09-16,717.0198974609375,739.2960793915794,715.6580718855201,719.986856856445,17441
2019-09-17,701.6017456054688,724.6074973039342,692.846923129976,724.6074973039342,19743
2019-09-18,710.5510864257812,721.2514243271629,705.249543500155,719.354534370158,12726
2019-09-19,706.9031982421875,719.5004252858796,700.48296029311,714.0043192430062,74887
2019-09-20,723.2454833984375,731.5139253740753,701.6016205798561,710.1132520253657,97949
2019-09-23,740.9984741210938,763.615099685013,726.8934818339184,749.0237283534522,92177
2019-09-24,777.3795776367188,802.4280960783248,739.2960782765258,743.1871102674548,347453
2019-09-25,766.43603515625,797.0779114848821,756.8057074182773,783.9456787726112,289643
2019-09-26,747.2239990234375,784.48061443921,741.9224566337581,766.5332194444819,305012
2019-09-27,733.5081176757812,762.0585990287026,727.9147594834677,753.1578400693521,24256
2019-09-30,713.6640014648438,740.1716596025898,710.113410662554,740.1716596025898,24607
2019-10-01,704.8117065429688,729.6170323585026,700.4829221242035,714.0042803373289,47855
2019-10-03,678.0122680664062,713.5665580539388,675.2399317522666,704.2767318222068,33809
2019-10-04,679.471435546875,702.7690005800557,673.7321398297889,680.444193507572,24831
2019-10-07,674.5104370117188,688.7613064276261,667.5065673704418,677.0395841229731,28162
2019-10-09,676.7477416992188,682.8761051271548,667.4092294244459,674.5104102093292,27708
2019-10-10,695.1815185546875,704.276781976263,668.2847364885258,668.2847364885258,31017
2019-10-11,706.2222290039062,726.6501447188953,700.7748085622144,700.7748085622144,116108
2019-10-14,695.7164306640625,714.0042664870658,684.8215307995836,706.2708296553975,20813
2019-10-15,710.11328125,717.8953446061644,680.9305436643835,696.4946703767123,35506
2019-10-16,707.0490112304688,715.9497692025417,700.4342698025393,710.064596153555,19809
2019-10-17,728.547119140625,733.9459141896,701.3585210479808,701.3585210479808,76244
2019-10-18,749.4126586914062,758.7511101442107,723.7318281375548,735.7940490221512,68131
2019-10-22,750.142333984375,762.6422501777273,744.1598487065835,754.762934352161,30289
2019-10-23,739.2474975585938,766.5333491928092,730.5899270991913,752.9147363898912,32426
2019-10-24,803.0602416992188,809.334541788289,758.8483849638224,771.396985141963,355031
2019-10-25,826.0174560546875,831.7080664445447,792.8463735706898,809.2373810299291,409204
2019-10-27,875.5306396484375,882.291318183757,831.9997284150052,831.9997284150052,154667
2019-10-29,866.2409057617188,874.2661583979166,856.9997057564,870.6183162905539,71028
2019-10-30,866.3868408203125,872.5638296895441,851.1631560516735,868.6727981190222,101688
2019-10-31,873.0502319335938,893.9645271832565,856.1242204011733,867.7000633813545,67428
2019-11-01,869.6456909179688,889.5386047826942,860.4531155320997,881.9024185175014,46256
2019-11-04,867.79736328125,881.3187228442807,853.1087416494859,874.4121649903911,65345
2019-11-05,847.4239501953125,876.0052710868812,828.6628660923657,869.6538664443103,51161
2019-11-06,828.1743774414062,859.8337136866651,820.943582617878,840.3397732967533,32998
2019-11-07,832.0830078125,842.9781355027508,806.1399698031687,839.9489677110936,71398
2019-11-08,839.9488525390625,879.1321711794604,824.7543495438786,850.1111243178809,132893
2019-11-11,851.674560546875,864.6705604989522,840.3397689151218,845.1766202106842,100681
2019-11-13,869.6539916992188,887.144809320795,846.349242856253,850.1112053688992,81768
2019-11-14,880.500244140625,884.2134213812909,864.4263495502728,878.3505852832114,90373
2019-11-15,887.4866943359375,926.1813834948117,873.660150551727,880.5001250745473,199961
2019-11-18,896.8182983398438,908.6417178176254,874.5395376876135,889.2943149703174,58657
2019-11-19,879.4740600585938,914.4556289062705,870.6798079082921,897.0137193307745,49096
2019-11-20,898.5772094726562,908.5440415180151,876.6893265673937,877.4710260211807,59822
2019-11-21,884.3109130859375,899.114594768671,880.5489512895188,889.7828683606992,31411
2019-11-22,869.995849609375,893.838069582068,859.9313279306803,893.838069582068,30588
2019-11-25,866.6737060546875,882.3079347102233,854.9968795996143,869.9959438600793,25628
2019-11-26,877.324462890625,918.3643119114589,858.9054116503088,867.6996650119161,292545
2019-11-27,869.36083984375,879.4253626213355,850.111183867291,869.5562796300802,49971
2019-11-28,862.7651977539062,878.4482723342388,854.9969280227575,872.5854362563684,51993
2019-11-29,852.0164184570312,872.3408990524939,850.1109853549926,866.6735044114276,22890
2019-12-02,833.8417358398438,858.4168112647149,822.1160651111283,858.4168112647149,34279
2019-12-03,835.6983642578125,848.1080449680964,830.5683830682732,841.3169150844508,20564
2019-12-04,853.384521484375,861.8367996681242,830.6660344182935,835.6983253017723,37928
2019-12-05,847.130859375,867.6996280442511,837.408312200364,857.4396662261603,32858
2019-12-06,863.6934204101562,871.6082246027398,833.4997932580012,844.3460152463339,37983
2019-12-09,882.2591552734375,894.082517717365,860.5666494729799,869.1166189047034,145351
2019-12-10,873.1227416992188,890.1738330864172,866.2827671310464,881.3795800701956,97606
2019-12-11,867.0645141601562,877.0801917559921,861.9834376282938,877.0801917559921,52480
2019-12-12,888.5615234375,896.0366623061336,867.1133653286347,867.1133653286347,176070
2019-12-13,916.4099731445312,924.0805516340446,899.2123471127379,908.7394542948615,181824
2019-12-16,920.95361328125,938.004702717714,913.9670447728362,923.2987710065488,98801
2019-12-17,924.12939453125,927.3050969179553,908.0554428305728,926.0348278912419,70589
2019-12-18,938.9819946289062,950.7565109194145,921.4423327821253,921.4423327821253,81751
2019-12-19,944.1607666015625,951.7335955186772,935.1222288617804,938.0536465071152,98210
2019-12-20,954.5672607421875,961.5049248603452,944.2095499547062,945.186689105987,225180
2019-12-23,966.6838989257812,971.0810257819845,947.8251223371462,959.5507939536882,132976
2019-12-24,985.93359375,995.7049871469277,961.4562652186667,972.2047979552871,164937
2019-12-26,1006.7953491210938,1023.7486903558066,985.9334510931475,985.9334510931475,151356
2019-12-27,995.3140869140625,1021.3548736327759,982.0250160257735,1011.2415055326301,75408
2019-12-30,1005.5740356445312,1017.5439921394111,998.6363704299696,998.6363704299696,81219
2019-12-31,983.930419921875,1016.029481379949,977.0904448923727,1005.5740194098906,35653
2020-01-01,980.26611328125,985.9335090365431,972.9864138980553,985.9335090365431,35812
2020-01-02,982.6600341796875,986.9105657306102,976.6994494344389,983.4417335909117,30113
2020-01-03,976.5040893554688,991.6986524627908,969.3221396965191,976.1621144726033,26837
2020-01-06,957.352294921875,974.2079490044495,941.3760901256372,967.3679734347091,47103
2020-01-07,999.3203735351562,1026.9734037832725,951.7336777211298,959.599637154202,50252
2020-01-08,1065.0325927734375,1078.8591333162517,1012.3159920572256,1012.3159920572256,536397
2020-01-09,1062.68798828125,1099.2818106206948,1053.3562594214302,1074.8533259402348,111435
2020-01-10,1045.14794921875,1073.7781723336566,1036.0117225621116,1073.0453180144661,37205
2020-01-13,1037.7222900390625,1059.2193619607756,1031.8594522422316,1040.6537089374779,34845
2020-01-14,1017.1528930664062,1045.4411414299564,999.906423826305,1040.066876408312,70990
2020-01-15,1023.2114868164062,1027.9505887737282,1003.5710098792371,1019.7425944370844,47024
2020-01-16,1050.03369140625,1054.3331274594254,1018.1789794371838,1019.937877593381,92732
2020-01-17,1050.375732421875,1062.5411869960274,1043.6335673842798,1059.0235097416978,283752
2020-01-20,1063.6160888671875,1072.8989118752154,1052.085797840075,1055.359309798241,56267
2020-01-21,1055.5548095703125,1072.8990334720695,1046.0277006665306,1064.9842283925616,67719
2020-01-22,1048.665771484375,1072.8988720438724,1043.6335998853353,1060.4403468903577,21003
2020-01-23,1051.54833984375,1060.0494028962626,1044.5617709343237,1054.3331626175259,26214
2020-01-24,1057.4600830078125,1069.9675135262078,1039.676195791676,1051.5484619209885,55686
2020-01-27,1082.9632568359375,1095.4705651082409,1060.1958692588792,1067.6221021830074,72275
2020-01-28,1172.22509765625,1189.1295347174068,1086.578820544281,1097.327352042471,669278
2020-01-29,1217.271240234375,1230.2183355047787,1182.4851062317198,1189.9113407950313,300424
2020-01-30,1166.899658203125,1215.5612411306847,1132.5044039151637,1215.5612411306847,212880
2020-01-31,1118.3358154296875,1190.057856631662,1104.1672970166421,1190.057856631662,161779
2020-02-03,1143.106201171875,1157.9098830259916,1096.3501170929642,1104.1183255583549,94399
2020-02-04,1130.2081298828125,1169.6356745032363,1123.7101300574116,1134.263281599393,71322
2020-02-05,1118.091552734375,1137.4877423997632,1095.373065864308,1136.1686283084068,87620
2020-02-06,1121.6092529296875,1123.8567208938682,1113.450164130523,1118.8244299512494,41566
2020-02-07,1114.134033203125,1123.7100447748187,1107.0986788955388,1121.6091717047377,24599
2020-02-10,1117.9940185546875,1130.5991401090196,1106.9035107147579,1123.7102599340628,23461
2020-02-11,1105.3887939453125,1124.638389761145,1100.3077174772875,1123.5147750297303,30924
2020-02-12,1102.6529541015625,1123.710356759685,1097.327591861849,1123.710356759685,19599
2020-02-13,1123.074951171875,1123.9544003356177,1083.3054321863729,1094.3959386010795,118700
2020-02-14,1188.9342041015625,1211.5550020071842,1113.9387652975395,1113.9387652975395,348164
2020-02-17,1175.058837890625,1212.580889190803,1162.7956927468383,1196.9955660629216,69104
2020-02-18,1247.855712890625,1257.9690801584484,1167.6813906179116,1175.5961945979607,261185
2020-02-19,1244.679931640625,1276.143765434879,1236.1299638400467,1259.532399422327,132911
2020-02-20,1249.1259765625,1273.8964334908587,1211.652708975527,1245.9502738978465,93950
2020-02-24,1184.2440185546875,1254.9401478036013,1158.0078501755886,1254.9401478036013,68046
2020-02-25,1421.053955078125,1421.053955078125,1175.0101929504922,1204.2754718738374,1205910
2020-02-26,1506.7979736328125,1592.5419624785445,1440.3035847134931,1441.2807241875187,2199975
2020-02-27,1445.677490234375,1519.4515020712763,1427.3072250054954,1488.9648058187645,642023
2020-02-28,1397.504638671875,1426.6234387640086,1306.191014909444,1397.309258515433,535572
2020-03-02,1346.888671875,1490.137252052431,1304.4808075344233,1431.7042812764682,260790
2020-03-03,1382.0169677734375,1432.486237302413,1345.2276486689052,1389.49210739702,223879
2020-03-04,1340.097412109375,1396.0386273011547,1274.1894255035952,1389.7850322929785,253551
2020-03-05,1391.302490234375,1411.1964885846155,1308.688767575649,1376.8965739315172,428357
2020-03-06,1442.3115234375,1476.8564401700783,1274.4869279636275,1321.918837559047,427034
2020-03-09,1380.13037109375,1438.6361673789095,1348.476407570422,1437.6561699896868,287655
2020-03-11,1427.072509765625,1445.4965131748259,1373.9566857431225,1378.660722247613,534481
2020-03-12,1319.3216552734375,1391.4494484902423,1289.1867316710916,1352.3965714223536,516654
2020-03-13,1324.7119140625,1359.2568335895598,1107.397420300074,1196.0872136957878,589474
2020-03-16,1271.0076904296875,1309.0316407024293,1229.4068450392645,1275.2217274669931,190006
2020-03-17,1264.39306640625,1368.9588995315132,1258.3171281250125,1273.9970923384083,216367
2020-03-18,1152.526123046875,1322.996642586485,1126.99713998108,1276.9858072013074,215543
2020-03-19,1100.292236328125,1175.9970461756848,970.1975630949398,1029.487414172964,406419
2020-03-20,1162.81591796875,1185.7968082608847,1095.6370509385695,1095.6370509385695,206822
2020-03-23,1057.6134033203125,1157.3772107430025,957.4576925452272,957.4576925452272,249065
2020-03-24,1058.887451171875,1156.3972164579477,1040.2674959916199,1156.3972164579477,169056
2020-03-25,1086.6702880859375,1126.8012605952833,1029.9774522471516,1047.617408612945,99693
2020-03-26,1265.81396484375,1293.5968737752448,1092.6973592874226,1107.3973237621415,232427
2020-03-27,1265.078857421875,1322.996688527235,1231.2689420484012,1322.0166909801776,132401
2020-03-30,1169.136962890625,1262.236721042016,1161.2969832568235,1223.0368228730092,89385
2020-03-31,1197.2139892578125,1239.6968576475228,1157.6220656886453,1216.1769172652773,118261
2020-04-01,1180.30908203125,1229.8969345088326,1166.1970932792915,1220.096958935057,52762
2020-04-03,1241.4119873046875,1255.1319540086668,1166.1971698382301,1180.652134758494,121073
2020-04-07,1323.7314453125,1362.0493184896657,1263.8536300314106,1288.6965393936239,278827
2020-04-08,1436.2845458984375,1469.9964893123924,1324.9568357002365,1324.9568357002365,222009
2020-04-09,1503.6593017578125,1523.8962762328656,1450.396455835782,1513.1163025746266,178814
2020-04-13,1427.2193603515625,1487.5382553910194,1393.997420590363,1469.9962759061523,215770
2020-04-15,1370.379638671875,1478.816398512372,1355.3366992330089,1457.2564510191498,190159
2020-04-16,1408.6485595703125,1443.4874021121693,1395.516567940654,1396.4965655305,114764
2020-04-17,1391.204345703125,1470.976161463014,1374.8873643567806,1470.0452117439054,108117
2020-04-20,1392.7723388671875,1419.0363185818817,1357.2964787540789,1419.0363185818817,87316
2020-04-21,1390.1756591796875,1407.717520716777,1347.496715361695,1347.496715361695,83191
2020-04-22,1388.1666259765625,1404.2875389421404,1376.2107028877235,1389.6366224036467,52181
2020-04-23,1462.4991455078125,1513.0669891351279,1406.2963166396066,1436.676237068755,316254
2020-04-24,1472.397216796875,1498.4161986404042,1448.6322770865872,1459.9022484955897,90570
2020-04-27,1594.60302734375,1650.0708643979385,1486.6562739668436,1486.6562739668436,788592
2020-04-28,1572.6510009765625,1659.772803364234,1553.4430737453172,1625.8158657860208,323921
2020-04-29,1570.642333984375,1607.0983217809537,1536.7834837596643,1591.5163337501613,216039
2020-04-30,1541.7320556640625,1595.4359677874654,1519.9761585002204,1587.5959876017778,158885
2020-05-04,1487.5870361328125,1541.5359419659565,1445.496194786895,1523.8959884024555,201271
2020-05-05,1501.1112060546875,1567.5060382467586,1491.6542060307602,1497.5341911695414,270432
2020-05-06,1511.499267578125,1538.5962250209361,1504.2963091765203,1516.4483032871215,125318
2020-05-07,1469.163330078125,1523.7981927122821,1452.3563484093404,1523.7981927122821,112841
2020-05-08,1406.2474365234375,1497.4362564025348,1391.6944968316343,1484.696288252513,218090
2020-05-11,1400.80859375,1450.3964483978805,1391.5965923817503,1424.9165107908907,124558
2020-05-12,1381.404541015625,1399.436520102329,1366.1166029570356,1399.436520102329,86696
2020-05-13,1398.8975830078125,1460.19648322554,1391.6946242813833,1440.5965304305664,123324
2020-05-14,1408.011474609375,1419.0364470049592,1386.745575706669,1396.496503440654,75813
2020-05-15,1474.8963623046875,1489.596326048588,1417.6155514340662,1421.9764928266457,423905
2020-05-18,1469.359375,1504.2963133030876,1435.745529157431,1503.3163157048446,211615
2020-05-19,1447.2603759765625,1498.0241754053063,1435.6963574643166,1493.5162107683402,100758
2020-05-20,1476.7091064453125,1480.7761197137258,1443.5852650217244,1450.592150957469,94961
2020-05-21,1467.252197265625,1484.0102500827863,1452.356283237704,1482.7362054916641,69993
2020-05-22,1458.1873779296875,1479.7963728146176,1446.6234780517477,1466.4684294090298,81521
2020-05-26,1462.8912353515625,1482.2461855429497,1440.645340451382,1468.232173755468,95364
2020-05-27,1441.1353759765625,1475.6312402328397,1420.9963794372354,1469.898278765658,99675
2020-05-28,1459.5106201171875,1474.8965361310245,1446.5256506130438,1449.4165959719503,50093
2020-05-29,1534.283935546875,1557.2158990814708,1449.4161829713628,1455.2961674864596,207663
2020-06-01,1541.634033203125,1582.695952109265,1531.2951314231627,1557.1180414529097,130762
2020-06-02,1574.26806640625,1609.4989299885572,1529.776154327755,1552.3160976650634,411243
2020-06-03,1568.48583984375,1605.2357423705482,1559.175864536961,1588.5757865583996,137966
2020-06-04,1595.4849853515625,1604.059963517544,1562.1160224656455,1577.2569360615664,88229
2020-06-05,1585.9302978515625,1619.9361695916623,1573.5822313459687,1607.098223873315,90042
2020-06-08,1551.728271484375,1607.049089854152,1534.1862899792025,1596.4161394928908,90508
2020-06-09,1515.566162109375,1556.285106847751,1506.9421360965612,1556.2360591203928,99814
2020-06-10,1555.403076171875,1567.9960202840607,1509.7841441052944,1509.7841441052944,121237
2020-06-11,1490.18408203125,1572.8468420970282,1474.8961459063778,1557.1179549759802,101021
2020-06-12,1535.0191650390625,1560.156126556604,1440.5964233908342,1440.5964233908342,135174
2020-06-15,1527.8162841796875,1561.4302502783198,1504.2963413828227,1546.3871911615995,83996
2020-06-16,1529.2860107421875,1567.9959097644985,1504.2960759303157,1543.4959736744283,122155
2020-06-17,1569.8092041015625,1621.8961028717786,1554.9132877453658,1589.556180578867,780541
2020-06-18,1552.5118408203125,1589.5557905728922,1531.7849914118299,1575.835826905802,209364
2020-06-19,1562.85107421875,1569.074034661293,1543.4961228371415,1552.5120523381447,172896
2020-06-22,1608.3719482421875,1657.0778987701772,1511.1562381040574,1567.9960966060257,409435
2020-06-23,1597.6900634765625,1633.6559259320825,1582.7940288474676,1608.3719411345999,151157
2020-06-24,1556.1380615234375,1607.1959075888003,1548.7880802387326,1606.9999559393154,136128
2020-06-25,1526.3458251953125,1560.40073204959,1521.00488765521,1553.2957514828702,118276
2020-06-26,1567.45703125,1577.7960532391278,1528.796175809341,1567.9470300242979,163390
2020-06-29,1558.489990234375,1567.8979418144577,1524.2880553552734,1559.175940596902,79392
2020-06-30,1589.5562744140625,1606.2162353666142,1554.521356528549,1567.0653749795679,164709
2020-07-01,1657.469970703125,1689.5158440231162,1577.796118838293,1592.4960826784013,679369
2020-07-02,1650.854736328125,1693.0435543666,1641.7407122795826,1669.9156386953641,164287
2020-07-03,1645.61181640625,1664.5258167232553,1627.0899586584017,1664.5258167232553,72634
2020-07-06,1682.459716796875,1690.4956482588982,1648.4537325590877,1655.166691352541,132726
2020-07-07,1697.453857421875,1719.8958268951185,1682.753893089438,1682.753893089438,152224
2020-07-08,1700.442626953125,1741.4554969770336,1685.5956414184004,1714.9955653966283,119726
2020-07-09,1690.789794921875,1719.7976980310375,1676.8737581482474,1705.2447585625687,58673
2020-07-10,1683.880615234375,1709.1155495234977,1670.895649046768,1690.789645095068,64710
2020-07-13,1636.546875,1699.805765253947,1631.793910766897,1693.435781123563,103481
2020-07-14,1640.0257568359375,1655.6077404471612,1592.5938556285573,1636.5957657101976,90698
2020-07-15,1642.57373046875,1664.1336747421694,1633.1657787115228,1646.3957445156666,52569
2020-07-16,1641.8880615234375,1658.6950448885789,1621.8960858447037,1621.8960858447037,45258
2020-07-17,1671.04296875,1684.6159118863045,1630.716042686917,1630.716042686917,63205
2020-07-20,1681.47998046875,1689.4668654459072,1662.0759795541126,1676.824991728843,68297
2020-07-21,1709.5567626953125,1726.5598167306207,1675.1099428140828,1690.4958572576784,94379
2020-07-22,1742.28857421875,1779.381456578581,1679.9117078868107,1724.795642340056,188873
2020-07-23,1749.344482421875,1763.9953963344371,1732.0964317326186,1744.8854462074808,70552
2020-07-24,1798.88330078125,1811.0352931240352,1701.6185535720722,1749.2954535857157,139846
2020-07-27,1831.9093017578125,1852.1952013497282,1775.853375209647,1820.737306776333,151278
2020-07-28,1807.60546875,1876.6952955577392,1793.4934801997192,1861.9953324071564,106023
2020-07-29,1735.8206787109375,1855.0374058491846,1724.8936819876847,1811.1334672955534,198856
2020-07-30,1706.32275390625,1782.6155390601507,1677.0208033076872,1744.4446824330928,201682
2020-07-31,1725.677734375,1738.5156785376907,1658.1558782896125,1714.6037140503456,165047
2020-08-03,1726.7066650390625,1759.536583528141,1707.7437360464658,1749.2956568061259,123348
2020-08-04,1715.5836181640625,1758.5075569806197,1707.4497106030856,1737.5355863276507,72859
2020-08-05,1796.335693359375,1809.8597087876692,1719.993852460004,1731.851800105283,185059
2020-08-06,1815.8863525390625,1832.595358066997,1803.2444802638358,1814.9554027487052,109322
2020-08-07,1904.2783203125,1915.0757747060245,1815.4938455238785,1825.7513792686857,211534
2020-08-10,2083.565185546875,2100.595812878535,1861.1377540077108,1909.2355086016587,519337
2020-08-11,2052.056396484375,2153.6015061732055,2018.1425235606705,2105.5037514774504,240866
2020-08-12,1979.4188232421875,2056.4242564186566,1970.0446217815006,2056.4242564186566,133731
2020-08-13,1933.52978515625,1992.6212643777171,1925.8733599552124,1992.1304709628457,111130
2020-08-14,1932.596923828125,1972.7929705354602,1899.0757145182938,1938.6828331782242,63879
2020-08-17,1961.7994384765625,1987.7133550701478,1941.5296462245346,1967.1000313879388,50420
2020-08-18,1997.3818359375,2110.4115776540507,1967.492566406279,1971.4189135274958,196231
2020-08-19,1989.3331298828125,2061.332505577384,1981.823966076542,2002.437291132316,109187
2020-08-20,1981.529296875,2026.9768152872405,1967.2962877603923,1991.0507610728218,148922
2020-08-21,2059.2216796875,2086.8532484311854,2002.4367952961516,2007.344728617956,166007
2020-08-24,2105.4541015625,2129.5521001990164,2061.331832412046,2085.2824492734353,214175
2020-08-25,2106.43603515625,2166.4602086181844,2072.1296262229075,2130.5340377625866,220325
2020-08-26,2095.884521484375,2144.6204599846174,2081.356985906709,2117.626817394289,75114
2020-08-27,2059.810791015625,2128.080201497315,2012.2529580578857,2097.6510104242448,77428
2020-08-28,2094.411865234375,2106.3382895412387,2061.283308235141,2073.1114779965064,81402
2020-08-31,1916.0081787109375,2106.3868779612944,1848.5240907058665,2106.3868779612944,236027
2020-09-01,1920.9654541015625,1970.3883277425655,1886.8061839943189,1919.0022804131602,164421
2020-09-02,1954.044921875,1976.621419742832,1926.8550136762658,1943.4438556393263,73617
2020-09-03,2003.271484375,2033.1608756349779,1963.419082517642,1968.1307472926237,53906
2020-09-04,1962.486572265625,2004.007622754612,1943.2473747834704,1972.9895032844138,68565
2020-09-07,1928.22900390625,1986.7315492781825,1915.124844974098,1962.4864048815448,63238
2020-09-08,1891.174072265625,1963.075299285611,1845.3830279532235,1928.228970832239,73450
2020-09-09,1888.5731201171875,1901.8736700096367,1860.1071011549222,1862.070274876458,74545
2020-09-10,1933.0880126953125,1949.5295922083765,1907.910286371979,1919.983852391214,82581
2020-09-11,1921.4071044921875,1941.7750313422937,1913.1127436557672,1932.7444803787612,66707
2020-09-14,2031.2467041015625,2104.52206155267,1944.5725432830143,1952.3761102743752,235622
2020-09-15,2135.343994140625,2158.509540271758,2051.5165707903475,2059.3692657981574,201944
2020-09-16,2120.32568359375,2208.5702386024955,2105.5036274677122,2184.03056928469,163651
2020-09-17,2076.694091796875,2143.7365205624633,2071.1482220367143,2143.7365205624633,48178
2020-09-18,2010.289794921875,2105.945382009988,1994.2408744786953,2088.8167400360107,656359
2020-09-21,2013.381591796875,2050.5347466110256,1982.805260006832,2036.7925319377111,97168
2020-09-22,1942.70751953125,2012.2529196431772,1904.2783727354945,2011.6638717110502,91755
2020-09-23,1995.271240234375,2012.2527380995705,1924.8915216650037,1963.173403023971,49398
2020-09-24,1978.8297119140625,1988.498437021108,1914.0941152776848,1953.2594496009633,66516
2020-09-25,1986.2901611328125,2002.3390825123045,1953.3578736752215,1975.0019121140865,44097
2020-09-28,2022.7557373046875,2049.5531031047813,1997.7252755569998,2011.271220431847,64435
2020-09-29,2053.72509765625,2062.3139826386814,1995.6642112104905,2048.277242681205,191881
2020-09-30,2161.798095703125,2188.9388787678645,2031.8849681836232,2057.4062286535623,182733
2020-10-01,2095.0009765625,2188.889668046291,2085.872170428752,2183.0492738981384,91583
2020-10-05,2046.9027099609375,2132.9878121111215,2030.902799474418,2110.4113189318505,49927
2020-10-06,2028.989013671875,2076.792242214943,2012.2529110436647,2057.4059031939128,38295
2020-10-07,1997.6763916015625,2045.6268826158237,1982.805327679445,2045.6268826158237,44159
2020-10-08,1974.265380859375,2032.8660590159238,1964.1549899038453,1995.5657643550812,81111
2020-10-09,1940.842529296875,2008.6211467785545,1933.7260248905518,1994.5844073997978,106599
2020-10-12,2007.6396484375,2012.2530587406889,1953.3578472653517,1963.1245885726325,107072
2020-10-13,1976.817626953125,2035.5655713777337,1955.3208526507271,2007.6394756030038,89103
2020-10-14,1984.7193603515625,1996.449394375225,1960.2288178918213,1984.7684876200615,45107
2020-10-15,1963.860595703125,2025.7988165240654,1960.2287725963092,1995.565896188431,37690
2020-10-16,2012.4488525390625,2041.7001819206134,1985.0135542735388,2002.4367168836786,61207
2020-10-19,1998.461669921875,2055.2465642168986,1988.6949288371343,2050.1423606010503,66472
2020-10-20,2001.75,2029.725223671859,1983.7869137132373,1998.5107156457948,27874
2020-10-21,2019.9091796875,2041.60210219053,1997.5289547713428,2012.252755420763,80205
2020-10-22,2076.4482421875,2105.503302026919,2010.4365419258168,2031.8843054525512,108794
2020-10-23,2061.57763671875,2124.153794005178,2044.9397887104594,2110.411579071688,71970
2020-10-26,2046.4124755859375,2109.2831662583785,2036.7928757617244,2088.816982949855,46911
2020-10-27,2097.454345703125,2108.3989407006256,2013.2341654505146,2051.3197743836836,105536
2020-10-28,2084.350341796875,2139.859120583247,2072.7186825661474,2110.411518006413,116803
2020-10-29,2233.158935546875,2257.649476504262,2048.178964411902,2139.8590690344745,668331
2020-10-30,2200.27587890625,2300.250347947315,2185.0121566573425,2251.465533259164,152874
2020-11-02,2138.485107421875,2199.7360281439687,2116.6936886531385,2189.1348427298944,97935
2020-11-03,2276.20166015625,2296.814984092729,2136.227518546153,2150.656797372643,223779
2020-11-04,2383.881591796875,2458.8747209613307,2265.403883585697,2275.3180052648163,417776
2020-11-05,2447.53759765625,2463.7337801151552,2306.729016874387,2389.1823093924504,277472
2020-11-06,2466.923583984375,2522.677755060269,2434.2366997738177,2450.0403411013353,461251
2020-11-09,2414.802001953125,2503.0465674331645,2397.035183400701,2503.0465674331645,79346
2020-11-10,2446.522705078125,2473.0302994472754,2347.082065565941,2429.358937468448,99982
2020-11-11,2392.6220703125,2467.767941455187,2375.3600887218386,2432.4080742894853,88719
2020-11-12,2433.145263671875,2453.0628752289667,2365.523742953354,2370.4416717328827,147943
2020-11-13,2477.800537109375,2507.652467795998,2397.9826305105485,2400.24492630184,100746
2020-11-14,2479.71875,2502.1443185970147,2468.800849393585,2496.242802622369,12262
2020-11-17,2554.962646484375,2573.060529691901,2469.784017605644,2469.784017605644,135622
2020-11-18,2561.110595703125,2572.0774839503924,2532.734042513293,2572.0774839503924,302634
2020-11-19,2559.536376953125,2714.647823458321,2543.5531062737173,2561.208424936008,235479
2020-11-20,2534.55322265625,2620.272631030231,2524.8648062517277,2580.0440669449695,76264
2020-11-23,2685.73046875,2704.8611660614897,2534.553367240781,2534.553367240781,128505
2020-11-24,2650.17333984375,2704.86080341333,2637.190056014014,2704.86080341333,103747
2020-11-25,2558.40576171875,2692.075009390746,2539.4225029937897,2684.157093689405,109609
2020-11-26,2481.587158203125,2601.0436144823643,2475.734870283957,2576.99498790812,101304
2020-11-27,2642.993896484375,2689.9108981695113,2484.5381042346235,2501.062396184932,429850
2020-12-01,2638.518310546875,2704.8611291236357,2616.338401261408,2655.6818358668424,142106
2020-12-02,2605.7158203125,2659.616377770301,2548.4711667170304,2654.649220754095,114559
2020-12-03,2583.929443359375,2649.387134468345,2569.1756545354124,2632.0759261949165,51052
2020-12-04,2519.848876953125,2615.355173591529,2506.8163624551603,2606.453672266259,160488
2020-12-07,2537.70068359375,2572.0769605271066,2519.9469112315282,2542.5201581356973,74620
2020-12-08,2504.55419921875,2595.1915491593836,2496.341160419373,2556.339903833708,98447
2020-12-09,2508.242431640625,2541.684351333958,2493.390188899984,2517.930608412996,67881
2020-12-10,2512.520751953125,2552.405205013807,2503.275141290771,2517.9797012852973,79916
2020-12-11,2495.259033203125,2546.5039558693356,2469.292460876774,2532.782980263556,82916
2020-12-14,2462.947998046875,2516.0124023688577,2458.964427647437,2492.406343863442,52951
2020-12-15,2481.48876953125,2526.19294076539,2462.8990920859883,2468.80060748236,98928
2020-12-16,2457.931396484375,2506.815556942173,2455.0298667438346,2483.553851573791,56207
2020-12-17,2513.947021484375,2584.863658550424,2500.767066919503,2508.1439609222152,129903
2020-12-18,2578.17529296875,2582.8965532786256,2486.111797525912,2543.55311758512,128536
2020-12-21,2464.12890625,2582.896919593853,2416.720107542304,2582.896919593853,140847
2020-12-22,2512.423095703125,2540.504285020323,2351.1149852474055,2449.1292380167183,204781
2020-12-23,2487.390625,2547.438600394413,2472.5386199685513,2524.717907092006,67618
2020-12-24,2508.14404296875,2532.635235805605,2474.8495642274033,2508.14404296875,44173
2020-12-28,2545.274169921875,2557.3230960474834,2519.6024843274818,2531.7498650870084,52176
2020-12-29,2573.01123046875,2598.5352340015543,2537.6513689168883,2574.0440435874016,122972
2020-12-30,2558.651123046875,2585.1094861113847,2547.487327700366,2582.8964179695604,45737
2020-12-31,2569.322998046875,2604.5354207192045,2552.405368869462,2552.405368869462,73445
2021-01-01,2594.40478515625,2620.7157110718745,2566.5202656957485,2572.077430630213,54563
2021-01-04,2598.977783203125,2621.255903364167,2557.421287174181,2591.895774021787,80811
2021-01-05,2576.55224609375,2632.764078852472,2559.2902671720685,2601.5844568294087,94143
2021-01-06,2702.353515625,2775.6799055942765,2579.9462765321714,2596.667239818884,444372
2021-01-07,2763.77783203125,2801.252549622698,2724.5328519855593,2754.0404279998434,222988
2021-01-08,2666.50146484375,2803.219909555399,2655.6820195787996,2775.4336069431397,194123
2021-01-11,2623.075927734375,2704.8609922278906,2616.338268845887,2694.090775576398,98112
2021-01-12,2618.256591796875,2691.7796421272,2606.502787630257,2621.2565769942016,75960
2021-01-13,2537.454345703125,2670.4350795378114,2527.815158162864,2631.1408802614956,134804
2021-01-14,2536.077880859375,2581.2246193933843,2498.6526281081346,2555.061137447316,92800
2021-01-15,2504.357177734375,2561.6510571987164,2488.4723612838397,2555.3562034053025,95147
2021-01-18,2455.964599609375,2495.799825877125,2449.128726091314,2449.128726091314,92740
2021-01-19,2487.046630859375,2525.8490536925915,2456.7029042350127,2458.965200245903,61467
2021-01-20,2487.144287109375,2516.996213992961,2463.9318049094463,2508.1439412591058,89951
2021-01-21,2502.242431640625,2545.520209546359,2483.4068584463225,2498.308088194649,95369
2021-01-22,2454.833984375,2542.8649312870825,2449.1291375540372,2532.1436998178096,104973
2021-01-25,2526.53759765625,2570.3564069688478,2419.572607985204,2483.554932592114,197377
2021-01-27,2430.932373046875,2551.8642025302834,2419.621136028854,2508.1438605177145,171549
2021-01-28,2305.771484375,2458.9650041324517,2299.624071864669,2431.424596086168,271802
2021-01-29,2254.4775390625,2360.60637111035,2181.003473655052,2333.9510947832437,338060
2021-02-01,2307.197265625,2338.8686817666485,2219.0188907873685,2262.247440592915,167993
2021-02-02,2469.144775390625,2507.1602715282065,2314.3774495511457,2316.3446212039726,330962
2021-02-03,2514.29150390625,2532.7337398762224,2432.8997691587715,2507.1605059978606,142127
2021-02-04,2465.702392578125,2529.438566354908,2456.013975476181,2522.897816218023,89534
2021-02-05,2479.8662109375,2497.4233171505566,2448.1947896564016,2485.718499630752,56746
2021-02-08,2464.47265625,2501.25866881394,2451.0957934267944,2460.2924166344046,71054
2021-02-09,2482.324951171875,2507.603061142294,2456.6532627557754,2483.554433564729,55862
2021-02-10,2507.3076171875,2528.454711644349,2460.636519540778,2493.6358707779996,165296
2021-02-11,2596.420654296875,2626.1248978735066,2493.3900402093295,2507.3076834337244,227216
2021-02-12,2585.6015625,2624.010641821237,2557.372693800552,2615.3550374465053,96761
2021-02-15,2519.406494140625,2606.5030887752305,2508.1937089818625,2606.5030887752305,95005
2021-02-16,2467.915771484375,2535.3896281754137,2454.194554439601,2522.6030099535,132248
2021-02-17,2460.7353515625,2502.242630184341,2450.3584718737184,2471.751466058667,85870
2021-02-18,2482.0791015625,2532.733777104592,2449.325641971733,2479.6201367303597,114348
2021-02-19,2440.86669921875,2515.8158916664725,2414.7032200077247,2498.2587884941713,64532
2021-02-22,2459.456298828125,2496.6851175011598,2430.440517658187,2459.0629605604777,90225
2021-02-23,2467.865966796875,2525.405735333994,2443.3255494388904,2459.0136947142414,77929
2021-02-24,2450.702392578125,2492.406333036568,2372.4088694886354,2492.406333036568,32876
2021-02-25,2439.48974609375,2505.2917880959244,2427.0967076054108,2454.046865708577,90349
2021-02-26,2503.1279296875,2591.89656669607,2399.999081076639,2419.621573862399,305649
2021-03-01,2613.87939453125,2682.2386110580314,2495.40652700897,2537.651491210019,351493
2021-03-02,2759.696044921875,2827.8093661767407,2643.190347062047,2650.7639102074145,718069
2021-03-03,2745.28662109375,2803.219732852732,2714.94290091465,2783.548015429204,204827
2021-03-04,2785.26953125,2884.070692515851,2631.092432627792,2734.3689580206587,416546
2021-03-05,2706.385986328125,2838.3831736488373,2685.288115590244,2778.6303267982207,234928
2021-03-08,2677.419189453125,2788.4659379848213,2665.5669317077,2748.6799376194167,144202
2021-03-09,2591.109375,2720.5983508518484,2531.6514206703328,2712.729664370715,201792
2021-03-10,2646.92822265625,2679.288104071345,2600.6504560919434,2623.7154983885143,130512
2021-03-12,2623.17431640625,2718.287023039661,2586.8800934631117,2709.779101225239,141021
2021-03-15,2585.15869140625,2640.9279600784616,2567.159022646102,2640.9279600784616,63457
2021-03-16,2619.043212890625,2634.2395661931096,2576.9949179507794,2585.1587285037645,79019
2021-03-17,2548.0283203125,2680.2713871490364,2526.8319976461926,2632.1741361081795,186529
2021-03-18,2450.99755859375,2609.994360193556,2415.539479722388,2567.1591470880944,190067
2021-03-19,2487.341064453125,2508.8814975763094,2350.229058857094,2429.4569436493125,218584
2021-03-22,2498.160400390625,2537.6020454730024,2452.521876831083,2494.373499143439,139196
2021-03-23,2505.980224609375,2536.7172842365867,2499.291792407838,2517.979924661183,81586
2021-03-24,2446.079833984375,2517.9308365686165,2442.2931721088853,2505.980363178064,139767
2021-03-25,2407.22802734375,2460.931913352719,2383.277854840926,2446.768372494647,93402
2021-03-26,2397.04736328125,2447.5543403676234,2376.3920654333,2419.817274141303,114580
2021-03-30,2673.8291015625,2698.959769895582,2409.7855088353413,2413.7198525232357,607273
2021-03-31,2709.779296875,2754.0406647005443,2598.191518683702,2655.682069532668,565697
2021-04-01,2731.41796875,2773.5647194525473,2709.877534189111,2750.1061003330933,201075
2021-04-05,2694.6318359375,2728.073754157701,2660.747111987189,2724.532749116376,136395
2021-04-06,2878.61181640625,2926.1682946601804,2670.4359394966013,2690.4027829456477,905475
2021-04-07,2947.806884765625,2960.1017082756584,2862.2349131357923,2900.5947624870964,272161
2021-04-08,3000.42822265625,3104.8357502171066,2960.1012083540354,2975.346786931702,517615
2021-04-09,3019.1162109375,3049.312242948576,2984.248146998764,3016.0669993103706,148387
2021-04-12,2891.2998046875,2980.0684267686493,2773.7120694608325,2965.609762943857,265603
2021-04-13,2912.545654296875,2988.134336174763,2877.0875702945336,2880.9234597287295,211253
2021-04-15,2919.38134765625,2987.1503187622156,2852.3990531479835,2913.4798323738746,171614
2021-04-16,3084.033447265625,3117.967159251166,2903.5454429367323,2915.791038800514,733511
2021-04-19,3025.903564453125,3072.7223493115666,2963.0525215432444,2997.9698209672392,164311
2021-04-20,2963.54443359375,3089.3449791125036,2945.8398866954135,3070.8537555697585,192965
2021-04-22,3144.96630859375,3166.1626302087807,2922.3807982445633,2950.7573440901965,639577
2021-04-23,3120.13134765625,3197.637969663053,3077.6404820288194,3184.8513521282575,390027
2021-04-26,3151.999267578125,3231.0794727763328,3120.1309423968128,3131.7373032937116,449537
2021-04-27,3405.2236328125,3430.7476390384386,3122.8852505582117,3151.655138299575,1059873
2021-04-28,3295.799560546875,3506.4836045525217,3279.324497327729,3435.3702985709883,796707
2021-04-29,3335.929931640625,3393.371250376296,3281.2424612334266,3324.5202394990956,317835
2021-04-30,3371.928955078125,3479.926729182867,3284.930834875206,3334.356023722419,535939
2021-05-03,3436.3046875,3486.81191810756,3350.732716590167,3368.781613404342,315996
2021-05-04,3335.781982421875,3506.138993374035,3306.4710778272774,3485.8280428458543,299079
2021-05-05,3420.567138671875,3468.123609230652,3271.89823769307,3373.699370295274,274100
2021-05-06,3560.826904296875,3581.924774120414,3379.896323487011,3448.648882805663,616970
2021-05-07,3316.012451171875,3589.2524246523126,3304.848655048682,3588.514735220382,765035
2021-05-10,3160.605712890625,3299.930553624474,3147.4747456328814,3298.946967766464,618689
2021-05-11,3110.9833984375,3215.8829669973393,3105.868800357301,3149.4416988711437,413071
2021-05-12,3144.18017578125,3176.982865820678,3108.131843960787,3108.131843960787,252114
2021-05-14,3095.148193359375,3176.982493143728,3072.8208412020176,3166.1630481206375,228400
2021-05-17,3122.934326171875,3163.162891706934,3078.6237352465455,3097.311866546764,236904
2021-05-18,3124.508056640625,3200.588522143159,3115.0165487484282,3163.9991746493088,355350
2021-05-19,3137.933837890625,3235.01370869906,3104.1967967936253,3129.7208003755914,377015
2021-05-20,3135.917724609375,3169.11374851138,3098.295564187103,3137.638999922812,145587
2021-05-21,3146.39306640625,3186.8185458654534,3139.6064192600393,3147.475107027608,199858
2021-05-24,3158.19580078125,3176.933159790712,3132.081787817339,3152.3435128316464,117898
2021-05-25,3233.09619140625,3245.5876847376258,3160.851852602396,3166.1631205910803,366571
2021-05-26,3159.818603515625,3270.422778478418,3152.392482713783,3245.8331335274524,217625
2021-05-27,3148.85205078125,3186.818565547573,3133.7049227884468,3181.8021810114487,174542
2021-05-28,3160.605712890625,3206.489897113498,3148.458331490892,3149.441917348902,128567
2021-05-31,3171.86767578125,3196.6539910079514,3150.130332589091,3162.277713808226,106812
2021-06-01,3147.474609375,3186.8180419921873,3093.377389526367,3186.8180419921873,170226
2021-06-02,3159.8681640625,3202.408254313822,3132.9177662741818,3147.474885646954,164777
2021-06-03,3116.197021484375,3185.7857288475166,3094.459915631836,3167.146822746521,181339
2021-06-04,3133.409423828125,3145.7534743885312,3102.4756965809506,3127.803032456978,100379
2021-06-07,3154.606201171875,3189.7201733749553,3141.131120987122,3150.4259606683345,130198
2021-06-08,3355.650634765625,3410.042981361677,3139.606094638674,3166.1629131083623,954795
2021-06-09,3294.66845703125,3424.8461486544697,3275.439544541034,3388.4534698778425,518466
2021-06-10,3338.29052734375,3385.207526504572,3295.25864444119,3296.979919757292,317262
2021-06-11,3292.750244140625,3354.421027824965,3287.0946256025354,3354.0276895451843,156806
2021-06-14,3314.5859375,3398.289191348906,3195.129481246097,3295.0619020001427,380591
2021-06-15,3299.88134765625,3361.7980297919653,3289.111130468004,3334.257625589482,122797
2021-06-16,3303.176513671875,3358.9457851229577,3280.5048110779926,3324.5202792725026,191111
2021-06-17,3320.83203125,3368.6833911967783,3250.4071818645866,3285.177040910774,273913
2021-06-18,3294.76611328125,3352.7976680789493,3222.0792279862335,3342.1748947673022,143724
2021-06-21,3262.358154296875,3308.2915733357045,3206.49042041754,3226.1621407882,82241
2021-06-22,3355.502685546875,3417.960378799763,3280.2583779272545,3291.8647374560123,514128
2021-06-23,3346.699951171875,3419.9770941335714,3334.355901210066,3393.32182258682,175215
2021-06-24,3353.142578125,3405.174172928987,3297.6681927529594,3347.1426084567715,175614
2021-06-25,3588.022705078125,3618.6123208866834,3360.7653878776223,3373.699445675815,1136102
2021-06-28,3648.906982421875,3682.7914683026856,3566.482436820602,3639.2677926740835,654960
2021-06-29,3653.234619140625,3672.6604402263374,3565.498806871301,3565.498806871301,212049
2021-06-30,3687.709228515625,3805.493633427206,3638.0873706734737,3673.693130227608,763695
2021-07-01,3688.791259765625,3736.6426149407666,3645.1691316058123,3717.954483936851,222320
2021-07-02,3736.692138671875,3831.0671597012742,3691.3979590138338,3717.9547788628543,716101
2021-07-05,3757.740234375,3781.149623898373,3695.331764840005,3757.297668801921,183810
2021-07-06,3731.03662109375,3791.723826002067,3718.1515491336577,3775.002864901669,134106
2021-07-07,3789.854736328125,3840.607622130127,3732.708302365093,3754.445645712804,394121
2021-07-08,3779.723876953125,3845.8208002244455,3742.5442825713594,3806.477364928032,139592
2021-07-09,3819.867431640625,3834.1024246581683,3773.7635825434936,3798.637962354033,103943
2021-07-12,3805.189208984375,3851.8349276493236,3774.4040832838527,3841.9836874251564,142110
2021-07-13,3766.375244140625,3837.057889473023,3723.7686321458345,3823.2661537984086,110892
2021-07-14,3834.74267578125,3860.700788256915,3763.22282079398,3790.7569872958943,136420
2021-07-15,3790.85546875,3891.2395004180353,3766.1287620501644,3866.611402314124,192686
2021-07-16,3831.492431640625,3909.957468304435,3798.638447412926,3813.415308593215,209550
2021-07-19,3827.453125,3871.5374251978637,3769.5770884273857,3822.2812238594684,112511
2021-07-20,3759.2333984375,3841.8852105486817,3726.428719264469,3828.192082371102,115173
2021-07-22,3854.937744140625,3877.103033334176,3793.7123859717294,3794.746814235851,142960
2021-07-23,3881.4873046875,3899.1209287022148,3823.561963354894,3871.537455735145,139766
2021-07-26,3652.396728515625,3955.2730703191237,3599.6432874087363,3909.9573639094897,1122759
2021-07-27,3626.487548828125,3723.768539102292,3590.7768055629244,3669.5867217344016,494272
2021-07-28,3463.54833984375,3652.839821783633,3445.126328486514,3648.899325751504,520552
2021-07-29,3520.537353515625,3545.0670837683024,3398.677571027215,3481.8219348221687,368561
2021-07-30,3602.844482421875,3674.5122481191042,3498.766235726246,3515.907295854446,458620
2021-08-02,3630.920654296875,3671.5570178564617,3558.8589324547206,3609.789793347646,236860
2021-08-03,3648.307861328125,3709.976715467984,3631.1668011723286,3649.8348515193575,211324
2021-08-04,3559.843994140625,3673.5272015185687,3546.4955165455535,3654.5142612233813,169829
2021-08-05,3638.50634765625,3654.810198665805,3536.5953135337572,3576.0002752444398,169831
2021-08-06,3609.64208984375,3694.3627557553705,3596.786413760708,3654.8101224664283,203561
2021-08-09,3656.189453125,3698.8453743436253,3574.3750898194517,3644.90983039101,202652
2021-08-10,3806.322021484375,3822.2809816047834,3652.0022081666352,3674.463082655141,1310182
2021-08-11,3691.801513671875,3832.132380106404,3605.750835616869,3822.2811400547166,473763
2021-08-12,3674.463623046875,3757.9035869952168,3660.7211898251558,3722.980985425478,166442
2021-08-13,3673.182373046875,3742.4859401344243,3655.795031281613,3708.1052099860826,136204
2021-08-16,3617.9169921875,3686.235193465643,3608.2627294250756,3666.631323164325,116283
2021-08-17,3653.23388671875,3674.512662145417,3576.049562638213,3617.3754679351127,157613
2021-08-18,3678.3544921875,3694.2150851566234,3628.2610799380527,3679.438224815997,138129
2021-08-20,3663.676025390625,3723.768587248336,3614.370522846599,3664.6611493555056,206838
2021-08-23,3564.966552734375,3679.388601858897,3487.388042664789,3664.6610470966475,196515
2021-08-24,3595.30859375,3619.1485460977783,3516.892628299253,3565.163703589635,110415
2021-08-25,3560.533935546875,3638.7033853452285,3547.431737456729,3595.7028163613054,97076
2021-08-26,3548.514892578125,3593.7319833360016,3527.039143479463,3553.046318207994,93072
2021-08-27,3773.07421875,3830.0634977608715,3498.1753188527327,3545.018013085565,588389
2021-08-30,3866.316162109375,3919.8084440670877,3812.4299267503466,3822.281166871149,536431
2021-08-31,3967.685302734375,4017.9266240009047,3847.2045959875895,3877.447853040392,566577
2021-09-01,3963.84326171875,4011.2771250805727,3911.927276709802,3993.5939574489344,177457
2021-09-02,4054.376220703125,4098.017019236752,3970.0495144653137,3982.8561258022987,401784
2021-09-03,4030.7822265625,4112.8924022211295,3965.123812919772,4073.4874450741013,156441
2021-09-06,4078.511962890625,4125.79791482439,4008.715831384875,4052.0122235312597,174858
2021-09-07,4076.689453125,4150.081192207417,4063.6365599324895,4087.0823190712476,204330
2021-09-08,3948.426025390625,4073.4874605080972,3901.1400766350293,4073.4874605080972,423567
2021-09-09,3901.68212890625,3965.025408372875,3867.596743016448,3965.025408372875,129292
2021-09-13,3960.05078125,3974.5813601533014,3901.091014038853,3908.725724988045,129882
2021-09-14,3948.4755859375,3997.633177151396,3925.7684297200844,3982.757708603133,99835
2021-09-15,3957.932373046875,3976.9453130340785,3940.495727554202,3976.9453130340785,132037
2021-09-16,3968.62158203125,3984.629848014384,3910.9425201871823,3960.1987232122096,128585
2021-09-17,3802.726318359375,4001.0811322739223,3792.727405947212,3998.6183222700606,511639
2021-09-20,3658.602783203125,3802.5785564356397,3650.869463769555,3773.0248370851036,230089
2021-09-21,3801.54443359375,3832.132583680933,3598.116315719685,3674.5127344806892,344752
2021-09-22,3823.80810546875,3864.641447115382,3796.2246335036134,3822.2811151689225,154757
2021-09-23,3867.498291015625,3886.314255987039,3834.7922216778984,3860.898008188331,134072
2021-09-24,3842.525634765625,3892.12648603495,3812.4300471444176,3876.463109951753,98294
2021-09-27,3726.72412109375,3890.2547063703987,3708.05606924977,3841.983629993557,155332
2021-09-28,3664.907470703125,3758.2479674033793,3643.037766543714,3758.2479674033793,138904
2021-09-29,3610.626953125,3679.437957311976,3590.7768017140966,3664.6610980456626,245965
2021-09-30,3629.935791015625,3692.097213879864,3597.672978842272,3642.8410120884855,204915
2021-10-01,3666.631591796875,3680.9651943480276,3585.5558370844547,3605.553902734165,138405
2021-10-04,3812.38037109375,3827.8467689619347,3658.5533629529205,3684.36356226597,227472
2021-10-05,3902.91357421875,4005.8590311271623,3752.731229604186,3812.380535273449,659322
2021-10-06,3956.455078125,4094.17546551427,3828.339650020803,3910.942396075951,720346
2021-10-07,3912.419921875,4017.3356266917413,3893.9488470833203,3992.2642692762583,323107
2021-10-08,3938.427001953125,4022.310451845836,3857.745445454211,3935.5702386592375,261755
2021-10-11,3871.093994140625,3990.687949431333,3850.7510395935446,3946.406674512783,190921
2021-10-12,3859.961669921875,3891.239353331566,3796.7660687795014,3852.32695979825,95726
2021-10-13,3890.796630859375,3974.9754304735934,3843.8062630915947,3860.701043872618,150790
2021-10-14,3875.72412109375,3975.9604887168775,3860.996565303953,3890.7965664892067,131237
2021-10-18,3809.178466796875,3964.089197256391,3787.8506309530117,3924.733546268428,210830
2021-10-19,3805.238037109375,3927.639681577618,3766.966117933014,3809.4741179774333,272180
2021-10-20,3450.29833984375,3677.41873525898,3273.813464365603,3635.107705862958,1303571
2021-10-21,3317.601806640625,3578.905928732978,3275.635671582517,3526.7436648091334,743127
2021-10-22,3306.469970703125,3428.2313886411325,3199.6826293983904,3354.839653453269,556203
2021-10-25,3338.141845703125,3357.0561776500467,3154.859484681762,3345.8749244906758,456687
2021-10-26,3409.021484375,3441.8754648449208,3324.7933852812093,3338.141863122391,198228
2021-10-27,3347.15576171875,3443.0083748779102,3325.384665656412,3443.0083748779102,111601
2021-10-28,3303.317626953125,3374.049575648028,3260.7603198233496,3374.049575648028,125850
2021-10-29,3288.738037109375,3344.2005693069646,3222.537748954657,3320.6562006811723,130732
2021-11-01,3316.3134765625,3351.5351064862807,3266.341959613665,3342.507557073974,154280
2021-11-02,3341.42236328125,3378.8144677550295,3305.7074333617097,3334.516152047711,110087
2021-11-03,3372.401611328125,3460.998485031048,3319.914453286624,3349.5125019043353,153069
2021-11-04,3393.90966796875,3413.592322665765,3384.0436514920966,3403.7756844454034,16660
2021-11-08,3384.29052734375,3428.440954017792,3318.6321351439724,3428.440954017792,73930
2021-11-09,3445.607421875,3476.3895852980813,3384.043576767912,3402.0984346954206,125661
2021-11-10,3457.64404296875,3488.6232366751233,3428.6871898346217,3445.6073108253217,217759
2021-11-11,3548.21435546875,3601.0963043962015,3502.436131673018,3535.9805903989004,795919
2021-11-12,3484.627685546875,3570.4620299837184,3433.3737774737265,3569.5248065804435,197173
2021-11-15,3491.830322265625,3530.061140938449,3458.5325124538103,3519.109764919179,173239
2021-11-16,3477.77099609375,3526.0651011847435,3455.0791569703015,3511.315453928413,126857
2021-11-17,3524.48681640625,3546.339948563272,3450.5408234199267,3477.7711277467056,139328
2021-11-18,3503.866455078125,3548.4116650299825,3474.564433633545,3527.0022160811036,131796
2021-11-22,3243.40380859375,3492.619501899555,3206.4556219850956,3492.3728514670947,442256
2021-11-23,3469.434814453125,3497.306316961944,3175.871383217291,3240.987105892762,380999
2021-11-24,3464.55078125,3495.52997966978,3432.584740216462,3461.590976017426,246655
2021-11-25,3537.410888671875,3566.0717151903073,3455.0296497125746,3479.7440695742744,204747
2021-11-26,3423.408935546875,3551.7659053058846,3403.775659251473,3483.197091300674,148502
2021-11-29,3502.534912109375,3598.1365237830964,3327.215591287523,3423.409260349451,310951
2021-11-30,3690.876708984375,3728.367571037678,3472.8377480954287,3472.8377480954287,663800
2021-12-01,3681.849609375,3736.2605961745317,3650.4262492331045,3728.861083507167,271605
2021-12-02,3729.55126953125,3748.0994275334338,3660.341264578332,3673.7097642508106,109606
2021-12-03,3780.26318359375,3827.028007993254,3714.6047920499104,3734.287447861425,262418
2021-12-06,3709.523681640625,3798.3672140050367,3697.783217612358,3780.263217106498,87876
2021-12-07,3807.640869140625,3837.880110942011,3705.231577903537,3728.3673365680875,193820
2021-12-08,3851.19970703125,3857.563239774555,3794.371353190153,3843.800194336813,129223
2021-12-09,3859.585693359375,3906.843816518692,3820.171005222009,3847.7464734410946,100703
2021-12-10,3903.390869140625,3911.7278462004333,3842.813621114524,3862.5456551125444,81093
2021-12-13,3897.8662109375,3926.576177111422,3862.545820395728,3914.835712728033,79758
2021-12-14,3906.696044921875,3922.7283223964578,3833.5887632899544,3868.4652294055613,84533
2021-12-15,3946.752197265625,3994.8490300226945,3892.1436969566994,3911.8757309083176,216059
2021-12-16,3957.11181640625,3985.871161732805,3858.698289578813,3956.2731085516207,94224
2021-12-17,3951.78369140625,4023.2629356795255,3902.0096843150045,3957.11148505448,256567
2021-12-20,3800.3896484375,3922.2843334401878,3751.7007594753522,3862.5455539025993,194141
2021-12-21,3903.24267578125,3934.0739765378157,3788.35296481589,3788.35296481589,97398
2021-12-22,3943.002685546875,3987.6957863469206,3903.5386214178343,3903.5386214178343,98953
2021-12-23,3953.263671875,4012.410396188125,3934.567617653093,3963.771124603356,78939
2021-12-24,3939.994140625,3978.9155320022705,3890.1707515924318,3970.0854943971453,75172
2021-12-27,4187.08837890625,4211.309257375791,3911.875648470191,3946.357328900073,657369
2021-12-28,4180.37939453125,4270.998859142469,4121.528698098329,4203.515397632741,432192
2021-12-29,4153.4443359375,4242.337225612148,4141.753012054481,4181.217071245091,173749
2021-12-30,4103.77001953125,4168.392434792531,4080.4861216541667,4143.727390799676,104371
2021-12-31,4132.380859375,4148.659786002597,4103.177355258892,4114.128729519816,62457
2022-01-03,4166.4189453125,4224.5793077514945,4094.3970217965607,4141.655146495499,180417
2022-01-04,4054.78466796875,4187.0384192919555,4046.250660506321,4176.2845582372665,136231
2022-01-05,4001.606689453125,4049.9995458422713,3989.126275629218,4031.10622165345,80464
2022-01-06,3989.619873046875,4034.608764583855,3924.405406447287,3995.7367552142814,104543
2022-01-07,3937.23095703125,4027.7022755793005,3879.218734776089,3989.8168704862937,168032
2022-01-10,3999.0419921875,4062.6281810417963,3927.8585368772046,3938.2178544555823,118045
2022-01-11,4090.598388671875,4119.160699511169,3960.5644821849946,4015.3700118686356,157420
2022-01-12,4132.87451171875,4148.660138882155,4061.247132116982,4104.26306248508,101497
2022-01-13,4106.92724609375,4173.325350343276,4085.517795690663,4115.609148689592,132169
2022-01-14,4143.431640625,4184.8689149096,4070.768034970333,4104.263357712709,83337
2022-01-17,4176.72998046875,4212.050135575044,4125.623713320691,4134.157723355171,172993
2022-01-18,4002.297607421875,4229.561400678068,3976.0047690069077,4195.030341890167,144076
2022-01-19,3930.423828125,4003.62962474058,3897.0766431062816,4002.6430230587807,129470
2022-01-20,3977.82958984375,4015.4683429513702,3930.620608923405,3930.620608923405,66119
2022-01-21,3817.3095703125,3986.2650981197908,3767.8809735603813,3961.205513262904,103608
2022-01-24,3649.982177734375,3897.0765124849895,3602.279891670444,3832.947405317515,150815
2022-01-25,3772.715087890625,3802.7570580206107,3453.1055521714084,3645.4928615066724,178804
2022-01-27,3685.105224609375,3758.952457825501,3611.110097486826,3758.952457825501,102255
2022-01-28,3810.30517578125,3985.3282224889394,3694.823397648783,3698.769804482053,157784
2022-01-31,3881.586669921875,3924.7011110778085,3808.2821238713777,3848.73278891768,179158
2022-02-01,4199.765625,4269.716065943465,3871.079388382842,3946.4558974206207,1051064
2022-02-02,4171.10546875,4263.106080177104,4158.5262966781975,4216.735798814381,233523
2022-02-03,4066.91943359375,4168.391498126724,4046.1020447937603,4168.391498126724,178138
2022-02-04,4081.32421875,4202.87373005323,4056.215015027072,4107.271648451937,300633
2022-02-07,3979.408447265625,4101.007343644209,3954.496755163368,4101.007343644209,98773
2022-02-08,3991.444580078125,4020.993490052541,3877.492097750886,3979.9507680353527,101908
2022-02-09,3983.453857421875,4061.7901791932536,3971.071957554222,4045.0670871980897,128963
2022-02-10,4036.384765625,4055.426226320009,3952.425106750591,3994.7502226906013,77212
2022-02-11,3884.94091796875,4015.418974390612,3869.1059147432698,4015.418974390612,101320
2022-02-14,3664.33740234375,3820.6150123769517,3651.2155518032514,3751.7007885625,117289
2022-02-15,3770.397216796875,3786.0347094844537,3637.255122435799,3670.1583860347682,164546
2022-02-16,3729.255615234375,3805.3227015456837,3705.232008710569,3797.5286445768825,91710
2022-02-17,3873.201171875,3908.02826158609,3742.6243348063426,3743.1670139390503,257183
2022-02-18,3806.260009765625,3869.451897313045,3792.940886712661,3837.8806426689816,71634
2022-02-21,3766.79541015625,3875.6176113321103,3721.4611162590772,3803.3490464418724,316001
2022-02-22,3798.61376953125,3816.076571228354,3660.2922610997207,3660.2922610997207,119123
2022-02-23,3760.185546875,3862.5454682887835,3748.0996766357825,3837.8310487277395,73454
2022-02-24,3630.003173828125,3741.0943651443877,3582.84357100897,3671.391061164017,223924
2022-02-25,3734.829833984375,3835.857744152652,3673.7099114192993,3673.7099114192993,105606
2022-02-28,3838.81787109375,3897.0767501785585,3665.2253485856572,3665.2253485856572,142857
2022-03-02,3800.73486328125,3822.045313841948,3757.0283631558973,3798.4162531165975,114559
2022-03-03,3751.207763671875,3862.5458679897256,3734.9288347263246,3852.679850446968,115264
2022-03-04,3577.023193359375,3727.8744958236307,3559.658907220235,3724.4213898992207,574332
2022-03-07,3502.880126953125,3588.3693129132066,3376.151180634772,3453.1061169554946,213530
2022-03-08,3481.81591796875,3518.1720436084647,3314.981485547686,3499.475990844536,673703
2022-03-09,3609.334228515625,3657.3323022526724,3487.5874408598343,3487.5874408598343,188841
2022-03-10,3706.169189453125,3768.7690175126245,3665.373113873604,3699.262977733127,197919
2022-03-11,3804.73046875,3841.728030255852,3652.3992718577215,3684.9571259828713,194841
2022-03-14,3825.153076171875,3953.1152527234553,3711.5951381440073,3808.232714579673,509987
2022-03-15,3895.49755859375,3916.8082489408353,3834.0324732266463,3847.7461387579992,169565
2022-03-16,3901.31884765625,3966.138526140914,3859.338900405901,3923.7146563339343,186039
2022-03-17,4032.6357421875,4074.566314956926,3937.5274334771434,3946.3574706276163,220825
2022-03-21,4067.3642578125,4122.712709435675,3998.795439779755,4020.4019206249845,192196
2022-03-22,4007.921142578125,4079.597653122537,3931.6567900302466,4069.731637032761,132738
2022-03-23,3933.13720703125,4045.06712604008,3897.1262435921126,4043.093922563963,153028
2022-03-24,3914.341796875,4037.765751770779,3850.7059945061437,3900.973297195699,230986
2022-03-25,3920.902587890625,3953.707090551805,3891.15664648702,3916.808287665687,122044
2022-03-28,3872.362060546875,3946.4065618372547,3829.9875682630554,3946.4065618372547,119464
2022-03-29,3986.80810546875,3993.7636956521346,3872.411686125155,3886.2241099737544,135733
2022-03-30,4002.64306640625,4019.2674012724215,3969.2958810263913,4004.6162697912177,75799
2022-03-31,4027.5048828125,4069.731478202665,3978.0762886534985,4005.6023761218958,144591
2022-04-01,3994.70068359375,4057.8925671496017,3977.089988746737,4025.334712854455,60732
2022-04-04,4038.752685546875,4074.664889923808,4005.6027731454383,4005.6027731454383,99032
2022-04-05,4045.362548828125,4103.276258321907,4028.1957764827944,4045.06676102905,116912
2022-04-06,4078.3154296875,4123.994893346396,3987.8932440233825,4028.294533381181,182744
2022-04-07,4017.1953125,4134.255503210112,3996.723328037699,4103.276307407748,155290
2022-04-08,4040.57763671875,4088.4771944951535,4025.8279903806647,4046.0533239924284,74173
2022-04-11,4017.343505859375,4094.3971976619964,3989.225356429648,4069.732154302587,84671
2022-04-12,3934.46875,4023.7070648030563,3879.4165688582307,4017.3432912606177,129257
2022-04-13,3881.290771484375,3973.241994256666,3858.8455846386023,3953.3126897147663,269251
2022-04-18,3911.135986328125,3926.6255856248176,3764.033569097023,3890.5652434986328,146408
2022-04-19,3853.666259765625,4032.9317413918707,3803.8922519218263,3947.3934217414917,123623
2022-04-20,3847.15478515625,3955.7797346747193,3804.7309097126754,3906.942947826883,99363
2022-04-21,3990.75439453125,4012.5090096248127,3847.746530006582,3847.746530006582,133065
2022-04-22,3977.040771484375,4061.5924877360376,3957.308737779457,3985.8708083934152,133402
2022-04-25,3934.1728515625,3977.040645251887,3887.358410387845,3976.941888738676,77143
2022-04-26,4060.310302734375,4116.053300758209,3936.5409223911133,3952.573200583809,250908
2022-04-27,3898.80322265625,4054.1438512112522,3877.3940141890166,4040.3311867022517,140331
2022-04-28,3904.9697265625,3941.2767191369944,3847.746825061584,3926.674965062847,85233
2022-04-29,3879.12060546875,3977.978047462432,3865.7027260243285,3934.370300572395,61297
2022-05-02,3866.886474609375,3884.3001385415732,3801.4255985710665,3878.133878127101,54298
2022-05-04,3791.411376953125,3913.848737824257,3764.9212672246413,3866.886403029141,57758
2022-05-05,3739.7138671875,3859.882006384612,3699.7564970196872,3832.553186567206,60902
2022-05-06,3695.415283203125,3770.34763129194,3646.529122655049,3650.4261510477986,363691
2022-05-09,3684.5625,3814.8924292539045,3539.2854117073357,3586.2968824708655,512668
2022-05-10,3725.1611328125,3812.869922038949,3651.4620386647252,3655.3590669589653,321867
2022-05-11,3893.771240234375,3916.759106467235,3699.756125367898,3702.7159302681926,385181
2022-05-12,3835.85791015625,3893.130185205779,3763.8359883316116,3893.130185205779,240679
2022-05-13,3867.528076171875,3984.8843012420184,3857.612680826019,3877.3447149990425,173653
2022-05-16,3828.90234375,3921.692279447732,3790.573013202081,3872.4115739606646,70957
2022-05-17,3833.73681640625,3879.367143631209,3783.716159924907,3846.8586667875534,149163
2022-05-18,3833.342041015625,3895.7939750430137,3813.215463249527,3839.2125136611567,178824
2022-05-19,3751.947021484375,3802.3624581569957,3693.737528741442,3802.3624581569957,121538
2022-05-20,3735.619384765625,3792.496875533968,3640.0669152660184,3760.9256216273375,229902
2022-05-23,3625.711669921875,3791.9540472328968,3583.7810999769586,3748.74084697458,208302
2022-05-24,3667.346435546875,3703.653426505911,3617.276398961412,3669.0238511429206,124229
2022-05-25,3537.8544921875,3694.9707930392383,3507.368599861409,3675.0908676466242,127696
2022-05-26,3557.488525390625,3617.917880659781,3386.855806318813,3546.5371499654516,215248
2022-05-27,3637.057861328125,3670.158397197189,3587.4317466544767,3601.096276819823,98573
2022-05-30,3808.0849609375,3842.813289604175,3608.002105284331,3608.002105284331,137010
2022-05-31,3871.86865234375,3903.292010068696,3771.876723378112,3798.4162104226016,256680
2022-06-01,3831.862060546875,3903.8348437689056,3785.0972385814484,3838.965785138193,114807
2022-06-02,3729.55126953125,3831.8618058888574,3685.992905830206,3831.8618058888574,97077
2022-06-03,3710.262939453125,3797.4292807886354,3689.5936856180588,3758.951821201533,90738
2022-06-06,3671.73681640625,3722.3986668799553,3644.901058688691,3711.6448051858997,85561
2022-06-07,3652.744873046875,3686.8811470900505,3597.2485278365834,3662.265483032908,82937
2022-06-08,3596.11376953125,3704.6893333194907,3581.364122489947,3652.744850865908,55106
2022-06-09,3612.639404296875,3641.7935327669634,3543.0346060419047,3561.632144473752,130668
2022-06-10,3600.7998046875,3630.6938812861263,3557.4387126215897,3566.564777404714,62391
2022-06-13,3492.372314453125,3573.470916001846,3480.286445120982,3557.6852907517,98682
2022-06-14,3469.730224609375,3556.107009245522,3444.9170477644634,3488.6235504877536,84517
2022-06-15,3546.093017578125,3560.2508477514275,3461.048002633099,3470.9633974931485,74566
2022-06-16,3483.7890625,3615.8949225305887,3442.2530381198426,3556.69882557238,196851
2022-06-17,3498.094970703125,3556.6002569248126,3435.593658682244,3477.573607833088,105807
2022-06-20,3403.775634765625,3536.0790101343305,3387.151300897287,3520.194627490942,112930
2022-06-21,3574.211181640625,3595.7685243672577,3425.1355737212384,3444.9169852770797,104432
2022-06-22,3514.4228515625,3600.109298295899,3489.017859939831,3533.0203883797244,108914
2022-06-23,3496.91064453125,3591.2298546438865,3480.582580607548,3542.8863758313723,88568
2022-06-24,3571.152587890625,3588.1714664570923,3518.3202619060103,3527.495464611426,64971
2022-06-27,3635.67626953125,3660.2919312453687,3579.4399784043,3591.229819335079,115817
2022-06-28,3649.58740234375,3667.9382894071814,3613.971227250763,3620.8280605539253,68469
2022-06-29,3700.54541015625,3716.0350074401445,3611.6031294548575,3611.6031294548575,130966
2022-06-30,3602.6748046875,3691.863500549644,3579.292152087255,3691.863500549644,177695
2022-07-01,3632.91357421875,3647.3180532628967,3510.278952815057,3615.89469740287,112850
2022-07-04,3650.6728515625,3674.1046413671374,3554.923110734272,3648.4529977915345,102006
2022-07-05,3700.742431640625,3722.7436944841065,3638.3892615581476,3650.524508854733,96724
2022-07-06,3724.9140625,3734.1388831185973,3643.37154270011,3701.728926632234,128712
2022-07-07,3750.11328125,3767.900379817194,3696.9990285840745,3735.290699110672,84820
2022-07-08,3770.1728515625,3786.6752764635144,3684.893555827882,3754.559685000815,138113
2022-07-11,3743.3935546875,3771.8529598264863,3679.5577808632224,3738.0080649158085,97218
2022-07-12,3686.820556640625,3755.0538867008713,3667.205485694759,3715.527003682967,79196
2022-07-13,3666.414794921875,3745.172058831948,3648.3311982077976,3738.2548545016516,116398
2022-07-14,3642.30322265625,3722.4440715336887,3623.6763244697577,3646.3548245180014,70284
2022-07-15,3735.4384765625,3743.14626679949,3637.7578142173656,3665.130131738999,218188
2022-07-18,3725.112060546875,3802.485978898224,3701.6924316405266,3744.776828734208,145635
2022-07-19,3697.3935546875,3764.8857484824794,3677.9760719800693,3735.191132536301,115232
2022-07-20,3654.655517578125,3744.184004365803,3624.4670535909418,3744.184004365803,162575
2022-07-21,3720.319580078125,3745.2709239458272,3634.4967423923986,3636.4730864611274,157379
2022-07-22,3743.047607421875,3812.367780437993,3704.904069675258,3743.195736728647,211679
2022-07-25,4158.4267578125,4215.493706654709,3756.042814705385,3774.81808791754,2558020
2022-07-26,4192.17236328125,4285.603850320369,4099.185264221572,4105.855426466734,1325373
2022-07-27,4233.0810546875,4249.138846841261,4150.32166435658,4181.99237834061,357065
2022-07-28,4228.33837890625,4298.448886278135,4214.849446356865,4249.139204568148,285434
2022-07-29,4331.50390625,4379.2324216580855,4207.735361148413,4249.139672150285,420294
2022-08-01,4298.251953125,4378.837186942437,4285.158674089291,4377.601971939068,236581
2022-08-02,4235.10791015625,4308.035302654134,4218.506811420071,4298.252495095104,279358
2022-08-03,4205.314453125,4249.139981763673,4171.272214169993,4235.305572520721,219114
2022-08-04,4269.84228515625,4303.489351029335,4187.082874559533,4226.757886541437,142418
2022-08-05,4423.3046875,4499.838797966031,4264.20900368263,4273.8436801870985,598049
2022-08-08,4409.37255859375,4458.287083302063,4392.425501584891,4443.810456834029,141291
2022-08-10,4360.06201171875,4477.605266944215,4350.081377777866,4409.371699201884,129367
2022-08-11,4357.88818359375,4410.904002848527,4322.264772333965,4385.507786835422,84024
2022-08-12,4346.3759765625,4401.911440414755,4327.89744818538,4360.161170069415,76046
2022-08-16,4348.40185546875,4400.527930687217,4328.193544206348,4347.956985047473,86557
2022-08-17,4366.880859375,4419.352897031618,4304.8238413686895,4367.720902203533,178342
2022-08-18,4368.609375,4413.521984134738,4334.12226967453,4367.670901130003,99369
2022-08-19,4244.0009765625,4401.17002503484,4226.658750703465,4374.637509933775,105937
2022-08-22,4178.18896484375,4268.902959735796,4150.322321965356,4249.040606408077,148705
2022-08-23,4215.8876953125,4239.25786653711,4140.44066685093,4150.273171222048,71988
2022-08-24,4209.90966796875,4255.267156200709,4172.606168860316,4239.159660459597,83669
2022-08-25,4167.6640625,4234.2672323058605,4151.3100111119575,4218.505698033075,77514
2022-08-26,4168.6533203125,4218.951667424187,4132.634735899582,4187.824245521064,155699
2022-08-29,4173.5439453125,4187.872437607287,4078.7286601939877,4140.341273562731,108148
2022-08-30,4223.892578125,4266.927281629102,4189.553596412028,4204.96869572304,90942
2022-09-01,4275.42578125,4304.922816846494,4189.849975346684,4208.625246462624,561313
2022-09-02,4221.37255859375,4314.260741739171,4199.731684766377,4298.548900878527,137592
2022-09-05,4201.8564453125,4274.042716114835,4184.909388093316,4207.736263075019,75436
2022-09-06,4222.50830078125,4247.163385937893,4162.180591337926,4233.328977514642,221774
2022-09-07,4243.1123046875,4312.383269006597,4185.897233618686,4207.3407623079165,210537
2022-09-08,4271.17578125,4345.980597080683,4239.258017616219,4273.844038738962,163571
2022-09-09,4319.7939453125,4417.12888837856,4293.706300727947,4298.548247079807,227470
2022-09-12,4607.10498046875,4624.645033748458,4329.13238543831,4338.075149178575,616082
2022-09-13,4663.3310546875,4733.3431262396125,4598.012799387922,4652.757905474735,425004
2022-09-14,4697.62158203125,4736.753289926764,4599.94068284496,4622.668638957835,180641
2022-09-15,4750.439453125,4791.004206563291,4648.41068573735,4707.8496224284345,177118
2022-09-16,4569.6044921875,4782.7534278310295,4535.710378872815,4743.226539997715,228866
2022-09-19,4578.34912109375,4644.408517465687,4520.887014341599,4599.9407763410145,136298
2022-09-20,4680.4765625,4759.135148260116,4584.129794877547,4585.266096148334,187013
2022-09-21,4624.39892578125,4760.173691698422,4604.8825245238795,4674.054579613294,257573
2022-09-22,4647.47265625,4676.030735627856,4535.809200390755,4593.518358953104,161342
2022-09-23,4573.5068359375,4703.698490587695,4558.14095508928,4654.289892997488,172528
2022-09-26,4368.56005859375,4565.15657840482,4281.403099662564,4565.15657840482,283242
2022-09-27,4389.95458984375,4432.2978611732515,4282.54008870047,4387.48415957372,120615
2022-09-28,4382.54345703125,4408.186717161009,4303.53890114508,4371.673563451241,109937
2022-09-29,4410.45947265625,4464.561899391909,4358.827476365142,4426.962141028227,162204
2022-09-30,4437.73193359375,4454.629769813293,4312.481143575939,4427.01017183268,91320
2022-10-03,4421.22998046875,4524.988048052949,4379.529408524161,4443.661679510739,149091
2022-10-04,4465.4501953125,4511.005019391754,4436.892122030444,4463.770592475816,127339
2022-10-06,4534.27685546875,4577.855341186039,4476.468788141258,4481.360432994408,163720
2022-10-07,4562.1435546875,4603.893826022431,4464.561559555558,4544.603499866315,140217
2022-10-10,4550.77978515625,4570.296185081734,4474.443486713533,4544.603709230464,73482
2022-10-11,4523.16015625,4629.4875753167935,4500.0867227202925,4566.886773569035,150757
2022-10-12,4633.98291015625,4653.894477443091,4468.760375449006,4537.685365484402,213733
2022-10-13,4546.08544921875,4650.782469380046,4521.875234349527,4628.54859858178,106791
2022-10-14,4553.64501953125,4683.935603223356,4535.660577393717,4581.659794165632,259293
2022-10-17,4367.6708984375,4550.828187350506,4344.794331292579,4541.638381017886,177719
2022-10-18,4236.095703125,4411.199981410959,4219.54382147432,4402.30643306134,407048
2022-10-19,4298.89404296875,4335.11044930943,4246.669057649253,4254.031131856825,206664
2022-10-20,4366.48583984375,4385.508154393564,4102.149780515161,4129.571558632426,1037194
2022-10-21,4370.8330078125,4460.312274424104,4331.256911105533,4387.4838029803905,329581
2022-10-24,4374.14404296875,4416.141359545317,4360.8037188797225,4416.141359545317,14070
2022-10-25,4396.0810546875,4419.895614344821,4352.304744734712,4396.03135658302,120480
2022-10-27,4444.99609375,4457.644504084425,4352.898257701593,4412.188585842819,100892
2022-10-28,4439.75830078125,4463.919301460959,4408.235707511168,4443.117989396756,72446
2022-10-31,4497.912109375,4511.005388981573,4446.774206005932,4461.547571092682,92168
2022-11-01,4500.1357421875,4525.779001177954,4434.274168241427,4490.254021190162,148022
2022-11-02,4495.1943359375,4525.827667310124,4453.691112787495,4484.028185568529,95223
2022-11-03,4449.34228515625,4517.3538664812195,4441.7745476234495,4492.226775224518,109666
2022-11-04,4443.60400390625,4482.8773040571195,4387.364522161392,4449.6878513375295,107648
2022-11-07,4449.83740234375,4510.9739276038035,4405.07341118571,4446.721331610837,180968
2022-11-09,4392.7080078125,4476.350192560473,4365.651662521246,4441.874400646584,139938
2022-11-10,4426.58935546875,4435.839027210906,4341.958409348526,4392.2125922672385,113794
2022-11-11,4411.6513671875,4492.22673493659,4393.64713673302,4441.774507787996,113224
2022-11-14,4410.2666015625,4433.3166349031635,4349.0808123961615,4417.389462302277,70142
2022-11-15,4407.00244140625,4421.841332765552,4360.754563336428,4407.249756262238,51530
2022-11-16,4450.3818359375,4471.452869741673,4391.17455918543,4394.290629954095,153540
2022-11-17,4428.2216796875,4589.817300039604,4404.331161673281,4454.585829250088,281721
2022-11-18,4252.4794921875,4439.400234482222,4220.4768564812375,4431.585182437913,265784
2022-11-21,4256.38720703125,4293.187363569008,4214.293933536863,4244.466342514674,75469
2022-11-22,4241.44970703125,4299.617966941522,4224.137667410714,4276.222078575991,78381
2022-11-23,4275.82666015625,4313.171204414657,4193.470810897645,4241.449894249505,142771
2022-11-24,4268.4072265625,4298.283055269952,4228.094903836404,4283.493433226868,87759
2022-11-25,4304.86181640625,4352.642857924998,4273.601119020853,4282.405432126275,75955
2022-11-28,4319.65087890625,4380.4410684297145,4291.40771338033,4302.240298126085,145227
2022-11-29,4252.826171875,4343.0960923643215,4243.922837251395,4319.650451307437,72081
2022-11-30,4295.81005859375,4322.0254350362065,4237.592041094358,4237.592041094358,94140
2022-12-01,4320.6396484375,4376.483534125411,4315.1494520468,4328.158116396434,101640
2022-12-02,4370.99365234375,4377.3740860358575,4288.439757228048,4321.134589152038,99209
2022-12-05,4350.56494140625,4495.095841180683,4308.323853437564,4402.204477025643,299103
2022-12-06,4368.76806640625,4392.213227105986,4309.511034986903,4350.763350005937,134608
2022-12-07,4261.185546875,4390.234144302906,4247.681769790416,4390.234144302906,104453
2022-12-08,4341.859375,4353.878779738334,4248.868994218501,4278.200437932113,93101
2022-12-09,4321.03564453125,4392.3115886961605,4283.49305834558,4342.15594558349,94332
2022-12-12,4161.86328125,4303.278096034395,4138.962024311794,4303.278096034395,159461
2022-12-13,4289.72509765625,4303.278143875816,4173.338832510277,4183.528493569574,170822
2022-12-14,4310.45068359375,4332.609998384053,4275.579288425541,4290.467449743616,62359
2022-12-15,4243.7255859375,4335.3808731639065,4229.134007019486,4303.279206329513,89635
2022-12-16,4098.84814453125,4238.927376038159,4087.966290831427,4238.927376038159,135127
2022-12-19,4111.609375,4129.168729323308,3974.8442631578946,4077.084318599844,193769
2022-12-20,4171.50927734375,4179.621398479807,4042.213350176211,4123.184337071293,95148
2022-12-21,4203.31396484375,4261.680270054711,4130.1580382332495,4176.653230519947,144501
2022-12-22,4114.03271484375,4224.335123327564,4070.505307011572,4209.298189225384,153222
2022-12-23,4042.064453125,4120.265458082077,4026.285813780085,4056.9528556049454,95281
2022-12-26,4091.725341796875,4133.125946025391,4000.0210398859695,4031.331246116241,71887
2022-12-27,4056.012939453125,4143.16679198738,4042.2623299607894,4105.426641277938,67131
2022-12-28,4042.905517578125,4078.716660912822,4007.5394926866297,4056.012963606905,108258
2022-12-29,4019.162841796875,4041.025328011222,4001.553977473659,4007.489533435301,77354
2022-12-30,4025.543701171875,4086.531444873477,4021.3393488391407,4031.1329200186206,83592
2023-01-02,4078.122802734375,4109.3834959891265,4016.3931135570183,4025.5437628920927,70637
2023-01-03,3990.67236328125,4098.5509061140765,3976.92175442267,4068.8238547783294,90524
2023-01-04,3899.71044921875,4005.017074391404,3879.8262367177704,3996.558857386706,205531
2023-01-05,3900.946533203125,3937.1532813378376,3881.853779003733,3912.4217970169675,93908
2023-01-06,3821.410400390625,3937.2032723950583,3806.027608483229,3920.732198437566,104555
2023-01-09,3912.669677734375,3927.3602781529767,3838.37643300078,3857.617482281494,161126
2023-01-10,3887.09716796875,3955.9989913941295,3858.1118180576077,3920.435162810846,80461
2023-01-11,3864.59130859375,3975.338848722183,3840.7500607473175,3907.5250694044653,147264
2023-01-12,4079.35986328125,4091.725607100102,3907.575046757136,3907.575046757136,989712
2023-01-13,4038.4541015625,4071.4955137441775,4016.3935664284304,4052.1059309540465,140966
2023-01-16,4015.453857421875,4065.8565810905884,3973.16301342148,4046.2691945130346,72813
2023-01-17,4036.326416015625,4055.9633106023625,3997.5970093034502,4035.535201755101,37853
2023-01-18,4046.5654296875,4054.974134284088,4016.0466816913467,4016.393019076213,27431
2023-01-19,4091.379150390625,4100.480530790716,4016.3934752738983,4029.3033597481067,50675
2023-01-20,4021.4384765625,4098.303641986903,3990.919727518145,4090.5876118950314,70720
2023-01-23,3920.880126953125,4051.5613905113582,3888.8777302225303,4042.60854462323,104181
2023-01-24,3872.208984375,3958.9174826403278,3861.426152469966,3937.1537737162043,68392
2023-01-25,3779.910400390625,3901.391494795315,3760.224236269886,3877.896585634899,59786
2023-01-27,3775.508544921875,3804.444382715394,3724.3638816383805,3783.917249921701,61151
2023-01-30,3844.85595703125,3897.6823161812604,3775.5087714989286,3795.986394247262,81011
2023-01-31,3903.765869140625,3934.284618116328,3840.6018016134676,3848.1695393859363,55837
2023-02-01,3940.467529296875,4002.4940457548614,3878.8861312679464,3917.8628552604187,95408
2023-02-02,3951.7451171875,4036.178506823641,3917.714689129491,3960.20333368563,76170
2023-02-03,3967.22705078125,3978.6530452432285,3914.0048463462826,3957.0376305788277,45064
2023-02-06,4068.7744140625,4130.157763172297,3958.0266372340984,3976.7730535081714,130644
2023-02-07,4235.31640625,4263.708346458561,4048.0992917203334,4095.732280455515,260084
2023-02-08,4140.10009765625,4346.806054428769,4095.7814671936076,4282.504189718285,745369
2023-02-09,4157.115234375,4228.984831807104,4136.192495071354,4204.352369824201,219315
2023-02-10,4299.47021484375,4323.064151269841,4135.154110106872,4162.80410721819,328872
2023-02-13,4211.12841796875,4329.987822591551,4184.5667099753855,4307.828511562153,295368
2023-02-14,4046.021484375,4213.057791203656,4036.1784015278977,4209.298798652256,242673
2023-02-15,4038.94873046875,4092.4182546887246,4017.4323363673757,4034.2497478489095,213847
2023-02-16,4255.298828125,4270.335762520107,4045.476836493746,4045.476836493746,350896
2023-02-17,4137.8251953125,4248.918844530027,4117.59464521672,4248.918844530027,136222
2023-02-20,4241.49853515625,4265.53782606271,4075.847354542814,4137.824353323838,188751
2023-02-21,4198.86279296875,4272.216290295043,4176.159093607301,4224.13818067113,80925
2023-02-22,4188.42529296875,4229.083951070617,4148.953939366122,4201.632002616299,102302
2023-02-23,4133.076171875,4225.225580985091,4116.357302926793,4210.3866911755185,103835
2023-02-24,4174.87353515625,4214.2458738142095,4126.696399675112,4153.604453868221,109493
2023-02-27,4047.060302734375,4172.696249555999,3989.68325615442,4172.696249555999,136024
2023-02-28,4083.76171875,4104.288850762175,4027.6212492709187,4051.1654291593186,110008
2023-03-01,4164.041015625,4187.535931375096,4067.241866127218,4083.2680650325783,124584
2023-03-02,4138.12158203125,4172.745663056724,4116.3086041999395,4153.900463599026,54701
2023-03-03,4175.2197265625,4195.895640191915,4122.24506420062,4144.998036717207,129669
2023-03-06,4179.37353515625,4204.352334318969,4154.889365679922,4196.141674739608,113583
2023-03-08,4184.51806640625,4191.739466939507,4141.336506401497,4141.336506401497,110640
2023-03-09,4171.85546875,4267.616075071782,4155.384395215639,4194.954773934512,164810
2023-03-10,4139.95166015625,4179.62105960149,4095.633031247869,4154.889574041717,76777
2023-03-13,4077.826171875,4161.368836385988,4025.5932284998435,4120.265302513213,99709
2023-03-14,4084.60302734375,4103.547249333983,4015.107308985559,4055.914503096728,79733
2023-03-15,4131.09716796875,4162.60468720058,4084.6019853603752,4084.6019853603752,74985
2023-03-16,4074.36376953125,4125.211604936779,4046.9610915547178,4125.162335182617,54551
2023-03-17,4156.8681640625,4199.159005093836,4085.6907541880096,4088.262925337633,96067
2023-03-20,4166.51318359375,4204.303085032674,4119.3750708586185,4204.303085032674,120295
2023-03-21,4177.1484375,4327.961248665466,4160.97394729804,4167.255842029307,336799
2023-03-22,4166.7119140625,4202.918426808677,4154.8900693409305,4187.535634171467,57400
2023-03-23,4217.80712890625,4229.084591208762,4137.083452733343,4154.890124696327,58950
2023-03-24,4196.29052734375,4252.777341679249,4172.597568987347,4224.1380857984905,107127
2023-03-27,4137.28076171875,4223.099012715289,4122.293095720458,4203.066510321284,56969
2023-03-28,4127.83349609375,4158.599562704118,4080.695378210999,4137.1324386512715,87283
2023-03-29,4152.8125,4174.42791741918,4085.8399193892174,4105.080727497962,84199
2023-03-31,4224.7314453125,4230.0733496612065,4162.952000300213,4173.586539240544,104076
2023-04-03,4188.62353515625,4236.998225668941,4149.399494558908,4225.127112265245,80034
2023-04-05,4198.41748046875,4217.312434257313,4150.933022631215,4183.578587394521,68397
2023-04-06,4210.1396484375,4219.389320290608,4166.166875578558,4207.814792276395,57829
2023-04-10,4221.91259765625,4248.869921371588,4180.660279710126,4220.181393380953,133286
2023-04-11,4429.65673828125,4441.379559995794,4204.352886537951,4204.352886537951,486593
2023-04-12,4405.271484375,4501.13063132261,4391.174536793385,4440.785803078504,260728
2023-04-13,4478.1298828125,4491.23756955183,4363.276772587305,4397.2579287792705,137512
2023-04-17,4483.22412109375,4500.635181365689,4417.042770589692,4466.505735545904,84737
2023-04-18,4558.75439453125,4575.32448862519,4473.628820773815,4501.130037458294,163275
2023-04-19,4592.04345703125,4617.863225917206,4546.290206346016,4569.340241918742,166263
2023-04-20,4637.3515625,4657.384065695176,4594.219755309441,4616.8736993524235,143506
2023-04-21,4681.869140625,4687.903237805076,4614.104857467902,4632.702744886032,172058
2023-04-24,4676.17919921875,4708.923293923858,4636.3117616710115,4708.874024176116,114136
2023-04-25,4654.6640625,4676.922401584187,4620.831193877287,4664.358612530808,136421
2023-04-26,4633.1962890625,4684.390461787809,4600.0560999552945,4620.8305468583185,63367
2023-04-27,4692.84765625,4708.873848697653,4619.840519625638,4629.634089216214,89405
2023-04-28,4798.10546875,4812.746312622003,4696.310304197516,4710.852608572657,184155
2023-05-02,4748.8408203125,4827.536696948398,4726.087853666147,4814.0329194440355,215613
2023-05-03,4747.95068359375,4773.127529563451,4717.580225562612,4747.456053873613,54071
2023-05-04,4764.47119140625,4803.249869054187,4733.60610571539,4753.391293200094,58655
2023-05-05,4732.7158203125,4793.901608588337,4716.788647943418,4755.36976314262,50389
2023-05-08,4736.9697265625,4771.29722177038,4700.96078015688,4741.421393967952,65169
2023-05-09,4747.4560546875,4801.717031603183,4718.767530914643,4748.346291576531,132614
2023-05-10,4713.3759765625,4777.826616942715,4665.396892654429,4740.630364563316,95820
2023-05-11,4673.60791015625,4746.466770964798,4624.787860412762,4730.687889755715,270091
2023-05-12,4697.00341796875,4722.575868905193,4579.281554713004,4669.304156026222,594553
2023-05-15,4644.96826171875,4896.833789179673,4596.445283749777,4837.873835231889,914785
2023-05-16,4629.73388671875,4710.853155674078,4610.047721713781,4674.2012889522775,195950
2023-05-17,4602.48046875,4698.982537972997,4561.030110038185,4629.734374255501,176775
2023-05-18,4570.279296875,4634.234818958224,4554.4018770969315,4612.520865466179,97729
2023-05-19,4507.11474609375,4580.963340997482,4479.910114706697,4580.270666256555,123842
2023-05-22,4542.1845703125,4554.055683204529,4475.458830050494,4513.001417786262,58538
2023-05-23,4510.37939453125,4560.436010702782,4491.286400606652,4559.990650812113,95077
2023-05-24,4552.0771484375,4616.873639412759,4462.79648720823,4515.969180184111,176185
2023-05-25,4553.36279296875,4576.313803355507,4502.168621044053,4555.539356777369,79951
2023-05-26,4571.2197265625,4587.64153040063,4527.939624674203,4555.440844773626,85723
2023-05-29,4590.955078125,4624.787944646025,4557.617324367518,4571.417203920346,81574
2023-05-30,4622.5615234375,4633.8887359542,4582.249205834359,4595.158846845929,73873
2023-05-31,4614.99462890625,4649.173351704219,4600.05671372313,4627.706710195633,52508
2023-06-01,4542.9267578125,4636.065439418,4520.915734814769,4607.6242299265505,100445
2023-06-02,4565.9765625,4579.7276561917815,4512.210694274452,4512.210694274452,62450
2023-06-05,4595.90087890625,4619.841148307054,4580.270774445752,4611.67975869816,98067
2023-06-06,4577.69921875,4616.379361005137,4552.572124578515,4596.099541675746,58389
2023-06-07,4655.2568359375,4673.212281034804,4570.3785699951795,4595.7037080293585,199220
2023-06-08,4532.044921875,4693.986889433191,4522.993294381927,4660.500359951504,153899
2023-06-09,4410.9091796875,4560.83171663061,4396.663942355275,4560.83171663061,157390
2023-06-12,4361.79345703125,4440.340565249955,4319.107005927725,4431.931859443637,507385
2023-06-13,4521.26123046875,4525.861189496624,4374.553789957658,4397.257483565573,174163
2023-06-14,4578.193359375,4614.30132651849,4494.798987378867,4549.504837534967,136491
2023-06-15,4582.3974609375,4618.060549233168,4560.485463614474,4579.281390687939,90604
2023-06-16,4603.7666015625,4633.691702759871,4575.374659443132,4583.14044346867,78435
2023-06-19,4591.9443359375,4645.562391507368,4580.370290158959,4595.1101594019865,49050
2023-06-20,4567.70751953125,4626.370895435231,4540.700929440168,4605.002794454026,72347
2023-06-21,4619.248046875,4629.734293805947,4547.675028011891,4567.707532167782,92610
2023-06-22,4505.03759765625,4648.529466390893,4492.770395865428,4619.247294404699,121683
2023-06-23,4410.61279296875,4528.235632569531,4393.449046712854,4508.994828117018,119027
2023-06-26,4409.4267578125,4434.751900960683,4356.551120384437,4397.308327338876,66389
2023-06-27,4375.3955078125,4449.688988826463,4367.135094829699,4441.774913257185,76029
2023-06-28,4438.51025390625,4449.737961440932,4356.450995112291,4401.165712307502,111104
2023-06-30,4453.646484375,4478.576018195319,4402.304010449489,4460.323986322919,96878
2023-07-03,4424.16650390625,4471.45291452207,4401.3145129790855,4471.45291452207,85012
2023-07-04,4503.8017578125,4533.776126375896,4422.979066337907,4451.618321053537,136140
2023-07-05,4565.43212890625,4582.249538698537,4500.190278291444,4540.700643917592,145504
2023-07-06,4566.6689453125,4601.243756374769,4546.982778824993,4573.494738923958,58771
2023-07-07,4490.38037109375,4573.60436605693,4458.428301598958,4547.596867630937,156429
2023-07-10,4421.5224609375,4497.018707669233,4391.5519148743415,4490.380409743764,99707
2023-07-11,4229.611328125,4433.559734626724,4210.737509970818,4433.559734626724,399943
2023-07-12,4253.3896484375,4265.229445167436,4167.441064379828,4210.7375474939845,258551
2023-07-13,4292.62353515625,4318.878719915144,4240.6583748296325,4289.898940511459,132186
2023-07-14,4362.37353515625,4371.241046744278,4292.970864810281,4294.952388403546,82153
2023-07-17,4394.32568359375,4428.556794556714,4339.635921680043,4379.167221335755,74730
2023-07-18,4343.6982421875,4421.225355984579,4333.295242892045,4398.982559220888,154109
2023-07-19,4377.08642578125,4389.074740223074,4281.081704854154,4355.884220178497,117697
2023-07-20,4433.60986328125,4446.539111708864,4344.094434810833,4379.167306986002,151403
2023-07-21,4346.12548828125,4432.321771526568,4329.678744379204,4422.761016173562,52083
2023-07-24,4381.64404296875,4386.498679015244,4315.758383532363,4384.665672938496,330161
2023-07-25,4268.59814453125,4378.127154404981,4227.580701783614,4378.127154404981,566511
2023-07-26,4267.607421875,4299.3616288786925,4214.700836757239,4299.3616288786925,299832
2023-07-27,4226.1435546875,4278.109201558726,4210.737403108983,4267.210822397739,122429
2023-07-28,4231.8408203125,4250.31891549913,4164.667361598386,4240.460641760697,197155
2023-07-31,4225.35107421875,4309.813511425421,4167.78772113966,4242.491058583625,613254
2023-08-01,4512.27587890625,4572.365482370103,4185.968399352911,4186.067572282121,1142911
2023-08-02,4545.9619140625,4566.421048083626,4429.448231876735,4507.966103011608,451482
2023-08-03,4462.04443359375,4628.83928497665,4423.800930075945,4521.390970651759,274815
2023-08-04,4464.22412109375,4506.9753957014,4425.23754779079,4482.107177946636,98925
2023-08-07,4364.00927734375,4414.835170969931,4304.9099410570925,4329.629644779758,272418
2023-08-08,4435.9873046875,4461.647937759205,4369.259402768688,4386.993941685711,117440
2023-08-09,4420.38330078125,4459.419222101095,4403.936556818345,4429.696365699622,75190
2023-08-10,4369.11083984375,4438.41433462616,4349.5926396825635,4419.540516624659,153363
2023-08-11,4429.5478515625,4450.9484049420325,4362.819942136022,4379.167513169346,73883
2023-08-14,4441.04052734375,4452.830496284239,4367.278116107763,4429.547593442014,122038
2023-08-16,4450.056640625,4488.399321577606,4397.249222226546,4441.041093901227,99653
2023-08-17,4404.23291015625,4458.22942426097,4376.789100589103,4458.22942426097,102032
2023-08-18,4374.01513671875,4426.82303255795,4328.539265443158,4405.224134386175,98941
2023-08-21,4421.42333984375,4445.697005534908,4344.589950725424,4359.35220575902,82346
2023-08-22,4448.2236328125,4468.335904684615,4412.952414504805,4421.423234740548,110271
2023-08-23,4472.05078125,4512.820529890206,4419.788099729992,4455.604039695315,135623
2023-08-24,4502.56640625,4522.827678845217,4468.3357791000935,4481.711063582988,142725
2023-08-25,4465.8095703125,4507.966292351487,4455.00987943097,4492.1141031915695,62971
2023-08-28,4467.79052734375,4506.925614369109,4448.5200188319795,4498.058103674207,53979
2023-08-29,4582.1748046875,4605.061502281247,4478.243973819112,4492.114640994659,452419
2023-08-30,4584.2060546875,4623.539012610054,4566.322511787026,4597.135304222438,161993
2023-08-31,4562.3095703125,4608.330165648436,4545.466619716825,4592.180941820748,215937
2023-09-01,4556.66162109375,4582.322252624742,4504.002732969398,4567.362137822329,95140
2023-09-04,4514.75341796875,4582.273744059558,4494.195108738645,4566.619899696142,101519
2023-09-05,4562.8046875,4596.14372338049,4517.873545724301,4531.793554698041,94875
2023-09-06,4642.80908203125,4680.55720429462,4510.046997562899,4587.227246928848,250304
2023-09-07,4643.056640625,4679.3186191219465,4617.99007691755,4641.719015445977,69512
2023-09-08,4619.376953125,4680.605830972977,4607.041776795119,4652.072088315159,73909
2023-09-11,4641.767578125,4665.496512656303,4596.341544435105,4620.912239335103,84625
2023-09-12,4464.37255859375,4665.497198938741,4448.569714772771,4647.7128315675645,121853
2023-09-13,4434.74853515625,4510.244286315415,4415.874234538688,4488.150493948273,138105
2023-09-14,4498.45458984375,4527.781234638374,4428.705058825718,4448.520293988249,82502
2023-09-15,4501.57568359375,4537.689145519866,4471.30810343475,4517.576874038066,50181
2023-09-18,4447.67822265625,4509.303799915752,4429.002266035403,4482.2063680234205,101940
2023-09-20,4473.63671875,4480.225188449513,4383.081180337285,4407.899571740797,107901
2023-09-21,4452.28564453125,4468.336180862043,4418.748741143588,4468.336180862043,84700
2023-09-22,4428.06103515625,4480.224543491701,4418.797316225782,4480.224543491701,102180
2023-09-25,4409.9296875,4482.9983631438035,4401.954249293805,4413.843389737543,108295
2023-09-26,4399.923828125,4436.582014882523,4374.213365796356,4433.659074051799,90454
2023-09-27,4403.78759765625,4417.459916721618,4389.867104375308,4407.899162292036,71124
2023-09-28,4317.39306640625,4428.606078595101,4289.007837554893,4428.606078595101,422876
2023-09-29,3731.90234375,3963.0967015821707,3692.222286132859,3963.047115116192,3246796
2023-10-03,3785.056884765625,3827.3127781717894,3747.0610735298233,3764.8947856724826,828923
2023-10-04,3789.8125,3808.438870696161,3734.1813202531,3784.7101733528366,415070
2023-10-05,3661.459228515625,3729.722616494303,3616.329982321794,3716.842713714538,1819526
2023-10-06,3684.29638671875,3710.403057724112,3661.9053144654813,3693.064725678672,441921
2023-10-09,3685.534912109375,3700.4955128108363,3640.059039910847,3677.7575767115723,295898
2023-10-10,3668.9892578125,3725.2645796264537,3661.4596128358753,3704.4585806444975,194379
2023-10-11,3668.097412109375,3713.3255909284194,3663.8370880485572,3691.826108529188,273902
2023-10-12,3684.741943359375,3693.0146584415315,3657.545341126185,3688.1104363927398,234432
2023-10-13,3657.447021484375,3691.5291329828883,3646.9944354019544,3684.1480054447616,251564
2023-10-16,3661.013427734375,3677.5097571023334,3646.003482975665,3665.818719296185,153337
2023-10-17,3662.648193359375,3689.5472789079,3648.9260459647394,3680.680009361982,180414
2023-10-18,3641.446044921875,3675.7265020454433,3616.33037689213,3670.772692743495,211278
2023-10-19,3614.59619140625,3640.9998956585932,3607.363582153155,3636.0956733046087,121817
2023-10-20,3573.08349609375,3663.738206815128,3567.7334787724785,3606.6704684757538,169108
2023-10-23,3497.63671875,3590.9168421135655,3482.5276018429995,3566.7423518164437,377393
2023-10-25,3444.185302734375,3509.92220320536,3422.091266159489,3465.8828894571,237988
2023-10-26,3398.114990234375,3423.0821401006133,3377.507095688275,3411.1929980800032,264742
2023-10-27,3400.24462890625,3423.081734877768,3372.1070928758004,3403.26650052247,264861
2023-10-30,3392.5166015625,3403.266462835281,3325.5412553143765,3393.3588457673472,484497
2023-10-31,3406.487060546875,3457.7589882377933,3383.451846656752,3422.0915602788937,208068
2023-11-01,3447.60302734375,3489.4627091902257,3343.820739215506,3358.6821647231304,765465
2023-11-02,3444.928466796875,3500.36154276679,3437.8443745865566,3472.62021154758,140765
2023-11-03,3506.157470703125,3541.973412794504,3447.85104238458,3447.85104238458,169256
2023-11-06,3602.459716796875,3609.1473593655505,3504.5228099815113,3517.3037831327797,202226
2023-11-07,3571.34912109375,3611.8714203896134,3551.8807501378633,3611.8714203896134,103360
2023-11-08,3569.86328125,3615.5870834297853,3563.8693658709612,3602.409903118894,93643
2023-11-09,3564.01806640625,3601.3697397898613,3541.973615234511,3584.5763748023664,60709
2023-11-10,3584.07568359375,3588.5937457873406,3531.3985741752876,3546.889003860648,77028
2023-11-13,3612.524658203125,3663.0667398889436,3596.5377424444982,3614.1629619167206,145731
2023-11-15,3619.97216796875,3645.3920590012904,3614.411438017441,3632.2849011724725,58681
2023-11-16,3624.092529296875,3643.0086577003954,3609.2476751684153,3633.1781085085418,95145
2023-11-17,3594.6015625,3634.220973661144,3589.5870148657327,3634.220973661144,106571
2023-11-20,3581.444580078125,3618.9788980800786,3559.897177543925,3598.473920204104,196698
2023-11-21,3601.254150390625,3640.228225086381,3586.7072360407947,3597.4808156931763,79702
2023-11-22,3585.06884765625,3628.759532039141,3575.5859347200953,3609.3966150967235,73308
2023-11-23,3682.0322265625,3712.714903197695,3584.6217706722864,3584.6217706722864,367164
2023-11-24,3706.50927734375,3718.1269794569434,3675.975445643711,3685.9051470095774,157927
2023-11-28,3666.74072265625,3717.084259379184,3645.64010755436,3713.7082579326197,187097
2023-11-29,3677.712890625,3697.572291991858,3658.647913797683,3673.989252868714,348892
2023-11-30,3675.081787109375,3693.848825300438,3649.264564136845,3693.7991283098527,109143
2023-12-01,3703.678955078125,3741.362363051537,3684.465129740712,3693.8486483868282,116640
2023-12-04,3713.8076171875,3742.5043564879943,3705.963007838955,3739.5254461485238,146820
2023-12-05,3776.7119140625,3812.508533095114,3707.8990406411863,3718.672862727231,247849
2023-12-06,3767.775146484375,3808.040130376481,3756.405687930698,3798.110429906138,130672
2023-12-07,3769.215087890625,3791.7557029940713,3738.383560370123,3767.7753297372656,97569
2023-12-08,3776.165771484375,3800.9900231637125,3728.6026022364977,3793.145656602775,130517
2023-12-11,3774.279296875,3785.3508163641327,3739.2771013436018,3773.286326789003,57768
2023-12-12,3742.9013671875,3804.6643008390156,3723.2407533086675,3788.180900344844,113701
2023-12-13,3763.20751953125,3777.555887805892,3698.5153774066357,3748.41212080907,68326
2023-12-14,3835.495849609375,3855.7028880604475,3758.2429699740073,3773.28636997932,248411
2023-12-15,3843.5390625,3951.474865230981,3799.9972261023418,3844.780275140477,421049
2023-12-18,3854.511474609375,3887.4780342308827,3815.289154723776,3842.5958331251427,140390
2023-12-19,3840.21240234375,3856.695802692655,3798.954689331139,3854.411923016698,86789
2023-12-20,3695.1396484375,3893.336333163357,3672.996366921449,3853.716923498822,215895
2023-12-21,3717.58056640625,3799.8979310691284,3654.3284211207038,3660.385635547259,194924
2023-12-22,3737.04296875,3790.1668690630395,3711.374594713122,3735.5535136010362,174458
2023-12-26,3771.151611328125,3808.040353769743,3729.6951094324572,3751.4410577684716,151623
2023-12-27,3823.927734375,3853.7168364345303,3744.49012888292,3793.145662246819,194880
2023-12-28,3813.55126953125,3841.6026741463597,3789.173805708296,3833.410671028673,98788
2023-12-29,3826.1123046875,3856.695831963427,3793.1457461638233,3824.920789063625,85727
2024-01-01,3830.431884765625,3856.149713567342,3805.1111470369738,3824.9208521868736,70286
2024-01-02,3829.737060546875,3870.0018066162197,3784.45752425771,3832.864819582751,90311
2024-01-03,3840.65966796875,3854.7100985348848,3808.1893503244537,3837.432515001146,74420
2024-01-04,3769.51318359375,3855.554191373741,3753.0300247829086,3842.7944281503237,296664
2024-01-05,3795.777099609375,3802.9761329174726,3756.0088405848082,3773.236726564063,150782
2024-01-08,3584.323974609375,3801.03969005396,3574.692213518926,3798.1601738516906,637074
2024-01-09,3476.239501953125,3607.4604048458655,3451.365552245744,3584.6220923461533,726913
2024-01-10,3466.508544921875,3510.497171740531,3436.769136948578,3495.2549827296234,349077
2024-01-11,3506.574462890625,3526.6326525567697,3470.6289942811545,3495.2050038967586,274714
2024-01-12,3510.000244140625,3539.9381938877855,3497.290179139136,3539.9381938877855,235308
2024-01-15,3511.3408203125,3525.987129292411,3483.736203038376,3519.086035579965,219075
2024-01-16,3465.21728515625,3517.099971064815,3457.720312678854,3500.219479955808,154577
2024-01-17,3421.72509765625,3485.3248778871766,3410.8521240861687,3457.720261993404,185354
2024-01-18,3378.580810546875,3435.6268950718277,3364.1827439038393,3421.725313485448,187213
2024-01-19,3387.020751953125,3435.6265861443394,3375.6015966768246,3412.837972577804,144779
2024-01-23,3338.71337890625,3428.328937576457,3315.0309431632713,3418.200447809422,154574
2024-01-24,3396.255615234375,3400.9225261284287,3308.5763086306347,3338.71304754723,104919
2024-01-25,3321.038330078125,3403.901639772668,3306.59056605688,3403.901639772668,210184
2024-01-29,3300.732177734375,3356.239112236233,3273.028165051541,3336.379709205249,220222
2024-01-30,3284.794921875,3340.3018557610535,3279.7803741804382,3316.5202693801584,137530
2024-01-31,3393.4755859375,3400.9228622782553,3263.694432057476,3286.7312917200074,282092
2024-02-01,3299.242431640625,3398.5394380413622,3291.944004700438,3391.5886475933107,119362
2024-02-02,3301.82421875,3342.387145419169,3296.660822573008,3328.584715195354,62110
2024-02-05,3212.4072265625,3306.5905405815365,3194.881400697025,3301.6256899200025,189760
2024-02-06,3238.572021484375,3271.8365202486634,3180.483269910916,3198.5552774711236,208032
2024-02-07,3071.454833984375,3220.2017922694113,3008.7985708382284,3197.413178672073,2573353
2024-02-08,3051.7939453125,3083.171894737528,3023.891633362221,3078.2070446654866,528933
2024-02-09,3007.110595703125,3068.2776516837757,2980.0027055354913,3064.8022562854285,328102
2024-02-12,3052.340576171875,3104.521206587393,3018.9272272431153,3042.460571560458,263915
2024-02-13,3081.6826171875,3092.5555909865716,3008.699316925447,3078.207221936926,129061
2024-02-14,3081.037109375,3093.101598092857,3029.6012140903895,3043.453097320901,92609
2024-02-15,3104.123779296875,3117.9259660622597,3088.186561463188,3093.995290817974,111368
2024-02-16,3151.935546875,3162.063794075133,3102.8829176840354,3110.9755275606444,173996
2024-02-19,3150.048828125,3171.4471400743446,3137.9840958235654,3163.553076177955,94090
2024-02-20,3180.979736328125,3196.3707729796265,3118.9191046688434,3134.8066263736196,156900
2024-02-21,3142.7001953125,3210.9668793868354,3128.8980099748287,3210.9668793868354,216846
2024-02-22,3171.844482421875,3187.3346707397436,3111.670396566753,3142.750409607934,128532
2024-02-23,3128.55078125,3191.1575932524293,3120.6070206133545,3182.4691050560987,247817
2024-02-26,3087.044921875,3139.771735850971,3078.952311808949,3128.5511242367133,112245
2024-02-27,3098.613037109375,3106.9041923725904,3053.5817440254486,3093.1020043150506,132308
2024-02-28,2996.485595703125,3098.6126597354296,2978.9100747469824,3098.6126597354296,148318
2024-02-29,2999.86181640625,3013.1675176691024,2967.9376848936377,2996.4855728926445,156302
2024-03-01,3032.182861328125,3044.744077770708,2997.428909977962,2999.861880511934,77396
2024-03-04,3028.75732421875,3076.221343071211,3015.501318953534,3073.2424327970944,109680
2024-03-05,3022.0546875,3105.0173846866805,3013.6641389587703,3029.303417439364,330334
2024-03-06,3004.28076171875,3032.530712834451,2978.9103269493626,3032.4810158441333,223179
2024-03-07,3038.2900390625,3083.172240258691,2999.5145071695465,3010.288330002991,295715
2024-03-11,3028.409912109375,3062.220349579812,2998.819355077805,3039.4814315925173,102055
2024-03-12,2997.727294921875,3047.3758042282025,2973.0024342570687,3047.3758042282025,120796
2024-03-13,2903.692626953125,3009.592784292893,2893.6635326226265,2993.8046576946813,309551
2024-03-14,2976.97412109375,2984.1234574833106,2878.8686246097623,2897.536511377865,140637
2024-03-15,2980.05224609375,2988.889825816313,2943.4614417984685,2988.889825816313,109494
2024-03-18,2990.27978515625,3009.6923992648826,2942.269825858478,2979.5062049321937,94195
2024-03-19,2976.378173828125,2998.7696980384126,2945.3478582441185,2998.7696980384126,115608
2024-03-20,2945.6953125,2973.8955645882766,2911.487543201473,2973.8955645882766,152712
2024-03-21,3064.355224609375,3077.214138076135,2952.745247234884,2952.745247234884,162769
2024-03-22,3071.206787109375,3103.031526934483,3052.390052414912,3073.1927272866133,118363
2024-03-26,3105.960693359375,3126.8627618943774,3000.755562542016,3000.755562542016,263767
2024-03-27,3114.00390625,3165.588654056932,3072.745950432615,3107.996388707088,566381
2024-03-28,3092.40673828125,3115.9400804614365,3064.851818831663,3106.010379758882,294812
2024-04-01,3108.691162109375,3143.8919004822637,3074.383999775841,3137.7852318899268,117937
2024-04-02,3128.749267578125,3185.596803558437,3099.109256718098,3128.550722050833,191518
2024-04-03,3123.436767578125,3133.7138614116166,3097.917487589208,3107.996035911657,98215
2024-04-04,3110.925537109375,3151.6373100420305,3105.0174136686487,3147.715126744361,85870
2024-04-05,3125.472412109375,3157.6445425543548,3103.0311935479117,3122.8905931866184,261433
2024-04-08,3074.63232421875,3147.665318892225,3069.816564996054,3147.665318892225,151617
2024-04-09,3036.10546875,3106.9040428010867,3029.601466122942,3106.9040428010867,186296
2024-04-10,3222.8828125,3239.366212144762,3015.6997104850766,3055.3688151247593,884498
2024-04-12,3273.474853515625,3296.6608028184387,3206.499067316728,3221.1950735972937,568001
2024-04-15,3221.939697265625,3279.6808109888543,3190.710836441916,3213.201511994892,297843
2024-04-16,3206.797119140625,3242.692893314074,3169.610435279369,3177.504499535532,318346
2024-04-18,3206.15185546875,3301.6258410917803,3191.4061513590923,3217.2233759811634,258712
2024-04-19,3199.9951171875,3229.5359787831367,3147.715336408996,3187.434141915734,204308
2024-04-22,3255.5517578125,3259.076607609992,3210.023983282332,3233.259385874522,252822
2024-04-23,3350.4296875,3365.1753892292604,3260.7646888612912,3275.7583906706004,537626
2024-04-24,3260.417236328125,3394.9646812869987,3256.197113515762,3376.0982498905514,308350
2024-04-25,3283.603271484375,3327.64134995578,3233.160341929805,3261.906777834068,219631
2024-04-26,3286.48291015625,3316.5202567933757,3249.693318104256,3286.7311526904414,314560
2024-04-29,3400.7734375,3430.6119923766782,3293.6815248956636,3299.490496426935,584654
2024-04-30,3395.212890625,3441.336301603329,3384.041977407326,3400.773619951975,319818
2024-05-02,3404.249267578125,3445.60637683174,3381.2618634423466,3399.8800535188866,183341
2024-05-03,3411.49755859375,3440.641327413291,3357.7780227170215,3425.746776212368,498125
2024-05-06,3416.710693359375,3473.4093825950267,3406.9797803950632,3445.6062200127913,363090
2024-05-07,3353.359130859375,3442.0311591598133,3308.129298242068,3435.6762480406796,390962
2024-05-08,3387.417724609375,3411.1995497931302,3159.2334150022243,3353.359047915021,1104255
2024-05-09,3199.548095703125,3400.9224734168797,3187.6324549203505,3400.9224734168797,417648
2024-05-10,3224.719970703125,3271.786654633808,3189.0227454882033,3225.1170617578687,206898
2024-05-13,3213.896484375,3244.03322300936,3147.863974632079,3207.2933303704417,190352
2024-05-14,3312.79638671875,3328.535059253711,3201.534042203359,3236.9830251177764,164996
2024-05-15,3300.8310546875,3433.6904983966197,3277.7941975729445,3410.852186810986,574233
2024-05-16,3295.9658203125,3331.3651086847467,3263.7934424573195,3321.4851043182066,120387
2024-05-17,3404.34814453125,3410.802449903825,3291.7454370009814,3302.618410643761,376376
2024-05-21,3359.515869140625,3436.7689932756048,3354.2530789983575,3410.9020730595607,152043
2024-05-22,3326.301025390625,3395.957781751253,3316.818112339755,3361.104433863542,79344
2024-05-23,3307.186279296875,3351.2740543307805,3273.2265082735194,3336.329805988823,109024
2024-05-24,3331.961181640625,3363.190045744672,3290.8520701707043,3313.740081618203,107938
2024-05-27,3343.18115234375,3378.034254002523,3306.639807740032,3326.449510819602,118079
2024-05-28,3313.392333984375,3361.15404974631,3282.907958353684,3346.209801442131,103479
2024-05-29,3290.9013671875,3325.4070772214795,3276.850937625412,3283.752031147341,146910
2024-05-30,3208.48486328125,3291.4475616726713,3189.4695832825755,3271.836402658256,179964
2024-05-31,3164.99267578125,3242.047249492363,3153.374974551243,3232.514639936068,132888
2024-06-03,3280.17724609375,3369.643946747573,3137.7854344253224,3251.9769929566232,410020
2024-06-04,3027.01953125,3227.152695349543,2855.7321958814473,3227.152695349543,454767
2024-06-05,3277.39697265625,3291.6956440952604,3053.382837282934,3065.2984776235503,244470
2024-06-06,3295.81640625,3328.286720447745,3262.1051219284814,3290.70270752156,87870
2024-06-07,3305.845458984375,3316.4701897774657,3253.9627751270696,3254.012472113233,63466
2024-06-10,3411.54736328125,3423.760944136443,3291.745616309554,3316.520172104327,261418
2024-06-11,3460.550537109375,3530.00874795487,3408.369909241939,3412.5900322176935,470032
2024-06-12,3489.346435546875,3512.0853526104447,3443.669813471249,3460.5006072512065,309078
2024-06-13,3537.009033203125,3566.748437868078,3495.3042908895227,3523.057755444304,241256
2024-06-14,3520.3271484375,3582.5863234790504,3508.163265053152,3562.7766190236935,138042
2024-06-18,3574.394287109375,3580.6500469908146,3510.893900068711,3510.9435970567247,157434
2024-06-19,3612.276123046875,3645.044134059024,3548.9245866051892,3591.5726009376513,365745
2024-06-20,3743.745361328125,3812.0120528184266,3632.036229798541,3639.2352627193363,1034470
2024-06-21,3664.90380859375,3820.6510240907483,3649.5127719679936,3763.3070005334957,444435
2024-06-24,3632.036376953125,3693.650220035749,3586.7568435022017,3664.903784175653,128573
2024-06-25,3511.986572265625,3664.059853780005,3504.1916596177884,3630.398262662174,237521
2024-06-26,3567.095947265625,3613.417901715247,3512.1349597050917,3515.064172778364,276820
2024-06-27,3588.097412109375,3643.1575549906247,3535.2714519255783,3574.6923159246576,200761
2024-06-28,3549.123291015625,3646.3846613892542,3535.9664375202183,3599.4668253395967,162417
2024-07-01,3595.544677734375,3628.9580241244194,3543.9599303042187,3579.110974342989,266306
2024-07-02,3579.260009765625,3669.0244070856183,3570.7203701975327,3603.4883824935614,414904
2024-07-03,3598.821533203125,3634.2208198192425,3575.8341302446656,3606.070263319878,166954
2024-07-04,3633.426513671875,3673.9894399994446,3563.273271740002,3624.142388514592,334561
2024-07-05,3646.807373046875,3703.763864902172,3607.410296372165,3640.3902464655393,199447
2024-07-08,3644.767822265625,3696.749947847421,3602.5355027870123,3646.8073609380153,121947
2024-07-09,3672.923095703125,3708.8876684007173,3648.20039700253,3681.0312159556474,298779
2024-07-10,3655.711669921875,3700.9286120477254,3590.497677655979,3690.930086977703,231028
2024-07-11,3627.25830078125,3670.037853167443,3616.7127894147934,3655.7117746402214,87835
2024-07-12,3638.450439453125,3697.894116763594,3614.47413961024,3627.855136385177,120592
2024-07-15,3641.33544921875,3671.927799721726,3613.180489446349,3617.358908254329,59153
2024-07-16,3646.558837890625,3723.7608579206794,3637.05774958292,3666.10800049343,300978
2024-07-18,3642.231201171875,3677.2506932335873,3608.355716265231,3660.1389208170795,290141
2024-07-19,3526.92529296875,3651.1350738093015,3516.8769758820663,3639.2463869240732,134381
2024-07-22,3572.291259765625,3596.466727841775,3476.08706696519,3490.2142182588623,152745
2024-07-23,3538.764404296875,3589.2542253590245,3407.3415413814746,3572.291586650986,123236
2024-07-24,3513.44482421875,3550.503854359234,3500.56126366046,3531.8001878850314,188739
2024-07-25,3496.2333984375,3508.967824905316,3433.456797777203,3498.9692999373087,245304
2024-07-26,3512.449951171875,3552.493601192243,3480.1165691678507,3508.918102405946,158228
2024-07-29,3552.493408203125,3587.46310537677,3496.9794329234446,3534.7846159820765,255792
2024-07-30,3751.816162109375,3779.5234792961314,3570.4011705830485,3570.4011705830485,741208
2024-07-31,3781.463623046875,3801.361089057344,3608.4054609986156,3740.673817725413,983055
2024-08-01,3667.3017578125,3770.5696506481527,3641.584429807298,3770.5696506481527,355652
2024-08-02,3587.711669921875,3680.035951064908,3569.6050263370885,3622.333305711633,266577
2024-08-05,3438.232177734375,3566.471486063181,3432.9097515524363,3496.9794920317945,186557
2024-08-06,3448.23095703125,3573.535204194387,3433.904878254578,3458.6771269818637,285809
2024-08-07,3583.384521484375,3601.44137486852,3484.046324527502,3496.9796775311734,246049
2024-08-08,3531.2529296875,3625.318247277393,3519.11552419922,3566.620723515218,94435
2024-08-09,3531.999267578125,3611.3902083392504,3516.877241454339,3573.5850215852856,86254
2024-08-12,3449.125732421875,3531.799790879454,3434.3022191875707,3514.04120745142,155475
2024-08-13,3260.249755859375,3449.1263153722803,3245.425997230689,3432.3130529352416,449800
2024-08-14,3221.001708984375,3292.1846952162973,3209.8589343505846,3260.2494098464877,340278
2024-08-16,3307.854248046875,3315.763685356166,3230.204578710128,3233.3383325537734,156142
2024-08-19,3264.427978515625,3333.671256564077,3255.4741189174106,3307.9536848958332,237931
2024-08-20,3272.38671875,3291.6871619436565,3245.475349736792,3282.982021322219,91501
2024-08-21,3285.718017578125,3338.1975811262464,3279.0524154303766,3282.9821161609243,276233
2024-08-22,3317.504638671875,3367.0491352284052,3295.169538537782,3295.169538537782,205883
2024-08-23,3275.32177734375,3322.8767689016363,3259.8018998451457,3322.8767689016363,116336
2024-08-26,3288.50390625,3301.9346958218207,3273.1331623178253,3273.1331623178253,122169
2024-08-27,3273.58056640625,3342.774048031846,3258.7072602167596,3288.5036648349637,266780
2024-08-28,3273.531005859375,3291.0408730772924,3246.271574622492,3283.081886685328,208936
2024-08-29,3262.8857421875,3282.086844447574,3233.338055306037,3274.0780662250977,86797
2024-08-30,3281.48974609375,3305.9139323297336,3261.294013950294,3293.229298719065,143368
2024-09-02,3279.102294921875,3323.871592030942,3267.16381569279,3283.827942950054,114522
2024-09-03,3311.087646484375,3330.1894091377144,3271.1435785911813,3271.1435785911813,107633
2024-09-04,3319.544189453125,3341.7797068073432,3287.310388871141,3302.979644715802,87645
2024-09-05,3331.18408203125,3357.6973580884123,3313.1767783033883,3332.825525806276,83812
2024-09-06,3281.4404296875,3360.6321982353506,3273.1331405187343,3337.3522602881685,174090
2024-09-09,3334.26806640625,3341.530690060323,3201.1044211862904,3283.0818837957772,114550
2024-09-10,3347.94775390625,3393.9108541679725,3316.0620144127197,3316.0620144127197,124014
2024-09-11,3285.2705078125,3366.6511909711,3280.097215316701,3358.791789187961,135118
2024-09-12,3261.741943359375,3314.868081027507,3240.1532410818377,3307.95376009173,201149
2024-09-13,3252.638671875,3299.8951536542113,3245.625009416856,3278.107525526339,218548
2024-09-16,3256.866943359375,3285.071699106636,3244.8789141774646,3273.0336347919865,98504
2024-09-17,3242.9384765625,3278.1073429359312,3230.6021454776032,3265.1739907483234,159586
2024-09-18,3196.826416015625,3260.05066266104,3174.640692899545,3242.9386476297386,164839
2024-09-19,3228.61279296875,3247.11753474317,3144.1976906568734,3213.4409741280524,356393
2024-09-20,3287.757568359375,3315.862737566406,3230.403222867697,3248.261149060387,219300
2024-09-23,3349.638916015625,3362.174417123214,3280.4952196137715,3291.0409740623145,150812
2024-09-24,3365.705810546875,3403.4611997151183,3349.688254953577,3362.671398724671,175787
2024-09-25,3362.224365234375,3391.224826978785,3338.8946331533325,3372.570951185466,94054
2024-09-26,3365.954833984375,3372.6204364166047,3314.9177858820435,3362.22405916533,75857
2024-09-27,3411.669189453125,3456.189768654999,3367.6460468903774,3387.543512455461,197341
2024-09-30,3423.70751953125,3459.174657503634,3373.466415072253,3457.1849107923867,172555
2024-10-01,3583.931396484375,3594.3280165418805,3415.996981611011,3427.3384398150374,403892
2024-10-03,3442.51025390625,3586.269442314444,3409.4805097148287,3547.71810286242,457118
2024-10-04,3401.820068359375,3472.0579766324427,3387.54353954666,3415.399991560553,138117
2024-10-07,3304.07373046875,3428.134379272589,3291.09058565334,3402.416807960498,82660
2024-10-08,3326.756591796875,3357.4485289758477,3291.140323455318,3304.0736758152516,46394
2024-10-09,3347.400390625,3385.5538792793814,3316.4599763685073,3339.7897069470714,64554
2024-10-10,3373.16796875,3417.390041672148,3351.7283989500634,3351.7283989500634,80486
2024-10-11,3368.34228515625,3411.8181972318434,3355.5583097364074,3380.5792746044494,234791
2024-10-14,3335.412353515625,3398.83552697591,3294.7716816799866,3383.812842851681,302222
2024-10-15,3342.077880859375,3367.8947940735306,3302.481875467716,3332.8255107145196,396102
2024-10-16,3443.505126953125,3460.6666909661094,3324.369052138351,3341.779334470364,286789
2024-10-17,3312.92822265625,3477.928063273573,3285.0717691324135,3442.2617568740616,231234
2024-10-18,3358.343994140625,3366.6512834406453,3266.119286815661,3311.933251351628,199530
2024-10-21,3293.82666015625,3378.2415162328175,3270.14862639192,3377.5949457257584,187400
2024-10-22,3204.48681640625,3311.933130026826,3186.9769496236,3293.0305378157987,309824
2024-10-23,3290.493408203125,3370.5807030287046,3164.99024769105,3187.5738213808418,196614
2024-10-24,3394.01025390625,3526.825839102347,3350.733265471567,3350.733265471567,1122637
2024-10-25,3284.82275390625,3442.261445753199,3260.498151516223,3398.9844593687294,234141
2024-10-28,3365.109130859375,3382.569205778766,3272.8346326723217,3285.0716227886724,82763
2024-10-29,3318.6982421875,3391.3737818148757,3274.227456406415,3365.108982231949,92570
2024-10-30,3317.504638671875,3355.6578843998695,3291.7870664373495,3312.9281242875327,76519
2024-10-31,3312.77880859375,3331.2833054216644,3263.2340718679534,3323.3243193737926,136983
2024-11-01,3341.928466796875,3372.6204045067557,3319.892120896473,3361.676798474433,13038
2024-11-04,3300.343017578125,3323.8218815729706,3249.902747282965,3312.977859828659,67333
2024-11-05,3358.29443359375,3368.5414343487123,3262.04044110341,3300.392612792244,84009
2024-11-06,3477.878173828125,3500.163238868766,3343.818994991383,3358.294450263613,185776
2024-11-07,3527.742919921875,3547.071009576289,3437.1293952794285,3437.229122403819,251994
2024-11-08,3530.233642578125,3544.7794516675694,3486.0975796911007,3516.0860122729723,204063
2024-11-11,3448.586669921875,3525.8995115212456,3434.2400723972123,3514.9402307564155,53500
2024-11-12,3309.75244140625,3479.172996785504,3293.761806854457,3457.054982440367,60245
2024-11-13,3255.70361328125,3308.059137270298,3241.8053007294593,3306.714037278849,126831
2024-11-14,3297.647705078125,3332.518146204156,3192.7376867941803,3257.895499489207,63191
2024-11-18,3247.68310546875,3304.8209053783094,3212.6134569575993,3297.747090758973,75198
2024-11-19,3325.693359375,3381.08739508877,3252.963588495859,3262.876707249134,125094
2024-11-21,3250.373046875,3325.494077858236,3238.068909922455,3312.6915485637765,86698
2024-11-22,3314.58447265625,3321.9073619162336,3245.9894856995406,3248.0319457113683,82728
2024-11-25,3418.249755859375,3440.766195736176,3330.326426971539,3337.499726403393,151165
2024-11-26,3439.1220703125,3453.3691849226193,3389.4567450488594,3428.013441349596,61888
2024-11-27,3485.549560546875,3497.15633830725,3408.934319494894,3470.0570735211913,86627
2024-11-28,3455.71044921875,3522.3128433230927,3439.570465723227,3492.0254728928985,74236
2024-11-29,3494.914794921875,3506.970101942059,3440.467188787334,3457.155185721291,85469
2024-12-02,3569.736572265625,3588.666238710796,3467.11785416812,3467.11785416812,146051
2024-12-03,3573.572509765625,3596.636717180772,3535.962250465466,3596.636717180772,86740
2024-12-04,3579.35107421875,3602.6147373645763,3555.141219549981,3572.626060535893,74134
2024-12-05,3583.635009765625,3622.5405058145575,3550.009943189376,3603.6108387049653,121634
2024-12-06,3542.637451171875,3631.4074814390183,3533.969704835855,3598.430154513281,87813
2024-12-09,3520.021484375,3566.697911975854,3511.702296598201,3541.8403190032213,88735
2024-12-10,3633.997802734375,3650.38686001023,3401.8104510226426,3532.873532144234,246107
2024-12-11,3579.79931640625,3655.816677804116,3574.7180980690937,3655.816677804116,83644
2024-12-12,3560.91943359375,3611.979720923055,3540.844120358056,3599.027843161475,55015
2024-12-13,3544.430908203125,3565.9009418503683,3467.2674107395273,3565.9009418503683,119782
2024-12-16,3498.601318359375,3568.591276150635,3471.0036599859723,3525.899795349036,144750
2024-12-17,3453.66796875,3516.6838346156965,3435.3857981171354,3506.969926438771,129290
2024-12-18,3454.963134765625,3489.78371010459,3437.527915316098,3454.2159110749312,69498
2024-12-19,3376.205810546875,3437.2290804534764,3373.0177046848457,3437.2290804534764,46059
2024-12-20,3293.61279296875,3405.7459707034864,3280.461460976486,3404.3512503949187,84513
2024-12-23,3303.32666015625,3332.318794036556,3251.7183608283854,3277.92105412628,106283
2024-12-24,3364.499267578125,3407.340093312759,3302.72877465842,3303.7250729313187,183863
2024-12-26,3313.98681640625,3372.270262251151,3287.0369009194815,3359.517596393269,175779
2024-12-27,3300.387451171875,3355.183857422359,3283.400759823736,3313.987068847083,225643
2024-12-30,3205.58984375,3306.714123203186,3198.167469915347,3300.3875315781056,111594
2024-12-31,3233.784912109375,3249.825168010165,3168.2284385387757,3206.0379085211316,222385
2025-01-01,3268.107177734375,3278.9171105228847,3190.2961908485745,3234.282902417391,153236
2025-01-02,3289.47802734375,3297.6476247039222,3227.6576695782665,3270.3990123159956,143643
2025-01-03,3347.21337890625,3356.528865007122,3275.9284324179102,3289.477942921046,88157
2025-01-06,3334.510498046875,3372.4196949068496,3306.7637378728145,3362.5065760189987,114664
2025-01-07,3465.424072265625,3494.2169929056654,3321.4091190343984,3337.5989647589754,292488
2025-01-08,3480.218994140625,3505.1763129425744,3414.5131758540956,3467.117769976982,149010
2025-01-09,3810.392333984375,4002.229601269664,3577.0094803571005,3577.0094803571005,3487405
2025-01-10,3617.50927734375,3733.32895515437,3577.806935881556,3636.4888086775136,784351
2025-01-13,3604.457763671875,3660.3000866550833,3567.3952737441923,3611.4814718279126,654796
2025-01-14,3618.40576171875,3658.407037670867,3556.8344835158045,3606.1512450530345,145782
2025-01-15,3700.650146484375,3726.055752023996,3576.810467796432,3618.4059200034585,250630
2025-01-16,3753.653564453125,3776.9169837668965,3702.543413123609,3725.557757862906,176708
2025-01-17,3741.19970703125,3808.0013110177706,3706.2295406832764,3765.609014490051,102757
2025-01-20,3763.16796875,3781.0517175498267,3690.737132099877,3781.0517175498267,99349
2025-01-21,3782.9443359375,3836.744439740667,3742.444910647086,3783.940634156077,487645
2025-01-22,3673.700439453125,3800.52901174411,3597.8321819795847,3800.52901174411,201921
2025-01-23,3758.4853515625,3777.9630313445773,3588.3674223425405,3673.451440351343,91974
2025-01-24,3695.718505859375,3758.086873790507,3676.4402806063904,3749.120189513711,65845
2025-01-27,3590.858154296875,3671.159891666348,3564.1573121755223,3671.110028105774,69312
2025-01-28,3549.1630859375,3606.8486559810017,3511.602448193391,3586.6736168860175,77697
2025-01-29,3726.354736328125,3760.826753723448,3489.036537346721,3489.036537346721,195692
2025-01-30,3893.78271484375,3915.4522022224623,3732.830680631733,3762.0222685984777,403921
2025-01-31,4133.3427734375,4283.135827199607,4050.948712993457,4179.819989832159,2487440
2025-02-01,4117.3515625,4168.511571166493,4023.699533893487,4105.744786036596,179862
2025-02-03,4157.552734375,4238.153168163624,4044.472879270384,4116.704504777738,484432
2025-02-04,4190.48046875,4199.3479132193315,4069.878748408113,4159.5455996582305,192534
2025-02-05,4236.70849609375,4250.208142180898,4155.609433034425,4214.341406803844,174008
2025-02-06,4231.67724609375,4273.123352119719,4206.670061800113,4261.167772678023,127885
2025-02-07,4205.8232421875,4254.193325336908,4148.834790406141,4148.834790406141,209986
2025-02-10,4193.17041015625,4234.765863586372,4144.152339907771,4205.823592974802,194503
2025-02-11,4049.454345703125,4200.592988870111,4037.000617244203,4193.170372119087,183277
2025-02-12,4085.86865234375,4119.693171765518,3916.3984697448054,3985.1929110186393,298036
2025-02-13,4093.241455078125,4144.600431703618,4006.463786244586,4134.637449896638,254086
2025-02-14,4001.233642578125,4093.2418865591967,3945.241484331106,4084.9226985786736,194278
2025-02-17,4092.892822265625,4108.783487019068,3940.857616324409,4001.233385860153,256946
2025-02-18,4069.92822265625,4147.540002423004,4040.089138658599,4132.744876087229,291049
2025-02-19,4029.080078125,4073.6644258257265,4003.1763230363094,4029.2792891321515,166712
2025-02-20,4030.574462890625,4092.643892958909,4007.211317407659,4029.5781646334676,144501
2025-02-21,4018.967529296875,4044.971011666629,3925.7141563493515,4009.104273632146,158392
2025-02-24,3896.622314453125,4003.1265036798686,3883.221907948611,3971.593760297304,92708
2025-02-25,3795.498046875,3945.0921371929803,3778.411385331414,3900.607516026805,163002
2025-02-27,3759.730712890625,3885.563232370937,3591.6552442813404,3766.0074406056774,365198
2025-02-28,3748.322998046875,3800.6286548738967,3611.3319920713434,3759.730564078918,126348
2025-03-03,3812.68408203125,3844.4658991342653,3552.799584402407,3736.1184636873327,289860
2025-03-04,3885.912109375,3895.5262905210457,3714.548804523435,3795.896462118973,80965
2025-03-05,4040.736572265625,4048.8066852751876,3865.6371572189178,3865.6371572189178,118051
2025-03-06,4105.2470703125,4121.237463146488,4049.952515670504,4059.9154984888814,124932
2025-03-07,4062.506103515625,4179.471428314827,4048.508063552913,4133.641705858931,76960
2025-03-10,4065.395263671875,4233.271529308123,4035.0081651442456,4100.06625035323,202492
2025-03-11,4107.18994140625,4154.563728905344,3960.285568920561,4065.39503496361,111902
2025-03-12,4092.693359375,4174.489540506401,4068.8819292191265,4154.563576112575,66835
2025-03-13,4111.623046875,4138.2740243899725,4007.9584111679396,4108.733879317658,71524
2025-03-17,4123.18017578125,4184.850938189501,4045.5686418827254,4114.213491817971,90146
2025-03-18,4123.18017578125,4123.18017578125,4123.18017578125,4123.18017578125,0
2025-03-19,4057.32470703125,4130.154203008894,4000.137287439563,4129.656053907095,113928
2025-03-20,4153.01953125,4171.998817849766,4029.079886098203,4057.4245219565782,117476
2025-03-21,4230.97998046875,4272.1269036782005,4148.785374696024,4154.563709966907,182555
2025-03-24,4181.36474609375,4294.8931457642075,4168.512593756715,4259.175750074081,114781
2025-03-25,4190.87890625,4224.3045174530835,4104.748729223279,4182.459991572652,115109
2025-03-26,4180.6669921875,4244.579428867752,4165.373716459134,4208.363889484278,218241
2025-03-27,4199.59716796875,4251.205229979392,4149.533173873024,4150.77854686048,63404
2025-03-28,4195.2626953125,4364.7827497811,4164.676143631397,4237.356297498816,187128
2025-04-01,4182.70947265625,4228.688543386998,4164.57664842287,4188.438188065712,75004
2025-04-02,4231.029296875,4243.233949582769,4109.879340864767,4164.5263933449105,84544
2025-04-03,4177.876953125,4321.394006852377,3940.3595493895436,4231.8765124621395,526968
2025-04-04,4056.07958984375,4184.403098436663,4016.178038865075,4154.5637707693295,222093
2025-04-07,3865.488037109375,3903.446856206338,3657.012618882843,3686.303691460776,165150
2025-04-08,3834.353515625,3955.5032360417995,3711.210955485158,3895.526130455562,298834
2025-04-09,3964.669189453125,3985.840527429552,3828.17632814628,3859.211164816205,118907
2025-04-11,4084.22509765625,4174.489819691836,3944.793201132775,3995.156128153761,179175
2025-04-15,4161.43798828125,4229.186268062707,4094.78573384983,4101.560367238478,172555
2025-04-16,4255.09033203125,4274.119726944805,4154.563930386908,4176.880915116293,148210
2025-04-17,4229.68408203125,4298.827076564186,4204.3782062363225,4270.7317605299595,85788
2025-04-21,4198.30126953125,4239.747375715623,4183.456522295829,4216.832515031459,154047
2025-04-22,4259.17529296875,4332.90136821546,4191.427007606908,4214.341868832236,346774
2025-04-23,4295.04150390625,4307.993380396804,4249.211787093518,4299.126423786478,218096
2025-04-24,4324.0341796875,4458.43471779626,4269.138048213848,4308.989978652251,221267
2025-04-25,4432.23193359375,4545.21205056454,4313.971144354182,4353.623617558063,1179134
2025-04-28,4432.1328125,4518.212890225188,4409.11822396727,4454.350070490864,194051
2025-04-29,4496.29443359375,4532.16117403456,4322.041950246909,4432.232644562602,114200
2025-04-30,4504.8623046875,4532.160779686308,4395.3692233303445,4484.3384632596335,145845
2025-05-02,4495.6962890625,4592.935099084067,4436.814963057145,4467.40151503101,116812
2025-05-05,4632.787109375,4687.0853668934815,4532.160980762769,4533.057551940795,281315
2025-05-06,4606.68408203125,4649.226215850777,4513.231492082721,4622.824309771265,71732
2025-05-07,4650.2216796875,4682.601370012051,4486.131177514827,4533.156645437199,177812
2025-05-08,4531.3642578125,4708.207211337429,4482.346185400862,4662.676183079802,90736
2025-05-09,4578.09033203125,4652.712976043925,4433.627081169073,4508.249725181747,196080
2025-05-12,4416.6904296875,4730.424691119242,4402.64252528558,4727.43579599006,483660
2025-05-13,4313.87158203125,4452.954911371521,4300.122861132006,4418.582622649669,217491
2025-05-14,4261.865234375,4347.247702831494,4232.274981651072,4335.591305147641,264259
2025-05-15,4275.71337890625,4343.860077319919,4264.156222690196,4284.082186347627,175662
2025-05-16,4226.3974609375,4327.322292381543,4204.379169414287,4323.934975179623,117848
2025-05-19,4293.14892578125,4307.3957962975355,4173.891829571957,4238.75094353712,165422
2025-05-20,4300.123046875,4371.756794967245,4253.595723223287,4327.91967122555,208328
2025-05-21,4252.201171875,4333.89763300287,4225.40084472659,4319.451307559528,60663
2025-05-22,4305.2041015625,4333.897295966991,4209.658712226439,4263.160121710977,97820
2025-05-23,4271.82861328125,4323.934822194207,4253.197639619141,4304.008855271653,121818
2025-05-26,4258.5771484375,4287.569524847638,4229.286077141448,4258.87632979717,85974
2025-05-27,4234.16796875,4312.975260102059,4224.304713059073,4259.175152907438,64784
2025-05-28,4278.20458984375,4287.968118508701,4225.301053282478,4271.828378074368,223355
2025-05-29,4296.0380859375,4308.8902361632945,4250.208366096794,4284.979077985535,75430
2025-05-30,4245.4267578125,4417.586919489974,4227.094478845765,4300.3224081607195,368490
2025-06-02,4379.12890625,4433.526883963715,4209.3597943251,4246.322553955811,144525
2025-06-03,4394.97021484375,4459.331178198252,4348.243924859825,4384.708537600192,139776
2025-06-04,4412.50537109375,4443.490345009534,4387.597914002889,4408.61990508233,93928
2025-06-05,4462.31982421875,4478.061627357959,4414.6969657710315,4418.283736516277,106419
2025-06-06,4417.1875,4476.168057592538,4408.619238761002,4468.297399636157,29862
2025-06-09,4393.57568359375,4442.992175530575,4356.812374390673,4423.4646319659705,40092
2025-06-10,4361.0966796875,4453.354006452039,4353.823896143879,4393.675831120025,35925
2025-06-11,4390.5869140625,4411.509178520169,4332.1044952960465,4361.096386865504,91760
2025-06-12,4514.12744140625,4581.377570268577,4393.774812787312,4402.143620417655,343524
2025-06-13,4527.07958984375,4568.0275458372835,4425.35743967441,4463.416227993682,109580
2025-06-16,4496.69287109375,4558.064946687073,4448.472128296783,4548.002236067386,43761
2025-06-17,4685.9892578125,4776.552674652042,4551.190294400135,4563.04614670052,882796
2025-06-18,4722.45361328125,4777.748165082328,4662.675719442247,4704.420518011735,210529
2025-06-19,4621.1298828125,4741.58272792533,4598.514204889484,4722.453607331451,78257
2025-06-20,4667.6572265625,4697.44644646609,4582.971876667556,4589.149120308215,53264
2025-06-23,4622.923828125,4694.5575784298,4612.462695999891,4642.75006695307,46695
2025-06-24,4595.923828125,4677.620284640554,4498.486053845951,4677.620284640554,93900
2025-06-25,4686.6865234375,4756.327671266661,4596.919957106069,4596.919957106069,143837
2025-06-26,4667.1591796875,4729.4278206802355,4642.550418177668,4702.428040651034,60967
2025-06-27,4808.93212890625,4880.865056104598,4665.764364337706,4680.609110753093,389456
2025-06-30,4802.25732421875,4903.780019277592,4769.279754628572,4817.400765835718,134056
2025-07-01,4869.60693359375,4976.509536454009,4826.267961654661,4831.94656954175,265681
2025-07-02,4858.54833984375,4950.606204574079,4809.231574473169,4942.635818251561,131800
2025-07-03,4857.4521484375,4931.67636852951,4817.102069058622,4865.522261608027,77774
2025-07-04,4922.005859375,4937.769811408155,4829.017152397549,4864.636337419864,49601
2025-07-07,4875.1123046875,4978.676564199758,4759.175793834238,4938.767333224209,68058
2025-07-08,5028.6630859375,5042.531446577134,4891.275360361106,4914.821904598132,346234
2025-07-09,5098.404296875,5108.381604696673,4870.322942636904,5078.249940205927,190797
2025-07-10,4992.94384765625,5121.950727234838,4948.944310876558,5098.404183862979,136373
2025-07-11,5061.68798828125,5079.347530784413,4890.976154377948,4918.1141392917025,131069
2025-07-14,4967.70166015625,5088.726211496423,4938.767466915733,5058.4951630833875,108994
2025-07-15,5069.07080078125,5083.438025735341,4971.692184934093,5013.596875234561,51083
2025-07-16,4951.4384765625,5058.694529775876,4932.880587595126,5058.694529775876,99268
2025-07-17,4957.12548828125,4996.435983407027,4928.989772711992,4928.989772711992,36373
2025-07-18,4858.25048828125,4974.286874982837,4839.992209139573,4948.744868549223,45821
2025-07-21,4958.22265625,4998.630749132206,4823.229888972051,4853.959799307023,51600
2025-07-22,4982.06884765625,5011.601776583406,4934.776505471138,5000.426996825053,35375
2025-07-23,5041.83251953125,5055.501625446244,4909.832938389771,4972.6899745853725,50856
2025-07-24,5066.078125,5168.245663854677,5020.182507135653,5048.517965078121,130031
2025-07-25,4992.0458984375,5130.830342121856,4970.295563125306,5065.478978503192,109229
2025-07-28,5090.9208984375,5135.319914602217,4965.705695545995,5007.909509300706,162442
2025-07-29,5137.1162109375,5152.780779558191,5058.495217806183,5121.851124380284,66154
2025-07-30,5177.82373046875,5233.097918002134,5053.506378394815,5138.313494320494,107294
2025-07-31,5036.34521484375,5431.646343055945,4999.828658190739,5030.558571213827,1101250
2025-08-01,5000.12744140625,5127.8369719859165,4928.789695809014,5040.535535066222,144099
2025-08-04,5088.92578125,5121.352031204049,4963.710569888982,5000.127742914298,64754
2025-08-05,5164.75341796875,5177.225052803988,5068.971262434122,5113.3702824475695,124379
2025-08-06,5044.02783203125,5170.739637919484,5019.084563155613,5163.256657256793,83144
2025-08-07,4940.26416015625,5038.5406460242475,4898.858331084962,4993.642759079477,55070
2025-08-08,4802.5771484375,4942.259458769119,4764.164513096304,4913.824131308754,78915
2025-08-11,4813.55224609375,4862.939920709076,4769.652090880127,4789.107841486164,45471
2025-08-12,4884.390625,4902.848642886324,4797.588054399449,4836.998416913492,65184
2025-08-13,4907.3388671875,5007.610811103805,4894.867232372039,4926.794617499619,65358
2025-08-14,4986.658203125,5041.03452806904,4889.878322031937,4889.878322031937,90321
2025-08-18,5031.0576171875,5154.277372412618,4989.651788508614,5048.0190409836705,120060
2025-08-19,5019.08447265625,5138.313295731972,4990.649146650743,5030.558376132156,110837
2025-08-20,4999.13037109375,5094.912531681515,4945.252905763132,5054.005567263824,50691
2025-08-21,4978.67626953125,5016.590036714053,4949.24321342881,5015.592305998716,32447
2025-08-22,5019.08447265625,5038.540222028439,4947.746724958223,4965.70587822486,44428
2025-08-25,4987.65625,5248.06398779756,4967.202768678736,5019.084770079016,202878
2025-08-26,4785.11669921875,4990.649234673099,4705.797104225445,4990.649234673099,165411
2025-08-28,4696.31884765625,4816.046542943854,4656.409615893715,4764.164541652559,64298
2025-08-29,4676.86328125,4714.777052916666,4641.443836666666,4696.3190325000005,92859
2025-09-01,4663.59326171875,4676.264149926777,4556.6363305595605,4620.491098493831,148945
2025-09-02,4744.5087890625,4778.132509841507,4637.153351267359,4664.391205577165,161392
2025-09-03,4831.91015625,4886.885218060952,4724.255105659168,4724.255105659168,147645
2025-09-04,4757.18017578125,4894.667277099602,4739.221022433083,4868.926018836514,63663
2025-09-05,4652.8173828125,4798.585939711075,4642.4410806686,4749.1982686401325,27788
2025-09-08,4664.39111328125,4701.806015259442,4616.001173389455,4669.27989637176,43550
2025-09-09,4759.87451171875,4769.153213268574,4640.445940358189,4701.307519021239,87317
2025-09-10,4766.8583984375,4826.821626765035,4724.25510054953,4788.109868540062,86038
2025-09-11,4751.9921875,4779.729396791831,4732.337182513982,4766.160160111312,48862
2025-09-12,4780.1279296875,4837.996312054829,4719.266355128757,4837.996312054829,52133
2025-09-15,4771.1484375,4823.82842613134,4753.289154543332,4804.073552187892,30323
2025-09-16,4853.7607421875,4863.738050477783,4766.758906200187,4766.758906200187,63062
2025-09-17,4957.72412109375,4983.665120721127,4831.411310088876,4853.960122584241,100100
2025-09-18,4883.193359375,4965.107150453975,4829.016775134818,4963.710424854487,51401
2025-09-19,4782.92138671875,4894.168363302476,4750.49513793874,4874.0144948262105,147072
2025-09-22,4702.60400390625,4821.633571009977,4689.434250716815,4792.100644287203,55767
2025-09-23,4681.05322265625,4788.109529669352,4640.445389141937,4709.288806009448,86124
2025-09-24,4619.2939453125,4708.990335569988,4603.031127851902,4708.79059453713,81231
2025-09-25,4738.3232421875,4786.014577570088,4587.566027157489,4619.293670405557,194099
2025-09-26,4562.82275390625,4738.2236361555315,4528.201299787719,4738.2236361555315,58281
2025-09-29,4541.8701171875,4588.563721440503,4488.291781017636,4564.618183429073,59950
2025-09-30,4611.0126953125,4624.482060537366,4521.715792525424,4521.715792525424,51732
2025-10-01,4619.59326171875,4637.0535499144635,4569.606853506664,4637.0535499144635,33040
2025-10-03,4589.46142578125,4647.429677849435,4504.255320019595,4628.472794234334,45252
2025-10-06,4563.8203125,4637.153524568965,4549.652340605139,4589.0627062748545,25355
2025-10-07,4561.724609375,4579.5838913860725,4510.64060290682,4579.5838913860725,55518
2025-10-08,4647.6298828125,4694.323490140559,4547.557189645405,4564.618484036782,144276
2025-10-09,4576.1923828125,4665.389422759084,4511.539131869793,4649.425729268035,68050
2025-10-10,4730.34130859375,4750.794788762648,4558.731621322997,4587.5659422728,112044
2025-10-13,4798.78564453125,4808.962205583369,4706.2958118085335,4738.22319488631,65265
2025-10-14,4884.78955078125,4917.814533805043,4761.37055766587,4799.084582593276,98693
2025-10-15,4873.11669921875,4960.118527872045,4858.948727771567,4885.0894681578175,73968
2025-10-16,5046.22314453125,5073.361129355414,4898.858113933253,4898.858113933253,139192
2025-10-17,5097.20654296875,5114.267835834223,4972.889684129445,5033.751258473347,78213
2025-10-20,5142.20458984375,5179.1206288490275,5013.5971892302805,5118.358921542555,115192
2025-10-21,5174.73046875,5197.179410338137,5143.3019505266075,5153.3791284074805,15245
2025-10-23,5039.93701171875,5192.988811291695,5019.284277503404,5178.122720555458,78264
2025-10-24,5045.02587890625,5077.252389443589,4966.205144320352,5077.252389443589,83158
2025-10-27,5035.248046875,5218.131901240387,5004.717388029656,5088.426901783169,137969
2025-10-28,4986.658203125,5108.181611525149,4973.687703597064,5043.528854901336,99497
2025-10-29,4966.7041015625,5016.390902325541,4948.744946514665,5016.091777944048,58761
2025-10-30,4965.505859375,5002.621635585273,4879.601637461395,5002.621635585273,124188
2025-10-31,5674.494140625,5825.750229635738,5416.081859502264,5512.462753679989,5251693
2025-11-03,5892.0986328125,6085.1595227370135,5687.064974520574,5687.064974520574,2486305
2025-11-04,6041.259765625,6085.159919165462,5804.797574963873,5856.180709221459,808707
2025-11-06,6067.20068359375,6124.071336276672,5966.42987796261,6009.332300162006,454757
2025-11-07,5961.82763671875,6112.646194792888,5944.848063955436,6032.242923766609,324340
2025-11-10,5986.2978515625,6037.735966079138,5942.850123766893,5942.850123766893,177911
2025-11-11,6016.76123046875,6115.142867454337,5973.313502459887,5986.297880945294,207081
2025-11-12,6015.26318359375,6075.69048498145,5975.311248791965,6075.69048498145,179442
2025-11-13,6030.74462890625,6088.674935046787,6005.774669362915,6040.732612723584,120754
2025-11-14,6014.26416015625,6062.705879290615,5994.787592669237,6026.249740148258,98666
2025-11-17,5995.78662109375,6161.087751493719,5972.814258560824,6053.716926611564,198064
2025-11-18,6019.25830078125,6052.718045753651,5947.844218228216,6022.754095032097,191163
2025-11-19,6015.7626953125,6077.1887962193105,5972.314965402805,6002.778316259028,75432
2025-11-20,5971.8154296875,6057.712089154489,5953.837059101386,6042.730113666061,84783
2025-11-21,5965.82275390625,5987.796318377359,5845.966947700198,5972.814342601603,123829
2025-11-24,5841.9716796875,6034.240366358699,5818.499917938028,6006.773411119956,213604
2025-11-25,5775.5517578125,5868.440009170315,5752.079995372622,5837.976657918558,76706
2025-11-26,5815.00390625,5871.436012176336,5769.558582008438,5793.030342880454,47401
2025-11-27,5728.10888671875,5861.947873784193,5694.149740746921,5861.947873784193,64599
2025-11-28,5728.60791015625,5818.000362071338,5660.190223494982,5748.08447789194,179874
2025-12-01,5743.0908203125,5816.00310377038,5728.608243461277,5781.045159646739,84074
2025-12-02,5779.546875,5887.916500151214,5694.649011978311,5718.120774107837,130383
2025-12-03,5821.49609375,5841.971459611178,5720.118062778803,5793.030341211289,100426
2025-12-04,5758.07275390625,5827.988641637982,5711.129229286373,5816.003060883972,74509
2025-12-05,5765.06396484375,5791.032721442145,5716.122846639082,5767.061561505165,72734
2025-12-08,5556.3154296875,5760.070300738417,5534.841264356153,5743.5901273445925,74187
2025-12-09,5700.14208984375,5733.102434852483,5433.462934773085,5512.867402294126,204296
2025-12-10,5942.85009765625,6031.743149537158,5658.691971138064,5723.114463793329,530118
2025-12-11,6035.73876953125,6090.67268188012,5852.958661170466,5892.910597424189,169017
2025-12-12,6115.14306640625,6215.522303347668,6032.742200260311,6032.742200260311,259808
2025-12-15,6136.6171875,6197.543888092041,6042.730140686035,6107.6520347595215,89002
2025-12-16,6022.75439453125,6148.602993819963,6002.778426390184,6136.617412935323,78794
2025-12-17,5905.3955078125,6036.737496696617,5870.936963200317,6022.754319172833,77124
2025-12-18,5800.521484375,5911.388102500808,5778.0485212413905,5900.401320524376,51396
2025-12-19,5837.9765625,5960.3293647080845,5773.054667450813,5817.501195599872,148636
2025-12-22,5876.43017578125,5920.377303806129,5763.565960626447,5837.47703957738,152624
2025-12-23,6056.2138671875,6081.683225415138,5852.9584005473325,5882.9223514033765,168685
2025-12-24,5866.94140625,6075.69025778324,5843.469645431669,6072.693862785155,106978
2025-12-26,5767.56103515625,5908.891000776583,5743.0904757378885,5891.911428935271,113505
2025-12-29,5873.93310546875,5917.380833761198,5704.636784880932,5767.0616818528415,169627
2025-12-30,6129.1259765625,6199.541259109173,5758.571794650223,5858.951027216756,543744
2025-12-31,5912.88623046875,6157.591826155379,5862.946312981682,6128.626674012879,258489
2026-01-01,5925.37109375,6028.746720922883,5863.4455972792875,5942.850064528024,101811
2026-01-02,5895.90673828125,5989.793784427013,5874.432573471315,5907.8923186402835,110033
2026-01-05,5930.365234375,5980.305152138158,5881.424114967105,5895.906691118421,91016
2026-01-06,5744.08935546875,5967.32078842776,5711.129009662722,5967.32078842776,122700
2026-01-07,5829.986328125,5853.95749000182,5720.6179020620075,5772.555419461784,112630
2026-01-08,5765.5634765625,5837.976356952414,5717.121756577522,5820.996784998917,115437
2026-01-09,5691.65234375,5887.916217672414,5652.699208467689,5743.090458289462,149473
2026-01-12,5781.044921875,5835.47943262866,5702.139851241253,5736.098995564638,133708
2026-01-13,5980.8046875,6001.779453438126,5763.06664109469,5781.045011898797,172579
2026-01-14,6024.751953125,6080.185264364794,5926.869709854734,5952.838468273376,185693
2026-01-16,6149.10205078125,6173.572610392091,5953.836973070256,6024.751656024121,202662
2026-01-19,6105.1552734375,6265.9618172450155,6065.203337087807,6172.574166027607,270837
2026-01-20,5931.3642578125,6105.654577419856,5902.898503607287,6089.67380312921,101814
2026-01-21,5794.52880859375,5887.417058046343,5599.763124257668,5882.922465330896,203759
2026-01-22,5910.38916015625,5927.868131056585,5698.144513509321,5779.0471788194445,167468
2026-01-23,5911.8876953125,6002.778349185356,5839.474811732477,5903.397908961739,112538
2026-01-27,5863.44580078125,5952.338855251829,5708.632054231366,5941.352073238611,130270
2026-01-28,5962.826171875,6008.271496970529,5833.481785064646,5863.445735677083,96526
2026-01-29,6061.70751953125,6095.6666652989325,5957.333086215875,5957.83248541834,127967
2026-01-30,6091.67138671875,6181.563241908894,5877.9285310444075,6035.23927762716,200809
2026-02-02,5893.9091796875,5979.8058394829795,5794.528741900869,5940.852703064099,159782
2026-02-03,6272.953125,6435.25785914736,6184.559469787437,6392.3095294960585,437271
2026-02-04,6326.88818359375,6427.267418332272,6243.48852090055,6292.429640325302,281371
2026-02-05,6265.46240234375,6427.267744154636,6233.001454140949,6332.381895561833,142551
2026-02-06,6409.78857421875,6465.221884054222,6219.517483702401,6289.9327691690805,216269
2026-02-09,6590.07177734375,6626.527918579434,6426.2688413806745,6492.189535121912,395796
2026-02-10,6330.38427734375,6956.630875938658,6282.941353207772,6890.710181349721,1756061
2026-02-11,6424.27099609375,6562.105168584568,6348.861720564353,6381.8220661599835,616518
2026-02-12,6579.0849609375,6653.994839800459,6427.767005634322,6451.238767678049,542974
2026-02-13,6296.4248046875,6572.592548738276,6278.446434369547,6572.592548738276,141665
2026-02-16,6240.99169921875,6340.37213837571,6202.537961454499,6327.387759390379,104884
2026-02-17,6234.0,6311.906272530641,6221.515020427782,6241.49098774333,73284
2026-02-18,6378.82568359375,6483.200111517581,6225.010737179683,6234.998720713064,221167
2026-02-19,6380.32421875,6488.194446618661,6342.369879314731,6357.351855407601,124042
2026-02-20,6518.158203125,6538.134170649134,6342.369688912619,6372.33364019882,156288
2026-02-23,6641.509765625,6657.989938740695,6470.715244244163,6552.117311451989,194977
2026-02-24,6320.39599609375,6629.524087242773,6277.447666790332,6598.061939032129,175938
2026-02-25,6422.77294921875,6489.193041143646,6254.475423063185,6370.8354337286055,126588
2026-02-26,6476.7080078125,6498.6815718763255,6401.298731138918,6430.263883768505,58540
2026-02-27,6248.98193359375,6462.724782437203,6162.585875533196,6462.2253832576625,265078
2026-03-02,6261.466796875,6307.411520540058,5892.910209213989,5952.838109646674,169116
2026-03-04,6068.69873046875,6216.021486022427,6019.258212503279,6192.549724968112,244261
2026-03-05,6496.68408203125,6542.129408456405,6102.65811994941,6102.65811994941,467047
2026-03-06,6564.10302734375,6651.997285774403,6486.196752825672,6542.129462736087,270785
2026-03-09,6379.82470703125,6477.70694911173,6315.901610162366,6426.268832100049,160646
2026-03-10,6532.14111328125,6612.044980110378,6472.2132131594035,6547.123088311711,147696
2026-03-11,6307.41162109375,6609.548123925239,6297.423637529072,6567.099193775361,214324
2026-03-12,6212.52587890625,6337.875074694472,6151.099778978158,6307.411724323629,143404
2026-03-13,6164.58349609375,6252.47775203287,6026.749322007402,6193.548648619142,257284
2026-03-16,6164.083984375,6226.009481746993,6092.6699027282675,6112.645869622458,107788
2026-03-17,6274.451171875,6310.407912114972,6172.573741195081,6224.51125487504,154367
2026-03-18,6329.884765625,6453.236366185897,6295.426221338757,6317.399785811144,106122
2026-03-19,6254.974609375,6363.344229353793,6185.058725517714,6242.48963011477,130005
2026-03-20,6116.64111328125,6358.3503146878575,6053.716817047299,6285.937434101167,121646
2026-03-23,5879.4267578125,6086.178025776007,5858.951390695341,6053.717077907341,112393
2026-03-24,6177.068359375,6217.51969231294,5942.850147672609,6042.729982087274,141673
2026-03-25,6210.02880859375,6332.381607798049,6160.588289731604,6242.489755321421,191524
2026-03-27,6047.72412109375,6212.525851891515,5967.820251616045,6202.537868206802,264075
2026-03-30,6155.0947265625,6192.549664046653,5933.361496656314,6032.741930780933,179011
2026-04-01,6026.74951171875,6248.9821544694005,6004.775947042282,6240.492368117128,104748
2026-04-02,5883.92138671875,5921.875725998212,5659.691145449295,5892.910572337571,193817
2026-04-06,5835.97900390625,6061.707440476986,5804.0174553652605,5883.921326717734,133973
2026-04-07,5814.5048828125,5917.880517162941,5753.0787812419485,5824.992266007473,108995
2026-04-08,6054.21630859375,6158.091338882251,5943.3496897281375,6012.7661763151655,148585
2026-04-09,6127.6279296875,6201.539008219997,5994.787748000713,6084.180201090693,155092
2026-04-10,6173.57275390625,6207.03249945808,6082.182702622894,6127.628028670902,205588
2026-04-13,6230.50439453125,6264.463539996794,5983.301791510012,6078.6870383323485,109868
2026-04-15,6215.02294921875,6407.291638286586,6193.049384753855,6272.953255535293,149103
2026-04-16,6248.482421875,6335.877276720598,6148.602587765745,6327.387490821312,120936
2026-04-17,6276.44873046875,6332.381437169299,6250.979372953321,6279.4451254705655,90729
2026-04-20,6463.7236328125,6492.1893862754,6213.524641849117,6288.434519383064,243155
2026-04-21,6365.84130859375,6592.06913575253,6342.369547277056,6512.165267440379,218722
2026-04-22,6259.46923828125,6442.249335713111,6242.489666388673,6357.351476250225,155888
2026-04-23,6272.953125,6381.82214667423,6242.989174080487,6272.453725818008,99339
2026-04-24,6444.2470703125,6507.17136749627,6254.475380393192,6301.41890368902,466995
2026-04-27,6570.59521484375,6612.0453480680435,6429.764641720247,6512.16550897336,418471
2026-04-28,6619.03662109375,6666.978941572474,6559.608119666999,6582.081082391401,247608
2026-04-29,6750.37890625,6807.809813568099,6651.997265018125,6661.985248899534,314954
2026-04-30,6812.8037109375,7191.348294788154,6652.496571866181,7041.528538646734,2322243
2026-05-01,6812.8037109375,6812.8037109375,6812.8037109375,6812.8037109375,0
2026-05-04,6788.3330078125,6969.61490892601,6747.382275329559,6846.762711477185,415445
2026-05-05,6996.58251953125,7011.564494947805,6756.870912866368,6801.816839116033,532928
2026-05-06,7034.537109375,7079.483037235553,6969.615213576423,7071.492650060343,317134
2026-05-07,7076.486328125,7110.445472113179,6977.1058920419455,7090.469505061309,188220
2026-05-08,7033.03857421875,7086.97368506272,6988.092648515442,7040.529561835968,173361
2026-05-11,7063.00244140625,7111.44416075974,6936.6544517523025,6991.588360297497,138990
2026-05-12,6942.14794921875,7061.50435234538,6904.193611822834,7061.50435234538,105798
2026-05-13,6902.1962890625,7111.444552221257,6881.720922023099,6931.660841631394,126614
2026-05-14,6884.2177734375,6970.613832545566,6810.306693969328,6970.613832545566,97487
2026-05-15,6992.58740234375,7011.564571411674,6852.755630264315,6887.713573284173,53502
2026-05-18,6896.203125,7063.002447452748,6867.237973196828,7021.552316424071,102622
2026-05-19,7066.998046875,7171.871878395299,6899.699315640237,6899.699315640237,211523
2026-05-20,7038.03271484375,7090.469629273509,6944.145668055229,7032.039924623206,88015
2026-05-21,7109.9462890625,7220.313510378986,7066.997958595452,7081.480535148294,167825
2026-05-22,7116.4384765625,7166.3783956962725,7022.551428591009,7126.426460389254,233718
2026-05-25,7436.55322265625,7451.035798941055,7170.373458525179,7186.354232356688,369626
2026-05-26,7387.11279296875,7515.957783543787,7265.259391029568,7444.5436996204135,200763
2026-05-27,7235.794921875,7461.02395836928,7193.845389578948,7391.108071209193,119235
2026-05-28,7235.794921875,7235.794921875,7235.794921875,7235.794921875,0
2026-05-29,7120.43359375,7351.156017674288,6961.624652607308,7235.794805712144,252025
2026-06-01,6990.09033203125,7210.824769893493,6962.123977912956,7116.937723924937,138524
2026-06-02,7043.52587890625,7134.915926824559,6892.707329882591,6933.158662567745,132052
2026-06-03,7027.0458984375,7170.872863027792,6991.588556472532,7042.027873915655,82526
2026-06-04,7081.97998046875,7139.410887862721,7009.067698038143,7027.04606904843,77756
2026-06-05,7024.04931640625,7151.3961045814085,6993.585967078076,7116.438162729404,68758
2026-06-08,6855.25244140625,7042.027731934839,6809.807116705443,6991.588415508669,72243
2026-06-09,6820.29443359375,6958.628003053036,6777.845504337291,6921.67246464153,82138
2026-06-10,7038.03271484375,7140.409547778042,6781.840932915499,6861.74480252275,317983
2026-06-11,7148.39990234375,7215.319392836559,6979.1035793805995,7011.56452626144,149175
2026-06-12,7303.0,7330.0,7166.0,7203.0,136617
2026-06-15,7287.0,7410.0,7260.0,7400.0,104555
2026-06-16,7315.5,7399.0,7164.5,7280.5,162061
2026-06-17,7344.0,7510.0,7308.0,7400.0,245256
2026-06-18,7303.5,7388.0,7251.5,7366.0,101512
2026-06-19,7493.5,7573.0,7298.5,7345.0,219971
2026-06-22,7572.0,7639.0,7352.0,7480.0,177982
2026-06-23,7500.5,7625.0,7473.5,7570.5,66749
2026-06-24,7698.5,7714.5,7462.0,7500.5,128948
2026-06-25,7609.0,7744.0,7580.5,7739.5,107696
2026-06-26,7609.0,7609.0,7609.0,7609.0,0
2026-06-29,7486.5,7650.0,7440.0,7625.0,136624
2026-06-30,7687.0,7748.0,7509.5,7509.5,111882
2026-07-01,7585.0,7810.0,7560.5,7730.0,57765
2026-07-02,7646.5,7676.0,7502.0,7586.0,79201
2026-07-03,7552.5,7712.0,7502.0,7694.0,273873
2026-07-06,7729.0,7750.0,7546.5,7579.5,150399
2026-07-07,7547.0,7785.5,7525.0,7748.5,100948
2026-07-08,7363.0,7675.0,7289.0,7561.0,97652
2026-07-09,7689.0,7725.0,7401.5,7401.5,138380
2026-07-10,7712.0,7761.0,7651.0,7702.0,85301
2026-07-13,7637.0,7719.0,7595.0,7680.0,55004
2026-07-14,7586.0,7729.5,7561.5,7630.5,97764
2026-07-15,7618.0,7681.0,7580.0,7580.0,87587
2026-07-16,7650.0,7717.0,7620.0,7620.0,90788
2026-07-17,7579.0,7741.0,7502.0,7700.0,87542
2026-07-20,7861.5,7900.0,7475.0,7509.0,228991
2026-07-21,7882.0,7936.0,7810.0,7890.0,113463
2026-07-22,7789.0,7887.0,7702.0,7882.0,188907
2026-07-23,7673.5,7839.0,7650.0,7820.0,127824
2026-07-24,7520.0,7708.0,7505.0,7675.0,70434
2026-07-27,7711.0,7749.0,7578.0,7600.0,145527
2026-07-28,7512.5,7723.0,7478.5,7690.0,102356
2026-07-29,7594.5,7634.5,7519.0,7598.0,104418
2026-07-30,7386.5,7571.0,7368.0,7571.0,163354
2026-07-31,7567.5,7655.0,7473.5,7474.0,194108
2026-08-03,7555.0,7703.5,7510.0,7650.0,97345
2026-08-04,7629.0,7753.5,7557.5,7595.0,197050
2026-08-05,7609.5,7729.0,7551.0,7690.0,136897
2026-08-06,8650.0,8775.5,7834.5,7950.0,3853522
2026-08-07,8271.0,8650.0,8225.0,8520.5,590351
