Price,Close,High,Low,Open,Volume
Ticker,NFL.NS,NFL.NS,NFL.NS,NFL.NS,NFL.NS
Date,,,,,
2015-01-01,29.62704849243164,29.786545640225352,28.869424871559172,29.347922399366475,200703
2015-01-02,30.025794982910156,30.464418187782695,29.666920345391592,29.906169089666353,325408
2015-01-05,29.427671432495117,30.5441665801174,29.347919823385283,30.30491783721354,337901
2015-01-06,29.10866928100586,30.105541516656746,28.949169114859192,29.706792622396392,400475
2015-01-07,29.985918045043945,31.341665003095017,29.188420192333066,29.387794655510785,1534299
2015-01-08,29.347923278808594,30.663796083029855,29.148548795878895,30.344795693457073,483528
2015-01-09,29.427671432495117,29.826420351405822,29.228296973039765,29.666920175398975,187991
2015-01-12,29.427671432495117,29.746668742295988,29.308045539936778,29.706794458847483,92233
2015-01-13,29.347923278808594,30.10554692238407,29.148548795878895,29.70679795652468,207096
2015-01-14,30.623920440673828,31.22204386301345,29.627048070107794,29.666922356487827,1199961
2015-01-15,30.14542007446289,32.577788066095984,29.985919885687444,31.82016749328548,970750
2015-01-16,30.025794982910156,30.82329282530126,29.906169089666353,29.98591765702033,237252
2015-01-19,31.301786422729492,31.70053529435662,30.06566552912789,30.14541408656833,1016717
2015-01-20,30.8631649017334,32.139160141418515,30.544164570705806,31.620788406264456,627603
2015-01-21,30.225173950195312,31.062546201118764,30.145422328737233,31.02267191149637,212886
2015-01-22,30.623920440673828,31.301792435773514,30.06567130471424,30.06567130471424,348525
2015-01-23,30.225173950195312,31.341669270688815,30.10554803911484,30.863171710793498,361901
2015-01-27,29.8264217376709,30.58404228504348,29.188421003990673,30.26504496041633,206429
2015-01-28,29.268169403076172,30.10554147131935,29.028920675322784,29.587166692676483,268534
2015-01-29,29.10866928100586,29.706792622396392,28.789668948712524,29.10866928100586,224192
2015-01-30,28.869421005249023,29.786541651090683,28.749795118211438,29.387792750582307,245909
2015-02-02,31.102413177490234,31.66066222758001,28.869420019343707,29.02892018254258,840588
2015-02-03,31.42142105102539,32.45816779751628,31.14229493783068,32.09929310467355,1477815
2015-02-04,31.182167053222656,31.899916388857182,30.82329542761849,31.740416198470275,407109
2015-02-05,30.783414840698242,32.498036382034236,30.185291471703746,31.899913013039743,2366475
2015-02-06,29.906169891357422,31.062542402265827,29.666921140669146,30.94291650581523,582633
2015-02-09,28.630178451538086,29.826425411203243,28.470678248473398,29.627050917925718,349289
2015-02-10,28.550418853759766,29.34791660410061,28.31117013710001,28.31117013710001,282862
2015-02-11,28.430801391601562,29.18842196388947,28.11180101427071,28.709924440106256,309298
2015-02-12,28.829551696777344,29.308049243043797,28.4706770159709,28.630177212130786,400960
2015-02-13,28.670045852661133,29.228294908139898,28.51054568792254,29.02892046276981,224418
2015-02-16,28.430801391601562,29.14854767727638,27.912426538992197,28.949173201997866,220407
2015-02-18,31.740415573120117,32.13916452012467,28.351049523581384,28.510549710825813,2141560
2015-02-19,33.17591094970703,34.13290902449364,32.737287719408634,33.37528542186203,3749041
2015-02-20,31.301786422729492,32.617658915983995,31.18216054435637,32.617658915983995,882893
2015-02-23,30.703664779663086,31.899911459390218,30.504290333041897,31.421414004384413,507304
2015-02-24,29.7067928314209,30.783413636614178,29.58716694541602,30.504290625553004,392750
2015-02-25,30.225173950195312,30.863171710793498,29.946047838411967,30.065673749492444,674789
2015-02-26,29.587167739868164,30.544165726965804,29.46754489286392,30.464417162296307,451378
2015-02-27,30.10554313659668,30.42454348605501,29.42767119676373,29.866294395609334,364778
2015-03-02,28.151670455932617,29.228294262475618,27.992170294717443,29.188416940512422,438611
2015-03-03,28.23142433166504,28.6301732457156,27.912423983539473,28.390921463515035,299980
2015-03-04,27.6333065032959,28.670053279336155,27.51368058820097,28.550427364241227,383155
2015-03-05,26.83580207824707,27.792797000602775,26.636427629054186,27.59342255140989,463325
2015-03-09,25.83893394470215,26.59655453844478,25.71930803926218,25.918682520186696,253009
2015-03-10,25.71930503845215,26.476928586011905,25.59967914696958,26.157928236866915,279086
2015-03-11,24.881933212280273,25.95855407921504,24.762307319415154,25.95855407921504,231947
2015-03-12,25.041431427001953,25.48005614387511,24.76230688373838,25.121181513806743,196368
2015-03-13,24.642681121826172,25.360428820305323,24.56293103952709,25.320554539708933,278295
2015-03-16,23.845184326171875,24.642682139897396,23.605935590496763,24.443307686466017,248376
2015-03-17,24.36355972290039,25.440182169423263,23.845186403050565,23.964810781307218,541941
2015-03-18,24.124309539794922,24.523058457808062,23.885060797429603,24.48318417444931,217844
2015-03-19,23.56606101989746,24.483184770542042,23.24706218194156,24.32368459101087,237880
2015-03-20,22.529315948486328,23.605938430776895,22.329941471066093,23.605938430776895,283868
2015-03-23,21.372943878173828,23.04768983246584,21.333069590186206,23.04768983246584,340288
2015-03-24,21.293195724487305,21.81156908413973,21.13369552716043,21.492570210592593,157720
2015-03-25,20.655195236206055,21.532443227472534,20.495696569407208,21.41281884709677,324757
2015-03-26,20.61532211303711,21.053945372867144,20.336197529005904,20.575446303257447,281714
2015-03-27,20.575443267822266,20.854567810675043,20.296320246075876,20.814693527884526,379606
2015-03-30,21.412817001342773,21.691941545563775,20.8146936299148,20.8146936299148,296934
2015-03-31,22.409687042236328,22.88818599566786,21.532439214462887,21.57231349345458,647022
2015-04-01,23.845184326171875,24.12430886519708,23.36668533371529,23.566059787146667,1451229
2015-04-06,23.28693962097168,24.04456172412633,22.928064952404466,24.04456172412633,248325
2015-04-07,27.39405059814453,27.83267686010313,22.928063746203904,23.286938395891422,2577334
2015-04-08,25.759180068969727,27.035178460361223,25.320556857827885,26.71617810196013,1504444
2015-04-09,25.918676376342773,26.676299832709123,25.121178641686072,25.759176220968946,860831
2015-04-10,26.07817840576172,26.716176030892747,25.519929342942326,25.9186782389258,536982
2015-04-13,26.038307189941406,26.556678990417172,25.878807004328475,26.237681661404316,286878
2015-04-15,25.081310272216797,26.03830838770327,24.92181007926686,26.03830838770327,410610
2015-04-16,25.24080467224121,25.440179119132697,24.323682520761626,25.320554755219067,443493
2015-04-17,24.642681121826172,25.360428820305323,24.483182478334307,25.240804457409848,235140
2015-04-20,24.124309539794922,25.08130755146902,23.92493508078835,24.56293274116681,232313
2015-04-21,23.76543617248535,24.243935203839424,23.645811794923453,24.00468644871563,168866
2015-04-22,23.80531120300293,24.283810218757516,23.286937903063144,24.204060129280677,237096
2015-04-23,23.725563049316406,24.243936391550744,23.605938665894104,24.084437720689866,152220
2015-04-24,23.167312622070312,23.924936210512463,22.92806386840778,23.765436027333124,121052
2015-04-27,22.449565887451172,23.207189511243307,22.32994150503835,23.207189511243307,179590
2015-04-28,22.688814163208008,22.808438535022397,22.210315154844043,22.768562730346655,150637
2015-04-29,22.64893913269043,22.967937975467894,22.409690380883948,22.728689223661412,142254
2015-04-30,22.76856231689453,22.96793677333356,22.52931357761025,22.84831240369142,181489
2015-05-04,23.406564712524414,23.526189098635136,22.848315549198908,23.486314810300428,144539
2015-05-05,23.087562561035156,23.44643566835981,22.888188105485995,23.44643566835981,158882
2015-05-06,22.25018882751465,23.207186817967344,22.01094009045466,23.127436731911892,183589
2015-05-07,21.9710636138916,22.25018814598281,21.532440435681362,22.17043806237013,154463
2015-05-08,22.569189071655273,22.96793800593262,22.010941476330867,22.210315943469542,297303
2015-05-11,22.888187408447266,23.16731042083055,22.250188257455807,22.648937156410593,121911
2015-05-12,22.48944091796875,22.72868967452111,22.17044054775694,22.72868967452111,144352
2015-05-13,23.406564712524414,24.52306151806883,22.40969229309072,22.489442390866735,850092
2015-05-14,23.127437591552734,23.80531106656091,22.808438756580188,23.80531106656091,214142
2015-05-15,23.76543617248535,24.084436540792392,22.888189722960448,23.167312763569377,272002
2015-05-18,24.40343475341797,24.562933412317477,23.56606109004637,23.56606109004637,294912
2015-05-19,24.642681121826172,24.722431204125257,24.12430786854158,24.204057950840664,240027
2015-05-20,24.56293487548828,24.961683828149496,24.323686112334165,24.682560778171876,135170
2015-05-21,24.802183151245117,24.96168180672933,24.403434230874957,24.7224330629498,180393
2015-05-22,24.642681121826172,24.881931368723425,24.243932231437057,24.483182478334307,157233
2015-05-25,24.76230812072754,24.921808302304875,24.323684903049557,24.36355918789066,137741
2015-05-26,24.72243309020996,24.92180755061488,24.483184346166627,24.802183178593214,90930
2015-05-27,22.888187408447266,25.121180634151536,22.648937156410593,24.682557453743804,855919
2015-05-28,22.21031379699707,22.648936973869684,22.010939349126552,22.489438328237064,191340
2015-05-29,21.931190490722656,22.090690666370477,21.811566119539997,22.050814861905316,174376
2015-06-01,21.61219024658203,22.170437782613913,21.45269008136932,22.170437782613913,200178
2015-06-02,21.293195724487305,21.81156908413973,21.05394542849699,21.81156908413973,149930
2015-06-03,20.13681983947754,21.333066562614817,18.8608230305765,21.333066562614817,229280
2015-06-04,19.658321380615234,20.336194846382604,18.781073455569604,20.336194846382604,244740
2015-06-05,19.259572982788086,19.658321912125754,19.139948608208076,19.139948608208076,411814
2015-06-08,18.98044776916504,19.458946771981466,18.820949115630494,19.458946771981466,85174
2015-06-09,19.77794647216797,19.937446653841285,18.820949945447467,19.21969887852429,232752
2015-06-10,20.774818420410156,22.210315465585914,19.658321732677745,20.136820747736333,571307
2015-06-11,20.336196899414062,20.894446050193544,19.93744794060202,20.4956970913815,227253
2015-06-12,20.13681983947754,20.33619429333375,19.97731966795002,20.13681983947754,58637
2015-06-15,20.455820083618164,20.734944642644287,20.376069992309777,20.734944642644287,60006
2015-06-16,20.61532211303711,21.053945372867144,20.37607181767896,20.41594762745862,139935
2015-06-17,20.774818420410156,21.133693061980704,20.65519404692212,20.734944136282955,137462
2015-06-18,20.814693450927734,21.09381799274852,20.73494336453517,21.09381799274852,86021
2015-06-19,21.133689880371094,21.37293859132904,20.97418972566166,21.01406552489212,110626
2015-06-22,21.49256706237793,21.931190259117727,21.173566714451105,21.29319260547686,117588
2015-06-23,21.61219024658203,22.010939138507506,21.532440163975675,21.93118905590115,107889
2015-06-24,21.691940307617188,22.170437760566877,21.61219022509014,21.81156467085461,94195
2015-06-25,21.9710636138916,22.648937042939874,21.57231471693454,21.57231471693454,214333
2015-06-26,21.77168846130371,22.32993750743202,21.691939901376475,21.971062903334353,83217
2015-06-29,20.934316635131836,21.49256568717787,20.734942190987724,21.49256568717787,51558
2015-06-30,20.974193572998047,21.492568410337093,20.695070532715775,21.133693756964906,113124
2015-07-01,21.7318172454834,21.93119171562545,21.173568120643065,21.492568489755538,127421
2015-07-02,23.167312622070312,23.366687090491247,21.61219268105089,21.771691343123752,706432
2015-07-03,22.76856231689453,24.004684859480342,22.489439294765,23.8850604898382,892487
2015-07-06,22.728689193725586,23.28693830868073,22.010941418145016,22.888189375457475,236386
2015-07-07,22.728689193725586,23.087563842069102,22.609064817979903,23.00781375120316,101838
2015-07-08,22.29006576538086,23.446436748157435,22.09069130064975,22.369814334388142,159086
2015-07-09,22.29006576538086,22.728688979346725,22.250189959770765,22.569188799119253,96113
2015-07-10,22.25018882751465,22.728687822740998,22.0508143729292,22.728687822740998,100020
2015-07-13,23.526185989379883,24.204059449227362,22.090690503555194,22.967936899833397,1618218
2015-07-14,23.207189559936523,23.885063089840237,22.928064986316578,23.72556289888411,202371
2015-07-15,22.728689193725586,23.60593715103804,22.569189011993696,23.486312775292358,138735
2015-07-16,22.967937469482422,23.366686394446397,22.648938633732527,23.207187737124666,150353
2015-07-17,23.047687530517578,23.44643645499403,22.888188873390856,23.127437619634154,170949
2015-07-20,22.928062438964844,23.72556026292884,22.768562265729493,23.286937068191197,190862
2015-07-21,22.409687042236328,23.24705906991183,22.210312605065376,22.88818599566786,99979
2015-07-22,22.329938888549805,22.72868779727391,22.170438716617618,22.21031452015385,100672
2015-07-23,22.409687042236328,23.04768463274088,22.329936963146697,22.369811242138393,109708
2015-07-24,22.130565643310547,22.68881475446727,22.05081555298724,22.40969019888891,94820
2015-07-27,21.81156349182129,22.4096867967829,21.731813413605163,22.4096867967829,78434
2015-07-28,21.09381866455078,22.130565257353602,20.97419277059886,21.771690617710703,118679
2015-07-29,21.7318172454834,21.93119171562545,21.253318212921183,21.53244277534135,95636
2015-07-30,21.572317123413086,21.971066064852195,21.372942652693535,21.612192930220896,66255
2015-07-31,21.9710636138916,22.329938229595488,21.69194060290672,21.69194060290672,126742
2015-08-03,21.9710636138916,22.25018814598281,21.77168916541307,21.77168916541307,95819
2015-08-04,22.329938888549805,22.489439060481995,21.931189979825703,22.21031452015385,174874
2015-08-05,22.130565643310547,22.68881475446727,21.971065462663926,22.329940108565598,178817
2015-08-06,22.76856231689453,23.605935946602283,22.130564664732194,22.170438947577445,481633
2015-08-07,22.29006576538086,22.888189159574193,22.17043986965703,22.768563263850368,122429
2015-08-10,22.688814163208008,23.526186287015133,22.25018943841337,22.449563898472817,423474
2015-08-11,22.050817489624023,22.848315420685335,21.931193104186143,22.728691035247458,82713
2015-08-12,21.09381866455078,22.130565257353602,20.7748183088209,21.851440706643174,190101
2015-08-13,20.415943145751953,21.771688437408585,20.09694434307429,21.213440912999246,160271
2015-08-14,20.774818420410156,21.133693061980704,20.455819584073247,21.133693061980704,97944
2015-08-17,20.894445419311523,21.1336941789323,20.734945232159994,20.734945232159994,55124
2015-08-18,21.053943634033203,21.412818286877865,20.854569164920946,21.014069348653347,68552
2015-08-19,20.974193572998047,21.293193940931765,20.734944818154247,20.814694910137675,123298
2015-08-20,20.415943145751953,21.053940751107277,20.256442983859984,21.014066471187423,76453
2015-08-21,19.897573471069336,20.655195573214844,18.78107517972809,20.296322426232198,126678
2015-08-24,18.2627010345459,20.01719696811023,17.94370218874506,19.857696784656568,148359
2015-08-25,18.820951461791992,19.020325944393377,17.505080180844175,18.66145126726825,131401
2015-08-26,19.57857322692871,19.857697801715396,18.58170083205237,18.820951119486626,99030
2015-08-27,19.02032470703125,20.21657152481804,18.820950237400115,19.937446963113157,234412
2015-08-28,19.419071197509766,19.73807000447189,19.219696753020152,19.419071197509766,103557
2015-08-31,19.498823165893555,19.817822003716454,19.139948522651267,19.339322986428883,92503
2015-09-01,18.90070152282715,19.458949160377088,18.661451231500102,19.13995029304761,51032
2015-09-02,18.382326126098633,19.139949745292405,18.342451839238556,19.139949745292405,43042
2015-09-03,18.581697463989258,18.94057206953882,18.103200018064882,18.103200018064882,23059
2015-09-04,17.903827667236328,18.581699635205265,17.744327485886895,18.46207525974642,66178
2015-09-07,17.505075454711914,19.060195086477613,17.385449580563172,19.060195086477613,60088
2015-09-08,17.70445442199707,17.863953093239026,16.867080693827177,17.54495422964855,113740
2015-09-09,18.143075942993164,18.7411993257292,18.02345157066724,18.02345157066724,61132
2015-09-10,18.023454666137695,18.143079059008723,17.62470567582981,17.86395446157187,57356
2015-09-11,18.382326126098633,18.62157641057871,18.222827457551787,18.262701744411864,69938
2015-09-14,18.581697463989258,18.74119762670157,18.14307429818982,18.34244874102707,44632
2015-09-15,18.477262496948242,18.79860588609011,18.236255338163375,18.79860588609011,28318
2015-09-16,18.838773727416992,19.682300268883278,18.597765049650864,18.718268622390898,104952
2015-09-18,18.99944496154785,19.40112456552259,18.678101584825278,18.678101584825278,40479
2015-09-21,19.200284957885742,19.36095741401644,18.718269121779745,18.718269121779745,68251
2015-09-22,18.959280014038086,19.601966848838178,18.838776424048856,19.280623431438134,74664
2015-09-23,19.07978057861328,19.56179639442493,18.55759741660318,18.878940783048932,114513
2015-09-24,18.959280014038086,19.441295906281297,18.838776424048856,19.240456078870483,89315
2015-09-28,19.521629333496094,21.04801314772751,18.95927877293005,19.160118587193534,533011
2015-09-29,20.244651794433594,20.68649872714758,19.039613033628882,19.039613033628882,384647
2015-09-30,20.003644943237305,20.84717307193347,19.682301550904263,20.043813824957784,243303
2015-10-01,20.646331787109375,21.369354751343817,20.204483313426177,20.606162908254873,360640
2015-10-05,20.365158081054688,20.887341307279428,20.24465449535455,20.686501487017125,114736
2015-10-06,20.445493698120117,20.807004444302144,20.244653883923597,20.525828397969782,71292
2015-10-07,20.8471736907959,21.369356910374222,20.36515782184429,20.48566140601064,165347
2015-10-08,20.807004928588867,21.289020800336754,20.68650134372345,21.128348332325384,78183
2015-10-09,20.646331787109375,21.208682300497916,20.525826682831923,20.88733893109217,79558
2015-10-12,20.565996170043945,20.807003321155914,20.36515636668861,20.72666709335656,38679
2015-10-13,21.85137176513672,22.21288250085695,20.60616403378178,20.686500263592766,442587
2015-10-14,22.132545471191406,22.935904675696158,21.489858720502042,21.85137097544361,822749
2015-10-15,22.2530517578125,22.73506608024851,21.891539483699333,22.41372268786245,368892
2015-10-16,21.89154052734375,22.45389264004322,21.811204292345792,22.45389264004322,100765
2015-10-19,21.73086929321289,22.0923816051203,21.610365700005865,21.931709125986714,52745
2015-10-20,21.690704345703125,22.212887662383125,21.610368097224704,21.690704345703125,84075
2015-10-21,21.530029296875,22.09238143728403,21.40952570458344,21.730869128123036,60886
2015-10-23,21.690704345703125,22.69490362096716,21.28902463559751,22.01204780733032,185045
2015-10-26,21.690704345703125,22.212887662383125,21.57020073912874,22.09238405580874,106810
2015-10-27,21.4898624420166,21.9317094680968,21.409526201196652,21.6907022779233,21478
2015-10-28,21.5701961517334,22.012043125966116,21.329187457554145,21.329187457554145,82894
2015-10-29,21.007843017578125,21.690698651967658,20.485659837969454,21.690698651967658,65204
2015-10-30,20.76683807373047,21.28902130881007,20.64633448598691,21.28902130881007,32507
2015-11-02,20.726667404174805,21.048012320191134,20.525827597807663,20.726667404174805,45495
2015-11-03,20.646331787109375,21.088178728506517,20.525826682831923,21.088178728506517,42092
2015-11-04,20.76683807373047,21.369357544734527,20.686501837806013,20.887341661474032,85442
2015-11-05,20.445493698120117,20.887340676437987,20.405324815909104,20.887340676437987,53172
2015-11-06,20.164318084716797,20.847173774103148,20.12414920164336,20.445494137086026,107038
2015-11-09,20.52583122253418,20.646336353463774,19.360961059268025,19.963480584770434,50971
2015-11-10,20.48566246032715,20.96767835408622,20.16431904191653,20.16431904191653,58661
2015-11-13,20.565996170043945,21.04801200455398,20.244652791132623,20.847172201198642,70406
2015-11-16,20.807004928588867,21.08818098146565,20.36515793998693,20.726668694583182,71024
2015-11-17,21.048015594482422,21.16851919059138,20.766839515370616,21.16851919059138,56831
2015-11-18,21.088180541992188,21.489860171363468,20.927508077329204,20.927508077329204,99895
2015-11-19,21.24885368347168,21.690700676939283,21.168517448581326,21.489860855856513,64816
2015-11-20,21.32918930053711,21.891541436593478,21.24885459448874,21.24885459448874,100578
2015-11-23,21.81120491027832,22.13254832708789,21.20868542915303,21.248854313933148,247787
2015-11-24,21.77103614807129,22.17271577614535,21.48986010196221,21.690699915999243,274093
2015-11-26,22.132545471191406,22.453890378822173,21.730865868939034,21.85137097544361,226894
2015-11-27,21.97187614440918,22.45389200855458,21.891539911670584,22.29321954307738,116174
2015-11-30,21.81120491027832,22.25305344914197,21.73086867300436,22.012044737320085,65747
2015-12-01,24.02044105529785,25.225479919599945,21.81120313741068,22.05221182964279,2249225
2015-12-02,23.09657859802246,24.020441435486124,22.735066320095463,24.020441435486124,425589
2015-12-03,22.65473175048828,23.658930825735347,22.57439551801128,23.056411380587107,248486
2015-12-04,22.41372299194336,22.976075085462863,22.37355564195747,22.574395456459268,166778
2015-12-07,22.092378616333008,22.73506538134825,22.012042387634573,22.654730684935927,101135
2015-12-08,21.530029296875,22.37355750748854,21.36935835124836,22.253053915196983,195525
2015-12-09,21.088180541992188,21.690699986049108,20.807004494975054,21.690699986049108,81032
2015-12-10,21.12835121154785,21.771039638888144,20.807007764020916,21.690703393934808,258522
2015-12-11,20.927507400512695,21.97187532247383,20.807003822055755,21.04801251125577,132380
2015-12-14,22.092378616333008,22.453890879332903,20.646332628905654,20.887339782714843,492782
2015-12-15,22.775236129760742,22.97607595183573,21.690700784098564,22.17271666353578,463956
2015-12-16,22.73506736755371,23.85977160301718,22.574396428406253,23.69909913158347,695203
2015-12-17,22.65473175048828,23.056411380587107,21.891539840386034,22.735066450679096,144012
2015-12-18,22.33338737487793,22.9760757183588,22.25305267269327,22.494059843819706,119879
2015-12-21,22.2932186126709,22.614561997927847,22.253051264121076,22.33338596122072,78662
2015-12-22,22.33338737487793,22.694899663853807,22.25305267269327,22.33338737487793,122265
2015-12-23,22.49405860900879,23.056410687148468,22.41372237894796,22.614562187956967,174191
2015-12-24,22.65473175048828,22.815402683156098,22.41372305305727,22.614562868106685,124194
2015-12-28,22.53422737121582,22.895739663020105,22.49406001980923,22.815403427920685,70478
2015-12-29,22.53422737121582,23.21708307113156,22.413723784709806,22.53422737121582,254019
2015-12-30,22.61456298828125,22.976075270205758,22.574395637972394,22.735066571494023,106618
2015-12-31,23.377756118774414,23.578595945340712,22.654733049592995,22.654733049592995,389093
2016-01-01,24.100778579711914,24.823801630646027,23.377755528777804,23.699098936716716,709255
2016-01-04,23.980274200439453,24.62296099506889,23.29741852346681,23.940105318096247,388823
2016-01-05,24.02044105529785,24.50245690747592,23.85977012609593,24.50245690747592,199735
2016-01-06,24.26144790649414,24.783631068276232,24.020439232550537,24.30161525267506,306519
2016-01-07,22.775236129760742,24.100778648998407,22.574396307685756,24.100778648998407,195221
2016-01-08,23.739267349243164,24.020443418365574,22.855573320981733,22.855573320981733,137602
2016-01-11,24.06061363220215,24.74346786768838,23.01624553670097,23.538428818308365,262504
2016-01-12,24.341785430908203,25.104977355427692,23.859771091512965,24.422121664902814,495489
2016-01-13,25.185312271118164,26.189509780485174,24.34178415675784,25.707495466320573,2641223
2016-01-14,23.578596115112305,24.422122779849847,23.458092524762126,23.73926705815045,395319
2016-01-15,22.81540298461914,23.899938306673324,22.453892232125217,23.779434722508682,261598
2016-01-18,21.409523010253906,22.453890920684657,20.485660209235792,21.81120262219971,168575
2016-01-19,22.052215576171875,22.253055421010284,21.369359797264,21.811206842993933,105299
2016-01-20,21.530029296875,23.417924017063807,21.128349634378928,22.293221268532065,576592
2016-01-21,21.32918930053711,22.3333884490047,20.284822799045333,22.3333884490047,180383
2016-01-22,21.61036491394043,21.931708328232585,21.449693972937485,21.730868502764203,126328
2016-01-25,21.81120491027832,22.13254832708789,21.530028845962597,21.69070132051052,105113
2016-01-27,21.65053367614746,21.931708204386414,21.570197439956505,21.77103726429076,59527
2016-01-28,22.092378616333008,22.2128821932376,21.811202582031544,21.89153881072998,72225
2016-01-29,22.775236129760742,23.217083125411214,22.293220250323525,22.49406007239851,219273
2016-02-01,22.49405860900879,23.09657803603581,22.41372237894796,22.895738227026804,86216
2016-02-02,21.97187614440918,22.97607522292618,21.891539911670584,22.49405935878078,47271
2016-02-03,21.36935806274414,22.253053614762134,21.28902182487227,21.690701481945332,84121
2016-02-04,20.445493698120117,21.891539747420584,19.883141605455393,21.449692769102715,156311
2016-02-05,21.690704345703125,21.89154420075593,20.485665215386284,20.766841318917514,126110
2016-02-08,22.052215576171875,22.694902466740217,21.69070324254817,21.69070324254817,96334
2016-02-09,23.13674545288086,24.90413639026579,21.3291871664906,21.771035666979905,1248652
2016-02-10,22.775236129760742,23.69909900484843,22.574396307685756,23.69909900484843,227649
2016-02-11,21.409523010253906,22.976074109756972,21.048012278874356,22.735065423217822,164483
2016-02-12,20.52583122253418,21.77103916127766,19.039617618790682,21.570199319443525,279389
2016-02-15,21.65053367614746,22.09238067676832,20.766838142619473,20.766838142619473,153632
2016-02-16,21.048015594482422,22.052214782534325,20.967679352980998,21.77103870342252,139109
2016-02-17,21.048015594482422,21.40952638280929,20.525830790866344,21.40952638280929,97894
2016-02-18,21.048015594482422,21.489862624310714,20.766839515370616,21.16851919059138,84718
2016-02-19,22.775236129760742,23.25725200919796,21.28902113994859,21.53002831352408,516878
2016-02-22,23.980274200439453,24.181114015296924,22.815402661351637,22.815402661351637,537792
2016-02-23,22.775236129760742,24.100778648998407,22.614563659186256,24.020442413711162,247433
2016-02-24,21.97187614440918,22.735066524710387,21.811203678931985,22.735066524710387,155788
2016-02-25,21.97187614440918,22.37355577581598,21.771036328705783,22.333386893303587,101888
2016-02-26,22.57439613342285,22.895739539804975,22.17271649237364,22.494059898755765,273923
2016-02-29,21.5701961517334,22.976074838110804,21.289020108000685,22.935905956271178,534748
2016-03-01,21.449695587158203,21.93170997872783,21.289023101777406,21.93170997872783,147545
2016-03-02,22.45389175415039,22.694898917349366,21.690699850210013,21.93170701340899,281954
2016-03-03,22.895740509033203,23.37775640515432,22.574397089047892,23.09658033805981,837823
2016-03-04,22.45389175415039,23.016242312376725,22.293219290493624,22.895738730777236,141947
2016-03-08,22.17271614074707,22.735066709926176,22.01204367396092,22.29321972469358,99514
2016-03-09,22.212886810302734,22.89574259774541,22.05221585179568,22.45389554649297,193613
2016-03-10,22.2932186126709,22.81540180524921,22.21288238328513,22.41372219060649,169374
2016-03-11,21.931705474853516,22.574393752108467,21.77103455475433,22.253050379624025,64821
2016-03-14,22.052215576171875,22.494062621901808,21.89154308738658,22.09238293222499,74096
2016-03-15,21.73086929321289,22.253054084253883,21.610365700005865,21.97187801191327,113848
2016-03-16,21.690704345703125,21.97188044923435,21.449697132554356,21.97188044923435,79063
2016-03-17,21.5701961517334,22.092379357359203,21.489859920340315,21.891539545019572,116383
2016-03-18,21.530029296875,21.971877844992466,21.449694590204835,21.811205367079513,83336
2016-03-21,21.85137176513672,22.172715152094522,21.409523267319365,21.530026845892774,192083
2016-03-22,22.775236129760742,23.176915773910714,22.052213076748036,22.654732542972997,530391
2016-03-23,22.53422737121582,22.9359070144267,22.413723784709806,22.654732490008072,167453
2016-03-28,22.092378616333008,22.81540161004668,22.012042387634573,22.81540161004668,56356
2016-03-29,22.41372299194336,22.654731688717224,21.570196383950282,22.09237959519772,194128
2016-03-30,22.73506736755371,23.176915897853288,22.574396428406253,22.935907190702725,418129
2016-03-31,22.73506736755371,23.05641231042113,22.293220369540386,22.5342275444047,226281
2016-04-01,23.779436111450195,24.06061217911514,22.654733373076706,23.13674773788942,667287
2016-04-04,23.859769821166992,24.823799980916625,23.578593783299382,24.502456594333413,723800
2016-04-05,23.13674545288086,23.699097532672287,23.016241873578736,23.699097532672287,148877
2016-04-06,23.25724983215332,23.779433014210962,23.016241148851726,23.29741717989387,127550
2016-04-07,22.976076126098633,23.980275244089952,22.69490006660381,23.176915949696895,257072
2016-04-08,23.458091735839844,23.85977137835569,22.855572272066077,23.13674679599818,205813
2016-04-11,23.739267349243164,24.06061230383238,23.37775657375975,23.819603587890466,624124
2016-04-12,24.462291717529297,24.703298898748915,24.140946766188083,24.502459070303804,826466
2016-04-13,24.904138565063477,25.185314629513382,24.462291558275247,24.703298737925866,707014
2016-04-18,24.82379913330078,25.22547873588586,24.542623105034007,24.863968012930936,190336
2016-04-20,26.149343490600586,26.671528239233993,25.10497705790617,25.14514440828434,828637
2016-04-21,25.225481033325195,26.51085618512167,25.104977448031885,26.269849014535055,205896
2016-04-22,25.506656646728516,26.069008744767718,24.9041371983806,25.466489296419798,283870
2016-04-25,25.627159118652344,26.269847421725828,25.305815733258665,25.747662696639207,1394715
2016-04-26,25.586992263793945,25.908335655388036,25.305816221541804,25.6271596131359,470395
2016-04-27,25.627159118652344,26.390349467426564,25.50665554066548,26.18950966001975,898596
2016-04-28,24.984474182128906,25.868169706053642,24.582794537825503,25.506657413266083,247129
2016-04-29,23.980274200439453,25.06480950712704,23.899937968039225,24.90413704232659,375291
2016-05-02,24.743467330932617,24.94430716813917,23.53842830769331,23.980276868919535,442694
2016-05-03,25.104976654052734,25.90833590698242,24.984473072570516,25.26564911755314,641922
2016-05-04,25.024639129638672,25.426318735354496,24.904135554381142,25.30581516009697,200823
2016-05-05,24.181116104125977,25.627162283098617,24.10077986478609,25.627162283098617,236236
2016-05-06,24.422121047973633,24.663129743869327,24.22128123420364,24.3417848160084,86108
2016-05-09,24.381954193115234,24.74346494586859,24.10077814167182,24.341785310174057,143843
2016-05-10,24.341785430908203,24.743465068595047,24.181114495205197,24.66313036688665,177567
2016-05-11,24.301620483398438,24.74346751563659,23.980277047926474,24.100780644692666,119722
2016-05-12,25.426319122314453,25.62715892822892,24.221280286827643,24.50245632156512,377881
2016-05-13,26.47068977355957,27.03304190126775,26.109177472563413,26.269849946847543,2256481
2016-05-16,26.91253662109375,27.796230627599158,26.10917731897155,26.430522265649444,823559
2016-05-17,27.15354347229004,27.274048591988286,26.551024002943784,26.912536297466037,541790
2016-05-18,27.314212799072266,27.796227093227035,27.07320565199488,27.796227093227035,844629
2016-05-19,26.832199096679688,27.595387901827557,26.671526640227217,27.595387901827557,350785
2016-05-20,26.47068977355957,27.073209253695648,26.1895121774192,27.073209253695648,265811
2016-05-23,26.832199096679688,27.63555831436983,26.109174574929675,26.91253379261982,398632
2016-05-24,27.635560989379883,28.59958969226435,27.394550749086257,28.59958969226435,1846353
2016-05-25,27.2740478515625,28.11757447283301,27.15354273513568,28.11757447283301,437466
2016-05-26,26.591190338134766,27.31421489953977,26.510855637788598,27.274047549366685,371282
2016-05-27,26.751863479614258,26.95270330012874,26.310016487396894,26.551023659099776,382045
2016-05-30,26.832199096679688,27.193708292982485,26.591188879714878,26.872366444649753,204440
2016-05-31,26.39035415649414,27.1535461731593,26.18951431340188,26.87237161865925,150925
2016-06-01,26.87236976623535,26.992871825040325,26.510857460675265,26.591192166545245,497971
2016-06-02,26.832199096679688,27.113373597042354,26.551021531744812,27.113373597042354,273301
2016-06-03,26.430522918701172,27.153544469732225,26.31001779457636,27.033042410180023,341957
2016-06-06,26.67152976989746,26.83220224520344,26.510857294591485,26.83220224520344,120632
2016-06-07,26.63136100769043,26.99287022727949,26.430521190330992,26.99287022727949,153612
2016-06-08,27.39455223083496,27.715897192226073,26.390353057203583,26.751865372625414,779341
2016-06-09,27.354381561279297,28.11757345364997,26.95270194051287,27.474886673338148,580895
2016-06-10,27.595388412475586,28.15774048817936,27.314213906909835,27.79622822061463,943640
2016-06-13,26.952701568603516,27.354381183827332,26.75186176099161,27.233879138003545,619322
2016-06-14,28.599584579467773,31.813021186804466,27.474883605643107,27.474883605643107,1148480
2016-06-15,28.358577728271484,28.961097098126707,28.07740324816784,28.961097098126707,621865
2016-06-16,27.876564025878906,28.398745651643658,27.394546681436,28.398745651643658,472475
2016-06-17,27.675729751586914,28.39875131559528,27.474889917489147,27.87656958568468,217769
2016-06-20,28.278249740600586,28.67992941570976,27.67573022793682,28.037242548449623,718976
2016-06-21,27.956899642944336,28.519251697786963,27.836397601274445,28.479084350563664,234627
2016-06-22,27.474885940551758,28.077405355631523,27.153541026680326,28.037238007540648,252153
2016-06-23,27.354381561279297,27.595388720824694,26.992869289675053,27.595388720824694,192402
2016-06-24,26.47068977355957,26.671529600271594,24.743466038007124,26.510857125987464,367165
2016-06-27,27.354381561279297,27.715893832883545,26.22968046187668,26.67152743180529,312497
2016-06-28,27.675729751586914,28.03724206587743,27.39455214510644,27.675729751586914,219590
2016-06-29,28.11757469177246,28.398749212861212,27.555222585022527,27.796229755180374,333946
2016-06-30,29.48328399658203,30.688322826977164,28.11757270921977,28.318412514285626,2196127
2016-07-01,29.48328399658203,30.848995283944294,28.840597233285738,29.684123801647885,1791993
2016-07-04,29.48328399658203,30.527650370010036,29.36277888771363,29.563618692779485,417691
2016-07-05,28.92093276977539,29.483284853213263,28.238078638540173,29.36277974084361,832085
2016-07-07,29.443119049072266,30.286645686209763,28.840599584749416,28.92093428749681,872926
2016-07-08,29.161945343017578,29.724297530839937,29.041443272852494,29.68413017411824,174312
2016-07-11,29.081605911254883,29.764460058453263,28.92093344586339,29.282445726851158,259981
2016-07-12,29.081605911254883,29.684125358043705,29.041438561050107,29.081605911254883,231802
2016-07-13,28.720094680786133,29.40294885296184,28.278247683226997,29.121774326671254,317363
2016-07-14,28.51925277709961,28.920932393678477,28.35858031755361,28.720092585389043,270259
2016-07-15,28.15774154663086,28.67992629325024,28.077406846184363,28.59958852823136,174555
2016-07-18,27.916736602783203,28.559423451227715,27.79623147794933,28.157743787878317,141593
2016-07-19,27.675729751586914,28.15774412759249,27.474889917489147,28.03724206587743,90154
2016-07-20,27.434722900390625,27.956904636711865,27.233883063827218,27.675730091352175,178119
2016-07-21,27.956899642944336,28.55941904501026,27.555220041567058,27.675725147809104,241928
2016-07-22,28.197904586791992,28.84059435041809,27.956897457718163,28.84059435041809,402777
2016-07-25,28.39875030517578,28.720095254127912,28.037241068320327,28.438920722224214,158607
2016-07-26,27.836406707763672,28.599595748394833,27.63556684137165,28.519261027667287,138876
2016-07-27,27.55522346496582,28.1175755896738,27.39455099153889,27.956903116246874,108267
2016-07-28,27.715900421142578,28.197914854811497,27.51506056301836,27.635565703722104,147245
2016-07-29,27.354381561279297,27.715893832883545,27.274046862954933,27.715893832883545,115573
2016-08-01,26.952701568603516,27.675726101835288,26.79202910959954,27.515053642831308,92603
2016-08-02,26.269847869873047,27.23387957478599,26.109175408292174,26.792029539295505,154549
2016-08-03,25.54682159423828,26.350180783142456,25.30581445048145,26.109173639385624,133429
2016-08-04,25.908334732055664,26.109174536180127,25.466487775896287,26.069007188269676,68433
2016-08-05,26.310016632080078,26.551023805108304,26.028842107642564,26.109176810461147,106055
2016-08-08,26.832199096679688,27.033038901102223,26.591188879714878,26.832199096679688,288521
2016-08-09,27.314212799072266,27.55521994614965,26.55102094618376,26.832198504917493,305077
2016-08-10,27.715900421142578,29.161946786722368,27.555227921728594,28.519259853639465,892124
2016-08-11,26.87236976623535,27.675729083225512,26.711697289922803,27.675729083225512,152232
2016-08-12,26.47068977355957,27.073209253695648,26.350184651703334,27.073209253695648,72785
2016-08-16,26.430522918701172,27.033042410180023,25.868170780406395,26.10917796408341,117170
2016-08-17,26.952701568603516,27.153541376215426,26.591189301987633,26.87236687138766,147522
2016-08-18,26.99287223815918,27.233882488602898,26.912537531059698,27.233882488602898,125526
2016-08-19,27.2338809967041,27.515055520721905,26.952703408113827,27.153543229432962,249897
2016-08-22,27.354381561279297,27.715893832883545,26.792029479291838,27.314214212117115,475510
2016-08-23,26.99287223815918,27.595391735123204,26.872370177509957,27.31421719570238,238236
2016-08-24,27.39455223083496,27.87656967292163,26.91253785332097,27.153545042077965,487631
2016-08-25,27.314212799072266,27.675725051974414,27.153540346163293,27.55521994614965,194667
2016-08-26,26.87236976623535,27.314216777665422,26.591192166545245,27.274049424730432,182923
2016-08-29,26.67152976989746,27.033042073192767,26.551024647274836,26.912536950570143,97404
2016-08-30,26.751863479614258,26.95270330012874,26.51085630791137,26.631361426049043,109947
2016-08-31,26.87236976623535,27.233882071795442,26.671529936987813,26.87236976623535,114616
2016-09-01,26.350183486938477,26.912535589788845,26.109176318451865,26.912535589788845,273414
2016-09-02,26.069007873535156,26.390349729837954,25.90833541309761,26.35018238087164,221429
2016-09-06,26.63136100769043,26.912535526164678,26.109176256726926,26.470688540888396,170880
2016-09-07,26.751863479614258,26.912535948940334,26.26984913620849,26.631361426049043,182987
2016-09-08,27.474885940551758,27.635558397487472,26.75186141662715,26.832199177381117,383978
2016-09-09,28.238079071044922,28.800428098523625,27.715894328874857,28.31841377080692,991076
2016-09-12,27.314212799072266,28.47908425194713,27.113372999079086,28.47908425194713,396750
2016-09-14,27.39455223083496,27.796231900287516,27.113377688047247,27.474890003469078,191343
2016-09-15,28.15774154663086,28.398748712542734,27.555222099564983,27.796229265476857,358679
2016-09-16,27.916736602783203,28.43892139096647,27.635562064267674,27.956903956203615,403492
2016-09-19,28.174762725830078,29.048723971863545,28.008296940996388,28.715786051933527,388635
2016-09-20,27.633737564086914,28.216377230749885,27.508885072969584,28.174757616956946,121545
2016-09-21,27.342416763305664,27.8418235639706,27.300800323699622,27.80020712436456,99527
2016-09-22,27.592121124267578,27.966672247342377,27.550501510476384,27.71697044024893,89745
2016-09-23,27.716970443725586,28.04990830331244,27.55050151393216,27.841822934853344,140746
2016-09-26,27.3840389251709,27.841826153680092,27.259186419608795,27.758590091594986,70211
2016-09-27,26.8430118560791,27.550500820993264,26.676542930472635,27.38403507051746,164785
2016-09-28,27.550504684448242,27.800209695439843,27.21756996167796,27.21756996167796,182389
2016-09-29,26.01067543029785,29.04872359060915,25.885824505745546,27.675358657836913,542111
2016-09-30,27.508886337280273,27.80020777156629,25.80258687266263,26.260374069248208,239401
2016-10-03,27.758586883544922,28.174757620480413,27.300799707942033,27.63373756754272,392719
2016-10-04,27.4256534576416,27.966673535406773,27.30080096077916,27.71697171681278,94118
2016-10-05,27.633737564086914,28.008291862308162,27.467268634307388,28.008291862308162,197753
2016-10-06,27.84182357788086,28.632548631313956,27.55050215023139,27.800207138254027,314778
2016-10-07,28.216379165649414,28.466080989876293,27.592123017516737,27.67535590054871,247457
2016-10-10,27.883438110351562,28.54931062422936,27.75858562487984,28.257992391636137,48868
2016-10-13,27.342416763305664,28.299610749898683,27.1759510048815,28.2163778706866,181796
2016-10-14,27.21756935119629,27.800209071889746,27.05110040597944,27.508887623977497,115276
2016-10-17,27.633737564086914,28.466079037853802,26.96786502009955,27.217566827203466,298304
2016-10-18,27.92505645751953,28.424463258440866,27.71697108425168,27.758587523879086,182324
2016-10-19,30.255613327026367,30.796636591249346,27.92505767947153,28.174759503293302,2172965
2016-10-20,28.882247924804688,30.50531432971749,28.757395441684267,30.46369471859032,875861
2016-10-21,28.00829315185547,29.215185804280164,27.300800961501075,28.67416572650069,1015588
2016-10-24,28.50769805908203,29.09033777852743,27.841825454772014,28.09152728449689,444362
2016-10-25,29.1319522857666,29.42327053857194,28.299610791887556,28.590929044692892,479826
2016-10-26,29.256803512573242,29.63135462848959,29.007098535121433,29.548121752759442,466706
2016-10-27,29.0903377532959,29.54812496991628,28.507698034355847,29.215187080484533,300526
2016-10-28,29.04871940612793,29.298421219262874,28.715781538527455,29.25680477959552,198516
2016-11-01,29.881065368652344,30.29723617782504,29.340042046675315,29.631360343043685,734743
2016-11-02,29.173568725585938,29.506506593191613,28.840634033111083,29.298421219720773,261803
2016-11-03,28.71578598022461,29.83944590070261,28.590933466779802,29.298425751081517,188672
2016-11-04,28.09152603149414,29.464890796419546,27.55050277861301,29.464890796419546,265041
2016-11-07,28.59092903137207,28.923866898820897,27.966672911253635,28.59092903137207,111822
2016-11-08,28.965486526489258,29.173571922764513,28.590932178167563,28.840637193802806,129556
2016-11-09,27.4256534576416,28.17475891342358,26.052288692678307,27.800207773098037,318990
2016-11-10,28.09152603149414,28.75739860610338,27.883440653483074,28.09152603149414,89460
2016-11-11,28.174762725830078,28.42446775334325,27.925060873448224,28.04991338720481,133464
2016-11-15,26.718162536621094,28.507698142634506,26.55169517883845,28.507698142634506,133876
2016-11-16,26.676544189453125,27.259183869007696,26.426842376824254,27.175950989841677,66454
2016-11-17,26.46845817565918,27.34241608626887,26.38522529850806,26.676543543667712,55416
2016-11-18,26.01067543029785,26.84301704406738,25.885824505745546,26.301995312630314,95878
2016-11-21,24.678924560546875,26.135522150314326,24.554073656079883,25.885820341380345,194821
2016-11-22,24.803775787353516,25.303180999276925,24.63730844175598,25.303180999276925,120521
2016-11-23,24.887012481689453,25.261566821051495,24.720545121190636,24.845396038456133,147057
2016-11-24,25.178333282470703,25.511269603403477,24.595693530164148,24.887013406317426,216821
2016-11-25,25.84420394897461,26.135523802861304,25.136714916405396,25.386416741128002,122658
2016-11-28,26.551692962646484,26.634927428373228,25.636117014783075,25.719351480509822,100997
2016-11-29,27.175952911376953,27.800209074653935,26.634929633151156,26.96786752361796,236062
2016-11-30,27.4256534576416,28.091526032269215,27.217568079624794,27.467269898218785,399937
2016-12-01,27.21756935119629,28.257996289887807,27.009483963457985,27.800209071889746,456043
2016-12-02,27.259185791015625,27.592123681416325,26.75978213054562,27.134333288332606,108027
2016-12-05,27.550504684448242,27.800209695439843,27.051101012727262,27.633740746489146,103400
2016-12-06,27.21756935119629,27.841825514411198,27.05110040597944,27.633740126672894,75282
2016-12-07,28.59092903137207,28.8822504591725,27.3008003514868,27.342416791135197,559315
2016-12-08,30.58854866027832,31.79544441251272,30.21399436818755,31.254421193367083,2684580
2016-12-09,29.672975540161133,30.671782793159714,29.58973948565737,30.671782793159714,311654
2016-12-12,28.50769805908203,29.464892110680264,28.133143726929198,29.29842316582,295966
2016-12-13,29.215185165405273,29.672975527148154,28.008292539372793,28.632548659788554,567703
2016-12-14,28.84063720703125,29.839444569505666,28.75740114340427,29.42327377676427,457921
2016-12-15,28.923864364624023,29.256802202902126,28.50769365434166,28.590926526345918,171355
2016-12-16,28.257997512817383,29.25680805221326,28.133145004718706,29.25680805221326,175865
2016-12-19,28.75739860534668,29.298421858213576,28.091526030754963,28.133142471329904,271825
2016-12-20,28.50769805908203,29.464892110680264,28.174760169361505,28.75739988880691,167171
2016-12-21,28.382844924926758,29.54812433788151,28.216379158902615,28.424464541563754,229415
2016-12-22,28.341228485107422,28.590930309289455,27.96667416126889,28.50769742627243,153504
2016-12-23,28.882247924804688,29.215182587908252,28.091522940346604,28.341224731456908,206486
2016-12-26,27.80020523071289,29.42326849070686,27.633736308497184,29.21518313171988,432981
2016-12-27,28.257997512817383,28.466082909561056,27.84182671933003,28.299613957139883,215960
2016-12-28,28.257997512817383,28.674168306304733,28.174761449041206,28.466082909561056,98424
2016-12-29,29.340044021606445,29.88106738000073,28.1747644074333,28.382849826026256,507062
2016-12-30,29.29842758178711,30.42208757247675,29.17357506054092,29.88106738905013,588930
2017-01-02,30.089147567749023,30.33884939162488,29.048720655657164,29.548124303408873,394163
2017-01-03,29.881065368652344,30.29723617782504,29.631360343043685,29.922681814543353,217757
2017-01-04,31.670595169067383,31.961916615050928,29.964295635936114,30.17238102229678,2113440
2017-01-05,32.419700622558594,33.00234028175091,31.17118842791678,31.837060963366273,2332403
2017-01-06,33.33527755737305,33.626598997216654,31.296040178991596,32.37808670536649,2472387
2017-01-09,35.79068374633789,35.99876911695613,33.16880680649571,33.29365929891897,3378834
2017-01-10,36.29008865356445,36.539793647272035,34.70864168582482,35.74906857583677,2151991
2017-01-11,35.79068374633789,36.95596309185237,35.29128012690642,36.20685448757438,1211782
2017-01-12,35.74907302856445,36.456562131841565,35.29128577496566,35.91554198672709,594029
2017-01-13,37.20567321777344,37.82992946916181,35.95716071499669,36.53980051798547,2352097
2017-01-16,39.244903564453125,39.70269076106895,36.66464297193785,36.95596440624311,1907822
2017-01-17,38.95358657836914,39.66107884950315,37.788310233474526,39.411373827260995,2479105
2017-01-18,38.45417404174805,39.74430260110331,38.246088687815565,39.120046539305875,1452431
2017-01-19,38.41256332397461,39.369754189470456,38.12124188002553,38.45417976592991,1080005
2017-01-20,36.49817657470703,38.620650118327006,36.29009118220555,38.20447933332405,770361
2017-01-23,36.58141326904297,37.455371297628055,36.414944317138385,36.414944317138385,479101
2017-01-24,37.87154006958008,38.74549805154419,36.66464420156726,36.95596564564263,834215
2017-01-25,38.828731536865234,39.07843334728482,38.038006491260894,38.038006491260894,917952
2017-01-27,39.3697509765625,40.11885957114819,38.91196380215157,39.078432731518475,1480657
2017-01-30,43.61469650268555,45.52908134542762,38.95358212999736,39.661074320338074,8950610
2017-01-31,42.8655891418457,45.52908269442348,42.44941837347827,43.98924894638538,4370925
2017-02-01,45.570701599121094,45.77878699455087,42.49103711173417,42.78235857041455,7489639
2017-02-02,47.4018440246582,47.859631166002565,46.02847942549462,46.111715471731195,6056719
2017-02-03,50.980918884277344,52.812070891473496,46.694358720281635,47.7347856362873,8411241
2017-02-06,50.43989181518555,53.145001592859195,50.06534069376609,51.313852898846235,2845864
2017-02-07,50.56474685668945,52.229429880778,49.27461814804701,50.93930117213556,1681407
2017-02-08,53.935733795166016,54.72645571018946,50.772833434548396,51.10577131728635,3607395
2017-02-09,54.51837158203125,55.18424736283265,52.603986650054836,54.01896792156124,1578681
2017-02-10,53.14500045776367,54.85130297503379,52.22942613031245,54.68483087442181,1364894
2017-02-13,58.1806755065918,58.430374160969066,52.85368832646997,53.56117737259865,6076508
2017-02-14,55.55879592895508,59.51241811116537,54.60160192005181,58.18067296194689,3506856
2017-02-15,56.18305206298828,56.807308197021484,52.8536860148112,55.18424478863987,4050562
2017-02-16,55.517173767089844,57.22347632862995,54.93453727548476,55.76687874935573,1769912
2017-02-17,58.804931640625,59.30433529940972,55.850116604900464,55.850116604900464,3751963
2017-02-20,61.34358215332031,61.759753012841514,58.26392033296874,58.26392033296874,3565312
2017-02-21,61.05223846435547,61.926199446465596,59.970198489171345,61.468409151024915,1193123
2017-02-22,60.760929107666016,62.092674229014584,59.92858761304045,61.426804843471125,1979832
2017-02-23,58.59685516357422,60.92740804236328,58.34715012108184,60.594476452724145,1477901
2017-02-27,62.092674255371094,63.00824862979551,58.513609637118954,58.513609637118954,2875158
2017-02-28,64.58970642089844,65.38043474531365,62.42561954666648,62.59208532535263,2311471
2017-03-01,62.84178161621094,65.2139535594858,62.46723049105336,63.75735597235508,3256146
2017-03-02,62.30075454711914,64.54808021040023,61.88458383357758,62.46722664269244,2150498
2017-03-03,60.344757080078125,62.508843650138964,58.763307003789286,62.30075828089732,3014293
2017-03-06,60.802555084228516,63.00825519555771,57.0570179665207,61.177106255894365,3471042
2017-03-07,62.009437561035156,62.758546130482465,61.34356186591283,61.34356186591283,2140053
2017-03-08,60.219905853271484,62.300759589391866,59.63726934726243,61.759736347948234,588171
2017-03-09,59.80373001098633,60.88577640168715,59.34594603819837,60.17828746173405,623937
2017-03-10,59.30433654785156,60.55284889622739,59.01301826994965,59.928592722039475,693192
2017-03-14,60.760929107666016,61.884588855358196,60.01182049245068,61.426804843471125,1026380
2017-03-15,59.97020721435547,60.760929093966816,59.762121840746,60.760929093966816,485214
2017-03-16,59.51240921020508,60.802540901020144,59.22109099461288,60.71930168205595,559393
2017-03-17,58.1806755065918,59.92859148828091,57.84773761716004,59.678886483641584,787778
2017-03-20,58.222293853759766,59.30434050125615,55.766888611707536,58.55523177224039,2685274
2017-03-21,58.47198486328125,59.59564451230988,57.598023830558375,58.30551911907742,1391736
2017-03-22,57.80611038208008,59.30432751196041,57.22347391504952,57.88934960616549,412965
2017-03-23,58.3055305480957,59.096252513452455,57.84774013640768,57.84774013640768,660188
2017-03-24,57.55641555786133,58.846541062904684,57.43156306375735,58.09743879880412,520906
2017-03-27,57.764495849609375,59.262706596271215,57.2234726562616,57.5564104944957,902616
2017-03-28,61.55165481567383,62.21753059289322,57.51479958571912,57.51479958571912,2335230
2017-03-29,61.46842575073242,62.17591483907759,60.92740244190525,61.759744040020145,1836429
2017-03-30,62.59208297729492,62.8417879862192,61.301957365218584,61.71812814658427,583586
2017-03-31,63.757354736328125,67.3780388269515,62.92501327410384,63.840587612498275,6120192
2017-04-03,62.8001708984375,64.34000793174623,61.967829302167885,63.75736500420004,1374681
2017-04-05,63.88220977783203,64.34000014044884,62.134293907383416,63.21633404134606,635678
2017-04-06,64.09028625488281,64.2983715998662,62.88339379408349,63.923820519000415,888146
2017-04-07,64.17352294921875,65.63012045095317,63.34118151965622,63.757352234437484,3471106
2017-04-10,62.8834114074707,65.33881662591934,62.30076846816485,64.92264581938483,816706
2017-04-11,64.13191223144531,64.58969622570427,62.88340003758404,62.88340003758404,838649
2017-04-12,62.92502212524414,64.83941029774566,62.175913433819105,64.50647239597205,344098
2017-04-13,61.759735107421875,63.42441806288081,61.4268035965393,63.21633269344844,194143
2017-04-17,65.08910369873047,65.67174656729144,61.218720748114016,61.218720748114016,1572644
2017-04-18,65.21395874023438,66.79540894480554,64.71455508359665,65.87983451592604,1628707
2017-04-19,64.75617980957031,66.17115800671583,64.04868436073502,65.172350614644,1513849
2017-04-20,66.50409698486328,67.58613728520952,64.92264663022827,64.96426625150654,1570985
2017-04-21,65.6717529296875,67.8358398005102,65.08911000467906,66.79541280970483,1150201
2017-04-24,65.83821105957031,67.00349042395226,65.4636599264976,66.33761468708781,548875
2017-04-25,65.58850860595703,66.46246331571326,65.33880363159166,65.83820723006112,345913
2017-04-26,64.79778289794922,66.2543804868253,64.5064646502263,66.04629511698586,740703
2017-04-27,65.33880615234375,67.58612560728791,64.09029393287221,65.29718653825675,2052920
2017-04-28,65.63013458251953,66.71218121404297,64.71456008291028,65.33881628949784,934982
2017-05-02,65.71336364746094,66.75379059786572,65.08910747721808,65.83821615156194,953212
2017-05-03,67.9190673828125,69.00111390880849,65.92144644649939,65.92144644649939,2858826
2017-05-04,71.33165740966797,71.91430021591378,68.08553094023726,68.25199668472973,4102254
2017-05-05,70.37446594238281,71.91429621927585,69.20918674491269,71.91429621927585,2298445
2017-05-08,71.29005432128906,72.28886163128915,68.66817719471132,70.20800777690395,2200506
2017-05-09,71.20682525634766,71.91431433473242,70.37448366995089,71.45652392210927,849960
2017-05-10,72.37208557128906,73.99515518727924,71.58136374444905,71.7894491041713,3763480
2017-05-11,73.03797149658203,74.41133633323686,72.41371532994458,72.82988610770289,3511083
2017-05-12,72.16400909423828,73.28767525525946,70.87388351531553,73.12120313683387,415515
2017-05-15,72.74665069580078,74.45294701519495,72.20562743345165,73.20443472527936,1492911
2017-05-16,72.12239837646484,73.41252400098655,71.78946047810813,72.41371665617864,1976847
2017-05-17,72.41370391845703,73.37089782651185,71.83106746151643,71.997533206282,775208
2017-05-18,70.16639709472656,72.99635336072927,69.0843505104816,72.41371680014336,490454
2017-05-19,69.91668701171875,73.5789909347659,69.20919799653348,73.5789909347659,1815071
2017-05-22,69.16757202148438,71.78944881341796,68.58493555672632,70.33285130126166,878990
2017-05-23,68.08554077148438,69.91668962635555,65.17234537038622,69.08434808318465,930473
2017-05-24,66.9202651977539,69.50052286023718,65.50528068265751,68.25201047352634,733870
2017-05-25,69.20919799804688,69.66698201952417,66.1711502089665,67.37804286135237,384875
2017-05-26,70.70741271972656,71.12358349818348,68.9594967202599,69.62537250589583,491292
2017-05-29,67.87745666503906,71.33166905409333,67.50289915339533,70.58256673133013,275924
2017-05-30,67.54450988769531,69.08434029900644,66.37923058850318,67.54450988769531,419757
2017-05-31,68.0439224243164,70.1247763210845,67.41966625528599,68.08554204235662,408472
2017-06-01,67.33642578125,68.83463660793068,67.00348792523383,68.4184658754758,445840
2017-06-02,68.25199890136719,69.91668180140053,67.71097568880408,68.25199890136719,648370
2017-06-05,68.95948028564453,69.58373630455549,68.33522426673358,68.50169634859954,287465
2017-06-06,67.79422760009766,69.50053059185932,67.0035055406548,69.0843597499919,264171
2017-06-07,68.95948028564453,69.50050343875282,67.41965004238297,68.16875853512823,364256
2017-06-08,68.16876983642578,69.50051496083252,67.50289409909159,68.58494058469424,712345
2017-06-09,67.62774658203125,68.66817345252403,67.04511007465995,68.4184684635011,414049
2017-06-12,67.21157836914062,68.25200527887965,67.00349298719283,67.41966375108844,854243
2017-06-13,66.0879135131836,68.12714755992627,65.5885099048243,67.41965858556216,1043881
2017-06-14,66.62894439697266,67.627751728551,65.87983572315781,66.46247227486816,306795
2017-06-15,66.33761596679688,66.9618721008016,65.63012695164389,66.67055384165175,207342
2017-06-16,65.75497436523438,66.58731581289557,64.83940004285932,65.9214401146621,321667
2017-06-19,65.83821105957031,66.37923430198997,65.5885124209424,66.37923430198997,95818
2017-06-20,64.67294311523438,66.4208656455889,64.29839191602285,66.17116061260603,138822
2017-06-21,64.5064697265625,65.42204415585486,64.21515145591431,64.21515145591431,184974
2017-06-22,62.508846282958984,65.13072331588732,62.217528023802906,64.88101832217538,352738
2017-06-23,60.344757080078125,62.383991158541676,59.17947774227259,62.09267291165567,401465
2017-06-27,60.26152420043945,61.26033143266171,59.38756310954884,59.55403521509356,219505
2017-06-28,62.13429260253906,62.425610849785755,59.22109742954906,59.92858641579433,313446
2017-06-29,60.30314254760742,62.67532103706454,60.09505716083133,62.134297761394286,210459
2017-06-30,58.804931640625,60.885785510779726,58.43037413383992,60.0950572299637,220104
2017-07-03,60.88577651977539,63.67411902397569,60.095048355726206,60.760924035950666,1121694
2017-07-04,59.80373001098633,61.676498213941606,59.51241178280106,61.30194711345499,522080
2017-07-05,60.594459533691406,61.676499598420136,59.512413118701424,60.09504958815065,558363
2017-07-06,64.9642562866211,67.58612691815459,60.88578168719105,60.88578168719105,2585407
2017-07-07,62.46722412109375,65.25556651921366,62.21751916294414,65.25556651921366,607864
2017-07-10,63.25796127319336,64.50647366674323,62.716937965935934,63.216341653303395,70287
2017-07-11,65.75497436523438,66.545696200408,63.34118289696465,63.34118289696465,1077374
2017-07-12,66.2127685546875,68.25200268002254,64.09029519953336,66.25438181933539,879085
2017-07-13,66.87864685058594,67.83584096866251,66.00469197341711,66.00469197341711,812926
2017-07-14,66.87864685058594,67.29481765407466,64.71455994249706,67.00349936168506,354860
2017-07-17,67.75260162353516,69.08434679777727,66.50408933200906,67.50289662512517,1656596
2017-07-18,64.58970642089844,68.4184764830415,63.091495361935884,68.4184764830415,726645
2017-07-19,66.75379180908203,67.33643472203778,64.34000632055566,65.33881367096228,595158
2017-07-20,66.25437927246094,68.25200005635784,65.75497566405207,67.336425715898,338650
2017-07-21,65.79660034179688,66.75378801898073,65.21395746192204,65.75498072528372,232040
2017-07-24,65.96305847167969,67.58612172362287,65.25556952468551,66.21276344132995,3452376
2017-07-25,65.5052719116211,66.46246588331869,65.1307207858645,66.46246588331869,281457
2017-07-26,60.92738723754883,61.88458110656686,60.84415436856049,61.55164328035265,3715024
2017-07-27,59.22109603881836,61.42680217376494,58.88815818538581,61.09386432033239,2966266
2017-07-28,57.80611038208008,58.347133587329154,57.6396446344317,58.01419574177117,4746203
2017-07-31,57.764495849609375,58.555217658936925,57.51479088336853,58.18066655983674,1633135
2017-08-01,57.6396484375,58.05581918434115,57.47318267886819,57.76450093160467,746948
2017-08-02,57.84772872924805,59.22109334323205,57.681262985239535,57.9309616012523,7923226
2017-08-03,56.4743766784668,58.43037818187075,56.09982549599503,58.09744661979028,1368360
2017-08-04,58.3055305480957,58.63846210176444,55.10101036680425,56.47437525160597,4377041
2017-08-07,58.3055305480957,59.01301962503527,57.84774013640768,58.680081721104195,1536304
2017-08-08,57.01539611816406,58.680079216504616,56.64084496114226,58.263908441919476,797041
2017-08-09,55.642024993896484,57.43156039210866,55.35070675471342,57.181855415516694,832700
2017-08-10,53.85248947143555,55.97496271678625,53.353085869665186,55.39232623976439,1046692
2017-08-11,52.0213508605957,53.68603408813476,51.688412945035374,52.85369247436523,907635
2017-08-14,53.02015686035156,53.64440984171968,52.39590070385244,52.39590070385244,687025
2017-08-16,53.228240966796875,54.76807468757169,52.437515885872614,53.103388468444805,1284235
2017-08-17,53.769264221191406,55.26748158922569,53.311480167259205,53.4363263227102,1241572
2017-08-18,56.84892272949219,57.764497040821006,52.81206485196096,53.269852007625374,4473032
2017-08-21,57.38994216918945,58.13905076684675,56.22466918423532,56.890538554171755,1842600
2017-08-22,55.55879592895508,57.88935470278375,55.350710550944015,57.43156433105469,306895
2017-08-23,55.766876220703125,56.765683403954526,55.51717124975968,55.72525660879215,522296
2017-08-24,56.765689849853516,57.18186061517579,55.93334831920897,56.26628620151917,755875
2017-08-28,56.30790710449219,57.72288519880787,56.05820209948963,56.76569114664747,1546117
2017-08-29,57.22347640991211,57.639647147438744,56.18304956609553,56.59922030362216,1035861
2017-08-30,57.6812744140625,58.72170139591599,57.2651036213211,57.431569398312725,919239
2017-08-31,57.34833526611328,57.80611931804353,56.93216448239731,57.6812731631385,770519
2017-09-01,57.34833526611328,57.80611931804353,56.97377775061159,57.6812731631385,365417
2017-09-04,56.349525451660156,57.72289040245733,56.09982677440962,57.72289040245733,449505
2017-09-05,56.515995025634766,57.68127451745182,56.22467674024609,56.93216581912211,1339536
2017-09-06,56.4743766784668,58.09744661979028,56.34952416755537,56.599229189378214,1583266
2017-09-07,56.391143798828125,57.63965620765827,56.18305839735643,56.93216711270702,978019
2017-09-08,55.97496795654297,56.973775253580975,55.808502190457276,56.5992241047572,312275
2017-09-11,56.599220275878906,56.973771399364686,56.349515293380726,56.51598739846668,422574
2017-09-12,56.43275833129883,57.09862774581653,56.266286214972965,57.09862774581653,679611
2017-09-13,55.766876220703125,56.8073030158655,55.51717124975968,56.59921765683303,440770
2017-09-14,55.72526168823242,56.391137437936386,55.600415541641986,56.307904556788834,353704
2017-09-15,55.475563049316406,56.599222820554466,55.1010055587292,55.68364842733315,874331
2017-09-18,55.517173767089844,56.01658373162162,55.39232762621839,55.517173767089844,267995
2017-09-19,55.34856033325195,56.23379618448653,55.17993938618482,55.98087441223298,496286
2017-09-20,54.96916961669922,56.19164739743249,54.58978373122812,55.812255079729766,395465
2017-09-21,53.7467041015625,55.43287521063113,53.535932712928926,54.96917558274433,384170
2017-09-22,53.240848541259766,54.12608442249962,52.27129896751279,53.57808079847745,1169355
2017-09-25,51.30175018310547,52.69284251186505,50.795900181437915,52.69284251186505,519025
2017-09-26,51.97622299194336,52.439919379345035,50.66943787819866,51.30175201086894,643918
2017-09-27,50.16358947753906,53.91532076235974,49.65773944152292,53.91532076235974,654272
2017-09-28,50.374359130859375,51.343908752041976,49.868509112226015,50.58513050797595,413550
2017-09-29,50.205745697021484,51.217449037277376,49.742049270771446,51.13314176563783,236584
2017-10-03,50.03712463378906,51.090981540280964,49.910663734679666,51.090981540280964,389781
2017-10-04,49.868507385253906,51.30175012711984,49.531271907099644,50.6694360176675,480516
2017-10-05,49.78419876098633,50.58513063933229,49.44696648639371,50.2057415163141,344200
2017-10-06,54.2525520324707,54.800558907997086,49.9528171584435,50.07928127313914,1982380
2017-10-09,54.84271240234375,55.51717691907793,52.86145961795926,54.46332008146358,1142805
2017-10-10,53.95747375488281,55.60148796045905,53.2408523430222,54.88486654859844,698482
2017-10-11,52.73500061035156,55.64364640664966,50.6272867313118,54.33686122875209,1584666
2017-10-12,53.36731719970703,53.78885999467489,52.482077973497795,53.45162768837038,429769
2017-10-13,52.650691986083984,54.294709412631114,52.35561012094595,53.28300613351626,331292
2017-10-16,52.18699264526367,53.03007812763551,51.891910796763995,52.52422490854288,632027
2017-10-17,52.18699264526367,52.9457676497288,51.93406442765941,52.18699264526367,296519
2017-10-18,51.97622299194336,52.861462134458556,51.72329476598246,52.52422664392134,1094996
2017-10-19,51.76545333862305,52.14483925796925,51.42821783685298,51.97622472320032,138587
2017-10-23,51.34390640258789,52.43991687021832,50.83805319098596,51.76544913753158,337120
2017-10-24,52.144832611083984,53.87316031720106,51.30174718024275,51.51251853795306,894544
2017-10-25,54.336856842041016,54.80055643088739,51.84975723845499,52.355607242139904,868872
2017-10-26,54.421173095703125,56.528886903712824,53.99963033410119,54.80055900825204,1135549
2017-10-27,53.19869613647461,54.927024061459214,52.94577111841611,54.63194540974365,442594
2017-10-30,53.07223129272461,54.631941351092735,52.10268171006021,53.704545398953776,417679
2017-10-31,52.60853576660156,53.57808214866565,52.482071656885594,53.19869303563365,262444
2017-11-01,53.87316131591797,56.73965312036432,52.566376300995934,53.07222949854774,5940621
2017-11-02,54.80055618286133,56.48672714233398,53.87316344159771,54.168242073059076,1820762
2017-11-03,55.09563446044922,55.81225582717597,54.37901309372248,55.47502678323282,1184365
2017-11-06,54.46332550048828,55.60148971191119,52.14484022705066,54.37901823153701,1158801
2017-11-07,53.620235443115234,56.06518463075229,53.36731044138765,55.55933462729712,928768
2017-11-08,53.03008270263672,54.75840423126537,52.77715446321188,53.87316825774308,459568
2017-11-09,52.60853576660156,53.53592851746563,52.27130028476959,53.114385773233614,242367
2017-11-10,52.144832611083984,53.662388959490755,51.891907625054756,52.69283942757706,257095
2017-11-13,52.22914505004883,53.87316234530282,52.01837368440385,53.535926873824536,455193
2017-11-14,51.596832275390625,52.69284276160891,51.4282145353303,52.69284276160891,307029
2017-11-15,50.922367095947266,52.27130265213663,50.79590298050374,51.84975988881295,248391
2017-11-16,52.144832611083984,52.9457644136063,50.880204464822135,51.25959355192383,415243
2017-11-17,52.397762298583984,53.45161911700992,52.271298193926555,52.52422318712563,276869
2017-11-20,52.018375396728516,52.86146088706086,51.72329354544265,52.86146088706086,298922
2017-11-21,52.35560989379883,53.11438815387199,51.9762239798783,52.18699536144128,453509
2017-11-22,51.30175018310547,52.81930662033988,51.09097881305801,52.355607033342764,502110
2017-11-23,51.38605880737305,52.18699062788812,51.17528744492781,51.63898379908419,635603
2017-11-24,51.30175018310547,52.229146140983815,51.133135659960196,51.51252155315293,319461
2017-11-27,51.17529296875,52.10268577716484,50.83805746599037,51.63898937295742,2171937
2017-11-28,51.89191436767578,52.608539006675485,51.30175384618076,51.30175384618076,749589
2017-11-29,52.439918518066406,54.04177903151907,51.84975802737714,51.84975802737714,1102496
2017-11-30,52.8614616394043,53.70454714173574,51.93406565717014,52.2713011445491,800755
2017-12-01,52.650691986083984,53.873166647676264,52.35561012094595,53.535931149265956,486625
2017-12-04,51.8076057434082,53.283005400451714,51.681141629215205,52.903616273988746,548210
2017-12-05,51.34390640258789,52.14483502608823,51.13313503511605,52.14483502608823,239524
2017-12-06,51.68114471435547,52.98792670252288,51.42821968698697,52.18699798520867,498265
2017-12-07,52.439918518066406,52.9457685294481,51.51252254237872,51.51252254237872,375121
2017-12-08,54.294708251953125,54.674094159409364,52.73499812529304,53.11438724886528,1195792
2017-12-11,55.26425552368164,56.402419629814474,54.50547730884918,55.643641414982014,2737902
2017-12-12,54.96916961669922,56.69749738880449,54.46331962532721,55.47502604030284,1040516
2017-12-13,53.07223129272461,55.7279486092176,52.31345307880326,54.88486313424537,592760
2017-12-14,53.95747375488281,54.463323784888416,53.11438822746277,53.53593099117279,525578
2017-12-15,54.21040344238281,55.137796261013165,53.87316793590843,54.463325248064386,536444
2017-12-18,53.91531753540039,56.82396310869412,52.229146561446456,53.95747116652606,3631129
2017-12-19,54.758399963378906,55.475027775150984,54.379014066043425,54.547628591029905,1613782
2017-12-20,55.98088073730469,57.877823188576244,54.505481052982375,54.8005597034004,2900657
2017-12-21,55.5593376159668,56.823965908747994,55.390716650923366,56.10734449595174,1263481
2017-12-22,56.65534973144531,57.667056310505245,55.93872825808995,55.93872825808995,1271090
2017-12-26,58.889522552490234,59.60614396129215,56.697501477000564,56.90827285795596,2989819
2017-12-27,57.54058837890625,59.816916774849204,56.99258148885117,59.353223584981244,2275120
2017-12-28,58.3836669921875,60.154145137995265,57.11903882629174,57.96212427022225,4418888
2017-12-29,62.008941650390625,62.809870309634114,58.59444277207478,58.80521414895274,6961969
2018-01-01,61.84031295776367,64.45387641783483,61.545234353474065,62.683398359866054,3439413
2018-01-02,62.47263717651367,63.14710818085551,60.32277291060942,62.21971537405963,3449729
2018-01-03,65.04405212402344,67.19391643883596,62.47263859773309,63.65295966606689,12960524
2018-01-04,65.88713073730469,67.2360662022515,65.17050937457341,65.6342025235258,5472287
2018-01-05,65.21266174316406,66.85668231753537,64.32742583287046,66.26651861177444,2968167
2018-01-08,65.2969741821289,66.47729525497991,64.70681686181959,65.21266691240363,3468627
2018-01-09,63.86372756958008,65.84497723743748,62.43048477127438,65.54989859451949,2123149
2018-01-10,63.44218444824219,64.83327682225801,63.02064169443327,64.11665542722925,1056854
2018-01-11,62.725555419921875,63.99018352745163,62.38831997146771,63.4421767277425,1726458
2018-01-12,61.37663269042969,63.73726845099544,60.70216165470661,63.231418390319384,1825262
2018-01-15,62.978485107421875,63.568648824541796,61.629549576083754,61.798170537646016,2317279
2018-01-16,60.238460540771484,63.0628023056025,59.64830322311767,62.85203091612152,1522450
2018-01-17,61.03939437866211,61.250165763649036,58.215059106283654,60.19630883871437,1175804
2018-01-18,58.13074493408203,61.9246298330144,57.414123517396796,61.25016526587683,1252232
2018-01-19,58.763057708740234,59.859071449009264,58.172900422276605,58.59444317895977,900320
2018-01-22,59.90122985839844,60.36492304349303,58.34151647224415,59.26891570689768,810227
2018-01-23,59.60614776611328,60.53354704730108,59.26891868084408,60.32277565289158,801845
2018-01-24,58.763057708740234,59.6904569192288,58.59444317895977,59.64830007066768,532595
2018-01-25,59.56399917602539,60.280620652581575,58.594449445516354,58.80522084639951,729371
2018-01-29,59.81691360473633,60.617848688441185,59.64829907776262,60.027684979569415,545486
2018-01-30,58.847373962402344,59.94338131805384,58.5101384559587,59.859074049501,564187
2018-01-31,61.503082275390625,62.30401732877854,58.21505409823825,58.84736819880319,1297199
2018-02-01,58.847373962402344,62.97848801158208,57.1612028624164,62.05109519303627,4255567
2018-02-02,51.596832275390625,58.17289840881624,48.94111171375918,58.17289840881624,2463952
2018-02-05,50.079280853271484,51.217445011525655,48.94111347890131,50.58513087558089,1351742
2018-02-06,49.99496841430664,50.585128894633876,46.45400874845909,47.21278696832495,1836711
2018-02-07,53.40946960449219,53.66239784853404,50.7115983517971,51.1752947723468,1445119
2018-02-08,55.053489685058594,55.475032465396765,53.578086737758795,53.95747588328639,957239
2018-02-09,54.96916961669922,55.55933330015957,52.69284143940938,52.69284143940938,869032
2018-02-12,56.90827178955078,58.04643593889541,55.34856488620949,55.43287215056243,1070792
2018-02-14,56.023033142089844,57.75136112078738,55.68580406235291,57.329818338883825,717772
2018-02-15,54.92702102661133,57.877820245192716,54.58978554375566,56.19164926314621,425636
2018-02-16,53.40946960449219,55.39071940871193,52.777155426619984,55.22210486750566,532864
2018-02-19,51.596832275390625,53.45162098382244,51.00667179323742,53.45162098382244,539286
2018-02-20,51.849754333496094,52.60853251262768,51.17528662766563,51.596829345824126,570058
2018-02-21,51.76545333862305,52.31345700885428,51.42821783685298,52.27130337516205,315419
2018-02-22,50.669437408447266,51.63898702266616,50.332205137152485,51.5968333907688,491473
2018-02-23,51.63898849487305,52.01837762499737,50.880210234624414,51.00667435003787,349799
2018-02-26,52.22914505004883,52.60853415143295,51.68113821292556,52.01837368440385,425615
2018-02-27,52.018375396728516,52.60853588318434,51.849757655438864,52.566379035774986,317337
2018-02-28,51.42821502685547,52.01837551464912,51.259597285183574,51.849757772977235,194325
2018-03-01,51.00667953491211,51.976229275328066,50.75375449449119,51.68114738140668,229737
2018-03-05,50.16358947753906,51.80760691876566,49.95281809317965,51.42821778369551,302885
2018-03-06,49.10973358154297,51.17529383463367,48.94111582731014,50.753751057109696,366799
2018-03-07,47.423561096191406,49.362657173345795,47.21278971354167,49.32050354003906,464622
2018-03-08,47.50786590576172,48.05587275875529,45.990312672392626,47.88725501813297,669913
2018-03-09,47.04417419433594,48.1823416442692,46.79124916638951,48.01372388693284,266962
2018-03-12,46.74909210205078,48.05587399735207,46.28539571547497,47.971566732925915,444737
2018-03-13,47.002017974853516,47.97156761414444,46.706939327825516,47.212789355906665,430754
2018-03-14,47.423561096191406,47.59217884553441,46.70693968162872,46.95986469758519,300117
2018-03-15,50.205745697021484,51.259602673097156,49.32050648034118,49.48912423973654,1201449
2018-03-16,48.8568000793457,50.627278151240404,48.51956462940595,50.58512452402683,393541
2018-03-19,47.086326599121094,48.81465454650663,46.875555211987844,48.266647653513736,337859
2018-03-20,47.12847900390625,47.592175368636624,46.411854425581275,46.91770763665464,317101
2018-03-21,47.88725280761719,49.742041436612325,47.04416735953901,47.12847783401628,2968003
2018-03-22,46.53832244873047,49.61558273989598,46.36970469751628,48.983268584929846,876865
2018-03-23,44.725685119628906,45.526616987634554,44.514913744686154,45.526616987634554,392376
2018-03-26,44.26198959350586,45.18938237473291,43.16597906584225,44.97861099571622,430331
2018-03-27,45.35799789428711,45.82169426213514,44.68353015777035,44.93645515694965,398317
2018-03-28,45.82169723510742,46.79124688033558,44.599225790405924,44.97861170573201,699429
2018-04-02,47.38140106201172,47.63432604379992,45.86384795516688,45.86384795516688,347115
2018-04-03,48.730342864990234,49.53127475964602,47.00201817617473,47.21278955813067,885427
2018-04-04,48.603878021240234,50.24789209419058,48.14017844567394,49.404806634783924,723723
2018-04-05,49.40481185913086,49.82635463341053,49.067579569376804,49.27835095651664,470583
2018-04-06,49.40481185913086,50.03712602055036,48.77249769771135,49.489122343656476,313667
2018-04-09,49.699893951416016,50.07928309317507,49.4469689289487,49.74204758580788,275429
2018-04-10,49.48912048339844,50.03712413969329,49.36265636942177,50.03712413969329,163259
2018-04-11,49.615577697753906,50.121430899989555,49.404806334184656,49.86850590692962,203691
2018-04-12,49.10973358154297,50.037126405649246,48.89896219278098,49.826355016887256,153462
2018-04-13,50.374359130859375,51.21744463932564,49.32050224527654,49.74204499950968,1763267
2018-04-16,49.74205017089844,50.33221073140355,48.60388590258712,50.03712884309284,597147
2018-04-17,49.06757736206055,50.163587882660174,48.94111324901921,50.07928061804328,286321
2018-04-18,48.898956298828125,49.48911675945093,48.56172083101059,49.40480628443866,308141
2018-04-19,49.99496841430664,50.50082163292251,48.646032930229424,48.646032930229424,629939
2018-04-20,49.657737731933594,51.09098052334179,49.236194977727415,49.4048095065171,622689
2018-04-23,49.44696807861328,49.99497174851581,49.236196694162444,49.57342897961413,159197
2018-04-24,48.94111251831055,50.458665771569024,48.814651623273306,50.07927987034137,416914
2018-04-25,47.38140106201172,49.15187915064476,47.254936963059805,48.814646913632366,744367
2018-04-26,48.0980224609375,48.646029269166476,46.79124070606336,47.63432612419063,738198
2018-04-27,47.423561096191406,48.43526437613337,47.29709698015513,48.26664662679036,244791
2018-04-30,47.80295181274414,48.308801861424875,47.465716302879535,47.55002678840378,171834
2018-05-02,47.38140106201172,48.68818281468045,47.254936963059805,48.055868752152136,237473
2018-05-03,45.906005859375,47.212787733783316,45.653080854024346,47.212787733783316,413425
2018-05-04,45.44231033325195,46.32754947665484,45.147228474707,46.32754947665484,200578
2018-05-07,46.11677932739258,47.71863991143265,45.948161577463075,46.538322094158296,492950
2018-05-08,45.4001579284668,46.032472123660575,45.231543382641505,45.94816485074793,210813
2018-05-09,44.93645477294922,45.44230798310096,44.852147512648514,45.10507250966646,178913
2018-05-10,44.30414581298828,45.10507774324103,44.051220786623254,44.89430635191748,224290
2018-05-11,43.12382507324219,44.30414285621217,42.997360960441554,44.21983559175573,265392
2018-05-14,43.208133697509766,44.00906559951609,42.997362313619476,43.12382643040009,217987
2018-05-15,42.06996536254883,44.388450356722814,41.81703715392814,43.20812943687884,231900
2018-05-16,41.437652587890625,41.859195327478055,41.226881218096906,41.774884849891045,164309
2018-05-17,41.437652587890625,41.859195327478055,40.510256631128755,41.64842395768434,198632
2018-05-18,40.84748840332031,41.98565241049908,40.63671705264901,41.73272743291664,211999
2018-05-21,39.8779411315918,40.97395157308872,39.66716976914563,40.72102658137647,155623
2018-05-22,40.04656219482422,40.468104954769736,39.372094422134595,40.04656219482422,166695
2018-05-23,40.08871841430664,41.184729017661496,39.87794702073393,40.173028901405466,194998
2018-05-24,39.32994079589844,40.51025859427239,39.11916941589065,40.46810496149404,165869
2018-05-25,39.709327697753906,40.636723722595974,39.20347765956085,39.62502043009376,288982
2018-05-28,44.21983337402344,44.59922247728207,40.13086693063838,40.29948466721064,966246
2018-05-29,43.0816650390625,44.599221415984765,42.91305052261847,44.430603683424984,491464
2018-05-30,42.78658676147461,43.503208110442166,42.40719766420882,42.91305086593513,287653
2018-05-31,44.00905990600586,45.273688045741,42.61796766585094,42.99735675099462,1194384
2018-06-01,42.82874298095703,44.64137810189136,42.40720022875053,44.55706762178048,329415
2018-06-04,41.94350814819336,43.840450727759894,41.77489038678641,43.08167240948676,299484
2018-06-05,40.00440979003906,42.57582006141622,39.70932791934967,42.112123654465606,390677
2018-06-06,41.47980880737305,42.57581935547899,39.66717362757454,40.08871639347037,589763
2018-06-07,43.461055755615234,43.84044486400771,41.73273116862272,41.73273116862272,712549
2018-06-08,45.231544494628906,46.11678374643995,42.70228765167369,43.29244500880347,914901
2018-06-11,44.68353271484375,46.20108601287939,44.47276133411336,44.68353271484375,439480
2018-06-12,45.44231033325195,46.032467618109884,44.30414296363454,44.30414296363454,458297
2018-06-13,44.85214614868164,45.52661385892404,44.683528417092106,45.52661385892404,175691
2018-06-14,45.06292724609375,45.358005928047646,44.472766666069546,44.725691710046654,179508
2018-06-15,45.31584167480469,46.538316186464414,45.02076306197316,45.273688046702425,1028607
2018-06-18,44.26198959350586,45.69523561404259,44.05121821448917,45.18938237473291,193723
2018-06-19,42.82874298095703,44.177681717687406,42.702282084964665,44.177681717687406,194002
2018-06-20,41.98565673828125,43.33459545129231,41.47980673097455,42.702281334100974,361379
2018-06-21,41.437652587890625,42.06996669727177,41.311188479568045,42.06996669727177,163565
2018-06-22,41.142574310302734,41.606270720859,40.97395655661423,41.26903842959815,196824
2018-06-25,41.437652587890625,42.74443443738848,41.1425707405099,41.1425707405099,556906
2018-06-26,40.805335998535156,41.47980369766059,40.721025526072175,40.805335998535156,578210
2018-06-27,39.32994079589844,41.14257273429574,39.077012566996274,41.14257273429574,272075
2018-06-28,37.98100280761719,39.92009889995297,37.685924156043775,39.329941596806144,368164
2018-06-29,38.90839767456055,39.077012204108115,38.107465794745615,38.739779928896986,209588
2018-07-02,38.149620056152344,39.24563059686279,38.0231559407905,39.24563059686279,192798
2018-07-03,38.78193283081055,39.28778284215735,37.60161184951342,38.10746507697616,298919
2018-07-04,38.3182373046875,39.62501920987508,38.065312293379584,39.37209419856716,506255
2018-07-05,37.98100280761719,38.739781077543235,37.854541906706906,38.61331696051686,255192
2018-07-06,38.23392105102539,38.65546374493356,37.93884245173587,38.10746017252225,363236
2018-07-09,39.07701110839844,39.920096596960356,38.78193247384813,38.78193247384813,421466
2018-07-10,40.55241394042969,40.805342180018314,39.41424972674554,39.92009977369046,973227
2018-07-11,40.76318359375,41.732733227915666,39.75148354293577,40.468104948281855,446520
2018-07-12,40.04656219482422,41.479808221862186,39.83579081485146,41.05826546191667,493393
2018-07-13,39.07701110839844,40.25733207883148,38.6976252114383,40.130867969100834,228383
2018-07-16,37.09576416015625,39.1613243986609,36.80068550441965,39.1613243986609,304123
2018-07-17,36.674217224121094,37.09575995083513,36.08405676349829,37.011452691938636,283798
2018-07-18,36.12621307373047,37.51730546156058,35.662516683159105,37.51730546156058,351133
2018-07-19,34.903743743896484,36.25267936401812,34.77727962245924,36.168372093804095,301764
2018-07-20,34.018497467041016,34.90373978444823,33.80772609929946,34.90373978444823,319359
2018-07-23,34.73512649536133,34.9880515258187,33.89204091642594,34.39789097734067,197632
2018-07-24,36.08406066894531,36.71637482745294,34.650814599771465,35.198821490257856,423472
2018-07-25,36.041908264160156,36.84284020214252,35.91544414169907,36.25267965751782,256833
2018-07-26,36.3791389465332,36.71637120143,35.831132110166685,36.08405710536823,214975
2018-07-27,37.18007278442383,37.51730830280567,36.16837266151084,36.46345132800775,391155
2018-07-30,37.390838623046875,38.27608092322175,37.26437773453316,37.60160998668551,308310
2018-07-31,37.93885040283203,39.034860993468385,37.68592537670306,37.81238628170944,623613
2018-08-01,37.77022933959961,38.655468461598836,37.30653296294439,38.23392571625483,407110
2018-08-02,38.3182373046875,38.69762642970738,37.348687675871815,37.89669454713564,486868
2018-08-03,42.78658676147461,43.671825844350934,38.19177039706847,38.69762359879478,5673214
2018-08-06,40.3838005065918,42.11212529972132,40.21518274762681,41.817043417503534,800808
2018-08-07,39.32994079589844,40.38379769593734,39.11916941589065,40.38379769593734,345634
2018-08-08,39.161319732666016,40.004405181308485,38.86623789597169,39.32993746561766,302237
2018-08-09,38.8240852355957,39.54070981449422,38.6554674984363,39.414245707595704,226720
2018-08-10,38.0653076171875,39.37208936184143,37.938843519011215,39.24562526366515,361997
2018-08-13,37.5594596862793,38.27608431583843,36.842838272836225,37.60161331952017,289187
2018-08-14,37.72808074951172,38.31824131507372,37.01145927311837,37.43300207478889,323189
2018-08-16,36.927146911621094,37.728078837426565,36.75852915627528,37.728078837426565,223942
2018-08-17,37.47515106201172,37.896693811379414,36.96929783310091,37.13791557607118,344242
2018-08-20,37.264381408691406,37.728077811192335,37.13791729159293,37.728077811192335,250446
2018-08-21,37.22222900390625,37.85454317804203,37.180072152737566,37.26438263895873,219075
2018-08-23,37.05360794067383,37.47515068580979,36.927143830686674,37.432997054519376,156305
2018-08-24,37.93885040283203,38.6133182112147,36.88499344719781,37.222228959447236,898245
2018-08-27,40.51026153564453,40.97395796210655,38.10746891554009,38.27608667501253,1339194
2018-08-28,41.22688293457031,42.8708971145168,40.67887606384414,42.32289345990664,2989006
2018-08-29,40.08871841430664,41.732735927397044,39.75148611426005,41.479810898333035,719600
2018-08-30,41.564109802246094,42.575812930957305,39.41424266380701,40.42594579251822,1625302
2018-08-31,40.84748840332031,41.774881059827784,40.678870679560156,41.73272743291664,352870
2018-09-03,40.257328033447266,41.3954920421875,40.004403055517834,40.6367171083992,380814
2018-09-04,39.07701110839844,40.42594981976705,38.950550214783696,40.34163934124131,248385
2018-09-05,38.191776275634766,39.20347961869532,37.60161572417309,39.20347961869532,286982
2018-09-06,38.149620056152344,38.866241466893314,37.93884867462664,38.36039143767805,216149
2018-09-07,38.78193283081055,39.709325590318336,38.27608281946374,38.31823645105665,690894
2018-09-10,38.149620056152344,38.78193420072945,37.98100230770857,38.78193420072945,183287
2018-09-11,37.517303466796875,39.119167148454764,37.26437846867085,38.90839578066377,274948
2018-09-12,37.72808074951172,38.31824131507372,37.26438431089741,37.854544876459414,208804
2018-09-14,39.540706634521484,42.11211646702608,39.20347118732408,39.28777844106564,2507646
2018-09-17,38.48685836791992,39.45640486417993,38.27608697097867,39.45640486417993,310151
2018-09-18,37.517303466796875,38.781931673542836,37.30653209900588,38.613313936086875,382472
2018-09-19,37.09576416015625,38.10746746229283,36.969300041345626,37.77023195620859,246003
2018-09-21,37.09576416015625,37.81238559044009,33.72342196377841,37.348689181661356,1083495
2018-09-24,34.102806091308594,36.80068009507248,33.72341700675942,36.58990873878023,1288300
2018-09-25,33.63911437988281,34.3135821696107,33.13326112549982,34.060657150477255,472961
2018-09-26,34.44004440307617,34.819433554507135,33.72342295179698,33.93419434524571,271598
2018-09-27,33.42833709716797,34.77727243864495,33.25971937545446,34.56650109053195,273655
2018-09-28,32.16371536254883,33.97634738474334,31.868633487226806,33.72342236026459,447760
2018-10-01,32.24802017211914,32.54309880881634,30.772620556401268,32.33232743514236,376799
2018-10-03,32.58525466918945,33.17541192470352,32.12155508826292,32.45879056237025,375451
2018-10-04,31.99509620666504,32.33232848583275,31.61570707849983,32.20586758718837,177203
2018-10-05,31.194162368774414,33.21756878184395,30.899083740921533,32.37448331241762,456676
2018-10-08,28.664907455444336,31.700014017221452,28.45413607709548,31.57355311988174,778191
2018-10-09,27.821823120117188,29.128605077990372,27.442433979801454,29.128605077990372,337654
2018-10-10,29.465839385986328,30.098153522097125,27.990439735061138,28.074747000096174,354720
2018-10-11,28.87567901611328,29.128604028505666,27.69535800346078,28.66490763643362,232289
2018-10-12,29.676612854003906,30.435387941087082,29.086452308861727,29.086452308861727,241794
2018-10-15,31.362777709960938,31.657856315271644,29.634453272893396,29.971685505231974,642831
2018-10-16,31.44709014892578,32.5852575630298,31.19416512894137,31.40493651494773,519147
2018-10-17,30.519697189331055,32.03725051801375,30.393233071892453,31.700015015588214,266794
2018-10-19,29.63445472717285,30.224611966755607,29.55014425286407,29.84522608877119,193613
2018-10-22,29.465839385986328,30.18246078713216,29.212914374765212,29.929535775911045,158803
2018-10-23,29.00214385986328,29.507993897371783,28.7070619912199,29.465840263598757,180952
2018-10-24,28.327674865722656,29.887385154961297,28.116903465780922,29.887385154961297,532438
2018-10-25,28.327674865722656,28.79137451848754,27.821824792309027,27.821824792309027,170790
2018-10-26,27.73751449584961,28.496289523276157,27.65320401539156,28.454135891105125,371712
2018-10-29,28.4119815826416,28.580599323428096,27.990438838733315,28.074746101068612,457228
2018-10-30,28.707061767578125,29.339375917595774,28.243365367455063,28.411983117349653,469754
2018-10-31,30.519697189331055,30.85692947564048,28.791372475661426,29.507993898170557,1247658
2018-11-01,30.182462692260742,30.899087354756205,29.634459002710788,30.77262323310518,590346
2018-11-02,30.266773223876953,31.194166063646996,30.140309102037303,30.43538776484153,916431
2018-11-05,29.465839385986328,30.308924900800726,29.381528904835285,30.266771268283208,466493
2018-11-06,29.381528854370117,29.8452284596144,29.00214294624807,29.71876434616305,575426
2018-11-07,29.760921478271484,29.929539243996146,29.55015007514475,29.55015007514475,124447
2018-11-09,29.59229850769043,30.14030534588003,29.423683987738997,29.929533979824924,600340
2018-11-12,29.59229850769043,30.01384123980064,29.465837617726855,29.59229850769043,411805
2018-11-13,29.63445472717285,29.92953334696423,29.50799062376755,29.676608356269373,187369
2018-11-14,29.50798988342285,30.013839852120977,29.170754426880322,29.845225339965378,192194
2018-11-15,29.63445472717285,29.71876198536589,28.791369280779495,29.592297881960587,225903
2018-11-16,29.465839385986328,29.971689408428563,29.381528904835285,29.67661076468993,216157
2018-11-19,29.25506591796875,29.634455015763532,29.086448183824867,29.634455015763532,152607
2018-11-20,28.74921417236328,29.255067400428324,28.66490690907708,29.086449657739976,242131
2018-11-21,28.959983825683594,29.21291203274327,28.580597947325582,28.70705883473967,179356
2018-11-22,29.718769073486328,30.266776030791547,29.002147559579363,29.086454837880236,723460
2018-11-26,29.50798988342285,30.22461120843114,29.21291127103489,30.140303952353342,210383
2018-11-27,29.59229850769043,29.634455353794102,29.381527141635324,29.465837617726855,128949
2018-11-28,29.086450576782227,29.592300604714634,28.91783282876608,29.550146971739604,115239
2018-11-29,28.74921417236328,29.42368514311667,28.580599645790876,29.42368514311667,191176
2018-11-30,28.791370391845703,29.170756284470716,28.622752652836883,28.959984914738655,225996
2018-12-03,29.170759201049805,29.42368744290949,28.749216419438586,28.791373270492663,337919
2018-12-04,29.59229850769043,30.435383971910852,29.423683987738997,30.14030534588003,718158
2018-12-05,28.74921417236328,29.550146038045977,28.66490690907708,29.507992406402874,303792
2018-12-06,27.821823120117188,28.580601400748655,27.737515851654198,28.580601400748655,345357
2018-12-07,28.327674865722656,28.622756755310885,27.990442555485682,27.990442555485682,337655
2018-12-10,27.821823120117188,27.94828723892781,27.61105173284357,27.61105173284357,228194
2018-12-11,27.948284149169922,28.285516401856093,27.3581236868244,27.568895050796673,257334
2018-12-12,28.622753143310547,28.959985410991063,28.116899917615882,28.159056765177382,492833
2018-12-13,28.74921417236328,29.84522789177957,28.580599645790876,28.875678283408526,951201
2018-12-14,28.580598831176758,29.086448828707947,28.49628835417766,28.622752461618383,195296
2018-12-17,29.170759201049805,29.42368744290949,28.833526905430546,28.87568054036843,273262
2018-12-18,29.59229850769043,29.760916243757677,28.8756771495494,29.255066251671753,971866
2018-12-19,29.80307388305664,30.09815576489969,29.67661297608069,29.887384370490192,387377
2018-12-20,30.646160125732422,31.194167049535658,29.550149494242273,29.76092089322562,1645817
2018-12-21,30.09815216064453,30.98339126793375,29.71876305291605,30.64615579081602,724161
2018-12-24,30.055994033813477,30.561843957701697,29.887376320478943,30.351072620062375,211405
2018-12-26,30.519697189331055,30.983393593079082,30.224615320679685,30.983393593079082,1104365
2018-12-27,30.09815216064453,30.814773529374886,29.971688052696415,30.772619898764134,284427
2018-12-28,30.393234252929688,30.68831613304751,30.266773346693103,30.393234252929688,486631
2018-12-31,30.646160125732422,30.98339565055231,30.56185285258561,30.56185285258561,262159
2019-01-01,30.47754669189453,30.85693265101941,30.224618430989366,30.73047173668326,220867
2019-01-02,30.435386657714844,31.067700811679416,30.26677212288384,30.308925756591588,425476
2019-01-03,30.30892562866211,30.730468396192553,30.26677199513228,30.561850645957158,126505
2019-01-04,29.971689224243164,30.60400335646819,29.676610582317878,30.140306969393034,361938
2019-01-07,29.971689224243164,30.43538561131832,29.88738195972622,30.224614233909975,253860
2019-01-08,29.88737678527832,30.140301751155842,29.55014135336467,29.97168403519902,175569
2019-01-09,29.929536819458008,30.30892595757577,29.760919067392766,30.22461547348509,151326
2019-01-10,31.025550842285156,32.627414841298766,29.76092238499541,29.803076023681776,2146422
2019-01-11,30.224613189697266,31.067698670203363,30.140305928093007,31.025545039401234,450127
2019-01-14,30.013839721679688,30.182457449218134,29.760914738429847,29.97168609382399,151536
2019-01-15,30.561845779418945,31.194159830027615,30.47753852578402,30.772617129621835,432515
2019-01-16,30.055994033813477,30.51969033339691,29.97168356908852,30.308918995757587,246929
2019-01-17,29.971689224243164,30.140306969393034,29.84522832746775,29.971689224243164,250098
2019-01-18,29.88737678527832,30.393226717033365,29.80306631924219,30.140301751155842,262624
2019-01-21,29.63445472717285,29.97168697606075,29.592297881960587,29.76091561446241,193452
2019-01-22,30.435386657714844,30.646158042369702,29.255068833317306,29.634457968919268,1145683
2019-01-23,30.013839721679688,30.85692514325626,29.887378838112596,30.519692904295024,599954
2019-01-24,29.760921478271484,30.18246428452495,29.59230371254682,30.14031064712288,241233
2019-01-25,29.423686981201172,30.519697552968807,29.086451474757528,30.098154777972322,413395
2019-01-28,28.45413589477539,29.592300044120012,28.201210885600585,29.42368551541413,319632
2019-01-29,28.622753143310547,29.381528157678652,28.07474628617031,28.07474628617031,313656
2019-01-30,28.664907455444336,29.33937522293747,28.327671963639766,28.791371568900047,380316
2019-01-31,29.676612854003906,30.182462912059357,28.749216792747273,28.749216792747273,461357
2019-02-01,29.423686981201172,30.772622574743473,28.707062334037463,29.760919271528675,1414543
2019-02-04,30.055994033813477,30.47753670909212,29.67660498283962,30.308918995757587,1049489
2019-02-05,29.50798988342285,30.435382564741303,29.297218527112687,29.887378968004278,551281
2019-02-06,30.013839721679688,30.140303821362437,29.170754300103116,29.170754300103116,500707
2019-02-07,29.80307388305664,30.35108079496784,29.67661297608069,29.845230734831542,271294
2019-02-08,29.550146102905273,30.013842484229038,29.465838839434028,29.97168885249341,200360
2019-02-11,29.21291732788086,29.59230327500642,29.12860683820692,29.507996001448813,169318
2019-02-12,30.245939254760742,30.420017267041963,30.02834256947469,30.15890190875109,151985
2019-02-14,28.853322982788086,29.157957026602997,28.635726288559706,29.070919677016466,182541
2019-02-15,27.41718292236328,28.853322403544247,26.93847086872362,28.853322403544247,470304
2019-02-18,26.981992721557617,27.765340565318535,26.720877327014374,27.46070483159729,298399
2019-02-19,27.199588775634766,27.417185485839845,27.02551074341824,27.199588775634766,136124
2019-02-20,27.41718292236328,27.591260938303698,27.199586232503254,27.24310490642286,166848
2019-02-21,27.765338897705078,28.113493289562637,27.41718450584752,27.41718450584752,183036
2019-02-22,28.505168914794922,29.244996398219037,28.026456818446242,28.026456818446242,377539
2019-02-25,29.3320369720459,29.636671035863767,28.548687493282408,28.548687493282408,232438
2019-02-26,29.02739906311035,29.332036441682234,28.41813094649102,29.15795841396433,194701
2019-02-27,28.94036102294922,30.02834452005257,28.722764323528548,29.11443904653818,343418
2019-02-28,29.157957077026367,29.680187815972758,28.89684170755317,29.24499442676341,162254
2019-03-01,30.158906936645508,30.681137740290136,29.20147936961372,29.28852005039614,542762
2019-03-05,31.07280921936035,31.333924593587824,29.81074770362175,30.158903749433133,653442
2019-03-06,31.07280921936035,31.76911799072099,30.942249872115553,31.333924593587824,552513
2019-03-07,31.029287338256836,31.42095869900585,30.81169066216881,30.942246675664556,208652
2019-03-08,31.116329193115234,31.420963255712156,30.811695130518313,31.072810515638853,252528
2019-03-11,31.46449089050293,31.76912500767688,30.942256706438197,31.11633476779311,491976
2019-03-12,31.33392906188965,32.07375661441256,31.246891698156105,31.76912252108256,653070
2019-03-13,30.898733139038086,31.33392656353158,30.768173783585105,31.33392656353158,179309
2019-03-14,30.898733139038086,31.2033672080786,30.55057707133836,31.2033672080786,179439
2019-03-15,30.811695098876953,31.420963223445124,30.550576393762295,30.637617068887934,496676
2019-03-18,30.76817512512207,31.333927929736188,30.463541042799072,30.85521580597327,206976
2019-03-19,31.33392906188965,31.943200568812244,30.768176236833824,30.768176236833824,656574
2019-03-20,30.811695098876953,31.420963223445124,30.681135746319622,31.377444546013432,209011
2019-03-22,30.420021057128906,31.42096394199691,30.289461701585875,30.985770517203257,518697
2019-03-25,29.98482894897461,30.376503712539876,29.897788268036507,30.376503712539876,134186
2019-03-26,30.332979202270508,30.463538552744296,30.115382498322337,30.37650119926991,183908
2019-03-27,30.202421188354492,30.681133241546075,30.158902514475617,30.28945853611224,207909
2019-03-28,30.855209350585938,31.203362040364368,29.94130397455761,30.681131345565834,513424
2019-04-01,30.942249298095703,31.37744268715545,30.637615253858705,30.72465260356583,303003
2019-04-02,30.942249298095703,31.46448335712464,30.72465260356583,30.89873062324214,348328
2019-04-03,30.811695098876953,31.725600605991467,30.768173101183002,31.159847838592725,920915
2019-04-04,30.50705909729004,31.072811890298645,30.28946238001941,30.942252531831304,279662
2019-04-05,30.158906936645508,30.855215781592506,29.98482889534314,30.507059698987767,408883
2019-04-08,30.420021057128906,30.637617769525733,30.15890566630518,30.376502378702007,304891
2019-04-09,30.245939254760742,30.46353594004679,29.98482389646987,30.420017267041963,156115
2019-04-10,30.59409523010254,30.98576660677776,30.289457879035027,30.33297655196984,392926
2019-04-11,30.985767364501953,31.508001413276116,30.85521134250491,30.98576736450195,630365
2019-04-12,30.942249298095703,31.02928996806489,30.550574583889517,30.942249298095703,237032
2019-04-15,31.203367233276367,31.682082656815655,30.855214485557827,30.898733163989853,710553
2019-04-16,31.116329193115234,31.76911931604772,31.029291838162475,31.246888545806637,264724
2019-04-18,30.76817512512207,31.116331208001906,30.50705972309343,30.98577184685635,249721
2019-04-22,29.897785186767578,30.81169398098649,29.810747835062035,30.81169398098649,184368
2019-04-23,30.811695098876953,30.98576980860371,29.76723023920511,29.810748916636797,180781
2019-04-24,30.50705909729004,31.116330569700292,30.332981059421055,30.985771211232947,107038
2019-04-25,30.59409523010254,30.724651248906973,30.33297655196984,30.724651248906973,125497
2019-04-26,30.76817512512207,30.98577184685635,30.202425640770432,30.202425640770432,121830
2019-04-30,31.07280921936035,31.333924593587824,30.245941100754916,30.463537799321497,288433
2019-05-02,31.46449089050293,31.682087637130852,30.68114127453726,30.68114127453726,415940
2019-05-03,31.50800323486328,32.50894607575659,31.33392520854117,32.465427399241605,967986
2019-05-06,30.63762092590332,31.159851761352527,30.463542873999362,31.159851761352527,253658
2019-05-07,31.377445220947266,31.46448589794516,30.724655084643526,30.898733118376988,353814
2019-05-08,31.07280921936035,31.333924593587824,30.81169384513288,31.290405917926932,212880
2019-05-09,31.812633514404297,31.899674177364265,30.550572123710015,31.24688414634258,616687
2019-05-10,31.377445220947266,31.943198000515437,31.2033671872138,31.59504193304851,271171
2019-05-13,30.420021057128906,31.377445263570014,30.24594302315898,31.377445263570014,126486
2019-05-14,30.63762092590332,30.855217660717603,30.07186808728112,30.37650550817872,115800
2019-05-15,30.028345108032227,30.724653895760245,29.89778575771851,30.289460488397456,135122
2019-05-16,29.767230987548828,30.420021126221993,29.680190310234998,30.37650244769625,114918
2019-05-17,30.245939254760742,30.55057328605644,29.549630525897772,29.63666787190742,262467
2019-05-20,30.898733139038086,31.246889206737816,30.68113642679134,31.246889206737816,173129
2019-05-21,30.72465705871582,31.02929446738805,30.55057901379777,31.02929446738805,132371
2019-05-22,30.72465705871582,30.855216422469994,30.50706033263389,30.855216422469994,94458
2019-05-23,30.332979202270508,31.595040749222356,30.20242317205893,30.942250637377835,399147
2019-05-24,31.76911735534668,31.899676699980326,30.289459170634288,30.376499840477404,547552
2019-05-27,32.94414138793945,33.59693153422831,31.98671716815408,32.160795204550254,1061238
2019-05-28,34.07564926147461,34.29324599157275,32.94414360875417,33.335818386983355,1288158
2019-05-29,34.81547927856445,35.68586626052856,34.51084516298215,34.55436384802779,1643814
2019-05-30,35.294185638427734,35.59882302407137,34.55435815378029,35.16362960480528,645420
2019-05-31,33.98860549926758,35.42474511596348,33.50989340045638,35.42474511596348,508489
2019-06-03,34.7719612121582,35.25067339670282,34.24972702153079,34.51084577697595,948727
2019-06-04,34.85898971557617,35.120105084329964,34.380277652817206,34.77195236607893,451638
2019-06-06,34.07564926147461,35.38122964206348,33.59693379904861,35.38122964206348,467789
2019-06-07,34.11916732788086,34.77195750639798,33.68397387553611,34.467320097599135,374064
2019-06-10,33.77101135253906,34.77195762443482,33.683973989879675,34.42380153327215,351694
2019-06-11,33.596927642822266,33.945083675289005,33.24877493061753,33.945083675289005,227670
2019-06-12,33.422855377197266,33.5969300858265,33.248777348305794,33.248777348305794,124759
2019-06-13,32.72654342651367,33.37933354794888,32.63950607176055,33.33581487057232,160025
2019-06-14,32.552467346191406,32.72654204836721,32.117273950227684,32.508945350385346,149939
2019-06-17,32.16079330444336,32.81358341216442,32.073752631256575,32.63950538605303,174188
2019-06-18,30.550575256347656,32.24783017509189,30.463537904724724,32.03023347577243,395432
2019-06-19,29.549633026123047,30.89873192499283,29.157958295415767,30.594097867921725,264204
2019-06-20,30.115385055541992,30.50705981995984,28.461651957268,29.28852016653624,325951
2019-06-21,30.76817512512207,31.508005971176107,29.810750877596234,30.115384959919233,327209
2019-06-24,31.246891021728516,31.42096574542726,30.898734933805972,31.072812977767242,252353
2019-06-25,31.50800323486328,31.725599937700373,30.898731802866987,31.33392520854117,164344
2019-06-26,32.421913146972656,32.639509879502675,31.72560426692913,31.72560426692913,466367
2019-06-27,32.50894546508789,33.20525755729636,32.378389437995395,32.85710151119213,386444
2019-06-28,32.16079330444336,32.900620765089016,32.03023395479427,32.81358341216442,212151
2019-07-01,32.987667083740234,33.50989793118608,32.37839554821157,32.37839554821157,496026
2019-07-02,33.77101135253906,34.293245489283066,33.379336580046704,33.72749267120937,718840
2019-07-03,34.684913635253906,35.51178178274903,34.249720222915656,34.380279574722024,1162706
2019-07-04,34.46731185913086,35.120101881616385,34.380274517570825,34.77194919511449,494675
2019-07-05,31.85615348815918,35.25066311635765,31.50800078287083,34.68491040490393,977466
2019-07-08,29.941308975219727,31.769120032549125,29.723712262668023,31.595041998455294,687362
2019-07-09,30.07186508178711,30.724655220987678,29.332037585464736,29.636671655653394,354265
2019-07-10,30.59409523010254,30.811691915038512,29.81074583622827,29.81074583622827,346727
2019-07-11,30.07186508178711,30.89873325549363,29.854268368720252,30.81169589837183,198428
2019-07-12,30.07186508178711,30.550577186481725,29.984827724665305,30.158905759171258,349514
2019-07-15,29.549633026123047,30.42001984091158,29.419073675799886,30.202423137214446,298311
2019-07-16,29.98482894897461,30.376503712539876,29.462594824133426,29.636672865747155,140808
2019-07-17,29.897785186767578,30.81169398098649,29.76722915920926,30.11538188629358,388631
2019-07-18,29.3320369720459,30.028345775245512,29.157958941180425,29.85426774438004,232116
2019-07-19,29.02739906311035,29.549633146264057,28.940361709382508,29.332036441682234,186633
2019-07-22,28.679244995117188,29.114438384055955,28.287570281019885,29.114438384055955,221986
2019-07-23,28.33108901977539,28.896841754776936,28.20053299495647,28.809801084635584,198160
2019-07-24,28.113494873046875,28.679247659328745,27.939416837247656,28.418132265761102,233366
2019-07-25,28.374608993530273,29.0709211054857,28.2440529627353,28.63572769564467,403527
2019-07-26,28.113494873046875,28.418132265761102,27.939416837247656,28.331091587730306,281255
2019-07-29,28.63572883605957,29.59315304773427,28.026457373965513,28.0699760526303,540380
2019-07-30,27.80885887145996,29.070920393125565,27.678299523602018,28.76628302154441,229477
2019-07-31,29.114439010620117,30.202422506381243,27.24310606980613,27.80885881570677,928366
2019-08-01,28.33108901977539,28.809801084635584,27.982936299996194,28.548685714735665,237772
2019-08-02,28.33108901977539,28.679245059816658,27.89589562985484,28.20053299495647,188193
2019-08-05,26.068086624145508,27.41718556737666,25.89400859141129,27.112549840157353,610374
2019-08-06,24.109716415405273,26.024566489831127,23.84859936425777,26.024566489831127,1006222
2019-08-07,23.32636833190918,24.37083327936296,23.06525292511137,24.283794257053266,612753
2019-08-08,23.239330291748047,23.41340667115767,22.673577493305913,23.326367651387248,556513
2019-08-09,23.282848358154297,24.06619619518746,23.152290662003963,23.152290662003963,328650
2019-08-13,22.7606143951416,23.674521527492754,22.630056707700312,23.674521527492754,196276
2019-08-14,22.41246223449707,22.97821337635133,22.325423214181516,22.80413699585145,243692
2019-08-16,22.71709442138672,23.06524878804804,22.0207840279331,22.368940054725396,361224
2019-08-19,23.065250396728516,23.413404787671784,22.455978967479478,23.195808085815855,142617
2019-08-20,23.065250396728516,23.326365774903195,22.847653694872587,22.891172371191338,152937
2019-08-21,21.933748245239258,23.065250432597253,21.75967021943137,23.065250432597253,233421
2019-08-22,20.889284133911133,22.020786360445527,20.758726440100418,22.020786360445527,254256
2019-08-23,21.498554229736328,21.67263059046486,20.454089424840966,20.671686120849913,206597
2019-08-26,22.281904220581055,22.630058636813484,21.411517349934382,22.499500938242722,228118
2019-08-27,23.239330291748047,23.456927011108494,22.107826354994998,22.107826354994998,184995
2019-08-28,22.630056381225586,23.674521185949953,22.45597836039451,23.239327794003305,132958
2019-08-29,23.065250396728516,23.45692512412162,22.847653694872587,22.847653694872587,158490
2019-08-30,23.239330291748047,23.41340667115767,22.717097833256734,23.065252252207202,108127
2019-09-03,22.847654342651367,23.152290065912943,22.76061532741504,23.152290065912943,78378
2019-09-04,23.108768463134766,23.239327808907323,22.630056395738862,22.71709540621022,182885
2019-09-05,23.239330291748047,23.761561090108138,22.93469455261718,23.41340667115767,313902
2019-09-06,23.369888305664062,23.631003708356122,23.195810263781862,23.23933060431803,272135
2019-09-09,23.83584976196289,24.104674447704628,23.343002225908815,23.477416277925354,313023
2019-09-11,24.19428253173828,25.090367069950812,23.880652601534774,24.19428253173828,913323
2019-09-12,24.50791358947754,25.31438936914323,24.373501244390873,24.50791358947754,571733
2019-09-13,25.04556655883789,25.314391269188643,24.4183066224917,24.731936590664795,801804
2019-09-16,24.821544647216797,25.135172896768246,24.507914688519573,24.552718235842416,750814
2019-09-17,23.83584976196289,25.00075901237131,23.74624096366709,24.77673787120464,355405
2019-09-18,23.656635284423828,24.283895246051014,23.522222923831116,24.283895246051014,190664
2019-09-19,23.163785934448242,23.746240549493482,22.984568340982488,23.746240549493482,195711
2019-09-20,22.894960403442383,24.194283731965477,22.44691811210969,23.029374458158753,907349
2019-09-23,23.387807846069336,23.835850135422596,23.11898144696996,23.567023736323222,846619
2019-09-24,23.880653381347656,24.149479777077204,23.11898115716579,23.387807552895335,1594279
2019-09-25,23.4326114654541,24.373501301559013,23.118981520085796,23.970262556207523,1783789
2019-09-26,23.253395080566406,23.701437361817046,23.118981028874682,23.43261096757926,1108454
2019-09-27,22.984569549560547,23.387808301488832,22.939766003411062,23.387808301488832,436102
2019-09-30,22.222898483276367,22.98457077235934,22.043682579998258,22.894961966147378,477755
2019-10-01,21.64044189453125,22.93976519693579,21.4164207533681,22.8501563986414,866174
2019-10-03,21.55083465576172,21.95407342269401,21.19240114579179,21.50603110794515,335829
2019-10-04,22.088481903076172,22.850154046453728,21.864460784973684,22.402111810248755,1070400
2019-10-07,21.864463806152344,22.446918451871884,21.685247912394033,22.08848495520953,332847
2019-10-09,22.088481903076172,22.222894232108565,21.73004845594129,21.95406957404378,459322
2019-10-10,22.1780948638916,22.312507218207237,21.819661349334638,22.08848605796591,445039
2019-10-11,22.3125057220459,22.49172332187988,22.08848457682627,22.357310976577246,376552
2019-10-14,22.357309341430664,22.76054634784703,22.133288212595268,22.491721676902785,294909
2019-10-15,22.40211296081543,22.939764013704117,22.133288288943877,22.581330548160185,258346
2019-10-16,22.3125057220459,22.805353267016503,22.178093376743263,22.267702176660254,230683
2019-10-17,22.40211296081543,22.491721754487806,22.178091831207276,22.26770062487965,167511
2019-10-18,23.4326114654541,23.835850210805592,22.402114538511704,22.536526883913634,837593
2019-10-22,23.880653381347656,24.64232560552952,23.611828694763787,23.925458635208752,775518
2019-10-23,24.19428253173828,24.507912461941793,23.65663146698164,23.880652601534774,542919
2019-10-24,24.50791358947754,24.731934734337212,23.79104490043916,24.552717134791195,856917
2019-10-25,24.19428253173828,24.55271600519417,23.92545785393277,24.328694870641037,341866
2019-10-27,24.19428253173828,24.373500123039037,24.059870192835525,24.328694870641037,51062
2019-10-29,24.283893585205078,24.507914740586774,24.10467597724141,24.328697132623105,249093
2019-10-30,25.62801742553711,26.38968960377013,25.224778710841516,25.224778710841516,943794
2019-10-31,25.672821044921875,26.52410201889122,25.314387580304206,25.807233380510304,722414
2019-11-01,26.120864868164062,26.524103608237322,25.583213784448276,25.762431382068762,666954
2019-11-04,26.389692306518555,26.837734609113806,26.07606235287273,26.165671155220927,585819
2019-11-05,26.120864868164062,26.792928295522376,25.71762783723648,26.792928295522376,400301
2019-11-06,24.731935501098633,25.94165006267466,24.46310909344521,25.94165006267466,893404
2019-11-07,24.418306350708008,24.911152217247462,24.283893997028684,24.911152217247462,253435
2019-11-08,24.283893585205078,25.2695870107137,24.194284781223242,24.283893585205078,436231
2019-11-11,24.01506805419922,24.373503283274957,23.880655697868736,24.283894476006022,313824
2019-11-13,23.387807846069336,23.970262480399434,23.34300259164659,23.791044880999852,276602
2019-11-14,23.387807846069336,23.701437790445755,23.298199046369543,23.522220191046173,244673
2019-11-15,23.163785934448242,23.567022956027728,23.118980681508983,23.52221941223411,149924
2019-11-18,23.656635284423828,23.925461714755148,23.07418058242481,23.20859294301752,229039
2019-11-19,23.656635284423828,23.835852904644707,23.567026474313387,23.656635284423828,92842
2019-11-20,24.01506805419922,24.194285668737088,23.746243341538253,24.01506805419922,322864
2019-11-21,23.701438903808594,24.149481214208407,23.522221295990356,23.880654802481054,227384
2019-11-22,23.477415084838867,23.970260886701602,23.387806291096847,23.970260886701602,133352
2019-11-25,23.567026138305664,23.746243755971342,23.477419038618695,23.477419038618695,109483
2019-11-26,23.522220611572266,23.92545936285751,23.47741706549423,23.74624176025391,195303
2019-11-27,23.387807846069336,23.656632536023015,23.34300259164659,23.656632536023015,130536
2019-11-28,23.567026138305664,23.835852564804185,23.387810229785856,23.52222258846218,136512
2019-11-29,23.701438903808594,24.149481214208407,23.611830099899475,24.149481214208407,453588
2019-12-02,23.4326114654541,23.701437865403662,23.343002665470912,23.656632610839218,126936
2019-12-03,23.163785934448242,23.567022956027728,23.074177137715367,23.52221941223411,180952
2019-12-04,23.298198699951172,23.477416296685988,23.074177558605488,23.208589901583764,148646
2019-12-05,23.118980407714844,23.477415590401467,23.074176864451825,23.298197999058154,112772
2019-12-06,22.760547637939453,23.2533951747998,22.58133175020033,23.118981122563365,100184
2019-12-09,22.626136779785156,23.07417909225615,22.491724427873013,22.626136779785156,89830
2019-12-10,21.998876571655273,22.894961184906336,21.909269477646777,22.894961184906336,239081
2019-12-11,22.04368019104004,22.5813312608987,21.640441461359636,22.08848373471758,202848
2019-12-12,22.581331253051758,22.6709383403757,21.774853793971197,22.088483727041897,143736
2019-12-13,22.491724014282227,22.894961062603695,22.40211521160665,22.491724014282227,142208
2019-12-16,22.626136779785156,22.760549131697296,22.491724427873013,22.491724427873013,91646
2019-12-17,22.93976593017578,23.20859062450593,22.491723633528387,22.805353583010707,147205
2019-12-18,22.626136779785156,23.163787896579503,22.491724427873013,23.163787896579503,119402
2019-12-19,22.53652572631836,22.760546860196563,22.446916930937952,22.67093806481616,83424
2019-12-20,22.53652572631836,22.894959198694366,22.446916930937952,22.491722183200963,100790
2019-12-23,22.446916580200195,22.80535175612119,22.312504243802614,22.491721831763112,94448
2019-12-24,22.3125057220459,22.53652686726553,22.267702176660254,22.49172332187988,57593
2019-12-26,23.029373168945312,23.387806640116768,22.222895722377526,22.312504517456794,490407
2019-12-27,22.984569549560547,23.16378715244995,22.76054840052166,23.029374804855763,271960
2019-12-30,23.567026138305664,23.70144020612786,22.85015908593469,22.984571444611014,331100
2019-12-31,23.298198699951172,23.477416296685988,22.760547618892396,23.477416296685988,337134
2020-01-01,23.477415084838867,23.656630963177324,23.208588703612808,23.477415084838867,179370
2020-01-02,24.283893585205078,24.552718288004804,23.477417767660125,23.477417767660125,831311
2020-01-03,24.10467529296875,24.73193519388944,23.970262945384526,24.059871746822587,570010
2020-01-06,24.01506805419922,24.911152708596887,23.880655697868736,24.239089217798636,1318544
2020-01-07,24.283893585205078,24.59752354456861,23.92546007842352,24.328697132623105,586957
2020-01-08,23.925460815429688,24.19428552651036,23.52222203966285,23.656634395203184,393162
2020-01-09,24.6423282623291,25.404000568630263,24.283894738524396,24.328698288070285,1564744
2020-01-10,24.328697204589844,25.000760672722965,24.05987250099491,24.82154477337494,490671
2020-01-13,24.955955505371094,25.448801333021553,24.418304423932437,24.552716767005684,1459527
2020-01-14,25.22477912902832,25.628017850408973,24.911149202303992,25.045563248861278,979323
2020-01-15,26.210474014282227,29.167552450183994,25.000759487178524,25.314389432597366,4509023
2020-01-16,26.389692306518555,27.24097165596208,26.210474701822154,26.300083504170356,1776462
2020-01-17,26.52410316467285,27.01694898616878,26.210473228654692,26.389690823278112,809294
2020-01-20,25.71763038635254,26.837736209640614,25.672825127933507,26.703322143529366,576895
2020-01-21,25.807235717773438,26.344886817965747,25.314389872932168,25.538411022250152,444083
2020-01-22,25.941648483276367,26.21047316541726,25.672822091989826,25.941648483276367,559972
2020-01-23,26.210474014282227,26.38969161427748,25.717628178013832,25.852040523437424,812866
2020-01-24,26.43449592590332,26.74812588041268,25.85204127275494,26.12086597139396,1009231
2020-01-27,27.240970611572266,28.13705518240784,27.061754722892562,27.554600553193854,2654225
2020-01-28,26.479297637939453,27.55459977628188,26.25527650154692,27.420187436275484,733193
2020-01-29,26.613712310791016,27.061754594076078,26.434494713818722,26.613712310791016,409680
2020-01-30,25.986452102661133,26.703319063214213,25.71762741974014,26.703319063214213,377575
2020-01-31,25.583213806152344,26.07606134545397,25.403997917525494,26.031256091437996,437803
2020-02-03,22.715744018554688,23.567023328092503,22.491722877758576,23.567023328092503,647349
2020-02-04,23.163785934448242,23.47741586844049,22.894959544249613,22.894959544249613,849345
2020-02-05,23.298198699951172,23.880653325620816,23.208589901583764,23.208589901583764,520054
2020-02-06,23.029373168945312,23.65663131620896,22.85015557878678,23.253394302070674,498205
2020-02-07,22.894960403442383,23.20859034920441,22.805353312492407,23.029374458158753,248067
2020-02-10,22.3125057220459,23.16378675753877,22.178093376743263,23.02937441223613,470582
2020-02-11,22.088481903076172,22.58132938838894,21.95406957404378,22.31250302117866,246617
2020-02-12,21.909269332885742,22.357311636550925,21.774855274469587,22.178094031426554,199939
2020-02-13,21.730051040649414,21.954072185398378,21.416421096171728,21.81965984037814,268106
2020-02-14,21.730051040649414,21.998875730689893,21.595638695629177,21.86446338566965,159067
2020-02-17,21.28200912475586,21.819660223420943,21.14759677737602,21.55083381951554,166286
2020-02-18,21.192399978637695,21.371617578325292,20.833966488408198,21.102791178793897,276985
2020-02-19,21.461227416992188,21.86446447208928,21.192401004448346,21.192401004448346,160333
2020-02-20,21.37161636352539,21.595637495828285,21.147595231222496,21.595637495828285,193921
2020-02-24,21.10279083251953,21.461226026013186,21.013183743291787,21.23720488465249,171181
2020-02-25,21.416419982910156,21.90926750122625,20.878768921631515,21.102790054735483,292289
2020-02-26,21.10279083251953,21.774854256601625,20.968378489532245,21.23720488465249,199808
2020-02-27,20.968379974365234,21.326813484094956,20.78916407407327,21.326813484094956,182234
2020-02-28,20.25151252746582,20.878770728967112,20.161903724638275,20.565142482789344,266882
2020-03-02,20.117101669311523,20.87877227695273,20.072296410002938,20.47553519805078,362180
2020-03-03,20.206707000732422,20.430728150226777,19.758664701743715,20.161903454491846,151855
2020-03-04,20.161903381347656,20.4755333313311,19.937882232666016,20.206706927425696,178302
2020-03-05,20.206707000732422,20.565142207239976,20.161903454491846,20.161903454491846,148111
2020-03-06,19.84827423095703,20.117100645692176,19.579449525367682,19.937883035868747,276077
2020-03-09,19.579450607299805,20.968381178171402,19.13140826712885,19.713862967521912,397128
2020-03-11,19.400232315063477,19.893079897654484,19.265819959500778,19.624253477383252,304749
2020-03-12,17.697669982910156,19.131405614494035,17.3392365023006,19.041796817055232,537471
2020-03-13,19.08660125732422,20.43072815457651,15.323046970505247,16.667173867757537,948692
2020-03-16,17.78727912902832,18.817776046910975,17.339236842197106,18.817776046910975,342676
2020-03-17,17.02560806274414,18.100910308259987,15.950305817228294,17.78728034422238,503378
2020-03-18,16.532764434814453,17.47365274512427,16.174329165033537,17.47365274512427,541540
2020-03-19,17.0523624420166,17.855382674334052,16.391053040406046,16.91065341323777,414652
2020-03-20,17.430255889892578,17.666438209257368,16.532762355535148,17.00512699426472,475392
2020-03-23,15.776976585388184,16.6744681432367,14.265409675099201,16.532759139568803,295876
2020-03-24,15.54079532623291,16.532760218576346,13.887518403411345,15.635266800225342,389583
2020-03-25,15.87144947052002,16.816178648573068,14.501593243499846,15.588031437875268,282958
2020-03-26,16.91065216064453,17.383016756204032,15.682504932961002,16.391051826300252,361479
2020-03-27,16.76894187927246,17.760906734458306,16.53275959928271,17.2885421744788,344950
2020-03-30,16.721708297729492,17.0051263494491,15.729741512854812,16.438288444081856,225637
2020-03-31,17.335779190063477,17.85537946963695,16.532759101872685,16.76894137475658,303289
2020-04-01,17.430255889892578,17.760909695460803,17.099600282396256,17.383018344862762,177430
2020-04-03,18.516693115234375,19.366949054816324,17.33578158750167,17.666437175652426,798991
2020-04-07,19.366947174072266,19.839311739293542,18.941818344601995,19.839311739293542,442979
2020-04-08,20.35891342163086,21.303642616173878,19.272475208291976,19.366948488131865,665972
2020-04-09,22.720735549926758,23.523755695347393,21.917717206433995,22.673499812754667,1978199
2020-04-13,22.295608520507812,22.673499823853124,21.256406084862302,22.673499823853124,674177
2020-04-15,23.854412078857422,24.84637700889022,23.287574203726706,23.61822978104695,3303800
2020-04-16,23.854412078857422,24.468485692779055,23.807176340066498,24.32677667447836,679947
2020-04-17,23.665462493896484,24.515720098839875,23.429280226285034,24.515720098839875,653633
2020-04-20,23.145864486694336,23.90164709610096,23.004155472671577,23.854411358735998,446124
2020-04-21,22.767972946166992,23.807175374783252,22.673499670487722,23.61822882342471,719296
2020-04-22,23.759937286376953,24.75190395517184,22.012188033485998,23.051390438063954,909425
2020-04-23,23.193099975585938,23.901646840036765,23.145864238727025,23.901646840036765,497891
2020-04-24,24.18506622314453,24.65743079077654,22.673499246336533,23.193099549960614,1455028
2020-04-27,24.46848487854004,26.357943198148195,24.374011602174058,25.932816157393084,3660099
2020-04-28,23.71270179748535,24.75190421288326,23.240337227025197,24.75190421288326,1425106
2020-04-29,24.232301712036133,24.799139547799978,24.090592703577123,24.56295726639236,1808511
2020-04-30,23.901647567749023,24.421249698656208,23.807176091154908,24.279540681837126,744792
2020-05-04,22.90968132019043,23.61822816514477,22.67349903853898,23.52375489209863,1098870
2020-05-05,22.815208435058594,23.570992830350093,22.673499424043886,23.24033727003055,718844
2020-05-06,22.673500061035156,23.996120537543298,22.531791046039267,23.618229230244957,1305661
2020-05-07,22.342844009399414,22.62626383520456,22.201134997460766,22.62626383520456,220211
2020-05-08,21.91771697998047,22.437317291216445,21.82324370468451,22.248370740624534,293271
2020-05-11,22.626264572143555,22.956918343460533,22.43731801545279,22.862446867043058,848986
2020-05-12,22.673500061035156,22.956918091026942,21.964953184127808,22.626264323345822,709710
2020-05-13,24.232301712036133,24.56295726639236,23.098627842436247,23.854410422169504,2577656
2020-05-14,25.696636199951172,26.0745275377888,23.429284569069335,23.429284569069335,3797796
2020-05-15,24.137828826904297,25.17703124218,23.80717506916334,25.17703124218,1262196
2020-05-18,22.767972946166992,24.374011425003157,22.673499670487722,24.374011425003157,549836
2020-05-19,22.579025268554688,23.334809634362067,22.43731626306823,23.334809634362067,647770
2020-05-20,22.531789779663086,22.815207793725648,22.29560750063502,22.3900807726318,416719
2020-05-21,22.626264572143555,23.523756211604923,22.43731801545279,22.673500310352292,267806
2020-05-22,22.626264572143555,23.382047195050802,22.29560899889867,22.342844737107406,292432
2020-05-26,22.531789779663086,23.098627609716,22.3900807726318,22.673498786694367,264352
2020-05-27,22.767972946166992,22.956917695597674,22.673499670487722,22.767972946166992,214964
2020-05-28,23.0513916015625,23.712702747471518,22.72073602860799,23.0513916015625,453959
2020-05-29,23.948883056640625,24.42124760686262,22.767971681085644,22.86244495151559,1063763
2020-06-01,25.507686614990234,26.168997729483333,25.082557783969268,26.168997729483333,2723282
2020-06-02,25.318742752075195,26.169000504272894,25.22427127021146,26.169000504272894,1123379
2020-06-03,25.035322189331055,25.885578054243524,24.940848915023484,25.554922495130942,692364
2020-06-04,24.610193252563477,25.460450915833228,24.374010968750284,25.460450915833228,428436
2020-06-05,25.177030563354492,25.838341664861744,24.61019273376653,24.846375012600866,1255235
2020-06-08,25.271507263183594,25.885580911062263,25.224271521780633,25.507689574054467,873219
2020-06-09,25.22426986694336,25.64939691746367,24.704667735959095,25.413214622087526,990467
2020-06-10,25.12979507446289,25.365977355610234,24.940848528773895,25.365977355610234,283127
2020-06-11,26.452415466308594,27.019253300972196,25.03532178061349,25.271504061562673,2368693
2020-06-12,26.12175941467285,26.45241496208446,25.271503579848545,26.45241496208446,2856349
2020-06-15,27.302671432495117,27.963982542713175,25.88557774082311,26.12176002276844,3484179
2020-06-16,27.34990882873535,29.050420529184805,26.641361986560113,28.908711521135317,3152446
2020-06-17,26.78307342529297,27.82227591518114,26.688600144043505,27.586093613021465,971340
2020-06-18,27.397144317626953,27.586090861278254,26.972015495375423,26.972015495375423,708616
2020-06-19,27.491619110107422,28.57805729137752,27.06649026434057,27.397145833056133,1115940
2020-06-22,27.160964965820312,27.822276137933216,26.9247826617697,27.633329573921536,781746
2020-06-23,27.916744232177734,28.530819589774655,27.255434942198548,27.444379681366417,1561065
2020-06-24,27.444381713867188,28.341875147647173,27.397145976058933,28.105692854750114,914703
2020-06-25,28.10569190979004,28.625292215922588,27.113727033745054,27.39714505492138,895420
2020-06-26,28.719764709472656,29.286602538342255,28.152926880603054,28.81423798127222,2166516
2020-06-29,30.750932693481445,32.16802639920737,28.814238683093812,29.097656703467866,5759662
2020-06-30,31.034351348876953,32.593155898613816,29.75896842916914,31.270533637997342,2780677
2020-07-01,29.758968353271484,30.609226033478674,29.097657224649865,30.23133293030754,1734214
2020-07-02,29.85344123840332,30.60922563292756,29.75896796384681,30.184096798387184,816338
2020-07-03,29.0504207611084,30.13685890073177,28.814238478497764,30.04238562730195,728295
2020-07-06,34.860511779785156,34.860511779785156,32.12079543361114,34.29367205099595,13853738
2020-07-07,36.13589096069336,37.69469554171657,34.01025031594669,35.61629063497089,13173864
2020-07-08,34.67155838012695,37.316799115655485,34.199193834359164,36.13588775123601,4001988
2020-07-09,34.43537521362305,35.42734001322219,34.104717877853076,34.52984667878282,1724382
2020-07-10,34.199195861816406,35.42734303285076,33.58512047437138,34.010249311536725,1972363
2020-07-13,33.726829528808594,34.86050516749692,33.63235445666885,34.52984782079109,1149590
2020-07-14,31.979084014892578,33.8213067929769,31.83737678818217,33.8213067929769,1074142
2020-07-15,31.553953170776367,32.640389466206166,31.36500663126734,31.931842645938932,851282
2020-07-16,31.74289894104004,32.07355631567209,30.51475173034224,31.64842746477706,710152
2020-07-17,32.782100677490234,32.971047219337535,31.3650070194188,31.412242753916743,776527
2020-07-20,32.782100677490234,33.20722949568277,32.59315413564293,32.87657214648612,709405
2020-07-21,33.443416595458984,34.766035371435834,32.73486966423194,33.018287715951544,1957789
2020-07-22,33.15999221801758,33.7740676162184,32.168027316494204,33.39617450904009,909942
2020-07-23,38.54494857788086,39.77309575142951,33.53788480642515,34.340903141938114,21416047
2020-07-24,41.14295196533203,42.46557415912556,38.781129193454696,39.01731147064243,39662614
2020-07-27,39.44244384765625,40.62335534010105,38.07258579564911,40.62335534010105,5364741
2020-07-28,39.86756896972656,40.67058726779601,39.30072934415795,39.584150958870026,2728327
2020-07-29,41.568084716796875,42.418342436637346,39.86757288097182,40.00928009837464,5819265
2020-07-30,39.63138961791992,42.41834140535589,39.06454995052207,41.851501737958046,4324109
2020-07-31,33.58511734008789,35.89970425633307,33.348935075243595,34.0102461375787,5887965
2020-08-03,33.01828384399414,33.915777239073186,32.59315501434031,33.72683069213197,1371649
2020-08-04,35.191158294677734,36.13588737641405,33.065517860771024,33.065517860771024,4229582
2020-08-05,34.52984619140625,35.663521776599005,34.19919246415873,35.38010378126465,1194176
2020-08-06,35.28562927246094,36.561015677448985,35.09668634181565,35.8997046086243,1985102
2020-08-07,36.088653564453125,36.79720041347829,34.482613319224946,35.56905326260579,3829297
2020-08-10,35.80523681640625,36.27760139918809,35.4745794461455,36.27760139918809,1047413
2020-08-11,35.85247039794922,36.65548869884709,35.6635238554275,36.04141694047094,1676367
2020-08-12,35.28562927246094,35.805233143301656,34.95497553997629,35.00221127263761,821636
2020-08-13,34.860511779785156,35.66353022408296,34.52985437036074,35.56905873787952,751775
2020-08-14,34.199195861816406,35.380107296244766,34.10472078474872,34.95497845907941,910782
2020-08-17,34.38814163208008,34.86050619513692,34.10472001116148,34.86050619513692,506145
2020-08-18,34.52984619140625,34.95497498633545,34.10471739647705,34.718792722914266,658256
2020-08-19,34.90774154663086,35.238395295590685,34.435376988770784,34.813266472745504,625869
2020-08-20,34.90774154663086,35.238395295590685,34.48261272378568,34.95497728164575,710267
2020-08-21,35.474578857421875,36.324836533860925,35.3328716472525,35.75799688161632,1393538
2020-08-24,35.89970779418945,36.18312581916191,35.47457895480291,35.66352550606979,1109337
2020-08-25,35.474578857421875,36.2776007971378,35.28563230667367,36.135889983112726,958001
2020-08-26,34.954978942871094,35.75799728785422,34.81326812723608,35.61629007607494,1019532
2020-08-27,34.67155838012695,35.19115865970043,34.34090103577621,35.19115865970043,636093
2020-08-28,34.29366683959961,34.71879567062327,33.86853800857595,34.67155993469967,855177
2020-08-31,33.15999221801758,34.86050759646423,32.734866977261674,34.43537875185257,833428
2020-09-01,33.67959213256836,33.9630101272898,32.782098812737686,33.207227606747516,357648
2020-09-02,34.05748748779297,34.3881448754324,33.3489405763804,33.679597964019834,458938
2020-09-03,33.82130432128906,34.34090465563334,33.67959710493473,33.774068582504285,305084
2020-09-04,33.396175384521484,34.10472227616358,33.159993087307456,33.82130424027791,399360
2020-09-07,32.92380905151367,33.679595245773086,32.87657331533637,33.537884433385535,274409
2020-09-08,31.74289894104004,32.92381041360635,31.60119172664557,32.92381041360635,464005
2020-09-09,31.034351348876953,31.601191005079325,30.278568744462852,31.17606216389148,531477
2020-09-10,33.30170440673828,33.82130474763252,31.412246000682206,31.790139123435786,713182
2020-09-11,34.577083587646484,34.813265862436026,34.010247569693796,34.67155865987561,1371447
2020-09-14,35.191158294677734,35.474576298427536,34.7660294871253,35.474576298427536,896749
2020-09-15,34.48261260986328,35.710759735470866,33.34893695397338,35.47457745732112,795757
2020-09-16,35.89970779418945,37.694694625441215,35.42734321795012,36.27760089672321,4953840
2020-09-17,34.62432098388672,35.66352149313802,34.48261018541822,35.66352149313802,852405
2020-09-18,33.396175384521484,34.860508510333155,33.159993087307456,34.67156195179076,839509
2020-09-21,31.93184471130371,33.915778098686886,31.648426685636323,33.396174180464996,634640
2020-09-22,30.60922622680664,31.884609151317026,29.806204278460026,31.459480308528317,837936
2020-09-23,30.93988037109375,31.459480694722643,30.42028004746486,30.79816955380597,521838
2020-09-24,29.806203842163086,30.703697251833987,29.570021555610516,30.609225778755235,425937
2020-09-25,30.703697204589844,30.84540801784561,29.61725904850531,29.61725904850531,366418
2020-09-28,31.60118865966797,32.073553202850285,31.506713588718227,32.026317469303144,455241
2020-09-29,31.08159065246582,31.88460899296867,30.892644100625233,31.648426704131865,291187
2020-09-30,30.561986923217773,31.31777313526089,30.514751185929015,31.31777313526089,254751
2020-10-01,31.176063537597656,32.02632125743813,31.034352716338947,32.02632125743813,445964
2020-10-05,30.98711585998535,31.6011912581585,30.845408647691688,31.55395552072728,183542
2020-10-06,31.08159065246582,31.317772941302625,30.798169022777074,30.892644100625233,274349
2020-10-07,31.64842414855957,32.45144242421966,31.317770412430228,31.601188415377585,872579
2020-10-08,31.128826141357422,32.07355528917491,31.034351064262257,31.790137265600805,274049
2020-10-09,30.798168182373047,31.270532747157024,30.703696710958504,31.17606127574248,179727
2020-10-12,30.420278549194336,31.081589657539876,30.32580347437034,31.081589657539876,126598
2020-10-13,29.900678634643555,30.420280772585972,29.806205354842394,30.278569951920264,190050
2020-10-14,29.428314208984375,30.04238782837697,29.33384092863291,29.758969789250525,136725
2020-10-15,29.286603927612305,30.231333086567542,29.09765737505011,29.4755504801745,232675
2020-10-16,29.003185272216797,29.570021313764673,28.436347428741087,29.52278557761163,329059
2020-10-19,29.617259979248047,29.94791555068951,29.333840145757694,29.94791555068951,310182
2020-10-20,29.711732864379883,30.04238662952321,29.475550573890146,29.853441878288148,275718
2020-10-21,30.089624404907227,30.23133341992756,29.71173309754371,30.136860142604707,335869
2020-10-22,30.3258056640625,30.561987962392756,29.758969589612235,30.231334186272747,190789
2020-10-23,30.656461715698242,30.987115477491074,30.51475090129805,30.609225978850084,231366
2020-10-26,30.136859893798828,30.845408566906585,29.853441866098024,30.6564620138208,206318
2020-10-27,29.617259979248047,30.13686030442184,29.570022439369037,30.13686030442184,90011
2020-10-28,29.38107681274414,29.806203847457574,29.28660353772076,29.75896811090981,137807
2020-10-29,28.861473083496094,29.19212862658192,28.53081934233801,28.53081934233801,204018
2020-10-30,28.76700210571289,29.428311401221556,28.53081982833242,29.144893389136097,151845
2020-11-02,28.29463768005371,29.239366793886184,28.200164408284905,29.239366793886184,227815
2020-11-03,30.184097290039062,31.884609052043572,28.62529273928575,29.239368132941475,2952998
2020-11-04,29.711732864379883,30.136859906104682,29.522786311216944,30.136859906104682,277293
2020-11-05,30.184097290039062,30.70369760567159,29.85344172466933,30.42027957931346,313571
2020-11-06,30.89264488220215,31.128827177014312,30.42028029257782,30.703698325581254,479199
2020-11-09,30.798168182373047,31.270532747157024,30.32580361758907,31.270532747157024,419647
2020-11-10,30.703697204589844,31.17606177696815,30.467514918400692,31.17606177696815,380398
2020-11-11,31.317771911621094,31.601189928135753,30.703696539292988,30.703696539292988,449650
2020-11-12,31.60118865966797,32.782100017623755,30.37304156816504,31.36500638807681,1999827
2020-11-13,31.223299026489258,31.695663621757948,31.17606328773356,31.601192144246554,450094
2020-11-14,32.6403923034668,33.44341426521884,31.27053427777103,31.50671657172355,1210149
2020-11-17,31.979084014892578,33.01828836338287,31.884612530418973,33.01828836338287,575020
2020-11-18,31.270536422729492,31.88461187067,31.17606494021067,31.648429560516888,484759
2020-11-19,31.553953170776367,32.12078918544796,31.412242365180724,31.601188904689753,599103
2020-11-20,31.93184471130371,32.16802700000249,31.459480133906155,31.459480133906155,484312
2020-11-23,32.45144271850586,32.73486432787886,32.16802471298832,32.309735517674824,706996
2020-11-24,32.40420913696289,32.734866501906254,32.262501926720624,32.734866501906254,502777
2020-11-25,31.64842414855957,32.64038896080304,31.317770412430228,32.59315322762105,484452
2020-11-26,32.07355499267578,32.404208749812945,31.459479610728863,31.742897631682954,507372
2020-11-27,32.21526336669922,32.54592073965447,31.884609597599763,32.07355615302336,545071
2020-12-01,34.34090042114258,35.5218117644261,32.68762454054565,32.68762454054565,3443285
2020-12-02,34.1047248840332,34.90774691827872,33.82130682647554,34.90774691827872,670035
2020-12-03,34.246429443359375,34.67155825377217,34.1519579760923,34.19919370972583,623648
2020-12-04,34.90774154663086,35.80523492733612,34.24643044485563,34.48261272378568,1476466
2020-12-07,35.474578857421875,35.899707695641396,35.00221428247922,35.00221428247922,1397567
2020-12-08,34.813270568847656,35.7107640551513,34.6243276065572,35.7107640551513,731515
2020-12-09,34.90774154663086,35.47457757452072,34.76603073773061,34.76603073773061,629626
2020-12-10,35.380104064941406,36.230358057761784,35.04944673118734,35.47457552952521,2161144
2020-12-11,35.143924713134766,35.994178776443064,34.860506692032,35.427342734237534,963702
2020-12-14,35.61629104614258,36.466545151543514,35.09669071442159,35.380108749555234,1452476
2020-12-15,37.26956558227539,37.5529836056982,35.616289574477356,35.852471861305645,3009120
2020-12-16,38.02534866333008,39.300731586893264,37.88363784788717,38.02534866333008,3112806
2020-12-17,36.56101608276367,38.261527704410845,36.27759807979839,38.02534543463053,876355
2020-12-18,36.74996566772461,37.50574827294179,35.89970798444545,37.50574827294179,1404802
2020-12-21,33.49064636230469,36.608251582776504,32.923806756129096,36.41930504738464,980127
2020-12-22,33.53788375854492,34.482612878503936,31.50671470909081,33.53788375854492,832805
2020-12-23,34.954978942871094,35.38010778592041,32.87657406874004,34.010249782252956,822556
2020-12-24,35.00221252441406,36.324834709364076,34.76603024880553,35.8052344237964,1286808
2020-12-28,35.09668731689453,35.71075906626304,35.00221224509173,35.3328695906183,556059
2020-12-29,36.60825729370117,37.31680420906313,34.34090572300052,35.19116346297726,5318048
2020-12-30,35.75799560546875,36.561017516526064,35.521813326426404,36.561017516526064,861281
2020-12-31,35.61629104614258,36.27760219735831,35.42734448810154,35.89970908127622,706412
2021-01-01,35.71076202392578,36.230362348381696,35.33287251698321,35.71076202392578,744348
2021-01-04,35.80523681640625,36.2303620578253,35.42734370863847,35.80523681640625,881425
2021-01-05,38.21429443359375,40.33993499858388,37.836401336053235,40.33993499858388,10049716
2021-01-06,37.26956558227539,38.5921842262004,37.08061903204162,38.403241279822325,1888500
2021-01-07,37.45851135253906,38.11981885880382,37.31680054185055,37.78916510567144,816433
2021-01-08,38.875606536865234,39.86757143821047,38.11982032264434,38.356002613624426,7662455
2021-01-11,42.512813568115234,45.34700113932291,38.828368284002906,39.395207960557954,10843587
2021-01-12,43.07965087890625,45.110820138189084,42.70176135419835,44.82740209369417,7564965
2021-01-13,41.426368713378906,42.843462333273585,40.71782190343156,42.843462333273585,2759289
2021-01-14,40.15098571777344,42.229390405111616,39.77309264594634,41.33189706241383,2564788
2021-01-15,39.773094177246094,40.52888034999873,39.44244042955849,39.820333515934806,1118383
2021-01-18,39.773094177246094,40.48164101131002,39.20625815153718,40.056515793956116,1323350
2021-01-19,39.962039947509766,40.62335103394982,39.86756847967068,40.245457954882504,610997
2021-01-20,39.206260681152344,40.10375411631133,38.78113183251327,39.962043298813036,687362
2021-01-21,40.38717269897461,42.08768451289711,39.206261216548455,39.39520777450781,4545355
2021-01-22,39.820335388183594,40.95400749290375,39.63138883611166,40.33993570348962,1205133
2021-01-25,38.02534866333008,40.198225009034935,37.17509097838413,39.96204271920058,1053464
2021-01-27,37.12785339355469,37.789164492952466,36.79719964578358,37.789164492952466,797620
2021-01-28,40.76506423950195,41.37913602431886,36.37207225310423,36.79720109111944,7600081
2021-01-29,39.773094177246094,41.37913438856211,39.584151237913495,41.37913438856211,1492361
2021-02-01,38.592185974121094,40.812301733174124,38.02534990160228,40.33993713812316,2724077
2021-02-02,39.34797286987305,40.43440929441616,38.733897444455174,40.10375551387172,1613725
2021-02-03,38.9228401184082,39.58415121729451,38.781129310127014,39.536911878630406,869858
2021-02-04,39.111785888671875,39.63138616900999,38.592182004478275,38.73389280995935,969369
2021-02-05,39.15902328491211,39.82033439880504,38.828365926037826,39.347969832289465,879100
2021-02-08,38.73389434814453,39.347969724474446,38.5921835370359,39.20625891336581,696677
2021-02-09,38.592185974121094,39.01731483043813,38.45047875791932,39.01731483043813,570831
2021-02-10,39.34797286987305,40.43440929441616,38.119822019037294,38.63942596540131,3813188
2021-02-11,39.111785888671875,39.91480417611665,38.92283934931561,39.63138616900999,1273661
2021-02-12,38.450477600097656,39.300731683273,38.167059572372544,39.15902447133832,986045
2021-02-15,36.74996566772461,38.16705940395272,36.608254852559504,38.16705940395272,1476179
2021-02-16,36.702728271484375,37.033385656437815,36.60825679227249,36.844439094158126,603024
2021-02-17,36.56101608276367,36.986144889139325,36.41930527935331,36.938905552098916,734512
2021-02-18,37.69469451904297,38.97007742974695,36.51378308177791,36.98614765668393,2125320
2021-02-19,37.12785339355469,38.16705757942422,36.938906850318816,37.789164492952466,1266239
2021-02-22,35.85247039794922,37.41127126507842,35.6635238554275,37.175088987890156,792676
2021-02-23,35.89970779418945,36.51378318484287,35.332871744244535,36.135890082309125,890345
2021-02-24,37.26956558227539,37.97811244276026,35.994179071089206,35.994179071089206,1203490
2021-02-25,42.37110137939453,43.74095938200199,37.78916639548435,37.78916639548435,18335884
2021-02-26,50.023406982421875,50.8264252825681,43.55201043120755,44.40226806983165,37598621
2021-03-01,59.99030303955078,59.99030303955078,54.038509915453126,55.07771057380853,26197050
2021-03-02,61.07674026489258,65.98932890356244,55.50283690443667,64.71394600772616,32822535
2021-03-03,57.95913314819336,63.67474751078738,57.817425934981806,62.16318228006274,5722467
2021-03-04,60.03753662109375,62.777248987362675,55.50283743248721,56.68374886722098,9463922
2021-03-05,63.48579788208008,65.18631328566022,61.59633952597399,63.29685492955412,10679335
2021-03-08,61.36015319824219,64.43052282509841,60.79331717021096,64.24157988499172,3621073
2021-03-09,59.56517028808594,62.35212191252285,58.85662344817091,61.501864263082574,2667750
2021-03-10,58.1953125,60.36819236466803,57.911894484042826,60.08477074485526,2775347
2021-03-12,58.431495666503906,61.21845094454599,56.96716622531107,58.85662449881297,5761934
2021-03-15,57.25058364868164,58.384259321734426,56.730983349657,57.86465902270979,1639303
2021-03-16,58.809391021728516,59.990302488028284,57.15611496890884,57.15611496890884,3135545
2021-03-17,54.936004638671875,58.998339493956706,54.55811151563593,58.856628671854246,1470217
2021-03-18,50.8264274597168,56.63651316352675,50.25959141225735,55.975202038920266,2641601
2021-03-19,49.456565856933594,50.44853427322519,46.858560889009844,50.117876933176184,2530960
2021-03-22,54.369163513183594,54.369163513183594,49.551046143376325,49.97617499456069,5236192
2021-03-23,55.88072967529297,58.33702398028921,54.227453692045906,54.79428973047407,5437892
2021-03-24,53.613380432128906,55.83349254152056,53.377198139476356,54.98323845028486,1177634
2021-03-25,51.01537322998047,54.510871746139145,50.07064409609194,53.84956063164605,1393174
2021-03-26,51.91286849975586,53.70785175655197,51.53497539103259,52.38523308373206,1130872
2021-03-30,52.526939392089844,54.227454748205666,51.062609927750735,52.57417873275861,2006888
2021-03-31,51.10984420776367,52.715884440620194,50.40129736419658,52.24351987824213,913765
2021-04-01,52.29075241088867,53.188245745206444,51.48773414557326,51.676680679722594,1368053
2021-04-05,51.29879379272461,53.18825215417934,51.01537575927757,53.14101641591413,1889989
2021-04-06,51.34602737426758,52.33799585544964,51.109845089006264,51.86563128492701,1158312
2021-04-07,51.48773956298828,52.19628643770831,51.298793008958455,51.44050382544477,992400
2021-04-08,57.061641693115234,60.60437598025759,52.52693892248847,53.47166806572643,14605122
2021-04-09,55.45560073852539,58.57320615163142,54.36916079578352,58.52597041582865,4543044
2021-04-12,50.25959014892578,53.802324366135934,48.84249646204172,52.526937885626914,2896448
2021-04-13,51.393272399902344,52.38523738696712,49.55104965029286,50.637486120371015,1652816
2021-04-15,51.72391891479492,53.84955941814266,50.259589511037596,51.01537208034568,2142649
2021-04-16,52.10181427001953,53.84956176288672,51.96010345541701,52.90483260915187,2375928
2021-04-19,49.07868194580078,50.92090457973475,48.322899317582085,49.88170031256018,1552683
2021-04-20,49.36209487915039,50.92089931687628,48.65354806270326,50.92089931687628,1236784
2021-04-22,48.98420715332031,49.50381109189535,48.653553377732436,49.12591797363275,1021886
2021-04-23,49.07868194580078,49.834464574019485,48.74802456830421,48.84249964924145,1113354
2021-04-26,48.93696975708008,49.787227442446046,48.748023204348115,49.26762712532496,719240
2021-04-27,51.72391891479492,52.763119497111596,48.79526010728027,49.22038532486537,4730279
2021-04-28,50.968135833740234,52.337993754025796,50.63747848533722,51.91286493685365,1174520
2021-04-29,54.74705505371094,56.116913044245024,50.306827320604725,51.20432073535849,7560750
2021-04-30,54.74705505371094,56.872695644722405,52.90483248739652,54.41639768835128,4292969
2021-05-03,55.88072967529297,57.108876827791086,53.518906842082885,54.79428973047407,3223038
2021-05-04,55.172183990478516,57.4867675328202,54.888762361423375,56.40033116891314,2396645
2021-05-05,56.49480438232422,57.53400864519633,55.1721856893813,55.739021757234575,3635800
2021-05-06,59.140045166015625,60.88779270568707,55.73902156303385,56.589279265707205,10004516
2021-05-07,58.1008415222168,60.0375355188529,57.29782320288288,59.32898867102099,3419034
2021-05-10,58.57320785522461,59.70688356674204,58.14807901292361,58.19531475010022,3116201
2021-05-11,59.234519958496094,60.69884945811526,57.25058652984733,58.100844228390486,4664285
2021-05-12,64.95011901855469,69.62652470480651,59.565162975518035,59.8013452264946,27035027
2021-05-14,65.09184265136719,68.49286629480844,64.4305278935489,66.03657184164041,11631134
2021-05-17,63.81645584106445,66.83958618470882,63.29685193463592,65.9420963911082,4959703
2021-05-18,63.391319274902344,64.95012368488167,63.202376343630654,64.52499848566495,3458215
2021-05-19,62.02146530151367,64.43052012148621,61.8797544985245,63.533030382072866,2465477
2021-05-20,65.61143493652344,68.49286165473829,65.04459890230233,68.02049709160217,10573834
2021-05-21,64.05264282226562,66.22551566371695,63.769221178388065,66.13104418499503,2534560
2021-05-24,63.15514373779297,64.2415837276709,62.63554701756376,64.2415837276709,2666610
2021-05-25,64.61947631835938,65.32802319200869,62.82448946357215,63.10791109611649,3140998
2021-05-26,66.7451171875,69.2014115837424,64.2888227912576,64.80841950923897,13992118
2021-05-27,65.09184265136719,66.88682955442864,64.71394953371555,66.88682955442864,2976678
2021-05-28,65.84761810302734,66.50893282493216,64.33605292221984,65.18631058883385,2979922
2021-05-31,66.17828369140625,68.3039244025943,65.4697367876769,68.02050275801784,4349799
2021-06-01,64.33605194091797,66.5089318104879,63.95815884955217,66.1310387191221,2377865
2021-06-02,64.47776794433594,65.37525780186836,64.00540334401114,64.76118958761555,1610380
2021-06-03,64.38329315185547,65.46973311822329,64.19434299682418,64.52500396620108,2139407
2021-06-04,64.47776794433594,65.04460402318335,64.33605712269615,64.52500728745314,1144706
2021-06-07,66.17828369140625,67.83155980010807,64.47776823937107,64.47776823937107,4359556
2021-06-08,65.37525939941406,66.60341027335505,64.8556626509867,66.60341027335505,2264574
2021-06-09,67.21747589111328,69.2014055296006,65.28077838228583,66.13103600098351,12364979
2021-06-10,67.35918426513672,68.77627784259926,66.83958040364952,68.02049171820164,6357323
2021-06-11,64.80841827392578,65.80038676490017,64.28882156584844,64.71394680043095,4486648
2021-06-14,63.24961471557617,65.18631238696929,62.588307183140806,64.80841927941557,2737170
2021-06-15,63.53303527832031,64.8556575286306,63.391324464410026,63.769217565600314,1671738
2021-06-16,65.98933410644531,67.35919579033633,62.399367420587794,63.53303959344556,15921571
2021-06-17,64.28882598876953,67.54813889869891,63.91093286108058,65.18631586028286,6166280
2021-06-18,62.824485778808594,64.8084154671235,61.076738367857644,64.61947252831678,2882783
2021-06-21,61.92699432373047,63.15513780799546,61.21844751090843,61.879754986457975,2628094
2021-06-22,63.674747467041016,64.52500516114934,62.163182237354874,62.163182237354874,3555515
2021-06-23,63.013427734375,64.28881777840841,62.730013330587234,63.81645323105115,1410549
2021-06-24,62.02146530151367,63.4385589159837,61.59633289254615,63.01342650701618,1902365
2021-06-25,61.643577575683594,62.73001754921111,61.26568447084209,62.35212444436961,1572868
2021-06-28,62.02146530151367,62.163176104502845,61.643572229446164,61.83251516162449,767544
2021-06-29,62.63554382324219,63.67474441841448,62.257650731985564,62.446593673758265,2100839
2021-06-30,62.257652282714844,63.24961356329637,62.11594146899994,63.013431276342,1317978
2021-07-01,62.257652282714844,63.06067061681743,61.076740847942986,61.97423065528504,2675776
2021-07-02,62.257652282714844,63.485795850250746,62.11594146899994,62.82448832986306,2380773
2021-07-05,61.21845245361328,62.82448914259503,60.69884853250723,62.35212456257552,1886622
2021-07-06,60.746089935302734,61.785290605073605,60.55713977225511,61.407397486690094,937773
2021-07-07,60.88779067993164,62.163180795364866,59.84859005911057,60.69884773349559,2649591
2021-07-08,61.50186538696289,62.35212305194071,60.698847061927125,62.35212305194071,2419867
2021-07-09,60.415428161621094,61.5018644912073,60.22648161617178,61.12397140030868,1304785
2021-07-12,59.80135726928711,61.17121532158411,59.47070349287495,60.98227236583766,1693633
2021-07-13,59.51793670654297,61.076741252304245,59.281754418024946,60.41543012368262,1828392
2021-07-14,59.37622833251953,60.69885064412849,59.234521115897344,59.56517489187165,1686658
2021-07-15,59.234519958496094,60.46266716450392,59.140044878738074,59.51793799005855,1163350
2021-07-16,59.3289909362793,60.273720102792836,58.85662635302253,59.70688404442702,1269511
2021-07-19,58.38426208496094,59.32899125657473,58.100844054247965,58.76215519514877,998371
2021-07-20,56.636512756347656,58.57320677574219,55.739019351109505,58.337024490356136,1325130
2021-07-22,58.1953125,58.57320559051329,56.82545815556441,56.82545815556441,1109853
2021-07-23,57.72294616699219,58.62043952652118,57.43952815973447,58.62043952652118,559708
2021-07-26,58.66768264770508,59.659651203796436,57.392299652524684,57.72295343531784,1329093
2021-07-27,59.04557418823242,59.47070304315886,58.33702729797363,59.47070304315886,894889
2021-07-28,58.05360794067383,59.37622661005872,57.628479095428204,59.37622661005872,943641
2021-07-29,58.620445251464844,58.9038632864015,57.29782655380848,58.57320951295137,1069480
2021-07-30,60.604373931884766,62.58830362408719,58.289786888411555,59.1400409262745,7119794
2021-08-02,59.84859085083008,61.1712131165132,59.4234656118694,61.02950230095581,1420141
2021-08-03,59.470699310302734,60.4154284380157,58.85662393574705,59.99029960977374,1059380
2021-08-04,58.14807891845703,59.84859068104268,57.911896629101925,59.47070118038795,730585
2021-08-05,57.581241607666016,58.478735008380546,56.96716622721512,58.478735008380546,514724
2021-08-06,58.525970458984375,61.643575874389256,57.48676625127899,57.62847706264743,4548152
2021-08-09,57.581241607666016,59.0455710489078,57.34505932347039,58.856624500780164,751495
2021-08-10,55.03047561645508,57.72295238103972,54.03851068233737,57.62848090306884,925044
2021-08-11,53.613380432128906,55.4083672978306,51.58221127377466,55.4083672978306,1408437
2021-08-12,54.6998176574707,54.98323567356968,53.14101316314294,53.14101316314294,687754
2021-08-13,52.76312255859375,53.84956254266348,52.621415345794944,53.84956254266348,1036783
2021-08-16,53.2827262878418,54.93600232473939,51.34602861867716,52.007339754207344,2115759
2021-08-17,52.0545768737793,53.28272770259752,51.487740801906156,53.18825262138143,690321
2021-08-18,51.06260681152344,52.43246471863731,50.82642453801606,52.19628244512994,600052
2021-08-20,49.12591552734375,50.63748071741205,48.653550954965446,50.21235548535613,686095
2021-08-23,47.56711196899414,51.960104023426105,46.575147067499884,49.598281113270374,844061
2021-08-24,49.03144454956055,49.5982806005965,47.519875740371795,48.18118686915089,1110130
2021-08-25,49.69275665283203,50.54301441157858,49.31486711861049,49.59828517024066,404929
2021-08-26,49.503807067871094,50.165114565291034,49.12591398032636,49.976171625374235,321565
2021-08-27,50.968135833740234,51.58220758845064,48.93696682050416,49.078677627513386,1515462
2021-08-30,52.47970199584961,52.90483082143584,51.96010169962449,52.62141280566355,871154
2021-08-31,51.53497314453125,52.71588455299372,51.34602659840613,52.47970227130123,343916
2021-09-01,51.34602737426758,52.290756515312836,50.82642706746382,51.53497392324777,645357
2021-09-02,55.07770919799805,56.21138490852088,51.157085354086924,51.29879256549244,7222880
2021-09-03,54.22745895385742,55.07771309400173,54.038512388095576,55.07771309400173,595595
2021-09-06,52.952064514160156,54.699815484406045,52.71588224281791,54.55810468005851,568631
2021-09-07,51.865631103515625,53.37719628235874,51.58220947910884,53.282724810126915,525039
2021-09-08,51.72391891479492,52.66864802739392,51.53497237150401,52.52693721896185,389753
2021-09-09,51.53497314453125,52.3379950645991,51.29879086283876,51.960101972348866,393897
2021-09-13,51.10984420776367,51.77115531586407,51.0153727368303,51.72391958039739,405070
2021-09-14,52.10181427001953,53.09377916066998,51.25155659011587,51.53497461546518,845823
2021-09-15,52.385231018066406,52.71588477226903,52.05457366000815,52.43246675383026,436569
2021-09-16,52.62141418457031,53.94403282745113,52.19628534784388,52.385231897928485,804530
2021-09-17,53.80232620239258,54.605344544158065,51.96010362579769,52.47970394128453,931281
2021-09-20,52.90483093261719,54.41639608914972,52.14904835435092,52.385230635300104,702329
2021-09-21,52.76312255859375,53.377197958955904,51.865632732633976,52.47970452914036,717302
2021-09-22,52.76312255859375,53.518908775610484,52.47970452914036,53.329962221356304,578801
2021-09-23,52.526939392089844,53.37719707014775,52.33799644483761,53.188250519039805,503709
2021-09-24,56.54203796386719,59.80135423933611,52.43246761905139,52.76312137871033,17653231
2021-09-27,56.73098373413086,58.66767773663282,55.03047201495488,56.68374799823679,6085203
2021-09-28,56.683746337890625,58.00636852731696,55.739017232259116,56.96716434880897,1786272
2021-09-29,56.77821731567383,57.62847494492808,56.30585276694491,56.54203504130937,1676554
2021-09-30,56.25862121582031,57.29782546260482,55.83349236958374,57.15611464590737,1023575
2021-10-01,55.172183990478516,56.116913143713724,54.888762361423375,55.78625577776797,1050240
2021-10-04,56.73098373413086,58.478734793056546,55.17218282649273,55.36112577006901,2263929
2021-10-05,56.683746337890625,57.62847544352214,56.49479979599322,56.63651060338016,1778860
2021-10-06,56.25862121582031,57.53400775453006,55.8807317110534,57.01440382920992,1158839
2021-10-07,56.400333404541016,57.25058751384212,56.211386845633264,56.44756914330399,952630
2021-10-08,56.8726921081543,58.006367740301805,54.416394304525454,56.96716357589347,3102774
2021-10-11,55.64455032348633,56.636515244923,55.45560376610415,56.54204016430399,780477
2021-10-12,56.400333404541016,57.3922983339869,54.93600387975367,55.64455077276586,2080172
2021-10-13,56.49480438232422,57.91189815581323,56.30585782508785,57.439533564650226,1404655
2021-10-14,56.06967544555664,57.0616439685984,55.78625741205435,56.49480429773799,1256694
2021-10-18,55.786258697509766,56.494805599520106,55.50284065747681,56.400334120794426,953890
2021-10-19,55.03047561645508,56.82546252874876,54.888764795642885,55.83349399077516,957085
2021-10-20,54.558109283447266,55.172184682292446,53.70785159333176,55.172184682292446,530756
2021-10-21,54.51087188720703,55.266654475502605,53.802325034957,54.74705417129038,671493
2021-10-22,53.80232620239258,54.93600191136294,53.424433098117206,54.888762570436725,507553
2021-10-25,52.00733947753906,54.6998197427623,51.204321134003,54.32192663765372,531394
2021-10-26,52.66865158081055,53.37719846306361,52.24352273068755,52.62141584276484,431267
2021-10-27,52.81036376953125,53.66061788799034,52.007341786488006,52.90483524807474,562271
2021-10-28,51.62944793701172,52.90483080963021,51.44050139192049,52.81035933901239,408531
2021-10-29,51.771156311035156,52.149049409743895,50.165116047306526,51.81839204740982,473060
2021-11-01,52.19628143310547,52.432463702033544,51.72391689524931,51.77115262826384,389564
2021-11-02,53.424434661865234,54.69982122323371,51.865633669778205,52.43246973892697,924087
2021-11-03,52.19628143310547,53.707846512703,51.960099164177386,53.707846512703,416908
2021-11-04,52.47970199584961,52.62141280566355,52.33799478989127,52.526937731169056,65902
2021-11-08,53.09377670288086,53.84955927011131,52.196283327607894,52.574176413150894,356805
2021-11-09,53.329959869384766,53.802324432259994,52.952066777542335,52.952066777542335,299520
2021-11-10,53.09377670288086,54.2746880903833,52.526937074566355,52.62141214787988,348615
2021-11-11,52.62141418457031,53.5189075945804,51.960103061202055,53.09377875785397,208347
2021-11-12,52.62141418457031,53.28272530793857,52.19628534784388,52.99930368088382,179496
2021-11-15,51.251556396484375,51.960103259108585,51.10984558241726,51.58221015750006,354176
2021-11-16,50.968135833740234,51.96010067123822,50.82642502673101,51.25155384390315,459162
2021-11-17,49.7872314453125,51.48774334890893,49.17315600052622,50.92090724899546,467519
2021-11-18,47.945003509521484,50.30682634250284,47.33092813140408,50.023408323316204,712906
2021-11-22,46.48067092895508,49.3620938694637,45.441466790442604,48.275653998258704,716491
2021-11-23,48.18118667602539,48.60631551452617,46.33896411175916,47.04751097464189,369298
2021-11-24,49.64551544189453,50.920901939500006,48.417368284236254,48.88973285286295,518032
2021-11-25,49.59828186035156,50.35406448221433,48.46460612562951,49.83446415492467,514659
2021-11-26,47.56711196899414,49.31486308482283,47.37816901926629,49.0314450563753,382175
2021-11-29,46.0083122253418,47.23645945027785,44.49674336061939,47.23645945027785,431228
2021-11-30,46.48067092895508,47.61434653285259,45.34699532505756,45.81935985969358,524469
2021-12-01,48.70078659057617,50.77919142550762,48.417368568507264,50.77919142550762,3207685
2021-12-02,47.75606155395508,48.700790777985276,47.42540776708691,48.464608471977726,571181
2021-12-03,47.80329513549805,49.03144595435647,47.33093054481583,47.756059397200985,1034035
2021-12-06,47.66158676147461,48.039476262516594,47.425404471877464,48.039476262516594,240422
2021-12-07,47.56711196899414,48.08671589231301,47.33092967797857,48.03947655102529,365974
2021-12-08,48.18118667602539,48.79526206539937,47.80329357427899,47.94500438839782,482327
2021-12-09,48.65354919433594,48.748020663850674,47.94500236140871,48.32289544717879,307924
2021-12-10,49.59828186035156,50.07064644949777,48.55908120577224,48.606316943915694,521647
2021-12-13,48.79526138305664,50.63748031770596,48.559079098731786,50.07064427686858,420101
2021-12-14,50.30682373046875,50.77918827253888,48.6535478332233,48.79525863738652,1521698
2021-12-15,50.590248107910156,52.00734191263513,50.07064776694885,50.30683006773634,1342675
2021-12-16,50.590248107910156,52.1962884740363,49.6927546441465,50.920905491326195,1525574
2021-12-17,48.559078216552734,50.25958991202712,48.27565659742734,49.97617189675732,534455
2021-12-20,46.338966369628906,47.8032959034983,45.11081913489509,47.42540638719491,678691
2021-12-21,46.669620513916016,47.42540309796066,46.386198891525595,46.57514543850066,351009
2021-12-22,47.236454010009766,47.66158281687094,46.85856093638751,47.141982543531924,235008
2021-12-23,47.614349365234375,48.18118539897418,47.33092774450886,47.56711002587638,394059
2021-12-24,47.37816619873047,48.41736677579058,47.04750884868003,48.1339487642156,323185
2021-12-27,47.37816619873047,47.70881994492535,46.858562306344865,47.33092686025502,272472
2021-12-28,48.133949279785156,48.51183876464758,47.519873911582295,47.803291926193005,324563
2021-12-29,48.228424072265625,48.748024402154016,47.89777029975188,48.18118833388593,292168
2021-12-30,49.31486129760742,50.44853697416789,47.756056791854824,48.18118562104696,2111683
2021-12-31,49.69275665283203,50.63748589416995,49.31486711861049,49.55104942894498,590875
2022-01-03,49.8817024230957,50.637485083292184,49.6455201165433,49.8817024230957,577583
2022-01-04,51.91286849975586,52.90483340533473,49.409334763139675,50.07064590147751,2961688
2022-01-05,53.56614685058594,56.116916434681634,51.77115991263002,52.24352451694937,6849895
2022-01-06,53.09377670288086,53.991270078153825,52.290754797065865,53.282723245652356,1285022
2022-01-07,52.2435188293457,53.99126983736817,51.96010081838019,53.47166594609995,958843
2022-01-10,52.81036376953125,53.755092970389725,52.24352408670262,52.24352408670262,708017
2022-01-11,53.329959869384766,54.41639620168443,52.4797022146671,52.90483104202593,1427489
2022-01-12,53.2827262878418,54.41639840148697,52.99930465557475,53.80232660723846,1333165
2022-01-13,53.613380432128906,54.18021649295272,52.95206929193061,53.613380432128906,1268054
2022-01-14,54.369163513183594,54.794292364367955,53.37719859632396,53.75509170934468,1350712
2022-01-17,56.06967544555664,56.87269741164493,54.27469216413824,54.747056754594,4483095
2022-01-18,55.45560073852539,58.38425960456471,54.79428962571971,56.54203707741163,6033603
2022-01-19,55.92796325683594,56.58927434543213,54.79428761979325,55.69178098261269,2045893
2022-01-20,55.59730911254883,57.392295941563894,55.45560190216704,56.542038263850294,1351339
2022-01-21,53.80232620239258,55.88073106819563,53.37719736104672,55.31389141178258,1015085
2022-01-24,50.968135833740234,54.51086997041556,49.881695923617585,54.038505418858854,1275586
2022-01-25,52.76312255859375,53.188251404701724,49.36209899744152,50.448538981511255,1409277
2022-01-27,53.18824768066406,53.84955877232335,51.818389763053155,52.29075431368757,1083651
2022-01-28,53.99127197265625,55.07770832496718,53.566143137466895,53.94403263241413,823178
2022-01-31,54.46363830566406,55.644549772795926,53.991273718811314,55.644549772795926,1038968
2022-02-01,52.76312255859375,55.975203169347566,52.00733994543279,54.84152744767823,2350873
2022-02-02,52.81036376953125,53.849564448933215,52.526942126188985,53.849564448933215,652725
2022-02-03,52.149051666259766,53.09378085005485,51.86563363189241,53.09378085005485,516107
2022-02-04,52.0545768737793,53.32996344127764,51.91286965773894,53.32996344127764,843432
2022-02-07,51.91286849975586,53.046544222069905,51.67668620776776,51.960104237382325,757969
2022-02-08,50.873661041259766,52.243518969088676,50.35406075245722,52.10181176515465,486062
2022-02-09,50.873661041259766,51.48773640320721,50.637478764180834,51.15708265683892,343310
2022-02-10,51.01537322998047,51.723920080396866,50.543008663036204,50.92090175813387,394977
2022-02-11,50.73196029663086,52.14905413953196,50.306831422989326,50.543013730139506,1207480
2022-02-14,47.56711196899414,50.35406372374906,47.23645820311464,50.35406372374906,623575
2022-02-15,47.4254035949707,49.12591532785613,46.33896364137008,46.953039024510545,821813
2022-02-16,48.18118667602539,48.79526206539937,47.897768651643446,48.08671520251664,435107
2022-02-17,47.236454010009766,48.7480190967879,47.000271739959715,48.65354763031006,279734
2022-02-18,46.81133270263672,47.236461577606384,46.29173234605425,47.236461577606384,257427
2022-02-21,45.535945892333984,46.527910782146684,45.25252786722403,45.91383539119535,280805
2022-02-22,43.41030502319336,44.591216456882755,42.98517618629404,44.402269906721315,584568
2022-02-23,44.68568801879883,44.969106042676124,43.693723133300445,43.78819460664098,334759
2022-02-24,39.30072784423828,43.41030145830981,38.781127576856015,42.5128081216375,766941
2022-02-25,42.41834259033203,42.51281406894288,40.62335566587875,40.62335566587875,677222
2022-02-28,42.748992919921875,43.079646672235384,41.09571695064313,42.41833916760837,434533
2022-03-02,43.03240966796875,43.929903031315106,42.748991659505556,42.89070246566491,316909
2022-03-03,42.98517608642578,44.02437670411578,42.890704613492396,43.22135837261494,292830
2022-03-04,41.66255569458008,42.890706520452945,41.568084217446405,42.748995700896586,277119
2022-03-07,40.52888488769531,41.379139021454876,40.15099175900931,41.379139021454876,376869
2022-03-08,41.804264068603516,43.315829237451446,40.33993463555915,40.43440610716628,975943
2022-03-09,43.126888275146484,44.40227121970199,42.18215910025921,42.371102052152025,754682
2022-03-10,43.457542419433594,44.166089306706965,42.843467008921,43.5992532384306,486963
2022-03-11,46.102783203125,47.70882352780239,43.363070747010234,43.64648877986958,3450557
2022-03-14,48.84249496459961,49.59827752032876,45.91383260584785,46.5279079595465,3818779
2022-03-15,48.37013244628906,49.31486158155308,47.70882133083312,49.173150769721225,1210796
2022-03-16,47.75606155395508,49.12591964957006,47.519879247947536,48.936973083992825,609705
2022-03-17,48.79526138305664,49.88169772863756,48.086714530082084,48.653550570919464,1095021
2022-03-21,49.03144454956055,50.68472056958043,48.46460489466887,48.98420520876112,1685405
2022-03-22,50.16511535644531,50.54300844994981,48.70078592586275,49.07867901936725,1566021
2022-03-23,49.12591552734375,50.920902343923586,48.842497504687906,50.401298431222905,944006
2022-03-24,49.69275665283203,51.393272170325126,49.50381368764929,51.393272170325126,1373122
2022-03-25,48.37013244628906,50.0234084330011,47.70882133083312,50.0234084330011,1064744
2022-03-28,47.56711196899414,48.79526276535972,47.00027591209906,48.46460539562447,1443700
2022-03-29,51.29879379272461,52.76312330208086,47.66158788846659,47.66158788846659,11671479
2022-03-30,50.63748550415039,52.81036562557651,50.21236023190757,51.72392556486345,4495880
2022-03-31,50.11787796020508,51.67668241444494,49.787224217235654,50.63747824366653,1670479
2022-04-01,54.65258026123047,56.02243825890776,49.55104497851413,49.97617381970442,11133413
2022-04-04,56.636512756347656,57.534006161585815,54.32192563879316,54.936001022339184,8642936
2022-04-05,55.26665496826172,57.81742437987571,54.84152613235011,56.63651294892995,4934491
2022-04-06,57.014404296875,57.48676888460008,54.6525813582496,54.794292176109444,4458195
2022-04-07,56.116912841796875,58.66767865872389,55.73901974099362,56.68374888914605,8091420
2022-04-08,57.25058364868164,58.006369833287245,56.49480106793166,56.5420368035056,2414850
2022-04-11,56.967166900634766,58.1480783355727,56.82545969075563,57.53400655171839,2552917
2022-04-12,55.69178771972656,57.34506383928842,54.79429424833607,56.77822415026794,2179452
2022-04-13,57.392295837402344,59.28175413657608,56.68374897521219,56.68374897521219,6388793
2022-04-18,58.66768264770508,60.08477646628594,55.50284122775021,57.06164586973153,7707715
2022-04-19,56.58927536010742,60.084770198203124,54.794288602283494,59.045569614529626,4091753
2022-04-20,56.73098373413086,57.581241395646664,56.30585490337295,56.58927652644865,2000989
2022-04-21,60.50990295410156,61.69081435283335,56.82545794851613,57.250583168975105,6711495
2022-04-22,58.76215362548828,61.21845156838473,58.47873560234599,60.179247345055416,4292525
2022-04-25,56.54203796386719,58.28978904681565,56.02243765417926,57.62847792364206,2348007
2022-04-26,56.30585479736328,57.72294849465117,55.83349023160065,57.01440164600722,1457078
2022-04-27,57.48676681518555,58.00637072606302,55.266654774339806,55.739019345060655,4381695
2022-04-28,56.8726921081543,58.38425721511398,56.494799029486636,57.86465693483756,1898842
2022-04-29,55.64455032348633,57.486769347359065,54.98323917457661,57.20335131321371,1905356
2022-05-02,54.03850555419922,55.59730641592709,53.613376735962326,55.26665267055147,1199518
2022-05-04,51.771156311035156,54.558108003409,51.251556003202396,54.22745424493061,1661974
2022-05-05,51.771156311035156,53.32996083838911,51.251556003202396,52.24352088249324,979342
2022-05-06,50.354061126708984,51.346025977042075,49.78722509904881,50.1651145828704,1463242
2022-05-09,49.503807067871094,50.49577191785657,49.12591398032636,49.834460816581064,1144754
2022-05-10,47.66158676147461,50.49577423664032,47.000275629831464,49.36209852580289,1116405
2022-05-11,46.102783203125,48.13395237901931,45.063582548022126,47.425405494943035,1286767
2022-05-12,43.22135925292969,46.102782482353845,42.60728385478838,46.102782482353845,1579735
2022-05-13,42.701759338378906,44.7801642396531,42.32386622765422,43.929906542450446,1933618
2022-05-16,43.26859664916992,43.88267207085337,41.945977931179584,42.796232049061395,1379160
2022-05-17,45.91383361816406,46.29172670628824,43.552010827026905,43.64648590098574,1332916
2022-05-18,50.920902252197266,53.282725109834324,45.53594541601363,46.29172800968635,3791803
2022-05-19,49.92893600463867,52.43246978738024,49.12591763862653,49.40933567346283,5790834
2022-05-20,51.251556396484375,51.771156708304325,49.92893414471024,50.82642755813871,2314732
2022-05-23,50.684722900390625,51.865634397567895,49.928936659112466,51.346030455725185,1669440
2022-05-24,49.97617721557617,51.960107137464234,49.64551982602418,50.63748478696821,1629849
2022-05-25,47.519874572753906,52.47970251094489,47.000274271428836,50.92090160696968,2791597
2022-05-26,48.74802017211914,49.07867751979643,45.252525381355746,47.7088196025174,1822388
2022-05-27,48.60631561279297,49.645516238912954,48.322897587838035,49.50380902836335,1081919
2022-05-30,49.83446502685547,50.023411586591024,48.889735832033566,49.125918130739045,896230
2022-05-31,49.22038650512695,50.21235498022688,48.370132445712855,49.83446188458351,967828
2022-06-01,49.173152923583984,50.44853947436778,48.51184177916155,49.45657095580622,896805
2022-06-02,48.889732360839844,49.834461488585546,48.5590786076711,49.45656839594502,730178
2022-06-03,47.89776611328125,49.45656696670052,47.75605530667245,49.36209549819833,427115
2022-06-06,48.464603424072266,48.748021440990286,46.622380908321716,48.181185407154246,1549751
2022-06-07,46.90580749511719,49.83446665309306,46.66962518870443,47.9922439423023,5138773
2022-06-08,45.96107864379883,47.141990185480644,45.72489633546246,47.141990185480644,996741
2022-06-09,44.827396392822266,46.15001496688139,44.59121411847005,46.10277923278205,987386
2022-06-10,44.7329216003418,45.72489004190516,44.166085579896034,44.63845013155268,1215478
2022-06-13,42.04044723510742,43.457540962133514,41.75702921047334,42.937940649661755,1233251
2022-06-14,41.3791389465332,42.323868162681705,40.859538598422716,41.142956642496074,817023
2022-06-15,41.190189361572266,42.04044703528893,40.95400707485716,41.568082461858715,553784
2022-06-16,39.44244384765625,42.46557798908611,38.922843511751715,42.08768486996142,1127955
2022-06-17,38.68666076660156,39.39520765388783,38.167060436696126,39.39520765388783,720021
2022-06-20,36.938907623291016,39.06454817050009,36.088653566720765,39.06454817050009,768485
2022-06-21,39.86756896972656,40.19822271508327,37.83639995151955,38.450475311588335,1776461
2022-06-22,38.497718811035156,39.30073727107253,38.356007975096205,38.733901135029235,544672
2022-06-23,37.74193572998047,38.970083082099634,37.36404257370247,38.07258953883155,1059026
2022-06-24,38.68666076660156,38.922843062363654,37.97811387931529,38.26153191345863,721488
2022-06-27,39.34797286987305,40.10375551387172,39.11179056838247,39.44244434892691,834902
2022-06-28,39.25349426269531,39.44244080769491,38.639422496266114,39.11178705683731,545136
2022-06-29,39.34797286987305,39.53691582798078,38.54495088249152,38.68666170492824,439205
2022-06-30,39.017311096191406,39.96204019587573,38.82836455548344,39.44243991182046,385835
2022-07-01,39.017311096191406,39.678622186741535,37.78916398737289,38.970075361978296,523178
2022-07-04,40.38717269897461,41.095719588430306,40.05651892543762,40.1037546639635,1475023
2022-07-05,39.725860595703125,41.048482865855746,39.25349601405658,40.33993599338593,652428
2022-07-06,39.44244384765625,40.0092799224874,38.73389695218937,39.72586188507183,707252
2022-07-07,40.38717269897461,40.576119256933964,39.7258615480448,39.773097286570675,681624
2022-07-08,40.19822311401367,40.81229848017659,39.96204083531341,40.6705876714142,599139
2022-07-11,41.09571838378906,41.37913641049232,39.91480693597903,40.15098922554104,942955
2022-07-12,41.426368713378906,42.27662632685789,40.85953270696321,41.00124351049485,980155
2022-07-13,41.33190155029297,41.945976957725364,41.14295499386333,41.61531958300953,379240
2022-07-14,40.434410095214844,41.56808588559313,40.009281223340984,41.33190357942498,423572
2022-07-15,41.00124740600586,41.19019035685886,39.91480741932223,40.670590034301554,553500
2022-07-18,41.52084732055664,41.80426534790689,41.14295421485247,41.33190076770455,571741
2022-07-19,41.28466796875,41.75703258257126,40.81230335492873,41.520850275660635,471579
2022-07-20,42.08768081665039,42.70175617512468,41.568080530786666,41.6625519995417,1010568
2022-07-21,42.465576171875,42.70175846025711,42.04044733201606,42.27662962039817,484444
2022-07-22,43.36307144165039,43.88267177752539,42.65452454622379,42.70176028514772,1674604
2022-07-25,42.98517608642578,43.64648720852655,42.51281151404748,43.3630691858707,437595
2022-07-26,41.89873504638672,43.268592991678624,41.80426357589304,43.268592991678624,445573
2022-07-27,42.84346008300781,43.174117405929394,41.473605872142784,41.70978812972024,722308
2022-07-28,42.701759338378906,43.12688818698023,42.512812783016564,43.0796488452478,376664
2022-07-29,43.36307144165039,43.92990751644932,42.60728520344398,42.985178322547185,976151
2022-08-01,44.44950485229492,44.68568713482981,43.174121968148775,43.5992507974827,871071
2022-08-02,44.11885452270508,44.63845486384104,43.92990796124039,44.26056174091166,681335
2022-08-03,43.92990493774414,44.44950524311837,43.45754036852108,44.11885148620449,538444
2022-08-04,48.559078216552734,49.598278807160526,44.02437555681358,44.118850631140575,9615249
2022-08-05,47.85053634643555,49.17315508968664,47.472643217588974,48.60631900027274,2846187
2022-08-08,47.75606155395508,48.60631929712465,47.23646120150967,48.13395468510955,1329087
2022-08-10,46.953041076660156,50.3068289527382,46.57514796223341,49.26762829384838,3626746
2022-08-11,47.14198303222656,47.850529849721816,46.33896114341865,47.472636772182156,1313442
2022-08-12,47.00027847290039,47.708825384552156,46.81133190902206,47.04751421290598,1167038
2022-08-16,46.622379302978516,47.28369038892012,46.43343636744276,47.28369038892012,806413
2022-08-17,46.85856628417969,47.33093087818899,46.66962332966065,46.85856628417969,580296
2022-08-18,46.669620513916016,47.70882111649544,46.57514543850066,46.71685624969587,995679
2022-08-19,46.05554962158203,47.425407715713106,45.91383879658862,46.9530431042097,740428
2022-08-22,44.68568801879883,46.29172829257777,44.496741468262066,46.29172829257777,540120
2022-08-23,45.58318328857422,45.81936558540621,44.30780032722381,44.40227180441426,450124
2022-08-24,46.57514190673828,47.047506436429046,44.8273945884246,45.772123647806126,2694992
2022-08-25,48.08671188354492,49.551041244995915,46.48067171775605,46.57514318474433,4767770
2022-08-26,48.74802017211914,50.165113823679064,48.086712684475586,48.46460216257826,2373250
2022-08-29,47.614349365234375,48.22842113447656,46.19725567702925,46.19725567702925,1308642
2022-08-30,47.56711196899414,48.70078768664004,47.283693940546605,47.99224081359332,1040932
2022-09-01,49.7872314453125,50.07064949526923,47.18922604697306,47.28369752900662,4135978
2022-09-02,49.12591552734375,50.49577350801197,48.8897332411546,50.259591221822824,1129206
2022-09-05,48.65354919433594,49.834460582547976,48.51183838620827,49.12591374962075,894397
2022-09-06,49.64551544189453,50.684719655186655,48.84249711677141,49.03144366499322,2561139
2022-09-07,49.83446502685547,50.968140781412934,49.55104698918007,49.97617584762111,1375290
2022-09-08,49.97617721557617,50.731959871349915,49.83446639093161,50.25959526100933,943150
2022-09-09,49.409332275390625,50.401297131024286,49.22038573054241,50.35406139577613,600177
2022-09-12,50.11787796020508,50.920899856332326,49.2676239337742,49.69274914506189,844387
2022-09-13,49.739994049072266,50.63748391009302,49.503811747991875,50.16511930793224,980034
2022-09-14,49.22038650512695,49.64551533676183,48.70078620150906,48.936968485322254,799656
2022-09-15,48.559078216552734,49.92893255766603,48.41736740699004,49.36209652712643,906825
2022-09-16,48.5118408203125,50.826427978114694,47.897769029944236,48.65355163555057,4353110
2022-09-19,48.70078659057617,49.45656918404515,48.27565775554497,48.79526166716959,986919
2022-09-20,48.4173698425293,49.3148632725766,48.13395181300272,48.98420590158245,703529
2022-09-21,47.85053634643555,48.93697278512152,47.61435404187043,48.46460817599128,704661
2022-09-22,47.519874572753906,48.65355025082583,47.14198508263369,47.94500340251283,585808
2022-09-23,46.52790832519531,47.992237714151166,46.19725458067014,47.992237714151166,571633
2022-09-26,44.7801628112793,46.00830997617606,44.402269712608444,45.77212769047069,529907
2022-09-27,44.827396392822266,45.63041468407761,44.449503312316516,44.87463212692161,447654
2022-09-28,44.54397964477539,45.06357994228164,43.97714000797762,44.402268834612045,338804
2022-09-29,43.977142333984375,45.77212920633304,43.740960040457225,44.92187150809298,564947
2022-09-30,45.110816955566406,45.58318153101736,43.92990551693901,44.16608780466449,472155
2022-10-03,44.307796478271484,45.48870785984742,44.11884993644823,45.15805051069284,404232
2022-10-04,44.96910858154297,45.205290882084384,44.496743980460145,44.78016562419457,301814
2022-10-06,47.47264099121094,48.32289868931226,45.25252887396031,45.29976461188687,1625247
2022-10-07,47.14198303222656,47.80329051213775,46.81132568841549,47.708819044680574,842273
2022-10-10,46.338966369628906,46.858566706956,46.15001980954927,46.858566706956,304252
2022-10-11,45.866600036621094,47.04751148763531,45.48871053460999,46.33896461702678,491755
2022-10-12,45.772125244140625,46.1027789849138,45.3469964318212,46.1027789849138,266882
2022-10-13,45.39423751831055,46.055548681690624,45.29976603948021,45.724894901928536,178358
2022-10-14,45.158050537109375,46.622379930349034,44.96910399517559,45.81936163194986,362917
2022-10-17,44.7801628112793,46.24449226188142,44.49674118534832,45.39423459179984,555773
2022-10-18,45.72488784790039,46.19725237689169,44.78015878991778,45.01634105441343,464724
2022-10-19,45.72488784790039,47.04750636676283,45.394230515293266,45.72488784790039,740557
2022-10-20,46.05554962158203,46.291731927333736,45.347002704326925,45.44147418508521,353364
2022-10-21,46.150020599365234,46.858567508898105,45.91383829618761,46.29173142281419,404033
2022-10-24,46.150020599365234,46.66962454944076,46.1027848595009,46.57514946585614,55175
2022-10-25,46.29172897338867,47.14198666138097,46.008310945343155,46.386200448118586,535140
2022-10-27,46.85856628417969,47.23645940092946,46.480676771285765,46.71685906829041,827837
2022-10-28,47.04751205444336,47.56711237837839,46.85856549923359,46.95304057876637,592122
2022-10-31,47.00027847290039,47.61435390454097,46.81133190902206,47.23646077678431,375111
2022-11-01,46.52790832519531,47.23645515248255,46.291726049432896,47.18921941810117,281646
2022-11-02,48.464603424072266,49.40933254970274,46.622380908321716,46.66962024768773,2826413
2022-11-03,48.4173698425293,48.88973442635885,48.08671607539092,48.27565902583812,683195
2022-11-04,48.37013244628906,48.88973274991314,47.614349858848975,48.70078620208921,511884
2022-11-07,49.739994049072266,49.976176350152656,48.22842515984423,48.60631828311522,1442163
2022-11-09,49.503807067871094,50.77918993158734,49.173149715305556,50.02340736035343,1206732
2022-11-10,48.322898864746094,49.69275328886859,48.181188046596134,49.40933525642448,717049
2022-11-11,48.322898864746094,49.22038870017647,48.181188046596134,49.12591722398037,420989
2022-11-14,48.464603424072266,49.031443061763916,48.27565687817505,48.70078570547989,429408
2022-11-15,46.669620513916016,48.03947487081009,46.386198891525595,48.03947487081009,939296
2022-11-16,47.094749450683594,47.42540683490846,46.66962419131092,46.85856714931837,478469
2022-11-17,46.71685791015625,47.047511676223344,46.52791135646544,46.52791135646544,199142
2022-11-18,46.48067092895508,47.04750692897614,46.29172439432959,46.5279066616476,369996
2022-11-21,48.4173698425293,48.60631639683227,46.2917292152963,46.66962232390225,1349195
2022-11-22,48.60631561279297,49.26762674025829,48.08671529973297,48.65355134964284,772080
2022-11-23,53.56614685058594,54.274693757064966,48.60631850523272,48.79526506773165,16218327
2022-11-24,54.18022155761719,55.4083724773003,52.71589192705977,53.94403924288676,6971210
2022-11-25,53.613380432128906,54.41639878560527,53.235487322342514,53.944034200300166,1784554
2022-11-28,54.84152603149414,57.06164167990269,53.56614312996047,53.56614312996047,5317311
2022-11-29,54.46363830566406,55.5500746931119,53.944034377041405,55.2194209238573,1491038
2022-11-30,54.274696350097656,54.74706097698474,53.56614940976702,54.74706097698474,893802
2022-12-01,53.56614685058594,55.455605267863355,52.90483568376766,54.416400976047214,1113895
2022-12-02,54.65258026123047,55.88073104774815,53.471668815621726,53.56614389358386,2003655
2022-12-05,55.40836715698242,56.258621246056784,54.79429175610446,54.936002572878074,1332346
2022-12-06,56.683746337890625,57.864657719930015,54.463634381198794,55.408363486830304,5358944
2022-12-07,57.48676681518555,58.99833560380568,55.40836558709833,56.87269503556184,9279128
2022-12-08,57.20335388183594,59.04557659228647,56.91993583496416,57.86466506044074,3903943
2022-12-09,54.936004638671875,57.58124568835577,54.32192921470244,57.48677060566883,2059563
2022-12-12,59.56517028808594,59.89582764235964,54.93599976295441,55.030471233400846,8382651
2022-12-13,60.17924880981445,61.029502899936446,59.23451964044172,60.65160979064504,6943935
2022-12-14,58.57320785522461,59.99030159365746,57.95913246036141,59.94306585648085,3537292
2022-12-15,64.95011901855469,66.50892331654207,58.00636228138581,58.80938049316406,37509247
2022-12-16,71.70494079589844,74.77531039934584,64.38329020306233,64.71394394958368,58164120
2022-12-19,73.21651458740234,77.89292134570648,71.37429549054603,74.63360841812626,42779698
2022-12-20,75.62557220458984,77.37331971051519,71.23258016535861,71.70494474575527,38579725
2022-12-21,66.9340591430664,76.42859002721404,66.17828014422557,76.05069692393789,22321365
2022-12-22,61.265682220458984,68.54010079639504,59.70688132892035,67.59537167284837,16320341
2022-12-23,55.45560073852539,63.06066952615157,54.93600043698366,59.61240675471488,14902238
2022-12-26,61.312923431396484,62.25765258378253,54.88876231208682,55.73901999077655,18901444
2022-12-27,62.63554382324219,64.43052339321649,60.65160689607274,61.92699698002773,13323324
2022-12-28,72.7913818359375,74.11399684243555,61.92699691760123,62.824486701683654,43014896
2022-12-29,71.3270492553711,74.63360120760683,69.72101261879823,72.74414294918641,31381104
2022-12-30,72.9803237915039,76.14516487036994,71.98835534232136,72.03559468093428,22018876
2023-01-02,70.99639892578125,73.78334710827885,69.24865139399235,73.40545399682708,11948334
2023-01-03,68.72904968261719,71.23258351809682,68.11497425765624,71.18534417474912,7690238
2023-01-04,71.7994155883789,73.92505618145591,68.49286355470356,68.49286355470356,25930777
2023-01-05,70.85468292236328,72.83861260264725,69.7210108786899,72.13006577342361,9144704
2023-01-06,69.15416717529297,71.27980764839883,67.64260205818212,71.13810404969392,7607569
2023-01-09,69.57930755615234,72.22454501184986,69.10694295252296,70.38232594077995,7297515
2023-01-10,67.59537506103516,70.00443012220519,67.0757711339551,69.7210156955619,4544948
2023-01-11,66.83958435058594,69.10693564995722,66.36721979687155,67.64260265035819,4803597
2023-01-12,68.25668334960938,68.72904794026411,66.36722498699044,67.17024334956116,6755230
2023-01-13,67.9732666015625,69.24865685424056,67.59538066802607,68.39839908835924,3774235
2023-01-16,66.83958435058594,68.4928602885863,66.65064141218461,68.20943867327323,3275721
2023-01-17,69.62654113769531,70.57127036457157,64.85566286659741,66.83959280149516,19406882
2023-01-18,69.4848403930664,70.99640577703,68.96523641371378,69.67378336316975,8143370
2023-01-19,68.68180084228516,70.09889445422537,68.25667564178742,68.96522244775754,4654637
2023-01-20,67.45365905761719,69.05969564158218,67.07576597676923,68.25667734959968,3177446
2023-01-23,67.35918426513672,68.82350997055494,66.98129120293791,67.73707011962486,3290187
2023-01-24,65.2807846069336,67.73707902249745,64.90289149506724,67.17024295855373,2827602
2023-01-25,63.72197723388672,65.42249255893637,62.682776627561395,65.42249255893637,2767599
2023-01-27,60.320953369140625,65.13907047943053,59.56517078766357,63.86368759842897,4294344
2023-01-30,59.56517028808594,61.36015345355733,58.76215197772447,58.80938771294769,3691941
2023-01-31,64.43052673339844,65.09184147930894,59.89583102636676,60.17924905757427,10311302
2023-02-01,59.234519958496094,67.02853204381462,57.58124390321669,65.09184156082857,10257529
2023-02-02,58.38426208496094,61.07674238637371,58.05360831643843,59.37622699438426,3691868
2023-02-03,56.967166900634766,59.23451829725788,55.26665515509528,58.99833601027029,4822510
2023-02-06,55.59730911254883,56.494802527056365,55.266655351135604,55.36112682472346,3371259
2023-02-07,54.84152603149414,56.87269513052772,54.51087227297968,55.502837152378724,3204875
2023-02-08,54.605342864990234,56.49480112055291,54.41639631866284,55.64454706786307,3087489
2023-02-09,54.22745895385742,55.26665965976357,53.8968015628102,54.7470593068105,2125007
2023-02-10,53.99127197265625,55.07770832496718,53.75508968686835,53.89679689602769,1741346
2023-02-13,52.57417678833008,54.27468847769765,51.96010142090443,53.94403112452401,2174849
2023-02-14,61.07674026489258,62.73001625779069,56.353094570897966,59.51793574433209,31102299
2023-02-15,62.63554382324219,64.19434111214501,59.61240630090045,60.509903293598825,18372467
2023-02-16,61.36015319824219,63.20237929898261,60.93502797914656,63.20237929898261,5203953
2023-02-17,60.55713653564453,62.58830563164783,60.037536228530286,61.02950110644942,4112884
2023-02-20,60.79331970214844,62.068702620264,59.6124082580208,60.84055904299812,4043460
2023-02-21,60.55713653564453,61.50186567725431,60.037536228530286,60.982268973995744,2656769
2023-02-22,58.006370544433594,60.415429126795566,57.6284774474979,60.368193390642524,2131082
2023-02-23,58.525970458984375,59.04557076090925,57.34505904376619,58.28978817594074,2553977
2023-02-24,59.51793670654297,59.943065546646565,57.9591321607817,59.51793670654297,2701734
2023-02-27,57.48676681518555,59.47070017452653,56.77821995910426,59.47070017452653,2123228
2023-02-28,58.76215362548828,59.23451819867733,58.00637102915695,58.10084250225248,2378351
2023-03-01,59.659645080566406,60.65160632713489,58.5732051562866,58.95109824399842,2463043
2023-03-02,58.14807891845703,60.32095525975291,57.9591323662018,59.65964773264318,1863087
2023-03-03,59.470699310302734,60.273717627316515,58.66767738943334,58.66767738943334,2808798
2023-03-06,63.29684829711914,64.43052030890857,59.70687851745661,59.70687851745661,9177558
2023-03-08,65.46973419189453,66.36722401794944,62.35212505600944,63.29685422352473,7311632
2023-03-09,66.60340881347656,68.20944557553949,64.66671106418435,64.66671106418435,8041629
2023-03-10,70.80744171142578,71.42151705538866,65.42248883482091,66.60340018562995,16672804
2023-03-13,66.27274322509766,71.94111743324211,65.65866791100657,70.8074382669869,7477685
2023-03-14,66.9340591430664,67.92602763820234,64.47776478333864,66.27275161811674,6090049
2023-03-15,67.12300872802734,71.23257907291014,65.8948579547468,68.20944148010855,15955350
2023-03-16,68.2094497680664,68.68181439861455,65.80039447689825,67.31195985310984,5857375
2023-03-17,69.15416717529297,70.09889627445114,68.68180262571389,69.62653172487205,3967905
2023-03-20,70.19337463378906,71.04362505302583,69.24864553889398,70.6657391812366,4805871
2023-03-21,71.6104736328125,73.16927098982337,70.42956217585788,70.90192675863973,6350874
2023-03-22,71.5159912109375,72.36624885703218,70.24060834565107,72.17730591688276,3871375
2023-03-23,71.13810729980469,74.01952685925485,70.71297486113373,71.51599319056373,4415002
2023-03-24,68.72904968261719,71.51599795504751,68.02050277867268,71.27981565373268,2543645
2023-03-27,64.71394348144531,69.20140671556014,64.14710746183617,68.72904216460068,3331054
2023-03-28,64.05264282226562,66.9813019089159,63.060674276405976,65.7059189268905,3592623
2023-03-29,68.16221618652344,68.7762916347774,64.00540608416443,65.18631763553277,4255806
2023-03-31,68.44562530517578,70.0044298731588,67.97326072140586,68.77628627998395,2425075
2023-04-03,70.19337463378906,71.42151813252607,68.3983879119462,69.34311700684128,3682095
2023-04-05,70.90191650390625,71.79940619830082,70.57125557761411,70.8546771693758,2864539
2023-04-06,70.99639892578125,71.61047433092644,69.95719827507257,70.85468810802288,2083558
2023-04-10,71.75218200683594,73.59440832666189,71.42152821847087,71.65771052554763,3255556
2023-04-11,72.03559112548828,72.41348419260676,70.38231526359182,72.36624485632542,2252020
2023-04-12,81.2939453125,84.7422009044642,71.89388605268803,72.27177914991614,48225972
2023-04-13,80.58540344238281,83.51406251354648,79.87685654414749,81.24671099765108,27481396
2023-04-17,77.46778869628906,81.4828875006699,77.1843670740718,80.53815837022735,8745883
2023-04-18,72.08283996582031,76.94818952043848,71.23258225462578,76.52306426869707,12154129
2023-04-19,70.57125854492188,73.45268508738262,70.14613334711458,72.36624521689525,10356052
2023-04-20,70.19337463378906,71.42151813252607,69.57929928056505,70.85468211713122,5003808
2023-04-21,71.7994155883789,73.12203784339133,69.20141041906257,70.47679333336649,12544994
2023-04-24,71.5159912109375,72.5079596659998,70.61850143366105,72.27177738695747,4457351
2023-04-25,73.54715728759766,74.16123262989694,71.18533459237801,71.70493846841067,7953841
2023-04-26,74.9642562866211,77.37331849178273,73.68887338118138,73.68887338118138,15489924
2023-04-27,73.49993133544922,75.29491096850231,73.12203823091276,75.15320736104867,3219142
2023-04-28,74.49188995361328,75.38938694565152,73.45268935920535,74.06676473108179,4609492
2023-05-02,76.6175308227539,77.84568157197386,74.68084043539783,74.86978337787264,7530292
2023-05-03,76.1451644897461,78.1290941704831,75.67279993682247,75.90898221328428,5115408
2023-05-04,78.8848876953125,79.54619524799689,76.19241093408071,76.33412175471643,8741064
2023-05-05,79.1210708618164,81.0105292704568,78.22358100079695,78.88488856073636,6802662
2023-05-08,76.75923919677734,79.82960876464844,76.52305692232572,79.64066582817155,4221882
2023-05-09,74.8697738647461,77.98738247342848,74.25569856816195,77.08988559143309,3157926
2023-05-10,75.57833862304688,76.19241406590154,73.35822636753728,75.38939565957408,2734867
2023-05-11,75.29491424560547,77.23161198582713,74.77531751100068,75.72004670960406,3745791
2023-05-12,73.26375579833984,75.48386808150211,72.83862331366272,75.43662873618949,3091875
2023-05-15,69.4848403930664,72.74415347747892,69.20141873019911,72.74415347747892,5570083
2023-05-16,67.54812622070312,69.48482363179352,67.31194396119018,68.49285525875491,6453928
2023-05-17,67.83155822753906,69.20141265990648,66.08380347268951,66.83958970223048,9263951
2023-05-18,65.51696014404297,68.77627978907711,65.18630640815249,67.7370720366915,5501614
2023-05-19,64.66670989990234,65.80038924775192,63.58027710215007,65.23355317768298,3854040
2023-05-22,63.58027648925781,64.52500566616975,62.63554731234588,64.24158403001152,5226481
2023-05-23,65.7059097290039,66.93405319588994,63.580269320616864,63.580269320616864,6057930
2023-05-24,66.08380126953125,66.5089337123665,65.46973308717715,65.75314750802256,2232236
2023-05-25,65.8003921508789,66.839592859807,65.51697049948396,66.31998890148695,1720351
2023-05-26,66.08380126953125,66.93405894749031,65.89485832230098,66.22551208380966,2313556
2023-05-29,66.4616928100586,67.92602584367589,65.42249220928726,66.36722133866324,3267522
2023-05-30,62.871726989746094,64.05263841173448,62.635544705348416,63.485795163011,5605135
2023-05-31,63.013427734375,63.7219745554109,62.63554186265798,62.96619560426587,2134079
2023-06-01,63.958168029785156,64.66671497490557,63.4385712613242,63.4385712613242,2253790
2023-06-02,64.33605194091797,65.13907025525079,64.05263752817703,64.71394503228377,1542730
2023-06-05,65.7059097290039,66.79234239378864,64.8084127875029,64.95012358960419,3990575
2023-06-06,68.0205078125,68.5873439360617,66.13104926215279,66.22552074812766,8849036
2023-06-07,67.83155822753906,68.96523036413888,67.54813658953329,68.68180872613308,4757891
2023-06-08,67.40642547607422,68.3039225206975,66.88682875228228,67.97326154189797,2522483
2023-06-09,67.72502136230469,68.49736214478224,67.19403108975439,67.8698375607873,1663785
2023-06-12,67.43538665771484,68.54563432054533,66.90440376899248,67.62847737097007,2366018
2023-06-13,68.30428314208984,69.36625638918856,67.43539326149697,67.5802094692055,3189340
2023-06-14,69.51106262207031,71.77982499840921,68.25599882290892,68.7387145355622,15747444
2023-06-15,67.82156372070312,70.28341702266441,67.5802058426935,69.51106886677046,5403896
2023-06-16,67.96637725830078,68.64217634399255,67.77328654406199,68.35255132112077,1659314
2023-06-19,67.91810607910156,69.51106956305313,67.58020651963498,68.25600563856814,2512470
2023-06-20,69.221435546875,70.62131564011975,67.67674662127544,68.11119521531324,8113003
2023-06-21,68.83526611328125,70.33168045838714,68.64217540169314,69.51106518969584,2908109
2023-06-22,68.20773315429688,69.94550533824423,67.72501743114638,69.02834841052125,2894250
2023-06-23,67.67675018310547,68.64218173312311,67.00095104435638,68.25600763998442,1499380
2023-06-26,67.53192901611328,68.25600262543111,67.29057114634067,68.01464475565851,1122289
2023-06-27,68.20773315429688,69.46278961509374,67.72501743114638,67.86983362122301,3440519
2023-06-28,67.5802001953125,68.73871496668352,67.14575899746269,68.3525482866647,2657726
2023-06-30,67.72502136230469,68.44909498905993,67.4836634867196,67.96637923788977,1383458
2023-07-03,67.77328491210938,69.17316493541608,67.53192704936589,67.86983394973272,3202721
2023-07-04,68.06291961669922,68.69045155438188,67.43538767901656,67.7732872252587,1715846
2023-07-05,69.36624908447266,70.37995506602424,67.91810189120326,68.0629180836617,8541275
2023-07-06,70.37995147705078,70.91093433477798,69.41452006410265,69.7041450685928,7171640
2023-07-07,70.04206085205078,71.00749238762332,69.07662931647825,70.4765020967952,3294853
2023-07-10,70.37995147705078,71.87636574772611,69.7041450685928,70.09031910690348,5583892
2023-07-11,70.13859558105469,71.63500989348796,69.89723772108248,70.52476963014168,3695282
2023-07-12,69.60760498046875,70.71785260369231,69.31797996940433,70.47649474497663,1900891
2023-07-13,68.59391021728516,70.8143982218645,67.67674588364041,69.94550840891705,3294506
2023-07-14,68.6904525756836,69.22143548034238,68.25600398206336,68.835268773557,1692269
2023-07-17,68.7869873046875,69.46278633896196,68.59390397079682,68.69044563774216,1282228
2023-07-18,68.30428314208984,69.26971470593564,68.06292525112839,68.83527344846834,1754693
2023-07-19,68.83526611328125,70.37995497769855,68.59390824803924,68.83526611328125,5402930
2023-07-20,68.6904525756836,69.41452619939285,68.54563637781018,68.98007760577262,1465098
2023-07-21,68.40081787109375,69.22143314379981,68.20773452421852,68.59390858362653,1676151
2023-07-24,68.25599670410156,69.12488643303675,67.86983003849215,68.64217073536798,1640408
2023-07-25,67.82156372070312,68.4973628328669,67.5802058426935,68.25600495485727,1371502
2023-07-26,68.59391021728516,69.70415053674597,67.91810375581149,67.91810375581149,3608852
2023-07-27,68.88353729248047,69.51106925191407,68.54563773452637,69.02835349322021,1934919
2023-07-28,68.30428314208984,69.12489849822711,68.06292525112839,69.02835681497419,1136159
2023-07-31,68.98007202148438,69.70414558657619,68.49735631142316,68.59390534596116,1865311
2023-08-01,69.4627914428711,70.37995576038486,69.17316642075431,69.3179826146415,2857750
2023-08-02,68.49736785888672,70.23514765432938,67.62848532682382,69.75243186289069,3439111
2023-08-03,67.72502136230469,68.78699454174748,67.33884728823699,68.78699454174748,1841994
2023-08-04,67.62847900390625,68.64217765175678,67.38712113075263,68.30427810247328,1481536
2023-08-07,67.62847900390625,68.78699384878051,67.43538828598871,67.67674615914233,2689754
2023-08-08,64.39427185058594,68.64217151121562,64.15291399902354,67.86983080561019,6682343
2023-08-09,64.82872772216797,65.40798515818638,64.05637956370481,64.63563699972322,2055474
2023-08-10,64.63563537597656,65.84242473972263,64.49082654485322,64.78045157275764,1833355
2023-08-11,64.78045654296875,65.31144685001978,64.6356403350768,64.9252727508607,929512
2023-08-14,63.42884826660156,64.78045387516711,62.94613250394658,64.78045387516711,1328657
2023-08-16,63.42884826660156,64.10465475371333,62.89786534707588,63.23576490780277,1459988
2023-08-17,64.10466003417969,64.82873373780598,63.38058633055339,63.428853491399984,1698782
2023-08-18,63.8632926940918,64.58736629070133,63.52539315547219,64.1529177133411,905815
2023-08-21,63.670204162597656,64.15291991020085,63.52539533084292,63.815020360010166,707756
2023-08-22,64.63563537597656,65.16662564228793,63.81502008176078,63.81502008176078,1559315
2023-08-23,66.1320571899414,67.09748868176537,63.81502013643235,64.63563543135116,10270119
2023-08-24,66.32514190673828,67.58020581819652,65.98724235077889,66.614774306508,5554718
2023-08-25,65.40798950195312,66.46996276612252,65.11835708188038,66.32514655608615,3171995
2023-08-28,65.35970306396484,66.32513446736556,65.2148942459804,65.74587709845655,1715651
2023-08-29,66.6147689819336,67.7732837570956,65.31143801846201,65.45625420677159,8073561
2023-08-30,66.22859954833984,67.24230557146223,66.03551619424883,67.00094769601955,2368495
2023-08-31,65.45626068115234,66.80785893064427,65.31144447851877,66.56650104814099,1882864
2023-09-01,65.60106658935547,66.37341472514754,65.45625775884494,65.64934110996411,2055618
2023-09-04,66.46995544433594,66.95267118084624,65.8906980336551,65.98723970782565,2844941
2023-09-05,67.09748840332031,68.30427776309226,66.6630471800655,66.90440505201988,5047522
2023-09-06,70.37995147705078,71.44192455816231,67.38711557004298,67.48365723820636,20697264
2023-09-07,69.8972396850586,72.69699241253525,69.22143323875316,70.76612947850411,12853154
2023-09-08,69.36624908447266,70.7178546046556,69.22143289201422,70.2351388735658,3998202
2023-09-11,73.37279510498047,74.67612617647683,69.02835328955399,69.94551028210309,21002248
2023-09-12,69.6558837890625,74.14514171082993,69.17316804189736,73.95205099256923,8629536
2023-09-13,70.6695785522461,71.58674284081515,68.59390684611358,69.70414711100963,4398079
2023-09-14,72.16600036621094,72.93834846689488,70.862669391257,70.9109365440139,5237558
2023-09-15,73.08316040039062,74.5795821470145,72.16600343675513,72.55217750352817,10527628
2023-09-18,74.57958221435547,76.7518030555503,74.3382243431116,74.67612388972148,12429200
2023-09-20,73.37279510498047,75.68983221300617,72.89007934771087,74.28995209752956,4102799
2023-09-21,71.58673858642578,74.14513322678886,71.00748122924055,73.32451065798146,3187875
2023-09-22,71.40013885498047,73.11884928470955,70.95818774167184,72.92242823279078,4311887
2023-09-25,72.28404998779297,75.08309124376444,71.89120038329209,71.94030939372331,5470587
2023-09-26,71.4492416381836,73.46259096332528,71.20371159818984,72.28404227556594,3433095
2023-09-27,70.85997772216797,71.94030850140824,70.56533864920112,71.89119949158614,2372456
2023-09-28,70.6635513305664,72.1367317543557,70.4671302712544,71.10550995349305,1884145
2023-09-29,71.59656524658203,71.94030582359312,70.4671254995605,70.95818560757138,2070803
2023-10-03,70.46712493896484,71.98941425888114,70.07427535708491,71.44924514717341,2462112
2023-10-04,68.45378112792969,70.76176980085336,67.47166083919048,70.22160064485352,3775316
2023-10-05,69.04305267333984,70.3198044304521,68.60109409000748,68.99394366641988,2420454
2023-10-06,69.43589782714844,69.92695794613246,68.60109712347214,69.23947677674794,2302043
2023-10-09,68.74842071533203,70.95819138118199,67.22613125944211,68.6011011723454,8909994
2023-10-10,68.84662628173828,69.58321645057211,68.45377669309704,68.99394581410158,3153768
2023-10-11,69.48500061035156,70.17248171813746,69.19036156816783,69.19036156816783,2021993
2023-10-12,69.58322143554688,70.66355226196869,69.48501090459638,69.73054097846422,3004933
2023-10-13,71.35103607177734,72.77510740536351,69.23947608271503,69.28858509131429,9007946
2023-10-16,76.60537719726562,78.37319659131865,71.20371598463792,71.6947760948768,36346409
2023-10-17,78.22587585449219,79.55173663311426,75.13219570905235,77.39107517854366,22752577
2023-10-18,75.91789245605469,80.0427941901324,75.32861435720163,78.47140341014958,13248274
2023-10-19,76.65448760986328,77.88213790795217,74.6411381238044,74.69024713292106,8222229
2023-10-20,74.54293060302734,76.9982312981667,74.15008099320843,76.50717115913884,4612970
2023-10-23,68.40467834472656,75.32862175654934,67.96271972717425,74.54293003587247,6611844
2023-10-25,66.63685607910156,70.07427688266742,65.1636757347162,68.89573560435221,8069572
2023-10-26,65.9002685546875,66.58775723881261,63.88692649892391,66.39132868921271,3905873
2023-10-27,67.37344360351562,68.01182322625748,66.29311289201993,66.34222189876255,3581476
2023-10-30,66.63685607910156,67.76629584172689,66.391326021704,67.56987479300192,4636940
2023-10-31,68.01182556152344,69.53411490702497,66.63685574832571,66.98059632837948,6605307
2023-11-01,67.52076721191406,69.04305659715763,67.27523714932528,68.2082483899695,2256994
2023-11-02,67.66808319091797,68.45377485411045,67.52076366251237,68.06093276900545,2661169
2023-11-03,68.55199432373047,69.33768600360321,68.11003572913084,68.15914473730278,2326701
2023-11-06,68.3555679321289,69.48500771873316,68.01182734307096,69.28858666583801,2274420
2023-11-07,67.91361236572266,68.89573255179823,67.61897331270704,68.60109349878262,2549011
2023-11-08,68.45378112792969,69.5832209585764,67.71719091137528,68.30646907900534,4713795
2023-11-09,66.98059844970703,68.74841790737557,66.78417739573626,68.69930889739142,2704777
2023-11-10,67.07881164550781,67.5207627316493,66.587751552914,66.78417259275858,1573881
2023-11-13,67.76629638671875,67.9136159209386,67.02970620860224,67.76629638671875,1583044
2023-11-15,67.4716567993164,68.35556650485412,66.9805966843491,67.27523575052257,3336235
2023-11-16,68.50288391113281,69.23947406071488,67.52076371169005,67.76629376155074,3933917
2023-11-17,68.6010971069336,69.68142786984146,68.30646553140387,68.50288658175702,2965384
2023-11-20,68.15914154052734,68.94483318354986,67.962713010035,68.65020162728477,1163038
2023-11-21,68.01182556152344,68.65020520618482,67.86450602921964,68.25735561770223,1301891
2023-11-22,67.42255401611328,68.35556521981815,66.83328338782691,68.15914417471689,2124598
2023-11-23,68.11003875732422,68.79752743738429,67.4716590876195,67.52076809797485,1965931
2023-11-24,68.3555679321289,69.04305660322764,67.66808675401303,68.30646641539656,2146800
2023-11-28,70.41801452636719,71.44924372160392,68.40467263549975,68.65020268265303,7201612
2023-11-29,70.17249298095703,71.30193283329578,70.07428244879351,70.81087267949488,3049684
2023-11-30,70.17249298095703,71.20372230113226,69.97607191662999,70.56534260259441,2265749
2023-12-01,70.76176452636719,71.9403057878141,69.97606535674751,70.22159541063083,4474662
2023-12-04,72.77510833740234,73.75722857810408,71.20371745087611,72.18583769157786,9136243
2023-12-05,72.8733139038086,74.64113321396381,71.89119372994065,73.16795295316189,7696436
2023-12-06,77.93124389648438,79.2080032769619,72.9715409033624,73.46260105077943,36622383
2023-12-07,76.4089584350586,78.9624695860565,75.77057877406341,78.37319893474665,10893511
2023-12-08,76.65448760986328,79.8463783848944,75.62325836227551,76.50716807549605,14934884
2023-12-11,77.9803466796875,79.25709846520043,76.60537687814983,76.70358740119195,8903949
2023-12-12,80.82849884033203,82.10525065798197,77.39107799645613,78.37319823756353,25598255
2023-12-13,81.5650863647461,82.98915767077946,80.28832709569492,81.02491725253616,15482694
2023-12-14,81.27044677734375,83.67663827688177,80.8775971976483,82.05614593673464,12036483
2023-12-15,81.76150512695312,84.85518519792079,81.46686607524865,81.71239612067492,16485699
2023-12-18,82.5963134765625,83.67664427847332,81.07403154891003,82.20346386869046,8280943
2023-12-19,81.61419677734375,83.48022687671403,81.2704561652716,82.25257648146824,4969925
2023-12-20,75.37773132324219,83.72575368477389,73.70812984812908,82.59631386667593,11776903
2023-12-21,78.91336059570312,79.74816130967848,73.51169922023769,74.64113900643157,11727615
2023-12-22,82.7436294555664,83.38200910426525,79.20799812282718,79.35531765606271,18766643
2023-12-26,84.3641357421875,84.80608688247516,82.25257558673728,83.1364853602959,15133716
2023-12-27,84.11859893798828,86.13194090747308,82.30167801670304,84.46233951882884,12051265
2023-12-28,89.86400604248047,92.56483682517796,82.74363397900524,84.36413394722037,42941144
2023-12-29,89.86400604248047,92.71215636646718,88.68546469813299,90.30595717336499,16380208
2024-01-01,98.0156021118164,99.63609449958582,90.25685078350519,90.25685078350519,49001301
2024-01-02,100.91284942626953,105.92166089189665,96.83704914305973,97.91737985243304,47263843
2024-01-03,100.02894592285156,101.89497589568232,98.06470542365768,101.25659623484773,13450032
2024-01-04,100.37268829345703,103.36815810509724,99.34146650886343,100.5200078321084,12020137
2024-01-05,98.21202850341797,100.96196829870692,96.39510747470136,100.71643822744838,8303625
2024-01-08,96.39510345458984,98.55576499436243,95.56030274572238,98.45755446855146,6084553
2024-01-09,99.53788757324219,101.30570705123766,97.22990644412472,97.22990644412472,10742708
2024-01-10,98.31023406982422,99.97984296587676,97.47543336828933,99.97984296587676,4997679
2024-01-11,100.22537231445312,101.74765417282082,98.60487243885042,98.70308296310274,7774953
2024-01-12,99.83252716064453,101.45302710825618,99.43967755319579,100.71643690415843,3792354
2024-01-15,98.50666046142578,100.8637429806405,97.4754312395324,98.99772056842595,6558824
2024-01-16,105.67613983154297,107.73859090537474,98.21202725849403,98.7030873947865,40865418
2024-01-17,106.80557250976562,108.96623396794259,103.22083225566894,105.23418167718397,29365678
2024-01-18,109.99746704101562,113.28756835123517,106.65825672153109,107.49305742815653,33698678
2024-01-19,111.71617126464844,114.41700177873884,110.88137060434424,110.97958112444196,15810353
2024-01-23,110.04657745361328,124.9256933067483,106.06898742787482,121.73380248137244,19891720
2024-01-24,120.65347290039062,121.53738263634243,107.29663881228615,110.83227026311042,18443932
2024-01-25,123.35430145263672,128.16669215872565,119.27850093136803,121.68470003090393,28304215
2024-01-29,124.8765869140625,127.87204907589914,122.47038789001583,124.63105686015871,13802789
2024-01-30,120.01509094238281,125.80960937949,119.32760976807263,125.31854176400482,7694685
2024-01-31,123.74714660644531,125.41674796822812,120.01508680683567,120.01508680683567,10094920
2024-02-01,118.49280548095703,127.18456788823612,116.97051614996657,124.77837635781387,17239010
2024-02-02,116.23392486572266,120.55525527013246,115.00627460838933,119.72045459374232,9675823
2024-02-05,110.39031219482422,116.97051455052024,108.72070335576437,116.97051455052024,9340636
2024-02-06,112.9438247680664,114.90806519881538,110.88137381437649,111.12690386822011,5359163
2024-02-07,109.064453125,114.36789630387062,108.62249453143905,113.43488509465739,5857466
2024-02-08,107.88591003417969,111.22512044685402,107.3948498997565,109.70283103294891,4126810
2024-02-09,104.93954467773438,108.52428500219528,100.6673231920816,107.9350143650333,4833390
2024-02-12,96.19866943359375,105.77434126820499,91.53359853980879,105.77434126820499,6623356
2024-02-13,99.53788757324219,100.56911685090337,93.59606445300214,97.13169591601007,5831815
2024-02-14,97.08258819580078,98.65397914546956,93.25231760455722,97.57364833588372,5700865
2024-02-15,105.08686065673828,110.97958181506004,99.1941394984165,99.1941394984165,23732132
2024-02-16,103.22084045410156,108.72071255146221,102.58246077025989,106.75647198147746,5818624
2024-02-19,103.66278839111328,106.4127204098002,102.18960811550096,103.76099891089096,6742370
2024-02-20,103.81010437011719,105.8725628287545,103.26994274431716,103.85921337836383,3063245
2024-02-21,102.33692169189453,105.7743423868255,101.84586159261868,104.79222218827378,5438556
2024-02-22,101.4530258178711,103.2699467996061,99.78341688069553,103.0735182518886,3056021
2024-02-23,100.81464385986328,103.12262491897717,100.47090327539658,102.04229415651777,2542989
2024-02-26,99.4396743774414,101.69855392839368,99.14503530801883,101.69855392839368,2601746
2024-02-27,97.81917572021484,101.25659660641806,96.83705546701393,99.43967563659294,2859375
2024-02-28,94.82371520996094,98.80129781372274,94.18533553489308,98.50666622806429,3247027
2024-02-29,96.54241943359375,98.35934031960905,93.25231074274848,94.92191959196508,4147138
2024-03-01,97.32810974121094,99.1450306017834,97.08257969267459,98.11380889372022,2149573
2024-03-04,102.72977447509766,104.4484848761872,101.15838360698378,101.64944372158078,5464951
2024-03-05,100.52000427246094,102.92620333726954,100.07805316514035,102.14050415427434,1921992
2024-03-06,97.5245361328125,100.66731768782486,96.34598742994616,100.47089665050494,2245608
2024-03-07,99.39056396484375,100.71643226554166,97.57364304367972,97.91738362449735,2517705
2024-03-11,96.64063262939453,100.02894444318977,96.00225297800307,99.39056479179833,1466297
2024-03-12,92.5157241821289,97.13169383442406,91.14076183202418,96.49331417588525,2632761
2024-03-13,83.08737182617188,93.74337506248946,82.2525711105125,92.81036382022009,6613808
2024-03-14,89.3238296508789,89.86399876084201,81.22133795932758,83.4802174281046,4378819
2024-03-15,89.02920532226562,91.33718649311878,86.13194598610262,87.45781436506665,3013371
2024-03-18,87.75244140625,91.14076070922174,87.40870082295851,89.37294129089015,1975238
2024-03-19,85.4444580078125,89.22561930611344,85.00250691186166,87.65422847353179,2193094
2024-03-20,84.95339965820312,87.11406116098746,82.64541862273288,86.2301589508374,2360789
2024-03-21,86.7212142944336,87.99796602385842,85.93551515864733,86.03372567737505,2082471
2024-03-22,87.31049346923828,88.4399332779163,86.42658372796927,86.47569273864427,1957546
2024-03-26,86.23015594482422,87.99796779648051,85.44445679321092,87.11405812416115,1947501
2024-03-27,87.40869903564453,88.88187935647001,86.08283824549812,86.6721088752318,3370128
2024-03-28,86.03372955322266,88.98009020568222,85.6899889756989,87.8506504569762,2199552
2024-04-01,92.90857696533203,93.35053558700737,86.42658461760804,86.91764475748082,4248389
2024-04-02,95.26566314697266,96.24778338560124,92.2210919058206,92.9085730756675,4690141
2024-04-03,103.12262725830078,103.8101084428296,95.16745465411417,95.65851478391559,13996854
2024-04-04,101.79676818847656,104.006538811267,100.66732837156482,103.957429800234,5435294
2024-04-05,102.33692169189453,103.0244103266702,99.39056109623942,101.50212102172208,4303136
2024-04-08,101.1092758178711,103.319046360211,100.81464424134879,103.17173431844125,2036230
2024-04-09,100.07804870605469,103.31904083229284,99.43966908493762,101.15837941480073,3349200
2024-04-10,100.91284942626953,102.2387101829087,99.19413909540849,100.17625928447194,2946652
2024-04-12,98.11381530761719,100.96196555542458,97.42632663098344,99.97984529707603,2158329
2024-04-15,95.36387634277344,96.4442071369215,92.0246659393297,94.57818462565803,3429170
2024-04-16,97.1316909790039,98.0156006730743,93.93980027312601,94.08711980430151,2599764
2024-04-18,95.46208190917969,98.99772067787586,94.38175117118145,97.5736418702114,2173910
2024-04-19,95.41297912597656,96.10046027020576,92.36840799827479,93.79247929402776,2003743
2024-04-22,100.66732788085938,101.40391808486567,98.01560614362995,98.16291819004478,5294239
2024-04-23,100.52000427246094,101.50212450471358,99.73431258244847,101.25659444665042,2727303
2024-04-24,103.36815643310547,104.35027668425137,101.30570540429567,101.40391593081368,9175905
2024-04-25,102.63156127929688,104.39938064302322,101.89497112657465,103.3681514320191,2850313
2024-04-26,103.81010437011719,106.26540492279717,102.63156310202385,103.1717322208065,6094786
2024-04-29,103.9083251953125,105.87256569055106,103.2208365261893,104.59580637145285,2940489
2024-04-30,102.23871612548828,104.39938516280523,101.94408454743335,104.30116714380408,1882543
2024-05-02,102.97530364990234,104.4975929893002,101.2074917482928,102.63156307122682,2505392
2024-05-03,101.06017303466797,105.47971406394223,100.12715432158711,103.56457512213376,3204524
2024-05-06,98.85040283203125,101.79676352751366,97.57364353346246,101.55123346955679,2363334
2024-05-07,97.1316909790039,99.1450329284604,95.7567211763369,99.1450329284604,1870571
2024-05-08,97.86827850341797,98.60486864645476,95.70760958805394,96.2968876968693,1195635
2024-05-09,94.57817840576172,98.60486973349057,94.0380092977202,97.8682795823335,1270415
2024-05-10,94.33264923095703,95.6585100167497,92.17198027171844,95.16744991142038,1822943
2024-05-13,93.3996353149414,94.92192471656134,91.23897373810952,94.38175557586189,1775646
2024-05-14,97.18079376220703,97.86828241900302,93.64516243277082,94.03801202337101,1532929
2024-05-15,98.65396881103516,100.56910765252931,97.42631858942953,97.47542759548668,2726337
2024-05-16,98.50666046142578,99.93073177453321,97.62275077022896,99.19414161403297,1097838
2024-05-17,99.93073272705078,100.86374394205131,98.01560128868857,98.99772151205026,2474732
2024-05-21,100.91284942626953,102.53334923682071,99.29234961571836,100.56910885869381,3131141
2024-05-22,100.17626190185547,102.53335191578977,99.5378822636883,101.64944222394158,1871418
2024-05-23,98.8012924194336,101.15838244092546,98.50666084986125,100.1762622230524,1880694
2024-05-24,104.448486328125,107.640377117376,98.26113329398196,98.80129493175782,19722952
2024-05-27,106.21630096435547,108.67160146055888,105.08686123750542,105.18507175875706,9380350
2024-05-28,103.41726684570312,107.24752988274304,102.14050750470118,106.85468777134211,4144000
2024-05-29,103.81010437011719,104.84133359943584,101.64944288095184,102.48424357026651,2992890
2024-05-30,101.55123138427734,103.81010337530662,101.06017127844717,103.76100186051315,2307019
2024-05-31,100.66732788085938,104.79223002610138,98.80129786544684,103.85921876488662,4001171
2024-06-03,103.81010437011719,106.26540492279717,102.77888263378117,106.06898387577584,5736384
2024-06-04,91.87734985351562,103.1226234090205,85.7881999754791,103.1226234090205,6122664
2024-06-05,95.6093978881836,96.34598802213414,90.40416543738917,93.9397965817553,3763342
2024-06-06,100.37268829345703,102.43514684861022,96.24778616911667,96.64063577452598,4706977
2024-06-07,101.50212097167969,102.53335017684354,100.4708992594983,101.15838040095255,2952563
2024-06-10,113.36613464355469,114.50539017576526,101.46283515800783,102.23871101282397,34875349
2024-06-11,110.3412094116211,114.22058892383593,109.55551770155259,113.58220925797953,10829225
2024-06-12,110.46888732910156,113.63130819167856,110.11532344506489,111.17600760419214,10538170
2024-06-13,111.81438446044922,112.84561367860842,108.67160278422155,111.30368524793069,11527145
2024-06-14,112.8652572631836,115.49733983130544,111.7751031869066,112.55097908309365,12967399
2024-06-18,118.28656005859375,119.81866518284954,110.89119610315245,113.3857748336265,32088572
2024-06-19,123.65876770019531,128.97204199653555,121.78291437409155,121.78291437409155,49495036
2024-06-20,148.21177673339844,148.38855119254077,123.13823940634809,124.38553637217346,113331353
2024-06-21,138.4789581298828,152.71970205104097,136.7602476566396,148.30016083412983,56660951
2024-06-24,128.24526977539062,135.5817095696788,127.28279608344212,131.01484121147774,27855140
2024-06-25,124.8373031616211,131.8005320027667,123.77661151382718,129.63987049176373,19279123
2024-06-26,128.64793395996094,132.19338857970413,123.75697193143723,125.75066730085662,24445831
2024-06-27,124.79801940917969,129.43362067803943,123.40341045762041,129.33541764497974,8271383
2024-06-28,128.04884338378906,129.34523432506853,124.53285107967442,125.71139238610095,11770701
2024-07-01,131.85946655273438,135.20850038429558,126.93904922715582,128.1666996065287,16587834
2024-07-02,129.56129455566406,132.92997462318505,127.82293761136357,132.53711755290996,6384817
2024-07-03,131.20144653320312,134.55048033376303,129.08989389461456,130.22915703275865,11332838
2024-07-04,132.64515686035156,136.41649497518975,129.39434127243797,132.24248396640144,16857033
2024-07-05,132.4978485107422,135.1397544206082,131.4076944174583,133.07729587029837,7760421
2024-07-08,145.56004333496094,149.07602050918507,133.09693543659913,133.5683489426795,47605922
2024-07-09,151.47239685058594,158.02313689874094,148.30015274619132,152.22863361364008,50762298
2024-07-10,144.0377655029297,149.233175249513,139.1664422647895,149.233175249513,21259665
2024-07-11,145.40289306640625,148.50639637677438,144.22435186850925,144.8529081731186,11813521
2024-07-12,149.98941040039062,159.3981244836103,146.26716614605903,146.3850307701474,32677329
2024-07-15,152.0223846435547,157.13923766380725,147.5733811760754,151.24651625141448,17321825
2024-07-16,150.92242431640625,159.86954082594525,149.31174762796735,152.86701830935854,17931657
2024-07-18,147.7501678466797,151.93399457624977,144.78416059520026,151.77685174489446,11744239
2024-07-19,142.66278076171875,148.30015633799133,141.91637477377316,148.10373528705466,7778152
2024-07-22,157.0704803466797,162.37393855176288,140.00124103145106,141.4253123601063,65984654
2024-07-23,145.99217224121094,166.91133700374704,134.16745077612853,158.9168785999044,69516350
2024-07-24,145.5698699951172,150.568858654408,144.253832408461,146.92520078535594,13907886
2024-07-25,141.71011352539062,144.6663048445862,140.68871513672158,144.37166579475092,6731953
2024-07-26,143.9002685546875,148.04481736203712,142.4074415233378,142.52529116219273,9321460
2024-07-29,144.2832794189453,147.80908727287607,142.29939245682064,145.0591477682808,7736134
2024-07-30,146.62071228027344,149.28226451110496,142.810096245051,144.86272378544726,13776714
2024-07-31,145.12791442871094,149.82244805362754,144.47971146310343,147.6617864875683,9697436
2024-08-01,142.92794799804688,146.67965426320058,142.40742550370362,145.93323333850864,6377300
2024-08-02,139.68695068359375,142.5154616314855,137.70307868605315,137.9878869478505,5172219
2024-08-05,131.07376098632812,135.92542190852566,130.13091905444904,133.66655756654046,6326933
2024-08-06,127.44974517822266,135.5227745875745,126.31048212609822,132.08535381669114,5490821
2024-08-07,134.67816162109375,135.91562780494138,128.27473306490637,130.51396615146865,5322642
2024-08-08,133.4603271484375,136.9566730234214,133.07730083035705,135.090650445279,4362665
2024-08-09,134.25584411621094,137.39862612825604,133.22461478786124,134.5013741950577,4601717
2024-08-12,136.9566650390625,137.8896762737406,130.94609394083264,132.34070288910323,6590743
2024-08-13,132.14427185058594,137.54593278476403,131.60410275997523,137.44771477339316,3120328
2024-08-14,129.37469482421875,132.684450218489,128.38275877826078,132.58623220025072,2349080
2024-08-16,130.1309356689453,131.88892435698753,128.1568793228019,128.65775526514594,3391355
2024-08-19,130.84786987304688,133.81387706910755,130.59252401633944,130.6219864234224,2226049
2024-08-20,130.96572875976562,132.58622102231936,129.83628158910804,130.96572875976562,2081373
2024-08-21,131.6433868408203,134.20672119782697,130.81840945800477,130.81840945800477,2603151
2024-08-22,140.1485595703125,143.6350895269636,132.14428536199975,132.4389244402739,16719063
2024-08-23,139.00929260253906,142.26012319513032,137.59505204080838,141.818157097001,3982192
2024-08-26,136.65220642089844,139.952130950108,136.41649217382445,139.49053324914973,2326054
2024-08-27,138.83250427246094,143.202935919757,136.357557311422,136.6521963520635,6248317
2024-08-28,138.15484619140625,140.68871809573955,137.49682745831439,139.1664287945438,2572786
2024-08-29,135.27723693847656,139.83427390519145,134.59957162678995,138.4789432818182,2151365
2024-08-30,136.26918029785156,139.98159352438608,135.4442029110584,135.9647254279135,3514287
2024-09-02,135.8763427734375,139.74588397568135,134.24601955950737,137.0057750681434,3551979
2024-09-03,134.98260498046875,137.39861232140066,134.550469687368,136.0236500124122,1888159
2024-09-04,134.09869384765625,136.2200772081199,132.7826562945035,133.37193444550982,2311634
2024-09-05,133.9710235595703,137.39861355561104,133.50942585469954,134.8451099608429,1739059
2024-09-06,130.39610290527344,134.69777918274158,129.63986615662296,134.0692228553602,2101891
2024-09-09,125.06318664550781,130.3961072936741,123.76678824003139,129.83629156862162,4450088
2024-09-10,126.95867919921875,129.14880299306915,125.71138238108632,125.76049138702186,1939719
2024-09-11,125.7997817993164,128.82471402951242,125.27925925504549,127.7247441225197,2649672
2024-09-12,126.40870666503906,127.53813898222047,124.49356764093858,126.59529692830401,1585865
2024-09-13,126.5756607055664,128.83452525770906,126.22209682146281,126.93904039707421,1454948
2024-09-16,125.8881607055664,128.17650258193083,125.3185366812339,127.25332217728067,1212240
2024-09-17,125.08283996582031,127.39082862753563,124.53285500455188,125.88817080597303,1132572
2024-09-18,131.72195434570312,136.31828460172773,122.91234258510603,124.72926342778037,6127134
2024-09-19,128.9032745361328,134.84510466432465,126.48725228243107,133.55852961718503,4536593
2024-09-20,125.86227416992188,129.50360681946466,124.98638592435464,129.16900120135077,3145271
2024-09-23,126.01973724365234,128.430888858701,125.55718801346401,126.70863555982952,2337277
2024-09-24,125.94100189208984,128.13564042817134,125.46860911950931,126.40355111504228,1880764
2024-09-25,125.06511688232422,126.70863681609065,124.50415467403867,126.00988743477505,1474567
2024-09-26,123.71683502197266,125.52766525758045,123.4609552858526,125.0847956171694,1206899
2024-09-27,124.53367614746094,127.3483231926453,123.75620090280566,123.96287039694008,2075649
2024-09-30,123.11650848388672,125.6162370856444,122.79173890971964,124.98638503731176,1435269
2024-10-01,125.85242462158203,128.62771244335482,123.26412670009529,123.26412670009529,3791698
2024-10-03,122.8212661743164,125.42924372048232,122.18157059361538,124.12033692674888,1946984
2024-10-04,117.96943664550781,123.14603274554915,117.33958459144628,122.03395185506555,3789029
2024-10-07,114.12142181396484,119.30786873779415,111.56264702159277,118.6878527534552,2964537
2024-10-08,116.02082061767578,116.67035973791539,112.88139655337436,113.66871533395054,1806615
2024-10-09,117.35926055908203,119.5735862300081,116.72940852447067,116.83766504683467,1424038
2024-10-10,121.48282623291016,124.64192987252565,118.58943836309687,118.58943836309687,5818566
2024-10-11,119.8294677734375,121.54187754909715,119.37676208600695,121.54187754909715,1067237
2024-10-14,118.07769012451172,120.39042877975956,117.45767412810973,117.45767412810973,1157613
2024-10-15,117.38878631591797,119.22913972868811,117.12307053319415,118.58944413003537,778117
2024-10-16,117.86117553710938,119.77041121681067,117.09354384534583,117.4084698601316,1366916
2024-10-17,115.94209289550781,119.02247082952779,115.28271770194631,118.49103175297071,1394800
2024-10-18,115.08589172363281,115.6370103917388,112.12361386570568,115.6370103917388,1401282
2024-10-21,113.16680145263672,116.47352837685904,112.78298560504203,115.61732725919173,924201
2024-10-22,104.99840545654297,113.60967199249902,104.4275997012796,113.60967199249902,2552614
2024-10-23,106.67144775390625,108.5413242613462,102.10501676158069,105.29364361640164,2706779
2024-10-24,106.02191925048828,107.76385218762064,104.69331780581574,107.26193625315388,1501842
2024-10-25,100.56975555419922,105.9628646410951,99.97926269071003,105.30348945308464,2147930
2024-10-28,103.89616394042969,105.09682177125386,100.77642679537264,101.45548158663954,2113954
2024-10-29,105.34285736083984,107.02574402098597,103.33520112371059,103.9256864855889,1689119
2024-10-30,109.4368896484375,111.10994017425057,105.02792551610607,105.26411814608818,2718953
2024-10-31,109.56483459472656,110.91310806945457,108.01972766893826,109.2400650317984,1357862
2024-11-01,110.78517150878906,111.2674003221835,109.79118323313945,109.92896289410929,311017
2024-11-04,107.05526733398438,111.4051854338384,105.85460950813581,111.20835948237384,1365417
2024-11-05,110.31278228759766,110.81469821638946,105.54952526433004,106.28763383261207,1506764
2024-11-06,116.09955596923828,117.10338029851481,110.71628304982278,111.20835541893311,4038363
2024-11-07,117.86117553710938,120.55773000798933,116.12907870157339,116.86718725264272,4655402
2024-11-08,114.48555755615234,118.49102628288739,113.82618239303059,118.19577986228714,1628317
2024-11-11,113.35379028320312,115.42049271417952,111.00168497956197,114.25920163263226,1607363
2024-11-12,112.15313720703125,117.90054657430441,111.35598234518373,116.72941189406623,2268255
2024-11-13,106.21874237060547,111.38550226932601,105.31333100942395,110.22421117270501,1741169
2024-11-14,107.2520980834961,109.92896549453889,106.47462283052988,106.47462283052988,1536347
2024-11-18,106.25811004638672,108.00988650312992,104.23077426050575,107.06510844247387,1503466
2024-11-19,106.2384262084961,109.24007079682544,104.66379605905644,107.17336825640909,1108267
2024-11-21,102.86280822753906,106.09080938558067,102.24279972444361,106.09080938558067,1121269
2024-11-22,106.64192199707031,108.24607518067441,102.69549958463703,103.5713877809616,1827992
2024-11-25,109.98802185058594,113.18649236044398,108.35433792458188,109.24006972130525,2637951
2024-11-26,114.01316833496094,114.55445095343946,109.87976336842374,109.99785593359825,3074702
2024-11-27,115.1744613647461,116.10940340238294,112.63536605319125,113.62935437439907,1815192
2024-11-28,117.20179748535156,121.44346656534883,114.87922272738281,115.53859792367963,4652529
2024-11-29,120.2132797241211,122.91967771930486,115.46970244744521,117.12306588665825,7711141
2024-12-02,117.92022705078125,120.50852511500979,116.82782574605302,120.50852511500979,3114155
2024-12-03,118.6386489868164,120.95138757688599,117.70370699785835,118.18593580824738,2302634
2024-12-04,119.59326934814453,120.43963445244452,117.80212616406452,119.08151737059113,2101844
2024-12-05,120.48883819580078,122.72284340326361,118.93388773842526,120.06565566647525,3808155
2024-12-06,121.85680389404297,123.32317748421748,120.65614608538422,121.14821846542937,2739114
2024-12-09,119.97708892822266,123.23460561684722,119.66215540314552,122.42760722990829,1818879
2024-12-10,121.57139587402344,123.90382155988473,119.32754711720918,121.03995682502611,3140267
2024-12-11,122.2504653930664,123.65779272443042,121.34505400030281,121.83712638877374,2102984
2024-12-12,119.97708892822266,122.57523044268108,119.17992658262102,121.0498030914098,1693112
2024-12-13,118.15641784667969,119.97709166502806,116.5325849944232,119.67200168275727,1589143
2024-12-16,118.83547973632812,120.50852282448261,118.19578414082365,118.78626949497061,1168261
2024-12-17,123.52984619140625,127.64357156256543,120.55773233868362,120.70535555343712,12870606
2024-12-18,120.18376159667969,124.18923049628634,118.54023413010037,124.10065356291203,4284281
2024-12-19,118.3434066772461,119.63263390238423,117.01481276093362,117.60529811169155,2045815
2024-12-20,113.2258529663086,120.06565576252365,112.35980080787331,120.06565576252365,2013102
2024-12-23,112.43853759765625,114.45603733691561,111.01153071466793,114.23952429074004,1536562
2024-12-24,114.50524139404297,115.45001946320686,111.94646651817051,112.97982152017124,1413138
2024-12-26,113.6195068359375,115.3319240836725,112.97981876389682,114.60365157252744,931478
2024-12-27,112.98965454101562,114.64301799495817,112.63536183599733,113.58014738833175,999302
2024-12-30,111.61186218261719,113.49157479251932,110.81469981166526,112.93061257288657,1184758
2024-12-31,114.02301025390625,114.54460576510915,110.48009068920463,111.02136579151227,2054882
2025-01-01,117.0541763305664,117.49703845471767,113.47189012194654,114.16078842805483,3188957
2025-01-02,118.48118591308594,120.75455788406423,117.08370216938623,117.94974684679973,2599522
2025-01-03,118.6386489868164,119.96724285699014,117.66434030805111,119.41611670811719,1271707
2025-01-06,111.1788330078125,118.79611122927327,110.4899271814796,118.79611122927327,1599618
2025-01-07,116.00114440917969,118.3926164525043,111.2477234636879,111.98583202633836,3859033
2025-01-08,114.4461898803711,116.11923289355246,113.44235806571963,116.00114033307227,1170220
2025-01-09,113.47189331054688,118.7862689834115,112.68457450278913,114.16079163601344,3093125
2025-01-10,109.19085693359375,113.17664617170794,108.07877606989734,113.17664617170794,1786881
2025-01-13,100.72721099853516,108.59052524084316,99.39861712283638,106.28763019075573,2345113
2025-01-14,105.36253356933594,106.47462193206623,101.46532129596616,102.25264009214185,1729883
2025-01-15,105.4117431640625,107.65559195846154,104.06346217410974,106.1990619554155,1727216
2025-01-16,107.41940307617188,108.50196082077046,106.62224070726734,106.77970747440904,1433859
2025-01-17,108.67910766601562,113.08807955614317,105.99238912995794,107.28162388930753,6374740
2025-01-20,108.25592041015625,110.7162822376598,107.87210456573996,109.44673463365655,3045588
2025-01-21,107.45877075195312,112.2417149754627,106.39589258930015,109.01371379535789,4130209
2025-01-22,105.94318389892578,108.28544570221227,102.71519031845413,108.24607901117864,2579910
2025-01-23,107.14384460449219,109.60420654766887,104.52601589290639,105.30349116796167,2476959
2025-01-24,104.56537628173828,108.59052457409089,104.03393723303617,107.27177425608916,1292991
2025-01-27,99.93006134033203,103.64028383784692,99.5462454788108,103.21710128431982,1760737
2025-01-28,97.86335754394531,102.04597278278587,94.47789715969249,101.3669104942534,3414311
2025-01-29,101.93771362304688,103.2859871068475,98.41447366385793,98.41447366385793,1828663
2025-01-30,102.57740783691406,105.05744923649328,102.15422530546037,102.74471063789082,1637572
2025-01-31,105.64793395996094,106.08096003851385,102.42978403628622,103.33519537468928,2319203
2025-02-01,104.12252044677734,111.55280901069658,102.91201906693078,106.68129536619608,7602999
2025-02-03,99.36909484863281,102.6856577919892,98.7687659610927,102.6856577919892,1978791
2025-02-04,100.91419982910156,101.71135464438532,99.59544200855305,100.38276078276962,1223576
2025-02-05,101.62278747558594,103.2367842409013,101.48500781330988,101.56373368573301,1151973
2025-02-06,101.24880981445312,102.65613711615116,100.61895777116172,102.23295457064955,1109701
2025-02-07,100.55006408691406,101.36690600529018,98.85733396974904,101.36690600529018,1309160
2025-02-10,97.58779907226562,100.38276661716844,97.08588313681973,100.38276661716844,1156711
2025-02-11,90.46258544921875,94.95029070579517,89.6260638964707,94.57631088783037,3882768
2025-02-12,88.59270477294922,91.03338699278869,84.63644628518732,90.462581250703,3154811
2025-02-13,88.6615982055664,91.3286371240509,88.27778234819043,89.43907347032071,1424437
2025-02-14,84.39041137695312,89.69495091997304,82.77641460552007,89.55717125717474,2372278
2025-02-17,84.85295867919922,85.46312359818769,80.8081232926984,82.6681562066743,2524406
2025-02-18,82.57958984375,84.98089793578852,81.19194213771425,84.3904125855636,1320245
2025-02-19,85.2072525024414,86.10282030211708,81.20178375275886,81.96941544060327,1556165
2025-02-20,86.27996826171875,86.80156377684997,84.71518171632509,85.21709013177481,1235122
2025-02-21,85.0989990234375,89.55717360714804,84.68566002419662,86.50632633760127,1648747
2025-02-24,84.50851440429688,85.1777331506205,82.25482197194862,83.65230574830923,1082833
2025-02-25,84.31167602539062,86.21107562778107,83.7605573870774,84.43961964387641,1075668
2025-02-27,81.25098419189453,85.06947044092976,80.8081220793796,84.24278498689281,1124052
2025-02-28,76.85186004638672,80.26684353569792,76.58614426717025,78.23950775015213,2014669
2025-03-03,77.72775268554688,78.23950463226329,72.53146229723001,77.0093237418189,2847699
2025-03-04,78.26902770996094,79.37127248995559,75.78898634050832,77.71790907417775,1603411
2025-03-05,80.51287841796875,80.79828129230853,78.32807590355482,78.33791945327094,1364734
2025-03-06,81.62496948242188,83.04213284298892,80.99511743140792,81.16242023998971,1254895
2025-03-07,82.0579833984375,83.6523005352014,80.88685629667592,81.44781848228072,1336495
2025-03-10,78.51506805419922,83.06181956596544,77.86553641447757,82.42212396781309,1218272
2025-03-11,77.10774230957031,77.99347411668212,76.00550495710124,77.27504512079453,1253932
2025-03-12,76.50740814208984,78.66268747346383,75.916922814001,77.6490196170328,945763
2025-03-13,76.35978698730469,77.3537752798601,75.8677146159208,77.0585363620869,1062316
2025-03-17,74.42102813720703,77.02900569831078,73.96832245662999,76.3597869730168,1138391
2025-03-18,74.42102813720703,74.42102813720703,74.42102813720703,74.42102813720703,0
2025-03-19,82.43196868896484,83.25864669825174,78.69221553004058,78.73158222216313,2566697
2025-03-20,82.27449798583984,84.53803386984889,81.42813291675323,83.55388913913686,2007288
2025-03-21,82.75672912597656,85.62059397683363,81.9300511330046,82.61894946048123,2902430
2025-03-24,84.0853271484375,85.42376456622561,83.26848523008786,84.24278639900933,3072789
2025-03-25,81.61512756347656,85.47297333014417,81.38877095854367,84.75455183967452,1826983
2025-03-26,79.29254150390625,82.461488772149,78.82999227416009,81.4871875806502,1622525
2025-03-27,81.73322296142578,82.6091111718613,78.43633210387651,79.17444065256453,3150425
2025-03-28,79.10555267333984,82.92403912666065,78.8792035844972,82.66815938809937,2055585
2025-04-01,81.2017822265625,81.68401103270894,78.82014631896236,78.98745662627822,1496459
2025-04-02,81.13289642333984,81.68401508628507,79.440166234661,81.66433549479217,1234508
2025-04-03,81.72338104248047,83.16023147825305,79.81413782241277,79.91255079584926,2561030
2025-04-04,77.32424926757812,82.0776700006564,76.7436074949523,81.72337730574198,2129952
2025-04-07,73.32862854003906,74.54896594623791,69.87427831264543,69.88412186265514,2929141
2025-04-08,75.52326202392578,76.47788358235661,73.76164211345322,75.18865643064349,1464488
2025-04-09,74.7654800415039,75.94645077260898,73.66323518629139,75.58232200987312,1240370
2025-04-11,77.03884887695312,78.12140658689405,76.17280421068608,76.17280421068608,1718218
2025-04-15,80.3750991821289,82.09735247859354,78.28871713694888,79.71572400779101,3221239
2025-04-16,80.55224609375,82.4418022072218,80.37509973883523,80.88685921233503,2187876
2025-04-17,84.02627563476562,86.97870987010644,80.23731986776393,80.59161257667911,10444475
2025-04-21,88.0120620727539,89.26192255581688,84.12469345585187,85.12851776041654,7828271
2025-04-22,87.45110321044922,89.06510000207778,87.09681049926942,88.76985357328509,2884906
2025-04-23,87.09680938720703,89.31113504959364,85.22693288172819,88.52381625515146,3179760
2025-04-24,87.66761779785156,89.88194352742738,86.98855550475112,87.09681202998246,3033383
2025-04-25,83.36689758300781,88.08095165056922,82.47132980021713,87.73650250334204,3679685
2025-04-28,84.8332748413086,85.03010829728149,81.64464793883376,82.67800293451279,2864604
2025-04-29,84.4789810180664,86.98855311261192,84.17389855085608,84.97105338888485,1983626
2025-04-30,83.39642333984375,85.96504171729585,82.71736857355341,84.3313653498583,1793851
2025-05-02,83.10118865966797,84.78407535339146,82.24497998738245,82.66816254838395,1418321
2025-05-05,84.69549560546875,85.57138384080733,83.10118590036775,84.04596396853873,1812431
2025-05-06,81.78242492675781,86.37837897817461,81.05415993456845,84.78406933333918,2700502
2025-05-07,82.4024429321289,82.66815870998816,79.76493471104453,80.20779684361948,1987274
2025-05-08,81.23130798339844,84.73486086557286,80.69986892119863,83.0618178059438,1751519
2025-05-09,80.05033111572266,81.19194264053225,78.64301131804493,78.7414242922871,1702776
2025-05-12,86.35870361328125,86.80156575664454,82.45164767296141,82.61895048192721,3153749
2025-05-13,86.38822174072266,87.23458679491914,85.48281040641933,86.60473477901873,1969312
2025-05-14,88.77969360351562,89.55716882731359,86.21107530350852,86.60473469014941,2860648
2025-05-15,93.73978424072266,96.3379256914448,89.39970243718534,89.44891267637857,14895853
2025-05-16,95.540771484375,96.1214132667384,93.61184872884118,94.47789338180687,5486119
2025-05-19,95.52108764648438,97.23350492856345,94.18265017720421,96.19030638112446,4212554
2025-05-20,95.94426727294922,98.74907824146183,93.9858213698023,96.05252379352588,6427850
2025-05-21,94.9896469116211,96.7020641636767,94.08423555369673,95.84585553764889,3152392
2025-05-22,95.58013916015625,96.83984321689168,94.47789435629852,95.45219553948789,2664983
2025-05-23,95.84585571289062,97.4303293463695,94.80266469026299,96.15093817986396,2623961
2025-05-26,97.45985412597656,98.62114524006958,96.12141665521077,96.43634267724809,3514709
2025-05-27,99.70370483398438,100.48118010788082,97.45985594650034,97.89288205055122,7386284
2025-05-28,98.50304412841797,100.21546139435752,98.32590528203997,99.89069182580741,2668445
2025-05-29,98.77861022949219,99.50687523453063,98.13891464698355,99.0640131050246,1723851
2025-05-30,96.7414321899414,99.26084035405626,96.15093933160198,98.7786115276124,2207199
2025-06-02,97.60747528076172,98.22748376181364,93.7889964056144,96.44618419118379,2001133
2025-06-03,105.61841583251953,108.12798798552559,97.74525771601884,98.10939398194132,31706077
2025-06-04,106.1695327758789,107.2127313151258,104.12251740519767,106.28763284874513,6613142
2025-06-05,105.82508087158203,110.42103492634882,105.10665942845259,106.77970245431942,7806568
2025-06-06,106.54351043701172,108.64957955586594,104.90982658323837,106.18921773398685,4474036
2025-06-09,106.41556549072266,108.05909287366174,106.14000617145477,107.39971020720981,3551828
2025-06-10,106.061279296875,108.04925595082199,105.69715053483678,106.97653423967799,2382061
2025-06-11,105.40190124511719,107.4981343684451,103.6304451998079,106.28763302198612,2859938
2025-06-12,101.85897827148438,106.20889612124864,101.41611615193621,105.69714417180569,3145237
2025-06-13,99.69386291503906,101.16023644217948,98.40462822900885,98.41447177854663,3054532
2025-06-16,99.75291442871094,100.37292293040888,96.05252799334559,99.40846526110097,3063994
2025-06-17,98.53257751464844,101.26849878609536,97.6763688578975,100.18594103595555,2205599
2025-06-18,97.25318145751953,99.1427375281448,96.69221926441426,97.43032780841742,1661617
2025-06-19,94.27122497558594,98.07002424969019,93.87756558028056,97.25318231840652,2159613
2025-06-20,96.79063415527344,97.17445000509447,94.03503337472318,94.23185932032372,2007367
2025-06-23,97.04651641845703,97.5976350872329,95.1274371193777,96.4461875077853,1717210
2025-06-24,98.67035675048828,100.32372026455828,98.26685379071007,98.96559567645477,1921293
2025-06-25,99.3592529296875,100.638644106394,99.10337319266048,99.20179367427527,2014954
2025-06-26,98.83765411376953,100.23513780826246,98.13891226652306,100.18593507752664,1448402
2025-06-27,99.30020904541016,100.39261034354267,98.63099029978329,100.38276679345778,1625872
2025-06-30,99.41829681396484,100.23513873772265,99.11321435191753,99.59544316479872,1677993
2025-07-01,99.43798828125,100.67801279155839,98.808136230268,99.49703456464559,1365085
2025-07-02,98.07987213134766,99.89069491793234,97.58779974258937,99.89069491793234,1263990
2025-07-03,98.70972442626953,99.96942854317923,97.45985635108997,98.07987236781467,1773431
2025-07-04,98.19795989990234,99.34940743129768,97.60747456393769,98.90654530643128,1491299
2025-07-07,97.22366333007812,98.1979645560385,96.99730672787078,97.43033283204373,899990
2025-07-08,97.5976333618164,98.09954928825182,96.34777282910193,97.22366105867687,964052
2025-07-09,97.15476989746094,98.11922753757678,96.90873371255385,97.33191625093119,768418
2025-07-10,97.08588409423828,97.64684631876433,96.47571162731762,97.43033326571413,754642
2025-07-11,95.82617950439453,97.12525030786549,95.46204323438366,96.54460098587133,975266
2025-07-14,95.25537109375,95.80648975012852,94.63536260532416,95.80648975012852,714693
2025-07-15,98.29637145996094,100.08751454144851,95.2652114432785,95.36362441312167,4357446
2025-07-16,98.41447448730469,99.39861923217774,97.77477890145151,98.34558465550072,1180375
2025-07-17,97.60747528076172,98.90654603279562,97.43032892782853,98.90654603279562,565851
2025-07-18,96.72174835205078,97.92240619213716,96.44618901336122,97.7452598303469,634685
2025-07-21,96.69222259521484,97.77478032869183,95.80649081021417,96.74143283654824,1348589
2025-07-22,96.39697265625,97.8731897413897,96.24935695447873,97.125245157654,673940
2025-07-23,96.14110565185547,96.92841696826741,95.5702998792674,96.76111415822811,798167
2025-07-24,99.32972717285156,101.60309907982959,96.24935689351214,96.44618283470142,7431306
2025-07-25,97.3023910522461,102.705343456179,96.74142886285884,99.20179065989565,3821127
2025-07-28,95.3537826538086,97.77477779785887,94.92075656825493,97.66652127647046,1948826
2025-07-29,96.7611083984375,97.8141429466326,94.20233363266168,95.2160014911152,2049799
2025-07-30,98.00113677978516,99.64465672322184,97.31223094429582,97.90272380569486,2666430
2025-07-31,96.14110565185547,97.2335069548183,95.85570276556143,96.44618812997759,1192637
2025-08-01,92.87374114990234,97.70588788421959,92.50960489568297,96.20014764418096,1564808
2025-08-04,93.7496337890625,94.34996270517757,92.68675562527558,93.18867156513532,1095298
2025-08-05,95.28489685058594,96.23951848403944,93.93661580530035,94.18265199914181,2094377
2025-08-06,93.7693099975586,96.24935895690962,92.86389863519233,95.65886610382607,1297937
2025-08-07,91.30894470214844,93.72993978003986,89.11430621054579,93.6315268110384,1794003
2025-08-08,91.55498504638672,92.87374291800559,90.93497655586975,91.9388008988632,1347622
2025-08-11,91.62387084960938,92.19467658249951,90.63972614121737,91.66323753895644,868519
2025-08-12,90.84639739990234,93.10008972706424,90.08860926337682,92.01753202841563,1403348
2025-08-13,91.67308807373047,92.30294013442072,90.34449411785037,91.17117213184551,1124131
2025-08-14,90.31495666503906,92.01753031576649,90.03939734779492,91.86990710769192,714721
2025-08-18,89.0158920288086,91.23021777587775,88.64191971678238,90.24607299940257,1570644
2025-08-19,90.64957427978516,91.23021608308579,88.1695252843653,88.59270783073457,2366323
2025-08-20,95.3537826538086,96.3969736689023,90.73814144975402,90.73814144975402,5371420
2025-08-21,95.67855072021484,96.8103186480134,94.47789296246827,96.15093598030731,2278271
2025-08-22,96.6331787109375,98.41447836667713,94.23186303609334,95.06838460052434,3355868
2025-08-25,95.98363494873047,97.528741884686,95.46203943973819,97.13508248840346,1250269
2025-08-26,93.4150161743164,95.52108530045804,93.0016771888333,94.822343441638,951722
2025-08-28,94.09407806396484,94.47789390728893,91.37783651177033,92.75564063293731,934985
2025-08-29,94.76329803466797,96.62333099493055,93.23787068238008,94.77314158444031,1684236
2025-09-01,96.13125610351562,96.83984149997357,94.82234182997125,94.82234182997125,1438349
2025-09-02,96.52491760253906,99.30020546041416,95.62934228786463,96.66269726503845,3723160
2025-09-03,99.1033706665039,99.89068944878191,96.15093649560394,96.74142933652664,3121032
2025-09-04,97.56810760498047,101.33738371028811,96.99730186146805,100.38276212403453,3059480
2025-09-05,97.34175872802734,99.02464531323582,96.73158629314732,97.56810781092766,1014148
2025-09-08,97.06619262695312,98.19796057525228,96.61348694931915,97.72557530660313,647417
2025-09-09,96.08204650878906,97.72557390098531,95.87537701817409,97.51889690194197,769337
2025-09-10,96.23951721191406,97.22366197427118,95.65886789774046,96.59380992703692,820507
2025-09-11,97.06619262695312,97.98144753194289,96.2493582023247,96.39697390600976,1307893
2025-09-12,96.03284454345703,97.4008051173123,95.70807498057468,97.23350231525598,802482
2025-09-15,97.43032836914062,99.79227722522971,95.80648806130259,96.2493576953103,2187108
2025-09-16,97.78462219238281,98.6605104123267,96.98746735384319,97.91255830584333,1483480
2025-09-17,97.63700103759766,98.70972273366571,97.33191856376052,98.06018358603077,1050415
2025-09-18,96.88904571533203,98.10939058723281,96.54459656133923,98.09954703756776,745117
2025-09-19,96.83000183105469,97.33191775839876,96.239516479818,96.4461859773294,1115457
2025-09-22,96.97000122070312,98.38999938964844,96.68000030517578,97.94999694824219,1029693
2025-09-23,95.80999755859375,97.19000244140625,95.52999877929688,97.19000244140625,747713
2025-09-24,96.11000061035156,97.1500015258789,95.27999877929688,95.80999755859375,1061625
2025-09-25,95.23999786376953,96.58000183105469,94.79000091552734,96.54000091552734,694670
2025-09-26,92.2699966430664,95.27999877929688,91.80000305175781,95.27999877929688,996340
2025-09-29,92.45999908447266,92.98999786376953,91.29000091552734,92.19999694824219,900639
2025-09-30,92.02999877929688,92.5,90.0,90.0,806099
2025-10-01,92.98999786376953,93.5999984741211,91.6500015258789,92.08999633789062,582124
2025-10-03,95.43000030517578,95.77999877929688,93.08999633789062,93.0999984741211,1146671
2025-10-06,94.4800033569336,95.93000030517578,94.1500015258789,95.5,527862
2025-10-07,93.79000091552734,95.0,93.43000030517578,95.0,513260
2025-10-08,92.9800033569336,94.44999694824219,92.8499984741211,94.30000305175781,504245
2025-10-09,92.9000015258789,93.48999786376953,92.5,92.5,497063
2025-10-10,93.3499984741211,93.94000244140625,92.63999938964844,93.05000305175781,427108
2025-10-13,93.7699966430664,94.1500015258789,92.6500015258789,92.69999694824219,621091
2025-10-14,92.56999969482422,94.0999984741211,92.01000213623047,93.58999633789062,681958
2025-10-15,95.16000366210938,96.0,92.1500015258789,93.0,883085
2025-10-16,96.05999755859375,98.30000305175781,95.25,95.9000015258789,1578957
2025-10-17,93.29000091552734,95.94999694824219,93.0,95.94999694824219,547079
2025-10-20,93.54000091552734,93.9000015258789,92.4000015258789,93.54000091552734,568139
2025-10-21,94.52999877929688,95.25,93.9800033569336,93.98999786376953,174823
2025-10-23,94.1500015258789,95.4000015258789,93.8499984741211,95.4000015258789,491419
2025-10-24,93.75,94.62000274658203,93.55000305175781,94.30000305175781,321664
2025-10-27,93.4800033569336,94.2699966430664,93.25,94.06999969482422,400978
2025-10-28,95.05999755859375,96.4000015258789,93.3499984741211,93.80000305175781,2092053
2025-10-29,95.06999969482422,96.0,94.37999725341797,95.44000244140625,850676
2025-10-30,94.88999938964844,95.7699966430664,94.5999984741211,95.4800033569336,722864
2025-10-31,93.44999694824219,95.5,93.19999694824219,94.98999786376953,760478
2025-11-03,94.41999816894531,95.0,93.2699966430664,93.5,766644
2025-11-04,95.44999694824219,96.04000091552734,93.5,94.75,852698
2025-11-06,93.18000030517578,95.44999694824219,93.01000213623047,95.44999694824219,536056
2025-11-07,92.61000061035156,93.6500015258789,91.69000244140625,93.18000030517578,577413
2025-11-10,92.23999786376953,93.4800033569336,92.0999984741211,92.70999908447266,426891
2025-11-11,92.41000366210938,93.0,91.30000305175781,92.9800033569336,732666
2025-11-12,92.80999755859375,94.05000305175781,92.0,92.0,959971
2025-11-13,92.58000183105469,93.5,92.19999694824219,92.81999969482422,943501
2025-11-14,92.19000244140625,92.63999938964844,92.02999877929688,92.58999633789062,301662
2025-11-17,92.20999908447266,93.5,92.0999984741211,92.19000244140625,450193
2025-11-18,91.83999633789062,93.9000015258789,91.70999908447266,92.69999694824219,1001527
2025-11-19,90.08999633789062,92.3499984741211,89.8499984741211,92.29000091552734,825524
2025-11-20,89.30000305175781,90.44999694824219,89.0,90.44999694824219,651826
2025-11-21,88.58000183105469,88.95999908447266,87.75,88.52999877929688,509935
2025-11-24,86.41999816894531,88.6500015258789,85.5,88.5,557216
2025-11-25,83.29000091552734,86.0999984741211,83.05000305175781,85.80000305175781,913063
2025-11-26,85.16000366210938,85.9000015258789,83.29000091552734,83.29000091552734,686831
2025-11-27,85.02999877929688,86.31999969482422,84.51000213623047,85.83999633789062,469881
2025-11-28,85.06999969482422,85.45999908447266,84.05000305175781,85.44999694824219,359454
2025-12-01,85.41000366210938,86.30000305175781,85.0,85.16999816894531,475044
2025-12-02,85.12999725341797,85.5,84.30000305175781,85.4000015258789,352404
2025-12-03,84.5999984741211,85.4000015258789,83.75,85.4000015258789,393077
2025-12-04,83.79000091552734,84.31999969482422,83.5999984741211,84.0,453161
2025-12-05,88.80000305175781,91.5,83.5,84.44000244140625,5505153
2025-12-08,85.86000061035156,89.0999984741211,84.3499984741211,88.80000305175781,1408896
2025-12-09,86.33000183105469,86.73999786376953,82.54000091552734,84.69000244140625,1091324
2025-12-10,84.80999755859375,87.33999633789062,84.20999908447266,86.36000061035156,924965
2025-12-11,84.87999725341797,85.19999694824219,83.56999969482422,84.79000091552734,413118
2025-12-12,85.79000091552734,86.69999694824219,84.5,85.08999633789062,536310
2025-12-15,87.02999877929688,87.66000366210938,85.01000213623047,85.5,821239
2025-12-16,87.16000366210938,90.4000015258789,86.20999908447266,86.98999786376953,2353141
2025-12-17,86.26000213623047,87.18000030517578,85.30999755859375,86.98999786376953,459196
2025-12-18,85.13999938964844,86.12999725341797,84.5,86.0,398507
2025-12-19,85.9000015258789,86.19999694824219,84.70999908447266,85.16999816894531,408577
2025-12-22,87.29000091552734,87.5,85.9000015258789,85.9000015258789,528944
2025-12-23,88.27999877929688,89.5,86.7699966430664,87.30000305175781,1402945
2025-12-24,87.63999938964844,88.9000015258789,87.5,88.27999877929688,442401
2025-12-26,87.73999786376953,90.4000015258789,86.95999908447266,87.01000213623047,1382385
2025-12-29,90.20999908447266,92.5,87.77999877929688,88.0,3424166
2025-12-30,90.95999908447266,94.19999694824219,89.12999725341797,90.12000274658203,4061782
2025-12-31,91.51000213623047,93.5,90.9000015258789,91.4800033569336,1870618
2026-01-01,90.3499984741211,92.19999694824219,89.91000366210938,92.0,858888
2026-01-02,91.66000366210938,92.69999694824219,90.30000305175781,90.83999633789062,1966286
2026-01-05,89.79000091552734,92.27999877929688,89.5999984741211,91.44000244140625,1367784
2026-01-06,87.66999816894531,90.16000366210938,87.5,90.0,1018851
2026-01-07,87.41000366210938,88.30000305175781,87.0,87.33000183105469,776911
2026-01-08,85.4800033569336,89.69999694824219,85.0,87.58999633789062,1659221
2026-01-09,83.97000122070312,85.52999877929688,83.70999908447266,85.4800033569336,744803
2026-01-12,83.27999877929688,83.62999725341797,81.51000213623047,83.0,898993
2026-01-13,83.12000274658203,84.7699966430664,82.29000091552734,84.11000061035156,595259
2026-01-14,83.25,85.0,82.77999877929688,82.9000015258789,979020
2026-01-15,83.25,83.25,83.25,83.25,0
2026-01-16,82.73999786376953,84.16999816894531,82.45999908447266,83.80000305175781,589973
2026-01-19,81.95999908447266,83.19999694824219,81.69999694824219,82.19999694824219,500908
2026-01-20,79.30999755859375,82.0999984741211,78.5,81.75,704385
2026-01-21,78.37999725341797,79.44000244140625,76.91000366210938,78.5999984741211,1012613
2026-01-22,79.94999694824219,80.69999694824219,78.91000366210938,78.98999786376953,606167
2026-01-23,78.5999984741211,80.83999633789062,78.0,80.83999633789062,576962
2026-01-27,79.16999816894531,79.80000305175781,76.5,79.0,752086
2026-01-28,82.44999694824219,82.94999694824219,79.51000213623047,79.9800033569336,1068727
2026-01-29,82.38999938964844,83.30000305175781,81.19999694824219,82.80000305175781,737913
2026-01-30,82.7699966430664,84.5,80.19999694824219,82.0,1393537
2026-02-02,79.08999633789062,79.5999984741211,76.62000274658203,78.97000122070312,815313
2026-02-03,79.7300033569336,83.0,79.5,82.5999984741211,816496
2026-02-04,80.75,81.29000091552734,79.0199966430664,79.69999694824219,747848
2026-02-05,79.41999816894531,80.86000061035156,79.19999694824219,80.30999755859375,453401
2026-02-06,78.48999786376953,79.25,78.0,79.0199966430664,496284
2026-02-09,81.23999786376953,81.5,78.94000244140625,79.0999984741211,1019307
2026-02-10,81.05000305175781,82.11000061035156,80.80000305175781,81.87999725341797,459770
2026-02-11,80.41999816894531,81.2300033569336,79.91000366210938,81.19999694824219,448415
2026-02-12,79.62999725341797,80.45999908447266,79.2300033569336,80.44999694824219,399201
2026-02-13,78.13999938964844,79.4000015258789,77.7699966430664,79.01000213623047,613008
2026-02-16,81.29000091552734,86.68000030517578,80.5,82.0999984741211,23932736
2026-02-17,82.08999633789062,83.1500015258789,81.52999877929688,82.79000091552734,2509247
2026-02-18,80.88999938964844,82.36000061035156,80.55000305175781,81.97000122070312,1094740
2026-02-19,79.20999908447266,80.9800033569336,79.08000183105469,80.61000061035156,754628
2026-02-20,79.11000061035156,79.5999984741211,78.51000213623047,79.1500015258789,580495
2026-02-23,78.05999755859375,79.55000305175781,77.80000305175781,79.18000030517578,796451
2026-02-24,77.41999816894531,78.0,76.80000305175781,77.9000015258789,555834
2026-02-25,78.30000305175781,78.5,77.41999816894531,77.58999633789062,479832
2026-02-26,77.41999816894531,78.95999908447266,77.06999969482422,78.38999938964844,560613
2026-02-27,77.31999969482422,77.5,76.55000305175781,77.30000305175781,465269
2026-03-02,73.19000244140625,75.62999725341797,72.5,74.0,1094265
2026-03-04,71.43000030517578,72.83000183105469,70.75,72.76000213623047,939916
2026-03-05,71.97000122070312,72.80000305175781,71.41999816894531,71.43000030517578,798310
2026-03-06,72.55000305175781,73.63999938964844,71.33999633789062,71.48999786376953,648280
2026-03-09,69.87000274658203,71.30000305175781,69.4000015258789,70.75,827643
2026-03-10,79.08999633789062,81.4000015258789,70.69999694824219,71.0,40634871
2026-03-11,75.27999877929688,80.18000030517578,74.5,78.69000244140625,12115166
2026-03-12,72.98999786376953,74.5,71.80000305175781,74.48999786376953,3863917
2026-03-13,71.19999694824219,76.9000015258789,70.72000122070312,72.5,7091936
2026-03-16,68.5999984741211,71.33999633789062,67.01000213623047,71.30999755859375,3287129
2026-03-17,68.97000122070312,69.63999938964844,67.9000015258789,69.01000213623047,1998958
2026-03-18,70.98999786376953,71.9800033569336,69.02999877929688,69.5,2625652
2026-03-19,68.13999938964844,70.19999694824219,67.61000061035156,69.5,1430220
2026-03-20,69.38999938964844,70.33999633789062,69.0,69.1500015258789,1189586
2026-03-23,67.4000015258789,68.94999694824219,66.05000305175781,68.94999694824219,1828375
2026-03-24,68.5999984741211,69.36000061035156,67.0999984741211,68.80000305175781,1636188
2026-03-25,69.63999938964844,70.69999694824219,69.01000213623047,69.6500015258789,1505418
2026-03-27,68.11000061035156,71.5,67.0,69.23999786376953,2501792
2026-03-30,64.5199966430664,67.52999877929688,63.349998474121094,67.01000213623047,1824328
2026-04-01,69.44000244140625,70.16000366210938,65.6500015258789,67.0,2296277
2026-04-02,69.36000061035156,69.63999938964844,66.5,67.95999908447266,1305961
2026-04-06,70.04000091552734,70.69999694824219,68.70999908447266,70.4000015258789,1614688
2026-04-07,70.2699966430664,71.12999725341797,68.83999633789062,69.80000305175781,1281922
2026-04-08,73.86000061035156,75.33000183105469,71.5999984741211,73.6500015258789,4834237
2026-04-09,74.87000274658203,77.80000305175781,74.0999984741211,75.19999694824219,7271515
2026-04-10,75.4800033569336,76.12999725341797,74.44999694824219,74.69999694824219,2214164
2026-04-13,74.27999877929688,75.08999633789062,71.79000091552734,72.95999908447266,1513693
2026-04-15,75.63999938964844,76.5199966430664,75.01000213623047,76.0,1893818
2026-04-16,76.33000183105469,76.94999694824219,75.52999877929688,76.5,1532236
2026-04-17,77.41000366210938,79.11000061035156,76.38999938964844,76.38999938964844,3547949
2026-04-20,76.30999755859375,77.4000015258789,75.81999969482422,77.37000274658203,1433877
2026-04-21,76.97000122070312,78.5,76.12000274658203,76.12000274658203,1591239
2026-04-22,77.87999725341797,78.5,76.73999786376953,76.9000015258789,1778996
2026-04-23,77.41000366210938,78.6500015258789,77.05000305175781,78.0,987325
2026-04-24,75.76000213623047,77.76000213623047,75.41000366210938,77.75,863168
2026-04-27,76.91000366210938,77.25,75.80000305175781,76.0999984741211,928977
2026-04-28,77.08999633789062,78.05000305175781,76.69999694824219,76.98999786376953,750303
2026-04-29,78.25,79.25,77.08999633789062,77.5,1923154
2026-04-30,77.91000366210938,78.25,76.01000213623047,77.8499984741211,1171906
2026-05-01,77.91000366210938,77.91000366210938,77.91000366210938,77.91000366210938,0
2026-05-04,78.2300033569336,79.58999633789062,77.5999984741211,78.51000213623047,933236
2026-05-05,78.06999969482422,78.95999908447266,77.5,77.69999694824219,935799
2026-05-06,78.98999786376953,79.5999984741211,77.80000305175781,78.55000305175781,1336540
2026-05-07,78.7699966430664,79.87999725341797,78.06999969482422,79.11000061035156,1114372
2026-05-08,78.62999725341797,79.94999694824219,78.4000015258789,78.69000244140625,1143578
2026-05-11,76.5999984741211,78.0,76.16000366210938,78.0,823274
2026-05-12,73.9800033569336,77.0,73.52999877929688,76.6500015258789,961665
2026-05-13,75.19000244140625,75.62999725341797,73.9800033569336,74.01000213623047,1024266
2026-05-14,74.94999694824219,76.79000091552734,74.5199966430664,75.4000015258789,757192
2026-05-15,74.38999938964844,76.7300033569336,74.19999694824219,74.94999694824219,992082
2026-05-18,73.41000366210938,74.12000274658203,72.0,74.11000061035156,712547
2026-05-19,75.19000244140625,76.5,73.5999984741211,73.5999984741211,1266333
2026-05-20,74.77999877929688,75.19999694824219,73.80999755859375,74.30000305175781,506609
2026-05-21,74.93000030517578,76.4800033569336,74.54000091552734,75.41999816894531,900561
2026-05-22,76.37000274658203,77.80000305175781,75.9000015258789,75.9000015258789,2358044
2026-05-25,77.54000091552734,77.94999694824219,76.5199966430664,77.0999984741211,1227784
2026-05-26,78.36000061035156,79.6500015258789,77.11000061035156,77.69999694824219,1899980
2026-05-27,78.05000305175781,79.16000366210938,77.5999984741211,78.30000305175781,1476808
2026-05-28,78.05000305175781,78.05000305175781,78.05000305175781,78.05000305175781,0
2026-05-29,76.0,78.23999786376953,75.69999694824219,77.9000015258789,1433556
2026-06-01,74.61000061035156,76.58000183105469,73.87999725341797,76.25,690792
2026-06-02,75.29000091552734,75.55000305175781,73.6500015258789,74.19999694824219,605167
2026-06-03,75.2699966430664,75.9000015258789,74.0999984741211,75.30000305175781,751158
2026-06-04,74.5,76.12000274658203,74.11000061035156,75.19000244140625,691202
2026-06-05,73.83999633789062,75.94999694824219,73.47000122070312,74.55000305175781,990113
2026-06-08,72.44000244140625,74.0,72.0,73.4000015258789,685823
2026-06-09,74.36000061035156,74.5999984741211,72.73999786376953,72.73999786376953,1012635
2026-06-10,75.41000366210938,77.93000030517578,75.0,75.30000305175781,3461024
2026-06-11,73.91000366210938,74.94000244140625,73.25,74.80000305175781,630761
2026-06-12,75.04000091552734,75.44999694824219,73.93000030517578,74.55000305175781,1290006
2026-06-15,75.68000030517578,77.44000244140625,75.2699966430664,77.0,1569939
2026-06-16,77.68000030517578,79.69999694824219,75.41999816894531,75.98999786376953,8022820
2026-06-17,78.05999755859375,78.98999786376953,77.01000213623047,78.29000091552734,2473373
2026-06-18,77.16999816894531,78.9000015258789,77.0,78.16999816894531,1549575
2026-06-19,77.86000061035156,79.30000305175781,76.51000213623047,77.16999816894531,2436000
2026-06-22,78.36000061035156,79.94999694824219,77.73999786376953,78.0,2831436
2026-06-23,76.76000213623047,78.8499984741211,76.5,78.8499984741211,1134975
2026-06-24,76.69999694824219,77.22000122070312,75.87999725341797,76.97000122070312,1237823
2026-06-25,75.18000030517578,77.4000015258789,75.0199966430664,77.05999755859375,847488
2026-06-26,75.18000030517578,75.18000030517578,75.18000030517578,75.18000030517578,0
2026-06-29,74.44000244140625,75.52999877929688,74.20999908447266,75.5,617618
2026-06-30,74.62999725341797,75.18000030517578,74.3499984741211,74.69999694824219,493017
2026-07-01,74.76000213623047,75.69999694824219,74.27999877929688,74.75,716111
2026-07-02,75.30000305175781,75.5,74.55999755859375,75.0,744085
2026-07-03,75.62999725341797,76.76000213623047,75.30000305175781,75.75,1206085
2026-07-06,74.69000244140625,75.98999786376953,74.5,75.70999908447266,507333
2026-07-07,74.41999816894531,74.9800033569336,74.04000091552734,74.9800033569336,438582
2026-07-08,72.66000366210938,76.13999938964844,72.4000015258789,74.36000061035156,1289369
2026-07-09,72.94000244140625,73.80000305175781,72.80000305175781,72.98999786376953,649722
2026-07-10,73.75,74.1500015258789,73.30000305175781,73.6500015258789,612280
2026-07-13,73.62999725341797,74.19000244140625,72.80000305175781,73.19999694824219,458843
2026-07-14,73.02999877929688,73.93000030517578,72.66999816894531,73.62999725341797,474350
2026-07-15,73.79000091552734,74.56999969482422,72.88999938964844,73.19999694824219,1202659
2026-07-16,73.33999633789062,74.19999694824219,73.05999755859375,74.0,612111
2026-07-17,72.55999755859375,73.45999908447266,72.25,73.4000015258789,539111
2026-07-20,72.19000244140625,72.44999694824219,71.80000305175781,72.44999694824219,456516
2026-07-21,71.87000274658203,72.58999633789062,71.6500015258789,72.19000244140625,409431
2026-07-22,70.87000274658203,71.87999725341797,70.5999984741211,71.87000274658203,405921
2026-07-23,70.1500015258789,70.83999633789062,69.9000015258789,70.5,393249
2026-07-24,70.30999755859375,70.48999786376953,69.0999984741211,69.69000244140625,387667
2026-07-27,71.04000091552734,71.80000305175781,70.69000244140625,71.30000305175781,449042
2026-07-28,71.30000305175781,71.8499984741211,70.72000122070312,71.0999984741211,553351
2026-07-29,71.98999786376953,72.5999984741211,71.30000305175781,71.3499984741211,587140
2026-07-30,71.11000061035156,71.94999694824219,70.9000015258789,71.80000305175781,257949
2026-07-31,71.47000122070312,71.7699966430664,71.0,71.16000366210938,341513
2026-08-03,71.83999633789062,72.54000091552734,71.69999694824219,71.69999694824219,356485
2026-08-04,71.83999633789062,72.55000305175781,71.5,71.9800033569336,539286
2026-08-05,72.30000305175781,72.9000015258789,72.0199966430664,72.0199966430664,535376
2026-08-06,72.5,73.4000015258789,72.30999755859375,72.52999877929688,379736
2026-08-07,71.91000366210938,72.56999969482422,71.70999908447266,72.19999694824219,269948
