Price,Close,High,Low,Open,Volume
Ticker,OFSS.NS,OFSS.NS,OFSS.NS,OFSS.NS,OFSS.NS
Date,,,,,
2015-01-01,2025.14501953125,2044.475801074229,2011.4838760950938,2025.356178688853,10782
2015-01-02,2057.413330078125,2072.371321519813,2015.1028634268223,2015.1028634268223,343426
2015-01-05,2054.06591796875,2098.6381714315044,2047.9741086637946,2047.9741086637946,35442
2015-01-06,1990.7357177734375,2047.6724116441894,1979.517188517299,2047.6724116441894,17425
2015-01-07,1990.7957763671875,2005.210994769199,1978.3107350203227,1993.389322939685,15052
2015-01-08,2005.5428466796875,2050.0850596417836,1991.5801314907826,1991.5801314907826,21107
2015-01-09,1983.85986328125,2008.4681511602507,1965.1322253943854,1998.0035509914526,30759
2015-01-12,1974.23974609375,2007.1412582140706,1963.2323756313012,1990.3436504158392,21498
2015-01-13,1991.942138671875,1996.1941833067685,1975.8984597984102,1975.8984597984102,8928
2015-01-14,2031.5682373046875,2040.8565881064642,1994.5955120904441,1994.5955120904441,38978
2015-01-15,2033.3480224609375,2049.1805432142482,2016.218801765721,2032.6544661667774,42369
2015-01-16,2017.60546875,2049.4212891417837,2006.5378736093614,2020.5307736962343,22413
2015-01-19,2017.9073486328125,2035.6096723882501,2008.46821008974,2017.5455508199466,10775
2015-01-20,2032.563720703125,2057.3227946330285,2023.5467534429229,2056.1165074476676,25188
2015-01-21,2032.38232421875,2047.0689265376263,2017.5148966612728,2023.606704577332,9704
2015-01-22,2018.148681640625,2036.2429897249954,2005.4524793510539,2029.6084100940595,15427
2015-01-23,2003.733642578125,2040.4048063992875,1993.3897877542179,2028.9752635416608,11270
2015-01-27,1985.518310546875,2015.434288481576,1955.2707214727438,2002.4365159831848,11691
2015-01-28,1964.136962890625,1987.7801605077561,1943.630082270855,1975.9886747010198,30753
2015-01-29,2015.6453857421875,2021.1340509884922,1957.2008342159527,1966.2479875328213,55321
2015-01-30,2049.090087890625,2068.722295414349,2015.7060287824852,2015.7060287824852,34768
2015-02-02,2048.72802734375,2071.7378968284243,2041.3395182291665,2050.0851004464284,9236
2015-02-03,2051.140625,2062.1479958465047,2029.5782410130118,2040.7062111307505,10612
2015-02-04,2058.07666015625,2077.769238944455,2033.8001313054071,2051.2912949494926,8031
2015-02-05,1990.494384765625,2066.6714472792883,1946.9474483635026,2056.7195783517795,14745
2015-02-06,2001.3209228515625,2029.5782600534965,1979.0046091451793,2002.5573967099906,6402
2015-02-09,1976.50146484375,2021.3452478553015,1961.5434749636813,2019.9278015751354,13653
2015-02-10,1972.189208984375,2011.4839566123555,1948.3650361849184,1989.7707864660151,24715
2015-02-11,1993.239013671875,2002.4369545020427,1976.3811777974504,1981.3269263672319,6996
2015-02-12,2017.786865234375,2028.0704937683915,2002.4368890144415,2008.4683254271356,11170
2015-02-13,2076.86474609375,2086.2738457559276,2029.5783437319158,2047.6726528885154,34553
2015-02-16,2022.6722412109375,2096.225573488944,2014.4996160129688,2086.273704128401,35390
2015-02-18,2031.5382080078125,2050.5070426981247,2008.467967836715,2022.9434126499525,19591
2015-02-19,2016.459716796875,2035.6095249201983,2000.7176109034203,2035.549151663166,10923
2015-02-20,1990.9771728515625,2031.9607540934835,1983.7998223742618,2031.9607540934835,8236
2015-02-23,1972.8223876953125,1992.7865002150384,1960.2167450662453,1991.5802129873052,37377
2015-02-24,1971.1939697265625,1990.3739664903876,1957.2010670488812,1990.3739664903876,22541
2015-02-25,1967.001953125,1983.136043503258,1951.1694345295132,1968.2082402560848,16855
2015-02-26,1965.19287109375,1979.5175333168688,1951.2301539749121,1978.9143896443165,31518
2015-02-27,1966.5498046875,1978.311105466953,1954.3059595539023,1965.19273152064,10295
2015-03-02,2034.8253173828125,2044.6565864672261,1975.2950798466566,1981.1757293210092,17514
2015-03-03,2036.1224365234375,2051.8945831930932,2023.5468332195262,2023.5468332195262,20299
2015-03-04,2020.380126953125,2050.6277173894123,1993.510052079736,2044.6566550850343,83545
2015-03-05,2007.8953857421875,2032.5940886148942,2002.497279556625,2025.0246064012813,5856
2015-03-09,2001.6529541015625,2019.9282375374216,1990.3741964387852,1990.3741964387852,14175
2015-03-10,2001.6529541015625,2019.8678642670811,1984.0411876319345,2019.8678642670811,13006
2015-03-11,1992.153076171875,2019.2643508883011,1978.3713335950376,2002.4367037544787,13884
2015-03-12,1989.3179931640625,2020.5306684149502,1970.4697593169083,1978.9137680804333,20349
2015-03-13,1978.31103515625,1987.3581892804402,1963.2324449492664,1979.5173223728088,8140
2015-03-16,1979.788330078125,1995.8018192751686,1951.1692007721879,1995.8018192751686,14767
2015-03-17,1984.6746826171875,1995.6820559803925,1960.8203180153157,1983.5286211487878,4202
2015-03-18,1969.2939453125,2006.0857031317032,1964.9211544241518,1986.9660813875032,3042
2015-03-19,1966.851318359375,1989.770775611033,1960.2771118905641,1966.9417310004146,11105
2015-03-20,1958.738525390625,1986.9354814606495,1945.981953170422,1973.8171115243279,19935
2015-03-23,1934.4322509765625,1983.7090521146358,1919.2028755499016,1933.8592940247415,73289
2015-03-24,1929.727783203125,1950.506051005692,1914.9809514681747,1942.6351447389382,20264
2015-03-25,1920.439453125,1938.4733882783296,1915.0111606003627,1930.0595643155134,11491
2015-03-26,1944.2032470703125,1951.1695852407868,1915.1921276779713,1928.2199413488656,16555
2015-03-27,1957.8946533203125,1983.0759001004149,1933.0753516222267,1942.1225061540001,22777
2015-03-30,1963.322998046875,1980.120607639907,1945.1382758570514,1945.1382758570514,38845
2015-03-31,1966.278564453125,1974.0892455833505,1940.825930853204,1946.34463657118,56122
2015-04-01,1962.7198486328125,1970.2591442535336,1948.4555602191551,1960.2470480203365,5168
2015-04-06,1948.093505859375,1994.7467234443488,1937.9306242838031,1963.2324695173802,12149
2015-04-07,2026.3509521484375,2050.0847072034658,1948.1534581545143,1948.1534581545143,38345
2015-04-08,2013.77587890625,2043.631487073276,1995.4402251353877,2026.2307353317522,23162
2015-04-09,2029.4881591796875,2044.657164493392,2012.057217715326,2013.8064228148417,42045
2015-04-10,2022.1290283203125,2044.6564973019388,2009.0710302397517,2032.4126546081416,23867
2015-04-13,2070.622314453125,2121.256193866876,2031.387790999044,2031.387790999044,190789
2015-04-15,2028.130615234375,2111.1532682468355,1975.355553175494,2104.9710466913666,68770
2015-04-16,2063.11328125,2080.845646116154,1996.3753463067749,2042.8475951870766,40146
2015-04-17,2023.2752685546875,2071.828325372412,2017.5454047066332,2060.820955348518,19120
2015-04-20,1988.8359375,2041.6411918685685,1960.216801646336,2041.6411918685685,28921
2015-04-21,1994.2637939453125,2026.562157785383,1960.2163728578855,1975.3553335920742,39372
2015-04-22,1985.4281005859375,2016.3090229680417,1964.9212185096844,2005.4524383394373,23621
2015-04-23,1988.8359375,2014.4997284611577,1981.568027292754,1999.3607644153901,13146
2015-04-24,1962.1165771484375,2038.534990382791,1949.9331056694966,1975.4159232072916,19227
2015-04-27,1916.5794677734375,1973.998864268118,1891.5189655150473,1960.8201158773888,27720
2015-04-28,1925.8375244140625,1937.1162803399966,1894.3232711567387,1930.0595296351394,25134
2015-04-29,2003.220947265625,2025.3562888096885,1914.9810056494227,1932.4721707403937,40651
2015-04-30,1999.8431396484375,2028.9750040258132,1968.6606459988866,2005.995174716814,59446
2015-05-04,2020.16943359375,2022.3408097969975,1963.8358713686323,2006.659073723415,31320
2015-05-05,2038.0220947265625,2047.1596607844235,2015.1930520183662,2019.9277878778507,30753
2015-05-06,2021.7374267578125,2037.690546155216,1978.4920583864262,2031.990868361298,137191
2015-05-07,2030.4222412109375,2075.4168056928047,1998.696981122792,2023.8480358913705,84739
2015-05-08,2040.7362060546875,2050.6880746522647,1996.4353416570534,2038.7759895127404,96262
2015-05-11,2045.9532470703125,2059.7351355014157,2036.2729113066878,2045.923207695567,135658
2015-05-12,2096.13525390625,2117.034121590437,2040.0729362181992,2052.2263686006686,38429
2015-05-13,2098.63818359375,2147.1912440275187,2074.814011082771,2093.813034730767,30981
2015-05-14,2121.768798828125,2129.0969347594864,2098.9397543804566,2098.9397543804566,21892
2015-05-15,2108.37890625,2132.0824796279458,2102.2268708642073,2111.032826491225,10706
2015-05-18,2101.925048828125,2153.22243632024,2058.076542950627,2153.22243632024,52610
2015-05-19,2116.009033203125,2144.1758140241786,2081.5694696664305,2081.5694696664305,63329
2015-05-20,2152.287841796875,2165.2856163817955,2084.464370533561,2084.464370533561,420305
2015-05-21,2159.585693359375,2167.2757737143033,2141.1596282350397,2161.6665091815157,241049
2015-05-22,2189.77294921875,2198.458157111542,2143.029325850809,2143.029325850809,87712
2015-05-25,2161.364990234375,2197.161620132857,2153.3129646475386,2189.4111663320164,14298
2015-05-26,2164.531005859375,2178.5540907458203,2148.5477048060075,2160.489974288698,6445
2015-05-27,2167.3662109375,2183.379702014523,2116.7625248108857,2171.3168307326746,27483
2015-05-28,2189.19970703125,2216.5523231716643,2135.0675788667177,2171.3165614742834,64487
2015-05-29,2190.014404296875,2200.298032092953,2162.4507713191633,2162.4507713191633,25137
2015-06-01,2167.275634765625,2189.410972447162,2150.2368303657263,2189.410972447162,15249
2015-06-02,2138.68701171875,2177.348578622179,2130.3637471421316,2150.207114345725,24332
2015-06-03,2122.583251953125,2136.3047709494676,2096.0449294986597,2123.126169627184,15705
2015-06-04,2108.650146484375,2135.1582750813463,2084.1624603544715,2131.2378421505678,16317
2015-06-05,2090.76708984375,2122.4321286479853,2082.0516943280027,2095.984370302608,13509
2015-06-08,2075.266357421875,2102.3474463662947,2068.782563672755,2080.8756223947407,7180
2015-06-09,2107.323486328125,2141.1599031347464,2062.7512306255867,2068.2097099698663,36602
2015-06-10,2116.64208984375,2131.449147690076,2089.983024440092,2110.882038909199,11217
2015-06-11,2129.51904296875,2139.9534565222307,2105.694871172632,2116.370483261281,37687
2015-06-12,2178.192626953125,2205.09288904074,2099.7539235785234,2141.1596707042195,70835
2015-06-15,2146.196044921875,2177.3483523364184,2140.556593474224,2177.3483523364184,11934
2015-06-16,2181.9326171875,2192.427258229859,2147.221669247131,2147.4628678163385,24294
2015-06-17,2264.59326171875,2309.979821684823,2172.6742277446856,2183.8323853443185,93736
2015-06-18,2267.88037109375,2305.1545287885333,2206.3295355852156,2264.804279749139,34854
2015-06-19,2243.4228515625,2288.9300076395066,2231.6313644970155,2237.723173879224,19977
2015-06-22,2259.798095703125,2284.919114983494,2224.393595848638,2238.265898642705,11529
2015-06-23,2272.52490234375,2297.283981115288,2257.56690886987,2263.145988193153,11000
2015-06-24,2272.10205078125,2285.883792090753,2252.771271194233,2267.8196728174817,23735
2015-06-25,2277.108154296875,2285.310965674037,2225.5997527941927,2268.513358503564,20394
2015-06-26,2261.33642578125,2285.9145305623624,2251.354368499528,2285.9145305623624,12081
2015-06-29,2233.7119140625,2246.709686801613,2190.014194034002,2190.014194034002,11763
2015-06-30,2279.943115234375,2310.0399211020394,2225.599819547396,2234.6469732853934,16994
2015-07-01,2319.870849609375,2334.1049477116876,2279.882406520826,2291.945276396598,22157
2015-07-02,2368.153076171875,2376.3859279096996,2313.0256594423436,2321.831615436359,55233
2015-07-03,2338.990966796875,2380.6078767269896,2328.1343815977143,2370.3544351500045,10206
2015-07-06,2359.4677734375,2382.4174187827302,2328.767820536718,2340.1973632599984,21640
2015-07-07,2350.08837890625,2387.2420790576034,2328.1943866850343,2382.4169308432374,32287
2015-07-08,2340.890869140625,2376.385931098515,2297.977258245011,2341.343226868626,17974
2015-07-09,2290.769287109375,2357.5372456588634,2285.0394236405527,2310.039693219942,17273
2015-07-10,2280.938232421875,2318.4839202564126,2278.0733004184367,2291.945602750876,12231
2015-07-13,2319.9619140625,2334.105603515368,2279.2799034265754,2316.071666884903,12457
2015-07-14,2302.500244140625,2332.054274779234,2292.0356458198967,2319.6596467651257,18557
2015-07-15,2306.179931640625,2326.928012613889,2302.1991249733583,2303.103840374841,8439
2015-07-16,2308.170166015625,2340.1367765673945,2304.189506637649,2306.421108489949,25280
2015-07-17,2319.1474609375,2350.2393949877246,2307.6273595466023,2321.4996620216607,28544
2015-07-20,2334.19580078125,2342.0064805565326,2319.3282234407725,2342.0064805565326,9692
2015-07-21,2308.501708984375,2352.259802190884,2295.292924380501,2334.195682647504,14938
2015-07-22,2325.540283203125,2345.9265622495914,2304.1588763167506,2305.1239647841603,16526
2015-07-23,2373.822265625,2442.8218299695136,2325.1184231682337,2325.3898083197905,149100
2015-07-24,2332.9599609375,2405.8799794093775,2316.0719364012407,2385.4334657465906,26108
2015-07-27,2351.35546875,2382.4173660542515,2287.9952002353234,2332.9595878222394,23448
2015-07-28,2367.489501953125,2379.1904293176863,2342.127283200892,2362.5135670722602,14155
2015-07-29,2393.27392578125,2401.6877499762018,2365.0467744239813,2374.576473236084,33144
2015-07-30,2379.702880859375,2412.5742043942464,2352.862992835489,2408.9553430876554,47960
2015-07-31,2440.620849609375,2450.753692669891,2358.472711577531,2358.472711577531,34594
2015-08-03,2481.513427734375,2501.8394834802302,2425.843395023502,2425.843395023502,80669
2015-08-04,2572.166015625,2623.6744153614745,2472.948902676273,2490.982835733998,85357
2015-08-05,2557.539794921875,2612.546309630781,2537.4248987562178,2599.548684012194,26395
2015-08-06,2540.3203125,2589.8988384335958,2512.093307423364,2572.4076725475747,22925
2015-08-07,2569.2412109375,2639.145502373663,2561.8827404689605,2594.6636573577252,129588
2015-08-10,2565.923828125,2577.5043038039084,2548.4026232005044,2563.3604676573423,42901
2015-08-11,2556.4541015625,2577.8056198837216,2545.6278510106868,2569.4520224053567,23728
2015-08-12,2532.32861328125,2569.572733071263,2506.1522381919303,2552.4738464710595,44909
2015-08-13,2511.3994140625,2553.106733047476,2493.968623781791,2551.297302336599,16069
2015-08-14,2535.2236328125,2575.423093628466,2504.855294575883,2512.093017555635,36199
2015-08-17,2554.584716796875,2566.0141114863427,2528.408048560676,2544.059743017283,22087
2015-08-18,2647.13671875,2665.894542417522,2536.2186766664436,2558.2937899229473,94336
2015-08-19,2627.4443359375,2680.37018741033,2597.739513315997,2680.37018741033,51670
2015-08-20,2603.1982421875,2650.816554987007,2579.0424548633537,2650.816554987007,66580
2015-08-21,2639.0244140625,2664.084909343034,2509.529383416126,2638.149738163104,52605
2015-08-24,2455.517822265625,2623.6138886281014,2436.6997742514754,2581.544628911755,103569
2015-08-25,2473.009765625,2530.609985459921,2352.260286452286,2503.0462022505094,84840
2015-08-26,2453.889892578125,2533.1429077549915,2416.012442640126,2472.2857735474336,54775
2015-08-27,2468.0029296875,2527.1413289833836,2447.5564231019957,2457.749489768147,148954
2015-08-28,2448.401123046875,2520.537158042838,2419.4502296307332,2481.935966821316,38726
2015-08-31,2500.42236328125,2551.961104935564,2458.0214833430887,2459.5895684503353,123331
2015-09-01,2471.772705078125,2536.218652936354,2442.731401757963,2500.422023987632,51656
2015-09-02,2453.04541015625,2515.0484548314844,2426.4467183253196,2515.0484548314844,49682
2015-09-03,2472.29296875,2514.164592252973,2453.613136330749,2492.0454409582912,66486
2015-09-04,2378.957275390625,2490.8466158023625,2354.5347665463933,2470.652267764441,57519
2015-09-07,2340.209716796875,2439.6983850435317,2297.9593799286354,2384.19550566103,49240
2015-09-08,2322.91796875,2383.564182873398,2307.4252403545374,2383.564182873398,36087
2015-09-09,2392.935546875,2413.2244934750966,2343.743255923302,2366.461896552252,49705
2015-09-10,2423.51123046875,2435.9433457456003,2351.442678359527,2391.736622866837,46555
2015-09-11,2404.294921875,2439.0353873704244,2389.4015288290157,2423.3217222062517,31727
2015-09-14,2398.804931640625,2430.421775075131,2383.2490317614365,2408.1764345827196,37678
2015-09-15,2348.918212890625,2424.5838470621466,2342.7966780473052,2423.2901158611157,30767
2015-09-16,2394.481689453125,2411.9623907751743,2360.2143750651885,2383.5640894709136,52580
2015-09-18,2370.974609375,2423.448306735123,2355.1346036624423,2394.4820961136356,51339
2015-09-21,2351.379638671875,2385.4576044497285,2347.5931980298915,2360.183082350354,22689
2015-09-22,2391.92578125,2410.8263973980606,2369.9959821870257,2385.4572793681155,65667
2015-09-23,2386.435546875,2401.2657711553693,2357.406171687894,2369.6805179909215,25683
2015-09-24,2433.8291015625,2476.2687865804764,2380.598154134759,2400.603149567021,144976
2015-09-28,2429.190673828125,2466.865721960282,2408.8069738353533,2460.554988468442,53686
2015-09-29,2426.098388671875,2444.652038090338,2383.4063370541644,2434.6810480849845,42074
2015-09-30,2490.08935546875,2492.739832831302,2428.591285850118,2428.591285850118,53242
2015-10-01,2482.20068359375,2524.293242599978,2463.7102047775784,2499.0503101739782,56873
2015-10-05,2509.684326171875,2517.982879799091,2472.545594750085,2514.8275127817988,23079
2015-10-06,2513.060302734375,2536.9149065503957,2495.6427704452217,2495.6427704452217,74783
2015-10-07,2518.8662109375,2536.2838977405886,2503.4364977108835,2524.293503598496,25705
2015-10-08,2528.553466796875,2540.0705568995877,2487.0919732412426,2540.0705568995877,39305
2015-10-09,2517.004638671875,2547.6432826574246,2496.5263379224107,2547.6432826574246,32510
2015-10-12,2470.336669921875,2530.604175855593,2444.778198819094,2526.5337834940938,24110
2015-10-13,2436.921630859375,2476.3321356909873,2415.1180130706953,2476.3321356909873,23809
2015-10-14,2441.339111328125,2578.5028268111064,2422.0597875205713,2459.8610237746634,36560
2015-10-15,2470.589111328125,2486.4291147789613,2443.9578455321857,2480.1183809851063,23408
2015-10-16,2475.25927734375,2492.7399800606768,2432.7880058566857,2492.7399800606768,32074
2015-10-19,2497.15771484375,2514.827771961674,2440.108734919864,2461.817600607902,23380
2015-10-20,2488.47998046875,2513.5651460615054,2473.807525122044,2513.5651460615054,23735
2015-10-21,2477.183837890625,2504.0990546598587,2458.0307000756425,2498.4193945056404,22663
2015-10-23,2515.9951171875,2524.1359026482205,2471.3150883966214,2483.273898848865,29702
2015-10-26,2495.043212890625,2523.6624523670584,2473.8076552335256,2523.6624523670584,20162
2015-10-27,2467.05517578125,2517.982766331264,2454.9070133121077,2517.982766331264,29944
2015-10-28,2505.23486328125,2517.982513361838,2464.4044508335946,2490.783192002784,23998
2015-10-29,2452.509033203125,2513.344448139875,2439.0987232756715,2498.104086956467,91073
2015-10-30,2448.6591796875,2483.2736143132356,2430.831357678771,2461.1860472227745,17671
2015-11-02,2489.521484375,2502.490074029753,2440.676463070705,2492.108947037159,31005
2015-11-03,2544.2353515625,2555.215966103719,2485.198409503866,2517.351565519322,64114
2015-11-04,2516.0263671875,2568.468626070415,2502.521458644283,2568.468626070415,23062
2015-11-05,2458.94580078125,2535.021726319763,2449.227332515228,2524.2934790338686,35300
2015-11-06,2490.4365234375,2504.0992006433953,2432.093665528892,2473.7445090879805,99808
2015-11-09,2521.737548828125,2530.9196969820086,2445.219904330165,2473.8075582020883,26985
2015-11-10,2481.348876953125,2530.8881359110796,2455.3171007491046,2524.293450086857,115501
2015-11-13,2450.741943359375,2497.946264087932,2442.001669286863,2448.564770962212,26945
2015-11-16,2481.601318359375,2497.3781519113927,2441.496576656017,2456.1374473781616,26570
2015-11-17,2465.193359375,2495.2323573809254,2442.474719540146,2483.273548615317,90254
2015-11-18,2442.885009765625,2478.666838949871,2433.4504937195125,2461.8172108229664,18670
2015-11-19,2453.171630859375,2504.099222848643,2442.9166882254813,2455.506571598808,14338
2015-11-20,2443.926513671875,2465.8563158723528,2429.601177293178,2429.632761779542,30237
2015-11-23,2422.2802734375,2490.8463261586626,2414.486456519646,2449.1954881737443,16808
2015-11-24,2443.83154296875,2461.501596733275,2417.0740946107253,2423.3216591349255,31947
2015-11-26,2419.598876953125,2461.1865574103276,2407.545311928308,2449.1961613614058,35138
2015-11-27,2441.181396484375,2451.0892185878092,2419.5987158475027,2423.321987481253,10518
2015-11-30,2411.993896484375,2458.0306659477537,2399.84573465652,2443.705331905139,22281
2015-12-01,2470.052734375,2475.132905775904,2408.8070335054085,2408.8070335054085,26656
2015-12-02,2435.943359375,2475.0067417740206,2431.241893290856,2474.4388373340353,17360
2015-12-03,2411.7099609375,2466.7079414185173,2405.336058514021,2422.7537444935792,18991
2015-12-04,2410.889892578125,2429.632742923689,2405.9674889341727,2417.01127412928,10324
2015-12-07,2392.74609375,2425.8458587979835,2385.4571660396405,2413.8554656353504,9312
2015-12-08,2398.614990234375,2405.619811352788,2386.529844216401,2388.801769702206,26895
2015-12-09,2322.791748046875,2398.0788327415485,2309.728559956334,2382.5859505211542,31729
2015-12-10,2395.964599609375,2400.4768665550337,2334.9714212738177,2350.7482552013435,55217
2015-12-11,2358.321533203125,2385.331508256246,2349.360320835165,2367.787635156041,103802
2015-12-14,2372.67822265625,2411.079100787905,2325.505485866954,2347.5930549321765,37218
2015-12-15,2396.091064453125,2402.023092695824,2338.1269119049,2338.1269119049,31991
2015-12-16,2393.59814453125,2427.1082024017173,2360.246009075321,2395.5545336237437,68680
2015-12-17,2411.33154296875,2429.0015987664797,2385.457532693503,2385.457532693503,47657
2015-12-18,2413.098388671875,2423.258577510283,2399.9088627655956,2423.258577510283,71212
2015-12-21,2418.935546875,2443.5158211313974,2414.644217614672,2428.338477430337,17735
2015-12-22,2405.651611328125,2426.7293995997525,2398.078731124574,2399.0253411500175,39008
2015-12-23,2400.918701171875,2417.23200985633,2398.709944317071,2405.651751575026,10752
2015-12-24,2386.81396484375,2416.884701856389,2382.3964514756117,2401.2340522522854,33451
2015-12-28,2378.67333984375,2394.891894911157,2363.7799464332224,2388.6127455882715,32868
2015-12-29,2377.4111328125,2389.2437583988653,2375.36014437753,2379.146584565167,28282
2015-12-30,2366.4619140625,2390.411271159241,2357.090567176102,2379.8092079731546,23941
2015-12-31,2355.544677734375,2391.7050609620374,2343.427944975294,2366.525293467803,36731
2016-01-01,2399.183349609375,2409.3121087094883,2341.7240845000024,2355.1659790207636,8451
2016-01-04,2364.253173828125,2422.722213063442,2347.6874981312612,2404.389501144784,47899
2016-01-05,2359.8671875,2391.7679758816257,2352.0103551743587,2352.0103551743587,15505
2016-01-06,2358.478759765625,2387.9498529279663,2341.6921478638374,2387.9498529279663,16817
2016-01-07,2326.8623046875,2371.573918233498,2322.350191351589,2341.282393998477,28754
2016-01-08,2339.673095703125,2353.241174091268,2312.316155674543,2334.3405561740096,29821
2016-01-11,2328.1240234375,2362.738455873623,2319.194397792619,2362.738455873623,43571
2016-01-12,2351.221435546875,2361.476377056004,2322.9809043140435,2322.9809043140435,30879
2016-01-13,2327.808837890625,2365.231521366697,2290.796444567405,2350.748417634596,21467
2016-01-14,2322.539306640625,2353.240963831203,2302.944448091145,2334.971420959714,16270
2016-01-15,2281.07763671875,2348.0344221375735,2262.6501729010092,2328.6605024301266,20252
2016-01-18,2239.111572265625,2295.8450087930805,2228.509508425732,2281.0779529926012,18117
2016-01-19,2228.50927734375,2256.087151004843,2194.8730380964594,2216.960604609794,10915
2016-01-20,2231.569580078125,2251.7324933894847,2174.1734996093005,2197.3970256978873,19177
2016-01-21,2226.963623046875,2287.5781051360646,2215.7620692219234,2221.3785613425052,26604
2016-01-22,2282.46630859375,2288.3983369375983,2218.727895063629,2227.6891065477926,15458
2016-01-25,2337.053955078125,2343.143751244038,2261.1358006745068,2261.1358006745068,15928
2016-01-27,2328.53466796875,2353.651420165816,2311.621869992241,2347.593053882374,15571
2016-01-28,2274.072998046875,2344.311498316429,2261.199162308644,2305.9422047629473,62049
2016-01-29,2296.91796875,2309.0977169561124,2271.864383996175,2287.0101465561497,8916
2016-02-01,2302.376708984375,2324.2117562622725,2282.5924961933642,2297.1071844467365,14559
2016-02-02,2366.525390625,2391.768328125,2293.2262724876405,2312.8841484375,33196
2016-02-03,2295.718505859375,2366.46173109597,2290.7961032531343,2348.223774161133,19280
2016-02-04,2280.068359375,2322.350280238029,2266.184743569229,2307.8355909865413,11583
2016-02-05,2310.643798828125,2337.306651469124,2276.944539011909,2296.476231019999,16587
2016-02-08,2279.594970703125,2328.660929308473,2272.5269791843966,2314.777314011783,11578
2016-02-09,2240.78369140625,2296.475914391986,2232.769090697219,2265.5533203262517,12362
2016-02-10,2181.589111328125,2240.373689687451,2161.4263474557697,2240.373689687451,34912
2016-02-11,2091.2197265625,2212.5436020605434,1988.5441030539735,2144.387666800264,59645
2016-02-12,2156.945556640625,2172.4700227890303,2021.7066600325966,2092.733842822532,45475
2016-02-15,2156.630126953125,2212.3539377320635,2126.71731009518,2177.2031809579735,23842
2016-02-16,2064.146728515625,2192.980316258331,2050.9887849898064,2141.232291529358,38141
2016-02-17,2059.949951171875,2072.3820674826493,2001.13393568949,2066.765575333674,27743
2016-02-18,2076.38916015625,2102.9574107192643,2029.3741939890467,2089.483932612216,23496
2016-02-19,2050.64111328125,2082.5418995567684,2035.3060012067513,2060.454333955409,16408
2016-02-22,2053.63916015625,2071.8141060647063,2047.8964842875948,2071.8141060647063,9956
2016-02-23,2036.537109375,2078.882043707047,2034.2967679043961,2048.4643354671084,15571
2016-02-24,2007.5391845703125,2050.988651948313,1987.881308811442,2039.6293301836763,23434
2016-02-25,1971.4097900390625,2041.5220942231695,1956.327200028385,2008.1067943142295,48607
2016-02-26,1994.7596435546875,2012.4296969398379,1963.2691457572637,1968.9803902548063,31036
2016-02-29,2030.32080078125,2060.4545542157994,1969.3276211644989,1993.8763136431296,91918
2016-03-01,2068.81640625,2074.9693719972547,2014.4494936089309,2014.4494936089309,22325
2016-03-02,2074.49609375,2098.8870197324864,2055.5954756911187,2073.076178559206,34115
2016-03-03,2085.886962890625,2098.3190781939134,2052.06136664847,2082.542243019523,28425
2016-03-04,2176.067626953125,2186.448755285869,2086.297420956549,2103.367990063883,39270
2016-03-08,2204.875732421875,2232.1064864252967,2151.32909590722,2174.0477369904293,35972
2016-03-09,2166.127685546875,2218.4751890222906,2151.991704160234,2167.8001223637903,33981
2016-03-10,2130.156494140625,2172.8486984238575,2114.726781650855,2129.935710911993,31465
2016-03-11,2113.559326171875,2139.338735094712,2104.9768207389575,2126.7172676310265,18225
2016-03-14,2111.85546875,2138.707671718638,2082.605310208571,2082.605310208571,17463
2016-03-15,2106.93310546875,2139.3387855746682,2086.4548048398424,2086.4548048398424,19373
2016-03-16,2103.556884765625,2161.426281697979,2098.413544382847,2115.3579259128833,17794
2016-03-17,2142.084228515625,2152.4021869897797,2093.9017089375743,2093.9017089375743,42232
2016-03-18,2177.708251953125,2180.358729580161,2116.147007225665,2123.688304000095,24771
2016-03-21,2200.111083984375,2210.933930471274,2176.7297852013517,2182.8827504563237,24196
2016-03-22,2212.51171875,2233.368725083774,2177.297792807394,2177.297792807394,25119
2016-03-23,2255.8349609375,2263.628624721393,2201.4048820292523,2212.543265534101,29585
2016-03-28,2192.822021484375,2278.174688123921,2166.7902470009644,2278.174688123921,20310
2016-03-29,2219.295654296875,2237.691535183253,2196.135292799014,2196.135292799014,13930
2016-03-30,2244.380615234375,2252.931689294985,2201.593814522714,2206.232264923044,33805
2016-03-31,2227.310302734375,2262.461212893766,2201.5626323528822,2228.951155133684,83421
2016-04-01,2225.827392578125,2249.7765965009407,2208.1257534801657,2227.0579548532455,50265
2016-04-04,2245.67431640625,2268.6769071554254,2219.0114697382255,2222.009067884335,37994
2016-04-05,2232.832275390625,2266.152981527904,2199.322370490987,2230.84445582063,118956
2016-04-06,2246.558349609375,2262.335186116283,2226.427167854828,2262.335186116283,35626
2016-04-07,2246.589599609375,2250.281440430593,2226.4584208520914,2246.62118409182,73504
2016-04-08,2245.390869140625,2256.7186064994976,2240.026744936138,2256.0559485777517,11691
2016-04-11,2245.074951171875,2256.9075760841624,2228.193739630345,2240.3103167264,13280
2016-04-12,2248.92431640625,2252.9001090324555,2224.5333948540456,2249.744742514932,24338
2016-04-13,2251.227783203125,2283.8542415540574,2240.310184447887,2251.038430401581,35659
2016-04-18,2295.6552734375,2302.7864324199854,2158.9333069529007,2253.562715859624,35620
2016-04-20,2292.81591796875,2314.33558321187,2283.6337688966664,2291.4275872593425,41146
2016-04-21,2276.3447265625,2299.284150232882,2271.8640441804437,2287.6408778205855,14846
2016-04-22,2278.143310546875,2283.097298193413,2265.5534274674183,2271.8641612486645,22933
2016-04-25,2267.446533203125,2280.5097206571027,2243.465746044283,2280.5097206571027,17514
2016-04-26,2241.28857421875,2268.3931436324738,2228.4461699912667,2252.93184664569,13667
2016-04-27,2241.66748046875,2287.767426531447,2158.9338441077716,2249.6190675197663,48719
2016-04-28,2267.478271484375,2292.626453597225,2246.621265160816,2246.621265160816,59620
2016-04-29,2277.133544921875,2287.577685428166,2268.8980070319417,2284.485487694625,9679
2016-05-02,2293.920166015625,2308.4664383287923,2232.1065588761453,2277.133706446111,24442
2016-05-03,2256.276611328125,2297.8642840594657,2236.145278732913,2271.864092481858,23171
2016-05-04,2245.83251953125,2262.303597319616,2222.0094980736303,2262.303597319616,17619
2016-05-05,2211.31298828125,2263.6605009730297,2199.2910080543656,2263.6605009730297,35751
2016-05-06,2253.27880859375,2259.7157254580916,2199.6059934606374,2208.12548303508,7560
2016-05-09,2213.55322265625,2256.6554146289977,2205.633220302917,2246.968529929822,26798
2016-05-10,2187.71044921875,2227.625840103631,2169.6934276568754,2221.3466908497044,60227
2016-05-11,2208.85107421875,2223.8706490618906,2174.047444536067,2174.047444536067,51215
2016-05-12,2198.596435546875,2210.555399074774,2168.3996674623154,2196.13531105068,16054
2016-05-13,2198.438720703125,2237.7546231287097,2178.9070303876474,2208.7568321042145,14248
2016-05-16,2173.29052734375,2227.0263637872417,2151.9602163790014,2208.756820330353,20589
2016-05-17,2159.595947265625,2173.290206717223,2140.632164263252,2152.5909721834796,23713
2016-05-18,2201.8466796875,2236.0192427096426,2142.5257800173617,2159.5331773533394,37486
2016-05-19,2215.3515625,2234.851822793638,2197.397555276333,2234.851822793638,21203
2016-05-20,2154.169189453125,2216.582291099186,2146.280771445753,2208.820211036463,24748
2016-05-23,2137.7294921875,2201.815024798207,2130.756100518105,2201.815024798207,10416
2016-05-24,2108.069091796875,2177.1716285586604,2094.5957672542063,2177.1716285586604,63886
2016-05-25,2142.399658203125,2158.271093063324,2109.0789508645066,2120.8484085010473,39185
2016-05-26,2187.0791015625,2202.4457979125773,2138.3918585176984,2149.4356411719878,34456
2016-05-27,2200.39501953125,2207.494594771725,2177.203073745698,2186.6691740663314,42632
2016-05-30,2197.96533203125,2223.902508615264,2185.2176810423057,2223.902508615264,22044
2016-05-31,2187.331787109375,2218.222796375642,2177.2030291595916,2208.756696248861,33934
2016-06-01,2199.6064453125,2210.6502303628426,2178.4654853589873,2189.8879760964633,35176
2016-06-02,2165.686279296875,2199.2593555151875,2139.338963157691,2198.6598665608835,56628
2016-06-03,2186.543212890625,2199.290865139858,2165.244485000103,2165.244485000103,10291
2016-06-06,2170.4189453125,2197.712866773506,2166.7902736731753,2172.469933630379,17936
2016-06-07,2173.385498046875,2181.4948539581237,2166.8539799189434,2170.2617151099794,7341
2016-06-08,2160.164306640625,2180.3586559869586,2155.1157193040412,2161.426453474771,12682
2016-06-09,2158.68115234375,2170.892484195612,2148.8049153157144,2167.7371172127696,12529
2016-06-10,2145.523193359375,2172.0912887936756,2139.338643752099,2163.3825998720827,10409
2016-06-13,2141.137939453125,2163.8880175009594,2124.035784749985,2145.523869778113,17151
2016-06-14,2153.22216796875,2162.6882677693156,2130.566697407649,2148.173581408448,13296
2016-06-15,2191.528564453125,2197.8392984504967,2151.9602931037352,2151.9602931037352,21775
2016-06-16,2179.853759765625,2198.754377734964,2155.3996649289143,2189.824750538983,13852
2016-06-17,2143.88232421875,2182.251614183355,2132.3336512590017,2180.3583941594825,62079
2016-06-20,2166.285400390625,2170.5135609095796,2133.658939873356,2133.658939873356,10702
2016-06-21,2188.562744140625,2196.1356256082395,2156.9144719688193,2175.941275027934,27518
2016-06-22,2199.44873046875,2207.4949169154834,2174.079608721419,2174.079608721419,7836
2016-06-23,2183.1669921875,2199.2909494748274,2171.0188284063265,2192.9802150430487,8356
2016-06-24,2142.809814453125,2156.377893089774,2098.3191379934146,2151.960379115051,19567
2016-06-27,2141.137939453125,2162.3103336379645,2120.407111865097,2120.407111865097,16010
2016-06-28,2148.268310546875,2170.7661682076105,2129.935752748887,2133.6590239337643,18926
2016-06-29,2174.30029296875,2186.2906879119623,2152.054954982001,2164.581823958831,37511
2016-06-30,2186.19580078125,2202.445939157556,2164.5815390574257,2164.5815390574257,61000
2016-07-01,2183.1669921875,2206.5482940713728,2156.6303230877384,2189.1937743839817,37612
2016-07-04,2193.264404296875,2200.4901651879914,2175.5627614886475,2192.349378519516,18074
2016-07-05,2218.980224609375,2238.417315848693,2187.3003712240115,2187.3003712240115,60975
2016-07-07,2256.0556640625,2271.8009134864647,2228.9510942262837,2228.9510942262837,29977
2016-07-08,2236.74462890625,2290.795993403344,2230.844032143477,2262.839416443828,27841
2016-07-11,2234.6943359375,2263.9129144686885,2225.7961383436386,2239.048681271117,6477
2016-07-12,2202.698486328125,2249.1139647133623,2196.798042607499,2234.6940302760822,12156
2016-07-13,2231.4755859375,2252.9320819561294,2208.756943094245,2210.01908991887,22072
2016-07-14,2217.6865234375,2250.3131414218806,2199.9850378523133,2227.6890984397755,22295
2016-07-15,2224.439208984375,2237.155276785513,2199.4802243770505,2217.7181846103103,17792
2016-07-18,2252.395263671875,2259.2424707772047,2190.455479348513,2215.067338667036,33855
2016-07-19,2259.968505859375,2281.519755494209,2230.844529290536,2230.844529290536,17741
2016-07-20,2290.259765625,2293.9200218357278,2240.3103720565587,2243.465738777765,16598
2016-07-21,2304.39599609375,2334.9083011048456,2279.4370134846818,2279.4370134846818,38284
2016-07-22,2256.68701171875,2303.039324554288,2249.7767884421555,2288.903341284628,14852
2016-07-25,2253.342041015625,2278.8059128301743,2231.6015944835895,2262.3980053991068,15413
2016-07-26,2252.837646484375,2264.259983635905,2240.500129561879,2240.500129561879,26367
2016-07-27,2242.266845703125,2273.7573451413537,2235.577406373368,2252.9319239951797,6662
2016-07-28,2350.117431640625,2366.525340669265,2231.475627895072,2244.1602653493237,100940
2016-07-29,2326.10498046875,2385.141928171475,2302.1557756236384,2344.437693651814,43905
2016-08-01,2258.201416015625,2362.9910240307913,2256.087258634521,2326.104817007945,36136
2016-08-02,2251.890625,2295.3083477395294,2248.82985765836,2275.0194013914374,28526
2016-08-03,2260.536376953125,2281.4248128833733,2244.9803260700887,2281.4248128833733,17267
2016-08-04,2242.9609375,2281.2986446704135,2237.218262283939,2281.2986446704135,39282
2016-08-05,2316.79638671875,2344.437429487535,2249.8395986043015,2262.3663118080367,128453
2016-08-08,2325.599853515625,2350.117114363272,2308.592457844229,2347.561236526273,53418
2016-08-09,2332.352783203125,2347.0252403582085,2320.96187704924,2325.5055749024887,50656
2016-08-10,2343.08056640625,2388.328491257605,2325.599712718312,2344.4373123746614,42362
2016-08-11,2333.77294921875,2359.9939296314933,2324.054324971121,2343.0812832529728,44283
2016-08-12,2344.56396484375,2363.369983779815,2333.5201798728162,2333.7095327150214,34945
2016-08-16,2319.573486328125,2376.0229720118177,2282.529353922105,2375.9913875272014,53542
2016-08-17,2331.15380859375,2350.748670608527,2271.8644870310595,2325.5057318637373,53045
2016-08-18,2321.75048828125,2514.8905219515,2306.573143078329,2333.55152936194,252021
2016-08-19,2309.85498046875,2341.282468679169,2287.893593883718,2334.9717342622444,27775
2016-08-22,2293.3837890625,2325.3791780169286,2281.9612994695294,2312.2528211439035,19035
2016-08-23,2304.90087890625,2322.981069284238,2283.223447071549,2300.3255969849483,25643
2016-08-24,2301.398681640625,2326.7678034433684,2282.750430432743,2326.7678034433684,32783
2016-08-25,2287.73583984375,2325.3478788323273,2277.765002659126,2325.3478788323273,35323
2016-08-26,2279.87890625,2309.665540763581,2275.6507451638,2292.68972744872,28820
2016-08-29,2250.754638671875,2301.4928732883836,2244.5700891612464,2297.1069444146865,34352
2016-08-30,2257.63720703125,2282.2124457061536,2247.2812533832107,2256.241322568673,43353
2016-08-31,2244.29443359375,2368.8908203523124,2233.5163552177482,2368.8908203523124,35417
2016-09-01,2238.0615234375,2262.701594668746,2222.478849645072,2244.2946563605333,16915
2016-09-02,2242.0546875,2255.5921997734463,2233.516743586832,2241.2430898460802,17955
2016-09-06,2231.47119140625,2255.007519261701,2228.971407662443,2245.268349114618,18481
2016-09-07,2214.363037109375,2246.469808568652,2204.9809999409144,2246.469808568652,19600
2016-09-08,2176.3798828125,2208.324329103021,2156.9015425725315,2208.324329103021,36835
2016-09-09,2162.77783203125,2201.929332898597,2156.4798662070207,2176.412672038723,16525
2016-09-12,2192.4169921875,2200.890101795515,2136.124621257392,2142.6174012612137,36525
2016-09-14,2186.314208984375,2201.2476054971507,2158.849713260019,2191.313618722576,33334
2016-09-15,2179.950927734375,2191.930075366179,2164.692894435266,2186.281388358473,11739
2016-09-16,2188.9111328125,2194.5598201732296,2173.0038205065107,2187.417761586867,28699
2016-09-19,2187.157958984375,2197.806054898953,2175.081324641504,2197.806054898953,6707
2016-09-20,2191.9951171875,2197.8061238325663,2176.6395967228336,2186.7683973613243,15727
2016-09-21,2184.91796875,2202.9030975652167,2176.63967360417,2191.9626990056486,15095
2016-09-22,2187.222900390625,2194.5597739414466,2181.6715414487794,2184.9179316469176,24653
2016-09-23,2184.885498046875,2194.5596770039433,2181.5741167849847,2193.228625378472,26240
2016-09-26,2150.473876953125,2191.151083079605,2144.760198452229,2184.820622138787,21899
2016-09-27,2137.71533203125,2171.8349228359302,2123.139072548129,2170.5363668282557,27752
2016-09-28,2145.084716796875,2168.523557801324,2136.124648573993,2142.617428660844,38770
2016-09-29,2071.261962890625,2164.6930105267993,2064.217232668664,2164.6930105267993,35773
2016-09-30,2092.4931640625,2116.80859338928,2072.527865620135,2090.5778256710564,34935
2016-10-03,2121.93798828125,2152.0320891995734,2095.8695380709682,2095.8695380709682,35581
2016-10-04,2161.479248046875,2166.5111532230258,2104.959558849143,2121.8407891175198,24124
2016-10-05,2145.5068359375,2177.646099641961,2133.1705528994244,2162.1932502386044,15242
2016-10-06,2134.7939453125,2162.063626127188,2126.3858254310044,2149.1105594432443,9571
2016-10-07,2120.21728515625,2145.4417985786326,2110.413124060452,2134.8260399919614,10200
2016-10-10,2144.987548828125,2162.096090306132,2120.250148129215,2120.250148129215,6072
2016-10-13,2119.69775390625,2145.8636877626295,2105.7057819698553,2129.6317385359835,22667
2016-10-14,2098.8564453125,2151.317988876551,2093.954363964169,2123.13938279838,7306
2016-10-17,2094.863037109375,2122.554839787103,2088.0781134995705,2099.2781593508976,7890
2016-10-18,2115.835205078125,2123.139584382192,2092.1365522249293,2097.8827273501993,14078
2016-10-19,2148.785888671875,2162.2584093517185,2103.661060370713,2103.661060370713,27352
2016-10-20,2140.0205078125,2174.367254134376,2129.6970499581794,2167.290186613509,36043
2016-10-21,2136.02734375,2154.888743297445,2126.4504930166618,2126.4504930166618,11926
2016-10-24,2096.1943359375,2142.617719867973,2092.1363478316894,2136.1249388986757,24748
2016-10-25,2085.935791015625,2103.6936110598326,2071.846487470115,2103.6611154506963,145768
2016-10-26,2087.10400390625,2094.7980111437796,2081.0008544839548,2085.480809005094,87057
2016-10-27,2073.924072265625,2090.675478924011,2057.1078329064308,2084.2476891495326,185480
2016-10-28,2074.410888671875,2110.153677277717,2068.1129232457993,2075.2874774515735,112744
2016-11-01,2076.391357421875,2099.765368950076,2053.017345893674,2099.765368950076,37515
2016-11-02,2074.8330078125,2078.728676127195,2051.718645739251,2051.718645739251,159178
2016-11-03,2066.846435546875,2096.518404803756,2035.486280291042,2077.0400671933153,160840
2016-11-04,2083.370361328125,2093.921126695194,2045.9395556011505,2070.547123420457,197848
2016-11-07,2076.65087890625,2094.5710167269613,2062.1396094078245,2088.078236141943,172111
2016-11-08,2092.4931640625,2100.544147833204,2054.964864067808,2076.3910380059556,47188
2016-11-09,2034.8697509765625,2067.9504334283783,1993.283463304591,2061.0356861229693,29622
2016-11-10,2049.932861328125,2103.6606130978303,2043.2452665649425,2067.950324912528,129240
2016-11-11,2040.1614990234375,2076.391246662607,2028.993948036475,2028.993948036475,177692
2016-11-15,1995.588623046875,2081.2283361852833,1941.3414091581703,2077.689802443527,207394
2016-11-16,1988.738525390625,2035.4540460551639,1974.4544093088118,2012.1125335245013,66490
2016-11-17,1946.3731689453125,2012.145063550237,1941.3412643304093,2012.145063550237,11289
2016-11-18,1960.7874755859375,1970.5591432381425,1942.67267899321,1955.625746106519,11828
2016-11-21,1918.584228515625,1980.2981416494024,1909.3320158866072,1957.5734088763763,12641
2016-11-22,1861.86962890625,1944.587581487337,1850.4422728677498,1934.8484116301383,24959
2016-11-23,1868.0703125,1876.4135990019693,1823.4324457417351,1861.9021709115852,102113
2016-11-24,1921.083984375,1938.0625424919788,1854.3706627118104,1869.9208407784477,83179
2016-11-25,1978.2203369140625,1995.62101985106,1913.2925338022392,1921.083870175658,306793
2016-11-28,1984.712890625,1999.1593251679906,1968.0264788334248,1978.2201110551166,13770
2016-11-29,1990.0369873046875,2021.364649502877,1980.2978177093953,1993.283377169785,25678
2016-11-30,1983.90185546875,1995.1992317162703,1968.8061386902475,1990.0375021982682,64951
2016-12-01,1969.8446044921875,1984.1287215342,1954.3594181716403,1983.9015693267113,31597
2016-12-02,1953.41796875,1970.3315348296635,1941.3413338357993,1949.7819483307376,75587
2016-12-05,1967.3448486328125,1983.7391182413924,1937.478060435004,1953.4178671436011,25816
2016-12-06,1971.273193359375,1986.7908756816773,1941.3414112052992,1954.3919636967203,20881
2016-12-07,1993.867919921875,2002.990308317001,1957.5733399764645,1979.6487938932803,61605
2016-12-08,2025.5850830078125,2039.739375407874,1986.7907216936953,1986.7907216936953,50455
2016-12-09,2052.627685546875,2064.704321398856,2014.7748998000225,2025.812627304356,35728
2016-12-12,2036.1685791015625,2048.4723671632673,2022.5012436493116,2048.4723671632673,26770
2016-12-13,2035.161865234375,2047.7902904714688,2003.7043782356614,2019.9038324275452,27586
2016-12-14,2042.7261962890625,2051.718761227722,2025.780133275359,2037.2398281400772,33621
2016-12-15,2048.08251953125,2077.6896606008686,2017.6964350570752,2041.9793695592914,36708
2016-12-16,2065.12646484375,2074.6059891500895,2022.5339137160183,2061.4256111268155,46891
2016-12-19,2055.90625,2073.144612255922,2034.2204286427122,2051.7184386873514,39091
2016-12-20,2051.2646484375,2070.483188043465,2030.292930879836,2036.1689302913676,57928
2016-12-21,2064.1845703125,2083.5330862694473,2036.785070622392,2036.785070622392,58366
2016-12-22,2065.28857421875,2077.008075225792,2045.2259450212705,2077.008075225792,78108
2016-12-23,2079.150634765625,2088.0782079494884,2049.1215249653565,2077.6572635482034,33023
2016-12-26,2033.668701171875,2092.6231805299212,2012.7619794113423,2065.4508304018077,28311
2016-12-27,2047.36865234375,2054.965174365862,2003.347565720653,2034.1882752885451,20424
2016-12-28,2023.150634765625,2055.6145409717487,2015.4242884946345,2054.315984723504,33239
2016-12-29,2018.7027587890625,2037.531821987576,2006.269147703689,2020.553264612906,41514
2016-12-30,2029.5133056640625,2043.6675984753997,2009.5155105603042,2032.8895197299878,23110
2017-01-02,2070.352783203125,2077.040378488031,2016.0082448281764,2016.0082448281764,12590
2017-01-03,2055.80908203125,2074.3783387963967,2038.4733901314105,2074.3783387963967,11162
2017-01-04,2099.115966796875,2106.9073035124834,2054.9650587417595,2065.0938598781113,32410
2017-01-05,2087.396484375,2109.471938595642,2075.774470411958,2101.29113008179,15478
2017-01-06,2038.3759765625,2095.1229741935,2032.8896086509978,2089.571615069848,26884
2017-01-09,2018.443115234375,2055.2571485522667,2012.7944279659403,2055.2571485522667,24738
2017-01-10,2025.1307373046875,2038.4084417487388,2010.9114528742737,2019.9040172894813,19000
2017-01-11,2049.05615234375,2055.386612150322,2021.202192600881,2025.1303557736242,32860
2017-01-12,2081.19580078125,2093.921713983925,2033.8634942805102,2033.8634942805102,50785
2017-01-13,2111.8740234375,2125.3790375414455,2083.8577411416504,2089.9933865390403,54281
2017-01-16,2116.61376953125,2140.0527685726843,2093.921535293653,2114.5361116488693,45927
2017-01-17,2131.839111328125,2142.617188470114,2109.601342023549,2110.1857872749315,40028
2017-01-18,2118.26953125,2142.6174568965516,2105.9982401301945,2139.9878492236962,38573
2017-01-19,2125.995849609375,2139.3385443995235,2102.362193483986,2112.977952338919,36341
2017-01-20,2110.608154296875,2132.7485995107295,2103.6609107698937,2128.300981401344,28249
2017-01-23,2143.75390625,2152.6814798733626,2073.177410472339,2093.921813479594,26455
2017-01-24,2151.44775390625,2164.043684342449,2110.8028856277533,2145.86389941548,36826
2017-01-25,2174.659423828125,2187.4176736566637,2143.494078522242,2143.494078522242,66184
2017-01-27,2179.626220703125,2196.4749529045503,2144.7925198134617,2177.3537477294994,63263
2017-01-30,2167.84228515625,2184.8208443593962,2149.4351872962206,2156.2851030729507,33055
2017-01-31,2155.2783203125,2164.043573309704,2114.406301928565,2164.043573309704,49559
2017-02-01,2150.181640625,2215.2069339460736,2130.0540206093087,2154.8889065964113,337538
2017-02-02,2287.27685546875,2315.974914946156,2142.03338045088,2154.7266401224097,197536
2017-02-03,2349.607421875,2388.5641045903526,2289.4193787828094,2289.4193787828094,135032
2017-02-06,2389.63525390625,2410.639461232061,2314.3514992879327,2375.7082720983435,70433
2017-02-07,2362.398193359375,2392.1026642529278,2345.1923249729452,2376.357671484214,31837
2017-02-08,2316.819091796875,2376.1305515288986,2284.192867048475,2364.833175917607,39492
2017-02-09,2393.953369140625,2401.6797151995165,2323.149559945701,2334.1547921444344,83337
2017-02-10,2404.40625,2418.5605420565394,2378.987079789541,2396.4850901290433,36664
2017-02-13,2374.63720703125,2418.5608049554535,2354.9315542479007,2404.4065113603347,25007
2017-02-14,2368.923828125,2391.908211250659,2360.061086260018,2377.202124545326,22497
2017-02-15,2337.7578125,2382.4930009573895,2324.6099336867246,2368.9231548722087,31170
2017-02-16,2354.08740234375,2360.5153501701257,2325.811311465185,2340.6473783651822,22459
2017-02-17,2346.36083984375,2377.266377162445,2326.3955415842092,2369.8646714576453,19040
2017-02-20,2386.064208984375,2402.3286549594936,2333.7000004924626,2345.1271984448076,21480
2017-02-21,2374.1826171875,2395.80360885765,2360.807583908526,2369.8649813809093,25096
2017-02-22,2364.313232421875,2382.850150170505,2348.828047944695,2370.189229754068,23444
2017-02-23,2403.88720703125,2419.2102338076484,2307.891533737648,2349.120693653586,52865
2017-02-27,2411.321533203125,2451.9662471222055,2395.8361871241846,2395.8361871241846,35614
2017-02-28,2428.20263671875,2436.870403784271,2399.0824520743845,2411.0291050737815,17534
2017-03-01,2421.77490234375,2434.792960408434,2403.627610515206,2430.442828688871,21934
2017-03-02,2364.5732421875,2430.085331599117,2347.1725593891924,2419.2099246645676,20090
2017-03-03,2424.955810546875,2441.057776865448,2328.2782288588833,2373.1109029277522,62326
2017-03-06,2429.631103515625,2434.792832617743,2380.3184643820387,2404.6663927082163,25306
2017-03-07,2438.428955078125,2452.9727214658215,2412.100695779687,2434.727943005973,47414
2017-03-08,2493.292724609375,2499.655522741864,2431.5463181183864,2440.7660348044833,57030
2017-03-09,2554.681640625,2654.248486162417,2481.5730323236403,2491.928984807083,168984
2017-03-10,2531.048095703125,2579.581628738156,2520.529823256756,2541.9884939806248,24520
2017-03-14,2554.0,2580.8800457496777,2515.0433200641555,2565.29737377534,31640
2017-03-15,2544.58544921875,2576.6597187103375,2529.6195597568035,2558.155295884775,31925
2017-03-16,2560.4931640625,2609.0590388552764,2543.2547989021123,2555.5260915165386,58149
2017-03-17,2525.204345703125,2576.627129242032,2502.3497928541806,2560.492666790983,41670
2017-03-20,2533.64501953125,2549.7146496762684,2510.6929793322106,2525.691364206948,28253
2017-03-21,2521.50390625,2535.755528329283,2507.02497343783,2530.3664885901153,15883
2017-03-22,2481.605712890625,2536.696860647699,2467.483915220159,2520.8220439349634,30166
2017-03-23,2484.494873046875,2504.8821397471006,2467.2890052820185,2467.2890052820185,21860
2017-03-24,2481.183349609375,2496.473878016508,2468.619915579413,2484.494730773006,14669
2017-03-27,2452.06396484375,2526.2763317916915,2438.980914797937,2487.35213776492,33003
2017-03-28,2468.75,2495.759872195213,2430.7672334783233,2458.6211988548257,23306
2017-03-29,2450.245361328125,2507.8037929327397,2434.0459068437167,2480.306964593409,116549
2017-03-30,2455.764404296875,2500.889228846824,2435.5069608062586,2486.7349356302852,71066
2017-03-31,2477.482666015625,2506.018403996508,2444.5967968963105,2463.360868731778,26434
2017-04-03,2458.00439453125,2495.0132436333515,2451.024655446204,2480.047352775875,21215
2017-04-05,2495.43505859375,2508.7452578967095,2458.0042444478236,2460.7636760106325,46826
2017-04-06,2525.85400390625,2537.8981437700572,2488.0660520536367,2504.2655081463677,23285
2017-04-07,2485.436279296875,2543.1246952148254,2467.256494599824,2510.17383545142,31450
2017-04-10,2414.567626953125,2510.0438329373324,2410.769287131846,2500.337158245903,43928
2017-04-11,2428.20263671875,2447.7783069879374,2402.3288424019547,2402.3288424019547,46259
2017-04-12,2425.281005859375,2445.7332659386925,2408.497103626315,2430.247919901145,25756
2017-04-13,2429.078857421875,2439.9867596844288,2415.6713299318467,2439.9867596844288,16996
2017-04-17,2425.475341796875,2454.2383894276504,2415.963482328405,2447.7781049121436,31263
2017-04-18,2446.38232421875,2477.6449984105607,2425.475444537445,2443.8825403609408,40985
2017-04-19,2418.333984375,2471.9144377308535,2407.0466371321913,2446.4841244072386,55430
2017-04-20,2457.32958984375,2464.8431449071686,2386.5800589247815,2417.9261305627288,48177
2017-04-21,2443.900390625,2480.4820950746453,2430.913316978055,2463.4831772081798,18076
2017-04-24,2443.5947265625,2450.564283695652,2428.839697345037,2444.4106415136584,17777
2017-04-25,2471.982177734375,2481.1615916800256,2446.483805663122,2446.483805663122,18415
2017-04-26,2465.591064453125,2481.570046956145,2434.993012851597,2456.309555864296,27040
2017-04-27,2427.1396484375,2478.374289910526,2394.263673196353,2465.591235823669,46429
2017-04-28,2419.01416015625,2436.1490367715764,2409.154787444468,2430.8453410083634,15704
2017-05-02,2469.432861328125,2475.144431474639,2421.529942761927,2421.529942761927,25394
2017-05-03,2498.501220703125,2521.4157312870316,2475.0086804466487,2475.0086804466487,31626
2017-05-04,2544.83984375,2549.1236041052885,2485.3097682434036,2485.3097682434036,44008
2017-05-05,2515.56787109375,2549.8376223359232,2492.483208348826,2549.1576656366337,24823
2017-05-08,2557.55517578125,2566.462508864054,2516.5537539576526,2549.1576442135747,28980
2017-05-09,2568.876220703125,2577.443740885147,2536.952289223876,2563.0965891848678,22617
2017-05-10,2552.863525390625,2573.5343096961315,2534.6746827659194,2549.837751126967,16334
2017-05-11,2575.2001953125,2583.835612711867,2552.8635499953207,2572.956304868869,15387
2017-05-12,2561.770751953125,2572.581996463546,2550.8233833064364,2550.8233833064364,4621
2017-05-15,2545.65625,2577.036188906155,2539.672597151921,2575.6082132701677,6616
2017-05-16,2638.09619140625,2650.4713708655127,2549.8377734083306,2549.8377734083306,106949
2017-05-17,2565.171142578125,2617.8677962942393,2552.1839008731527,2617.8677962942393,49561
2017-05-18,2566.25830078125,2583.1552897816005,2542.391922187029,2566.8363303304927,27412
2017-05-19,2501.390625,2574.417905692782,2481.841870540265,2549.9394653258096,35106
2017-05-22,2454.473876953125,2499.589073692665,2430.8453799037115,2498.9091169430417,39523
2017-05-23,2449.714111328125,2495.135254136165,2415.6482127208296,2460.7293771635473,46175
2017-05-24,2414.79833984375,2452.229992198852,2403.647115525939,2430.8453855743232,17242
2017-05-25,2417.382080078125,2447.810143075774,2394.127593625067,2407.7607589624554,59387
2017-05-26,2418.878173828125,2429.9615025021676,2412.6566357161532,2417.382302118669,8960
2017-05-29,2424.86181640625,2449.9861860270034,2363.5297485376173,2421.394136458792,10985
2017-05-30,2407.62451171875,2425.3712802470423,2366.2490841753356,2396.2352381095725,19191
2017-05-31,2396.813720703125,2413.8466719697303,2380.528788328458,2394.9098084368934,14528
2017-06-01,2430.947021484375,2468.208680188139,2391.1356912740634,2400.178982177812,23258
2017-06-02,2467.359130859375,2484.5620705698084,2413.88059659082,2444.240600372409,34514
2017-06-05,2501.560791015625,2512.440098614497,2467.1549143321686,2490.681483416753,22779
2017-06-06,2490.749755859375,2512.440310814581,2476.504528464906,2481.9782137639063,26141
2017-06-07,2507.71435546875,2512.440021360691,2483.337841227545,2491.497321675807,18264
2017-06-08,2512.27001953125,2519.239575712371,2475.994263152372,2475.994263152372,11475
2017-06-09,2501.220703125,2515.8057410350484,2488.675535300414,2488.675535300414,34906
2017-06-12,2491.055419921875,2505.6404580438057,2481.4679639788988,2495.441107468322,10219
2017-06-13,2487.45166015625,2498.8409351668743,2481.842017240569,2490.0014978451954,9896
2017-06-14,2472.016845703125,2490.5456675156934,2462.8714604315132,2487.4858620787554,10802
2017-06-15,2466.304931640625,2485.2417925494888,2447.8441732361584,2458.757511709515,14304
2017-06-16,2517.743896484375,2522.979530277875,2457.0237252820643,2480.482233244492,134603
2017-06-19,2489.253662109375,2538.482631647194,2481.740272637474,2519.2398219385254,9980
2017-06-20,2482.9638671875,2493.741247501698,2468.2428707378767,2482.4538996522238,28902
2017-06-21,2489.287353515625,2510.94403999356,2467.596802008014,2482.521817807518,13334
2017-06-22,2491.9052734375,2570.236249752765,2482.521838054853,2500.574721105317,44114
2017-06-23,2453.2158203125,2516.0779528190787,2448.762236534055,2508.836314039926,10827
2017-06-27,2433.802978515625,2485.24163431216,2407.7606047963786,2461.6131399777287,12484
2017-06-28,2440.5009765625,2461.375617662091,2427.4458388654166,2461.375617662091,31631
2017-06-29,2434.00732421875,2453.794133756861,2424.4200328177185,2447.8785427213174,64409
2017-06-30,2454.269287109375,2481.841560108296,2415.2738761720598,2415.2738761720598,68876
2017-07-03,2434.2451171875,2461.7833650216044,2405.278893804417,2434.2791482253447,62156
2017-07-04,2431.899169921875,2443.0844244420086,2417.4160590029087,2436.964814138647,22831
2017-07-05,2460.525634765625,2464.8093958533823,2423.264134523114,2424.0460184496146,12234
2017-07-06,2468.651123046875,2474.2267353767616,2443.050650975734,2460.593568895923,11465
2017-07-07,2457.669189453125,2477.761940918164,2434.9587045854723,2477.761940918164,13968
2017-07-10,2463.279052734375,2481.3999980160916,2452.6037659670783,2464.8089552776037,3858
2017-07-11,2469.501220703125,2492.7216794933174,2448.0145189841287,2455.324054732779,48239
2017-07-12,2503.0908203125,2509.040441956706,2461.5115308810173,2461.5115308810173,14331
2017-07-13,2513.969970703125,2519.239635257307,2479.1562200107023,2488.6756140440634,20747
2017-07-14,2502.002685546875,2526.039222070077,2493.2653412727636,2496.8351140630375,34717
2017-07-17,2499.656982421875,2522.6395538765346,2488.641716223212,2502.240851284541,13379
2017-07-18,2492.109375,2519.239581008843,2480.89008941656,2498.8408799480426,18825
2017-07-19,2510.978271484375,2515.8398956915926,2481.8760903007683,2481.8760903007683,18088
2017-07-20,2478.1025390625,2515.8401411802033,2468.2431655362534,2499.657136260245,11213
2017-07-21,2501.084716796875,2505.6403934020504,2471.6425590275317,2490.51135710539,13582
2017-07-24,2501.084716796875,2536.2384443391174,2478.4421259024352,2498.840826527147,76577
2017-07-25,2468.684814453125,2499.2490020116766,2441.0446400148694,2488.641610711538,58950
2017-07-26,2459.13134765625,2491.871194762054,2448.4899262173467,2477.966114126408,12954
2017-07-27,2457.90771484375,2479.394248730781,2441.0447540935666,2475.0425918943124,22508
2017-07-28,2450.1904296875,2465.9653950958746,2441.0450434360896,2461.4097174915933,5019
2017-07-31,2463.244873046875,2479.767852717624,2423.365482228713,2450.2237697001033,11170
2017-08-01,2458.11181640625,2475.0086427492674,2437.7131130508446,2463.2453572799686,8334
2017-08-02,2474.362548828125,2485.2418565448743,2449.7821793576195,2467.2910652142627,19005
2017-08-03,2458.553466796875,2494.4211831416264,2451.9238888942905,2474.2605331527125,20033
2017-08-04,2450.05419921875,2475.042610186984,2441.0447721349647,2447.8443397453684,20869
2017-08-07,2444.6142578125,2472.288461533253,2438.052742241669,2458.043402264707,8578
2017-08-08,2426.49365234375,2461.4433618531207,2400.8591508264794,2451.719947416059,17425
2017-08-09,2415.818115234375,2426.6295264667865,2391.985765484349,2420.6458742507734,11350
2017-08-10,2342.757080078125,2462.089496273539,2315.6609017017554,2415.9204968085114,35816
2017-08-11,2350.6103515625,2379.882521192428,2332.2174893161414,2345.8506545821883,20814
2017-08-14,2441.792724609375,2464.8431917801345,2379.84859896013,2381.20851244525,20676
2017-08-16,2422.51611328125,2451.244288366825,2396.847743826091,2447.1645475262703,11764
2017-08-17,2385.560302734375,2413.8125401702596,2379.88276321922,2403.647219500966,19835
2017-08-18,2333.95166015625,2371.077366949986,2326.200219223748,2362.8498234648127,32910
2017-08-21,2323.989990234375,2359.7556117699514,2318.6522639285904,2334.6312458061043,11262
2017-08-22,2325.621826171875,2347.856376324661,2292.9839056525416,2323.9899965479276,30626
2017-08-23,2335.7197265625,2347.958949258459,2313.2471205780703,2325.6223014363013,15457
2017-08-24,2336.535400390625,2359.381847462082,2320.386427666837,2335.7194854961203,15508
2017-08-28,2356.18603515625,2368.9011928470422,2329.7357846763925,2336.4672899229704,27959
2017-08-29,2350.270263671875,2357.2738506746555,2318.65227806194,2352.7520391510657,24633
2017-08-30,2329.02197265625,2363.597841498852,2320.45445078222,2349.9306437486316,23457
2017-08-31,2326.404052734375,2338.3713584234797,2303.1495641389133,2328.8519635360335,35159
2017-09-01,2363.156005859375,2375.769238653128,2321.5086487135527,2328.6481956528364,14944
2017-09-04,2435.536865234375,2451.3119936591697,2344.7287797129384,2364.209472989127,21497
2017-09-05,2385.050537109375,2468.2433226651515,2373.729322155384,2447.1646606809586,31719
2017-09-06,2403.341064453125,2430.0972618553014,2366.2493920746215,2379.4066210446463,14069
2017-09-07,2404.802978515625,2433.3271306686183,2390.0479504012164,2424.045787533524,9212
2017-09-08,2411.364501953125,2423.331640232902,2390.0477930723505,2413.846277498391,13401
2017-09-11,2385.35595703125,2418.911717638184,2371.6887621546616,2407.7264641025395,16755
2017-09-12,2346.598876953125,2399.63550504938,2333.71356334876,2383.2484804791497,29829
2017-09-13,2341.260986328125,2373.0489631264522,2333.339556907678,2372.369006403493,29663
2017-09-14,2352.854248046875,2362.815547493909,2334.8013641091766,2349.216413228985,11932
2017-09-15,2405.85693359375,2413.1664685435508,2338.8471637134003,2359.4498861217585,22144
2017-09-18,2424.759765625,2434.2451289459977,2395.4875947700416,2404.3270323891193,12404
2017-09-19,2442.846923828125,2454.5761795534168,2421.3603868561518,2424.9641913814626,15693
2017-09-20,2426.45947265625,2458.043427619255,2396.1673689986874,2450.563904049736,20463
2017-09-21,2403.85107421875,2429.4854098821534,2382.704353395417,2426.765582946937,19163
2017-09-22,2381.650146484375,2403.8168001674794,2363.393409630434,2396.8472443505734,11883
2017-09-25,2365.671630859375,2410.9908511161652,2347.006849927678,2375.0890989276377,12800
2017-09-26,2391.0,2396.8476948206,2339.085398468421,2339.085398468421,11163
2017-09-27,2410.92236328125,2422.6856470277494,2383.248159649807,2383.248159649807,20923
2017-09-28,2443.288330078125,2501.5946144009513,2336.3651439584223,2423.365566490424,34539
2017-09-29,2471.47265625,2481.162039385446,2411.398414408212,2411.398414408212,20620
2017-10-03,2466.03271484375,2549.837369728838,2449.2037882035397,2549.837369728838,37336
2017-10-04,2470.044921875,2484.868012828465,2441.7588195284134,2441.7588195284134,26140
2017-10-05,2450.665771484375,2473.0024145479,2441.044450983492,2469.602631189984,17581
2017-10-06,2446.7900390625,2468.2427051415298,2420.7816965083225,2462.7011246986713,22249
2017-10-09,2405.27880859375,2439.65065361447,2390.1159067077956,2427.4454638251,27432
2017-10-10,2403.8173828125,2417.5184465324296,2386.5465457357313,2407.081208796913,23280
2017-10-11,2384.30224609375,2416.5321279003983,2374.0008022847796,2407.8967108429683,16449
2017-10-12,2434.142822265625,2441.0443156976858,2385.9678283518606,2394.569213368669,23702
2017-10-13,2442.94873046875,2447.844386039815,2428.227566710773,2441.0448183008157,5995
2017-10-16,2448.013916015625,2458.757264228937,2403.680775874721,2458.757264228937,8871
2017-10-17,2409.256591796875,2456.003615203644,2403.646948988063,2456.003615203644,17713
2017-10-18,2437.440673828125,2443.0162853944985,2415.138061557582,2426.7653871696325,10048
2017-10-19,2414.4921875,2444.3762509772896,2407.0466949074407,2444.3762509772896,2021
2017-10-23,2385.865966796875,2414.5260733009795,2373.898663309503,2413.8461166484026,18646
2017-10-24,2394.3994140625,2410.446458296906,2373.7287971550068,2392.0876277259563,7621
2017-10-25,2430.777587890625,2433.8373936038806,2353.12655165747,2413.8467293459785,24754
2017-10-26,2392.291748046875,2444.3763329099725,2380.528463654426,2410.44655917022,23148
2017-10-27,2397.323486328125,2415.852307812417,2389.368025534048,2396.1675930512192,13936
2017-10-30,2394.19580078125,2418.9461603061786,2379.8486468226633,2397.3235022568906,12214
2017-10-31,2379.3388671875,2406.9111490316404,2371.3834057122017,2385.730394798917,22921
2017-11-01,2401.87890625,2408.474618839659,2379.1684195757603,2385.9679863650595,9748
2017-11-02,2402.865234375,2420.646037037165,2387.3281561903054,2400.247334477863,13956
2017-11-03,2418.674072265625,2427.445447396211,2383.3163234520107,2383.3163234520107,11066
2017-11-06,2395.6572265625,2442.2682873320477,2388.8576601775926,2424.0113851865563,13032
2017-11-07,2478.1025390625,2515.1601843852895,2390.116196202715,2390.116196202715,90982
2017-11-08,2485.241455078125,2498.772525462993,2435.604621638808,2435.604621638808,39872
2017-11-09,2492.211181640625,2515.1256881903255,2465.522882376074,2465.522882376074,17819
2017-11-10,2475.416259765625,2576.3557930678962,2395.52135195737,2467.290810853369,78387
2017-11-13,2477.932373046875,2515.839961658349,2447.8442870189338,2475.4165662862297,17414
2017-11-14,2474.97412109375,2495.4408824718976,2458.621296616188,2475.0421831601384,16731
2017-11-15,2468.038818359375,2481.773910596147,2458.043487999227,2479.9380606940877,8518
2017-11-16,2480.8564453125,2488.6078865225522,2458.757849049978,2458.757849049978,22013
2017-11-17,2480.991943359375,2492.7211961234584,2473.6824090281348,2479.190124554159,12228
2017-11-20,2490.919677734375,2498.1611508687524,2458.077732833045,2480.9922425782147,20372
2017-11-21,2517.67578125,2522.6394986397104,2483.202007825397,2483.202007825397,36789
2017-11-22,2514.581787109375,2522.8093295271033,2492.551256576775,2517.199686789121,10373
2017-11-23,2517.335693359375,2519.2396053444522,2491.395411328498,2498.840904086602,10565
2017-11-24,2524.5771484375,2562.7566484484246,2502.240505781428,2503.600419099788,33730
2017-11-27,2509.1083984375,2544.228097177242,2502.240769055188,2531.2069921859493,11726
2017-11-28,2518.050048828125,2522.6397572814,2488.4719276847986,2509.10868320637,21730
2017-11-29,2543.990478515625,2549.838173796233,2512.066537780714,2515.8403314789502,20825
2017-11-30,2511.79443359375,2551.911884527866,2465.5233404594023,2521.7217032049084,14901
2017-12-01,2519.1376953125,2555.24329718055,2509.074302756083,2509.074302756083,14341
2017-12-04,2540.99853515625,2553.2377574288785,2488.6078310604557,2532.8390536411644,14863
2017-12-05,2552.251708984375,2583.1557102745373,2528.1472752390255,2538.380491589916,36208
2017-12-06,2529.337158203125,2570.882415619603,2519.171672085788,2546.506065973056,41872
2017-12-07,2536.408203125,2549.1573898574156,2507.0000790622275,2507.0000790622275,29272
2017-12-08,2570.100341796875,2595.8706340635094,2532.158725120641,2542.5280646904826,30779
2017-12-11,2630.344482421875,2645.03161382612,2583.6655204719277,2583.835509650194,30936
2017-12-12,2620.281494140625,2634.8325027213673,2593.8651070338933,2626.6730214226172,21798
2017-12-13,2624.462890625,2634.8322303703285,2591.3490323114215,2591.3490323114215,23237
2017-12-14,2651.7294921875,2657.9510302692174,2611.713969624984,2614.433796721704,30264
2017-12-15,2658.426513671875,2665.430100453156,2638.231834122001,2638.231834122001,21258
2017-12-18,2682.361328125,2693.308698248765,2632.1125904874953,2632.1125904874953,26796
2017-12-19,2776.09326171875,2794.6220820927224,2675.493699531533,2682.2932666412476,72846
2017-12-20,2748.079345703125,2832.0199766355213,2728.5305883614033,2787.142829346699,38654
2017-12-21,2760.318359375,2801.7955536430277,2747.093234259429,2755.8646096200746,24372
2017-12-22,2706.057861328125,2770.78971038063,2698.6802642280877,2753.4167823101066,16913
2017-12-26,2726.21826171875,2739.545479123705,2708.3355337382395,2713.0271684545996,14668
2017-12-27,2735.43212890625,2743.1837358976604,2700.1084069471285,2739.5459006774063,7313
2017-12-28,2761.67822265625,2819.7804906183287,2700.4480874103433,2753.7566273416883,32045
2017-12-29,2786.49609375,2796.219672621912,2764.9755331292995,2764.9755331292995,15950
2018-01-01,2765.2138671875,2808.3572519428653,2748.894906638536,2787.822427114711,6804
2018-01-02,2719.996826171875,2764.5680216641344,2713.911246825111,2753.8587034934685,68279
2018-01-03,2830.69384765625,2868.159531411747,2719.827031104891,2719.827031104891,98373
2018-01-04,2761.13427734375,2847.556843690462,2753.824742533322,2830.693717665914,24576
2018-01-05,2788.944580078125,2816.890869334451,2757.9046203658277,2757.9046203658277,68647
2018-01-08,2794.826171875,2815.0210206971005,2783.6749472771653,2808.663358511614,45766
2018-01-09,2754.538818359375,2807.8475270283143,2740.225695606867,2805.433481365808,32631
2018-01-10,2785.986572265625,2834.1957699483664,2717.2430465830967,2759.2644056263234,52460
2018-01-11,2820.052978515625,2859.218559550264,2768.1043414813616,2768.1043414813616,47840
2018-01-12,2805.025146484375,2848.134665409031,2782.3827219470554,2798.0217255161615,26001
2018-01-15,2766.369873046875,2821.8203765386643,2753.892766888588,2791.222324262944,9139
2018-01-16,2781.737060546875,2817.332696361775,2739.7497317587627,2760.6584015601306,25793
2018-01-17,2785.23876953125,2800.401671149114,2764.0239876705473,2792.5821690929733,14596
2018-01-18,2737.94775390625,2801.3537202166435,2713.0614367054236,2801.3537202166435,11688
2018-01-19,2783.776611328125,2821.1401967854335,2715.610955814088,2725.5382234978933,16975
2018-01-22,2861.258056640625,2864.6578404531733,2781.8731046176226,2800.5038535083595,34273
2018-01-23,2887.0625,2905.931299842129,2813.899087183088,2889.1362352867036,53780
2018-01-24,2915.24658203125,2977.666812567785,2870.1655810966477,2906.8151845062894,82482
2018-01-25,2876.760498046875,2927.859506542447,2831.4075881298877,2927.213414912822,48984
2018-01-29,2860.0,2935.373271675415,2835.41963004088,2835.41963004088,26336
2018-01-30,2802.33984375,2861.6660707323267,2791.9024411396213,2845.619024882931,20100
2018-01-31,2844.020751953125,2855.81806679775,2774.6992013660324,2806.3512181407173,35226
2018-02-01,2861.22412109375,2883.8326828900244,2828.721989440697,2835.4534948216224,52194
2018-02-02,2850.92236328125,2869.6553698635694,2823.5541056807365,2855.8181844014116,50521
2018-02-05,2878.86865234375,2896.4794647568897,2779.357087290452,2885.736281526975,45086
2018-02-06,2838.037109375,2889.13578484905,2781.8045620247176,2855.817909241236,58661
2018-02-07,2785.646728515625,2838.139523322677,2764.1601944490453,2832.0199124674054,171193
2018-02-08,2782.9267578125,2798.0217630415073,2747.0250115887457,2781.7368336119353,83924
2018-02-09,2766.845703125,2784.4226499915585,2717.786894265265,2717.786894265265,34297
2018-02-12,2755.660888671875,2767.628194747448,2741.5858161204865,2766.846144824823,14832
2018-02-14,2729.584228515625,2760.93013259275,2709.96741143741,2750.424834842385,31833
2018-02-15,2742.87744140625,2759.9444220713926,2727.2724673427792,2735.9759468612383,16673
2018-02-16,2749.40478515625,2763.071980575615,2724.2804194920373,2742.2992711815737,22759
2018-02-19,2720.40478515625,2743.625239679897,2710.987318613073,2743.625239679897,144159
2018-02-20,2756.782470703125,2774.2232933882146,2719.350821742061,2724.5864550506312,20617
2018-02-21,2769.293701171875,2793.262175290421,2734.785898008294,2774.2233873381006,82197
2018-02-22,2781.430908203125,2794.622001614076,2746.991002181176,2782.348750133471,29447
2018-02-23,2741.78955078125,2781.70297756138,2723.226698883727,2773.1015913439587,103709
2018-02-26,2720.7451171875,2758.0746778583643,2687.019194632183,2741.9257043978687,117651
2018-02-27,2632.31640625,2747.0590993897767,2617.833295337124,2732.7119466159074,53762
2018-02-28,2680.117431640625,2711.769283652862,2579.7557549511007,2624.6328977625853,50510
2018-03-01,2621.60693359375,2699.087961797665,2610.523606835038,2699.087961797665,35921
2018-03-05,2556.093017578125,2616.4391705512708,2543.0378830373375,2566.9044279673253,38375
2018-03-06,2559.153076171875,2594.0348891403573,2529.439000682078,2577.0359711250208,41024
2018-03-07,2603.962158203125,2617.1532513428183,2541.6780601505466,2553.2373236664803,117952
2018-03-08,2632.41845703125,2645.643582268295,2588.629309890298,2624.6329856504753,24476
2018-03-09,2646.459716796875,2655.197061377586,2620.5532983792164,2645.031741228633,7506
2018-03-12,2675.187744140625,2687.2569757239517,2623.374910116892,2651.0831460053737,15476
2018-03-13,2673.658203125,2683.1095362551396,2649.315716452638,2675.630011445508,6765
2018-03-14,2679.47119140625,2695.8922446276074,2653.8708891237925,2653.8708891237925,12561
2018-03-15,2667.265869140625,2691.2683716491656,2661.35027959445,2675.6293689842005,21312
2018-03-16,2643.90966796875,2685.080912837723,2628.0326128191673,2668.830014311832,37305
2018-03-19,2638.266357421875,2672.2301656390973,2585.229728180183,2643.6719806628016,22342
2018-03-20,2582.373779296875,2632.792505319814,2567.9246985277514,2621.9131974465918,29828
2018-03-21,2603.38427734375,2632.5204890371033,2583.903583825199,2583.903583825199,24038
2018-03-22,2594.7490234375,2612.5638573226606,2555.209438297778,2584.3116207846033,21714
2018-03-23,2581.931640625,2590.6691509353413,2538.6184304828334,2557.317240403358,21887
2018-03-26,2548.851806640625,2582.4756333845485,2526.107287462302,2566.836628758997,18583
2018-03-27,2562.145263671875,2575.3023280419643,2532.8730904686126,2537.530694907736,24848
2018-03-28,2546.676025390625,2583.801563541276,2522.6394883916605,2559.6630994340244,93622
2018-04-02,2677.9755859375,2719.112968653513,2556.637339044753,2576.322053440907,35671
2018-04-03,2740.83740234375,2761.270134429826,2652.5110931993486,2652.5110931993486,33414
2018-04-04,2667.606201171875,2741.619557391265,2641.9718657360963,2737.573848062067,22427
2018-04-05,2664.614013671875,2718.466544330543,2635.579899438436,2685.5905756227817,27180
2018-04-06,2636.940185546875,2675.629655974574,2620.5531624208406,2675.629655974574,14725
2018-04-09,2671.82177734375,2692.4585294885524,2636.940131610571,2636.940131610571,11836
2018-04-10,2671.31201171875,2722.512788045899,2637.0762890588285,2671.821979279767,32324
2018-04-11,2683.38134765625,2701.842273681268,2624.837168992919,2672.2641539996507,28513
2018-04-12,2725.84423828125,2751.5804974608277,2675.9353213825098,2685.148767040697,32277
2018-04-13,2740.76953125,2783.5387417724796,2720.7787044358324,2752.396691351402,17485
2018-04-16,2812.87890625,2820.562284061592,2740.2254673452885,2740.2254673452885,30823
2018-04-17,2797.3759765625,2833.9917145021577,2770.7557358020717,2808.8333143741665,88474
2018-04-18,2804.957763671875,2835.419693764862,2768.3420256848985,2804.821639515601,19263
2018-04-19,2816.992919921875,2852.112621736222,2774.257735257751,2791.2226239734564,26523
2018-04-20,2927.92724609375,2956.791539145393,2820.4263636418264,2820.4263636418264,70365
2018-04-23,2886.34814453125,2966.651097623469,2866.255556745155,2928.199678841309,54999
2018-04-24,2856.837890625,2948.768163334425,2845.2786274712153,2919.700016285938,25505
2018-04-25,2881.99658203125,2923.133963938267,2840.2811705053336,2860.1018426585088,28776
2018-04-26,2848.202392578125,2913.614357635258,2835.929307376255,2910.21457425412,23965
2018-04-27,2936.324951171875,2949.6521689133856,2852.4183606711968,2852.4183606711968,33760
2018-04-30,2930.681396484375,2974.810519271084,2906.814850259174,2927.281613033779,30708
2018-05-02,2861.019775390625,2949.516074515515,2852.3164623341663,2913.6144931449844,26867
2018-05-03,2904.061279296875,2921.7059569335424,2852.4864958034595,2855.818217321645,326038
2018-05-04,2839.193115234375,2929.7296170212485,2829.401804986195,2893.2158087924895,36365
2018-05-07,2881.89453125,2907.358710329958,2855.818125535058,2855.818125535058,18343
2018-05-08,2872.952880859375,2906.0327044490514,2866.9351982923768,2883.0161061617596,12641
2018-05-09,2903.0751953125,2923.133918409284,2872.817121488538,2876.2169050642638,46566
2018-05-10,2875.197021484375,2927.2137111245675,2845.6189038458338,2893.2158747584285,25163
2018-05-11,2799.82373046875,2887.368158442743,2791.222344335853,2873.7009619259443,23417
2018-05-14,2791.732421875,2820.834437924689,2719.8269956767945,2772.8636220924923,30237
2018-05-15,2702.52197265625,2787.142551943496,2679.7093918539445,2787.142551943496,38364
2018-05-16,2719.045166015625,2736.146012189784,2685.455202346437,2695.348606441427,15794
2018-05-17,2710.919189453125,2774.2232220243764,2692.6624524112135,2744.2032013547346,9267
2018-05-18,2626.0947265625,2748.826912036937,2618.0373391967128,2713.027257855972,22746
2018-05-21,2597.2646484375,2639.7959739376843,2583.8355033870016,2626.094746599585,39281
2018-05-22,2577.070068359375,2614.671709176186,2553.611560895631,2590.6351720830494,25144
2018-05-23,2604.8125,2634.8325254687957,2577.71615588444,2603.4525864384677,11770
2018-05-24,2648.49951171875,2653.837072418591,2585.9773579147604,2606.954089328728,9412
2018-05-25,2637.68798828125,2651.8311207931574,2628.746624109315,2648.805346689673,32870
2018-05-28,2620.485595703125,2668.150636524209,2583.835988479101,2668.150636524209,14042
2018-05-29,2590.056884765625,2651.5250673755063,2570.7802127619684,2634.8320979154455,6538
2018-05-30,2559.22119140625,2583.8355920027375,2547.9338432075815,2581.7957217985245,18045
2018-05-31,2681.00146484375,2790.2025878077175,2512.4742800826775,2573.636357951069,107980
2018-06-01,2599.644287109375,2652.5789792228848,2580.435511562173,2648.431177215985,31279
2018-06-04,2562.994873046875,2613.787605722307,2524.7811734120937,2599.6785040899617,21585
2018-06-05,2531.138916015625,2582.815627262687,2515.907951734305,2568.230588670943,22555
2018-06-06,2561.56689453125,2566.8365589901036,2514.8198711059335,2532.838723771692,12366
2018-06-07,2606.035888671875,2611.033636644033,2551.8774058138165,2579.8915876726337,17194
2018-06-08,2617.459228515625,2681.477250027141,2563.4707341153744,2593.35479722746,64891
2018-06-11,2686.2705078125,2715.746693180303,2584.549098827694,2617.832941598439,50626
2018-06-12,2712.21142578125,2733.426042462033,2655.2310188592633,2696.0284224780994,15669
2018-06-13,2720.098876953125,2726.626528060732,2688.990856090587,2699.768236824224,17459
2018-06-14,2725.74267578125,2745.597380301263,2675.7658530930476,2726.4906946316733,13091
2018-06-15,2793.159912109375,2819.780147801994,2700.345832009309,2702.8956693746954,25927
2018-06-18,2823.35009765625,2864.827454741452,2770.823444626219,2770.823444626219,27544
2018-06-19,2798.19189453125,2854.458313162551,2726.7964388661553,2787.822554541796,27199
2018-06-20,2756.612548828125,2804.4133724668313,2732.984053289212,2787.8224952386527,18224
2018-06-21,2752.36328125,2764.0244743152502,2723.227065100265,2736.860232547289,17239
2018-06-22,2774.7333984375,2806.1813968882097,2730.1281709897125,2747.0251619647124,24479
2018-06-25,2741.381591796875,2794.9960818535533,2727.306520293308,2787.1427142064995,15050
2018-06-26,2760.21630859375,2779.3231592834486,2723.294790621264,2753.1448249391274,8827
2018-06-27,2756.44287109375,2777.215418009792,2745.699520721619,2764.02432282197,13349
2018-06-28,2827.396240234375,2882.982703555627,2728.020463390959,2764.024139460408,40509
2018-06-29,2770.61962890625,2848.98480731906,2743.6253801759153,2848.98480731906,22984
2018-07-02,2753.994873046875,2801.421857157737,2740.2938107057644,2757.2586987028294,13348
2018-07-03,2722.478759765625,2760.4203795447634,2692.628724899198,2760.4203795447634,20805
2018-07-04,2666.14404296875,2722.7844648446417,2651.8309223535007,2722.7844648446417,14606
2018-07-05,2631.466552734375,2715.7471554673075,2619.193300666016,2666.7562403054994,15339
2018-07-06,2569.726318359375,2642.277663915776,2565.102579670545,2634.832171368017,31062
2018-07-09,2645.167236328125,2651.8308444716504,2567.584284814681,2577.0356155250142,20119
2018-07-10,2694.90673828125,2705.3780061663624,2628.2709746358078,2657.951021326877,19263
2018-07-11,2654.7548828125,2710.307310030326,2638.469953626348,2692.1184689507195,11277
2018-07-12,2640.986083984375,2678.4177367823618,2627.8288542907685,2655.2992069677007,13850
2018-07-13,2677.8740234375,2697.7287297217695,2631.33101150948,2648.3299323016777,21140
2018-07-16,2663.62841796875,2722.4785369492315,2640.475859368976,2689.2287210605164,18402
2018-07-17,2639.320068359375,2682.0212175325855,2617.8333696248465,2668.830123578577,16867
2018-07-18,2680.253173828125,2718.466704608862,2626.706587287868,2647.5812233793786,30952
2018-07-19,2628.2705078125,2685.828771927874,2601.174168863312,2681.749032021148,25642
2018-07-20,2640.442138671875,2677.6357409528287,2549.837898672383,2634.8324952947955,34025
2018-07-23,2643.705810546875,2672.229962312532,2624.802980156985,2624.802980156985,15671
2018-07-24,2626.672607421875,2664.614222681942,2611.3735823980614,2650.097081423994,31510
2018-07-25,2639.115966796875,2685.8289587776426,2621.3349995300364,2628.0326394115414,31782
2018-07-26,2639.829833984375,2685.8288361302584,2611.8835485532545,2641.6997148196556,48649
2018-07-27,2661.89501953125,2684.945489564435,2619.1936975947833,2648.4318411556806,15190
2018-07-30,2660.33056640625,2682.429158970647,2623.2048644960423,2682.429158970647,18371
2018-07-31,2637.07568359375,2682.428755072938,2628.5081641337115,2642.447274267804,33122
2018-08-01,2622.52490234375,2655.5708640194475,2602.8742203217116,2655.5708640194475,29128
2018-08-02,2631.73828125,2660.636439956137,2590.97491175847,2644.9634053862696,35172
2018-08-03,2700.244140625,2719.7928966678833,2616.4735044526833,2624.6329852357994,55588
2018-08-06,2748.151611328125,2768.9945711209944,2715.6041160634095,2722.282320791932,31840
2018-08-07,2752.334228515625,2768.2915885689586,2737.9585485217835,2759.5396598977563,21187
2018-08-08,2752.579833984375,2764.1788196938883,2721.543828750341,2755.637817048001,29613
2018-08-09,2761.366943359375,2768.291254990304,2736.0250543140437,2762.667504345326,18291
2018-08-10,2738.275146484375,2769.662643300603,2714.1632757550556,2769.662643300603,19005
2018-08-13,2769.240478515625,2790.0834368003425,2738.766709441707,2738.766709441707,33026
2018-08-14,2824.458740234375,2881.434576850067,2806.9548828673055,2811.875665281548,82541
2018-08-16,2827.1650390625,2845.6179718095354,2800.5225876694167,2845.6179718095354,32544
2018-08-17,2837.498779296875,2847.727011106495,2799.5384587341127,2833.035029760214,44577
2018-08-20,2850.36328125,2854.0186853771606,2832.964800157223,2854.0186853771606,39863
2018-08-21,2841.751708984375,2854.053664434524,2827.2002874337086,2853.807556676216,36652
2018-08-23,2872.436279296875,2902.4881995334545,2842.8062090462554,2851.417578002936,64832
2018-08-24,2874.72119140625,2878.657886224759,2858.9747553787774,2877.8143577988726,33454
2018-08-27,2874.05322265625,2882.1375367920323,2848.0433728333846,2878.34140168176,104934
2018-08-28,2910.536865234375,2945.4391966117564,2854.053254950771,2877.251224757021,62732
2018-08-29,2923.3310546875,2934.895029888302,2883.2618291297435,2896.231742069414,81799
2018-08-30,2932.715576171875,2941.9245364406183,2920.835471663266,2927.8651599223836,133283
2018-08-31,2924.4912109375,2941.9247014996317,2910.185725878276,2910.3261137034365,214121
2018-09-03,2891.767578125,2952.469003549658,2868.112746305382,2952.469003549658,97357
2018-09-04,2777.7109375,2894.790600874168,2745.4447371858296,2876.6889820655315,62045
2018-09-05,2843.40380859375,2856.2680020962753,2768.9944822777516,2778.203443467763,64147
2018-09-06,2863.297607421875,2870.7139633851975,2832.8591924025277,2832.999751853016,78539
2018-09-07,2928.076171875,2939.49941630495,2854.053685267534,2854.053685267534,42279
2018-09-10,2920.73046875,2945.439757493507,2894.825995550898,2917.3210008587243,36559
2018-09-11,2947.23193359375,3004.2781307328282,2904.702317897101,2926.98656788304,63114
2018-09-12,2999.955078125,3016.791322184976,2941.9251271919197,2945.4399720272745,59642
2018-09-14,2989.62158203125,3050.885257669001,2972.1877460394912,2994.577375853955,37714
2018-09-17,3156.119384765625,3274.7100238736666,2966.528548524585,2987.582602891509,1036259
2018-09-18,2994.7529296875,3185.82008514376,2973.663862412849,3173.8696136881244,817369
2018-09-19,2886.74169921875,3082.5185318578397,2865.1957717445785,3008.7067996240717,769196
2018-09-21,2820.240966796875,2943.3308944423275,2783.053979244608,2893.4201006746166,172726
2018-09-24,2863.121826171875,2920.6949076578203,2797.816087158607,2840.4160690947974,63858
2018-09-25,2883.54345703125,2898.9734186543924,2804.424100280439,2854.7567428745424,70330
2018-09-26,2784.213623046875,2910.713010170823,2741.7895541566522,2899.0436581255717,54707
2018-09-27,2800.557861328125,2834.792585636936,2767.9401715118724,2800.6282268706796,49967
2018-09-28,2753.142578125,2842.6657382718286,2741.5787737756514,2800.628162749281,62165
2018-10-01,2817.04248046875,2841.6463918849427,2742.2816695590973,2759.1529231016298,75294
2018-10-03,2842.771240234375,2894.826125108888,2791.5600553952813,2804.846099850525,28502
2018-10-04,2788.958740234375,2830.6096474850574,2776.340482826543,2797.8865825470584,31487
2018-10-05,2825.864501953125,2870.257089226079,2773.9151709239495,2804.8458013143836,115225
2018-10-08,2739.786376953125,2843.2283638305516,2712.089468193018,2843.2283638305516,40603
2018-10-09,2780.48828125,2811.8757759497275,2731.034347391173,2731.034347391173,28960
2018-10-10,2793.91455078125,2819.608096934109,2788.325982669944,2798.8353328003323,15023
2018-10-11,2739.188720703125,2811.770260590349,2688.926443686791,2741.5787463455035,40119
2018-10-12,2763.230224609375,2794.231050553587,2748.608436962771,2757.0440638792807,19370
2018-10-15,2749.522216796875,2811.8755221764864,2735.2870969658566,2762.6677005383976,25993
2018-10-16,2794.301513671875,2809.063861291274,2745.5155382837443,2753.880799952093,17432
2018-10-17,2747.237548828125,2829.4497245113234,2734.5489262979004,2794.301280728574,18872
2018-10-19,2676.343017578125,2766.6043224496198,2654.269863956534,2766.6043224496198,21862
2018-10-22,2644.182373046875,2675.49967232212,2621.7225506897917,2675.49967232212,24297
2018-10-23,2600.7041015625,2674.7969632486406,2565.836771578854,2636.1336694303295,32588
2018-10-24,2624.780517578125,2712.3001463504743,2334.8058439347974,2601.0201342373634,180221
2018-10-25,2539.756103515625,2600.9847593374384,2498.2809411370013,2572.971381861218,47953
2018-10-26,2493.5712890625,2551.4960303560097,2481.4802581068598,2537.788136578932,34897
2018-10-29,2486.682373046875,2502.604723237564,2444.6449658174784,2495.5398507438995,30497
2018-10-30,2475.6103515625,2501.866308558153,2461.7970813629254,2492.0247439838863,54558
2018-10-31,2547.383544921875,2555.467687251396,2454.1347892224026,2479.371304019166,64650
2018-11-01,2489.529052734375,2556.100169928025,2454.064307818284,2547.5591668672187,33035
2018-11-02,2492.270751953125,2541.162099563985,2460.39104504869,2492.0246441993163,37213
2018-11-05,2473.150146484375,2516.101618042792,2441.5869092315784,2478.03591799279,27911
2018-11-06,2496.27783203125,2569.527159591398,2442.852193804331,2477.965457235395,37419
2018-11-07,2506.295166015625,2523.5179048388454,2478.0006665203337,2516.6287749849025,1979
2018-11-09,2500.706298828125,2529.9848826833418,2473.0444060238947,2529.9848826833418,39457
2018-11-12,2483.624267578125,2513.2543375998357,2454.064391471355,2509.5285681635246,72097
2018-11-13,2468.721435546875,2488.2638339487457,2450.7253627992777,2480.777283705601,14899
2018-11-14,2425.067138671875,2477.9655522337443,2401.517678813767,2477.9655522337443,32756
2018-11-15,2447.351318359375,2461.762182433259,2417.545502290023,2418.2132884956186,16785
2018-11-16,2512.0244140625,2544.2907925352088,2428.7577744693854,2456.806167528127,158978
2018-11-19,2453.009765625,2526.8214937782095,2432.9751536977,2488.5800575557523,43930
2018-11-20,2418.493896484375,2459.6879386125825,2408.3712139716226,2459.6879386125825,51723
2018-11-21,2407.0361328125,2432.2726503328245,2393.7499162283298,2427.9142770181566,29451
2018-11-22,2412.343017578125,2438.528607589336,2400.638654719061,2416.7365729491335,28674
2018-11-26,2396.1748046875,2421.5872326790227,2369.356610558931,2421.5872326790227,21371
2018-11-27,2387.282470703125,2435.0843576312204,2381.0963098348348,2402.7477870622147,38619
2018-11-28,2443.273681640625,2535.2572268268173,2389.391186464537,2396.3856923885824,48298
2018-11-29,2394.06591796875,2446.3317232924205,2369.7081147180315,2437.1931277743743,29833
2018-11-30,2417.369384765625,2425.1722362495893,2353.6101425737606,2402.712415175093,41812
2018-12-03,2412.484130859375,2429.355386156967,2376.6327133519917,2425.2429490288655,53038
2018-12-04,2504.397216796875,2516.628807715792,2402.747839321949,2424.5398764837337,179311
2018-12-05,2504.994873046875,2534.2032696051238,2480.46132335799,2502.5696642979865,80453
2018-12-06,2505.100341796875,2523.6234715643545,2473.88841591131,2506.0844297258536,26432
2018-12-07,2516.136474609375,2530.687895684912,2495.574635456935,2530.687895684912,28815
2018-12-10,2442.816650390625,2499.0541560111283,2412.588991119604,2491.0051973438435,30361
2018-12-11,2473.466796875,2492.0251098618905,2404.8569536918276,2404.8569536918276,19180
2018-12-12,2557.857666015625,2572.8661203670713,2473.4663886284247,2473.4663886284247,24436
2018-12-13,2534.16748046875,2597.3292992683128,2516.6284422697604,2572.8659493595874,29356
2018-12-14,2553.5693359375,2562.286080364417,2535.7841910621905,2538.1392051796574,10616
2018-12-17,2518.034912109375,2573.9561293648817,2511.1457817102696,2565.133834251008,21800
2018-12-18,2562.075439453125,2570.757173701338,2502.6395584207385,2513.113726000078,19580
2018-12-19,2581.7939453125,2627.5924739061334,2509.599070793869,2558.8068957113956,37986
2018-12-20,2587.87451171875,2630.0526438127285,2547.031951825111,2562.3567074772413,41698
2018-12-21,2574.48291015625,2632.618401001921,2541.2324484971814,2600.984802057973,38800
2018-12-24,2573.7802734375,2613.146534981301,2544.852997918399,2544.852997918399,30876
2018-12-26,2504.18603515625,2567.1719428143333,2482.8156785749957,2553.5344154116106,22296
2018-12-27,2575.361572265625,2588.331313261363,2509.5988018313597,2520.143334612164,39169
2018-12-28,2573.4638671875,2597.821671878903,2557.0494740791532,2572.8662749497457,15813
2018-12-31,2606.432861328125,2622.776887766229,2557.5061586963684,2557.5061586963684,20750
2019-01-01,2621.687255859375,2629.103611869917,2593.955167860961,2601.0552222000747,11336
2019-01-02,2608.6826171875,2643.163278860051,2596.275283743227,2628.3657479875214,34252
2019-01-03,2526.927001953125,2622.073907987443,2513.57059330654,2598.8759350749533,31202
2019-01-04,2529.423095703125,2547.173063474011,2496.4891000606276,2534.906288388692,18934
2019-01-07,2528.016845703125,2547.55941638971,2510.3020628939444,2529.42278357089,14801
2019-01-08,2517.75341796875,2542.638447757548,2506.8574002910495,2529.985007873767,22956
2019-01-09,2530.05517578125,2561.6184074876574,2519.6512028092848,2522.6036375602243,31266
2019-01-10,2555.713623046875,2563.7273992980386,2510.126024415539,2544.044271472334,22784
2019-01-11,2556.94384765625,2565.8363350723353,2535.2571897091443,2564.7818817839493,10849
2019-01-14,2545.9775390625,2564.4304721474427,2522.322704919107,2564.4304721474427,8241
2019-01-15,2574.201416015625,2590.229139204077,2533.5699561068604,2534.9407109613526,14885
2019-01-16,2588.858642578125,2593.2521980777146,2550.40627917037,2578.419486061796,14088
2019-01-17,2597.048095703125,2616.450104947958,2571.6710227532158,2585.519475013055,23553
2019-01-18,2541.830322265625,2591.108342216698,2524.1153675959476,2590.72167497323,20052
2019-01-21,2589.526611328125,2608.0147284990126,2533.6757642028483,2558.771720661863,17942
2019-01-22,2590.300048828125,2643.1632801055803,2575.3267757092535,2583.762403198952,66635
2019-01-23,2649.94677734375,2679.8581398545775,2569.7381248290603,2576.3811469405823,48774
2019-01-24,2668.7509765625,2678.3114219410427,2623.62040897413,2674.7965775552934,20813
2019-01-25,2606.60888671875,2692.371099280694,2591.389677483094,2654.4107756877024,18300
2019-01-28,2620.070556640625,2637.2231013615196,2598.2083260764916,2625.5889313437624,19146
2019-01-29,2634.903076171875,2637.961059416349,2600.8090858579053,2615.0793882933526,13462
2019-01-30,2649.454833984375,2667.7672097620753,2613.4628574685,2633.602849572727,27170
2019-01-31,2672.019775390625,2694.5849724490895,2635.8168796999876,2655.8163091112324,24508
2019-02-01,2667.626220703125,2691.9840226551764,2637.8906040859133,2672.0197760063993,27907
2019-02-04,2668.61083984375,2685.341536094863,2638.2426138649266,2652.4425531081006,27244
2019-02-05,2691.140869140625,2705.4111730776503,2660.9132044444723,2674.7264755923566,22004
2019-02-06,2727.308349609375,2754.1969094685073,2684.040580400288,2685.3411414872244,14215
2019-02-07,2699.22509765625,2768.9595850289697,2686.536473446133,2734.5492883346087,21044
2019-02-08,2623.409423828125,2720.489492185655,2610.861532632696,2623.5149721312337,44566
2019-02-11,2663.127197265625,2705.727179417844,2614.7630763298994,2629.103572622171,24154
2019-02-12,2677.714111328125,2705.6923099054625,2645.2017973410266,2657.222635053676,15536
2019-02-14,2549.7734375,2710.3668112183313,2440.0401011869367,2657.925265497847,198642
2019-02-15,2553.885986328125,2572.8661464247007,2502.569257178124,2551.777079650728,33118
2019-02-18,2485.065673828125,2563.095229477144,2472.869093552591,2532.8675637752717,29497
2019-02-19,2450.0224609375,2485.100541861616,2439.1968080751712,2475.50508462561,25168
2019-02-20,2449.249267578125,2470.5844444617287,2427.105745028532,2443.5201391233372,16347
2019-02-21,2435.998046875,2460.3910322125703,2424.7505450134568,2454.6969157458607,18825
2019-02-22,2426.859619140625,2453.783362904914,2409.2150307280053,2439.302134609223,19551
2019-02-25,2462.570556640625,2474.3802975065596,2414.6983032885632,2429.038800981927,27546
2019-02-26,2443.2392578125,2453.2915777601,2418.529793145838,2447.1405986758623,55232
2019-02-27,2462.359375,2473.7474362899825,2428.792611691433,2452.904478089045,69729
2019-02-28,2461.69189453125,2483.8354165311302,2456.8413057858797,2462.359680711352,14849
2019-03-01,2463.765625,2495.7507124160375,2454.169995801221,2475.7862911428288,8558
2019-03-05,2511.742919921875,2537.6122082983807,2453.361321765525,2453.361321765525,51808
2019-03-06,2467.7724609375,2537.7178703843824,2454.0645666237892,2523.307007131507,26176
2019-03-07,2426.33251953125,2478.6685236599355,2416.490954207586,2471.0764246570247,30100
2019-03-08,2425.769775390625,2440.8836057668905,2404.118300340905,2425.9455176043025,20225
2019-03-11,2419.900146484375,2439.3021573651763,2407.7037386715124,2435.787312758022,18327
2019-03-12,2431.0419921875,2459.6879724323176,2413.1162867582275,2435.0136974862535,35462
2019-03-13,2404.153564453125,2456.876230340255,2398.8812978644123,2430.866381835938,24409
2019-03-14,2376.38623046875,2418.212877625351,2355.332347443146,2418.0371354104072,61198
2019-03-15,2359.268798828125,2404.1534278184213,2344.7525609615045,2386.5088413216818,80572
2019-03-18,2353.7861328125,2389.3914411846667,2346.5103355911792,2367.107359979592,43936
2019-03-19,2356.281494140625,2375.3320208440555,2337.934107992355,2375.3320208440555,38488
2019-03-20,2390.55126953125,2421.1304185794775,2361.9756506217004,2374.629091607174,48870
2019-03-22,2371.290283203125,2404.1540853938154,2355.051629941935,2391.500642839111,44560
2019-03-25,2356.562744140625,2382.7131536322026,2342.995409664001,2382.7131536322026,18640
2019-03-26,2360.780517578125,2373.152667382433,2339.4805253454288,2358.4606858575457,39422
2019-03-27,2369.216064453125,2397.6863042597306,2358.4606062015328,2361.975450622101,29182
2019-03-28,2364.01416015625,2396.3859139006013,2354.9459295544398,2380.9557801196684,45024
2019-04-01,2383.205322265625,2401.7988168424536,2369.040566439893,2389.3914834081666,24288
2019-04-02,2400.462890625,2423.1336361327694,2379.5495672496154,2391.6757799630736,74488
2019-04-03,2466.26123046875,2503.588779437321,2393.644502252108,2399.936040147522,127188
2019-04-04,2498.386962890625,2512.2354176116337,2433.8543755511378,2477.2627105039237,65399
2019-04-05,2500.601318359375,2515.539409764001,2478.0361161997744,2490.6191927807067,31616
2019-04-08,2509.036376953125,2520.7759223853773,2483.588938990357,2500.6007507804998,28585
2019-04-09,2509.844970703125,2536.838906630086,2490.6890690181453,2503.975111996222,36592
2019-04-10,2501.30419921875,2541.935840732101,2496.2428568693836,2502.5695777119136,30593
2019-04-11,2496.76953125,2527.1729330171747,2480.074021609066,2508.8957435155207,15778
2019-04-12,2498.105224609375,2508.474015310644,2485.1706662143824,2499.054301221167,35133
2019-04-15,2537.85791015625,2544.7470386739938,2474.4149763882037,2495.9960840766194,15312
2019-04-16,2504.713623046875,2554.835344935808,2493.2903772836285,2541.2328267161056,30746
2019-04-18,2480.4609375,2509.177113987778,2465.4173001201366,2495.5395860261247,28271
2019-04-22,2472.411865234375,2495.4340955770326,2455.8569141289727,2480.0741572182005,12229
2019-04-23,2465.24169921875,2487.4907690731584,2456.911620280133,2475.153629890627,9303
2019-04-24,2487.59619140625,2520.1436881468608,2461.7972652413687,2465.241744450333,28161
2019-04-25,2481.375,2500.495720985836,2474.450687240088,2494.1338177067705,10070
2019-04-26,2491.427001953125,2495.539438409384,2472.9740694860134,2481.550426826476,5430
2019-04-30,2474.31005859375,2505.2758740903614,2465.3120220216256,2491.4272489577465,21630
2019-05-02,2417.61572265625,2488.5102136346773,2411.2539906234133,2477.965678831141,15992
2019-05-03,2424.574951171875,2439.723965493356,2399.6897488063732,2421.7278927642906,17957
2019-05-06,2406.1220703125,2423.379991742303,2396.7373665163996,2408.371536547376,19462
2019-05-07,2426.12158203125,2431.042364667749,2400.990442137699,2407.668647144377,19924
2019-05-08,2418.458984375,2437.8608219228036,2388.0203984346927,2427.386654565795,16756
2019-05-09,2426.33251953125,2438.5992934135897,2418.1078171211298,2418.2131938145712,25746
2019-05-10,2385.243896484375,2460.3912049225587,2358.9527560635256,2453.3263329951983,42418
2019-05-13,2396.7021484375,2406.5788960108403,2375.999748230211,2389.391340376037,43531
2019-05-14,2413.32763671875,2424.3993979041993,2370.97375662838,2396.4211988061534,19494
2019-05-15,2402.220703125,2442.8171609801375,2393.5741505039246,2413.081539343406,21100
2019-05-16,2419.232177734375,2434.66231007049,2390.1293352330754,2402.747592095702,11906
2019-05-17,2418.24853515625,2437.1583325473607,2404.927306972875,2421.7281973706295,18428
2019-05-20,2408.968994140625,2442.1139084456117,2395.1555525653557,2418.2129663364726,17291
2019-05-21,2392.203369140625,2414.3468913645243,2364.89295641517,2414.3468913645243,80725
2019-05-22,2400.63916015625,2413.5387100907406,2386.579780008922,2395.7183771046853,19864
2019-05-23,2395.12060546875,2411.0077724950247,2385.911815135718,2407.6686699600436,24210
2019-05-24,2403.06396484375,2412.2729259411262,2389.074952598659,2402.7476631682785,8323
2019-05-27,2394.69873046875,2420.954515798494,2385.8412537169893,2392.906125456695,32669
2019-05-28,2408.898681640625,2425.0317835948517,2391.9922452459473,2414.76854061362,15782
2019-05-29,2386.509033203125,2425.242687970452,2367.915540253338,2417.510030124749,22410
2019-05-30,2392.44921875,2406.8950920099774,2368.3021689480192,2391.675884328702,28723
2019-05-31,2402.92333984375,2421.7629398841373,2393.960486751376,2411.1480412979827,22921
2019-06-03,2415.365966796875,2421.7278696906724,2385.1734867519453,2418.2130251773333,23746
2019-06-04,2374.066650390625,2423.133916325231,2365.877130956039,2400.990394896671,19322
2019-06-06,2347.14306640625,2386.5796949635032,2340.9218938867234,2380.2529741226576,21938
2019-06-07,2307.56591796875,2354.945956016609,2302.223285359521,2354.945956016609,37047
2019-06-10,2322.855224609375,2333.8566186352655,2305.667498658471,2312.767552804224,19586
2019-06-11,2324.8583984375,2339.480183911596,2318.9535291225975,2323.347084155484,14260
2019-06-12,2329.32275390625,2339.4806207142033,2309.252956444158,2339.4806207142033,6369
2019-06-13,2296.775146484375,2329.5685771337126,2280.3257428166767,2325.4563120284215,16570
2019-06-14,2272.66357421875,2312.7679896403633,2267.531866239267,2312.7679896403633,9896
2019-06-17,2266.3369140625,2294.4908573444645,2257.233499673124,2272.6636351765014,14991
2019-06-18,2292.381591796875,2302.2231564350705,2258.5687189263385,2263.559866785016,10492
2019-06-19,2253.96435546875,2302.1527352881935,2245.9855899662,2302.1527352881935,12285
2019-06-20,2280.360595703125,2288.198801395266,2211.680573026256,2249.50033167723,18895
2019-06-21,2178.254638671875,2294.4906216243685,2165.1443365818186,2279.0253049344983,86195
2019-06-24,2188.90478515625,2204.0538005909393,2172.349831799516,2177.727475702025,19758
2019-06-25,2255.862548828125,2262.0837210768423,2123.2825358852206,2181.3126571740127,38999
2019-06-26,2237.02294921875,2255.827368699181,2223.490796882365,2233.3323622179178,38613
2019-06-27,2235.301025390625,2281.1345732464474,2223.6668532578815,2236.1445539281817,23839
2019-06-28,2228.8681640625,2256.4948747928015,2219.9756765659645,2248.0240656414812,28296
2019-07-01,2221.803466796875,2266.371624257347,2214.351928167073,2230.520212087023,21309
2019-07-02,2289.428955078125,2301.519984815425,2221.9087635935716,2242.4002366539135,46123
2019-07-03,2254.52685546875,2316.4936729278566,2238.991344260967,2281.134299537943,62673
2019-07-04,2274.77197265625,2297.934761499455,2256.5299656696457,2256.5299656696457,16163
2019-07-05,2315.263427734375,2407.106252725354,2248.411011705104,2277.7599654707537,67709
2019-07-08,2261.83740234375,2298.005114467355,2254.4210468329175,2291.6783949720334,45094
2019-07-09,2280.079833984375,2299.4114804880196,2249.5006840604287,2253.015528879273,37635
2019-07-10,2210.45068359375,2293.963429295183,2196.777971821787,2270.5897116749993,45029
2019-07-11,2307.846923828125,2316.2121851799,2218.1480225621654,2221.3817481866813,36696
2019-07-12,2314.560302734375,2325.7374396757846,2288.6206471630903,2298.708319600246,20707
2019-07-15,2377.124267578125,2386.5791639619547,2294.419882235951,2295.263582125641,24374
2019-07-16,2353.9267578125,2394.628592162977,2340.8514664378663,2361.9757181225173,16898
2019-07-17,2337.26611328125,2368.302120205431,2308.4092068775144,2347.9160229997447,17464
2019-07-18,2355.05126953125,2381.1314852326304,2323.4528507564264,2323.4528507564264,14982
2019-07-19,2341.484130859375,2386.579519102683,2319.7974707036387,2351.43107257687,31944
2019-07-22,2345.1044921875,2371.4306458821543,2319.446124692043,2346.5104301324563,18140
2019-07-23,2357.230712890625,2375.999950178338,2319.797615012022,2333.8569944969436,27151
2019-07-24,2277.16259765625,2361.9757350898503,2254.4566656401043,2361.9757350898503,26052
2019-07-25,2318.356201171875,2330.3770377609585,2279.657729707762,2288.1637218700093,31482
2019-07-26,2356.984375,2368.407619716306,2318.3914507308345,2318.3914507308345,23901
2019-07-29,2334.278564453125,2377.4056028745663,2307.7414888593785,2356.984322298302,17001
2019-07-30,2324.61279296875,2358.3903115673033,2311.3617604555175,2345.947796269067,14194
2019-07-31,2386.298583984375,2403.7320775053736,2296.6348556660255,2298.884322092288,33754
2019-08-01,2293.04931640625,2383.029333541263,2284.648872568688,2383.029333541263,34762
2019-08-02,2323.909912109375,2339.7969069959295,2291.6787179333037,2291.6787179333037,41273
2019-08-05,2309.2880859375,2324.753402183975,2257.6900642139344,2309.604387626978,19856
2019-08-06,2311.572998046875,2354.946151041397,2290.519110812223,2290.519110812223,31655
2019-08-07,2291.5732421875,2346.4398276505644,2243.2089474399963,2336.6686285690917,51126
2019-08-08,2248.58642578125,2312.837881634084,2236.6359553333177,2298.7081391022275,36070
2019-08-09,2216.14453125,2280.641924659431,2205.2133310668564,2259.83397759139,24980
2019-08-13,2154.10791015625,2227.2166851086,2137.02572937638,2227.2166851086,29637
2019-08-14,2098.748779296875,2170.0649380279183,2087.817578860679,2165.1441558555193,62213
2019-08-16,2163.914306640625,2179.2038822662025,2101.8772928954663,2101.8772928954663,33134
2019-08-19,2107.535888671875,2234.984181162052,2098.3621104472772,2174.7396107427285,79163
2019-08-20,2081.73681640625,2142.0163936666745,2073.7580515248123,2117.3421190483846,27125
2019-08-21,2003.60205078125,2092.8439239382433,1988.699143486284,2081.737151916581,35882
2019-08-22,2044.9366455078125,2057.8361942001166,2004.199629778436,2004.199629778436,47408
2019-08-23,2120.470703125,2142.5790427806155,2026.8704539532248,2045.4639487789084,55119
2019-08-26,2118.326171875,2164.757296724183,2077.729722551884,2126.551044361138,22595
2019-08-27,2116.428466796875,2144.05517933393,2097.6592311909662,2128.9061649716873,13918
2019-08-28,2113.44091796875,2136.9903772652056,2107.53604757059,2127.0082527239,14112
2019-08-29,2102.50927734375,2144.0548013236116,2073.722739827676,2113.827143468885,27729
2019-08-30,2165.847412109375,2173.790995852025,2087.817855879534,2113.0193622841616,25906
2019-09-03,2146.902099609375,2165.8470762241063,2116.639255602332,2165.8470762241063,13001
2019-09-04,2152.31494140625,2170.767874275333,2122.2630221623153,2144.055057169613,18732
2019-09-05,2138.818359375,2151.2608763160206,2132.10497111886,2149.0465926214447,19299
2019-09-06,2138.07958984375,2165.1438884493673,2124.758365504075,2138.817741403097,81153
2019-09-09,2138.923828125,2146.269820146217,2108.942267716746,2144.0555363563485,16490
2019-09-11,2115.6201171875,2162.683851382282,2094.9879110319125,2149.6085610083815,27076
2019-09-12,2054.110107421875,2130.030741187382,2047.467086292043,2126.1995953821984,36377
2019-09-13,2071.579345703125,2084.3031536716535,2019.0675939976757,2070.243773208438,29372
2019-09-16,2044.550048828125,2073.758443604224,1865.679630279868,2073.758443604224,27496
2019-09-17,2023.671630859375,2046.3423768759499,2004.1642447520896,2044.549771936034,32811
2019-09-18,2045.780029296875,2066.7285365429493,2006.9761808945989,2033.7943753980528,44634
2019-09-19,2067.993896484375,2073.7582070063163,2030.877105098728,2044.9013000045081,41350
2019-09-20,2227.040771484375,2249.5005946595234,2041.4217896535176,2059.698981985126,97058
2019-09-23,2108.203857421875,2293.5767331346146,2101.9123197145445,2248.5867208388495,36651
2019-09-24,2066.587890625,2143.1059481239668,2057.414112669925,2118.748145754558,45324
2019-09-25,2076.53515625,2121.841472077694,2025.9565731431342,2076.9218235084627,86106
2019-09-26,2090.59423828125,2108.906611684025,2063.2136350975375,2077.132453059304,56521
2019-09-27,2135.654541015625,2153.1935794323513,2052.704217028352,2066.7284112083294,30201
2019-09-30,2230.801513671875,2245.950528301257,2109.3636321107783,2135.971074520362,31302
2019-10-01,2165.249755859375,2213.684419782858,2146.867186354408,2197.2348432788663,44901
2019-10-03,2167.9912109375,2209.431192131833,2146.8669617469354,2146.8669617469354,9920
2019-10-04,2156.88427734375,2221.3816724211683,2133.721486951226,2178.5005705168355,26917
2019-10-07,2161.734619140625,2214.3519069112963,2108.9065780107585,2167.6748433006273,15024
2019-10-09,2179.098388671875,2193.263144497442,2131.4018763193094,2158.1146966689575,9016
2019-10-10,2161.4541015625,2207.32283239491,2146.8674936732664,2171.330851108546,6238
2019-10-11,2187.32275390625,2196.074681741549,2147.4644545386004,2164.4410835730564,6958
2019-10-14,2174.669677734375,2196.461715666751,2156.0410001470214,2162.367720837066,6630
2019-10-15,2209.677490234375,2214.3521650446028,2170.521982906235,2175.6888732739826,10403
2019-10-16,2216.42578125,2228.4114354403505,2187.63923882977,2208.1658965918223,8145
2019-10-17,2172.314453125,2227.005467685102,2143.9847722259437,2216.425751451149,11468
2019-10-18,2158.290283203125,2200.152115871479,2147.570007388827,2166.550167846928,20425
2019-10-22,2184.08935546875,2189.326439846989,2158.1146869649515,2175.688910800171,8980
2019-10-23,2147.78076171875,2182.7182792389217,2140.5401482391358,2181.312341538929,16535
2019-10-24,2154.494384765625,2165.1442953613564,2137.0255382787414,2157.9036810879284,13957
2019-10-25,2154.916015625,2173.5798745516418,2137.025491150385,2154.4943372520243,8116
2019-10-27,2159.274169921875,2178.816738009252,2151.0846515806807,2178.816738009252,716
2019-10-29,2171.295166015625,2178.500597161448,2140.8917614247143,2161.6293437468385,10547
2019-10-30,2186.5498046875,2207.322572135277,2150.030600915842,2171.295412319375,13047
2019-10-31,2207.674072265625,2235.476529630596,2179.203828697162,2179.9771632211755,32447
2019-11-01,2230.7666015625,2277.6194137547795,2207.322518268521,2213.649238862284,23292
2019-11-04,2200.78466796875,2273.366205807506,2182.0154329443008,2231.2232552078644,21309
2019-11-05,2200.573974609375,2222.084893540989,2196.778010855929,2211.7864668754096,6608
2019-11-06,2201.97998046875,2214.3523032568974,2186.092984378086,2187.7098473686133,6307
2019-11-07,2193.649658203125,2212.9813031556682,2186.2333019057687,2212.9813031556682,6257
2019-11-08,2197.55126953125,2211.1184327594906,2186.0224759541484,2203.7372588977264,7250
2019-11-11,2192.559814453125,2240.9241050247697,2180.2578597391366,2197.550961872101,10710
2019-11-13,2200.36279296875,2217.269055951255,2183.421175597014,2186.2330509036424,65881
2019-11-14,2150.2412109375,2195.371778005075,2122.965984494181,2195.371778005075,29286
2019-11-15,2151.96337890625,2164.335699239912,2127.640588195648,2127.640588195648,7094
2019-11-18,2148.23779296875,2168.6590740032234,2137.025473247909,2144.758131210319,5729
2019-11-19,2148.553955078125,2164.441119963601,2137.025334423302,2153.8614042958343,6817
2019-11-20,2154.283203125,2177.7974766094476,2132.4559862152228,2144.0549721300245,14701
2019-11-21,2084.443603515625,2154.5999426616977,2057.02781305435,2154.5999426616977,34951
2019-11-22,2045.8504638671875,2100.7172219061645,2042.7572976729432,2094.5662439112853,16267
2019-11-25,2061.878173828125,2083.28354276374,2028.873646280918,2063.2137461047455,35190
2019-11-26,2046.69384765625,2087.817526202666,2040.0156434478577,2066.728460281427,8627
2019-11-27,2060.33154296875,2067.923641644107,2050.736085841476,2061.737480811473,5119
2019-11-28,2062.967529296875,2072.633351276246,2046.3775669098745,2068.8373880209238,4410
2019-11-29,2060.577392578125,2072.4224860683435,2045.6393048707355,2061.596663061744,6897
2019-12-02,2084.970458984375,2091.332361501156,2047.0453232576021,2055.586326269556,7461
2019-12-03,2083.880859375,2098.36208681438,2073.758176248717,2088.872007024767,4888
2019-12-04,2099.62744140625,2126.4808177386617,2046.4127326225323,2073.75815283605,10408
2019-12-05,2074.496337890625,2101.1739724364866,2067.4314663552045,2101.1739724364866,3264
2019-12-06,2066.658203125,2091.15673797089,2049.154346141741,2070.559714849683,13508
2019-12-09,2075.375,2087.6769550517624,2050.560164913793,2067.7829019862606,4509
2019-12-10,2038.04736328125,2083.5645987237795,2032.4236121841034,2069.118553768332,5078
2019-12-11,2052.844482421875,2062.1588183150657,2042.1593917973512,2043.8816309020121,15290
2019-12-12,2049.787109375,2073.758419414836,1642.2760400607474,2052.669350742821,41904
2019-12-13,2061.878173828125,2073.6177202734707,2031.5801452275007,2058.644448200255,54755
2019-12-16,2031.2989501953125,2069.1185387505147,2021.0707186369618,2052.669135560058,5138
2019-12-17,2074.35595703125,2094.8474329017677,2033.021349198332,2042.1247626106158,9281
2019-12-18,2072.035888671875,2080.7174510814393,2035.1300236812117,2074.8125813322354,12268
2019-12-19,2052.669189453125,2074.0043642325354,2042.4761403959094,2070.3839714210126,5963
2019-12-20,2029.1900634765625,2070.9463468305617,2021.0355557155005,2058.5740257358325,16537
2019-12-23,2032.002197265625,2047.994741521496,2018.2239366420217,2030.3853342909235,21776
2019-12-24,2021.49267578125,2056.1490807700793,2013.303155825339,2042.1248839639,7511
2019-12-26,1990.0345458984375,2041.4216399896304,1978.154440403175,2032.4939694837499,9290
2019-12-27,1928.52490234375,2006.9763039240306,1920.6868673892934,1995.0258320617859,30304
2019-12-30,1932.426513671875,1959.8423034722948,1927.0136869333717,1938.296373214355,26150
2019-12-31,1925.888671875,1948.8407093581554,1922.198085162189,1939.1397042455421,11385
2020-01-01,1923.4283447265625,1936.679377537973,1919.1051545113128,1925.888735950295,8229
2020-01-02,1913.446533203125,1934.6059698359077,1905.0460875476394,1924.0614342959761,10577
2020-01-03,1910.0369873046875,1933.1645969240315,1906.4517770392629,1913.4462837107508,14038
2020-01-06,1889.9671630859375,1910.0369604896257,1868.6319872755537,1910.0369604896257,10889
2020-01-07,1876.5048828125,1923.4632338965887,1870.9514978330621,1881.2149111633157,8925
2020-01-08,1931.5478515625,1940.1944044286329,1876.9271955885688,1893.9741935260306,46756
2020-01-09,1934.289306640625,2013.302942872196,1905.3972160108544,1940.123811250474,71278
2020-01-10,2006.94091796875,2017.4502681295662,1934.5703079603638,1936.6792145460763,40065
2020-01-13,2077.41357421875,2137.02536883187,2005.956857097738,2020.9651395265983,61138
2020-01-14,2078.784423828125,2107.500772178395,2054.0047699858005,2068.8374824953357,42910
2020-01-15,2078.32763671875,2087.114748323345,2062.8271375235904,2078.7844978728795,26211
2020-01-16,2025.5345458984375,2091.262138894972,1982.8643674435227,2080.787970799377,21932
2020-01-17,2043.7059326171875,2078.291961370971,2010.068808717836,2014.7436539574578,25493
2020-01-20,2052.10693359375,2072.633592699903,2038.5747812463846,2056.1841878464434,9924
2020-01-21,2073.476806640625,2091.2617796862096,2047.0451115509734,2070.172716036989,12687
2020-01-22,2076.570556640625,2087.079909527128,2050.982552080156,2077.27352568485,114222
2020-01-23,2091.01611328125,2111.823889124968,2066.7285041879936,2077.2730373726263,26022
2020-01-24,2101.314453125,2108.2035821830264,2077.9759216182147,2083.5996724209704,8169
2020-01-27,2077.238037109375,2098.2919225598257,2060.401965303353,2081.174731826819,10068
2020-01-28,2049.013916015625,2081.737154742886,2040.0158791914346,2066.728699111929,8905
2020-01-29,2039.9102783203125,2080.7174838104097,2023.1795849367259,2059.6987833058415,10059
2020-01-30,2013.7247314453125,2045.6394500929907,1977.767770096009,2038.9260629338407,8386
2020-01-31,2067.115478515625,2074.1099855759808,1983.0755022232981,2031.5803620791676,21990
2020-02-03,2166.023193359375,2193.5795433526687,2052.669444092292,2076.25408795438,25660
2020-02-04,2103.809814453125,2214.351655008719,2094.846962516185,2169.5373953240187,29006
2020-02-05,2095.971923828125,2157.411330676085,2081.4906973385105,2122.9658581432964,21506
2020-02-06,2042.6871337890625,2127.8869330575963,2031.5801904646362,2114.530523500908,15272
2020-02-07,2036.7469482421875,2086.4116308460066,2026.6592761890286,2044.9364670252805,11801
2020-02-10,2068.90771484375,2086.5169474398717,2024.6206767851552,2038.0824617679493,14423
2020-02-11,2038.68017578125,2094.847322248609,2026.1672950351117,2089.2939365872567,23284
2020-02-12,2036.2899169921875,2056.183970587826,2009.1554212431734,2009.1554212431734,17563
2020-02-13,2040.7186279296875,2073.687799256237,2030.9122465259138,2036.2547069595591,6186
2020-02-14,2027.572998046875,2052.7743272226485,1905.7484674447714,1905.7484674447714,19474
2020-02-17,2023.3907470703125,2059.3827230067977,2016.1149497842273,2028.0654219412468,3936
2020-02-18,2010.2451171875,2038.2936816567178,2006.9763801738325,2028.6278584597335,4879
2020-02-19,2002.72314453125,2031.5800512095886,1999.9464517962904,2015.0602826270886,6125
2020-02-20,1977.0650634765625,2025.9214073394526,1968.313134044486,2002.828979437223,17773
2020-02-24,1952.7420654296875,2004.4804692012538,1941.6351234069502,1975.377627806201,5483
2020-02-25,1957.7684326171875,1969.789269739657,1945.8179610356822,1955.905633637614,8808
2020-02-26,1927.505615234375,1954.2536172337577,1912.1106643810153,1954.2536172337577,26109
2020-02-27,1917.4530029296875,1961.1074391646634,1905.2565957971813,1957.768336974133,12585
2020-02-28,1861.7427978515625,1901.530906919217,1848.8082385203477,1881.8477773836391,9695
2020-03-02,1895.028564453125,1919.1052512128467,1855.8380451289067,1862.9029174662694,39764
2020-03-03,1870.2838134765625,1912.0752774024916,1855.9081347780955,1890.951029075655,20414
2020-03-04,1827.894775390625,1904.8698654416867,1820.6893445867584,1870.2838319077787,23586
2020-03-05,1815.5224609375,1848.8081051684478,1806.629973491601,1848.8081051684478,21286
2020-03-06,1790.145263671875,1827.7189123727346,1775.5938435787873,1792.5704717501822,45868
2020-03-09,1704.734619140625,1818.264086758934,1677.8460610204993,1775.3478047680435,13471
2020-03-11,1670.6759033203125,1729.3034390687033,1623.2255040775738,1721.570781414331,36378
2020-03-12,1530.925537109375,1647.4426195258359,1444.6009313172058,1616.82829295843,58097
2020-03-13,1546.1448974609375,1582.4533437601485,1381.2986920442556,1405.9377860697814,110289
2020-03-16,1412.721435546875,1546.144878304858,1405.9377686508085,1546.144878304858,81211
2020-03-17,1416.7987060546875,1447.5184141967654,1398.90818097938,1412.9675596826903,20484
2020-03-18,1347.9427490234375,1464.9870607378584,1324.744777332291,1460.7692477031046,31499
2020-03-19,1241.021240234375,1348.997239761676,1212.6212811823298,1348.997239761676,66872
2020-03-20,1321.1246337890625,1370.7894055685265,1252.7609057421193,1252.7609057421193,21518
2020-03-23,1107.633056640625,1282.1451005910499,1058.6712515179863,1100.8845718012446,27579
2020-03-24,1119.09130859375,1178.2813415963114,1098.2131665405798,1126.2264601074205,17779
2020-03-25,1144.2576904296875,1159.8987493220607,1097.3345137525678,1097.3345137525678,55582
2020-03-26,1227.2431640625,1258.8415824138206,1166.612095245975,1166.9283969325377,65131
2020-03-27,1264.886962890625,1301.898289414546,1231.2499211174825,1258.3142214103875,42125
2020-03-30,1365.86865234375,1397.396792184828,1218.1397122323544,1227.243211505159,40601
2020-03-31,1422.56298828125,1434.7594811621198,1387.0981568703967,1416.4471075507095,43622
2020-04-01,1350.4033203125,1448.116002000911,1327.3810877564176,1448.116002000911,24749
2020-04-03,1429.9442138671875,1552.9988690799028,1318.066695583715,1349.7002962777242,42497
2020-04-07,1460.698974609375,1506.8489847925016,1421.2273404438308,1451.8064868809802,51682
2020-04-08,1473.4578857421875,1529.0978013202175,1424.2148836964432,1440.383167173747,28005
2020-04-09,1508.0439453125,1542.8057210779095,1469.2400986063856,1472.7197601350367,12316
2020-04-13,1538.201416015625,1542.3138529602031,1464.4600429258628,1504.3535302346559,14109
2020-04-15,1574.333984375,1602.7690411532642,1511.3830870524203,1511.3830870524203,27387
2020-04-16,1544.633544921875,1589.6937468809192,1532.4721490474428,1573.947312714323,14847
2020-04-17,1523.404052734375,1609.7988664827642,1511.558957491076,1599.2543324228334,232041
2020-04-20,1430.752685546875,1538.0256403906833,1423.512071303983,1523.3336585262869,149543
2020-04-21,1434.0565185546875,1468.5019937552659,1385.6571282157931,1431.2446430281097,29775
2020-04-22,1409.6282958984375,1455.0751637058534,1396.65855485377,1434.0564635994579,32616
2020-04-23,1428.5733642578125,1455.1104402328583,1421.4031158024534,1431.9476493024717,39188
2020-04-24,1431.63134765625,1451.5955957674537,1420.0323608059537,1420.4189422139834,65359
2020-04-27,1486.4981689453125,1496.1990028866842,1444.1091081154798,1451.63084134647,288169
2020-04-28,1574.052734375,1585.159677253249,1500.8385925270275,1507.7277220304932,67439
2020-04-29,1677.0728759765625,1704.6995881629914,1556.5488919958366,1559.1850253795938,96746
2020-04-30,1649.7626953125,1722.2738714978875,1630.9932876591902,1722.2738714978875,41818
2020-05-04,1624.6314697265625,1676.5808020290156,1556.7949718666882,1580.977033024426,30123
2020-05-05,1647.4075927734375,1669.5511127957816,1624.6664805456294,1630.8878238678792,22634
2020-05-06,1687.793212890625,1704.6996499290087,1651.8012381116241,1684.981337179402,52906
2020-05-07,1755.2430419921875,1764.4520035684875,1669.797306368993,1670.605651984267,112656
2020-05-08,1723.7852783203125,1817.1395911669053,1708.2145843998899,1782.202067942313,80684
2020-05-11,1750.673583984375,1812.956693760944,1736.333087859454,1764.4518423187164,195856
2020-05-12,1786.489990234375,1796.5774904535049,1744.2063101131,1771.48153634658,106452
2020-05-13,1776.8594970703125,1831.1990342652755,1765.1551320483395,1827.016403103797,50861
2020-05-14,1775.910400390625,1803.11526301675,1765.1549416900816,1777.1405959891745,82715
2020-05-15,1823.18505859375,1852.323085712274,1790.4618213697008,1790.4618213697008,77793
2020-05-18,1817.209716796875,1862.867510706327,1803.8181254612964,1862.867510706327,50312
2020-05-19,1826.8433837890625,1873.8404749362055,1802.0602954527621,1873.8404749362055,36735
2020-05-20,1767.0015869140625,1844.5240774676859,1734.058185506779,1809.6162763785342,41910
2020-05-21,1777.0506591796875,1791.860118725698,1767.0015807034606,1767.0015807034606,37354
2020-05-22,1782.3397216796875,1788.195473689043,1756.7256028066083,1762.014669137639,22986
2020-05-26,1780.5263671875,1803.1559779481627,1768.0592825031827,1786.9488047521481,14164
2020-05-27,1825.29443359375,1829.1856011738384,1753.967675328267,1786.948705556957,108899
2020-05-28,1883.700927734375,1888.9143619581714,1822.461061233411,1822.461061233411,48841
2020-05-29,1882.7564697265625,1922.9533355646101,1873.8405784676752,1892.7301004280348,20240
2020-06-01,1936.7047119140625,1975.806019167026,1858.7288085466746,1894.0143957828077,38466
2020-06-02,1945.8096923828125,1964.434687585903,1882.000922938491,1964.434687585903,65618
2020-06-03,1888.914306640625,1967.4192675356999,1874.4071912328322,1952.4209138952488,28404
2020-06-04,1893.787841796875,1911.6196243327872,1873.878396311198,1906.29274224095,13708
2020-06-05,1917.28662109375,1932.7760302493841,1891.9746597906403,1891.9746597906403,20526
2020-06-08,1961.752197265625,1972.0658009431434,1900.2856281118795,1928.2421164777402,63259
2020-06-09,1958.9190673828125,1989.5955404943445,1923.1422388525975,1970.5549391720162,37789
2020-06-10,1953.4412841796875,1979.622090327542,1928.4314809307136,1955.443499911328,10394
2020-06-11,1953.7054443359375,1972.0660966117828,1931.9824940380108,1949.3986702139462,12095
2020-06-12,1947.8875732421875,1961.034607203017,1888.952262647583,1888.952262647583,38819
2020-06-15,2073.80517578125,2086.158998072066,1933.1160401138156,1936.5539703218778,72947
2020-06-16,2177.99951171875,2191.1843600260017,2093.7144350455346,2093.7144350455346,89205
2020-06-17,2158.4677734375,2250.1197672720286,2132.3247867550876,2132.3247867550876,63861
2020-06-18,2067.722412109375,2158.4675520434103,2058.9576013768797,2145.131625219842,40357
2020-06-19,1958.3521728515625,2108.0704347819533,1934.2868505526167,2071.8025563340916,153909
2020-06-22,1994.0157470703125,2008.8628374918187,1941.9184825801983,1969.7993431085793,48743
2020-06-23,2049.9287109375,2123.182239200666,1975.8439699322926,1975.8439699322926,89421
2020-06-24,2048.039794921875,2092.9590414264,2002.2893356606353,2049.9287471253283,55754
2020-06-25,2012.0362548828125,2077.16747442061,1990.9934380209043,2043.090702889219,77942
2020-06-26,2068.2138671875,2108.297471769216,2040.0684780002741,2040.0684780002741,58726
2020-06-29,2154.160888671875,2187.3686283679435,2045.1305409275787,2061.1866331353226,80496
2020-06-30,2163.794677734375,2228.963526605467,2132.211361040064,2175.27946985922,67444
2020-07-01,2153.14111328125,2211.5853717296345,2095.2637249957056,2140.5607646429976,86430
2020-07-02,2165.3056640625,2180.0016736370267,2136.0647241789084,2166.9679049185143,89331
2020-07-03,2164.701416015625,2202.5182761410792,2136.782739254536,2165.79697140347,22903
2020-07-06,2159.14794921875,2185.8576220613727,2145.8496522346095,2164.739173821182,16390
2020-07-07,2168.1015625,2177.546323688527,2146.3031643576737,2158.694617249825,19301
2020-07-08,2153.0654296875,2190.4288655084238,2139.0871840814616,2190.4288655084238,29559
2020-07-09,2110.4130859375,2191.1089784968826,2087.4811318313878,2191.1089784968826,31368
2020-07-10,2083.627685546875,2134.5161351581105,2067.26943213897,2089.93686012295,28813
2020-07-13,2129.340087890625,2149.627507397899,2064.511398862289,2089.181039703055,40059
2020-07-14,2193.602783203125,2206.296581249122,2104.293143417399,2109.5822105642287,63779
2020-07-15,2253.06640625,2300.743630474947,2193.9422062221956,2195.1512093390284,102875
2020-07-16,2382.3466796875,2417.1034025754243,2259.186987715073,2267.498377970881,92887
2020-07-17,2339.316162109375,2406.600674689884,2329.6825061294967,2403.502719371906,31564
2020-07-20,2411.3232421875,2429.1926571535455,2312.077614584712,2343.8120132162667,36145
2020-07-21,2357.75244140625,2432.9705587737394,2343.0564294277538,2405.845277573368,50295
2020-07-22,2318.57568359375,2377.5109953205674,2306.7885474611876,2374.941909513215,18660
2020-07-23,2299.64794921875,2344.00050467734,2278.8694775035024,2332.4400817021724,14014
2020-07-24,2272.711669921875,2310.566346042867,2240.297323746599,2310.566346042867,31015
2020-07-27,2279.096435546875,2327.7179539473354,2206.2961447903153,2266.742614510598,74551
2020-07-28,2281.51416015625,2308.2616480797433,2253.7843802480907,2278.831811283193,30328
2020-07-29,2257.5244140625,2301.4235490854153,2247.8529426593122,2293.1121600537335,22878
2020-07-30,2249.77978515625,2272.7871850259653,2228.9634959529913,2272.6361057503445,39609
2020-07-31,2219.821044921875,2249.7799381877876,2205.5406397466836,2249.7799381877876,13944
2020-08-03,2227.225830078125,2251.2155241705877,2176.0730389383475,2240.2974168236806,36467
2020-08-04,2240.448486328125,2248.9865875386017,2218.8011669579305,2247.8154002298556,71590
2020-08-05,2238.332763671875,2274.2984879664477,2224.430149027649,2241.808509566927,33885
2020-08-06,2233.30810546875,2257.373429415523,2224.4300304491244,2224.4300304491244,13467
2020-08-07,2213.625,2255.408654513218,2205.2381639253035,2255.408654513218,28463
2020-08-10,2251.253173828125,2274.298390073051,2223.032154901653,2228.963538443688,41916
2020-08-11,2236.481689453125,2261.5293074324904,2207.8074306610342,2261.5293074324904,50865
2020-08-12,2292.772216796875,2380.0796187529804,2257.675524074256,2349.8563854989743,512200
2020-08-13,2297.5703125,2318.1220749672602,2275.0539660125232,2315.0997515318404,64029
2020-08-14,2281.58984375,2312.077607558435,2258.8469688139653,2312.077607558435,31488
2020-08-17,2308.71533203125,2317.5934078990535,2289.6369136770336,2317.366696727978,38375
2020-08-18,2315.402099609375,2347.0988668071864,2307.581947760917,2323.4113311560063,51404
2020-08-19,2303.275390625,2333.196287225762,2294.586209217473,2333.196287225762,44294
2020-08-20,2299.195068359375,2319.63357042562,2286.3880078527445,2303.275316265034,20898
2020-08-21,2297.645751953125,2317.3286701517745,2287.8988326948215,2312.8330009507426,16907
2020-08-24,2320.7666015625,2330.0980989307764,2297.7213854310803,2315.855325993509,30054
2020-08-25,2308.1484375,2342.2628393862974,2296.2102230728233,2330.8913106015375,16099
2020-08-26,2299.572509765625,2331.7225119487284,2293.3011517932296,2318.1220565971157,94441
2020-08-27,2304.71044921875,2417.858679616425,2296.965745635604,2319.595354821543,305353
2020-08-28,2298.59033203125,2326.433561630753,2286.387774438019,2322.957815747584,29830
2020-08-31,2291.336669921875,2324.6576736552124,2243.4705508255092,2312.0773266942133,42217
2020-09-01,2245.397216796875,2312.7195390964202,2244.074950411952,2274.2981820673317,56772
2020-09-02,2236.443603515625,2284.234090555526,2229.0390590269053,2251.6308518403957,29420
2020-09-03,2217.969970703125,2269.00949865028,2210.0741869970257,2251.555505642694,28656
2020-09-04,2252.197998046875,2281.476760916729,2196.4739009719924,2198.740643903852,58865
2020-09-07,2240.561767578125,2304.5216133213085,2236.5193362069094,2281.8541876165086,27860
2020-09-08,2241.166015625,2282.5718821967266,2228.963458950479,2255.068813642969,31933
2020-09-09,2208.41162109375,2249.8929336390474,2193.451084211391,2234.252447817114,35625
2020-09-10,2213.662841796875,2266.666760962005,2206.295929020181,2212.3405754010582,33976
2020-09-11,2196.17138671875,2244.075139133945,2176.8662589817623,2222.1632943410546,44516
2020-09-14,2257.82666015625,2297.5702866724505,2237.274897920017,2240.2972213214625,154005
2020-09-15,2285.556640625,2321.0689437019196,2252.3867121765234,2303.7662145005766,89585
2020-09-16,2258.7333984375,2308.2617617860146,2238.7861370849573,2304.521673340911,57590
2020-09-17,2264.43798828125,2281.8541637424833,2229.076767658135,2229.076767658135,64014
2020-09-18,2259.71533203125,2299.1566106349924,2244.074847262106,2277.7738227960535,232708
2020-09-21,2301.461181640625,2406.5247233314662,2274.2980901813858,2281.853897789962,304904
2020-09-22,2307.84619140625,2330.2114594868344,2222.1633924613425,2315.0998417210317,96012
2020-09-23,2302.557373046875,2378.531076436233,2274.298718570118,2312.0777670513494,149062
2020-09-24,2237.652587890625,2319.2175001318583,2229.0390403703846,2319.2175001318583,63418
2020-09-25,2257.637939453125,2276.6409099893817,2233.648245599811,2276.6409099893817,63545
2020-09-28,2296.21044921875,2308.0730329413836,2258.431402670235,2258.431402670235,30205
2020-09-29,2326.169189453125,2340.6386751492914,2301.2350184083716,2302.859628111786,71760
2020-09-30,2321.56005859375,2342.300716756594,2288.314500033334,2324.1667757236396,34191
2020-10-01,2297.68359375,2338.56059231985,2283.365373256696,2338.522776383016,17647
2020-10-05,2284.952392578125,2334.3294962860627,2269.4629833207546,2304.5218651209675,107965
2020-10-06,2292.356689453125,2311.3218427608467,2271.276057319093,2290.921159611274,11878
2020-10-07,2272.673583984375,2307.5435610626296,2266.7422014367676,2294.698688587821,12235
2020-10-08,2311.737548828125,2327.000245912098,2295.039137372398,2312.0775233350173,65570
2020-10-09,2322.466552734375,2335.500321920115,2304.2947970629807,2313.1350557910177,242036
2020-10-12,2302.141845703125,2368.784047279743,2296.966042510924,2304.521851861289,40790
2020-10-13,2310.793212890625,2375.5464621962024,2289.4102355135155,2304.521854229776,155489
2020-10-14,2377.019775390625,2435.804008280891,2300.857181215997,2307.6952254845305,347056
2020-10-15,2423.638671875,2494.1722131251477,2380.079512676224,2432.9701685134733,446595
2020-10-16,2471.240478515625,2491.905688928713,2389.902272310952,2402.7471469961515,334262
2020-10-19,2495.49462890625,2527.417919519009,2485.709893884219,2485.709893884219,112868
2020-10-20,2461.19140625,2505.052727921922,2436.748291461633,2498.025973446513,60829
2020-10-21,2442.717529296875,2499.461731263609,2427.0770408467156,2479.0610460326184,106370
2020-10-22,2544.56982421875,2565.1972202026386,2392.055926387648,2438.259625800859,223336
2020-10-23,2501.61474609375,2568.974700104902,2489.6387167193093,2568.2191193107533,85761
2020-10-26,2461.871337890625,2545.5519181626687,2456.4311925904635,2544.0407564421803,36364
2020-10-27,2431.91259765625,2463.1935710598173,2390.997783946968,2463.1935710598173,57015
2020-10-28,2399.12060546875,2443.5488024060983,2383.857907109227,2443.5488024060983,23478
2020-10-29,2343.4716796875,2399.686817721455,2324.1665532504894,2399.1201321184194,54133
2020-10-30,2375.244140625,2392.169078638659,2335.5383282789508,2343.8119020647882,28396
2020-11-02,2376.11279296875,2398.3267953762597,2353.6342634860184,2380.079592289232,19598
2020-11-03,2344.152099609375,2380.0800109540446,2275.054258089723,2304.521915368202,72407
2020-11-04,2327.07568359375,2378.568443161534,2313.5884920459393,2357.4121800076196,21033
2020-11-05,2316.87548828125,2375.055215617021,2305.2772480706253,2327.075830086872,25826
2020-11-06,2323.97802734375,2334.745055512375,2282.9877622105632,2334.745055512375,25480
2020-11-09,2340.562744140625,2373.8461172206034,2323.411095871204,2323.411095871204,29413
2020-11-10,2318.3486328125,2361.0389485148166,2304.521467116209,2361.0389485148166,33862
2020-11-11,2325.791015625,2336.1048044470294,2306.788231884545,2329.7578149100946,19477
2020-11-12,2333.80029296875,2347.7785383495425,2319.6709683152744,2327.1889606940513,41556
2020-11-13,2331.0048828125,2342.300780327254,2323.4112579052603,2342.300780327254,27465
2020-11-14,2348.043212890625,2376.075152815038,2342.3007244241962,2372.410696233425,3801
2020-11-17,2318.61328125,2351.292155545002,2304.5217710926477,2334.7450074348467,65036
2020-11-18,2329.45556640625,2397.4578372387386,2300.932391695956,2304.559216367282,71325
2020-11-19,2306.032958984375,2334.4050593150205,2300.743892564686,2312.455396779712,32609
2020-11-20,2293.18798828125,2317.4798399712345,2285.632179423651,2311.3219295394874,26325
2020-11-23,2286.68994140625,2311.737558696767,2274.2984885448964,2293.9435917682076,36907
2020-11-24,2279.927734375,2312.07774116619,2267.57409634075,2312.07774116619,51732
2020-11-25,2280.720703125,2314.7596559290737,2274.298266160759,2293.1877866438217,30261
2020-11-26,2278.000732421875,2300.781606745643,2272.7872981116734,2281.8542687158424,17312
2020-11-27,2297.0791015625,2316.3842296292905,2274.3740440584356,2289.447845478154,58187
2020-12-01,2280.343017578125,2315.8553177193353,2275.091767535947,2315.8553177193353,52116
2020-12-02,2279.172119140625,2295.077135027586,2265.2316875103547,2284.9524240874234,50780
2020-12-03,2306.070556640625,2322.239912948807,2280.3429919550904,2285.632057874138,83946
2020-12-04,2298.70361328125,2318.122003864617,2283.5541806322813,2318.122003864617,47866
2020-12-07,2305.35302734375,2318.8400361349395,2293.1881006994627,2315.855528383477,62618
2020-12-08,2355.93896484375,2370.257185413842,2303.8038848968085,2319.6332672044928,152547
2020-12-09,2386.955810546875,2410.341003640521,2363.3815377510805,2370.9373471169115,130251
2020-12-10,2367.4619140625,2392.16937513699,2331.72289692759,2392.16937513699,44636
2020-12-11,2366.40380859375,2383.8199856862325,2350.650057098987,2383.8199856862325,35009
2020-12-14,2367.5751953125,2395.191717146706,2357.4126679803544,2394.39832022061,37811
2020-12-15,2367.688232421875,2380.0796846117087,2341.733956359631,2371.3148729383265,81649
2020-12-16,2351.481201171875,2379.400065103056,2346.0788711173745,2379.400065103056,65304
2020-12-17,2368.254638671875,2386.879630695595,2344.189317579324,2368.670060517223,27785
2020-12-18,2393.378173828125,2412.078801425048,2347.1364743777003,2372.033013035678,114155
2020-12-21,2343.887451171875,2415.8565278282986,2314.5330610791484,2402.747126167206,59729
2020-12-22,2351.971923828125,2370.256942082249,2290.58098454085,2335.500225685761,24201
2020-12-23,2375.622314453125,2386.011553284319,2341.1299308527505,2371.7687775358017,65530
2020-12-24,2432.970458984375,2472.260665154309,2380.8353777204243,2387.3334471434173,137758
2020-12-28,2404.1826171875,2451.85984229953,2387.9754449540314,2440.526129623261,131011
2020-12-29,2427.227783203125,2457.526648257067,2414.080750555366,2414.080750555366,69539
2020-12-30,2436.86181640625,2446.9488958316647,2419.370191277749,2439.581981601509,32849
2020-12-31,2427.303466796875,2446.6085942979917,2407.2805743859435,2436.748227368069,41960
2021-01-01,2450.235595703125,2455.6379253517016,2411.814233145425,2411.814233145425,32142
2021-01-04,2546.723388671875,2576.5310200305335,2455.7891482393143,2459.4159736655092,181968
2021-01-05,2605.62060546875,2621.1100131567623,2535.3515852255737,2547.8186694622664,126841
2021-01-06,2542.491943359375,2629.4215638509786,2518.577881371894,2605.6207652126723,65935
2021-01-07,2512.41943359375,2584.0863465536313,2500.972458214187,2567.6524640865136,54859
2021-01-08,2525.45361328125,2545.1365332971973,2497.610566838883,2545.1365332971973,103532
2021-01-11,2533.462890625,2591.566991096392,2516.1223449537797,2576.531004184685,120399
2021-01-12,2617.822998046875,2670.9781821925494,2518.3508574958323,2545.551766847723,236200
2021-01-13,2630.403564453125,2676.2672836629577,2615.065236803359,2642.266146518736,107329
2021-01-14,2598.78271484375,2656.206863801298,2584.0867030896607,2650.6534548131744,44550
2021-01-15,2553.71240234375,2617.2566463390745,2535.3895652344045,2617.2566463390745,45784
2021-01-18,2499.763916015625,2561.4193947018443,2458.736018418255,2561.4193947018443,69955
2021-01-19,2540.94287109375,2572.7528999731244,2497.1948118681867,2523.640142704915,43406
2021-01-20,2527.4560546875,2580.6110630189105,2503.1263853665555,2553.863571588879,55328
2021-01-21,2531.157958984375,2568.937000401082,2523.6399666360453,2544.7205979593778,59441
2021-01-22,2504.486083984375,2559.908015184131,2482.083184734318,2531.195941814297,43624
2021-01-25,2505.468505859375,2531.1960729873686,2468.4828568506664,2531.1960729873686,42369
2021-01-27,2458.546875,2524.0556991986937,2425.4145802336025,2480.9119579562544,76931
2021-01-28,2470.71142578125,2481.2895570913456,2426.2077899852493,2434.4057310697913,17738
2021-01-29,2431.875,2510.7197580955612,2418.6145179983496,2510.7197580955612,78976
2021-02-01,2454.995361328125,2478.8717891616484,2405.013763591108,2431.4590924398944,38306
2021-02-02,2478.909912109375,2515.328875455168,2425.4525621729217,2485.105638741979,32943
2021-02-03,2497.30810546875,2528.929239510961,2457.1490549416326,2493.2280424488476,37822
2021-02-04,2493.605712890625,2526.6623752461933,2479.060781454175,2509.8507012482187,16158
2021-02-05,2488.203369140625,2512.2306925790367,2479.8163479244377,2511.550743601716,18239
2021-02-08,2446.419677734375,2529.6846493096946,2440.5261102957925,2508.5283858148705,60437
2021-02-09,2441.24365234375,2469.049061577965,2426.925433643462,2466.1778177578954,26432
2021-02-10,2416.19677734375,2453.484586214269,2405.9586186685806,2450.197919791763,68172
2021-02-11,2430.665771484375,2439.014976746325,2410.302904529361,2418.6142938553244,19425
2021-02-12,2414.60986328125,2440.526325238527,2410.303089012663,2440.526325238527,28282
2021-02-15,2394.057861328125,2447.288493940784,2389.146585930103,2438.6371303255555,50776
2021-02-16,2368.519287109375,2410.416208941004,2358.1678662115273,2395.1913283853064,53701
2021-02-17,2335.16064453125,2380.004261362802,2315.8555151702444,2379.3243123233606,69727
2021-02-18,2319.40673828125,2357.4124958613324,2304.5218308900844,2357.4124958613324,78656
2021-02-19,2304.03076171875,2331.5338335333045,2300.0639618723435,2331.5338335333045,26720
2021-02-22,2245.5107421875,2366.6303940751227,2214.645373938125,2322.655623778126,158730
2021-02-23,2271.503173828125,2284.4234981144114,2251.971331391829,2270.4452497581965,27359
2021-02-24,2295.15234375,2303.5391800657235,2262.9645274356794,2294.321131071266,17567
2021-02-25,2281.060791015625,2380.0796992047062,2270.596106828483,2305.0882991583358,134862
2021-02-26,2299.68603515625,2310.5663260174038,2253.255442606788,2270.898329903632,37277
2021-03-01,2382.157470703125,2394.2467640283967,2304.5215401298965,2304.5215401298965,85714
2021-03-02,2416.234375,2454.6933677518023,2395.191373843236,2395.191373843236,89148
2021-03-03,2439.128173828125,2516.0841548747735,2404.447087642717,2422.4677641607673,101246
2021-03-04,2457.413818359375,2478.3055581953736,2410.3032715375734,2444.3044148664735,42301
2021-03-05,2420.9189453125,2478.040748920332,2414.0809014835577,2478.040748920332,93581
2021-03-08,2430.552490234375,2478.3051625708017,2398.969174134846,2478.3051625708017,118220
2021-03-09,2434.028076171875,2449.7820106800727,2417.8587197706015,2439.0149835685943,70687
2021-03-10,2419.02978515625,2471.278124510309,2411.8139515092366,2437.654778381813,30154
2021-03-12,2413.363037109375,2448.081940075805,2383.8575681911,2414.0808020191967,44753
2021-03-15,2379.890869140625,2430.2502608437776,2354.012224083695,2417.934440113702,51716
2021-03-16,2461.342529296875,2489.299021820066,2379.8908736465205,2379.8908736465205,240323
2021-03-17,2423.072021484375,2599.197981768742,2380.835128067821,2482.234035695554,487790
2021-03-18,2357.034423828125,2474.527244121529,2309.206119895478,2463.193531553033,96127
2021-03-19,2421.75,2478.305303034804,2283.7432251288706,2361.1902658487083,119891
2021-03-22,2434.89697265625,2459.83113935038,2404.5602924976097,2436.748108744493,57361
2021-03-23,2419.671875,2490.7721019163637,2411.9271718164287,2435.2369132341696,68753
2021-03-24,2412.87158203125,2459.377615798277,2406.5247772849366,2417.858488951899,46789
2021-03-25,2379.43701171875,2425.5652527531843,2356.6563262127875,2425.5652527531843,36078
2021-03-26,2360.548095703125,2409.358697713706,2321.068991993038,2386.8801649792545,75736
2021-03-30,2536.296142578125,2831.1615837462527,2346.4186287708803,2361.190272006149,381370
2021-03-31,2417.065185546875,2542.793942506622,2410.302774218133,2531.195703332522,248064
2021-04-01,2424.734619140625,2470.7494198702816,2406.5250465709014,2440.5261853764555,110273
2021-04-05,2414.912109375,2448.0820360140447,2397.0425109930557,2440.526227260915,103398
2021-04-06,2484.6142578125,2506.8660760193493,2403.4269513062804,2428.4367501808956,156186
2021-04-07,2506.375,2629.4214180183094,2475.169657757102,2509.170796783201,131841
2021-04-08,2637.61962890625,2664.895988408877,2508.906350250746,2516.0843687200677,296046
2021-04-09,2653.7509765625,2697.42358579758,2621.94113403262,2644.5329272525296,142455
2021-04-12,2521.26025390625,2643.3620192783874,2489.2235123798796,2633.199492849512,138072
2021-04-13,2489.3369140625,2575.4353209706896,2458.093569970749,2553.8634493202585,86785
2021-04-15,2480.647705078125,2523.6023681900533,2402.747241176069,2489.3368853528186,63872
2021-04-16,2543.47412109375,2585.559938947994,2493.7190466755787,2493.7190466755787,87205
2021-04-19,2554.80810546875,2571.9975722042514,2425.4148668553607,2425.4148668553607,73169
2021-04-20,2491.037109375,2571.0530575690073,2452.6157445798244,2542.529876928869,47588
2021-04-22,2478.04052734375,2544.1538481551042,2443.510521253586,2490.394347362546,53040
2021-04-23,2468.44482421875,2507.621765129307,2447.3263763274276,2482.083095472553,43420
2021-04-26,2499.12158203125,2509.2841079959917,2457.9802399184096,2499.4615565343997,59514
2021-04-27,2570.0703125,2595.2690063322507,2497.194580177815,2500.9724842325472,163311
2021-04-28,2684.767822265625,2712.535420230379,2586.6555690029645,2599.198285680363,221627
2021-04-29,2621.48779296875,2727.1180340580613,2603.127141182765,2712.4596546977514,93539
2021-04-30,2628.325927734375,2696.6303660375634,2597.6870859152787,2621.865674265857,80880
2021-05-03,2629.459228515625,2682.312073176592,2611.6652622351808,2621.8656039219086,73296
2021-05-04,2624.359130859375,2667.162714306844,2610.5319637381626,2643.324100436129,85717
2021-05-05,2678.38330078125,2697.386087264524,2640.755333809337,2640.755333809337,57520
2021-05-06,2635.050537109375,2716.3132986969526,2624.8880110356645,2692.8902911143086,189190
2021-05-07,2693.7216796875,2712.5355712832943,2626.8903980518144,2663.4228102433462,153900
2021-05-10,2758.32373046875,2810.7609715814865,2720.7712118493005,2728.4026527905235,268752
2021-05-11,2840.719482421875,2866.6737585299707,2724.0578724143847,2742.7584985407993,267788
2021-05-12,2793.64697265625,2867.4293700104313,2784.3532911642,2848.539848468861,141366
2021-05-14,2791.41796875,2831.1615973870926,2764.670479007038,2831.1615973870926,159660
2021-05-17,2811.907958984375,2843.821023884867,2788.062920984414,2827.8445012787724,232739
2021-05-18,2829.88134765625,2858.878773149703,2792.5762090029616,2831.0396064584534,92059
2021-05-19,2829.202392578125,2851.8092104786974,2799.8855133691413,2799.8855133691413,52782
2021-05-20,2894.18701171875,2907.727075441241,2815.4226783131926,2840.625681392597,97218
2021-05-21,2923.4638671875,2947.628356944127,2899.7387707952653,2931.452128264071,130557
2021-05-24,2960.169921875,2973.5104740470315,2892.149956036041,2931.691848819851,74666
2021-05-25,2871.899658203125,2963.644916443554,2843.820997988963,2962.0472641974925,79118
2021-05-26,2804.119140625,2891.7503198768636,2796.6900193063257,2891.7503198768636,67978
2021-05-27,2786.105712890625,2851.8091592056576,2732.224931787004,2796.929845483267,523243
2021-05-28,2816.1015625,2840.306031245029,2787.423589786093,2811.8677453555074,59521
2021-05-31,2774.403076171875,2851.4498164626184,2763.9383759865336,2816.1017606425594,80168
2021-06-01,2804.518798828125,2818.2985494852246,2774.323132296081,2779.914915171426,58779
2021-06-02,2818.498046875,2843.5411270214727,2794.4533042848498,2818.258360050089,52655
2021-06-03,2822.0927734375,2842.822270907219,2811.9077410654404,2831.718666566861,35957
2021-06-04,2807.83349609375,2839.3471437582702,2799.5257834484673,2834.1947549049037,36178
2021-06-07,2841.86376953125,2855.7632653599517,2784.108604746521,2807.8736807069854,71579
2021-06-08,2855.763671875,2895.7449620108455,2829.9615467255526,2855.0048259935897,62264
2021-06-09,2797.968505859375,2870.9811367810603,2787.104392384285,2870.9811367810603,75148
2021-06-10,2831.7587890625,2837.430532833881,2803.879833965913,2819.856357236374,43502
2021-06-11,2947.149169921875,2987.5296735284915,2833.0367827569034,2843.820935179635,403564
2021-06-14,2936.44482421875,2969.4363818384795,2855.8433470666937,2947.6683701618103,133568
2021-06-15,2995.078857421875,3030.746366460125,2942.795530688226,2962.3667710620457,186676
2021-06-16,2956.655029296875,2994.7589943166763,2936.1652183504048,2994.7589943166763,54121
2021-06-17,2861.1953125,2951.6623660745445,2839.7069689549044,2951.6623660745445,159299
2021-06-18,2824.968505859375,2931.6917494632758,2815.063140356562,2883.5224972448436,118288
2021-06-21,2874.57568359375,2899.738705417622,2788.4621921246526,2824.968505416328,38584
2021-06-22,2842.90234375,2896.823105495346,2839.8267852549043,2890.5522426005264,55314
2021-06-23,2863.192626953125,2878.170617259429,2828.803122204667,2871.7800080620727,52020
2021-06-24,2874.056640625,2903.732953042568,2830.440656359857,2887.357017543979,61577
2021-06-25,2902.175048828125,2910.922155157462,2863.7914177386115,2875.7738086078107,52475
2021-06-28,2870.94091796875,2913.6381324451877,2859.797333286959,2904.53159324899,47391
2021-06-29,2855.404052734375,2884.5212266882545,2845.8181390029963,2879.768250134962,55797
2021-06-30,2916.91357421875,2934.4077882186266,2855.803376100789,2869.702872564315,73686
2021-07-01,2891.990234375,2922.904766140421,2876.8923037273007,2922.904766140421,33174
2021-07-02,2895.185302734375,2951.662265673201,2877.7708557747515,2918.271297654453,81776
2021-07-05,2873.537109375,2935.645836520157,2866.187948512199,2923.7034257398686,100997
2021-07-06,2988.448486328125,3002.7873761342257,2874.575784256188,2883.682323986695,189068
2021-07-07,2972.35205078125,3061.1017112874474,2955.656662777546,2995.5979690312965,131335
2021-07-08,3008.618896484375,3071.486473995034,2956.655217652567,2975.587357953934,214221
2021-07-09,3150.5302734375,3179.5676812459833,3021.4001076551285,3025.953377586653,443417
2021-07-12,3116.06103515625,3182.3236242352377,3083.4688897516203,3166.3071211783663,128747
2021-07-13,3203.931884765625,3255.0967374541015,3119.8954148015246,3134.5537572877497,403314
2021-07-14,3315.727294921875,3331.903522765558,3219.269047409542,3243.233829400184,306261
2021-07-15,3270.31396484375,3353.4718366109446,3249.8641344992966,3339.0929673734513,252444
2021-07-16,3210.801513671875,3323.116540129895,3198.4996698750238,3295.1576269316865,101916
2021-07-19,3252.939697265625,3291.9624311266402,3200.0974275887697,3235.245776768477,155649
2021-07-20,3161.39453125,3337.3357992294555,3151.3692238647145,3279.6206087543665,473056
2021-07-22,3236.60400390625,3271.1932166059496,3191.3105983738137,3216.8730362080973,120814
2021-07-23,3204.97021484375,3274.3881236459874,3195.7037542439066,3255.21629759878,44992
2021-07-26,3305.262939453125,3331.1050433996975,3207.286990227766,3228.495863502077,211537
2021-07-27,3331.50439453125,3371.0065029101065,3291.7627943327293,3330.8654896442645,126597
2021-07-28,3493.506103515625,3553.977396628913,3283.414834620726,3355.06969337861,507343
2021-07-29,3502.6923828125,3714.5412118168347,3476.7305356331353,3610.6938230993746,791581
2021-07-30,3447.2939453125,3558.5702552103735,3387.142111255096,3538.719350365297,255026
2021-08-02,3423.60888671875,3494.8643338432084,3400.602850096123,3490.031591756566,90971
2021-08-03,3419.25537109375,3460.514661099499,3399.005051472384,3450.1299218118043,95784
2021-08-04,3424.088134765625,3449.3311176667394,3401.8809250913196,3412.5851168764034,75884
2021-08-05,3516.072509765625,3523.861063454988,3399.004712640057,3450.1295778830568,210048
2021-08-06,3530.6513671875,3568.3561143425304,3499.377404034549,3523.6218536747037,120053
2021-08-09,3561.166748046875,3592.1212593718674,3486.875920866893,3542.7937477765568,110691
2021-08-10,3595.91552734375,3618.6820701693186,3554.7361997624284,3586.729027607117,166547
2021-08-11,3552.659423828125,3602.6660169650672,3486.876014816583,3579.5398447635985,119334
2021-08-12,3731.516357421875,3762.390907661845,3558.210881895096,3569.1549553033847,277121
2021-08-13,3689.3388671875,3825.5785139554687,3667.9300918797194,3748.09237575257,288057
2021-08-16,3689.218017578125,3769.0210482698017,3669.0078754821966,3717.8961834688307,114044
2021-08-17,3678.953857421875,3746.494448875006,3658.743322845685,3700.9613606903845,156584
2021-08-18,3614.408447265625,3717.7366816514964,3598.7115923592587,3708.9098092381305,100904
2021-08-20,3545.94921875,3605.6212934824507,3487.3552471947264,3587.0887622750583,157011
2021-08-23,3526.53759765625,3613.889310526486,3455.0028757464597,3586.7292228700094,125872
2021-08-24,3663.33642578125,3682.5882122330004,3530.491805295602,3546.7877792439313,205106
2021-08-25,3763.669189453125,3792.0275161485692,3666.6118178053366,3666.6118178053366,216114
2021-08-26,3785.63671875,3854.3357602803862,3718.615289965016,3761.033031990066,253529
2021-08-27,3805.247802734375,3853.8166622427348,3765.6661266432616,3794.8232784511697,249784
2021-08-30,3765.546630859375,3882.294991746914,3756.879289338629,3839.1583807275038,163009
2021-08-31,3754.122802734375,3804.0896061327517,3680.1916079166494,3765.546249266683,192573
2021-09-01,3717.337646484375,3791.1892832008225,3699.683509811213,3787.754096579216,124401
2021-09-02,3768.5419921875,3799.8159552022453,3714.541271181046,3717.3371624604297,129169
2021-09-03,3793.625244140625,3839.957159103808,3741.7815069594267,3790.3901543751294,176060
2021-09-06,3848.744140625,3873.907162715014,3768.901316099614,3810.3205272962364,258567
2021-09-07,3788.832275390625,3892.2002969871664,3773.654579157772,3873.5078438475944,111882
2021-09-08,3763.429443359375,3828.373845213648,3747.6526288694495,3792.826085983182,138138
2021-09-09,3808.44384765625,3840.0376591738022,3749.7702949268614,3780.4053589449363,200165
2021-09-13,3879.139404296875,3913.8883403403293,3797.8990223367155,3832.2083699853133,219792
2021-09-14,3860.646484375,3914.2080070749807,3854.335836352782,3905.460705477461,114390
2021-09-15,3887.766845703125,3939.450659848938,3839.277945875023,3886.2889394218637,178264
2021-09-16,3840.1962890625,3922.874784697495,3835.163841001082,3903.2637613187953,131055
2021-09-17,3827.01611328125,3873.707657158017,3771.817539080587,3873.707657158017,300913
2021-09-20,3750.208984375,3846.347786392069,3746.4945209094085,3823.621027147488,90924
2021-09-21,3729.639404296875,3764.8677161888313,3679.8726902309213,3750.209178048596,99480
2021-09-22,3732.834716796875,3780.8442474315048,3701.041591379247,3754.4829839273343,114862
2021-09-23,3752.9248046875,3778.4474546141255,3724.965891175556,3766.4650631090067,96759
2021-09-24,3762.790283203125,3873.507655724394,3738.506048420327,3766.464961175607,254974
2021-09-27,3662.498046875,3786.3558818621486,3633.94001283094,3766.425404021931,143564
2021-09-28,3657.22607421875,3688.6599634059926,3578.741399552231,3654.629889051664,73541
2021-09-29,3621.597900390625,3667.849853955135,3537.122039612686,3634.6587852446687,647138
2021-09-30,3639.411865234375,3713.3032782442333,3618.6821722665654,3651.434041816881,148890
2021-10-01,3604.5029296875,3634.6586137909303,3582.774704590934,3634.6586137909303,56021
2021-10-04,3692.374267578125,3701.6805144565633,3589.2059456409106,3621.8778580127037,116287
2021-10-05,3756.919189453125,3770.4594487910213,3651.5942730363086,3692.3741921979445,106387
2021-10-06,3722.72900390625,3802.4119003473525,3696.0081171992765,3786.355419144355,142811
2021-10-07,3788.5927734375,3812.1979291262783,3698.125715870618,3730.597919450487,188073
2021-10-08,3826.09765625,3879.0198895853687,3779.0468732271115,3806.36688404135,235977
2021-10-11,3790.469970703125,3819.1481423139153,3727.0432506688207,3818.3891014299234,86184
2021-10-12,3784.399169921875,3809.961607191891,3732.435293877818,3786.436020621094,78441
2021-10-13,3789.471435546875,3819.507377599349,3754.4830052632437,3818.389098969852,97935
2021-10-14,3816.5517578125,3912.4108934248266,3763.7890578881224,3834.0459720513854,437602
2021-10-18,3778.00830078125,3855.4944334270695,3765.3468289313387,3816.0722869005094,88730
2021-10-19,3949.396484375,4109.960540475197,3790.3501199489656,3802.41247282059,1105420
2021-10-20,3742.100830078125,3975.7574621195063,3727.7617456979415,3954.1091970037733,315975
2021-10-21,3630.185302734375,3782.441637581712,3599.1110450104334,3782.441637581712,318021
2021-10-22,3633.7001953125,3738.825793511806,3587.567985655119,3626.670681290201,147504
2021-10-25,3555.37548828125,3669.2479999804505,3466.4662937777553,3669.2479999804505,154946
2021-10-26,3630.14501953125,3694.570258570346,3559.1294659768655,3566.7580982738586,102115
2021-10-27,3725.325439453125,3765.666156659597,3599.071133008836,3650.6352006649045,164552
2021-10-28,3539.638427734375,3649.5171978225044,3401.4415048854717,3582.7352542042295,533554
2021-10-29,3534.40576171875,3584.9315080016545,3483.6803089287982,3545.189913099291,161515
2021-11-01,3522.34375,3582.7350815590494,3474.893557364964,3582.7350815590494,80040
2021-11-02,3516.63232421875,3577.4230706084763,3498.8584428594754,3552.459754092641,129909
2021-11-03,3522.46337890625,3544.3913107847648,3498.858224304095,3537.1620907940787,85117
2021-11-04,3536.44287109375,3554.7760858041793,3524.4206945096716,3524.4206945096716,8606
2021-11-08,3576.743896484375,3629.266713054749,3514.834873150475,3514.834873150475,91560
2021-11-09,3547.067626953125,3626.670571509034,3534.8855286677694,3578.7410044846856,49611
2021-11-10,3586.84912109375,3606.7000287195488,3518.7893678719324,3545.190415826657,133754
2021-11-11,3567.357421875,3590.3236707422466,3555.095364034653,3577.702375211568,84528
2021-11-12,3555.015380859375,3605.1818903586286,3535.004944515786,3535.004944515786,98135
2021-11-15,3560.12841796875,3576.3444316963946,3543.2329339973576,3562.7643880647574,52209
2021-11-16,3568.036865234375,3600.788736518167,3555.215471834871,3581.0977504518123,94444
2021-11-17,3575.8251953125,3618.522215186903,3558.2510215815255,3570.712786419303,56975
2021-11-18,3495.423828125,3594.7177650362655,3446.9349235847744,3590.7236341862254,123300
2021-11-22,3393.133544921875,3525.9785570052027,3354.270733862831,3482.881733660858,100904
2021-11-23,3387.582275390625,3414.9818568411533,3310.3356291812256,3386.983155766618,78585
2021-11-24,3322.63720703125,3425.366321646976,3291.922577473872,3395.0507150883554,81572
2021-11-25,3339.6123046875,3362.4588094844053,3300.110587508989,3334.979269262003,73837
2021-11-26,3340.531005859375,3375.0404512275686,3279.7804337580096,3335.897970254752,116337
2021-11-29,3362.697998046875,3395.0106673604637,3239.2395896815715,3296.755064516855,158414
2021-11-30,3383.1884765625,3409.3098561699003,3346.2427691991975,3355.069641640409,96075
2021-12-01,3302.826416015625,3402.9191686564586,3295.197392856709,3383.1084377274055,72456
2021-12-02,3344.245849609375,3361.100769120834,3303.1858739745458,3305.5425671081252,40469
2021-12-03,3321.558837890625,3374.0816560024014,3310.5351933038633,3343.0873581411997,77115
2021-12-06,3278.981689453125,3347.0816197840536,3270.953447517433,3341.489836648376,39760
2021-12-07,3332.54248046875,3356.7471446943796,3286.410274404877,3299.151706386094,64232
2021-12-08,3376.91748046875,3408.5908562787454,3345.123968706271,3346.282422533786,36850
2021-12-09,3374.56103515625,3412.0259027494067,3359.103671486437,3402.9993234754706,52465
2021-12-10,3440.863525390625,3494.864248706719,3383.867204147068,3386.223897204064,135380
2021-12-13,3426.045654296875,3514.8351039697436,3412.0661964969954,3514.8351039697436,106583
2021-12-14,3433.634033203125,3458.7568784677883,3395.1706368704126,3414.182540857281,152238
2021-12-15,3342.76806640625,3458.8373527967174,3325.8327955946156,3433.7542890884906,56435
2021-12-16,3346.202880859375,3377.4370622600863,3332.9025030782036,3355.0699293974367,55514
2021-12-17,3300.550048828125,3375.160335568902,3281.6177124583282,3366.572954186945,108030
2021-12-20,3179.886962890625,3291.9623018093835,3121.8123454188476,3291.9623018093835,77115
2021-12-21,3218.430419921875,3258.851099136449,3195.304443020694,3195.304443020694,37798
2021-12-22,3191.949462890625,3249.5447093722864,3179.16824491621,3243.2340610077827,55108
2021-12-23,3190.271484375,3219.149162441736,3179.7270197598205,3191.9490970522297,81378
2021-12-24,3119.935302734375,3211.281151816948,3105.8360990707197,3206.128762108395,93348
2021-12-27,3131.91748046875,3144.1395588410587,3049.1192329625874,3123.330099867663,129840
2021-12-28,3164.789306640625,3174.4549855103837,3143.3807279886596,3144.139573784391,78311
2021-12-29,3144.818603515625,3189.592845056065,3132.3968187580217,3175.333721278454,93844
2021-12-30,3160.3154296875,3176.771323545148,3140.065307298712,3163.3510075382937,60421
2021-12-31,3164.309814453125,3207.2866963634992,3153.765349251082,3153.765349251082,102073
2022-01-03,3211.9599609375,3220.0279874283237,3167.3454458152155,3167.3454458152155,79157
2022-01-04,3263.564208984375,3274.7877552370464,3199.6581178954707,3219.149592693134,121982
2022-01-05,3230.213134765625,3298.4330022671174,3219.269255952803,3277.982975633332,91269
2022-01-06,3203.931884765625,3227.1378228730664,3176.7318160037503,3219.269307473468,42911
2022-01-07,3195.544189453125,3240.2784524896683,3175.9329690631725,3205.689242243731,39877
2022-01-10,3263.0048828125,3287.0894115018878,3173.2566932692466,3227.337375776633,106736
2022-01-11,3309.137451171875,3320.720430783702,3241.556678322848,3265.6014243550094,110401
2022-01-12,3353.591796875,3367.5712539716956,3309.536614377776,3347.081442008902,119184
2022-01-13,3319.52197265625,3379.034519151952,3281.2980644469685,3375.0403885146566,79394
2022-01-14,3273.589599609375,3329.2277635738233,3267.1989903373214,3329.2277635738233,52848
2022-01-17,3254.137939453125,3294.997817401977,3245.8302258315066,3275.187085684902,63285
2022-01-18,3178.56884765625,3279.74028436258,3167.34530259773,3250.54295807175,86962
2022-01-19,3192.22900390625,3237.4426414768122,3154.085055690713,3175.3339090420895,92557
2022-01-20,2954.578125,3112.8256560043883,2949.066302830359,3075.480535219579,523089
2022-01-21,2935.0068359375,2995.5179129843136,2923.7035246381265,2951.662438125103,186782
2022-01-24,2802.801025390625,2952.0617552672215,2772.7253017271073,2952.0617552672215,241332
2022-01-25,2782.95068359375,2809.4716737522203,2724.9558249423767,2807.8740213929636,197396
2022-01-27,2731.625732421875,2775.920599091406,2673.1914882628735,2755.989927608145,182500
2022-01-28,2727.35205078125,2802.2819784929998,2708.1004586515014,2763.93832542354,326583
2022-01-31,2808.073486328125,2824.569167507771,2745.9247758952138,2767.093667833965,150517
2022-02-01,2853.007568359375,2863.6719753736875,2808.113578149439,2847.335824736423,87745
2022-02-02,2989.487060546875,3003.586263801429,2846.1375547816865,2866.9869948891833,255051
2022-02-03,2966.32080078125,3062.6990860284122,2891.750310751918,2989.486756309373,217010
2022-02-04,2895.9443359375,2981.1390619896815,2884.7207901617735,2955.6565872612236,118473
2022-02-07,2868.105224609375,2931.69186180215,2840.6656643897963,2895.7446863849577,89772
2022-02-08,2865.98828125,2894.945726778622,2804.678379337677,2890.5921636284643,98169
2022-02-09,2974.5087890625,2999.5918492858514,2859.91703496454,2864.3905389019283,114845
2022-02-10,2963.28564453125,3027.5511706120124,2944.6729558492166,3003.5863856203605,174699
2022-02-11,2933.169677734375,2959.530938894524,2893.348118850274,2932.4905975426163,69983
2022-02-14,2812.187255859375,2913.9977958426257,2799.8854122296952,2875.813870188493,74736
2022-02-15,2943.19482421875,2966.8401549448818,2806.835247055624,2843.022108629196,113018
2022-02-16,2933.20947265625,2980.899546750666,2917.312911308713,2944.4729986538655,49341
2022-02-17,2884.281494140625,2948.626978048183,2863.791681874814,2943.6742950372914,40528
2022-02-18,2877.73095703125,2911.9207520720047,2857.4008724124715,2866.7470984917836,39396
2022-02-21,2816.461181640625,2877.731105801248,2806.51583549047,2875.694060197986,39843
2022-02-22,2775.561279296875,2816.461136825903,2702.109258022359,2795.971325263951,85029
2022-02-23,2806.47607421875,2830.8002923714566,2765.1767997571706,2775.5615400873044,49314
2022-02-24,2659.771484375,2747.9618085939314,2640.9191102359123,2747.9618085939314,111434
2022-02-25,2723.437744140625,2790.219486201533,2696.4773644297397,2704.0262317436086,80980
2022-02-28,2707.6611328125,2738.295997711223,2676.067520542407,2723.4379487918172,71307
2022-03-02,2692.083984375,2735.1806142182636,2676.1474424065673,2707.7808395040615,63625
2022-03-03,2700.471435546875,2745.605107258462,2686.252292887427,2723.9968236550817,61376
2022-03-04,2672.951904296875,2719.004147731012,2658.013701250803,2687.25081247657,48268
2022-03-07,2677.585205078125,2702.38879521547,2614.0387429808625,2668.079252219801,79976
2022-03-08,2737.976318359375,2754.3122722675294,2668.8778642271836,2696.8367763037927,71432
2022-03-09,2732.82421875,2771.127893347005,2724.196857390206,2755.91021629966,57674
2022-03-10,2772.565673828125,2804.67844412336,2724.795833923321,2763.8185670164016,97853
2022-03-11,2770.768310546875,2805.477265616592,2746.364134165673,2772.72539548838,131900
2022-03-14,2814.823486328125,2827.045564649252,2763.938302821817,2771.9265638126317,74228
2022-03-15,2761.0625,2833.4362238753492,2749.5594819788416,2831.838571648749,54540
2022-03-16,2822.49267578125,2831.399509977612,2764.617756097837,2782.311678569901,83723
2022-03-17,2838.66845703125,2853.646446038859,2797.488933581151,2851.809107048746,114134
2022-03-21,2832.078125,2871.779741954526,2823.850177415646,2853.4067422146218,49645
2022-03-22,2873.6171875,2883.9219662476467,2826.6861538152725,2835.0338476101833,129177
2022-03-23,2843.501220703125,2925.580595467616,2836.671219126304,2882.963148662268,118421
2022-03-24,2898.22119140625,2905.3306660292806,2843.8210533583283,2843.8210533583283,80582
2022-03-25,2860.5166015625,2913.4788165166588,2844.6600188406915,2907.727307002498,91414
2022-03-28,2796.969970703125,2874.8953042884555,2786.305563771787,2860.516433833211,109741
2022-03-29,2781.7919921875,2830.9995601873457,2776.0005032855274,2819.8159954111225,92908
2022-03-30,2837.230712890625,2845.8180938052656,2787.903199264667,2837.710086579946,99049
2022-03-31,2865.98828125,2877.4515135592765,2837.2305422422655,2843.02203134799,73869
2022-04-01,2865.828857421875,2926.859098634106,2855.803550010361,2859.7976808495364,103160
2022-04-04,2930.773193359375,2959.33122622355,2870.5815691583693,2890.9516345579905,106382
2022-04-05,2936.924072265625,2971.6330265408756,2919.3898787620487,2955.6565048928064,57256
2022-04-06,2943.71435546875,2962.8462028366966,2904.0925002514005,2931.6919828553996,48463
2022-04-07,2963.3251953125,2995.5976897463443,2937.6028404624985,2946.7893400443872,124440
2022-04-08,2955.816162109375,2982.6967761703427,2947.66817526423,2963.6446965393748,69148
2022-04-11,2949.34619140625,2969.2768654178385,2935.6861858372918,2957.2544925087495,45065
2022-04-12,2878.569580078125,2957.2539435130343,2871.779558868006,2954.8574654388744,80560
2022-04-13,2850.33154296875,2901.4963985662057,2843.022361465937,2895.7448891020013,38516
2022-04-18,2865.50927734375,2888.1960580594728,2795.9316335042126,2795.9316335042126,67614
2022-04-19,2848.0947265625,2915.5555520082785,2803.879623716607,2884.5610601825265,78505
2022-04-20,2810.669677734375,2863.072748741576,2803.9994016824944,2851.0103964285877,31572
2022-04-21,2822.21240234375,2840.585401155232,2812.0273703939065,2812.0273703939065,26777
2022-04-22,2784.42822265625,2831.758670869495,2779.9149330310897,2823.7704095676813,42995
2022-04-25,2782.670654296875,2796.969758066955,2724.7957441195676,2779.914743340984,110774
2022-04-26,2832.637451171875,2843.3416432815625,2803.8397302392405,2803.8397302392405,59907
2022-04-27,2799.0869140625,2843.8211798123575,2787.9433279389254,2826.406730211693,72240
2022-04-28,2817.260009765625,2833.595964862579,2785.2669847560164,2803.8796722981056,52029
2022-04-29,2844.819580078125,2863.6719549196146,2818.2985913378266,2819.8562632996227,41186
2022-05-02,2798.727294921875,2841.4644923905976,2785.9060966760767,2827.8444680238886,47471
2022-05-04,2740.9716796875,2830.919564221075,2715.2095414959017,2796.7297728251892,66527
2022-05-05,2787.264404296875,2818.2589005988975,2740.3333639311763,2778.5972568363864,143921
2022-05-06,2809.551513671875,2831.758724490696,2739.9736784052134,2755.950201311366,147407
2022-05-09,2846.97607421875,2914.9162690705857,2761.3419602931617,2809.471230014045,201931
2022-05-10,2852.84765625,2894.9057719080347,2835.8326215157254,2863.791534685599,120733
2022-05-11,2823.810302734375,2879.768110431859,2783.9089777683853,2879.768110431859,139456
2022-05-12,2795.971435546875,2832.278044408906,2772.0464367621616,2796.330868302754,125825
2022-05-13,2728.90380859375,2867.684579255097,2719.865786509989,2867.4311343663085,259290
2022-05-16,2662.38525390625,2770.461863152971,2619.3489110744704,2770.461863152971,151483
2022-05-17,2759.5654296875,2770.5462532522192,2648.74362080149,2697.0592032421755,81976
2022-05-18,2722.822021484375,2817.9329336977235,2715.642251922527,2759.650098430957,88759
2022-05-19,2610.986572265625,2683.966733935459,2601.610555632168,2677.631643296744,79353
2022-05-20,2717.7119140625,2728.016954748124,2627.795892075645,2640.466074776106,64394
2022-05-23,2723.11767578125,2766.3229114365968,2706.8153346316053,2723.2442951058283,46212
2022-05-24,2682.15087890625,2735.8723262298545,2661.7094872074153,2735.8723262298545,37132
2022-05-25,2604.102294921875,2686.0361331638505,2589.785031442228,2661.5827247470515,80312
2022-05-26,2615.674560546875,2637.7630352117003,2548.902865438301,2634.510939297515,57140
2022-05-27,2678.772216796875,2693.6384400663255,2629.4851259252414,2660.7382417810827,45155
2022-05-30,2775.656982421875,2787.397935974658,2690.7244826225565,2690.7244826225565,43495
2022-05-31,2782.2451171875,2795.0419174583317,2758.678456889206,2791.6632025384665,105704
2022-06-01,2774.220703125,2838.036016976797,2762.1417558949247,2793.7326582932183,98099
2022-06-02,2802.644287109375,2820.3825420910803,2765.39386915963,2787.228898851465,42896
2022-06-03,2773.671875,2867.1777816586537,2760.1992887007355,2838.0786367667906,59291
2022-06-06,2777.51513671875,2793.352864632831,2721.555164755664,2784.9060764119877,44612
2022-06-07,2770.631103515625,2793.352881478554,2730.213139146978,2762.099764872958,45245
2022-06-08,2737.47705078125,2795.6753307953386,2724.0888108814765,2795.6753307953386,52567
2022-06-09,2710.109619140625,2742.629752514937,2698.368666462478,2733.2960106530336,61587
2022-06-10,2683.164306640625,2698.7485882299866,2644.689148590951,2694.736364194277,84560
2022-06-13,2598.10546875,2653.6008267865714,2589.362960347757,2626.9511683841215,68591
2022-06-14,2584.843505859375,2702.971907492149,2574.8764619268104,2603.7221577639216,76300
2022-06-15,2605.073974609375,2630.878747022983,2597.387315026336,2609.972946682527,57478
2022-06-16,2555.322021484375,2647.983235787471,2550.9297333861987,2635.355330172568,62985
2022-06-17,2526.9833984375,2555.1112453790506,2491.8026068325917,2555.1112453790506,77717
2022-06-20,2524.82958984375,2561.9109082364193,2498.0531057803414,2561.9109082364193,61270
2022-06-21,2620.278076171875,2635.397743558618,2538.386305029526,2543.3277582868586,56267
2022-06-22,2564.107177734375,2623.825930677241,2557.983256123973,2597.3874416530784,62663
2022-06-23,2617.279541015625,2634.5531812581503,2568.794854088695,2570.061872290647,47978
2022-06-24,2636.5380859375,2658.795247159173,2617.4482637924766,2652.291262059984,73362
2022-06-27,2666.735595703125,2703.22567962799,2658.415426804909,2669.185081802689,88214
2022-06-28,2647.68798828125,2662.3853169935596,2627.8380363725637,2651.446767717749,111940
2022-06-29,2648.7861328125,2669.1004932472383,2625.261745430436,2626.951103052978,77347
2022-06-30,2617.068359375,2662.5541888852904,2604.1447325299746,2648.068029997233,61852
2022-07-01,2583.999267578125,2638.692224091141,2571.4136349768137,2610.2688627698444,61691
2022-07-04,2573.65185546875,2597.5985828881844,2552.239370770397,2597.387413179796,28635
2022-07-05,2577.4951171875,2602.920031892739,2567.4857970070457,2587.16664833164,58897
2022-07-06,2614.281005859375,2627.41580304566,2570.1888117219214,2577.9598157941236,46283
2022-07-07,2647.856689453125,2684.389045085583,2618.841892144737,2626.9508905651865,50719
2022-07-08,2706.39306640625,2719.8656516041215,2648.110231014733,2648.110231014733,84113
2022-07-11,2713.3193359375,2744.1078353720477,2672.6058611127223,2687.8100787317976,53375
2022-07-12,2669.860595703125,2744.3612191335865,2663.567780350545,2702.803066477582,70484
2022-07-13,2703.60546875,2717.289223051887,2657.4015830580092,2669.1848102007343,47687
2022-07-14,2678.814208984375,2714.797607615796,2660.7381655226377,2710.2784936401586,42210
2022-07-15,2634.595703125,2700.1005915433425,2626.1489143210983,2678.814518781167,41657
2022-07-18,2708.2509765625,2714.3326217219333,2643.928778546874,2651.150616174739,69415
2022-07-19,2733.380615234375,2760.579231533725,2702.9721782292954,2715.642360314745,88982
2022-07-20,2752.6396484375,2767.168084314969,2731.4381254986833,2766.323405412553,117834
2022-07-21,2701.3671875,2768.6457673157693,2678.98320066944,2766.322900757881,133142
2022-07-22,2731.18408203125,2740.6446486413274,2692.5823058946958,2715.557525761191,94180
2022-07-25,2727.003173828125,2748.0357992423824,2714.0374782503723,2731.9869023765887,60053
2022-07-26,2611.53564453125,2739.6733755117634,2601.610668765667,2724.0890931069075,83574
2022-07-27,2576.650634765625,2618.504514294646,2562.9246030374675,2617.659835419067,145075
2022-07-28,2620.700439453125,2625.81058104537,2589.8273891047224,2599.118855593027,139828
2022-07-29,2655.71240234375,2698.7487456349104,2634.341987620932,2637.931872493842,83924
2022-08-01,2669.818115234375,2694.524966415457,2649.503551908076,2677.631392958307,90086
2022-08-02,2784.3994140625,2829.1673952896526,2661.329740876471,2669.185295807586,451603
2022-08-03,2809.06396484375,2823.634674481299,2749.5141080642006,2784.39917833603,210211
2022-08-04,2804.12255859375,2840.654918156723,2730.044266111296,2811.091158972814,125559
2022-08-05,2843.06201171875,2892.9824013835832,2783.216440665746,2795.8866217309924,194240
2022-08-08,2848.63671875,2871.9076588177336,2823.0429121935163,2850.7061403777166,68196
2022-08-10,2819.2001953125,2861.56075689736,2808.7260539031677,2854.127541817929,39199
2022-08-11,2878.918701171875,2888.336786995833,2825.4504936356752,2836.600212187108,99926
2022-08-12,2853.0712890625,2882.0438105829544,2834.741801968463,2882.0438105829544,48279
2022-08-16,2822.789794921875,2871.823231934506,2816.961387749088,2871.823231934506,51581
2022-08-17,2847.665771484375,2862.6165454822617,2816.032590648697,2837.529625557616,55222
2022-08-18,2827.73095703125,2854.9295710264296,2809.4437449253096,2850.7907277173085,62023
2022-08-19,2819.622314453125,2850.790878907687,2808.641490326962,2830.5185882132323,52683
2022-08-22,2777.55712890625,2816.9190342726533,2763.7888242650074,2816.9190342726533,53666
2022-08-23,2744.48779296875,2776.670134833946,2741.827137476915,2758.7207119530517,57951
2022-08-24,2739.039794921875,2758.9742962997007,2703.8167316024374,2745.2059911614874,28565
2022-08-25,2721.385986328125,2755.3420301893843,2716.486808427057,2753.4837782187433,40800
2022-08-26,2727.678955078125,2752.808148827006,2718.1763187865313,2725.6938774534965,53770
2022-08-29,2664.24365234375,2711.334497172588,2652.291529373118,2693.723067278269,170257
2022-08-30,2677.50537109375,2689.7109393959686,2667.9181835294175,2675.6048436557444,109110
2022-09-01,2621.92529296875,2684.938208259283,2616.1391606507455,2676.7871402572355,111906
2022-09-02,2658.795654296875,2669.1852457062096,2632.3571642582942,2648.99750307654,42039
2022-09-05,2638.396484375,2681.010488225748,2631.1744394528055,2659.0488396139426,61418
2022-09-06,2611.577880859375,2655.7123469050116,2599.203213058834,2655.670071722131,102043
2022-09-07,2597.091552734375,2620.0247055581553,2588.306975828358,2610.057454616832,160666
2022-09-08,2652.291259765625,2675.942264629777,2611.7466799985073,2611.7466799985073,100885
2022-09-09,2679.278564453125,2694.5250562505953,2625.979462151058,2675.9421248281774,103349
2022-09-12,2710.15185546875,2719.86566140233,2686.0785103290086,2694.525298097339,84569
2022-09-13,2707.153076171875,2735.6609835379145,2696.805761646424,2735.6609835379145,51166
2022-09-14,2652.460205078125,2681.8550672164197,2639.6211291500194,2669.1848857964997,92285
2022-09-15,2626.697265625,2666.3971638218827,2615.7164427194793,2666.3971638218827,60425
2022-09-16,2564.866943359375,2631.2164983201924,2555.1531380412016,2631.174223139948,164868
2022-09-19,2533.487548828125,2582.9856048773336,2527.5325217912205,2574.496541332846,104666
2022-09-20,2549.83203125,2575.4258419301236,2542.4833664183907,2557.6875858853446,88726
2022-09-21,2545.01708984375,2568.2457556156396,2534.078541206158,2555.4910239218243,62697
2022-09-22,2542.567626953125,2559.3766518483912,2525.9695655282044,2542.483076588666,48473
2022-09-23,2528.715087890625,2572.8918339661045,2523.140331089665,2542.5679450690545,64776
2022-09-26,2496.40576171875,2528.7147237933336,2467.433239450926,2528.7147237933336,65619
2022-09-27,2531.5869140625,2550.9299760950566,2502.149775393239,2525.5896120941125,71022
2022-09-28,2491.7177734375,2528.12351021577,2483.4400866262768,2525.5049235907345,87997
2022-09-29,2491.7177734375,2521.366080185123,2473.0927718918483,2521.366080185123,86801
2022-09-30,2519.25439453125,2525.589485213223,2471.149980530215,2482.0885291970085,50552
2022-10-03,2467.9404296875,2531.460237955694,2457.9309028280477,2521.3663669435055,66371
2022-10-04,2529.981689453125,2550.845212828511,2494.3362883109116,2525.420506801804,106794
2022-10-06,2566.598876953125,2580.49380233701,2532.389384647184,2550.0853647317294,91589
2022-10-07,2507.006591796875,2571.877962640012,2497.2927859324327,2566.5987203223804,135898
2022-10-10,2504.55712890625,2520.479200150561,2471.3189364802943,2485.044966632496,83613
2022-10-11,2457.29736328125,2519.423533166463,2452.9473497462795,2517.100666357991,105554
2022-10-12,2464.30810546875,2489.2684050669986,2450.413180556282,2450.413180556282,99300
2022-10-13,2474.866455078125,2479.1321239972253,2453.9606560767857,2479.1321239972253,52621
2022-10-14,2489.52197265625,2521.366323504671,2485.256303293674,2512.8772599653703,77922
2022-10-17,2483.56689453125,2497.2929253232346,2475.1201063515673,2497.2929253232346,58493
2022-10-18,2491.126708984375,2516.0870091017964,2483.566874867497,2496.0258873338844,98240
2022-10-19,2496.4482421875,2514.8622816314432,2487.7902843182997,2502.867883681122,84685
2022-10-20,2466.50439453125,2480.7371087137267,2438.249929647884,2445.3451491468813,127944
2022-10-21,2463.759033203125,2478.87870042563,2459.9157036247702,2478.87870042563,62441
2022-10-24,2479.63916015625,2491.8024523507474,2470.7277575995236,2490.9577735533403,10019
2022-10-25,2462.238525390625,2477.020403330363,2459.9156588572378,2477.020403330363,91366
2022-10-27,2453.66552734375,2467.6870730211353,2435.4203810454396,2466.8846693291275,102897
2022-10-28,2443.571044921875,2469.7983610479346,2437.320504732846,2457.5505193156087,43795
2022-10-31,2460.422607421875,2469.79841792132,2443.529032229649,2449.5684028727096,64732
2022-11-01,2467.602294921875,2470.6852898039,2457.5927694647685,2459.7890166549737,126806
2022-11-02,2517.3115234375,2533.1915248909654,2470.051789483963,2474.824141845967,184041
2022-11-03,2513.215087890625,2528.6304756092445,2507.8512951551625,2508.6959739342647,56876
2022-11-04,2540.03369140625,2554.308680578728,2500.460407302639,2514.6087771438074,112898
2022-11-07,2553.083740234375,2558.53187680654,2523.266539778916,2552.3234056440583,56218
2022-11-09,2557.3916015625,2571.962310379528,2546.07298850584,2560.2213579368668,58542
2022-11-10,2564.866943359375,2576.185555763698,2543.32763591473,2543.32763591473,55235
2022-11-11,2601.31494140625,2619.05319591627,2589.236199740038,2589.236199740038,82452
2022-11-14,2620.193359375,2632.736920711227,2602.6240009565186,2614.322883582438,49664
2022-11-15,2619.010986328125,2633.919483615744,2591.136587880496,2631.047658385056,50639
2022-11-16,2603.215576171875,2636.7915593094644,2599.287902142059,2618.504345321434,49164
2022-11-17,2607.396728515625,2612.4648011061836,2592.530299761827,2593.1638088356467,17143
2022-11-18,2597.4716796875,2616.814740373829,2589.1515115980887,2616.814740373829,38611
2022-11-21,2588.3916015625,2603.04665522707,2572.258153755647,2591.4745967399476,50953
2022-11-22,2605.749755859375,2612.591737174287,2573.9476789862097,2587.0402014324436,27919
2022-11-23,2581.0849609375,2618.5042729204124,2579.0155391271774,2608.1146824644206,63300
2022-11-24,2572.680419921875,2594.0085593302397,2564.655971431599,2594.0085593302397,55421
2022-11-25,2575.72119140625,2589.4049457135093,2567.189853666949,2584.5480429715217,81318
2022-11-28,2612.676025390625,2651.4466990303677,2576.3125625494563,2588.9404691073837,133579
2022-11-29,2614.02734375,2643.8445455234664,2605.834000939263,2618.5041824673312,70957
2022-11-30,2625.13525390625,2650.6022388178126,2613.014029886202,2630.9211803129074,73155
2022-12-01,2637.087158203125,2660.738164106292,2623.6145728702236,2638.7765157676367,201602
2022-12-02,2718.85205078125,2783.216531448047,2639.663416540505,2642.9575812367593,539699
2022-12-05,2682.699951171875,2736.7593960317613,2669.185089956903,2734.689974152302,113358
2022-12-06,2646.251953125,2675.942329245737,2635.6089181909756,2673.4505681314604,89589
2022-12-07,2625.9794921875,2659.5131957574417,2614.4917792340884,2648.067757983642,64361
2022-12-08,2616.814697265625,2637.129261901969,2612.5913036289794,2637.129261901969,29490
2022-12-09,2573.69384765625,2633.7505886064155,2556.8425480238584,2630.9208323369953,101440
2022-12-12,2565.416259765625,2583.7459555938804,2554.5199852035735,2576.270465361957,38694
2022-12-13,2613.858642578125,2621.1229630130274,2567.8236462877685,2586.3643053844803,48387
2022-12-14,2613.647216796875,2639.5788131243116,2597.387150892911,2621.798284229404,42703
2022-12-15,2569.766357421875,2620.1090902271812,2563.811330630985,2620.1090902271812,45147
2022-12-16,2549.958740234375,2576.2704030097348,2546.706644286672,2559.376826596556,64718
2022-12-19,2533.782958984375,2566.9366019349927,2525.8007855562705,2566.9366019349927,62592
2022-12-20,2551.732421875,2564.40260408483,2524.111465901653,2533.1917631520314,46391
2022-12-21,2554.646728515625,2579.0580719403874,2548.607356996828,2556.8429760972404,90372
2022-12-22,2540.4560546875,2566.7254417729814,2532.5582253779285,2556.8427410052495,54368
2022-12-23,2522.9287109375,2557.6448825094385,2515.6643914757215,2528.9680812820648,76114
2022-12-26,2537.16162109375,2540.793781107366,2514.819908511272,2523.0978018347587,29909
2022-12-27,2547.93115234375,2555.1531968383974,2528.1657522514065,2546.6641342296152,33573
2022-12-28,2536.528076171875,2544.7636941957535,2524.956018243942,2538.301984080564,24164
2022-12-29,2529.64404296875,2536.570367697069,2521.577319403155,2525.589543594484,35704
2022-12-30,2553.759521484375,2566.978661124086,2538.006139433625,2542.482977947844,35457
2023-01-02,2554.308837890625,2560.4327595423138,2541.638655162993,2542.5678843845217,19052
2023-01-03,2533.65625,2564.064685770437,2529.812920346045,2546.7064957740654,92085
2023-01-04,2546.19970703125,2557.3496322323854,2522.4220811612104,2543.327881582722,53699
2023-01-05,2539.82275390625,2558.954647907634,2527.0257452372707,2558.954647907634,26234
2023-01-06,2530.9111328125,2545.9041815310325,2520.7327120158366,2528.208201893241,67998
2023-01-09,2539.7802734375,2563.7267938394434,2528.3348343797215,2550.8877172408556,82557
2023-01-10,2550.84521484375,2556.7158969949564,2529.8127969499196,2539.948941712323,177423
2023-01-11,2575.088134765625,2587.082533704685,2544.2573554216224,2552.4084241846726,61076
2023-01-12,2580.029296875,2584.675030594542,2556.4205640352307,2580.4516363040493,32402
2023-01-13,2604.651611328125,2626.951048998664,2572.0892025795742,2586.4064668919323,84766
2023-01-16,2613.689453125,2660.7380174594905,2594.8108008939153,2610.015018136541,94826
2023-01-17,2644.26708984375,2647.983594225192,2599.6257309785683,2620.1937430746884,41330
2023-01-18,2630.87890625,2660.611766843369,2620.8273103903666,2650.602239950035,49938
2023-01-19,2614.660888671875,2659.3865888350365,2607.6079445901337,2635.3977939678502,93054
2023-01-20,2570.061767578125,2626.950965016071,2560.60140663308,2615.167737462089,82127
2023-01-23,2613.647216796875,2622.600894016567,2569.512752200402,2584.7169696690435,51064
2023-01-24,2635.27099609375,2697.903840907821,2615.251945384965,2627.37316754658,156333
2023-01-25,2604.567138671875,2633.243943335984,2591.9392315705245,2629.062824425559,55872
2023-01-27,2577.579833984375,2639.4525608996237,2561.530935535369,2606.89014938137,43453
2023-01-30,2580.19775390625,2601.5681666366777,2550.5073795665326,2563.726518966178,40027
2023-01-31,2573.65185546875,2591.474661344915,2545.69310981035,2591.474661344915,53244
2023-02-01,2555.744384765625,2607.1008926459826,2544.3834971238816,2575.4254403620935,39909
2023-02-02,2628.682373046875,2643.844314372442,2554.2238223779254,2557.602537156676,77350
2023-02-03,2638.52294921875,2676.7869375345604,2606.8474963448,2641.8593890107268,55908
2023-02-06,2639.02978515625,2656.2611486802584,2620.277958681207,2638.522895432441,38093
2023-02-07,2678.814208984375,2685.2338502211,2643.844589868526,2643.844589868526,87963
2023-02-08,2677.2939453125,2697.312791167402,2674.041849519229,2686.078522142035,62686
2023-02-09,2695.28564453125,2711.0813039120694,2670.325549633124,2681.010654536223,103972
2023-02-10,2683.206787109375,2713.108334459273,2671.296733414524,2691.357855127914,49742
2023-02-13,2637.97412109375,2683.5445003065583,2620.700481182254,2683.5445003065583,63299
2023-02-14,2656.261474609375,2675.9425325861785,2633.4551462066515,2648.7861906985104,25373
2023-02-15,2673.450439453125,2681.559231479822,2643.5066198998984,2653.2624941960494,23904
2023-02-16,2721.1328125,2732.493701359324,2677.6318533679964,2679.110041299666,74927
2023-02-17,2729.706298828125,2735.0700919660726,2692.4560856067937,2719.8658728013443,78707
2023-02-20,2736.04150390625,2771.4336726101596,2724.1316554642763,2740.011659607337,163396
2023-02-21,2703.47900390625,2757.200450942671,2698.7487202183306,2745.163778246862,44319
2023-02-22,2673.28173828125,2704.6614726920598,2654.234190413432,2673.534976940717,121696
2023-02-23,2663.4833984375,2687.894533015806,2657.232857870581,2678.307552467621,56707
2023-02-24,2658.964111328125,2682.0661572525023,2651.531103425511,2664.032183745577,34721
2023-02-27,2668.720458984375,2681.8552558911692,2643.8447089572787,2643.8447089572787,109019
2023-02-28,2676.87158203125,2694.440735533516,2658.246373842319,2676.1535225860307,67186
2023-03-01,2671.5078125,2692.835951703423,2654.149622320064,2676.87160524328,26858
2023-03-02,2658.583984375,2669.142468328753,2638.776309721838,2668.3823399722382,36718
2023-03-03,2663.441162109375,2689.879649904568,2655.6278831765385,2665.4262397858815,95563
2023-03-06,2733.802978515625,2745.121592122658,2669.3116686492212,2685.2339467638412,98909
2023-03-08,2733.549560546875,2752.55483402821,2715.684685962586,2715.684685962586,72077
2023-03-09,2725.86279296875,2752.8079617787653,2715.7266482797827,2744.1077296766566,47498
2023-03-10,2738.617431640625,2743.5166096877188,2688.401320653814,2719.8233292497534,58113
2023-03-13,2688.5703125,2765.478357548225,2677.927483481754,2743.094369620605,51761
2023-03-14,2672.732421875,2727.4676453484312,2660.9069195414977,2670.1140415191044,60663
2023-03-15,2703.098876953125,2708.040330599748,2666.1021091533303,2677.589617515951,50536
2023-03-16,2707.533203125,2737.857294210304,2698.0728422979287,2707.1954141106185,54494
2023-03-17,2734.901123046875,2759.2279142927864,2702.9299472403336,2713.108368259487,119929
2023-03-20,2727.17236328125,2751.9637707143156,2693.0474192694646,2732.536156617806,59504
2023-03-21,2687.683349609375,2727.045463567963,2682.9109969514457,2727.045463567963,69046
2023-03-22,2712.854736328125,2725.3560232390073,2691.1465334075556,2701.1137840346264,32319
2023-03-23,2690.217529296875,2709.053908492796,2688.8238917123726,2694.567749013519,25051
2023-03-24,2703.943359375,2721.3860996901803,2690.1752604141843,2690.2173293763194,84758
2023-03-27,2719.105712890625,2728.312629679084,2702.338755573006,2702.9722646975442,52315
2023-03-28,2713.615234375,2728.3125632181022,2703.183368556883,2728.3125632181022,41047
2023-03-29,2730.761962890625,2736.674714388553,2705.7173193911353,2716.444698721866,36645
2023-03-31,2756.8203125,2807.5433134577916,2735.1543847191065,2745.2059795097666,102810
2023-04-03,2766.280517578125,2812.737846922152,2758.340620142029,2812.737846922152,72954
2023-04-05,2758.6787109375,2767.3366687169705,2746.26197370761,2754.7510369696124,56625
2023-04-06,2749.04931640625,2762.099562083942,2724.131292833933,2749.6405502977836,41000
2023-04-10,2790.692138671875,2795.591110740469,2742.8832360556794,2762.0574035908608,30292
2023-04-11,2774.0517578125,2790.6920949045702,2753.0193384893914,2790.6920949045702,48645
2023-04-12,2797.99853515625,2808.219231161513,2761.4661769236436,2774.0518086011634,32989
2023-04-13,2788.91796875,2801.7993192530475,2774.980769845063,2776.670127288086,44906
2023-04-17,2771.517822265625,2812.7804650290673,2726.496606225125,2766.1965106864964,95981
2023-04-18,2786.848876953125,2795.844623913721,2751.330091265807,2764.253718478534,41355
2023-04-19,2778.86669921875,2803.489004340261,2763.8313749745894,2763.8313749745894,61477
2023-04-20,2784.3994140625,2800.1105239247304,2758.0877490935823,2778.1488727566934,45575
2023-04-21,2795.2109375,2829.336083455516,2770.715253230818,2777.3460640470157,76393
2023-04-24,2886.56298828125,2893.9539272912107,2790.818570161199,2796.9002158738876,138882
2023-04-25,2887.999267578125,2902.316532862568,2866.8400211104645,2897.2484597551247,98058
2023-04-26,2928.71240234375,2935.2586626705693,2872.7524350338435,2888.0412029304453,96144
2023-04-27,2956.671630859375,2981.547381207427,2910.9744235788635,2956.3759107801297,184059
2023-04-28,3008.619140625,3033.1991689462657,2977.492645656712,2982.4761678804307,180372
2023-05-02,3068.844482421875,3073.743660359038,3033.2413560111554,3061.749263492463,208187
2023-05-03,3080.37451171875,3095.156389867622,3053.724855869132,3070.407261208574,132572
2023-05-04,3119.31396484375,3131.6463566527777,3073.9970339713072,3083.077330217839,143850
2023-05-05,3096.5078125,3132.406660132777,3082.443993503791,3132.068871113806,96134
2023-05-08,3131.731201171875,3144.316832802922,3102.7586770896087,3115.133139020669,175952
2023-05-09,3090.949951171875,3158.9781894308235,3072.9649343638343,3086.5437098713696,357783
2023-05-10,3140.723876953125,3147.37824599862,3074.7637336087946,3105.9676968818158,146223
2023-05-11,3192.205810546875,3206.728624379358,3147.4680794580154,3157.224819738127,130052
2023-05-12,3193.64453125,3199.5796749449414,3163.2050203318977,3178.8969044628425,61128
2023-05-15,3179.841552734375,3202.2328148437714,3156.371013788722,3192.565866582168,98438
2023-05-16,3192.02587890625,3205.7844616261,3165.363177459045,3177.952690096666,68414
2023-05-17,3202.09765625,3205.8294596688897,3147.3781511475777,3196.1175060366136,66501
2023-05-18,3154.886962890625,3220.1724460917535,3148.277380999933,3206.0092445062783,48639
2023-05-19,3192.430419921875,3207.627670943477,3164.463631637257,3180.110508068299,78456
2023-05-22,3215.31640625,3218.913409633917,3169.859232077014,3203.1315133782477,45194
2023-05-23,3205.604736328125,3250.6572955082574,3184.2475268498188,3221.1168147913163,108752
2023-05-24,3213.113525390625,3237.303287135359,3186.1359979978306,3187.8444869152354,58951
2023-05-25,3206.458984375,3220.2175674577393,3177.5031484534825,3205.8745590903095,54613
2023-05-26,3234.425537109375,3257.940859280564,3192.475352764789,3192.475352764789,108661
2023-05-29,3214.507080078125,3250.7919410131262,3204.9301459946837,3241.7544257331106,30589
2023-05-30,3227.50146484375,3234.605459074289,3203.176684302277,3211.224935878311,24968
2023-05-31,3267.518310546875,3275.0719306419187,3213.248428381723,3227.5016436293668,73757
2023-06-01,3252.185546875,3287.660947268718,3246.295410186015,3282.2654424318434,28380
2023-06-02,3249.48828125,3288.560690721589,3239.281695253775,3247.689779368282,26268
2023-06-05,3263.651123046875,3286.7618257652744,3238.5618928421954,3281.9957523964717,58938
2023-06-06,3193.64453125,3273.273241514816,3188.923464074738,3262.482230828504,54025
2023-06-07,3230.87353515625,3249.8475965466146,3204.300628375741,3219.228060902383,38921
2023-06-08,3184.42724609375,3228.2657275089828,3178.8519344173687,3214.9119833579334,47318
2023-06-09,3184.202392578125,3212.933414582706,3164.6886921889272,3164.6886921889272,43799
2023-06-12,3233.5263671875,3240.675367794608,3168.285671753688,3174.4006216633948,45035
2023-06-13,3414.905029296875,3453.12318959842,3249.2630702045576,3260.863318102151,411994
2023-06-14,3493.094970703125,3507.078365530834,3390.715391681714,3414.9051520777803,334785
2023-06-15,3463.82421875,3531.268031671561,3451.5495326157406,3507.0782719211593,117884
2023-06-16,3480.010986328125,3572.678835914192,3455.1017801906496,3516.0710354038297,264914
2023-06-19,3475.02001953125,3506.178972854957,3439.9940242008365,3484.641959466978,101423
2023-06-20,3517.554443359375,3544.846794038092,3472.0974892534045,3479.875921164106,92030
2023-06-21,3514.3623046875,3546.6453221093157,3493.6345288632956,3534.9550611591585,59057
2023-06-22,3465.577880859375,3516.92497125721,3455.7309086875284,3516.92497125721,47769
2023-06-23,3429.068603515625,3471.1085844280633,3368.6839914770508,3471.1085844280633,80101
2023-06-26,3441.748046875,3465.038557549851,3406.9468611376296,3426.100949366306,50325
2023-06-27,3421.649658203125,3457.260081490988,3413.016761786772,3444.0859241425287,54750
2023-06-28,3448.851806640625,3462.1157566172756,3401.2365182602966,3434.8234056275155,77611
2023-06-30,3469.894287109375,3504.245846031783,3439.6795895565433,3462.1158548892345,46432
2023-07-03,3432.575439453125,3496.1974397817457,3416.2541236527222,3496.1974397817457,35091
2023-07-04,3446.78369140625,3458.114340557672,3394.4023265092133,3444.040932253979,45135
2023-07-05,3473.716064453125,3497.771024993972,3430.282423485333,3455.5512409627886,43576
2023-07-06,3478.572265625,3503.4814713974015,3448.6271670454403,3473.71617908731,73895
2023-07-07,3422.908447265625,3517.8694276074666,3412.6570750946667,3447.7278592656,49379
2023-07-10,3374.978759765625,3448.627323258416,3360.7255446799254,3448.627323258416,29984
2023-07-11,3447.818115234375,3461.936311076934,3375.7880271571016,3375.7880271571016,56127
2023-07-12,3425.47119140625,3462.0706559283735,3391.074847487818,3462.0706559283735,41533
2023-07-13,3456.630126953125,3516.9699445791434,3417.4229230660103,3430.5968597149463,75040
2023-07-14,3616.33740234375,3623.9360283466917,3461.036819773617,3471.1083856886426,256422
2023-07-17,3553.0302734375,3640.347402986309,3543.0485007574903,3634.7720913862377,80778
2023-07-18,3522.095703125,3571.734305330666,3494.7135590956273,3553.030063589155,46590
2023-07-19,3558.42578125,3574.5222843482115,3505.2799658841077,3538.5522487824433,66658
2023-07-20,3532.52734375,3558.4258135008117,3517.8695102153674,3558.4258135008117,20815
2023-07-21,3468.006103515625,3526.9968308500333,3441.4331955026037,3507.0785112255435,32657
2023-07-24,3462.88037109375,3496.287453777264,3412.6571211637647,3444.1309022548667,59290
2023-07-25,3456.900146484375,3491.071679504233,3436.1723700464904,3453.1683431957267,40059
2023-07-26,3415.3095703125,3496.19713677231,3399.168062179927,3496.19713677231,49789
2023-07-27,3407.711181640625,3447.098413768348,3398.4938601966833,3408.160807076915,55924
2023-07-28,3434.104248046875,3480.82028649904,3408.2057792681917,3433.2947905434885,34614
2023-07-31,3494.489013671875,3506.08926251842,3439.6347085164493,3439.6347085164493,76102
2023-08-01,3480.100830078125,3512.4288546038383,3465.757822762118,3512.4288546038383,28963
2023-08-02,3463.959228515625,3521.5112820494164,3428.9334523440266,3473.1315431388407,89352
2023-08-03,3432.2158203125,3475.604675576816,3412.926932709948,3453.2134163252395,32590
2023-08-04,3492.060791015625,3557.7061015862228,3436.801871437189,3436.846658343748,80029
2023-08-07,3554.37890625,3564.6302778592762,3471.1982047611045,3480.10070013002,65975
2023-08-08,3552.76025390625,3577.8942709141497,3529.64955128341,3564.630321056535,37790
2023-08-09,3578.973388671875,3586.2124019476287,3529.1549792305905,3565.394832517079,38219
2023-08-10,3570.97021484375,3587.9659684865182,3539.676240627279,3587.9659684865182,32249
2023-08-11,3559.594482421875,3591.607900549699,3543.947605424728,3570.970137418468,53114
2023-08-14,3584.054443359375,3591.60806303552,3515.9809751926905,3534.9552568334075,29656
2023-08-16,3686.07421875,3727.2149473439695,3581.8511274627476,3592.50733842423,334662
2023-08-17,3646.1474609375,3695.921084528361,3612.875178668023,3695.741058718995,44321
2023-08-18,3594.350830078125,3667.77457776202,3567.5531095259034,3650.868617044642,56735
2023-08-21,3595.204833984375,3636.5703723443753,3579.1083318747956,3597.0033356522013,39955
2023-08-22,3557.12158203125,3618.5854662245742,3549.567962613059,3614.988462779023,40271
2023-08-23,3558.920166015625,3582.5255016726737,3549.5680446584915,3559.2349916418543,17865
2023-08-24,3609.862548828125,3633.7824885043833,3553.1647416891506,3570.025694275464,58226
2023-08-25,3564.720458984375,3619.484749109962,3557.391432673019,3597.902728245704,40961
2023-08-28,3598.4423828125,3609.5930058251847,3527.985989064189,3595.0251855848483,62216
2023-08-29,3601.050048828125,3623.9359391790185,3589.134974999439,3598.397302714622,35715
2023-08-30,3632.34423828125,3650.5990756308693,3598.9819417614735,3619.439899927981,33692
2023-08-31,3695.29150390625,3719.931329543887,3632.4339545592566,3650.9586106970114,101611
2023-09-01,3719.5263671875,3746.9983053071937,3678.835265799713,3695.9210321282862,68916
2023-09-04,3722.98876953125,3751.854811476161,3684.2757545154004,3744.480778400564,59674
2023-09-05,3780.675537109375,3808.32750185127,3705.0484497864295,3721.1001659174867,94411
2023-09-06,3783.05859375,3807.3835944998095,3767.906127985723,3785.8463594093178,41809
2023-09-07,3840.2060546875,3854.9984680514544,3755.990859414474,3785.7561510387163,113060
2023-09-08,3909.718017578125,3923.9260058619348,3825.862872931087,3857.786279204222,98861
2023-09-11,3953.600830078125,4072.2123588970726,3909.8075806674096,3929.5458717806364,221371
2023-09-12,3856.302490234375,3979.1850317009626,3801.358175199524,3979.1850317009626,98548
2023-09-13,3785.396484375,3807.9677687140993,3684.4555756278583,3775.909563463988,170029
2023-09-14,3842.229248046875,3864.980118713352,3794.8385530410296,3805.3599635268083,42072
2023-09-15,3865.834716796875,3955.174939775235,3839.801228384019,3839.801228384019,132363
2023-09-18,3825.278564453125,3896.094573488483,3814.3527537337127,3884.6291244065683,51861
2023-09-20,3795.603271484375,3824.514100272538,3758.1943460061143,3824.514100272538,43088
2023-09-21,3825.772705078125,3852.525417702383,3772.5821054426538,3776.85354695409,61231
2023-09-22,3772.626953125,3850.457378423793,3765.3881593449887,3825.7727667093277,32518
2023-09-25,3716.82861328125,3792.5004852551383,3702.4405995360135,3772.672179447417,83454
2023-09-26,3716.109619140625,3793.804810375262,3709.6348369180046,3715.749567504754,40156
2023-09-27,3746.728759765625,3760.667148287494,3712.2876269884587,3724.697113392348,50810
2023-09-28,3657.52294921875,3775.8642268645694,3650.283936119709,3767.7709693847205,53648
2023-09-29,3696.685546875,3727.394876435158,3650.2841139130073,3652.082615662795,30688
2023-10-03,3675.373046875,3739.08505781566,3655.2299155257824,3704.9135253007503,151067
2023-10-04,3634.63720703125,3694.7522153478553,3599.926035724377,3673.4397941507727,63830
2023-10-05,3612.650390625,3673.3948313622277,3597.902764038512,3652.7570676142054,55061
2023-10-06,3688.906982421875,3694.796899806411,3615.078400421482,3637.4696585864153,35954
2023-10-09,3680.85888671875,3751.4500850592913,3659.2768642961637,3681.5333249194555,73679
2023-10-10,3742.32275390625,3763.365137827165,3653.881337222516,3686.8387959525608,38847
2023-10-11,3742.59228515625,3834.0462785983077,3724.0228416294062,3758.8688144910157,72167
2023-10-12,3686.20947265625,3821.8163330260927,3668.988686158879,3742.6822536599057,65810
2023-10-13,3687.0634765625,3721.100210822608,3662.873715256933,3666.4707188440016,34317
2023-10-16,3692.773681640625,3729.5981802423644,3677.261604200396,3700.417314002477,44509
2023-10-17,3750.32568359375,3763.3648209662733,3704.643915882186,3726.4955359818964,57563
2023-10-18,3715.79443359375,3781.2597182266077,3692.279112262827,3767.860968709044,69555
2023-10-19,3607.2998046875,3660.8502371051027,3569.3514624488894,3660.8502371051027,145790
2023-10-20,3531.178466796875,3623.8911025657717,3504.380746153377,3608.064418502319,62782
2023-10-23,3537.56298828125,3579.0185421268725,3508.1575280875854,3529.5597431778833,110883
2023-10-25,3560.62890625,3583.5147974971756,3518.8137398551144,3541.2500056571835,59838
2023-10-26,3509.41650390625,3552.0409069724524,3479.0217808441826,3552.0409069724524,46324
2023-10-27,3536.348876953125,3556.5370140724403,3504.605278911206,3556.5370140724403,70373
2023-10-30,3493.859375,3568.9918275033524,3486.9351873566256,3551.1416102950643,39290
2023-10-31,3486.980224609375,3525.55822060985,3479.426604736781,3510.6755740498525,26556
2023-11-01,3521.511474609375,3551.2317602884286,3481.2249910240816,3489.048429820393,55212
2023-11-02,3515.351318359375,3547.4545292426646,3498.0857462455074,3540.4405483684122,67360
2023-11-03,3537.56298828125,3585.628123985707,3525.2432949972363,3525.2432949972363,21661
2023-11-06,3580.45751953125,3597.273467679237,3547.544848330032,3568.1826128545467,28210
2023-11-07,3561.8876953125,3597.0034857508767,3535.8994329454176,3596.104234879439,131536
2023-11-08,3669.16845703125,3677.3965148866764,3534.0560103260373,3584.41406034595,50869
2023-11-09,3651.453125,3695.9210361367564,3639.088425669859,3686.928527533017,44854
2023-11-10,3614.223876953125,3663.5478726783967,3601.544572006575,3625.824344358641,32003
2023-11-13,3595.4296875,3636.4804007165812,3585.3581219545968,3628.4321495704457,17715
2023-11-15,3643.27001953125,3655.4549131504873,3607.7946153898533,3619.4398706509332,55792
2023-11-16,3722.62890625,3732.0710401416973,3610.671956276214,3644.124043869494,81374
2023-11-17,3758.86865234375,3825.2784171888707,3722.898617393092,3731.801113225912,110286
2023-11-20,3772.357177734375,3817.094905885099,3754.372161392376,3758.9132023838056,52712
2023-11-21,3735.218505859375,3824.289128695377,3726.9452222392542,3812.8236801289513,63142
2023-11-22,3671.506591796875,3763.364982586627,3638.6839342426547,3722.898692451287,72957
2023-11-23,3682.477294921875,3717.862684697821,3653.9260799868516,3686.928542790413,31868
2023-11-24,3625.01513671875,3704.9136660975714,3614.538951669706,3686.9286483009814,38581
2023-11-28,3620.2939453125,3641.8759659277957,3559.0100870911165,3641.8759659277957,139291
2023-11-29,3617.46142578125,3636.390700443248,3588.9552172016943,3620.87862298511,79365
2023-11-30,3606.895263671875,3716.6038705449664,3587.111744399678,3632.0742882001255,797448
2023-12-01,3635.941162109375,3668.943625815203,3600.6005582755083,3624.8803322698736,47294
2023-12-04,3643.7646484375,3664.4474191467943,3619.529880580344,3664.4474191467943,83675
2023-12-05,3625.150146484375,3661.659600788625,3568.2275214000792,3661.659600788625,153560
2023-12-06,3697.045166015625,3734.0944777624118,3631.894483921846,3659.95106735995,192204
2023-12-07,3717.6376953125,3742.68191850487,3671.6861100671426,3709.409638114509,103999
2023-12-08,3715.1201171875,3758.868583578428,3695.921023566349,3722.8985492858114,102079
2023-12-11,3788.499267578125,3815.0271692176707,3700.4174659908613,3700.4174659908613,136966
2023-12-12,3694.842041015625,3836.1596757616285,3683.5118305814212,3776.0894502589113,143663
2023-12-13,3659.906005859375,3718.40231840468,3636.885315493397,3667.594644646551,162177
2023-12-14,3746.279052734375,3794.7485858824352,3695.921004977984,3700.2372334364563,160580
2023-12-15,3921.408447265625,3934.1779859576527,3757.2951544545317,3783.7782696691297,399090
2023-12-18,3934.4921875,3954.3657197042035,3891.418158298255,3938.584042443792,179741
2023-12-19,3933.0537109375,3945.8680358518886,3902.2091426034453,3929.726307079179,56375
2023-12-20,3765.253662109375,3954.5007571412816,3747.268643484112,3942.0464830131823,190164
2023-12-21,3774.156005859375,3794.838776441878,3704.9136869527338,3713.9061959016485,70907
2023-12-22,3787.779541015625,3808.282724719543,3732.7904370181914,3794.8387483056536,74717
2023-12-26,3739.714599609375,3816.3757328105726,3731.531329244921,3812.733503499356,145162
2023-12-27,3771.90771484375,3776.8535945509,3738.6354331774683,3747.178316308,125786
2023-12-28,3774.650390625,3786.7007037983417,3754.3724587283646,3786.7007037983417,50195
2023-12-29,3788.36376953125,3828.5156708750915,3754.507063165391,3772.2672672854615,180409
2024-01-01,3901.71484375,3918.9354106166297,3848.79384062395,3866.7788585707913,363086
2024-01-02,4016.548583984375,4053.8227061969105,3902.748568077771,3911.6510633994712,339737
2024-01-03,3900.41064453125,4044.8304223969503,3890.159272407561,4044.8304223969503,139559
2024-01-04,3900.6806640625,3936.8755114837622,3873.298299508871,3893.756256746976,154455
2024-01-05,4008.5458984375,4106.474238805989,3915.968276841762,3938.62913726708,496114
2024-01-08,3913.225341796875,4038.536050555089,3896.4543992552212,4035.8382976823063,99905
2024-01-09,3910.70751953125,3990.740852808444,3893.756551575853,3969.293630174553,96627
2024-01-10,3897.488037109375,3938.4939642486615,3858.685450217708,3938.4939642486615,93121
2024-01-11,3891.1484375,3950.768593168702,3885.8877322145663,3934.0424395556465,94549
2024-01-12,4187.58642578125,4226.479025322784,3938.7635381661435,3943.1249926374007,639005
2024-01-15,4559.69677734375,4591.125774015199,4210.2482057300385,4226.479509915079,1316780
2024-01-16,4417.9296875,4550.209583567018,4375.305282380499,4541.217074508586,315994
2024-01-17,4573.77001953125,4595.082002018905,4336.68217281423,4377.553301106375,676853
2024-01-18,5886.046875,5955.558795222897,5031.128852896108,5031.128852896108,5287747
2024-01-19,6184.23828125,6450.686139919357,5775.079133060821,5846.0299392919815,5015168
2024-01-23,5835.6884765625,6015.988274628728,5765.097283803404,6015.988274628728,493230
2024-01-24,5937.1689453125,6051.418590323966,5809.160498825104,5832.585807864226,438774
2024-01-25,6031.544921875,6347.811614706749,5980.018024904361,5989.9097840433005,809697
2024-01-29,5963.38232421875,6077.002762886713,5919.409043167292,6044.94455622203,200607
2024-01-30,5792.5693359375,6069.04419489135,5765.0973971623125,5978.39988173609,221779
2024-01-31,5864.10498046875,5897.1972370997755,5757.048900134203,5794.772650050583,151480
2024-02-01,5794.00830078125,5864.105083493671,5738.11994562418,5864.015070586942,103305
2024-02-02,5902.77294921875,6032.130279630419,5791.40063689456,5835.239118482792,200406
2024-02-05,5949.9833984375,6132.890937706469,5906.054905589686,5922.46623397871,232016
2024-02-06,6326.14013671875,6384.591445848212,5953.041022108316,6023.18259306367,508020
2024-02-07,6316.068359375,6411.658548922461,6160.317936801307,6375.6885149874115,199421
2024-02-08,6504.41650390625,6620.28506919807,6295.161084717748,6357.61379573638,390965
2024-02-09,6767.537109375,6825.313976700827,6362.19978724089,6537.5984905460755,416579
2024-02-12,6473.52734375,6833.407737373756,6417.144574548998,6766.8631693298485,253151
2024-02-13,6924.99658203125,6971.982442919681,6473.527391133155,6474.561880968056,467045
2024-02-14,6983.44775390625,7057.321128204219,6704.320359792709,6819.334463144621,296784
2024-02-15,7024.76806640625,7310.909880923078,6852.291917913143,7045.630863103605,444322
2024-02-16,7119.81884765625,7187.217876796945,6978.18683395169,7086.096939631355,219218
2024-02-19,7029.7587890625,7218.286643797947,6964.5178758022585,7122.022014995535,176152
2024-02-20,7010.78515625,7123.865962201378,6924.232253086419,7058.2206434383515,126862
2024-02-21,6971.75732421875,7095.089495502441,6931.291034320447,7015.865404572961,111685
2024-02-22,7112.31005859375,7134.836556744906,6864.881265079465,6986.145334897978,227277
2024-02-23,7095.35888671875,7364.370132821907,7080.341660805562,7194.906132579475,372633
2024-02-26,7092.1669921875,7170.62663273251,6981.649145071082,7108.578321012101,132941
2024-02-27,7058.89453125,7207.405724917412,7026.74631258161,7147.425955217885,132516
2024-02-28,6878.6845703125,7102.508018833811,6854.854422811586,7068.066886948553,162364
2024-02-29,6899.95166015625,6935.921693572939,6818.659472451999,6861.283874233311,184882
2024-03-01,6933.26953125,7050.127366486339,6865.7809238677555,6946.668721519981,81008
2024-03-04,6996.89111328125,7059.119450184053,6925.625480615379,6993.4293486424385,122205
2024-03-05,6956.11083984375,7013.258061284662,6862.003877968205,6991.316426228006,74394
2024-03-06,7199.671875,7256.954329543471,6836.599345811254,6915.239007954064,229935
2024-03-07,7465.400390625,7540.2182355741525,7152.731139407251,7269.543734809952,457762
2024-03-11,7287.03466796875,7618.767788365022,7246.20832703374,7618.767788365022,216571
2024-03-12,7437.1650390625,7750.823579221481,7364.864915000668,7486.2190003156265,1196903
2024-03-13,7223.8173828125,7568.905359709343,7158.037266354366,7526.730140626388,484645
2024-03-14,7616.83447265625,7642.73272064228,7108.57773346008,7194.006561376425,411117
2024-03-15,7601.63720703125,7629.199597478569,7324.398339325007,7616.834898010709,503281
2024-03-18,7746.2373046875,7821.684811125655,7468.279185605721,7625.648102821977,435341
2024-03-19,7441.076171875,7774.0238080738845,7418.459661117208,7733.557518731684,405472
2024-03-20,7411.4453125,7527.359095716832,7309.78518183853,7463.781886422857,291971
2024-03-21,7562.87939453125,7598.669401402339,7430.5990724849025,7482.710832949563,247898
2024-03-22,7534.7783203125,7596.87141780725,7319.90214736636,7456.677854648627,288085
2024-03-26,7881.3037109375,7922.399648654548,7463.78173482778,7508.744275399033,505302
2024-03-27,7915.4306640625,7992.541423180153,7849.60532729157,7908.911095507364,304430
2024-03-28,7890.11669921875,7997.937229692595,7843.490892926268,7915.4309624535235,243381
2024-04-01,8047.98046875,8113.940165260471,7895.467002464951,7912.507981173322,238495
2024-04-02,7936.96923828125,8048.2963348535395,7868.446137426645,7967.363746011437,205259
2024-04-03,7947.8486328125,8045.597376099383,7884.226635007758,7936.968048768762,148508
2024-04-04,7908.056640625,8039.257688899346,7825.280776785884,8012.2801638127485,150707
2024-04-05,7891.33154296875,7932.741871577547,7868.535005584469,7881.934195361016,104436
2024-04-08,7700.375,7970.9599460074305,7684.323722768501,7958.3704334573285,210012
2024-04-09,7545.0751953125,7874.740228032175,7526.774912367878,7727.263078620586,230661
2024-04-10,7491.3447265625,7620.88164074179,7452.586486565056,7576.188696181012,175896
2024-04-12,7377.63427734375,7508.609641679262,7364.864739157403,7473.674096109546,280609
2024-04-15,7245.7587890625,7388.9197055156565,7227.279359020212,7373.857253199669,202507
2024-04-16,7066.67333984375,7267.161508034059,7050.756862016823,7205.697619852563,200925
2024-04-18,6947.5673828125,7184.879597815289,6926.5697873373865,7102.283318205323,324760
2024-04-19,6836.77978515625,6933.943669339944,6767.9870912541155,6889.161150120947,310748
2024-04-22,6779.0029296875,6907.01138349834,6594.206869191276,6888.26191436045,377745
2024-04-23,6606.57080078125,6872.0298120088655,6582.515841932657,6852.291081356127,423409
2024-04-24,6617.4072265625,6743.482376077429,6599.871834332401,6638.180009791009,334626
2024-04-25,6423.39404296875,6814.973027724584,6394.573226911594,6430.812862983097,1100513
2024-04-26,6735.92919921875,6766.863343830213,6420.651730890063,6429.6442403170795,771387
2024-04-29,6700.90283203125,6825.314280951438,6636.471593336181,6825.314280951438,252212
2024-04-30,6833.09228515625,6887.631760606057,6656.389495675311,6745.235741828553,424873
2024-05-02,6978.41162109375,6991.675571534925,6829.855200517646,6847.795431156072,301938
2024-05-03,6996.80126953125,7053.723672744447,6933.224058753147,7053.723672744447,339722
2024-05-06,7068.5615234375,7110.376689246271,7015.056096219826,7077.104406774776,314006
2024-05-07,7112.296875,7239.698971181112,7012.629542079071,7165.493216191428,381686
2024-05-08,7089.2001953125,7172.3107287991,7068.097934419057,7072.78199138506,135120
2024-05-09,7012.58251953125,7142.303538670689,6994.031081768469,7089.200048074727,145232
2024-05-10,7031.69091796875,7057.3848416312985,6895.569737055,7021.719519707606,119050
2024-05-13,7190.3515625,7201.621923244175,6972.696910100747,7030.994893700971,136013
2024-05-14,7262.56298828125,7299.990603751527,7110.8121400393875,7220.822254206431,136326
2024-05-15,7216.833984375,7388.063844415089,7194.711304400979,7281.3002301889455,115498
2024-05-16,7320.16552734375,7405.7340349494725,7208.068372867315,7216.4631702952875,154700
2024-05-17,7222.07470703125,7340.525818083056,7207.233556849835,7323.13384521421,97219
2024-05-21,7113.87353515625,7260.105152414915,7095.878731149325,7258.250008642738,69252
2024-05-22,7099.49658203125,7194.201767668158,7057.894889947966,7114.430580845248,90367
2024-05-23,7075.1474609375,7142.396423173418,7054.184245574559,7100.56284022002,91772
2024-05-24,6996.11767578125,7119.995165352454,6985.543447508826,7075.146976815868,73891
2024-05-27,7047.2734375,7133.02763753374,6933.599686679415,7035.307851031931,112088
2024-05-28,7008.96533203125,7077.2809134684485,6980.210602463942,7026.264457784516,65923
2024-05-29,7005.857421875,7033.406487326886,6957.020853952063,6962.586285120852,116498
2024-05-30,6883.9287109375,7017.499065556482,6847.335818036953,7002.88980802003,218846
2024-05-31,6915.001953125,6954.006168300766,6834.395596924654,6910.410291295279,162147
2024-06-03,7015.50439453125,7069.90684898845,6887.917060408384,6980.906143707167,88251
2024-06-04,6762.69482421875,7030.994996067363,6513.919859682275,7030.994996067363,279924
2024-06-05,7169.24951171875,7242.435297974085,6762.694923490251,6790.753973853462,165910
2024-06-06,7579.978515625,7605.162002106961,7181.679232662062,7188.54317413346,312109
2024-06-07,7797.44775390625,7891.4577127510165,7605.162273492571,7606.08984542494,319142
2024-06-10,7797.4013671875,7860.615755176644,7547.6526304600375,7708.21496572252,184342
2024-06-11,7827.08349609375,7920.536363955149,7761.503982343734,7791.603871322549,118275
2024-06-12,8109.62158203125,8287.854884035816,8000.261399080735,8000.261399080735,639358
2024-06-13,8958.4892578125,9053.101590003107,8164.487724918785,8195.097597098098,2375475
2024-06-14,8821.8583984375,9084.175554990128,8761.288133518134,8958.489560432396,770138
2024-06-18,8943.5087890625,9163.482828153717,8832.571551815643,8858.311672119446,623177
2024-06-19,9121.138671875,9252.529592277555,8843.146101422184,8992.809463371519,602326
2024-06-20,9030.6533203125,9206.150085476052,8998.374002942386,9118.123159605619,239347
2024-06-21,9033.53125,9243.533005833138,8988.218814617458,9104.397206805519,301582
2024-06-24,9073.5537109375,9099.897112871935,8909.327301910917,8960.38994926825,178150
2024-06-25,9022.537109375,9108.245106154563,8990.813972601689,9073.599755874195,122156
2024-06-26,8804.6044921875,9062.748465555936,8775.385978590151,9062.377074479085,177017
2024-06-27,9141.03515625,9191.495428713406,8764.626669566851,8789.671110256691,501309
2024-06-28,9166.4970703125,9322.09725079214,8986.780021323348,9159.772174285808,498811
2024-07-01,9455.8994140625,9665.298761020305,9173.825174358186,9187.784949655661,883013
2024-07-02,9493.4208984375,9593.691064751074,9351.780479303472,9517.815859763234,236562
2024-07-03,9675.734375,9691.920685809886,9489.98810215698,9507.704363101619,220559
2024-07-04,9680.8359375,9767.28581894425,9623.558373206459,9675.734292097337,220337
2024-07-05,9670.35546875,9728.374914864757,9618.967618785282,9728.374914864757,85779
2024-07-08,9609.96875,9739.504522481766,9573.329661558284,9719.93311858363,83115
2024-07-09,9617.900390625,9669.89061312591,9491.843010301425,9633.761507377172,100783
2024-07-10,9508.0751953125,9622.212729651046,9323.024612271201,9553.990001631018,174464
2024-07-11,9416.6640625,9600.369502588452,9305.725915859799,9591.093783262279,154221
2024-07-12,9792.2373046875,9934.249109767621,9394.63414291775,9544.715099072046,485528
2024-07-15,10131.6357421875,10360.236012952391,9816.029410331575,9917.552333662929,813652
2024-07-16,10289.18359375,10425.908052789277,10133.722907181747,10156.912204452186,504778
2024-07-18,10149.4453125,10392.701038005258,10043.145031563665,10244.150039105602,486345
2024-07-19,10038.4619140625,10411.995326219418,9924.64865258188,10407.357466385913,552895
2024-07-22,10021.5322265625,10254.306557952128,9847.102525483471,9925.018559031005,249350
2024-07-23,10194.4326171875,10264.000508647958,9618.920459265906,10064.10876718491,270163
2024-07-24,10303.83984375,10570.562956926773,10204.218261412174,10239.4659928851,541750
2024-07-25,10281.298828125,10546.491983607571,9943.941669374673,10017.776026645715,807903
2024-07-26,10290.158203125,10500.113736936722,10250.596899901742,10388.805110750114,341053
2024-07-29,10476.4150390625,10614.76184988825,10293.729565007772,10392.191688397157,386712
2024-07-30,10300.5,10481.56221158239,10263.58282045656,10481.56221158239,141253
2024-07-31,10244.8916015625,10390.752275208817,10149.491198969825,10307.1784137226,221107
2024-08-01,10120.64453125,10410.093159339553,10020.141573128569,10370.439460907599,237189
2024-08-02,9637.1015625,10062.85710491725,9580.241580811986,10018.519345065039,245538
2024-08-05,9166.822265625,9486.695998694879,8909.374849965696,9192.841383700646,318616
2024-08-06,9089.5087890625,9532.424363905202,9051.988325168604,9410.031072580714,192285
2024-08-07,9311.5224609375,9366.620591455287,9230.267528775159,9266.442831118868,136542
2024-08-08,9332.6240234375,9665.298006701465,9239.218269285795,9386.098899214216,236879
2024-08-09,9798.962890625,9822.987367482625,9520.08891551858,9520.08891551858,340538
2024-08-12,9957.06640625,10004.048283658161,9697.810069358107,9837.085347556047,319404
2024-08-13,9954.701171875,10152.27397746663,9832.261686719623,10044.675642027056,440334
2024-08-14,9862.083984375,10107.751040889578,9838.662793792044,10005.25434546714,415397
2024-08-16,10109.095703125,10209.783447205662,9980.765592993639,10017.590376944978,435583
2024-08-19,10151.4853515625,10329.347245513589,10110.532693960191,10174.813239004046,201063
2024-08-20,10255.8837890625,10318.680584069765,10157.65356844688,10231.1174396605,222688
2024-08-21,10349.8466796875,10386.949553606437,10204.54218736971,10294.192368809096,223275
2024-08-22,10301.66015625,10488.055918635984,10221.842772032242,10411.067447666957,258898
2024-08-23,10139.751953125,10353.185879262626,10110.533439057997,10353.185879262626,197480
2024-08-26,10210.201171875,10376.886018248159,10199.39459724586,10248.741601945912,235922
2024-08-27,10157.0048828125,10248.695910278264,10049.082252636294,10244.753729632255,186166
2024-08-28,10222.306640625,10335.702311131457,10105.850163860225,10161.133089561665,335216
2024-08-29,10024.9658203125,10211.639676696843,9982.52940327109,10202.36395712495,349528
2024-08-30,10192.80859375,10450.905451504002,9950.804744667865,10100.143807016093,3031738
2024-09-02,10145.548828125,10225.551898813741,9944.265740131297,10086.462321128218,248927
2024-09-03,10625.568359375,10736.645098078665,10136.69175445566,10184.739799300538,498450
2024-09-04,10411.06640625,10527.94045892173,10326.657368209306,10527.012887075129,207209
2024-09-05,10451.0439453125,10499.185284433122,10351.840865209873,10481.469025250472,140806
2024-09-06,10062.1142578125,10512.17232406089,10022.831950249925,10435.230053925929,158478
2024-09-09,10131.3583984375,10225.7388440891,9980.117973574475,10064.155629679373,138898
2024-09-10,10441.955078125,10620.512670746108,10231.118164212025,10481.562579836434,359537
2024-09-11,10539.6748046875,10728.852361718438,10402.672259183946,10576.174395209635,286214
2024-09-12,10737.2001953125,10868.359215412538,10645.973867465525,10673.661524470495,341188
2024-09-13,11373.794921875,11421.703469870628,10750.88325058119,10796.009988542699,700341
2024-09-16,11352.6455078125,11464.789319067238,11114.30661957078,11362.756404415344,377298
2024-09-17,11391.0009765625,11705.030274713343,11334.233392843411,11362.75622991033,450197
2024-09-18,10443.9951171875,11408.206043455666,10273.090005917746,11408.206043455666,856150
2024-09-19,10244.0576171875,10713.40898717982,9879.799959744469,10711.228649768655,888273
2024-09-20,10547.9765625,10584.755151737496,10214.607755442974,10309.961968370008,561495
2024-09-23,10602.9814453125,10697.964259457747,10455.218524624046,10569.681253493092,255526
2024-09-24,10787.6611328125,10827.546724275177,10529.146664654296,10574.3195970819,256723
2024-09-25,10377.58203125,10818.549169389327,10287.746149158733,10784.924687985467,327212
2024-09-26,10462.6865234375,10530.723558534355,10408.098374774981,10417.513591694122,249828
2024-09-27,10567.640625,10801.574431905019,10506.420881547383,10590.088045432341,223731
2024-09-30,10628.7685546875,10655.018658891235,10449.607675773814,10566.89932637668,105479
2024-10-01,10613.880859375,10664.294029310913,10496.543015180181,10574.411950753021,54125
2024-10-03,10364.45703125,10660.491980138195,10258.945722396242,10463.011550509005,149736
2024-10-04,10158.025390625,10609.289111897702,10111.46110091208,10362.554990914066,191185
2024-10-07,10151.7177734375,10346.090274510167,10002.93488554453,10249.668999004734,252254
2024-10-08,10387.9697265625,10434.255925028152,9946.353123306682,10184.739092969074,123076
2024-10-09,10809.041015625,10904.163328117447,10446.268025739659,10446.314223165995,181836
2024-10-10,10636.142578125,10987.089040483399,10493.666992277324,10883.989062544912,188860
2024-10-11,10719.392578125,10851.663972565257,10575.433233906884,10637.394857456053,87217
2024-10-14,10881.763671875,10945.348545180826,10681.454336612695,10745.874386970847,69155
2024-10-15,10961.39453125,11021.269112397054,10875.779831525137,10977.76653657008,128502
2024-10-16,10733.8154296875,10961.024339298545,10684.050836772758,10880.417981857227,208236
2024-10-17,10669.3505859375,10851.66467886555,10554.79544551183,10750.513134822082,95010
2024-10-18,10744.62109375,10758.90606280465,10482.535844444317,10642.681489279295,77607
2024-10-21,10385.55859375,10814.560589874625,10344.281644933684,10784.878289602219,108502
2024-10-22,10101.767578125,10565.043526573847,10030.85452798526,10435.18346566776,156820
2024-10-23,10401.9296875,10577.055062581016,10084.653027906474,10109.605071717253,192175
2024-10-24,9908.6953125,10541.855585697049,9804.713949717321,10461.156823184454,204311
2024-10-25,10099.44921875,10346.786632482039,9673.508013760096,9716.315820015905,432097
2024-10-28,10194.29296875,10325.358693162465,10005.995878640266,10081.964377327646,102138
2024-10-29,10194.3857421875,10277.495815328897,9907.394657358118,10273.507437649969,72733
2024-10-30,10450.953125,10667.077388612763,10198.653555460636,10283.897779707648,123787
2024-10-31,10098.01171875,10476.646758097968,9873.075527890047,10450.952834717884,218143
2024-11-01,10038.5068359375,10295.119950251243,9994.586671227782,10098.010932373201,14599
2024-11-04,10057.4765625,10148.008124756485,9948.348270376235,10039.342712757521,98808
2024-11-05,10146.1064453125,10156.866823610246,9994.58792709852,10054.880104848999,79690
2024-11-06,10723.658203125,10759.83350542773,10238.630518379472,10280.78884030634,145380
2024-11-07,10595.931640625,10820.311639988337,10435.18361551855,10759.833772445794,73472
2024-11-08,10683.912109375,10898.923083903277,10583.594851061327,10583.594851061327,97671
2024-11-11,11068.5302734375,11116.949709911141,10572.325482565893,10667.077318646487,160844
2024-11-12,10997.060546875,11262.53180566327,10929.719189307883,11120.659502476383,150298
2024-11-13,10910.2392578125,11110.037684577015,10835.5226229579,10982.496559176601,94042
2024-11-14,10916.17578125,11135.036545779,10852.683305397577,10880.371869296698,108716
2024-11-18,10455.822265625,10986.996672217803,10212.010356005008,10945.765920428248,179726
2024-11-19,10360.0966796875,10725.096219912139,10292.847717384358,10458.373103005855,127844
2024-11-21,10334.9140625,10463.428972400496,10221.8426817547,10320.165306461235,86133
2024-11-22,10682.2890625,10758.859939320386,10435.137356190382,10435.137356190382,146976
2024-11-25,11092.1357421875,11151.26844584936,10787.660291567798,10926.796064889824,254970
2024-11-26,10891.9208984375,11125.437129784103,10832.926780703396,11091.905042473447,65699
2024-11-27,11009.119140625,11084.344860424266,10879.630463924077,10922.15927379542,70895
2024-11-28,10813.7255859375,11001.00271454915,10640.501533918778,11001.00271454915,95980
2024-11-29,10849.298828125,10978.741309149535,10773.794111063864,10852.591527293813,72200
2024-12-02,11378.060546875,11408.206633189226,10825.599093553854,10847.95321368794,115769
2024-12-03,11617.6982421875,11686.4780590866,11386.918540736155,11451.988070133362,120278
2024-12-04,11518.216796875,11771.907718876299,11439.002697818743,11654.941261229691,102920
2024-12-05,11539.8291015625,11641.258721999058,11400.136236114951,11557.545361734488,118244
2024-12-06,11668.390625,11919.252624563876,11539.829522995953,11539.829522995953,125428
2024-12-09,11673.4921875,11794.818409045178,11597.663185805273,11724.50864123957,71243
2024-12-10,11358.349609375,11478.702061290347,11014.591831593489,11269.998387448704,261653
2024-12-11,11359.880859375,11453.565622882603,11228.258042173618,11316.37737418572,73779
2024-12-12,11219.3056640625,11497.948606422213,11184.521720151011,11372.494515381444,75811
2024-12-13,11394.1064453125,11416.55386433367,11181.878195851672,11216.940229185775,102224
2024-12-16,11553.8349609375,11654.894095138088,11408.20618052106,11409.365645333291,99486
2024-12-17,11529.765625,11666.860579102678,11474.806986537938,11559.309335334918,81786
2024-12-18,11480.09375,11640.79558348988,11347.914752757242,11518.680379143003,74827
2024-12-19,11901.119140625,11987.939510120388,11126.225195287376,11182.297099092793,556116
2024-12-20,11360.482421875,12043.175302968644,11286.740459854695,12011.26737485144,132859
2024-12-23,11380.8896484375,11500.871617454244,11262.717531627886,11500.871617454244,314554
2024-12-24,11408.6708984375,11551.33127942239,11339.566789983206,11409.13468440028,183934
2024-12-26,11390.2109375,11523.503193635102,11195.838437318454,11409.041370737987,132983
2024-12-27,11730.630859375,11858.775284402815,11406.908254376343,11441.59980704423,131029
2024-12-30,12007.8359375,12262.50062367321,11674.420034005372,11743.014157767875,296573
2024-12-31,11863.134765625,11954.546796344062,11437.007867115897,11929.5485521608,202577
2025-01-01,11715.6044921875,11947.079878747016,11613.710175437727,11863.134621767676,71597
2025-01-02,11732.25390625,11839.991746854324,11696.774280387868,11770.887638965989,116848
2025-01-03,11611.3916015625,11871.853617990004,11529.950967384362,11789.439214453068,112999
2025-01-06,11131.9306640625,11650.303895020481,11084.48499566041,11542.705546945452,91120
2025-01-07,11267.076171875,11334.928417492512,11160.35920783414,11160.35920783414,56206
2025-01-08,11112.171875,11241.24386734691,10720.272746857903,11241.24386734691,230698
2025-01-09,10877.681640625,11121.540650354082,10806.212408395088,11112.171630861389,92192
2025-01-10,10621.9501953125,11027.810007901982,10576.360579580809,10815.488436048494,96024
2025-01-13,10061.232421875,10574.272958823414,10003.862464925822,10518.43295193719,122849
2025-01-14,9968.7080078125,10209.830514147476,9817.513781990308,10119.763641343241,147770
2025-01-15,9786.2080078125,10044.583889842883,9689.044849550193,9971.398103291527,186595
2025-01-16,9451.8173828125,10161.13173736833,9164.409615650378,9275.718234463946,929106
2025-01-17,9300.90234375,9519.623602595811,9252.529109930247,9335.59298708911,191124
2025-01-20,9291.951171875,9344.405179754742,9039.187838275206,9274.837289773148,227279
2025-01-21,9058.5751953125,9521.525989467096,9023.697946776398,9291.95193370547,155630
2025-01-22,8898.3828125,9308.13769381089,8793.381493666626,9179.205201445946,268514
2025-01-23,9328.3125,9489.06052896754,8951.115024851522,8969.620265407244,320690
2025-01-24,9095.4453125,9392.128807668887,9059.084314656853,9329.981493450941,112936
2025-01-27,8625.4912109375,9080.929019795476,8590.892959781277,9002.085407264054,194147
2025-01-28,8576.79296875,8693.203233993943,8293.419773275698,8566.12589265195,231027
2025-01-29,8845.7890625,8927.879172291983,8627.253494132292,8627.253494132292,182919
2025-01-30,8343.13671875,8915.356108645921,8311.043097692083,8845.370637108927,278975
2025-01-31,8461.357421875,8615.288166261802,8366.559388577689,8402.920389739504,155215
2025-02-01,8249.12890625,8516.269616901336,7615.225899267488,8440.904399052652,134594
2025-02-03,8541.638671875,8571.692365301371,8005.03830034304,8197.973265388238,146156
2025-02-04,8555.5517578125,8691.348645405393,8400.554856682385,8553.048038364637,108194
2025-02-05,8637.6884765625,8763.838246866377,8575.401665142212,8575.401665142212,117659
2025-02-06,8601.9775390625,8790.042742362382,8562.880021025212,8705.076612563496,102307
2025-02-07,8768.05859375,8825.753743894838,8554.623767904504,8657.909436737262,111132
2025-02-10,8615.4736328125,8785.683079032118,8572.619629219154,8747.095543910411,77774
2025-02-11,8473.3701171875,8662.826695888709,8369.296358883883,8580.040895893198,79790
2025-02-12,8389.2392578125,8509.545527369999,8256.318371388747,8509.545527369999,106087
2025-02-13,8350.60546875,8528.559774172405,8273.013717531534,8348.14704089963,61745
2025-02-14,8313.78125,8461.497084096112,8171.908938064369,8440.90480549214,73852
2025-02-17,8159.9892578125,8312.899118611074,8045.897917532522,8264.665381256937,116078
2025-02-18,8122.46875,8244.258754986835,8002.022999554973,8162.632430680033,126590
2025-02-19,8156.51123046875,8277.512261978089,8069.875651372956,8094.038718564987,53084
2025-02-20,8051.13818359375,8194.958021719985,8000.307425984024,8143.153494807391,117119
2025-02-21,7796.24169921875,8092.508521840687,7682.150357278963,8056.889399097449,185897
2025-02-24,7729.6884765625,7772.124890662969,7596.813802903654,7743.8801453575825,101181
2025-02-25,7614.34521484375,7750.930175012864,7588.465596899991,7722.035948440585,80633
2025-02-27,7496.8681640625,7659.888929299159,7444.228457506709,7615.41167448783,110023
2025-02-28,7201.5751953125,7422.893935442273,6998.5298023007745,7420.575005752975,240082
2025-03-03,7269.19580078125,7315.760094633156,7010.635115301475,7236.684584544722,146378
2025-03-04,7081.50146484375,7346.415636841316,7068.561655687488,7225.785092553709,138586
2025-03-05,7346.78662109375,7420.574780399976,7082.7067349298895,7082.7067349298895,199318
2025-03-06,7258.1572265625,7494.7809074284905,7214.654195294406,7466.953750593979,156271
2025-03-07,7020.88427734375,7207.1871765714095,6981.833411336452,7190.537080467673,307003
2025-03-10,6853.17919921875,7055.668414126844,6826.929095953682,7018.70458380537,186586
2025-03-11,6987.0283203125,7016.153987955348,6679.816319895605,6710.9828269245045,190559
2025-03-12,6767.75048828125,6996.165075755145,6615.350148625221,6982.761480217188,230330
2025-03-13,6797.24658203125,6923.4425522684405,6754.021642823244,6836.204600105119,145595
2025-03-17,6939.81494140625,6947.513607094184,6808.841606525349,6811.1605363007475,219002
2025-03-18,6939.81494140625,6939.81494140625,6939.81494140625,6939.81494140625,0
2025-03-19,7118.97509765625,7136.738008484871,6843.39340292426,7049.500054780185,151859
2025-03-20,7029.88134765625,7270.308152070479,6986.146425561444,7229.0312047922025,326426
2025-03-21,7090.73046875,7147.683292240255,6911.3381557207385,6956.789178352643,228080
2025-03-24,7384.53857421875,7465.098280314528,7058.821808299398,7207.23330492593,234142
2025-03-25,7387.13623046875,7560.638368882727,7230.793718862081,7465.191313329489,267380
2025-03-26,7317.6611328125,7472.101858727216,7261.496833773871,7420.5292218956865,112028
2025-03-27,7296.51220703125,7437.549328401542,7210.943702203837,7210.943702203837,286752
2025-03-28,7282.27392578125,7362.0917571874415,7133.027702026843,7355.644951504924,152932
2025-04-01,7035.95703125,7235.060232843725,7018.9359976831365,7150.651196793881,141821
2025-04-02,7204.3115234375,7223.280096045926,7040.2703509613575,7064.387219093768,156132
2025-04-03,7032.20068359375,7123.706014112533,6956.789269083274,7123.706014112533,174309
2025-04-04,6976.7783203125,7085.67562490766,6911.477348414675,7007.8057818764755,179350
2025-04-07,6765.8486328125,6816.726043231214,6528.251175977859,6710.982844302332,182758
2025-04-08,6999.41162109375,7029.140120431425,6715.620806535169,6887.221614436966,147706
2025-04-09,6865.05224609375,7001.915294115677,6780.179420131499,6959.061745543324,111108
2025-04-11,7030.85546875,7095.878345009618,6967.131102477053,7049.545950654404,116992
2025-04-15,7231.35009765625,7252.220464151538,7069.02502491512,7097.779752086406,138731
2025-04-16,7311.58544921875,7376.51548175225,7203.059537698471,7258.250065351946,115104
2025-04-17,7374.19677734375,7418.720229584316,7250.829711760515,7263.815718664014,174520
2025-04-21,7543.478515625,7709.513886580657,7383.936148002806,7392.284295145827,410248
2025-04-22,7590.32080078125,7647.830258149995,7432.169793017202,7577.33479427863,103304
2025-04-23,7993.35107421875,8028.135021452078,7667.773328114801,7694.20912801213,296818
2025-04-24,8130.630859375,8180.255952179354,8047.149394844311,8068.947332805103,337156
2025-04-25,7980.82861328125,8222.924878746895,7847.2582599208945,8181.184143321783,279186
2025-04-28,8120.8916015625,8193.242206350835,7865.809341090805,8134.80517940641,255169
2025-04-29,8197.416015625,8254.925468860501,8116.253480816831,8190.459226927157,146372
2025-04-30,8089.818359375,8250.752084691925,8032.772687288597,8199.735629980507,146668
2025-05-02,8047.61376953125,8240.08493794731,8023.960686183735,8162.632684632896,150654
2025-05-05,8009.11962890625,8163.5603513815395,7949.291240920327,8162.632779474781,156874
2025-05-06,7776.76220703125,8144.080650970226,7755.891840898354,8063.845687837091,167625
2025-05-07,7913.57958984375,7925.174238483854,7641.33723977411,7663.135179217505,173152
2025-05-08,7807.796875,8038.9865446067315,7745.57191216589,7964.795242766062,190579
2025-05-09,7652.234375,7768.547188731469,7594.795948465941,7610.591515762807,108057
2025-05-12,8341.974609375,8371.172477814975,7829.815277722989,7887.732361021955,268271
2025-05-13,8116.04931640625,8303.681501593279,8094.988560926074,8300.809580391437,139262
2025-05-14,8140.93994140625,8217.045859249829,8050.474416422373,8156.735509260578,102099
2025-05-15,8185.93359375,8208.90896578251,8079.672498099637,8194.549358262191,88914
2025-05-16,8325.2216796875,8357.291469404,8144.769280834962,8218.481931825123,123530
2025-05-19,8252.9443359375,8371.65041384682,8233.319540799266,8371.65041384682,80085
2025-05-20,8076.32177734375,8366.864497597862,8055.261020027142,8317.084525758608,117869
2025-05-21,8025.58447265625,8136.632101788251,7954.265090153371,8128.973644606734,81061
2025-05-22,7939.9052734375,7983.4627475080815,7846.567829000538,7950.914305345449,123383
2025-05-23,8009.310546875,8183.061800596127,7951.39346230129,7951.39346230129,122684
2025-05-26,8090.68115234375,8122.750940973404,8011.7033146737085,8012.660621796981,50840
2025-05-27,8043.77294921875,8135.19577774007,8007.8739327836765,8108.391178801882,95286
2025-05-28,8152.427734375,8240.978646238515,8074.88585479722,8115.571408896672,136774
2025-05-29,8136.6318359375,8291.23693523792,8116.528386492864,8232.841201136833,129537
2025-05-30,8101.21240234375,8223.269073693686,8058.612230774557,8165.830640117246,159983
2025-06-02,8038.02978515625,8088.288412408165,7970.060974967946,8088.288412408165,76519
2025-06-03,8012.18212890625,8108.391496724528,7914.058146803031,8052.867682461243,98051
2025-06-04,8295.544921875,8368.300263639758,8032.764115106241,8054.782179061364,334256
2025-06-05,8366.8642578125,8505.673790693829,8274.005466850507,8309.42583041333,224359
2025-06-06,8410.9013671875,8433.876740828804,8296.503152598505,8401.806948454483,95387
2025-06-09,8770.3701171875,8807.226445246411,8452.544119380782,8471.69026382697,313597
2025-06-10,9086.759765625,9113.56436670354,8759.360709594264,8807.226068663085,393134
2025-06-11,9026.927734375,9206.422824273224,8903.913766098083,9139.889977617617,261322
2025-06-12,9005.388671875,9160.95108913658,8915.880450250645,9137.49706314945,229439
2025-06-13,9073.8359375,9271.519866507095,8829.243957542069,8901.999301873979,302596
2025-06-16,9269.60546875,9316.513520796758,9011.611182492836,9098.726136293955,236103
2025-06-17,9316.9921875,9357.67774290393,9220.782815309529,9285.879703955818,165669
2025-06-18,9243.7578125,9349.540252255721,9190.148612261806,9323.21430571018,110969
2025-06-19,8928.8037109375,9256.20275340996,8902.956418110727,9247.586989134368,165782
2025-06-20,8994.37890625,9045.116182821897,8901.041463499814,8973.796803489702,147147
2025-06-23,8768.93359375,8950.343300738605,8741.171686084197,8950.343300738605,158976
2025-06-24,8766.0615234375,8900.084523686626,8750.265955550996,8859.877623611888,145896
2025-06-25,8785.6865234375,8940.291630877997,8772.762876685509,8833.073228194804,120007
2025-06-26,8687.083984375,8835.945250513114,8606.191527856217,8835.945250513114,149946
2025-06-27,8607.1484375,8814.884085474363,8559.28308082388,8706.229725819569,562109
2025-06-30,8602.3623046875,8701.922251236298,8548.753102699686,8701.443597647121,138155
2025-07-01,8575.078125,8757.44512280212,8541.093723834774,8673.202100195367,140579
2025-07-02,8560.71875,8688.0405944227,8472.167843164663,8575.078356513837,155550
2025-07-03,8644.4833984375,8730.641040282393,8576.993245659001,8577.471899224807,114608
2025-07-04,8720.111328125,8734.470936196343,8577.472554616314,8700.965184029874,96079
2025-07-07,8620.55078125,8711.01630582836,8608.105788450861,8711.01630582836,61737
2025-07-08,8621.986328125,8685.168596226511,8531.99946143497,8616.242485570318,82817
2025-07-09,8556.8896484375,8644.004595912782,8529.60639565678,8642.568635240114,60569
2025-07-10,8402.2841796875,8564.547728560354,8341.97383408874,8526.255445640505,146167
2025-07-11,8267.3037109375,8487.484333160246,8167.265123884123,8336.229818763752,183731
2025-07-14,8360.642578125,8385.532565762402,8142.376532689322,8271.134353352036,113607
2025-07-15,8400.3701171875,8485.570452279202,8314.212474959935,8352.50476039441,75259
2025-07-16,8438.18359375,8479.826453393556,8366.864213440922,8400.369962579414,76256
2025-07-17,8371.6513671875,8513.33283114905,8361.599641703742,8476.955157969733,69691
2025-07-18,8415.2080078125,8466.902590876247,8320.434605528962,8402.284362046563,92192
2025-07-21,8444.40625,8486.52776400068,8293.151722452103,8414.729728772249,62012
2025-07-22,8335.751953125,8481.741292527993,8304.639470957149,8464.031110370908,69573
2025-07-23,8404.19921875,8438.662275120316,8293.630246228571,8362.077705408503,79754
2025-07-24,8557.3681640625,8603.318904847263,8384.095579019955,8565.505274409801,475675
2025-07-25,8241.45703125,8648.791212548278,8208.908589031102,8567.898760563074,173750
2025-07-28,8310.3828125,8395.104489600131,8145.725993729121,8275.919757408421,147286
2025-07-29,8294.587890625,8347.718438022966,8213.695435577643,8310.383458770342,67051
2025-07-30,8204.1220703125,8328.093343136943,8177.796124345919,8327.614689573913,72342
2025-07-31,8113.17822265625,8203.643749740735,8084.937661291252,8137.11090177913,150964
2025-08-01,8020.7978515625,8129.930865237755,7983.941526768664,8113.1779903314655,124824
2025-08-04,8203.6435546875,8223.268351101653,7964.316769149035,7998.779826266574,77907
2025-08-05,8208.908203125,8240.020683195153,8125.143833705358,8218.481273915817,49503
2025-08-06,8153.384765625,8232.362603263144,8061.004628266445,8209.865885875308,81885
2025-08-07,8205.55859375,8223.26877679665,8070.578279718763,8113.1784497498975,65889
2025-08-08,8064.35546875,8259.167474672438,8029.413757614035,8259.167474672438,47453
2025-08-11,8044.73046875,8097.8610144768545,8005.95952997635,8049.995657966175,28768
2025-08-12,8150.0341796875,8270.176223447503,8049.995585480964,8051.910199724151,102518
2025-08-13,8227.576171875,8249.115582412807,8104.083551458236,8221.35367549741,70550
2025-08-14,8219.91796875,8346.282514475848,8204.122400534268,8218.482008003115,83210
2025-08-18,8187.36962890625,8295.545339875722,8153.385224132655,8290.280150403756,39039
2025-08-19,8229.9697265625,8267.304706129318,8128.495166714224,8251.03048426686,53315
2025-08-20,8388.8818359375,8470.252936708319,8184.9754304765065,8184.9754304765065,146307
2025-08-21,8327.615234375,8481.741691753363,8310.383704978662,8433.876332319089,100872
2025-08-22,8255.8173828125,8370.694248064994,8242.415081866377,8370.694248064994,34763
2025-08-25,8376.916015625,8550.667259192332,8300.331445457581,8300.331445457581,203962
2025-08-26,8166.30859375,8385.531929775878,8141.897261572446,8348.196951151383,80298
2025-08-28,8013.1396484375,8199.814546167063,7979.633897562962,8175.403213387043,101080
2025-08-29,7939.42724609375,8094.032358560638,7920.75975573397,7955.701468458686,79570
2025-09-01,8110.78466796875,8150.512913908048,7969.5818661363055,7975.32570892271,138605
2025-09-02,8114.61376953125,8177.317385635102,8031.806703989523,8117.964344437563,65922
2025-09-03,8053.34619140625,8181.625346193583,8022.712363397335,8137.110564868128,102667
2025-09-04,7939.42724609375,8154.342712030694,7917.40918054119,8113.178502519387,119181
2025-09-05,7926.50341796875,8036.593743218316,7793.916374081229,7990.642998766323,84450
2025-09-08,7946.1279296875,8039.465376003328,7913.579486869672,7983.941561784682,62155
2025-09-09,8053.82470703125,8068.184313664492,7974.368216993975,8002.608776706018,80671
2025-09-10,8868.9716796875,8903.913389041334,8443.448671255195,8532.478232074553,1529853
2025-09-11,8747.3935546875,9525.205567074214,8657.885341569769,9525.205567074214,1573471
2025-09-12,8595.66015625,8794.780026224385,8544.92288168922,8768.932735410403,368777
2025-09-15,8587.5244140625,8615.764977042807,8487.485809606836,8591.832296551021,120921
2025-09-16,8752.1796875,8777.548324275362,8585.608261125923,8588.00152874624,162517
2025-09-17,8735.427734375,8816.798842037671,8712.931016374143,8773.720020333903,115640
2025-09-18,8783.2939453125,8807.226626362397,8668.41707627299,8758.403957020606,108710
2025-09-19,8632.99609375,8821.585606997809,8617.200525381528,8802.439463520874,193760
2025-09-22,8669.8525390625,8726.33366309548,8482.220330410566,8520.033964297052,145431
2025-09-23,8715.32421875,8818.234736491171,8649.270025967295,8709.58037589933,130689
2025-09-24,8674.638671875,8719.15345400182,8572.685461197443,8700.007311151576,122602
2025-09-25,8528.6494140625,8734.94910524338,8505.19538884704,8674.638754689342,89964
2025-09-26,8151.47021484375,8528.649224197648,8137.110607888652,8508.545774460512,133987
2025-09-29,8092.595703125,8231.40523491102,8065.791103883562,8204.600635669582,108039
2025-09-30,8044.251953125,8147.162471387636,7955.222388488486,8099.775767629492,111001
2025-10-01,8351.5478515625,8381.224374189556,8019.362259575775,8041.380324750688,176760
2025-10-03,8579.38671875,8600.447476149297,8272.091122151167,8351.547615975787,209851
2025-10-06,8705.2724609375,8721.068028717284,8520.033529701848,8557.368508090429,110924
2025-10-07,8934.0693359375,8965.181819561178,8695.69984602071,8701.922342745445,204283
2025-10-08,8797.173828125,8917.315872352618,8714.36676178485,8874.237051713233,165216
2025-10-09,8913.9658203125,8981.455976606549,8792.387808265064,8826.372213207458,187532
2025-10-10,8819.6708984375,8979.541194762156,8789.037069201637,8979.541194762156,133863
2025-10-13,8804.353515625,8878.06616330393,8688.998008543036,8797.652365836006,215451
2025-10-14,8567.8984375,8883.809776536313,8540.136531948325,8804.831941777235,134209
2025-10-15,8383.138671875,8685.647729807226,8357.770032523089,8591.352975989745,152247
2025-10-16,8420.9521484375,8470.25346551185,8378.35198125675,8415.208305671556,103843
2025-10-17,8405.634765625,8459.722615321238,8348.674994705954,8434.35397785309,121533
2025-10-20,8218.9609375,8380.267200148506,8184.9765320161905,8371.651435377962,225848
2025-10-21,8252.4658203125,8299.852521560162,8233.79833194221,8251.987166764544,15929
2025-10-23,8167.744140625,8366.864016533345,8156.735109024298,8357.769599124069,209610
2025-10-24,8199.3349609375,8241.93512506613,8141.896537393279,8204.121496232852,108451
2025-10-27,8324.2646484375,8342.453484998976,8213.695668287475,8270.176792346796,203519
2025-10-28,8234.27734375,8347.718239551241,8157.214119176161,8347.718239551241,148260
2025-10-29,8289.80078125,8334.794214672109,8242.414080092673,8252.944458127635,91011
2025-10-30,8244.80859375,8323.786440947024,8224.226488116836,8295.06722378447,75010
2025-10-31,8151.47021484375,8268.261684745212,8137.110607888652,8264.911109789022,111369
2025-11-03,8172.85791015625,8234.103306652009,8078.559442535796,8223.409665994019,155670
2025-11-04,8093.1416015625,8190.356515695383,8059.116381615991,8185.495769988738,85461
2025-11-06,7983.77490234375,8124.736529234447,7971.1369633811355,8093.627756403396,76986
2025-11-07,7851.5625,7981.344409707175,7812.190459976475,7981.344409707175,91422
2025-11-10,7948.77734375,8024.604975721198,7861.769996808689,7914.752124275744,78362
2025-11-11,8012.453125,8033.8404058480955,7941.000163984773,7948.7773570204445,74067
2025-11-12,8160.2197265625,8195.217094939466,8041.131459168659,8068.837709133757,104111
2025-11-13,8072.240234375,8175.77411586605,8055.713699301311,8147.095716767591,57121
2025-11-14,7994.46826171875,8064.949072684228,7931.764643687394,8064.949072684228,71224
2025-11-17,8055.7138671875,8116.473188577619,8010.508932073252,8045.992375765081,63753
2025-11-18,7949.74951171875,8059.1162888594845,7930.306529115953,8051.339095818366,63320
2025-11-19,8100.9189453125,8138.832762529251,7937.597886532649,7960.929466358341,144973
2025-11-20,8139.31884765625,8277.364028470485,8112.584745738,8166.0529495744995,133670
2025-11-21,7941.97216796875,8138.346288530558,7923.015260290754,8098.488174951181,84765
2025-11-24,7919.61279296875,8044.533954681938,7887.045797502666,7947.319042842882,272790
2025-11-25,7858.853515625,7993.010094689355,7835.5219366572865,7971.622813968951,79913
2025-11-26,7949.74951171875,7991.065849749694,7851.076375009554,7893.850936735707,167920
2025-11-27,7923.50146484375,8045.506180362785,7888.99017081247,7970.650697534373,197830
2025-11-28,7881.212890625,8034.812451093577,7862.255982845651,7896.281201936791,91091
2025-12-01,7922.529296875,7961.9013364508555,7884.129406424474,7922.529296875,82563
2025-12-02,7873.43603515625,7968.220578115594,7840.382963765299,7922.529567663398,93379
2025-12-03,7850.59033203125,7961.901407880123,7818.509410607557,7897.739565032738,120259
2025-12-04,7963.35986328125,7995.92686021953,7834.064024690466,7865.65887246641,76182
2025-12-05,7990.09375,8048.422698168877,7930.792652694975,7991.065899136148,89963
2025-12-08,7802.46875,8033.840237976577,7659.562830955644,8025.090895994269,149195
2025-12-09,7837.46630859375,7863.228260612819,7695.046460639274,7748.514662943003,82888
2025-12-10,7650.8134765625,7890.93430613187,7613.871810474904,7839.410403430749,106562
2025-12-11,7782.0537109375,7812.6764082385025,7314.936058457116,7497.700093142469,264718
2025-12-12,7767.4716796875,7800.038676091696,7671.714988767698,7753.375517064788,96155
2025-12-15,7745.59814453125,7786.914482296243,7712.545074319256,7772.3322454380095,49684
2025-12-16,7610.4697265625,7736.849117819206,7568.181237949679,7727.613700765832,107137
2025-12-17,7497.7001953125,7642.550416265702,7453.953484286366,7582.763244529984,81864
2025-12-18,7449.0927734375,7546.793761852569,7383.958781160787,7454.439593699021,119072
2025-12-19,7605.60888671875,7625.051869748644,7427.219517419474,7504.991449539049,102445
2025-12-22,7641.578125,7709.628563108263,7595.887116555881,7679.978015075377,78936
2025-12-23,7599.28955078125,7676.089330045894,7539.016306295074,7676.089330045894,101671
2025-12-24,7565.2646484375,7632.342939460654,7547.765963822764,7602.206315957498,54134
2025-12-26,7560.40380859375,7583.249313223036,7511.310277369115,7534.155781998401,89564
2025-12-29,7476.798828125,7573.04159031254,7412.150912110137,7563.806173738989,122553
2025-12-30,7414.09521484375,7502.5607841810315,7389.305412447039,7446.662210149233,139152
2025-12-31,7472.91015625,7500.130331139423,7399.026824407279,7446.176055912173,54251
2026-01-01,7473.396484375,7499.15843648374,7429.163698678862,7485.062274009147,48035
2026-01-02,7516.1708984375,7525.406315049433,7441.801490983517,7471.938113611929,54875
2026-01-05,7463.18896484375,7527.83688280156,7417.497955159282,7519.573615092667,104098
2026-01-06,7381.5283203125,7486.520426014297,7363.5435614654325,7428.191478402188,160627
2026-01-07,7614.35791015625,7622.62117759785,7343.128308249631,7371.320632462147,123199
2026-01-08,7382.50048828125,7649.841498852404,7359.1689091768585,7614.844130195816,151580
2026-01-09,7385.90283203125,7431.593840008278,7311.533425430343,7382.500310160621,123509
2026-01-12,7372.77880859375,7391.735716131669,7246.885499559877,7387.3610451613795,85550
2026-01-13,7481.65966796875,7490.89508465868,7370.834667689587,7397.5687686341225,105308
2026-01-14,7321.2548828125,7486.034155503606,7300.839751682628,7486.034155503606,100564
2026-01-15,7321.2548828125,7321.2548828125,7321.2548828125,7321.2548828125,0
2026-01-16,7737.82080078125,7787.886479685732,7336.323220440442,7373.264886428216,381617
2026-01-19,7767.95751953125,7799.066291275822,7666.854011361393,7743.167717047295,148585
2026-01-20,7607.06689453125,7784.970184205272,7576.930271690296,7752.889263116514,167450
2026-01-21,7459.78662109375,7588.596385516103,7328.546483757768,7534.156032250806,161634
2026-01-22,7677.0615234375,7790.316894778575,7622.621173264966,7626.509769705862,326204
2026-01-23,7734.41845703125,7819.967580236222,7626.509903897707,7662.965496172553,174884
2026-01-27,7783.02587890625,7864.200330678505,7704.281799941548,7756.7778525846825,133152
2026-01-28,7789.3447265625,7848.645822140697,7714.489245258873,7824.828168998634,83252
2026-01-29,7619.21875,7796.635964912281,7537.072149122808,7796.635964912281,128041
2026-01-30,7543.87744140625,7612.413956821088,7473.882702259181,7612.413956821088,100253
2026-02-02,7519.08740234375,7631.85670076923,7424.788937281064,7631.370626207051,99623
2026-02-03,7608.525390625,7792.261581620735,7588.11025829214,7699.42133696416,87430
2026-02-04,7308.13134765625,7475.8270786134435,7257.57959107785,7475.8270786134435,217399
2026-02-05,7242.9970703125,7331.948715428075,7203.625030671179,7288.2020047154965,92851
2026-02-06,7061.69140625,7193.903690287721,6946.005657716994,7145.296232920911,266523
2026-02-09,7067.0380859375,7192.931398012458,7050.5115507616365,7191.9592488844655,78522
2026-02-10,7137.51904296875,7164.253144532579,7053.914216260045,7096.202704188285,125045
2026-02-11,7016.486328125,7173.974486788838,6999.473718392795,7145.296087525978,74734
2026-02-12,6575.61669921875,6984.405407382778,6544.021852571114,6965.448499394196,370703
2026-02-13,6454.09814453125,6524.092882655403,6221.7544999246875,6462.847486796769,437097
2026-02-16,6512.42724609375,6570.270121320288,6424.93382138134,6454.098296285476,155949
2026-02-17,6654.36083984375,6719.494831994157,6486.6651137848685,6511.454916767486,215007
2026-02-18,6527.4951171875,6685.955420129128,6488.123078726543,6685.955420129128,151155
2026-02-19,6466.73583984375,6610.127832684543,6440.487814035605,6562.006452036277,140373
2026-02-20,6457.50048828125,6507.566167640901,6409.379107149158,6464.791606634597,91354
2026-02-23,6483.74853515625,6512.426934104763,6383.617176115678,6459.93088179223,123441
2026-02-24,6274.25048828125,6461.389195903522,6221.2683606687115,6421.0450069875515,212873
2026-02-25,6427.85009765625,6484.234747635691,6337.440227861629,6337.440227861629,148595
2026-02-26,6665.54052734375,6688.386031958726,6446.320897953242,6465.763880604285,254463
2026-02-27,6738.93798828125,6790.461893846586,6644.63951960507,6711.717811756167,257521
2026-03-02,6657.27734375,6786.087105439088,6566.8674732814325,6566.8674732814325,106501
2026-03-04,6641.72265625,6698.5933786432415,6582.9076356552805,6610.127810475977,122604
2026-03-05,6600.40673828125,6694.219132455216,6551.313205578812,6669.42932881339,102857
2026-03-06,6530.89794921875,6721.439181437695,6503.677773187472,6572.700362409641,91716
2026-03-09,6525.55126953125,6544.508178247206,6386.533938947568,6464.791946723696,94042
2026-03-10,6633.94580078125,6649.986261759106,6536.73088576394,6581.93582124699,103676
2026-03-11,6602.8369140625,6800.669262709691,6557.145904792633,6731.160599671489,183088
2026-03-12,6508.05224609375,6606.725381201452,6481.318145448806,6606.725381201452,82424
2026-03-13,6344.2451171875,6499.788975408463,6318.969240226594,6491.039633383533,96014
2026-03-16,6235.36474609375,6343.27330343962,6141.066277061774,6334.523960952117,124430
2026-03-17,6126.48388671875,6270.361959589962,6060.863819699785,6270.361959589962,163871
2026-03-18,6410.83740234375,6480.3460647544825,6138.635647448572,6139.121722010885,321179
2026-03-19,6191.1318359375,6357.36933989374,6163.425585278127,6319.941597774938,113659
2026-03-20,6396.7412109375,6489.095377356811,6260.640334109043,6270.361825311075,200334
2026-03-23,6265.5009765625,6352.994395940409,6222.726415977744,6309.247686251455,118364
2026-03-24,6421.53125,6489.095616342442,6287.860741049126,6425.905921202028,167921
2026-03-25,6415.2119140625,6522.148315115216,6371.951279091174,6410.8372431103435,168716
2026-03-27,6753.52001953125,6865.317169703424,6610.614097137253,6610.614097137253,980855
2026-03-30,6543.53564453125,6670.401103097783,6494.928189141774,6620.821498600517,272945
2026-04-01,6691.30224609375,6827.403119906495,6645.611238456614,6756.436235704135,155077
2026-04-02,6797.7529296875,6824.0009567309835,6518.260049131882,6610.614218358955,157651
2026-04-06,6821.5703125,6857.539829610232,6749.631278279535,6804.557703055971,97867
2026-04-07,6991.69677734375,7009.1954622703615,6749.631635858963,6793.864422756786,153224
2026-04-08,6980.03076171875,7130.7138770483325,6945.03339299704,7088.911464408513,172022
2026-04-09,7016.486328125,7044.678652824082,6888.162643287798,6987.80792886214,136188
2026-04-10,7051.48388671875,7076.759764716226,6895.453947542027,7076.759764716226,151932
2026-04-13,6964.96240234375,7010.653411194355,6879.899353951667,6999.959770825064,68906
2026-04-15,7332.43505859375,7354.794489332584,7062.177591402625,7094.744588348318,191551
2026-04-16,7559.431640625,7574.499952151451,7378.611902307581,7436.940850151909,211647
2026-04-17,7769.90185546875,7796.635956316469,7501.1026233089615,7577.902403926044,175320
2026-04-20,7857.3955078125,7947.319304221118,7696.990898002532,7838.924673955595,271398
2026-04-21,7710.11474609375,7940.028015221372,7665.39588613658,7903.572422864983,215428
2026-04-22,7900.169921875,7940.514110856457,7618.732748136882,7658.590862552298,439033
2026-04-23,8546.6494140625,8652.127598834812,8030.9242802218405,8195.217489682862,2646355
2026-04-24,8699.7626953125,8762.46631514127,8508.735388392295,8574.35545565496,590278
2026-04-27,9099.3154296875,9225.694810655383,8759.063250158588,8797.94921353332,843945
2026-04-28,9303.466796875,9356.448922311749,9118.758469664315,9138.201451475967,591393
2026-04-29,9418.1806640625,9536.782856570306,9308.327813624943,9318.535379373565,473232
2026-04-30,9455.6083984375,9551.365086582886,9343.32517528225,9444.428683577886,360954
2026-05-01,9455.6083984375,9455.6083984375,9455.6083984375,9455.6083984375,0
2026-05-04,9459.0107421875,9622.33179097347,9376.378068694597,9610.179927224515,347883
2026-05-05,9436.6513671875,9585.39018033056,9385.613539148215,9497.896760834643,245385
2026-05-06,9424.5,9530.95033266285,9381.239362525142,9521.228841095466,250721
2026-05-07,9498.5,9547.5,9410.0,9475.0,310150
2026-05-08,9345.5,9580.0,9301.0,9500.5,198264
2026-05-11,9239.5,9401.5,9190.0,9395.0,126412
2026-05-12,9010.5,9235.0,8985.0,9201.0,165795
2026-05-13,8928.5,9090.0,8910.0,9000.0,115580
2026-05-14,8904.5,8960.0,8646.5,8930.0,169127
2026-05-15,9015.0,9200.0,8904.0,8904.0,309380
2026-05-18,9408.5,9464.5,8949.5,9015.0,332444
2026-05-19,9646.0,9999.0,9465.0,9465.0,446973
2026-05-20,9703.5,9915.0,9597.5,9640.0,306099
2026-05-21,9730.5,9819.5,9652.0,9808.0,136752
2026-05-22,9525.0,9770.0,9454.5,9770.0,200614
2026-05-25,9703.0,9837.5,9500.0,9530.0,184137
2026-05-26,9882.0,9917.0,9594.0,9711.5,259841
2026-05-27,10299.5,10380.5,9911.0,9950.0,450281
2026-05-28,10299.5,10299.5,10299.5,10299.5,0
2026-05-29,9964.0,10584.5,9900.0,10345.5,682054
2026-06-01,10191.0,10291.0,10063.0,10069.0,362417
2026-06-02,10344.5,10475.5,10176.5,10290.0,528415
2026-06-03,9997.5,10300.5,9933.5,10300.0,235347
2026-06-04,10098.0,10209.0,9775.0,9875.0,277226
2026-06-05,9936.5,10198.0,9908.5,10175.0,197221
2026-06-08,9756.0,10000.0,9689.0,9800.0,160714
2026-06-09,9639.5,9862.0,9434.0,9841.0,252133
2026-06-10,9470.0,9757.0,9440.0,9701.5,147749
2026-06-11,9265.5,9439.0,9050.0,9349.5,385982
2026-06-12,9327.5,9409.0,9226.5,9350.0,149536
2026-06-15,9373.0,9517.0,9350.5,9500.0,111550
2026-06-16,9500.5,9580.5,9357.0,9425.0,257188
2026-06-17,9444.5,9609.0,9380.0,9545.0,151082
2026-06-18,9399.5,9482.5,9306.5,9480.0,116249
2026-06-19,9638.5,9695.0,9127.5,9200.0,254329
2026-06-22,9731.5,9849.5,9668.0,9700.0,253004
2026-06-23,9862.5,9925.0,9614.0,9720.0,262646
2026-06-24,10468.5,10510.0,9874.5,9903.0,743926
2026-06-25,10974.5,11035.0,10411.0,10504.0,1072182
2026-06-26,10974.5,10974.5,10974.5,10974.5,0
2026-06-29,10874.5,11055.0,10770.0,10974.5,468469
2026-06-30,10775.5,10950.0,10710.0,10874.5,264308
2026-07-01,10863.0,11130.0,10550.0,10665.0,310310
2026-07-02,10986.0,11275.0,10952.0,10971.0,356692
2026-07-03,11248.0,11279.0,10936.0,11000.0,307902
2026-07-06,11071.0,11360.0,11043.0,11260.0,121818
2026-07-07,11097.0,11230.0,11045.0,11159.0,153695
2026-07-08,11002.0,11192.0,10932.0,11101.0,156666
2026-07-09,11134.0,11245.0,10780.0,11003.0,268180
2026-07-10,11651.0,11685.0,11249.0,11340.0,462353
2026-07-13,11746.0,11958.0,11549.0,11625.0,475460
2026-07-14,11646.0,11886.0,11607.0,11740.0,243706
2026-07-15,11625.0,11800.0,11553.0,11650.0,247577
2026-07-16,11681.0,11825.0,11635.0,11670.0,254721
2026-07-17,11771.0,11850.0,11337.0,11709.0,299599
2026-07-20,11620.0,11979.0,11544.0,11800.0,395465
2026-07-21,11632.0,11731.0,11577.0,11615.0,184454
2026-07-22,10851.0,11642.0,10737.0,11632.0,407161
2026-07-23,10843.0,11395.0,9937.0,11299.0,3404237
2026-07-24,10652.0,10930.0,10549.0,10688.0,452845
2026-07-27,11089.0,11189.0,10665.0,10760.0,460067
2026-07-28,11334.0,11475.0,11170.0,11181.0,469607
2026-07-29,11427.0,11695.0,11368.0,11401.0,337103
2026-07-30,11136.0,11497.0,11082.0,11424.0,221089
2026-07-31,11186.0,11270.0,10882.0,11100.0,294348
2026-08-03,11332.0,11484.0,11160.0,11186.0,164111
2026-08-04,11600.0,11685.0,11425.0,11425.0,257150
2026-08-05,11759.0,11810.0,11528.0,11650.0,238725
2026-08-06,11735.0,11898.0,11642.0,11800.0,225914
2026-08-07,11805.0,11857.0,11572.0,11650.0,186998
