Price,Close,High,Low,Open,Volume
Ticker,SOLARINDS.NS,SOLARINDS.NS,SOLARINDS.NS,SOLARINDS.NS,SOLARINDS.NS
Date,,,,,
2015-01-01,516.5467529296875,520.0231554962195,507.5732456961258,517.1596855945941,24815
2015-01-02,519.5059204101562,522.8769324741769,513.3192531446674,513.3192531446674,16120
2015-01-05,531.103515625,534.3883690152238,515.4262127729194,522.7045972853291,7145
2015-01-06,520.7222900390625,527.885816939204,516.192456573922,527.885816939204,13120
2015-01-07,529.7916259765625,533.181811576063,517.1789244109596,517.1789244109596,11765
2015-01-08,550.6787109375,573.270477599587,531.5154160444728,536.1027082319457,13065
2015-01-09,560.0830078125,574.611074786667,539.4161464559837,539.4161464559837,7125
2015-01-12,570.3878173828125,584.1880369295523,565.3982558933602,574.20897240312,9715
2015-01-13,575.4732055664062,592.807288688253,571.7382089610454,592.807288688253,5730
2015-01-14,573.8163452148438,584.1880944719161,570.0143622309619,583.9965457012657,4320
2015-01-15,567.6200561523438,583.0387652090749,557.5643610842665,579.3995729701692,3865
2015-01-16,575.760498046875,584.1881182258668,562.0368493290712,562.0368493290712,1885
2015-01-19,590.3458862304688,591.8494590225405,576.526495682151,586.0841753609296,12180
2015-01-20,590.5567626953125,593.5447366563646,568.0511543698661,593.5447366563646,11715
2015-01-21,592.3379516601562,598.5533199824584,580.9318868611858,580.9318868611858,14855
2015-01-22,584.916015625,596.0921892399684,582.2727942460905,596.0921892399684,12010
2015-01-23,591.9451904296875,594.7225008516878,578.6429876122888,592.7975442743145,16010
2015-01-27,590.4800415039062,608.1205886341381,588.2103319842457,595.4887169950387,8225
2015-01-28,591.811279296875,598.5533633386297,577.4842849491099,577.5034573615294,16305
2015-01-29,593.2190551757812,598.8598361615777,589.9246150901822,598.8502499552642,8140
2015-01-30,593.8702392578125,603.3417612527389,584.389189509611,597.5668906235609,21870
2015-02-02,592.405029296875,603.2843210118982,584.3700350579859,587.3388363077362,9530
2015-02-03,593.1807250976562,600.459110157431,588.2103359427724,593.7553129093588,2615
2015-02-04,591.2271118164062,603.1503078159782,590.2215537458966,597.5957436837731,6910
2015-02-05,588.2103271484375,599.491829667666,584.3317133462509,599.491829667666,14485
2015-02-06,589.10107421875,593.7649978319735,580.5489498933068,593.7649978319735,1820
2015-02-09,587.8942260742188,588.8327388926106,574.6111366417151,574.6111366417151,4475
2015-02-10,585.2607421875,596.638050294679,577.484340814914,587.8943772409676,8400
2015-02-11,582.2535400390625,593.3818395054408,580.4530868440999,592.7880792445995,52255
2015-02-12,585.2989501953125,595.6802850624348,582.2822764276548,584.1976471191738,8570
2015-02-13,584.0443725585938,593.5733532408059,580.3573074352503,593.5637670351521,42900
2015-02-16,591.2079467773438,595.4887724757397,584.3796451710953,595.4887724757397,5430
2015-02-18,590.4512329101562,599.099158627178,584.1879925249898,599.099158627178,45045
2015-02-19,619.8810424804688,652.949888676053,593.7649431317983,599.5014692783689,18575
2015-02-20,655.9283447265625,693.3642963347804,619.8811072249789,619.8811072249789,73425
2015-02-23,642.0992431640625,674.9861825015639,637.0522813168388,655.0567534943168,28130
2015-02-24,637.7801513671875,658.1213786777864,634.3707938879484,650.2683471833104,8885
2015-02-25,617.9656372070312,650.2683449765534,610.0455607511996,637.8184355734677,21645
2015-02-26,622.0836791992188,632.0723303755536,612.9186233944763,617.9368852711225,5000
2015-02-27,634.7825927734375,641.6587665273623,622.0740895569043,624.391671722119,22015
2015-03-02,617.5826416015625,643.5646538041086,611.3385134580731,643.5646538041086,35155
2015-03-03,618.4635620117188,620.8194888665819,603.6768988049735,613.3112104784409,5295
2015-03-04,615.6289672851562,624.7940242509027,605.4774662277364,622.4955557410199,43790
2015-03-05,624.2288818359375,631.8807783833445,608.3696148748204,608.3696148748204,8735
2015-03-09,628.2319946289062,655.8229068393542,612.9186154484571,655.8229068393542,11790
2015-03-10,627.7915649414062,633.9877616849735,614.8340528727388,614.8340528727388,7310
2015-03-11,641.0076293945312,643.3730844386184,621.4995811261778,627.5808604549496,7735
2015-03-12,649.3873901367188,652.1838153866594,632.2735551932998,651.1494986960029,7050
2015-03-13,644.1105346679688,662.7183566563185,633.9877920613915,662.7183566563185,275145
2015-03-16,668.3589477539062,693.0863869835766,638.7760374769442,639.7433088950836,162225
2015-03-17,664.2217407226562,676.6716485015519,647.5484084176923,668.3589478604007,11135
2015-03-18,656.761474609375,668.4643613016228,647.3952840113138,662.4596555690931,5005
2015-03-19,640.6723022460938,669.642282976107,623.2711764685104,656.3783647666603,62360
2015-03-20,619.0382080078125,651.2259965436798,612.9185849822868,651.2259965436798,6305
2015-03-23,626.2781982421875,632.0721815492299,621.7100214980214,627.3986734700629,89000
2015-03-24,617.11328125,625.7803218469643,612.9186148037389,625.7803218469643,2890
2015-03-25,633.0682983398438,649.3106628063265,623.453158535278,625.4451604161851,4270
2015-03-26,625.3684692382812,639.1591602410624,623.6542336809609,632.0818522037855,152795
2015-03-27,621.5377807617188,632.0531470072564,613.1963204731662,632.0531470072564,448605
2015-03-30,645.4224243164062,657.9297918198907,626.3453497761808,627.283862652152,5320
2015-03-31,651.7144165039062,670.3796931801996,645.4607035946251,645.4798760049351,8235
2015-04-01,651.9730224609375,660.5059727107936,647.4048449040858,655.0471548448809,13925
2015-04-06,660.371826171875,668.4546916983695,651.2259440887686,656.9720553601402,10910
2015-04-07,669.8338623046875,699.9913648474844,644.1679064248056,670.3701637665665,12120
2015-04-08,678.577392578125,701.4086324425215,672.2949802856341,681.8718318566546,22275
2015-04-09,698.746337890625,743.1733726035126,670.3797042251801,670.3797042251801,28580
2015-04-10,707.1835327148438,732.8590726761345,699.6273818439463,708.6871056153782,72585
2015-04-13,727.71630859375,731.4800047275589,710.6599361054472,727.8408123562717,8400
2015-04-15,729.813720703125,742.9723085144512,708.8883184634943,736.2685108327876,12585
2015-04-16,718.417236328125,738.4711704504683,716.3486616339402,733.9605097366632,6975
2015-04-17,716.1380004882812,735.3012358145644,702.3664800674001,727.8408877579371,13545
2015-04-20,681.9868774414062,722.8512944004988,679.9565892033631,716.7221433157839,12105
2015-04-21,669.3359375,708.6776736432622,667.5067839402893,708.6776736432622,134520
2015-04-22,673.2048950195312,679.9565647110265,665.5912851748781,665.5912851748781,3955
2015-04-23,671.4044799804688,687.6180860537626,670.1882008727682,679.9566032007958,3335
2015-04-24,652.0305786132812,689.5239283984519,649.6938238090199,666.5778227386767,8720
2015-04-27,648.5732421875,697.1853607537419,622.6870371208046,697.1853607537419,7595
2015-04-28,649.1382446289062,669.211349175384,625.4834064814164,625.4834064814164,26940
2015-04-29,647.0505981445312,656.6944974417717,626.8434004940867,637.8663691490328,4605
2015-04-30,648.7648315429688,663.6760006497875,643.3730579148825,643.3730579148825,5070
2015-05-04,667.0469360351562,689.3418178253823,652.2124011541516,665.5912357787354,4085
2015-05-05,685.721923828125,687.6181222292007,667.8802400194337,685.6835790022586,52555
2015-05-06,655.8515625,687.2253385555575,651.4365893672871,666.9606872800852,5585
2015-05-07,653.2467651367188,664.6336584139324,649.1191434578668,664.6240722076684,68160
2015-05-08,638.2205810546875,662.7181858521562,623.4722634352389,642.597209614279,8820
2015-05-11,642.1182861328125,660.8027321582608,638.45992196367,651.2258809675614,4000
2015-05-12,648.9563598632812,653.888463035919,637.8184740265297,640.7011164221992,5150
2015-05-13,651.1973266601562,657.9107108034534,641.649231084639,652.1837706994614,54930
2015-05-14,653.9267578125,658.5044636710048,639.9636881863265,650.2779787432867,11820
2015-05-15,646.7632446289062,655.4877440665197,644.5222352093866,655.4877440665197,30140
2015-05-18,648.35302734375,667.5067356847766,641.6492294243907,641.7545607916713,12255
2015-05-19,651.206787109375,660.5538043513346,646.4375333459237,660.5538043513346,53950
2015-05-20,658.2266845703125,670.1881646760742,647.3856799045875,647.3856799045875,7940
2015-05-21,656.2346801757812,665.5912842724307,654.6736484587718,664.643185176726,1815
2015-05-22,666.2521362304688,670.1882090657041,636.0946333342042,656.6274099692638,223085
2015-05-25,678.4338989257812,685.7027569426298,666.9225599884803,670.0829101665748,25520
2015-05-26,661.0230712890625,678.0411568834267,660.8028223863904,678.0411568834267,4300
2015-05-27,663.1970825195312,678.0316187385833,654.1086582067857,660.8028692252369,368975
2015-05-28,668.7515258789062,670.379602317885,653.1412696868537,661.1953760470465,22985
2015-05-29,663.5227661132812,674.1817506439526,658.1405204874912,671.0597453971637,46710
2015-06-01,669.9009399414062,687.6181199112648,663.6663986104271,663.6663986104271,5365
2015-06-02,660.822021484375,670.5999508705088,660.802849073814,666.5681332154516,54600
2015-06-03,649.052001953125,674.2104120271673,647.3952251851777,656.9624914239068,4155
2015-06-04,655.0185546875,656.9722119425119,641.8599076397632,650.8525879513617,252875
2015-06-05,670.734130859375,678.0412752676241,660.8029377608201,661.0040727412919,9105
2015-06-08,669.8816528320312,673.0611748424707,656.7805257658338,661.7509144985057,2125
2015-06-09,663.5036010742188,675.1586159417694,657.1637284479766,657.9490374846306,8010
2015-06-10,671.7109375,677.4666357702065,658.5235916074791,658.5235916074791,94280
2015-06-11,673.1475219726562,689.5430917618826,668.5122987995551,673.3294845413881,4615
2015-06-12,678.5679321289062,679.9565875545477,665.399758778378,666.0893226145649,201570
2015-06-15,681.709228515625,683.9789382835959,660.9944882160596,676.4323725018899,2575
2015-06-16,672.343017578125,689.533482050291,667.7365531819714,689.533482050291,23260
2015-06-17,694.2930908203125,699.4263285034759,677.5623565193466,684.7449963411066,23785
2015-06-18,706.7239379882812,716.3486643685126,698.0568969882218,698.9187787588903,7925
2015-06-19,708.3805541992188,718.2638720935212,706.1970624233355,716.9135617330694,12700
2015-06-22,717.6702270507812,730.024391012827,702.2419306327996,722.0947285361711,7115
2015-06-23,720.78271484375,731.6715923734237,710.7366050809662,731.6715923734237,6465
2015-06-24,716.990234375,723.0523986669393,710.7940385654643,720.1793427781965,11635
2015-06-25,704.93310546875,715.6304353215834,699.8764983570292,715.6304353215834,2980
2015-06-26,705.6610107421875,710.6122284189333,699.493513773573,704.8565292017229,1695
2015-06-29,696.9458618164062,704.8563514170415,687.6180167356465,704.8563514170415,76335
2015-06-30,711.1292114257812,712.517866808308,680.1481151948766,707.4900189578461,8685
2015-07-01,702.8836669921875,717.3064076435568,696.42887636125,717.3064076435568,16015
2015-07-02,722.8416748046875,727.8407635709779,694.3217810381038,701.2362402348441,13010
2015-07-03,717.1530151367188,727.8503425174174,709.6639098140446,727.8407563129662,7555
2015-07-06,729.1815185546875,731.0968889123805,705.0669543131646,705.0669543131646,13220
2015-07-07,733.3380737304688,735.5981974458532,724.0102264615232,727.8313821932284,6920
2015-07-08,723.1194458007812,744.1118911902173,718.455523070394,744.1118911902173,56510
2015-07-09,725.0156860351562,727.2662816900313,710.6217055502948,727.2662816900313,47755
2015-07-10,731.7385864257812,739.3042649372836,718.2639477516636,722.5256588654842,4185
2015-07-13,743.7000732421875,746.9945129193151,730.7234494838908,737.4176601895803,17020
2015-07-14,755.4891967773438,756.5713858408835,743.1733778668057,748.9099034526214,8775
2015-07-15,770.9464111328125,773.8098814158525,755.211645434657,756.5715424734201,9370
2015-07-16,785.3784790039062,823.8103899644067,776.280469791325,779.5557367411642,14140
2015-07-17,771.8369750976562,804.465323752669,766.1483214726229,785.3786607082797,9140
2015-07-20,765.8993530273438,790.5405809702487,749.1015712641491,781.6628765895189,9765
2015-07-21,747.5691528320312,763.8498036078721,743.8820876549629,763.8402758545529,21610
2015-07-22,743.680908203125,766.1482259726628,737.4368399091279,744.1214644759488,5060
2015-07-23,737.3314208984375,766.1481956254872,734.5445825559359,749.8387878539248,6070
2015-07-24,729.0762939453125,746.803059974444,727.0747642014242,746.803059974444,6850
2015-07-27,720.3709716796875,729.7658631430959,718.264052103023,729.0762992577884,31630
2015-07-28,723.1578369140625,727.8313465267605,718.7429210743662,725.906389444371,11275
2015-07-29,734.1328735351562,743.6330959410303,718.6758177939374,723.0620331100619,53380
2015-07-30,740.8942260742188,748.9100489035478,738.3755085737025,742.1870780973429,22525
2015-07-31,747.6074829101562,773.8001530548776,741.267610762215,773.8001530548776,7505
2015-08-03,757.9313354492188,766.1482922502964,742.215744323524,761.3598654237321,6880
2015-08-04,729.775390625,771.3293124849681,726.7107858921381,765.9375978773289,11460
2015-08-05,716.3390502929688,743.1446536887028,708.9361612970445,729.7562312995733,13420
2015-08-06,707.0015258789062,723.0427532780235,704.8659065478729,723.0427532780235,50070
2015-08-07,707.5379638671875,713.4373386815652,703.8987710272023,706.972962212948,5840
2015-08-10,724.7284545898438,745.0792701300277,707.5379893018747,708.687223516993,9540
2015-08-11,699.9625854492188,730.7138447563078,695.2794905544947,730.7138447563078,7850
2015-08-12,673.4730834960938,716.1475424780059,670.3797783664245,700.0680256940803,21885
2015-08-13,663.2162475585938,688.9588332888985,662.7182324941249,670.5712637026134,15905
2015-08-14,675.2255859375,681.8719241656403,659.0406812104451,659.0406812104451,13420
2015-08-17,665.9743041992188,679.9086120167862,662.9958588358215,662.9958588358215,4910
2015-08-18,679.2095947265625,684.7450442604301,670.3797636116097,680.1385799371408,2075
2015-08-19,686.6508178710938,727.8408746145027,679.2000561551957,689.2652802027457,4125
2015-08-20,660.3239135742188,698.5355745935091,656.0143303819287,686.5070513993492,5335
2015-08-21,661.9232788085938,670.3796556891925,635.9029876823197,660.3239608538546,116440
2015-08-24,645.6044921875,670.3702237080454,631.8904296332296,643.5742037250992,26940
2015-08-25,674.9766845703125,756.1883979690851,628.6247444729256,651.226097413947,27675
2015-08-26,665.0070190429688,679.9564705139877,641.6682361326505,679.9564705139877,7775
2015-08-27,681.205322265625,687.4848414798853,660.6191816514371,674.2248359178637,13650
2015-08-28,672.43896484375,681.7238350327826,663.4997433792565,681.714223911924,10795
2015-08-31,659.927734375,671.3826058684798,653.878648466888,658.8043469388439,539405
2015-09-01,644.1425170898438,658.6603478232827,636.5955611538872,652.918524260397,36520
2015-09-02,643.0863647460938,662.3186259853336,635.4145812725193,645.9861099585519,12655
2015-09-03,652.8609008789062,663.4804260486204,646.4757184889266,646.4757184889266,3265
2015-09-04,672.9190063476562,681.723788730909,633.7150712146478,646.389384359819,15120
2015-09-07,681.7046508789062,705.7282348513348,657.7195113920603,681.675876119118,8740
2015-09-08,677.710205078125,683.6440749886178,662.5202412108797,662.7122877842818,5350
2015-09-09,673.7639770507812,686.4862874302542,672.1220577834717,686.4286793123341,1340
2015-09-10,674.4168090820312,675.9626755676376,659.1500149847011,667.3211072720286,2695
2015-09-11,673.6583862304688,674.9930428118364,659.659084621444,659.659084621444,1705
2015-09-14,686.7549438476562,691.1429467084845,673.3221169797274,691.1333355903653,5095
2015-09-15,678.0271606445312,685.5548949515681,672.5349327266443,685.5548949515681,2115
2015-09-16,676.9804077148438,691.3254123656053,665.4199316389739,676.625147955173,3765
2015-09-18,681.87744140625,690.9319377731255,658.6988754099096,681.9158858899244,7335
2015-09-21,680.3699951171875,688.2433782122444,667.3211994033527,681.9158618162185,32165
2015-09-22,682.002197265625,687.5328107304773,679.8130302883483,687.4848137353123,4685
2015-09-23,682.1558227539062,687.2639569096584,672.3524223465273,687.2639569096584,1435
2015-09-24,696.078369140625,700.927237625237,682.1078448239037,689.2130994673348,30095
2015-09-28,685.7948608398438,704.7679137810043,683.8361264277319,695.934298781128,2010
2015-09-29,686.4957885742188,691.1334468351082,676.9324900887826,691.1334468351082,3535
2015-09-30,672.1124267578125,686.3422175065547,667.3211661787853,686.3422175065547,37305
2015-10-01,661.0607299804688,672.1219557775245,656.7591682168953,672.1219557775245,9705
2015-10-05,668.819091796875,672.1220941465712,650.9982569019646,661.1856934353312,6020
2015-10-06,661.9537353515625,672.1220069280187,659.6397410850697,659.6397410850697,5600
2015-10-07,668.8670043945312,672.122009333356,661.9537377205105,661.9537377205105,3150
2015-10-08,666.7546997070312,671.1427038817411,660.609618521755,662.1362630459779,2665
2015-10-09,669.4143676757812,672.1220664617688,662.5779307738359,672.1220664617688,925
2015-10-12,657.1432495117188,678.8335519897586,653.1296697619362,678.8335519897586,5005
2015-10-13,658.3433837890625,669.2317250774286,643.9983806374947,652.9183767755742,3315
2015-10-14,655.5590209960938,662.4914514988563,653.8883270457611,657.7386354692512,7440
2015-10-15,647.387939453125,667.2923348241301,643.5280198420195,667.2923348241301,4825
2015-10-16,652.91845703125,652.91845703125,645.2370634191176,648.6456701136249,5205
2015-10-19,650.1436157226562,662.5106655759964,647.3686978899927,651.5742660738914,2090
2015-10-20,652.75537109375,660.5999794403742,648.6937935784704,653.8787587193239,418485
2015-10-21,657.517822265625,667.1291776200233,649.6539913942443,652.9186078753795,1960
2015-10-23,664.3348999023438,665.4006791328736,657.9209436785811,663.0290771367731,1295
2015-10-26,642.692626953125,671.1618176230985,630.7768899969914,667.7435995513395,11495
2015-10-27,669.068603515625,673.850252352828,628.1459831614831,642.3565498223261,59425
2015-10-28,671.411376953125,684.4025025628641,668.2811998872971,670.2015481628354,13835
2015-10-29,663.6627807617188,675.0024352602513,662.9234279042626,675.0024352602513,4420
2015-10-30,647.5031127929688,662.5202525832418,643.3167670011189,662.5202525832418,9390
2015-11-02,649.1065673828125,652.9280417972079,636.7395194780739,650.0186859539334,7695
2015-11-03,645.7845458984375,656.5961197333094,633.7151458606545,652.9186351291592,13495
2015-11-04,647.560791015625,656.7592780145917,643.7009298467023,649.2603184270511,7065
2015-11-05,639.1976928710938,644.3442133641897,637.5557736215655,644.2962163671749,7630
2015-11-06,637.1812744140625,647.6568091949797,636.0195009791148,641.1947960894254,4005
2015-11-09,640.66650390625,646.9920132301085,626.7735128166676,642.746153999348,9310
2015-11-10,634.3410034179688,644.8546660893202,629.8544476912228,637.5663709299715,40730
2015-11-13,634.2735595703125,641.3019420741213,632.5501943510121,636.863455410672,17765
2015-11-16,628.3525390625,635.4482657124474,625.8396822260192,634.0907048257635,13235
2015-11-17,631.568359375,634.8514926357726,628.3237751641481,628.3237751641481,148335
2015-11-18,626.27294921875,642.0915143977876,623.8852590072084,642.0915143977876,5995
2015-11-19,628.3814697265625,630.6247773732167,616.3755575150988,626.2055641459388,2455
2015-11-20,635.41943359375,635.4387081165903,627.7364207454801,628.5162749912535,16355
2015-11-23,632.9161987304688,637.3642648809519,626.1959719625711,637.3642648809519,2375
2015-11-24,630.720947265625,638.3654687856509,626.7735490337514,638.3654687856509,2125
2015-11-26,633.6864013671875,641.9952481854234,627.3512538437171,627.3512538437171,8305
2015-11-27,628.3814697265625,635.0439906004947,623.8852759356403,633.5131351321779,10265
2015-11-30,632.61767578125,635.8333474614099,624.4628494578185,635.8333474614099,28175
2015-12-01,631.46240234375,641.2154285024047,626.0034225819825,639.2994939065334,4845
2015-12-02,635.3711547851562,645.0760510161336,631.394845175373,631.4044824344987,6840
2015-12-03,623.9525756835938,640.0599626736392,622.1521710101814,636.3917512718369,107315
2015-12-04,619.0326538085938,640.9552420773056,614.7867363824016,640.9456048190514,77280
2015-12-07,621.1797485351562,628.7087402504958,612.8998144821386,628.7087402504958,2930
2015-12-08,616.3273315429688,624.8479620656245,615.0275355007432,615.0275355007432,8670
2015-12-09,617.9352416992188,624.2799677524646,614.2573925791437,624.2799677524646,17480
2015-12-10,614.5364990234375,645.0664565002219,606.757232425117,617.9255236888629,9870
2015-12-11,612.254638671875,618.3009608056932,607.7103185765087,614.4594554356745,4140
2015-12-14,612.62060546875,618.5032127252149,609.2894041406131,614.0744214590497,6275
2015-12-15,617.9352416992188,618.9942826636681,607.7200975967835,609.4434631702163,14000
2015-12-16,615.9518432617188,621.3626946727372,613.1019761829359,620.0436828482871,12595
2015-12-17,640.541259765625,690.8949358234995,632.5501508906885,687.0437933523233,208400
2015-12-18,633.5227661132812,639.280207051323,623.5001318813211,635.2461317374132,20995
2015-12-21,635.9681396484375,648.3399722657331,623.885189778175,648.3399722657331,15850
2015-12-22,636.5842895507812,641.7929344153191,616.3946425405724,635.4385721988414,13385
2015-12-23,638.3943481445312,642.1588145346467,629.8640805851434,629.8640805851434,10655
2015-12-24,655.2815551757812,658.7379816632052,631.8762373735655,636.4109791340173,18065
2015-12-28,656.8606567382812,659.5083178684099,639.4823836187394,645.4805207564012,6860
2015-12-29,653.7989501953125,661.4338344201534,649.5049044384389,656.8124744040351,154195
2015-12-30,667.3645629882812,671.4371867822811,651.0549695836831,653.74117950896,9535
2015-12-31,678.465576171875,681.652395046754,662.396677672552,666.2381838864994,27550
2016-01-01,698.2411499023438,702.8336571238515,678.6388444727181,683.5779404903213,9705
2016-01-04,692.551025390625,706.6847125907876,688.786500349082,695.131284047069,19500
2016-01-05,709.3323364257812,712.4613898270487,689.5567400847294,689.5567400847294,8305
2016-01-06,706.0975341796875,722.099030431242,701.8805274224692,701.8805274224692,7485
2016-01-07,674.0078125,720.1637652604238,665.6701134801874,694.1685491347133,16460
2016-01-08,691.0009155273438,693.2056735284691,674.5468827815592,693.1960362696886,3910
2016-01-11,689.60498046875,708.6103631432397,683.5779318365492,693.2057900314302,3980
2016-01-12,670.811279296875,694.168469087516,668.3658248464491,689.1716091023405,5255
2016-01-13,658.7379760742188,680.6894778942925,651.8059074037285,673.9403408541268,26260
2016-01-14,655.0889892578125,669.1167838937296,637.7492682424039,652.3932010630082,45465
2016-01-15,647.5408935546875,674.0367792526021,645.0665268403768,664.707381909389,7180
2016-01-18,620.1495361328125,647.9547925560836,618.3010039957226,646.9823695721828,31395
2016-01-19,618.0891723632812,641.898903742285,613.2945181685079,616.1925126565636,121015
2016-01-20,607.2192993164062,625.8106883378616,597.1196869945114,625.8010510789142,10955
2016-01-21,605.4766845703125,616.1828570097548,596.9271427282,607.1326477919134,6490
2016-01-22,615.6148681640625,623.7696947869009,602.6942986437425,602.7135731649555,7755
2016-01-25,610.1654663085938,626.0514311118944,608.4805912536982,625.8107346754807,5355
2016-01-27,611.2631225585938,615.7400415039126,603.8785127773712,614.449941372318,1960
2016-01-28,607.594970703125,616.1830048797755,605.5923594834044,616.1830048797755,5935
2016-01-29,593.4129638671875,598.8527267718317,575.7362318876471,596.551654763405,100920
2016-02-01,615.239501953125,624.6555180692883,597.1295004258211,598.8528661364256,31405
2016-02-02,623.5193481445312,625.8107830975912,616.1829248960898,619.8414992599038,3095
2016-02-03,600.0369262695312,617.2034121338285,590.3898533016643,616.1828616198218,21505
2016-02-04,591.3140258789062,621.006360160226,589.2247975440845,603.8591506737505,33140
2016-02-05,596.7344970703125,610.2134953334989,585.325511331623,604.8989588348054,35100
2016-02-08,602.5691528320312,611.7541676762795,580.5598818617742,590.7653886178431,6855
2016-02-09,597.7455444335938,606.3624891541443,586.3365561325859,586.3365561325859,3170
2016-02-10,599.7288208007812,609.8284922609395,589.9084535691351,597.6973570558496,4710
2016-02-11,589.7832641601562,612.3316881733105,589.224832015827,599.6325427928759,117855
2016-02-12,588.9938354492188,593.0664004753617,577.6714653266123,591.9206830519126,57010
2016-02-15,614.5653686523438,621.9595556994082,588.2620565516074,588.2620565516074,13000
2016-02-16,615.7785034179688,631.2022905969807,608.6731401475006,612.331714107969,6860
2016-02-17,619.2156982421875,622.9127627316387,598.0825386071799,615.5956143052553,7630
2016-02-18,631.9148559570312,638.3269835099817,618.5898746684211,618.5898746684211,29470
2016-02-19,624.6746826171875,645.836695453187,618.1084764851155,645.836695453187,1925
2016-02-22,630.5957641601562,643.7185388353935,621.9596040565732,624.4628235395243,2720
2016-02-23,612.8998413085938,643.1216430595537,607.132704976501,627.73634470389,5765
2016-02-24,626.9275512695312,635.2460343610519,601.1634536259446,601.1634536259446,57955
2016-02-25,635.515625,649.880371725618,623.8947941161567,623.8947941161567,18210
2016-02-26,613.0442504882812,649.8804463769806,606.5550832851818,632.1651632961534,7550
2016-02-29,582.24462890625,614.2572521573998,545.9572349666514,614.2572521573998,138750
2016-03-01,597.3026733398438,612.3317449901471,577.681094797705,577.681094797705,33965
2016-03-02,600.2681274414062,621.9597230798992,597.1198573474229,621.9500858182022,4475
2016-03-03,601.6064453125,623.8853274356579,597.9285957441716,599.8156774574304,7600
2016-03-04,606.8631591796875,615.8844575237678,597.1197714776683,609.5204574191077,7925
2016-03-08,598.4387817382812,619.0712745523456,595.771846245675,619.0712745523456,4395
2016-03-09,597.5914916992188,603.6666674533416,587.7036632062196,592.8834552612278,4210
2016-03-10,592.2288208007812,609.2508673888614,587.9733238447072,609.2508673888614,2480
2016-03-11,609.5590209960938,621.1798541789166,588.2718382675782,591.9304130349892,2890
2016-03-14,607.8837890625,626.0034274323491,598.852852280384,619.6490049955372,5885
2016-03-15,599.2666625976562,614.0454575222547,589.6099531252843,610.5986684556636,1345
2016-03-16,626.7096557617188,633.7589806828131,601.0556963220225,612.9785222146041,4010
2016-03-17,642.5294799804688,647.8769102708669,617.9005159150506,628.7210296578294,11730
2016-03-18,658.5233154296875,665.8626634338532,638.2070482828491,639.3674365382321,10530
2016-03-21,670.0885009765625,680.754325052274,650.5941985460548,667.2165969972573,9035
2016-03-22,662.3524780273438,674.5654441272168,658.9004102402583,671.0843386011804,6880
2016-03-23,650.78759765625,664.3156462792325,650.004345761604,657.5467823433451,6175
2016-03-28,653.3596801757812,660.8344793713661,640.7212383014407,640.7212383014407,7220
2016-03-29,656.125244140625,659.461279330203,638.6035048609083,638.6035048609083,935
2016-03-30,670.7652587890625,676.499445318369,657.5466536161749,657.5466536161749,7695
2016-03-31,668.7636108398438,676.6928618029586,661.414583519766,667.2164658313428,8850
2016-04-01,669.0924072265625,673.0183452128455,660.6410081393276,661.9947452609225,3670
2016-04-04,661.0858764648438,673.9854225729025,658.5137342498517,673.9660640761604,4475
2016-04-05,665.1277465820312,673.2020083706035,643.1772822630656,657.3531873018459,6955
2016-04-06,669.4695434570312,671.6645487876308,657.5660173320915,657.5756965790657,1930
2016-04-07,660.6797485351562,667.0134590172995,657.5370619046464,660.4476826579183,1415
2016-04-08,664.4218139648438,673.0182829215082,648.108861167913,648.1185404139956,1860
2016-04-11,669.2471923828125,673.0184400080216,662.594361702528,664.4219690448896,2045
2016-04-12,669.1021118164062,675.9193119570775,659.5000033512376,667.2068089506286,3220
2016-04-13,665.5821533203125,672.051253357306,662.3814511507261,662.3814511507261,7560
2016-04-18,666.9456176757812,673.7918546584906,658.9003935957371,665.6692556296596,8190
2016-04-20,667.3615112304688,670.8909540911725,659.5772722079785,659.5772722079785,1330
2016-04-21,667.8450317382812,675.9096151612503,662.9617335399495,663.9287139325222,3005
2016-04-22,670.020751953125,671.0747275524859,662.5749909670923,662.5749909670923,2300
2016-04-25,667.0038452148438,669.9240862246293,661.6080774378552,665.2825915757365,2230
2016-04-26,650.9808959960938,676.5961973357427,643.0419656690517,664.8280623993431,24210
2016-04-27,656.570068359375,667.0134457662529,654.6457866423984,655.4193592244255,108115
2016-04-28,656.3572998046875,661.4145883703649,653.0985806040374,661.4145883703649,2590
2016-04-29,656.2412719726562,659.2872248203342,651.7544687525557,656.1928757368235,3390
2016-05-02,663.909423828125,664.199506146031,655.6030361699825,661.0084826094647,870
2016-05-03,649.6561279296875,665.2728257380239,644.10561094228,655.2258853715358,4490
2016-05-04,643.6414184570312,652.489311753486,642.219985754603,645.0338724409371,1080
2016-05-05,645.4497680664062,657.2952785227311,642.0750157550789,652.7118006546359,1330
2016-05-06,647.3353271484375,656.5796569234157,644.0185916339835,656.5796569234157,1360
2016-05-09,645.478759765625,647.2966875949106,642.0749699542309,647.2966875949106,3525
2016-05-10,645.9429931640625,647.2967895121498,642.2877784361115,646.9002944442951,6930
2016-05-11,643.4771728515625,654.0269039300034,635.3061759835814,642.2781264983544,1785
2016-05-12,643.2161254882812,653.4757751236632,636.5052780028002,643.4288919029962,2370
2016-05-13,643.6029663085938,647.8479663009591,638.5940138671331,638.7873627718948,1420
2016-05-16,642.345703125,650.7777430260896,638.2069991043376,645.9428415177234,6330
2016-05-17,645.778564453125,662.3816020999244,642.0750128384669,657.5466998948154,35890
2016-05-18,638.5358276367188,651.3579374478563,636.2730676584024,645.7785009849821,7480
2016-05-19,635.4995727539062,649.4240560238244,628.5373016090454,649.4240560238244,4005
2016-05-20,630.7322998046875,647.490026989117,629.0690628912344,641.8815526917283,7965
2016-05-23,634.242431640625,639.1740077902408,631.0513492875597,639.1740077902408,2920
2016-05-24,620.7433471679688,638.0136014679596,616.9334423575083,638.0136014679596,5735
2016-05-25,620.433837890625,635.1125904024858,617.2911522067471,635.1125904024858,2570
2016-05-26,623.064208984375,630.471253261029,613.0656051648657,615.2703489198851,27820
2016-05-27,622.7353515625,628.7306415957878,620.2308464625052,622.9287594383733,2065
2016-05-30,618.0455322265625,630.2777985967781,613.2589675513483,622.7353634520945,2825
2016-05-31,609.1589965820312,623.6926813645963,606.2967133389172,623.6926813645963,33965
2016-06-01,610.599853515625,617.2816628564797,609.3911278807536,609.3911278807536,2735
2016-06-02,609.04296875,618.6740558822268,607.4571067093408,610.5997930487908,5265
2016-06-03,604.5755004882812,614.9898990255695,601.4618517076607,614.9898990255695,4355
2016-06-06,604.8076171875,610.7545115793358,603.3958044747728,609.1976872101071,2585
2016-06-07,598.512451171875,611.1218526719147,595.8629346697019,611.1218526719147,4045
2016-06-08,599.5084838867188,608.955901192508,596.6269012080626,607.0605983791439,10380
2016-06-09,595.7662353515625,606.8381719042869,593.1553766636151,599.5374822363527,4140
2016-06-10,614.7191772460938,636.3698251641888,596.2498148146894,607.0703286596936,145955
2016-06-13,599.305419921875,614.6223553468418,596.8202733834734,611.1315705091591,26750
2016-06-14,600.5238037109375,603.5891147347232,595.2730487473831,595.8629515851045,4365
2016-06-15,603.192626953125,607.195939605426,599.7501794067479,605.3199954412894,30515
2016-06-16,608.762451171875,613.4523411551647,596.6365391560088,603.0089064401005,6950
2016-06-17,603.2410278320312,616.5466274373081,601.6551659450186,613.0655218987976,6200
2016-06-20,608.89794921875,609.1977108108964,597.5939448906889,603.2024199481615,25905
2016-06-21,609.1203002929688,610.1840141854512,602.8156279777792,608.8108594707812,31470
2016-06-22,603.4730224609375,609.197528745193,602.4286673146909,609.004120900364,3860
2016-06-23,602.8446044921875,609.1976730217909,597.5939078213759,609.1976730217909,1470
2016-06-24,587.875732421875,602.4287753021815,578.2639451068235,597.593873413721,16055
2016-06-27,579.9368896484375,592.7397023348126,578.4574401379667,582.3156829830817,20255
2016-06-28,594.7606201171875,599.5181469869183,579.6080543248556,579.6080543248556,7245
2016-06-29,608.917236328125,609.1976393911934,594.7896081214823,603.3957571112774,5430
2016-06-30,609.013916015625,617.9004681452033,602.815597695118,613.1526204071967,443450
2016-07-01,623.5186767578125,638.1974332631912,609.0042904073839,609.0042904073839,38235
2016-07-04,624.4855346679688,636.2633474412947,619.6409540033683,628.5371844175444,12095
2016-07-05,626.6516723632812,636.0797318041124,625.6363546889986,633.7590141228667,11975
2016-07-07,626.2069091796875,636.0797420158611,623.7024037910993,636.0797420158611,11085
2016-07-08,628.2955932617188,633.3722409948839,623.702435788855,626.0232126462248,7540
2016-07-11,629.5525512695312,636.27307657224,624.8627201337185,636.0796686963741,16950
2016-07-12,627.7250366210938,636.2731702262831,625.6363847057829,636.2731702262831,28030
2016-07-13,628.1021118164062,637.9169865593378,618.8674607297891,633.3721668406434,17751
2016-07-14,665.95947265625,734.3733420555523,631.4382574946198,637.2401404118752,370976
2016-07-15,661.6563720703125,684.477087053344,652.7118029191976,666.7330194263507,73133
2016-07-18,649.3756713867188,675.9192949896275,643.0419616138802,670.1174126292015,35531
2016-07-19,644.637451171875,661.4145360440211,643.0419100427983,649.375619307682,13008
2016-07-20,656.1444702148438,676.5961271507365,643.0418989647095,644.9758595630997,43127
2016-07-21,651.0195922851562,659.4806712788363,647.8769058017893,659.4806712788363,14717
2016-07-22,647.8768920898438,657.5466964493937,644.9759507819788,651.0195785066975,30627
2016-07-25,653.14697265625,657.3533141082254,646.0396307638517,647.8769172714987,16988
2016-07-26,650.68115234375,657.5466897612781,647.8768855000828,647.8768855000828,9929
2016-07-27,640.576171875,653.2435913902301,636.7082503106794,652.711763979096,20015
2016-07-28,630.3745727539062,645.9429342376411,628.3438784170263,642.9453184800878,19995
2016-07-29,636.9984130859375,645.9429828332543,630.8097141933848,633.3722361613496,11668
2016-08-01,628.9240112304688,643.0419000138323,623.0253959838791,633.8555871564919,21229
2016-08-02,625.5880126953125,635.2094799577613,623.0254908999549,628.5372912580243,13587
2016-08-03,621.4299926757812,633.3721772962714,619.1092160518134,628.537275179506,8789
2016-08-04,621.284912109375,627.5702847610652,619.4476257263454,621.7684023133512,3954
2016-08-05,612.7755126953125,620.5596933833442,610.164653720125,618.8674776242156,36495
2016-08-08,604.9913330078125,614.0325764707604,599.7696150488018,614.0325764707604,23566
2016-08-09,606.2483520507812,609.1976303620665,601.5101246511572,605.3297088994503,13673
2016-08-10,587.343994140625,618.8675356287937,575.3534120298941,618.8675356287937,39308
2016-08-11,596.143310546875,604.3626424846665,594.6928402049118,596.4817300187507,20629
2016-08-12,599.1409912109375,613.0655316254915,596.626865950991,601.4617676199617,10524
2016-08-16,594.2578125,599.5278676567495,590.8250437714096,599.5278676567495,21172
2016-08-17,580.188232421875,595.8533265012254,576.3203108723958,595.8533265012254,55258
2016-08-18,578.93115234375,586.8604030861197,575.4016504278801,586.8604030861197,16436
2016-08-19,574.5797119140625,584.9264130333665,573.4193237382892,581.155166217052,168469
2016-08-22,602.0419311523438,622.445251571355,568.5844352698908,580.1881992549906,38870
2016-08-23,595.128173828125,608.0373401836802,586.5703608000024,604.1210808751258,9205
2016-08-24,605.813232421875,617.8038132237798,600.4948401180916,605.2814049954568,144544
2016-08-25,609.5844116210938,614.0324974434752,605.813164800531,614.0324974434752,29623
2016-08-26,604.4594116210938,613.984203771104,599.7695803884105,609.681129278344,6594
2016-08-29,612.34033203125,616.9334888842282,599.7212497443961,604.3627438129195,11272
2016-08-30,628.875732421875,633.3722152679587,581.1552692764018,614.0326056414561,35751
2016-08-31,636.8532104492188,646.861492099315,626.6032427406992,633.27543050743,46751
2016-09-01,628.2955932617188,645.2660895943378,619.1092783159914,636.2731825566925,19485
2016-09-02,619.0609130859375,637.2401342468331,614.9995832791894,623.7990820106397,131507
2016-09-06,623.799072265625,633.3238652257236,618.8674955186323,633.2755280065969,20165
2016-09-07,618.9158325195312,637.2401240671528,614.0325929933871,630.4712608373045,46400
2016-09-08,622.1551513671875,627.5702174631119,617.900414420537,627.5218802518579,28778
2016-09-09,619.1092529296875,628.5856498390588,611.1316639618314,623.7507474342974,16671
2016-09-12,609.6812133789062,617.7071398319551,605.3298010708887,614.9512689781333,14015
2016-09-14,616.739990234375,618.8673585834638,599.624428044593,616.836723671028,15324
2016-09-15,618.0939331054688,627.5703299822882,614.9995837730897,616.9335447283511,39612
2016-09-16,621.1883544921875,626.6034221871146,619.83455805855,624.6211237819972,32875
2016-09-19,623.6055908203125,628.5371665189292,618.8673639570995,621.7683047256485,11719
2016-09-20,624.427490234375,628.2954111959507,619.350843972307,623.7505922621413,33444
2016-09-21,627.6187744140625,635.3062823283918,623.0256163606989,626.1199662216646,13959
2016-09-22,636.2247314453125,647.586750528504,626.6032651836717,631.4381669212001,14373
2016-09-23,627.4735107421875,649.7140565953055,623.8956719966408,635.3060271955866,20296
2016-09-26,628.4888916015625,641.9782793162482,623.9440721430932,636.2247344177497,24018
2016-09-27,625.7813720703125,637.723556070383,621.7683799139595,628.9723954976376,9424
2016-09-28,628.2471313476562,633.3721152857037,621.768351341538,632.2600642998029,6574
2016-09-29,614.2742309570312,633.372091738458,611.228219427013,628.8272725586662,240520
2016-09-30,628.7305908203125,633.275409947213,604.3626759231332,626.5548851869892,11464
2016-10-03,635.5478515625,642.993612255058,622.7836988066575,622.7836988066575,10256
2016-10-04,634.339111328125,641.7365346336965,631.8733232328668,638.2070327386624,231845
2016-10-05,642.8486328125,648.7955865714324,638.2071381571367,642.9937034972766,12036
2016-10-06,642.8486328125,654.6458068672448,639.174118669496,643.0420407189332,15911
2016-10-07,646.0879516601562,653.6787238843259,638.3037125400745,638.3037125400745,13688
2016-10-10,658.6102905273438,661.9947217407829,646.2329538935827,654.5973575004296,16926
2016-10-13,651.5997924804688,660.3993505255861,639.1741165458584,658.513726728789,18859
2016-10-14,654.6940307617188,658.5136149283314,647.9735055601795,657.5466345833559,12438
2016-10-17,651.9865112304688,662.381550156279,649.0372329205937,654.6940444490458,8581
2016-10-18,656.7247924804688,659.4806631393324,651.2613293612028,657.7884473614821,4326
2016-10-19,648.7472534179688,662.3816551198114,647.8769473434652,656.5797720092729,6913
2016-10-20,639.2222900390625,655.6126172748931,636.6598277580487,647.8767751831539,14648
2016-10-21,637.9170532226562,652.325027386547,636.2731745543448,652.325027386547,9375
2016-10-24,628.1988525390625,648.0702883369418,626.6516484574523,648.0219511199729,15699
2016-10-25,627.2801513671875,637.1433625291625,623.9440574274289,633.372115637297,14935
2016-10-26,636.659912109375,647.7801865895797,624.7660061016646,631.4381943977071,28617
2016-10-27,638.5939331054688,649.4724635140808,628.6823831776222,649.4724635140808,17582
2016-10-28,641.0596923828125,647.8768926583165,638.2070882902818,641.1080296006922,9709
2016-11-01,669.7789916992188,676.8862739679627,644.9759210523301,651.7447837920098,21232
2016-11-02,668.1350708007812,678.8201916430554,652.9534678162012,669.1020511307571,29868
2016-11-03,659.5772705078125,684.6220850812749,654.0171335173926,673.018320927355,21010
2016-11-04,646.8615112304688,659.480592882696,640.3343939255446,656.5796518582853,9941
2016-11-07,651.3580932617188,662.2850210010633,647.9736612411668,650.8746029730685,6381
2016-11-08,665.95947265625,668.1835159705702,652.7118281912227,661.4146525671057,17727
2016-11-09,665.2342529296875,667.2165511690546,618.8675257220216,620.801486739903,16513
2016-11-10,670.407470703125,680.0772742875341,658.6102985261864,675.9192705501977,17993
2016-11-11,659.6740112304688,673.550155742999,655.9511014448115,670.1173872802271,6594
2016-11-15,644.2022705078125,658.8519862507907,638.206981003518,657.546586488473,10602
2016-11-16,640.6727905273438,652.7117071521081,638.2070025487279,652.7117071521081,4105
2016-11-17,653.72705078125,666.2494580596245,633.6138713985036,666.2494580596245,14654
2016-11-18,652.131591796875,657.5466583162661,647.8768545174975,657.5466583162661,3490
2016-11-21,629.6494140625,657.5467795578774,628.5373628126769,657.5467795578774,9182
2016-11-22,653.5821533203125,661.4146718793825,629.6493855878348,633.3722369605198,12043
2016-11-23,631.3898315429688,653.5820423866866,628.9240434536216,653.5336461533333,24333
2016-11-24,611.9534301757812,633.3720664111905,609.1975600596184,633.3720664111905,35217
2016-11-25,612.968994140625,625.539741288322,609.2460836119217,609.2460836119217,10444
2016-11-28,644.0572509765625,653.6787172729266,613.0655425311176,613.0655425311176,14899
2016-11-29,647.9736328125,657.5467637156959,629.5043282042911,645.9429972971835,9259
2016-11-30,642.2200317382812,662.3815487002908,630.5678711474965,635.3060985344395,14448
2016-12-01,644.1539306640625,647.9251183063328,635.3060375829584,635.3060375829584,9228
2016-12-02,635.1611328125,643.332130034369,632.5019363747194,633.3722424531887,8417
2016-12-05,629.2625122070312,638.5455006885268,625.6363356096031,629.5525945308652,17001
2016-12-06,634.91943359375,642.0751135880474,626.9418437035371,626.9418437035371,4985
2016-12-07,633.6621704101562,643.0418910001317,633.3720881279494,636.2246917792017,10017
2016-12-08,637.7234497070312,646.9097617194903,631.4380783300855,637.9651947599907,11376
2016-12-09,640.14111328125,651.7448796851397,636.3215283693414,647.8286203277886,10353
2016-12-12,643.0903930664062,646.3298132708867,636.5632744544598,646.3298132708867,4492
2016-12-13,658.8037109375,663.880357854266,641.107982060161,646.2813034055177,6640
2016-12-14,658.4169921875,661.4146078843185,641.1080190457648,657.4983489837005,4163
2016-12-15,658.9005126953125,661.414638297293,652.7118141091706,658.4653596819456,8247
2016-12-16,658.2235717773438,666.6846502991112,652.7117716792038,666.6846502991112,17662
2016-12-19,658.9971313476562,662.4298999050819,654.6457196219563,657.0148333654638,6673
2016-12-20,658.1268920898438,663.3486102977773,652.7118250014572,657.3533195086178,5904
2016-12-21,658.3201904296875,667.0713505267486,648.1185598517943,657.5949551892714,4334
2016-12-22,644.0572509765625,659.4805993788993,640.1409923589903,659.4805993788993,5918
2016-12-23,638.8356323242188,660.0608051361128,638.2070714489624,660.0608051361128,5345
2016-12-26,635.0160522460938,647.828542783414,633.3721737316849,647.828542783414,2344
2016-12-27,640.092529296875,647.8283705838957,635.4510363286197,647.8283705838957,2153
2016-12-28,638.2070922851562,645.6045162809279,628.5372878565933,639.8993080601548,20928
2016-12-29,648.9406127929688,651.6482055041548,635.886375583295,647.8286205906961,4435
2016-12-30,652.6151123046875,662.4299282045154,649.8108454648502,651.406386773689,2526
2017-01-02,658.1268920898438,667.2165322237119,654.2106329437959,657.5467274088754,31473
2017-01-03,690.1823120117188,757.6291999456135,649.9075517378943,658.1752819907957,172189
2017-01-04,689.45703125,715.5655022791024,680.8025447900967,691.3909920669705,44539
2017-01-05,691.2459106445312,703.6716441121484,677.9499302346953,691.3909813114674,23685
2017-01-06,678.9652709960938,696.2258464993038,673.9852986250205,692.406262343022,11368
2017-01-09,675.9677124023438,688.0549687539335,669.1988488454535,681.6245837867716,12308
2017-01-10,670.1173095703125,685.5889934853558,669.1503293256222,669.1503293256222,77906
2017-01-11,674.3236694335938,684.5736957341762,667.4097958969542,684.5736957341762,6637
2017-01-12,671.27783203125,679.7872480838153,669.1504632631581,673.5502124531968,3460
2017-01-13,678.6751098632812,681.7211214607044,671.0360007935416,671.0360007935416,5421
2017-01-16,680.802490234375,691.4392738753404,676.0159257919814,678.8201923597906,51122
2017-01-17,679.013671875,691.2943351783939,677.8532835514081,686.4110367757698,64339
2017-01-18,683.9451904296875,696.2258526908324,680.7541670754806,690.3756333714869,3317
2017-01-19,694.24365234375,696.2259505378481,681.7212432349763,681.7212432349763,8344
2017-01-20,677.224609375,694.2918347708064,673.5017589385329,682.688071515584,5390
2017-01-23,677.3214111328125,686.5560618509323,668.2801092726152,686.5077246364517,2943
2017-01-24,680.9475708007812,691.3426095102612,679.7871825827405,682.1562962321161,3831
2017-01-25,682.0112915039062,692.2129233266267,678.9653385343615,691.7778293451219,3010
2017-01-27,687.3780517578125,691.3910443644934,676.9346743601839,676.9346743601839,19054
2017-01-30,677.9983520507812,686.5561052477088,675.6775754110374,684.6221443878561,6510
2017-01-31,672.2448120117188,681.7212084960726,670.214117680913,676.8863063081571,4504
2017-02-01,685.0089111328125,688.490016823439,672.1480251195704,680.2706837574289,10451
2017-02-02,687.7164916992188,700.0938293646894,681.7695384634075,693.3249663735944,8742
2017-02-03,711.2623901367188,715.4203938699014,684.1869401274209,684.1869401274209,16351
2017-02-06,698.208251953125,720.4004660328635,693.2283378347139,711.2141513653304,5469
2017-02-07,703.768310546875,711.7458987021298,691.3909734554093,705.895679192236,11066
2017-02-08,696.032470703125,717.4994470967727,686.7011453811987,710.247094194851,7087
2017-02-09,703.6715698242188,708.1679927671514,686.8944263573044,708.1679927671514,2086
2017-02-10,703.719970703125,710.6822412347556,696.2258727670903,710.6822412347556,5861
2017-02-13,693.373291015625,715.5655032236148,682.688169291719,713.1480521992106,7311
2017-02-14,707.2977905273438,715.5654607359415,681.7211484038362,701.0124182370956,11423
2017-02-15,699.2234497070312,714.1149703264971,694.2435364429687,714.1149703264971,5714
2017-02-16,702.4146118164062,705.4605647757485,696.3225878581177,703.9134196871748,2834
2017-02-17,707.05615234375,710.730666434279,696.7577864262697,706.0891718452,10444
2017-02-20,714.0374145507812,720.4369655383451,699.686805846133,711.8557413711565,13721
2017-02-21,713.8434448242188,722.3761988263708,698.1353867852174,722.3277290386225,11807
2017-02-22,715.2495727539062,725.0913089837628,712.7769620652984,721.3582468244521,11486
2017-02-23,707.1046142578125,722.2793889940908,704.6320628218039,722.0369808301355,7590
2017-02-27,699.3959350585938,706.8136476176435,691.7843433380492,706.8136476176435,8858
2017-02-28,693.2388916015625,706.5713408592335,689.4088307057498,700.6080762458571,129656
2017-03-01,695.4205322265625,709.6741436860666,691.2511237649647,697.6022056382719,9806
2017-03-02,691.9298706054688,704.5350956974191,688.4392165603712,703.1291756286637,136066
2017-03-03,706.8137817382812,714.5223736839815,690.766372089088,698.8627816130412,26222
2017-03-06,702.159423828125,713.6495456941453,697.1657926006665,710.6921782990029,7235
2017-03-07,705.7955932617188,708.510552705572,695.7113905483471,704.9229002489873,30290
2017-03-08,705.9409790039062,712.6799371850523,699.4444289646598,711.7103046174536,7979
2017-03-09,699.7838745117188,709.7226088783844,697.602201114158,707.7833436361083,12874
2017-03-10,698.7658081054688,707.3470335720873,692.5601353377153,700.0263187415707,5050
2017-03-14,699.6868286132812,713.6495610898836,698.2323797795383,711.6618261867698,20671
2017-03-15,705.6986083984375,707.3469956873689,700.1716906328105,704.2926292642996,9532
2017-03-16,710.0136108398438,711.6619984200228,700.0748747372717,703.0322429119432,9546
2017-03-17,714.42529296875,719.4673943612561,707.8318030777856,712.679966112565,17718
2017-03-20,717.5765991210938,721.4066597558643,707.8318032550819,708.8014358622806,22384
2017-03-21,711.0800170898438,720.4369950044968,708.8498740291258,715.2009554865721,14272
2017-03-22,714.2313842773438,718.4977915978302,702.9836692421416,710.6922606239604,14291
2017-03-23,708.9954833984375,717.0434234411557,703.323096263826,711.6619734788475,8337
2017-03-24,715.2010498046875,718.449354831253,703.0806411570912,717.4797221394454,48311
2017-03-27,724.12158203125,727.1759482597353,711.2739506456776,717.5765622687886,8993
2017-03-28,727.2728271484375,730.1332547903911,713.6495026902097,713.9888503843102,6984
2017-03-29,731.296875,736.8237923256385,724.3155088613868,727.2244064873362,7229
2017-03-30,734.399658203125,744.6777387369833,730.5695981011517,736.5328022968798,8657
2017-03-31,764.2644653320312,771.8275881534806,732.1695891598571,738.6176699446154,32462
2017-04-03,749.4290161132812,770.2761157865548,736.7267942917242,764.2643821839737,29986
2017-04-05,792.8685913085938,887.2138317440581,741.8174110880269,761.064653766563,84316
2017-04-06,789.5233764648438,822.7332943572858,785.4024377482634,795.5835804598149,28922
2017-04-07,799.6075439453125,814.4913806208925,790.0566273659304,794.0806263119068,22556
2017-04-10,823.0242309570312,824.1878020433115,800.4802704893759,800.4802704893759,16768
2017-04-11,830.6843872070312,845.4712866168633,822.2970402625504,831.9448979433354,35707
2017-04-12,810.1280517578125,833.7385823165029,804.3102560539861,830.296398361408,12761
2017-04-13,799.171142578125,822.4423232840252,796.0683066476703,804.8434692025189,14847
2017-04-17,799.9954223632812,820.3092386314484,796.1653614813254,814.4429728156331,17910
2017-04-18,791.5595092773438,805.716180029896,785.4023662516212,792.9170185213126,10430
2017-04-19,782.1541748046875,799.8984398737208,767.9975030760965,788.0689101004725,9575
2017-04-20,786.5175170898438,794.1291094232439,780.6027226461827,792.1898441987671,4022
2017-04-21,776.6757202148438,802.5164529308677,768.433843034037,802.5164529308677,13148
2017-04-24,788.5536499023438,795.0986694373463,777.7422235903742,784.0448349944508,16711
2017-04-25,790.0081176757812,799.946851282626,778.1785887659337,799.946851282626,55886
2017-04-26,784.4328002929688,792.2383311542329,775.7061065937886,786.0811876058165,14188
2017-04-27,779.7786254882812,790.2506467624158,777.6938915204679,790.2506467624158,7801
2017-04-28,777.2575073242188,781.2330366918687,770.9064253132125,779.8270575152812,12770
2017-05-02,766.106689453125,785.4024017616689,757.2830565134116,780.5542387878314,15593
2017-05-03,757.6709594726562,776.6757353158276,748.604858888489,776.6757353158276,12893
2017-05-04,757.0406494140625,766.4460974326795,749.5259967941982,751.4652619864213,15261
2017-05-05,757.4286499023438,767.9491416167162,756.3135485619175,767.9491416167162,12504
2017-05-08,759.8041381835938,770.8579743181875,757.4285854822981,770.8579743181875,4915
2017-05-09,765.234130859375,767.9006207571365,757.2831309642588,767.9006207571365,9363
2017-05-10,774.8334350585938,776.675760785564,766.0098015238395,768.9186995043099,13554
2017-05-11,775.36669921875,787.5355759938117,767.9489864722009,777.6453120589712,16434
2017-05-12,781.9602661132812,785.402450200664,772.5548175276285,783.4631848915266,19807
2017-05-15,799.4620971679688,813.5217701927542,784.4327915207843,784.6267298815999,27980
2017-05-16,790.2990112304688,813.667191584465,786.4204809657399,799.9468671003167,7786
2017-05-17,797.91064453125,804.698072342661,795.0986864795674,804.698072342661,7570
2017-05-18,790.783935546875,804.7466700800942,776.9666695911263,804.7466700800942,22130
2017-05-19,798.9286499023438,802.8556493945708,790.2504278461054,799.9467521141557,29547
2017-05-22,799.3651123046875,804.8435008019546,795.2926436849287,804.7465612178765,8363
2017-05-23,797.91064453125,807.6069699761229,795.0986864795674,799.9468492020038,5139
2017-05-24,799.4620971679688,802.0801170847818,795.0987503671734,799.9469134791683,12664
2017-05-25,803.146728515625,804.7951158905323,798.9773198720466,804.7951158905323,36286
2017-05-26,810.0795288085938,818.0789973764568,803.8253870010205,803.8253870010205,16751
2017-05-29,812.55224609375,821.7637572368176,809.6433478380444,815.3642047469399,15902
2017-05-30,806.5403442382812,817.3033010654251,799.9468547265668,810.6128127895877,9254
2017-05-31,805.861572265625,810.6127953367993,800.2377154261779,806.5887966633553,21942
2017-06-01,802.0801391601562,819.2911186814301,799.9469354958313,818.9032419491238,22620
2017-06-02,800.0438232421875,808.0918210534035,797.1349254834375,797.1349254834375,23775
2017-06-05,801.9830932617188,819.339540333163,799.9468884909579,799.9468884909579,8808
2017-06-06,799.55908203125,815.1217338473061,795.0987953883297,815.1217338473061,12159
2017-06-07,808.9161987304688,817.400486101031,798.0078292540314,798.0078292540314,4795
2017-06-08,804.2133178710938,815.8973790937055,800.0923792403446,808.9644821951856,178364
2017-06-09,803.679931640625,807.897868827392,800.0438095046235,800.0438095046235,5590
2017-06-12,804.2618408203125,804.9890653326255,791.3172089921325,803.8254942765883,114779
2017-06-13,804.60107421875,804.8434823550646,798.9772172925884,799.8983800469183,8447
2017-06-14,797.8621826171875,819.2426293654489,795.0987533058083,819.2426293654489,4697
2017-06-15,795.1957397460938,817.885168203548,795.0988001504556,817.3518820641738,28425
2017-06-16,797.7652587890625,804.7950954663287,795.2442375843701,804.7950954663287,3563
2017-06-19,802.661865234375,819.2426184262873,792.0443762853016,819.2426184262873,22433
2017-06-20,799.171142578125,818.3698548241581,798.0075717064954,799.6559588428312,171055
2017-06-21,795.58349609375,807.2675563207057,794.177517079675,807.2675563207057,6255
2017-06-22,795.9713745117188,802.8072720716751,795.0986815544165,796.3591920181071,6906
2017-06-23,788.2144165039062,801.8862133982412,783.4631927760325,795.0987847479538,5947
2017-06-27,788.2628784179688,793.3534498547774,776.6757563588016,783.9480012685282,14439
2017-06-28,794.6624145507812,799.3651683417455,775.9969863182731,780.0694552235199,7079
2017-06-29,791.9473876953125,795.1956330753263,785.7902446561791,794.807815563115,12247
2017-06-30,799.6075439453125,804.79505466112,775.9484849307968,796.0683612973247,10770
2017-07-03,796.019775390625,818.3697916314294,787.6324309861901,818.3697916314294,4021
2017-07-04,790.7353515625,799.9468608694818,787.3416376072961,799.9468608694818,3378
2017-07-05,793.6442260742188,799.8983677311749,782.4934519754362,799.8983677311749,4568
2017-07-06,799.3651123046875,801.8861333074701,796.3592158364887,798.5893589053618,5796
2017-07-07,818.709228515625,878.1477518000215,790.0565981986301,798.5893528918824,313372
2017-07-10,826.514892578125,833.8840770280261,811.4370575609369,830.9751790849051,3785
2017-07-11,829.0844116210938,848.4285954333096,824.8180633359241,833.8841052258815,21085
2017-07-12,833.1568603515625,843.0955950837167,829.1328611531887,842.5623089588154,17071
2017-07-13,833.0113525390625,842.028983167805,824.1877194505571,842.028983167805,23527
2017-07-14,825.4482421875,839.217037304863,821.5697116858022,833.0113648294749,6329
2017-07-17,822.4907836914062,838.441250454618,819.436417585931,821.5696209626382,29812
2017-07-18,836.79296875,843.5803972334878,810.1280711362979,810.1280711362979,18699
2017-07-19,843.9682006835938,848.331547186982,824.2846124451913,836.7444263027604,10691
2017-07-20,849.5921020507812,862.0033875834766,831.6054290280914,847.4104286851313,20379
2017-07-21,864.669921875,872.6693912952061,850.4163099808421,850.4163099808421,68686
2017-07-24,869.760498046875,892.0620492788462,858.1249060997596,865.9304371946133,36514
2017-07-25,864.669921875,887.2138811501261,858.124901440286,869.760493324222,12584
2017-07-26,871.21484375,877.5174553074569,865.8818647398442,867.3363135607957,15650
2017-07-27,867.9666137695312,886.001755796243,864.9122475187401,872.7177778264924,8916
2017-07-28,871.796630859375,886.244180004771,863.0214678280481,886.244180004771,5226
2017-07-31,870.5846557617188,881.3960835394124,864.0396353393965,881.3960835394124,6200
2017-08-01,867.1908569335938,877.5174673770545,865.8818766494029,877.5174673770545,3613
2017-08-02,871.3604125976562,876.5479236501257,853.8584957590762,853.8584957590762,5836
2017-08-03,860.9853515625,869.760515495657,858.1249233151132,866.3668011096651,5552
2017-08-04,855.4098510742188,871.6996661469708,854.2462801729491,867.7726661391508,4071
2017-08-07,863.7486572265625,870.0027989634987,855.5552504041686,870.0027989634987,5277
2017-08-08,858.3671875,872.5723275769333,849.3980866986727,867.8211045608585,8686
2017-08-09,851.7027587890625,865.9075099176897,847.2758807544944,865.9075099176897,18256
2017-08-10,847.0325927734375,863.8156304889026,825.8227366965637,836.7681960762148,19439
2017-08-11,846.4974975585938,851.3135115864377,832.0495148579796,841.5842143111641,14518
2017-08-14,850.68115234375,867.1723244363153,845.476001633468,854.1351006622848,13300
2017-08-16,849.3676147460938,858.6590813584284,846.4488256919834,858.6590813584284,99202
2017-08-17,843.676025390625,856.0808792462182,841.6814719702547,846.5461205410755,9639
2017-08-18,840.3194580078125,852.2864823560913,836.7196059660257,844.8922398239785,3652
2017-08-21,831.8549194335938,848.3947248492325,825.0444113212719,848.3460902392995,31549
2017-08-22,833.5574340820312,846.4001166675515,810.4503561019341,827.038793891064,10331
2017-08-23,832.5846557617188,844.4544109047861,829.9090988778803,844.4057762925733,7554
2017-08-24,855.9835815429688,864.9345471129601,832.8764999974876,836.7682189946213,7298
2017-08-28,874.2261352539062,880.7447773522649,856.6161281094512,869.3128512170657,6956
2017-08-29,863.7670288085938,877.9231449360302,855.4484912395162,877.5826432732939,7888
2017-08-30,865.6156005859375,875.6367650201398,854.2809453744537,854.2809453744537,6175
2017-08-31,860.021240234375,867.804678015768,851.2648727303078,857.1510856759028,4691
2017-09-01,858.5618286132812,864.9345062937555,855.4970762945069,864.8858716851703,2564
2017-09-04,861.2374267578125,870.9180896489335,850.3406016789356,870.6748572113822,6492
2017-09-05,855.2052612304688,860.7996073647977,852.4810697720751,852.6756676011576,3726
2017-09-06,854.0377197265625,864.4480798922255,849.4163034300086,855.7889813939358,7051
2017-09-07,858.9996948242188,865.9074722542026,849.5136298191867,854.280949935554,7754
2017-09-08,849.3189697265625,857.1996763228838,836.8167878016396,856.6159422723839,666865
2017-09-11,856.372802734375,859.1942634616862,848.4434012880789,856.1782049021313,15129
2017-09-12,866.783203125,870.9181548730415,852.3351596226768,860.994258801157,8083
2017-09-13,880.0149536132812,899.9600133690273,866.8804020668143,867.853331810997,37439
2017-09-14,903.9977416992188,922.4347137861413,875.6368144556261,885.3661123940219,17822
2017-09-15,910.80810546875,915.8672920861405,895.1925372536284,912.8998685632331,10448
2017-09-18,919.1267700195312,934.0125836955956,914.5539882019374,920.3915668500348,12539
2017-09-19,917.034912109375,935.8124441646029,912.8026915048544,934.0125479035811,7983
2017-09-20,911.7324829101562,928.6614850177609,901.370816271246,928.6614850177609,5344
2017-09-21,912.072998046875,931.0937626166395,901.9058703716038,902.1004681964878,15730
2017-09-22,891.9332885742188,912.9972400041036,886.533540699957,912.0243103192666,7382
2017-09-25,889.5983276367188,903.8517727797948,870.2370604911026,896.0683344781389,11601
2017-09-26,890.5226440429688,902.976133745943,885.0256262411203,902.976133745943,6751
2017-09-27,884.2958984375,896.0683249909445,878.555588997636,891.8847388246828,108289
2017-09-28,875.9286499023438,890.2307292321658,870.8694032803967,879.5285018862054,7315
2017-09-29,880.7933349609375,889.7443009863181,875.6368189039763,885.1715190554573,14221
2017-10-03,887.02001953125,896.0682538663465,876.7069290795857,896.0682538663465,4136
2017-10-04,890.4739379882812,901.6626299160226,871.0639779413985,901.6626299160226,4539
2017-10-05,895.484619140625,898.0142128885503,885.3661253830778,890.2794090374653,10324
2017-10-06,915.2351684570312,921.8997145163145,888.38226759753,895.4847033711602,19178
2017-10-09,974.38916015625,1088.0759795026904,905.1165489754973,919.4186284050487,94391
2017-10-10,982.8536987304688,1006.982345964928,977.794451878988,982.7563701204288,27724
2017-10-11,970.837890625,996.2800263799597,958.3357675627542,982.9508774316913,52372
2017-10-12,972.5892333984375,981.6861026680114,966.605691774697,977.5025166838692,8090
2017-10-13,967.1895141601562,979.5943694145521,964.2707246885337,979.5943694145521,5939
2017-10-16,960.5248413085938,977.7943433934025,943.7418040712442,963.2003979696204,12635
2017-10-17,958.822265625,972.92974695586,953.4711520167427,967.8705003951056,15751
2017-10-18,968.0650634765625,972.9297120367463,954.541316726085,958.8708658212319,43105
2017-10-19,970.302734375,980.7130935742458,929.3424195969395,977.7943046052749,4653
2017-10-23,960.5248413085938,983.145456715456,959.4059484062707,983.145456715456,75773
2017-10-24,965.7300415039062,970.0109561367143,952.7414531563466,968.0650966459687,5547
2017-10-25,965.1948852539062,979.7401959683511,955.9034186086445,979.7401959683511,10952
2017-10-26,968.4055786132812,972.929725590444,967.0921472369014,972.3459915082568,5924
2017-10-27,972.9297485351562,1011.2632043806091,959.7951969299316,968.0650997924805,30480
2017-10-30,1002.4096069335938,1010.874048573153,968.0651379502283,977.7944358190748,18907
2017-10-31,999.4908447265625,1016.6629609189248,987.377797291262,1002.117707716179,32357
2017-11-01,1004.7930908203125,1011.8468307461874,992.3882378472222,1010.8739011012391,7113
2017-11-02,1031.7431640625,1070.2225778921324,1017.2466077928008,1070.2225778921324,107779
2017-11-03,1040.4022216796875,1050.7639454504879,1031.3053538680713,1047.2614227188164,17944
2017-11-06,1037.43505859375,1051.6883846749822,1032.6676789798219,1032.6676789798219,13017
2017-11-07,1028.678466796875,1041.034624648527,1017.6843153106161,1041.034624648527,7787
2017-11-08,1022.9385375976562,1039.0891504526435,1018.317120495924,1029.4085452932532,7036
2017-11-09,1034.4188232421875,1045.899441360666,1025.4192233979213,1028.1921680923356,6401
2017-11-10,1039.1375732421875,1043.3697935196863,1030.283818303308,1043.3697935196863,4087
2017-11-13,1061.8070068359375,1070.2228740990695,1038.3594203474836,1045.1699295462959,17960
2017-11-14,1050.569580078125,1070.1740193137618,1045.8994698228137,1052.7586719917076,7453
2017-11-15,1050.9588623046875,1079.9522217091699,1047.845534036735,1070.1256531747179,14199
2017-11-16,1095.0325927734375,1120.8152348956019,1045.8996332576146,1045.8996332576146,41819
2017-11-17,1129.036376953125,1138.327904362595,1091.384039930548,1126.6527463691325,36664
2017-11-20,1153.4080810546875,1164.5480778571525,1133.463023558592,1145.6733379710681,58016
2017-11-21,1156.2296142578125,1177.2935648322716,1148.105675472511,1158.7592075824932,89427
2017-11-22,1138.1331787109375,1172.2829864719465,1088.4163774198032,1167.515607322215,20344
2017-11-23,1146.0137939453125,1152.921570318105,1127.6740948288593,1133.462978414002,4663
2017-11-24,1142.3167724609375,1152.9217302731574,1135.4576891226116,1142.3167724609375,12171
2017-11-27,1141.53857421875,1159.440387406457,1137.3549286003665,1152.921805296351,11261
2017-11-28,1138.0843505859375,1152.9702203311736,1134.4358647430674,1148.056878556449,5148
2017-11-29,1134.241455078125,1138.3764061693757,1128.598415494322,1138.3277121796177,6149
2017-11-30,1127.0419921875,1135.360471368348,1123.7340068557064,1133.5119996165067,5342
2017-12-01,1120.32861328125,1129.2309442958365,1118.8692186482306,1124.7554911744114,9705
2017-12-04,1108.507568359375,1133.4145480363027,1095.5189789956773,1132.4903122122278,6822
2017-12-05,1106.3670654296875,1123.7338373445727,1070.2227022329264,1104.2752427585197,11271
2017-12-06,1096.73486328125,1111.0855745107008,1073.7250550822214,1111.03688052563,6113
2017-12-07,1109.7236328125,1238.3450151345842,1099.4106013670034,1130.5443529101399,54344
2017-12-08,1133.8521728515625,1147.0839915797253,1115.8042813725426,1136.3330720573194,23461
2017-12-11,1128.8902587890625,1151.8999487430847,1110.2586332552692,1135.3115703754368,16127
2017-12-12,1118.7718505859375,1138.2790191977308,1113.9072022389823,1138.2790191977308,6874
2017-12-13,1111.18310546875,1128.54987871813,1109.1399766333839,1126.7014071030837,3676
2017-12-14,1123.4906005859375,1129.4254481586627,1104.275238506204,1108.2156514010405,5948
2017-12-15,1136.08984375,1152.9215732968646,1122.7607557675794,1122.7607557675794,16433
2017-12-18,1128.5496826171875,1146.208379245685,1089.632497217006,1146.208379245685,11595
2017-12-19,1146.0137939453125,1162.6508662701567,1128.5983304379763,1133.414284427914,9248
2017-12-20,1145.138427734375,1153.5056006494426,1138.3279188183676,1152.9218664955263,252827
2017-12-21,1152.678466796875,1194.7576764942498,1149.029980406929,1167.5156447826546,32636
2017-12-22,1146.3057861328125,1162.5537842483452,1139.7872043016991,1162.5537842483452,32154
2017-12-26,1156.521484375,1158.6620009698563,1146.1111841139145,1153.894621697031,11971
2017-12-27,1156.95947265625,1170.4345263679159,1149.0300711891177,1161.6781583402258,12297
2017-12-28,1152.43505859375,1176.2231387215459,1148.056875593605,1160.7049598162464,7560
2017-12-29,1148.2030029296875,1167.5156336159177,1144.2140149346662,1149.078663408066,386685
2018-01-01,1154.089111328125,1165.5697287840821,1146.2084048616318,1150.927089943694,4437
2018-01-02,1141.1005859375,1164.5481681813023,1128.598462924648,1150.9758462412574,15298
2018-01-03,1146.6951904296875,1157.6893461324225,1139.3496407261284,1157.6893461324225,6850
2018-01-04,1150.39208984375,1160.80239002616,1140.3708665248894,1146.6463342883499,8110
2018-01-05,1147.0843505859375,1157.6893102351112,1143.1926309910743,1151.0247641820793,6423
2018-01-08,1140.2249755859375,1160.8997328202145,1128.5985125534678,1160.8997328202145,10273
2018-01-09,1143.2896728515625,1191.7416196778818,1134.8738071482376,1150.9758412759718,50194
2018-01-10,1135.068359375,1152.8729000744315,1129.7172464911703,1133.6089649521373,11122
2018-01-11,1139.7384033203125,1148.0569994241662,1131.5171951951738,1131.5658891845314,9559
2018-01-12,1129.2794189453125,1144.1165963928765,1128.598415683559,1139.7384128837593,22009
2018-01-15,1132.1982421875,1141.197841895043,1128.549755819577,1139.300676490056,10675
2018-01-16,1126.3118896484375,1138.3275455426701,1111.669252774235,1133.5115918947756,17855
2018-01-17,1123.3448486328125,1137.3063690670122,1109.140095721481,1137.3063690670122,27208
2018-01-18,1103.4483642578125,1123.5879637544688,1094.740571226479,1118.8692779441342,19605
2018-01-19,1106.6588134765625,1113.9557860532664,1087.7353787673094,1103.4482168023108,942057
2018-01-22,1097.5133056640625,1115.9502744620543,1092.0648047778318,1115.9502744620543,11082
2018-01-23,1109.1400146484375,1111.0858743232593,1094.546067087274,1097.5135505977169,19570
2018-01-24,1094.740478515625,1118.8691831898802,1090.654221179005,1118.8691831898802,67280
2018-01-25,1073.7252197265625,1103.983310391862,1069.249766749024,1093.5730098506851,8727
2018-01-29,1066.087646484375,1073.7251203583169,1060.4933010887235,1073.7251203583169,8239
2018-01-30,1056.650390625,1072.1685724568565,1031.3542174091394,1066.087761587659,22065
2018-01-31,1040.2078857421875,1064.3851667361803,1033.7378790285113,1064.336472741419,9061
2018-02-01,1054.2667236328125,1068.228242722933,977.7944639377184,1052.2235947747686,16091
2018-02-02,1044.6346435546875,1055.6287974305772,1021.5762555779779,1055.6287974305772,18196
2018-02-05,1006.7389526367188,1031.3054262333142,963.2003509160198,1031.3054262333142,75504
2018-02-06,993.6531372070312,1001.1447081239987,953.4711505942845,963.2004480493282,54025
2018-02-07,1018.4627685546875,1046.8235718211276,992.3882073646598,992.3882073646598,9298
2018-02-08,1021.6248168945312,1035.19713787824,1009.6577348055862,1018.4627955617265,7833
2018-02-09,1007.3714599609375,1021.5275161853294,998.712361664358,1020.6032804538837,3411
2018-02-12,1008.7821044921875,1039.0888874630248,1006.9822083560213,1039.0888874630248,4786
2018-02-14,1031.5,1042.4941528985426,1011.11717069511,1016.7115163592879,6301
2018-02-15,1027.8515625,1059.5204726176328,1022.5491429946115,1044.9265267138087,7654
2018-02-16,1027.1219482421875,1038.1161025515553,1021.5762958567319,1028.3868044957767,4177
2018-02-19,1010.3388671875,1032.570407335474,1006.9823070038234,1032.570407335474,4267
2018-02-20,1001.8257446289062,1021.5762666232935,994.3342328466723,1021.5762666232935,22999
2018-02-21,998.3231811523438,1011.6523898323758,984.4102977651629,1011.6523898323758,12208
2018-02-22,982.950927734375,1004.9391760090915,978.9133048474632,1004.9391760090915,31723
2018-02-23,987.0372314453125,997.2042998272012,980.713188069862,997.2042998272012,31263
2018-02-26,998.8583984375,1003.5283901970212,987.5237425652326,1003.5283901970212,14137
2018-02-27,996.3287963867188,1006.9823300534104,983.6320151536211,1006.9823300534104,9395
2018-02-28,999.1502075195312,1006.9823398916933,990.9289982412461,1005.0364802976998,5794
2018-03-01,995.9395141601562,1005.0363831294098,993.3612266942182,1005.0363831294098,8622
2018-03-05,997.8855590820312,1006.9824297424759,978.9134263477528,994.3343412529568,12111
2018-03-06,983.8265991210938,1006.9823158604306,982.6590715159757,994.3828634134188,16426
2018-03-07,974.5350952148438,985.2859569364745,968.1623579285717,977.7943860819495,10960
2018-03-08,954.6386108398438,977.7943252732135,951.5738586044781,965.3894718928817,15905
2018-03-09,970.7892456054688,977.7943513424157,948.7037294746837,948.7037294746837,44509
2018-03-12,961.9842529296875,981.6860796015724,953.4224833389826,972.9297121918457,12029
2018-03-13,971.0811767578125,975.2161282678533,963.2491040094959,963.2491040094959,7047
2018-03-14,962.7625732421875,972.9783350973207,958.7249506149084,968.0650519864352,4777
2018-03-15,973.124267578125,983.631896135032,959.3086543908423,959.3086543908423,95222
2018-03-16,973.8052978515625,989.1289396410018,972.9296374247152,975.3619615182771,3550
2018-03-19,989.7614135742188,995.7449552341221,968.3083246632372,986.3561594809545,9313
2018-03-20,990.393798828125,1020.6032541010534,974.9241928631313,984.6048552433423,18187
2018-03-21,988.8370971679688,1005.1823639702885,985.091341499139,1005.1823639702885,6501
2018-03-22,980.6160278320312,991.3182562722212,977.7945074900834,988.7399683948232,2532
2018-03-23,976.5782470703125,1002.1176532826121,963.2004628638698,963.2004628638698,6607
2018-03-26,998.71240234375,1007.1282685521284,972.9297636081344,988.4966398258646,10414
2018-03-27,1023.5221557617188,1030.7218600782307,993.4099663938555,993.4586010075637,5345
2018-03-28,1039.6241455078125,1052.2235384292703,1018.7547308370206,1023.5221104277322,13578
2018-04-02,1038.69970703125,1053.4883094896272,1023.5220277118824,1023.5220277118824,32367
2018-04-03,1051.0560302734375,1064.3851200103777,1006.982266188977,1036.4133903940171,9594
2018-04-04,1035.5863037109375,1066.7686265444984,1027.51094041764,1066.7686265444984,44358
2018-04-05,1041.0836181640625,1049.7912926869615,1027.462600464695,1049.7912926869615,9748
2018-04-06,1039.089111328125,1045.89962048477,1035.9757832200005,1035.9757832200005,1459
2018-04-09,1047.8453369140625,1049.9857348498915,1038.4565411077651,1045.8994774211858,20435
2018-04-10,1049.499267578125,1051.6397842749002,1024.1058250072874,1041.0348263097917,21544
2018-04-11,1045.3157958984375,1047.796695617124,1032.862247011367,1043.6617439868025,11249
2018-04-12,1044.099609375,1044.9265759286654,1036.2189019689297,1044.9265759286654,1998
2018-04-13,1036.4622802734375,1054.6560220778467,1036.2676230319894,1054.6560220778467,18524
2018-04-16,1040.9373779296875,1045.8992950180048,1035.0998004691219,1035.9754608413702,34607
2018-04-17,1030.8677978515625,1041.0348665654205,980.6645854790287,1040.0619367835836,52151
2018-04-18,1015.349365234375,1037.1430132816386,1000.6581511821438,1029.602808447743,10569
2018-04-19,997.1069946289062,1019.2411456443643,992.388309264492,1019.2411456443643,34239
2018-04-20,1015.93310546875,1022.5490746761255,987.5236068470671,987.5236068470671,32685
2018-04-23,1014.5225219726562,1026.4409117057323,1003.0905971266445,1026.4409117057323,18154
2018-04-24,1016.76025390625,1022.5491382482289,1011.8469113017679,1016.6628659213413,8782
2018-04-25,1020.7977905273438,1027.413759972896,996.8151685103392,1020.2627504535238,10680
2018-04-26,1029.602783203125,1041.0347063806696,1008.9280285203313,1022.7435817902684,47570
2018-04-27,1032.278564453125,1038.5539144403972,1031.3056346091541,1033.0569558346417,10951
2018-04-30,1034.9053955078125,1041.0349008415358,1032.6190341983859,1035.5865176370298,1429
2018-05-02,1039.6241455078125,1044.5373695502667,1032.2784782926083,1037.8728244285012,2714
2018-05-03,1031.548583984375,1040.7914149656074,1002.457965879754,1040.7914149656074,12124
2018-05-04,1025.66259765625,1032.4731065882725,1014.3766351792113,1031.5488707395525,1660
2018-05-07,1018.9492797851562,1039.0888762281918,1015.7385644028393,1025.1273593691153,4393
2018-05-08,1029.991943359375,1041.034670550839,1011.8467825914697,1020.9923445719028,7645
2018-05-09,1026.197509765625,1035.0998394816768,1020.4086260720434,1025.4678125555522,2690
2018-05-10,1029.4569091796875,1039.0889371253081,1016.7115536478904,1029.3596399612134,10592
2018-05-11,1041.034912109375,1055.5801654778352,1016.5171280408017,1029.4570234458301,421726
2018-05-14,1039.6728515625,1054.6559955476205,982.6591840434472,1031.3056783030238,15840
2018-05-15,1061.02880859375,1082.8710385496138,1036.1704007684984,1036.1704007684984,23209
2018-05-16,1074.406494140625,1130.3499612070666,1060.4448556078835,1070.2228482275764,57524
2018-05-17,1086.616455078125,1094.5458554731624,1071.2928131015008,1074.4062592387868,13935
2018-05-18,1106.512939453125,1114.004450258577,1080.4383773031875,1086.8111140227877,16891
2018-05-21,1083.9896240234375,1114.0044808234627,1077.0331530756098,1103.3022543701368,7182
2018-05-22,1084.3787841796875,1093.7674602485376,1039.088861663582,1061.4662435158878,89843
2018-05-23,1079.7088623046875,1106.1239305377599,1077.0819993102623,1084.8167438339506,12285
2018-05-24,1087.978759765625,1097.9025963188524,1078.0062292155712,1083.2113799446252,132738
2018-05-25,1114.9287109375,1119.8420532910252,1082.7247625239127,1085.1570867056917,13076
2018-05-28,1137.84130859375,1143.3383852700078,1105.831897022939,1128.59847624519,8335
2018-05-29,1122.5177001953125,1137.7926497793921,1120.8637671249787,1137.7440745513463,3112
2018-05-30,1134.4361572265625,1143.678990411513,1117.7990812468206,1120.4746382214116,6917
2018-05-31,1138.9603271484375,1143.970939516894,1125.7285052379368,1143.970939516894,5735
2018-06-01,1132.295654296875,1143.1924196415928,1124.7067549835585,1124.7067549835585,4716
2018-06-04,1093.6702880859375,1133.463137881467,1087.005743174308,1131.4685844243538,10771
2018-06-05,1056.3095703125,1093.6700889760828,1042.9804829158895,1093.6700889760828,40606
2018-06-06,1119.9879150390625,1132.441342462158,1032.2782892362754,1032.2782892362754,13573
2018-06-07,1138.911376953125,1143.095021779663,1118.8690507536585,1133.4629948939237,49412
2018-06-08,1126.3118896484375,1143.1921931731945,1109.4315861236807,1143.1921931731945,9903
2018-06-11,1124.2203369140625,1141.392570919531,1111.7182132597484,1120.620544310851,10766
2018-06-12,1153.8946533203125,1163.6239505658464,1125.2419204385496,1125.2419204385496,31268
2018-06-13,1154.137939453125,1157.7864260899632,1148.0571283917282,1156.8134963201396,25185
2018-06-14,1151.8515625,1158.2728751398797,1144.1653936703055,1154.7216577754052,4861
2018-06-15,1151.46240234375,1155.0136198177083,1139.3007800122782,1151.46240234375,3126
2018-06-18,1142.3167724609375,1152.9217302731574,1129.5714167486378,1138.3277843203327,6331
2018-06-19,1107.6806640625,1142.1709806677222,1094.5948047338477,1141.1494755572166,113786
2018-06-20,1127.62548828125,1134.4359959757874,1083.2112250629946,1113.1288124354262,8568
2018-06-21,1120.5718994140625,1135.6523113445317,1111.2317970683603,1123.8798844939151,35303
2018-06-22,1135.165771484375,1137.841328263104,1114.1018189095778,1119.9880913291163,6323
2018-06-25,1138.863037109375,1147.8626378558856,1125.6797906716615,1138.3278782072982,3384
2018-06-26,1130.5931396484375,1143.143839256158,1127.722925433102,1140.4197070321686,2238
2018-06-27,1130.30126953125,1152.9218888698354,1126.166317609143,1132.0038967932942,5252
2018-06-28,1089.4381103515625,1130.39842993021,1078.0061855499275,1129.5714633785792,5763
2018-06-29,1097.56201171875,1109.0426301129216,1079.9520072456594,1089.7299986013804,6674
2018-07-02,1075.281982421875,1102.3294787447212,1072.119960527859,1096.34593663826,5888
2018-07-03,1114.2476806640625,1152.8729402281213,1075.1845314984002,1075.1845314984002,24735
2018-07-04,1127.38232421875,1138.1818204645715,1095.9566464450882,1128.5984863807982,5569
2018-07-05,1103.788818359375,1127.917524036987,1099.4106344170063,1127.917524036987,1015
2018-07-06,1111.6695556640625,1143.9708959911795,1099.4593580440953,1104.3240070000609,11775
2018-07-09,1134.7764892578125,1151.9487215715678,1107.1939570510508,1107.1939570510508,4899
2018-07-10,1109.4317626953125,1139.981659664525,1106.0750840365317,1138.27903272286,4827
2018-07-11,1095.859375,1114.0045381740813,1093.5730138931592,1104.2752408974518,3219
2018-07-12,1124.560791015625,1128.5497791070331,1095.5188626808495,1096.978257258133,7032
2018-07-13,1112.302001953125,1128.549882225153,1100.3836118162994,1118.8692781509676,5300
2018-07-16,1090.703125,1122.7124240817259,1084.8168515279667,1117.7991992872353,5699
2018-07-17,1079.805908203125,1096.4916748342011,1075.087223329008,1078.0060121706254,7870
2018-07-18,1079.708251953125,1114.1414820764505,1070.1706252654303,1098.5389507980606,3875
2018-07-19,1062.784912109375,1091.0554365580426,1059.4101077301875,1079.8548880774317,8657
2018-07-20,1055.497314453125,1071.1488038240705,1035.9329527394434,1068.0185537144362,382502
2018-07-23,1067.48046875,1095.310725073361,1061.3666058132876,1062.3448238831616,9438
2018-07-24,1080.442138671875,1101.2292780532941,1061.366881357161,1066.2579729763186,7300
2018-07-25,1073.5455322265625,1099.9574240300708,1061.4645611542753,1096.6315776283814,3940
2018-07-26,1077.849853515625,1088.7570118835342,1066.2579900746202,1068.2144267536564,3864
2018-07-27,1130.67333984375,1140.3087640150277,1071.148793770818,1073.3987431113294,11706
2018-07-30,1166.378173828125,1192.252110807645,1124.9506666389564,1132.7764104068797,32899
2018-07-31,1168.0413818359375,1172.8345550451106,1129.8419168815758,1156.4005624463948,10655
2018-08-01,1211.71875,1222.7726626347755,1168.9706654788454,1188.5350280810019,101401
2018-08-02,1240.0382080078125,1262.8795769384808,1187.1654715263512,1212.012235342198,25772
2018-08-03,1253.097412109375,1271.6835563951502,1228.2018087121958,1249.575850758559,18953
2018-08-06,1232.261474609375,1271.6837176201627,1228.1530057477803,1271.6837176201627,13136
2018-08-07,1248.84228515625,1255.0049881508742,1209.1754895009917,1244.880453693605,10196
2018-08-08,1250.60302734375,1266.7925865425032,1248.2064404851228,1248.8423062062084,8314
2018-08-09,1231.8212890625,1263.8579356511812,1222.8217292357372,1250.7987463438774,6929
2018-08-10,1252.36376953125,1257.9885238173697,1215.2404390074178,1232.7994067969207,6101
2018-08-13,1214.0665283203125,1250.1628021230458,1200.3714741499505,1250.1628021230458,7748
2018-08-14,1216.0718994140625,1232.5548511201766,1198.659568832093,1205.164743317506,7724
2018-08-16,1206.876708984375,1232.5059781603538,1203.2573493947373,1232.5059781603538,3798
2018-08-17,1195.3826904296875,1222.7728011760305,1191.5187761425339,1222.7728011760305,6430
2018-08-20,1180.6114501953125,1207.1211368549878,1175.2312506388275,1197.338955843197,8258
2018-08-21,1190.736083984375,1198.2194769711778,1156.7430021043529,1178.7529112353025,8737
2018-08-23,1176.845458984375,1203.159433162924,1174.8400639000847,1198.2195028757972,3738
2018-08-24,1171.7586669921875,1193.4262243743801,1161.242821162659,1176.0628510279496,5899
2018-08-27,1183.986328125,1212.9415618288863,1148.428121829674,1159.5308740826304,14736
2018-08-28,1177.5789794921875,1190.0512600865782,1168.9706125722885,1190.0512600865782,2943
2018-08-29,1153.8082275390625,1169.9488258895453,1150.3844642525964,1164.0795173984607,21297
2018-08-30,1143.5860595703125,1160.2646085994788,1134.7331369014764,1160.2646085994788,20588
2018-08-31,1142.9500732421875,1155.2755976498227,1125.4399450432861,1148.6726253516547,9349
2018-09-03,1151.1182861328125,1166.0361139327067,1139.4774654755324,1153.319277119682,12804
2018-09-04,1150.4332275390625,1153.8080315837265,1129.1569878723003,1144.612759293749,12378
2018-09-05,1139.28173828125,1155.0799845372396,1129.8419096988905,1129.8419096988905,20236
2018-09-06,1139.7708740234375,1156.3516235037782,1126.5649293151118,1156.1560276430268,3126
2018-09-07,1131.162353515625,1144.4172550992973,1126.9071291238647,1144.3682964350453,2305
2018-09-10,1124.85302734375,1132.2874610893589,1102.451808766918,1130.8201339259601,14007
2018-09-11,1103.6256103515625,1129.3038354229577,1096.582487810821,1119.1793019913712,2134
2018-09-12,1100.00634765625,1113.9459567750598,1085.7732253177476,1104.11481626355,20355
2018-09-14,1089.68603515625,1105.190888003282,1078.974594426725,1101.473611354934,21525
2018-09-17,1085.4307861328125,1115.0708424981772,1070.5619186916822,1073.3498164104706,17240
2018-09-18,1054.8614501953125,1101.571363847842,1030.8462678071799,1095.555298730736,16602
2018-09-19,1065.1817626953125,1078.9256559950486,1039.0144272988127,1054.8615134940042,11139
2018-09-21,1075.3551025390625,1086.066541947968,1046.6932671779562,1070.1215406740705,23378
2018-09-24,1055.790771484375,1091.4467710464116,1046.6932960068657,1075.942039095315,7543
2018-09-25,1034.954833984375,1050.3128116390542,1030.0637430865281,1042.4870662024994,11367
2018-09-26,1021.8955078125,1040.5304899816572,1018.5205838997829,1034.9546948721356,30369
2018-09-27,1008.2493286132812,1022.2378949401752,993.8695705829838,1017.3957632023818,25327
2018-09-28,1037.0091552734375,1051.0955221232152,1004.6301546957114,1021.9935288396733,9405
2018-10-01,1005.99951171875,1022.5802606469485,988.000274907465,1021.5042446258617,41548
2018-10-03,1044.2479248046875,1052.318224926129,990.9350330933474,1007.5647424344994,4136
2018-10-04,1011.6730346679688,1046.6932877613588,1002.7224352596743,1046.6932877613588,4439
2018-10-05,1002.9180908203125,1016.5153460728922,981.152738446987,981.152738446987,7040
2018-10-08,991.5218505859375,1011.1840106784139,979.1963263049365,988.0002892787072,5173
2018-10-09,987.4622802734375,1001.2062327387265,980.6636524871259,1001.2062327387265,2979
2018-10-10,1000.0323486328125,1004.7767422267307,985.1634216171122,990.2501676627064,3228
2018-10-11,988.9785766601562,997.7825402506028,969.4631120935267,984.1363847442708,3421
2018-10-12,987.0709838867188,1000.7171386273214,982.1309943126399,995.5325945227863,53637
2018-10-15,961.7351684570312,991.4729634784213,958.6537574970838,987.0220829740383,31736
2018-10-16,986.0439453125,992.8914727105034,967.4089005490736,976.1150067031147,3152
2018-10-17,982.5223388671875,1001.6953908249164,977.8758026304508,1001.6464918583009,3604
2018-10-19,975.1856079101562,997.782421214201,934.1982473132961,997.2444132223318,28404
2018-10-22,942.1707763671875,983.1091795123651,941.0458016824829,968.4359081763597,5351
2018-10-23,938.8448486328125,953.762675089338,924.4161312404353,945.1543675014658,21137
2018-10-24,946.8662719726562,960.6591240307092,936.154771269344,952.8333788163364,4118
2018-10-25,935.9591064453125,945.9369434361403,928.3290168778667,944.9098263280471,7779
2018-10-26,924.513916015625,938.1111716877465,920.5032456289566,932.4375185654977,8216
2018-10-29,940.8013305664062,962.5666849777424,920.5033034187556,924.4161761219173,22350
2018-10-30,947.7955932617188,967.4577542741931,937.1329915011902,951.8551627772665,38846
2018-10-31,980.8104248046875,993.8696128630805,947.8933610869341,958.4581048730796,17171
2018-11-01,970.6858520507812,1019.9880106697622,958.6537808244303,981.201697095539,7604
2018-11-02,973.7672729492188,985.2124372875601,960.7080247751467,960.7080247751467,4372
2018-11-05,999.4454956054688,1012.4068263847985,970.7347570850276,994.0652957814953,3157
2018-11-06,981.7396240234375,1011.4774770172467,977.2398448164694,1011.4774770172467,3515
2018-11-07,1008.5430297851562,1015.2927596863689,979.2453808488016,1005.5594163165725,876
2018-11-09,991.6197509765625,1005.7550151906248,983.109241127158,997.8314123491665,1275
2018-11-12,986.6307373046875,1011.6242571576095,977.2887665278653,993.8695750207778,6752
2018-11-13,991.9620361328125,998.7606637577084,978.2180839938378,988.0980627598981,1391
2018-11-14,1001.4019165039062,1006.5864606770414,981.7886548429323,1006.5864606770414,1496
2018-11-15,985.1634521484375,1001.597564452083,962.1753261562601,999.2498170642205,8686
2018-11-16,980.6637573242188,1002.722625764751,976.2617753711424,997.7825760306265,5616
2018-11-19,978.4627685546875,985.9950607436369,972.0065522245603,981.1528686431908,8119
2018-11-20,973.9139404296875,992.5000847867861,963.5448521969531,978.4626785888348,9941
2018-11-21,990.0545043945312,1007.6135907460065,978.2180893951278,979.7343154925514,2824
2018-11-22,1002.7713623046875,1017.2490381207188,992.9891811888259,995.9238355235843,5781
2018-11-26,984.821044921875,1007.22226267424,981.2994837416056,988.9784717318257,2422
2018-11-27,1001.2062377929688,1005.6082192976764,990.8371496863798,990.8371496863798,1665
2018-11-28,983.4026489257812,1003.6028169687742,972.3487962814271,1003.6028169687742,59050
2018-11-29,974.9900512695312,1017.6892380975464,970.3924139798982,982.1310318909453,45519
2018-11-30,1005.9017944335938,1019.2543769576042,969.4142088388732,969.4142088388732,3166
2018-12-03,1006.8800048828125,1014.1187237738591,986.0439102061592,1006.390895800369,4783
2018-12-04,1009.96142578125,1012.4559301854022,995.9240172015417,1011.9668210403851,1347
2018-12-05,1008.2493286132812,1026.1507672653051,999.7388790706785,1012.4557141273506,2601
2018-12-06,972.4954833984375,1001.8908637039908,955.7190202155506,994.9455395376177,65229
2018-12-07,970.8326416015625,981.9353940270522,965.7458951405634,975.3813203007093,2820
2018-12-10,979.0494995117188,988.0002184422591,954.7408051481632,970.8325038154154,1737
2018-12-11,993.478271484375,997.7824549763546,953.7626407862214,953.7626407862214,2358
2018-12-12,1021.3576049804688,1027.1291162780255,988.9786062448419,997.7336711294947,7882
2018-12-13,1016.0750732421875,1020.2325000875506,994.8966876062833,1016.7109388772851,13516
2018-12-14,1041.3133544921875,1047.6717732842958,1004.6301691531015,1025.1727529429897,9659
2018-12-17,1021.7977905273438,1043.9543355358558,1013.8252889240212,1043.7587396753565,1550
2018-12-18,1022.09130859375,1036.8623801992305,989.9568631533175,1036.8623801992305,5994
2018-12-19,1017.6402587890625,1026.8354126914978,1011.4774374693299,1020.3303583568,2793
2018-12-20,1006.8800048828125,1032.1669205628637,981.2506173159331,1013.9720865782436,19588
2018-12-21,1027.569091796875,1036.9111218383678,992.9402090230459,1003.5539105747116,9269
2018-12-24,1037.644775390625,1041.802202018398,1010.6948208978034,1010.6948208978034,9208
2018-12-26,1030.992919921875,1034.954750996009,997.9781187144172,1022.0911590838658,10911
2018-12-27,1038.86767578125,1046.6934209848753,1011.575365501328,1039.2100282516296,7914
2018-12-28,1043.2205810546875,1048.1116712549747,1007.6623791808765,1039.992533169327,4598
2018-12-31,1064.7904052734375,1076.0399134596062,1019.6456159310134,1048.1117388502578,8289
2019-01-01,1063.1761474609375,1071.148647578614,1051.7310452924537,1064.8391896108496,899
2019-01-02,1051.5355224609375,1061.2688644215023,1034.0255136065575,1058.7255211866252,4283
2019-01-03,1055.5950927734375,1061.2688053295801,1041.8022419037493,1051.535463910972,1094
2019-01-04,1035.737548828125,1050.6064187214438,1026.4444752919483,1046.5957477091654,2534
2019-01-07,1016.9556274414062,1050.606357754559,992.8914833527723,1040.237268608722,10334
2019-01-08,1024.1453857421875,1034.9547434453737,1000.0812445122193,1021.2596901294613,11430
2019-01-09,1030.5037841796875,1034.0254647816516,1013.4339265216523,1017.6403120121172,5471
2019-01-10,1032.1180419921875,1035.5418058350087,1018.6187019159078,1021.7979111985275,1163
2019-01-11,1029.5257568359375,1037.8895706980202,1017.3959459780185,1030.0148659644474,7113
2019-01-14,1022.0422973632812,1034.954728249859,1003.6517497016591,1015.3903666572342,4730
2019-01-15,1015.0968627929688,1029.4767403424667,1008.5428493637921,1027.0800343785231,1893
2019-01-16,994.1630249023438,1022.2378957999008,988.00026292622,1001.8420726702855,4198
2019-01-17,1002.0377197265625,1010.8906415865558,974.3052595640219,994.1630757043581,9155
2019-01-18,1007.4179077148438,1027.0800680585228,991.9620733490115,1007.7114209156088,11796
2019-01-21,1012.5536499023438,1017.2979843601805,997.7825787463211,1007.3691650125627,1294
2019-01-22,1009.9124145507812,1014.9502617689205,983.109214085476,1002.6735765548386,12278
2019-01-23,987.7069091796875,1011.8199515150577,983.8429354240559,1009.9124738268936,3931
2019-01-24,982.91357421875,1000.1302492901917,979.1963572313389,983.1092297877078,2072
2019-01-25,976.2618408203125,996.0218619644298,970.3925311560621,984.1364860120407,3614
2019-01-28,977.484375,983.1091287215412,961.099222854641,977.2398204903677,11903
2019-01-29,968.093505859375,979.1473577552915,963.5447680972487,978.2180386774098,3672
2019-01-30,966.2349243164062,978.218095992312,956.1103909051635,965.5990586717335,12120
2019-01-31,986.2883911132812,997.7824536925831,962.566602385786,968.2891543408629,9229
2019-02-01,973.3758544921875,1002.6734969038329,969.071730914259,997.7335077138839,7277
2019-02-04,967.8978881835938,974.5497591657446,953.7626250304652,964.6208218023809,2321
2019-02-05,961.197021484375,974.9410327003844,950.8279341506056,964.5718856609243,4402
2019-02-06,979.1474609375,984.087450612257,959.1428879973341,964.278533241583,2194
2019-02-07,968.4848022460938,978.2180841242689,963.789367383436,974.0117583036733,2139
2019-02-08,961.294921875,972.7889843474971,958.7515190363931,959.6319391931596,1108
2019-02-11,955.9636840820312,964.5230928676212,952.7844751045265,959.8276577035227,2026
2019-02-12,944.1272583007812,958.6537737451509,935.1765384697595,958.6048747794666,14322
2019-02-14,939.04052734375,940.116543429118,927.3508084813528,940.116543429118,17084
2019-02-15,930.138671875,939.3339460492468,927.3507741262026,939.0404925555359,2277
2019-02-18,921.0901489257812,937.1329498195846,919.5250238313251,930.1386664475257,2416
2019-02-19,928.4757080078125,937.0840151103495,920.6499634226528,926.3725152682737,920
2019-02-20,927.3507690429688,943.9804769266507,925.3454338569579,933.0733211088989,5500
2019-02-21,926.3726196289062,937.76888534717,904.1670549258063,937.76888534717,26176
2019-02-22,917.3729858398438,926.9106129760825,911.6993324076313,921.1880605766187,5989
2019-02-25,927.5953979492188,933.5625050213181,911.7971503106721,919.7696524352787,4671
2019-02-26,923.48681640625,938.99160963585,910.7210817132773,928.0355546064305,2781
2019-02-27,919.5250854492188,946.6217408658302,909.7918026567813,946.6217408658302,3654
2019-02-28,921.3836669921875,943.9804815809135,914.6339381120767,920.5521457704864,9075
2019-03-01,954.789794921875,967.6044882627413,924.9541419232356,935.1765333344006,5097
2019-03-05,1020.1347045898438,1029.9658440944809,958.9471754024105,978.169184627237,53769
2019-03-06,1005.265869140625,1022.335727472267,988.9785136536649,1022.2379295431056,7686
2019-03-07,1016.6132202148438,1075.0617551273642,1005.265913469755,1006.5864841001436,23992
2019-03-08,999.249755859375,1018.8630758755008,988.0002480841594,1016.075058854274,4998
2019-03-11,1000.4237060546875,1032.5582078521256,997.782505129382,1005.2658978001313,3136
2019-03-12,1009.7657470703125,1015.7328542678372,1001.6954468394284,1013.8253765232802,3667
2019-03-13,1005.4614868164062,1021.748842656785,995.7771630971703,1021.748842656785,13312
2019-03-14,1011.23291015625,1014.3631601546955,997.0976473790703,1014.3143208989785,56859
2019-03-15,1009.1786499023438,1014.3631337907325,1004.6299122014342,1009.8633547556506,2748
2019-03-18,1014.9501953125,1019.3032179123512,1007.5646011993491,1007.6135598668736,3661
2019-03-19,1020.819580078125,1027.1290392690778,1008.6406926799557,1019.1565376058059,78122
2019-03-20,1023.4117431640625,1032.0201103323388,1012.4557480511571,1012.5047067214164,11606
2019-03-22,1014.3143920898438,1027.1290255742538,1010.0102084813495,1023.2161530958757,5605
2019-03-25,1017.4935913085938,1022.2379252612603,972.0064491797434,1005.4126215286933,8502
2019-03-26,1001.5484619140625,1014.4120523229009,997.0975820152105,1006.0482407711175,27799
2019-03-27,994.5054321289062,1011.4285332186766,987.951359070124,1001.6464121517674,5201
2019-03-28,1024.9283447265625,1040.0907301651325,986.5332719224417,1002.722834461744,14361
2019-04-01,1040.5306396484375,1074.7682762559912,1029.134493278186,1066.2578257781022,2700
2019-04-02,1029.4766845703125,1036.9111177587595,1017.8358660641408,1030.992850878697,3789
2019-04-03,1032.4114990234375,1044.737024304298,1018.471889850838,1039.5524201457188,4061
2019-04-04,1048.69873046875,1056.426557698247,1031.873308005714,1034.6612056249592,4865
2019-04-05,1034.2698974609375,1048.6496537165692,1021.3573487347684,1048.6496537165692,5778
2019-04-08,1034.661376953125,1051.5846001432483,1030.0637990240375,1051.5846001432483,2316
2019-04-09,1028.98779296875,1047.182628393445,1015.1949396344526,1031.2865819558986,3964
2019-04-10,1053.981201171875,1056.475705463226,1031.5311401953443,1031.580098872197,3791
2019-04-11,1043.8565673828125,1075.0617503517344,1036.9112423774689,1056.4266467689772,2439
2019-04-12,1042.193603515625,1048.3563059927721,1029.036498223147,1048.3563059927721,2484
2019-04-15,1044.150146484375,1057.8452014932088,1034.661358152841,1057.8452014932088,1464
2019-04-16,1052.1715087890625,1059.801658780137,1039.5036304211462,1056.4267342254132,1833
2019-04-18,1046.1064453125,1051.5844427131935,1032.020080988297,1042.3891688202145,2356
2019-04-22,1049.090087890625,1061.3667743819085,1023.2162635976739,1023.2162635976739,4284
2019-04-23,1045.22607421875,1047.7694174801015,1036.4221110292613,1047.7694174801015,1975
2019-04-24,1047.084716796875,1054.5191507491918,1037.889442434965,1037.889442434965,4030
2019-04-25,1048.9432373046875,1051.7311347972034,1042.2423482958204,1051.5354195451268,4594
2019-04-26,1058.040771484375,1071.1489191258204,1036.9112824414333,1048.992253217787,3965
2019-04-30,1051.8780517578125,1056.4756294175704,1034.9548295590644,1042.2425072011354,6863
2019-05-02,1066.11083984375,1067.8716799693648,1037.987072965626,1042.8293236053798,9189
2019-05-03,1066.8446044921875,1070.072771891471,1020.3792461135087,1057.7960873342342,14152
2019-05-06,1049.090087890625,1070.1217797332158,1042.291518989791,1067.3828403493956,976
2019-05-07,1048.16064453125,1064.0566879037492,1037.8893549674815,1041.1663615650737,1258
2019-05-08,1039.307861328125,1050.3128158928507,1034.857040239898,1034.857040239898,969
2019-05-09,1048.1119384765625,1056.475752616004,1036.9603455058566,1054.9106272351517,3183
2019-05-10,1039.6014404296875,1063.7633833295456,1033.1940631569482,1063.274274206784,3036
2019-05-13,1039.6014404296875,1053.5410504283918,993.4784262709913,1053.5410504283918,24573
2019-05-14,1049.77490234375,1056.475673240821,1015.439466845704,1033.7320997196643,115570
2019-05-15,1058.0897216796875,1065.279601443514,1039.2590216541707,1039.5524154622744,1701
2019-05-16,1088.41455078125,1095.604430977257,1042.6338892937092,1042.6338892937092,249025
2019-05-17,1055.9864501953125,1109.299337213047,1046.6933781463495,1099.5171561088757,4816
2019-05-20,1098.1478271484375,1103.4302297903546,1055.9866427825248,1057.307213590151,5863
2019-05-21,1079.218994140625,1105.5819211253065,1066.2576058130808,1098.196446970399,18944
2019-05-22,1108.223388671875,1172.8835858263967,1101.473659416616,1110.2776229465892,10042
2019-05-23,1108.27197265625,1133.7545978796106,1048.1605277204512,1115.1684569307647,13781
2019-05-24,1151.167236328125,1154.2974868329416,1085.9200101289468,1107.7831632218497,14101
2019-05-27,1174.6932373046875,1183.6439572271554,1137.2275539417724,1164.079594297781,14007
2019-05-28,1171.122802734375,1194.4044440855341,1168.970770419503,1192.9860754341053,3848
2019-05-29,1142.9012451171875,1171.1228171698872,1134.830944719836,1171.1228171698872,3827
2019-05-30,1149.6019287109375,1160.3623284226721,1129.8909284044678,1145.4934602219246,1904
2019-05-31,1150.580078125,1161.144881338975,1139.6240832012686,1154.2973546587957,2083
2019-06-03,1160.460205078125,1167.9924368476782,1139.624111329602,1154.2973831492966,4931
2019-06-04,1133.0701904296875,1167.0143142532127,1126.026947732869,1160.1667868435125,33987
2019-06-06,1139.5751953125,1145.6890587995438,1111.7938951564902,1120.842413117315,4130
2019-06-07,1137.4720458984375,1144.515168400965,1124.9508065479572,1144.4662097317773,1855
2019-06-10,1153.6126708984375,1159.1395077196225,1139.624104087994,1139.624104087994,3065
2019-06-11,1148.281494140625,1154.2975603927507,1138.6950267265822,1149.748821547904,4446
2019-06-12,1130.4287109375,1148.476904908163,1124.9507139518362,1132.923214632988,2011
2019-06-13,1145.6890869140625,1149.4063637699633,1129.7930414576695,1129.7930414576695,9241
2019-06-14,1139.9176025390625,1154.2973608803895,1124.9508178071592,1128.9614881448895,8795
2019-06-17,1149.9443359375,1154.297358720662,1120.0597251992865,1147.107479563451,27489
2019-06-18,1150.042236328125,1156.2538979381522,1130.7712663823158,1149.4063706237978,4445
2019-06-19,1140.4066162109375,1183.6438049580775,1134.9774584319086,1148.8681065602532,32044
2019-06-20,1142.216552734375,1160.9004972510788,1120.4022382003168,1149.210837038266,22262
2019-06-21,1131.5048828125,1154.2974134009928,1129.841959727243,1154.2974134009928,1578
2019-06-24,1103.8702392578125,1135.809086190542,1095.6043435376453,1135.809086190542,4141
2019-06-25,1135.1243896484375,1144.5152602088976,1079.6105084374503,1106.3647515352677,13362
2019-06-26,1138.4503173828125,1144.4174241455512,1109.005855884021,1128.52137939448,2881
2019-06-27,1146.129150390625,1160.166554891736,1134.7328867406525,1149.3571981629743,53774
2019-06-28,1235.04931640625,1282.4439358356192,1120.059730382749,1126.9072571187135,38032
2019-07-01,1183.252685546875,1257.0103601326587,1174.8400330889674,1240.380651088102,15765
2019-07-02,1187.65478515625,1198.3173882482513,1171.9054947929837,1192.448078591525,2902
2019-07-03,1178.166015625,1197.3390683270418,1174.1553449156618,1196.898917904717,3108
2019-07-04,1180.6602783203125,1188.534981725104,1168.0901997209708,1168.0901997209708,1832
2019-07-05,1162.4166259765625,1202.2300552238962,1149.5530339688212,1191.3718581029316,4187
2019-07-08,1130.6243896484375,1176.8451892279613,1125.9288955773964,1168.8726888044564,3264
2019-07-09,1125.6845703125,1154.2974520693026,1110.9623389431583,1129.499645095687,3275
2019-07-10,1126.173828125,1139.6243298724212,1100.4955975162866,1122.4565507866014,4828
2019-07-11,1134.8309326171875,1144.5153168730092,1126.9563475966556,1144.5153168730092,1863
2019-07-12,1147.205322265625,1159.1884944657988,1124.901900936662,1135.858015737943,6561
2019-07-15,1140.0152587890625,1159.67741632229,1120.499738423866,1159.67741632229,6790
2019-07-16,1145.297607421875,1152.291770136331,1126.9070624575002,1139.6238956275934,4442
2019-07-17,1141.1405029296875,1154.248531440866,1133.7549076648077,1147.009812201464,7062
2019-07-18,1151.4737548828125,1154.7212903694033,1133.8086658917011,1153.1467167881233,4213
2019-07-19,1147.9306640625,1156.3449669815202,1133.611741018801,1151.4243501007477,2016
2019-07-22,1158.952880859375,1161.2655466928654,1131.7418463532163,1131.7418463532163,5552
2019-07-23,1165.4974365234375,1171.1068920712125,1143.551435787184,1164.9068663544037,4044
2019-07-24,1156.1483154296875,1171.1069443125398,1122.9832819861858,1171.1069443125398,11189
2019-07-25,1149.3577880859375,1175.0433858095955,1138.63081857764,1151.3260349633406,339990
2019-07-26,1139.2213134765625,1153.3434613516033,1131.840387395643,1141.6816221702024,27808
2019-07-29,1140.402099609375,1151.1782014223277,1134.8417790768058,1142.419480244644,5227
2019-07-30,1115.0118408203125,1151.3751533307918,1107.1388534182274,1140.4514073368493,3944
2019-07-31,1100.0040283203125,1122.835645180878,1076.631095488635,1112.0595410440199,516258
2019-08-01,1074.466064453125,1110.583348147691,1067.7739767303897,1099.2166738908825,11936
2019-08-02,1059.8519287109375,1067.6757838956257,1049.0758226753933,1053.061571555544,6417
2019-08-05,1065.3134765625,1081.5515110782333,1027.031056011081,1027.031056011081,5946
2019-08-06,1081.994384765625,1087.4563174900802,1052.8643572104395,1056.0627581442338,86044
2019-08-07,1075.7452392578125,1106.1546756303271,1066.494455488547,1084.6516038716143,123553
2019-08-08,1096.0673828125,1102.267407980297,1074.1706382400394,1074.564311607117,2486
2019-08-09,1083.02783203125,1115.9959668545548,1071.7596668385745,1099.2166143617321,7893
2019-08-13,1094.2958984375,1117.9641127866284,1078.8452100724837,1117.9641127866284,10596
2019-08-14,1067.3311767578125,1128.7896405186752,1063.8374903231804,1087.9977700018335,11535
2019-08-16,1090.5072021484375,1102.1690413384572,1060.3930477424813,1102.1690413384572,7006
2019-08-19,1079.435791015625,1099.2659027232526,1072.6945693539349,1072.6945693539349,8714
2019-08-20,1071.956298828125,1092.0815721532745,1069.7420214148926,1071.7102680044325,6919
2019-08-21,1054.29150390625,1097.297650776143,1047.1073546419875,1097.297650776143,15213
2019-08-22,1060.9833984375,1075.6468609155895,1046.1231593351067,1049.567591186163,30412
2019-08-23,1058.572265625,1067.7245403562972,1039.3326068034974,1053.1103331851082,14352
2019-08-26,1062.7054443359375,1080.5180507464588,1059.9007171609826,1062.5086677431173,5779
2019-08-27,1130.708740234375,1141.5833538563468,1053.5042933648442,1062.90272161545,12853
2019-08-28,1116.7833251953125,1151.2767796085934,1111.9118420991676,1151.2767796085934,5214
2019-08-29,1091.8358154296875,1155.3610381076805,1085.6359091955235,1131.2007571028623,15349
2019-08-30,1092.9674072265625,1120.9165353837393,1085.7341243741093,1120.9165353837393,1998
2019-09-03,1070.0374755859375,1102.2182643585015,1067.0851052349772,1089.3754052789216,3041
2019-09-04,1055.57080078125,1072.6945730378472,1053.012103807795,1057.2930168388796,5971
2019-09-05,1057.4405517578125,1070.726217135877,1054.9309891335017,1054.9309891335017,6290
2019-09-06,1064.5755615234375,1067.773962794481,1058.424789848354,1062.6565688137152,29129
2019-09-09,1071.0706787109375,1090.4087275536597,1053.9961617418498,1090.4087275536597,4370
2019-09-11,1053.208740234375,1079.1896201856823,1049.1738586058264,1079.1896201856823,34147
2019-09-12,1044.00732421875,1068.2167367449047,1043.170843323668,1053.9469469069866,4513
2019-09-13,1063.2469482421875,1089.9659226504014,1043.1708068018156,1053.0120408282478,5041
2019-09-16,1056.80078125,1072.6943965650025,1049.0754373745806,1059.4579862382657,15457
2019-09-17,1049.3709716796875,1066.1502058441954,1039.2344512331242,1066.1502058441954,4934
2019-09-18,1043.5152587890625,1050.2073461904301,1038.2502224457648,1050.1089578735214,17668
2019-09-19,1032.2470703125,1054.9802970909,1031.3613352157306,1050.1580683482691,2560
2019-09-20,1054.586669921875,1093.853219786828,1028.4090100559922,1035.3962625571937,50439
2019-09-23,1116.7342529296875,1122.885025417734,1059.163022441574,1092.4755822103778,15120
2019-09-24,1099.41357421875,1107.8770121550187,1082.5358324410577,1094.3453142495055,7140
2019-09-25,1091.6881103515625,1129.2323210849365,1083.5198382681224,1101.6277324345663,3478
2019-09-26,1116.4388427734375,1131.7420110628882,1090.4088245718958,1107.138923865869,102360
2019-09-27,1099.65966796875,1121.9008359533004,1093.361253284313,1121.9008359533004,2003
2019-09-30,1094.443603515625,1101.430855593436,1083.5198578579486,1098.2817087824437,2451
2019-10-01,1084.651611328125,1103.20231308368,1077.3198200405031,1087.9484006369387,4148
2019-10-03,1078.3040771484375,1087.4564738044028,1062.853386161769,1084.5041032872866,2603
2019-10-04,1069.1026611328125,1107.680378775987,1061.8693766160538,1092.3772085670248,52635
2019-10-07,1072.2025146484375,1082.535811026417,1062.8533417350275,1069.3485325747342,33989
2019-10-09,1073.580322265625,1082.5358218563483,1043.121628653129,1071.1200135795877,8434
2019-10-10,1072.497802734375,1081.256405487684,1057.9327273651877,1081.256405487684,8685
2019-10-11,1074.5643310546875,1079.5833362120864,1058.0310103961704,1072.2024109417212,2209
2019-10-14,1078.4024658203125,1082.5357360322628,1062.9025223271233,1062.9025223271233,2435
2019-10-15,1077.41845703125,1084.504098186094,1067.8723869914518,1067.8723869914518,17429
2019-10-16,1077.467529296875,1083.8151975939168,1067.380263989697,1082.929462467323,16273
2019-10-17,1070.82470703125,1087.4564174421103,1064.9692205286956,1079.1406223028089,21459
2019-10-18,1072.7928466796875,1077.6150751520224,1066.2976565545355,1070.7262116579,11629
2019-10-22,1063.099365234375,1077.6151862361867,1057.9327170811878,1074.1707541340618,4528
2019-10-23,1060.9342041015625,1077.4182698812713,1057.9325798917632,1062.9024507618262,3193
2019-10-24,1049.6658935546875,1070.1848404466407,1048.0913202924332,1064.1817123099113,4891
2019-10-25,1049.124755859375,1056.653203456706,1043.1707614791662,1054.684956736934,5734
2019-10-27,1056.45654296875,1072.6945801918375,1045.139123085992,1067.6755745311532,570
2019-10-29,1065.657958984375,1067.7738482400557,1050.6009436184943,1058.4739305179603,2952
2019-10-30,1052.224853515625,1072.694671445661,1047.1074590992507,1072.694671445661,15700
2019-10-31,1047.40283203125,1081.551874088315,1033.3298160079441,1052.86464612221,34494
2019-11-01,1051.2899169921875,1060.2946709418586,1045.13914518671,1047.4518113591173,3656
2019-11-04,1044.2042236328125,1061.475517918312,1038.250228770374,1052.0279569246727,2445
2019-11-05,1043.3184814453125,1053.061327457753,1035.5931365232768,1035.5931365232768,3802
2019-11-06,1042.2850341796875,1052.3722986935322,1023.1438827404614,1043.2691575468918,20935
2019-11-07,1042.7281494140625,1051.8312921988208,1024.6693862703758,1048.0423204474578,4008
2019-11-08,1050.2073974609375,1066.7898541001566,1013.7455744131893,1031.263020439325,124574
2019-11-11,1022.3566284179688,1057.8343270658772,1018.5677771381576,1034.215364117746,15343
2019-11-13,1007.64404296875,1033.3296414585536,1003.8059374168806,1022.5042833099402,45208
2019-11-14,994.06298828125,1012.0232397163708,993.078864914942,1012.0232397163708,16882
2019-11-15,999.9186401367188,1013.5487862421186,989.0440878014807,1000.2631193910539,6381
2019-11-18,999.5741577148438,1019.6011051112466,984.1234081929886,998.8852593158834,3647
2019-11-19,1009.3663330078125,1014.1393081512117,989.1425462042915,1002.9695299966695,3950
2019-11-20,1041.0550537109375,1043.170943329994,991.3568153730462,1004.0520329551193,5123
2019-11-21,1029.1470947265625,1039.2343600585705,1023.4883849061679,1039.2343600585705,1514
2019-11-22,1017.5343627929688,1031.3613449068832,1005.823330126164,1028.4089746447453,57787
2019-11-25,1035.49462890625,1042.678778025301,1013.7455250475107,1023.5867593847008,29347
2019-11-26,1024.4234619140625,1041.202818142139,1007.5457774139192,1033.231440630834,17241
2019-11-27,1031.41064453125,1033.3296372332081,1023.291625952989,1023.291625952989,2965
2019-11-28,1029.048828125,1038.250359416598,1018.0265721352432,1032.247229706141,3449
2019-11-29,1041.1534423828125,1045.0899365098912,1013.7456260494807,1023.5377272699492,7008
2019-12-02,1043.416748046875,1053.0119503986384,1031.3612373997878,1041.1532163622805,29664
2019-12-03,1045.877197265625,1052.0279688327012,1038.2502405224507,1052.0279688327012,2106
2019-12-04,1036.3802490234375,1052.962703015117,1031.361244094844,1046.6151556248728,3941
2019-12-05,1020.24072265625,1048.091464073741,1009.7599041213174,1038.2502296692928,7666
2019-12-06,1017.2394409179688,1036.2329553969182,1009.8092592632264,1029.7870175303294,15498
2019-12-09,1021.0773315429688,1028.4090031777928,1017.239226069251,1019.0598304216311,180823
2019-12-10,1030.7216796875,1033.0836000131003,1016.2058586823148,1019.1090949627066,907
2019-12-11,1033.477294921875,1036.7248303214074,1021.5201706322421,1027.7201965993881,15187
2019-12-12,1033.723388671875,1043.1709506132395,1028.950413537504,1032.0995608072026,3399
2019-12-13,1020.0930786132812,1037.2167283294461,1018.567639409578,1033.6739083927307,25106
2019-12-16,1019.650390625,1035.6423983830216,1015.7138964076408,1024.571008396699,1557
2019-12-17,1033.3787841796875,1041.1532626326273,1013.6470627213872,1022.1104996069806,8753
2019-12-18,1038.5455322265625,1041.2026175075634,1023.9312027842842,1027.9169508380435,1295
2019-12-19,1037.8074951171875,1043.0725318671737,1032.837623340727,1038.5455877493985,794
2019-12-20,1047.796142578125,1051.9295329637127,1024.5217201261883,1033.7723840391072,5843
2019-12-23,1050.2073974609375,1053.0121253571656,1033.3296557243214,1048.5835696897757,8800
2019-12-24,1038.3486328125,1061.0327264915406,1031.3613803120284,1052.962842085317,12475
2019-12-26,1039.5296630859375,1047.1073657059057,1029.3931433537382,1042.1867483858591,23970
2019-12-27,1039.135986328125,1061.5739291559375,1033.3296338827133,1050.0597327170049,19812
2019-12-30,1044.8438720703125,1050.4534481006003,1033.8217369213905,1033.8709911493038,2458
2019-12-31,1043.5152587890625,1053.061328174315,1032.7882893363947,1049.9613153320306,14765
2020-01-01,1053.700927734375,1058.9168300617455,1043.170854893541,1043.170854893541,2091
2020-01-02,1079.7313232421875,1107.1883980348287,1049.6662966621434,1061.8694543624601,14707
2020-01-03,1100.5943603515625,1102.3165762702477,1082.7324969398926,1101.234064576381,19915
2020-01-06,1096.0184326171875,1112.010441516253,1076.631245266309,1102.2184595048134,20215
2020-01-07,1089.129150390625,1105.1704073841788,1077.7133447415092,1096.3132981531392,4594
2020-01-08,1086.4722900390625,1116.930862798396,1077.6644332044204,1077.6644332044204,9474
2020-01-09,1093.9024658203125,1110.435667654406,1087.4564091880598,1101.824587491152,5331
2020-01-10,1084.602294921875,1108.418151520365,1077.615043324938,1096.1166099298978,23743
2020-01-13,1079.485107421875,1093.7548983866243,1072.694631143231,1084.5041133209545,12201
2020-01-14,1079.0914306640625,1083.6183747917862,1065.7565090265712,1078.5993689081738,50716
2020-01-15,1101.9722900390625,1106.1055606895857,1079.5834803954915,1083.1263009719776,5563
2020-01-16,1102.7103271484375,1107.138882679154,1076.1389939641379,1093.9516044056797,5685
2020-01-17,1116.8817138671875,1121.9007193747814,1092.9183321771686,1107.1388678040607,5865
2020-01-20,1127.0179443359375,1141.3369862669826,1100.2990931020868,1116.8815465221567,10531
2020-01-21,1142.4197998046875,1146.5039365665502,1107.138994538514,1109.3040182971483,6681
2020-01-22,1143.20703125,1161.216418329765,1136.662586272284,1154.3768083960078,4375
2020-01-23,1132.7261962890625,1165.2022731592094,1130.0691107798668,1165.2022731592094,2620
2020-01-24,1161.216552734375,1171.7467469616456,1133.070642795393,1133.070642795393,67932
2020-01-27,1178.783203125,1187.5910605971355,1161.2657563742448,1164.7101887024735,16601
2020-01-28,1203.9766845703125,1218.5416399358223,1171.7957748256104,1183.4084798953672,21091
2020-01-29,1252.6414794921875,1259.6779860186646,1198.2195260818273,1225.1844118642362,107292
2020-01-30,1273.8985595703125,1279.3604928040327,1257.7097767719645,1259.579635364822,330440
2020-01-31,1247.0811767578125,1296.1398264122395,1239.9955360333813,1276.4081033613456,44230
2020-02-03,1260.416015625,1293.4825370797137,1225.381247415455,1249.8366893177824,76824
2020-02-04,1258.201904296875,1278.3764361999536,1235.0750018713948,1271.487571647683,6383
2020-02-05,1245.8017578125,1281.279332074087,1232.6144810546089,1252.0016627636082,6721
2020-02-06,1258.152587890625,1264.5986445988767,1226.217829704436,1259.6780273047175,10189
2020-02-07,1260.2193603515625,1265.4351426747546,1245.9495700049688,1255.3478770849213,40385
2020-02-10,1251.2635498046875,1274.439702092549,1240.044640038778,1266.5667155159156,14900
2020-02-11,1217.705078125,1274.4398167746624,1202.8448386508348,1249.885985732175,9922
2020-02-12,1192.1671142578125,1243.9319812220917,1168.1544792014422,1222.4780429867214,35994
2020-02-13,1167.022705078125,1224.2987588026126,1156.3449902583595,1205.5511600565876,14782
2020-02-14,1161.0196533203125,1171.8942656191912,1145.027647076231,1161.265684185606,22287
2020-02-17,1146.503662109375,1160.084611910863,1141.5830455337982,1152.408402000067,104873
2020-02-18,1156.4927978515625,1180.9482437051702,1116.9802138378068,1135.0388567046782,681540
2020-02-19,1228.3828125,1243.9320106864827,1179.9639879850417,1179.9639879850417,62188
2020-02-20,1207.4703369140625,1258.6940155448508,1186.4101891319497,1248.6560034268769,15444
2020-02-24,1185.9669189453125,1230.1540774331584,1169.1384351924737,1225.2334611234257,17678
2020-02-25,1167.6131591796875,1239.0113598599419,1166.1862283034402,1185.967084605175,4564
2020-02-26,1185.671875,1209.487612315727,1161.2655675610722,1175.0432946338306,5144
2020-02-27,1161.216552734375,1200.6307495745461,1151.4245713132943,1200.6307495745461,266701
2020-02-28,1139.614990234375,1180.8989221817574,1115.0611574527823,1148.0784281388517,12929
2020-03-02,1129.4783935546875,1195.7099473322473,1121.900691324084,1141.5831595929274,6630
2020-03-03,1121.4578857421875,1151.3751414557476,1112.600775006192,1129.4783954695367,514553
2020-03-04,1112.3055419921875,1136.66259765625,1107.1388938210227,1136.66259765625,75918
2020-03-05,1120.9166259765625,1160.281564553439,1107.4341825668857,1117.8658672633062,12808
2020-03-06,1114.5198974609375,1131.7420592318572,1094.886681094996,1112.0595886365204,5137
2020-03-09,1095.23095703125,1120.030818684272,1065.8056433140428,1107.1388261572467,82190
2020-03-11,1101.234130859375,1107.1388715074145,1072.6945510605171,1072.6945510605171,13746
2020-03-12,1020.585205078125,1062.8040022141,1008.726470228876,1033.3788090907838,57667
2020-03-13,1054.68505859375,1082.5358004211237,934.9172821818796,989.0440722029358,15650
2020-03-16,1023.1931762695312,1048.0915493925131,944.7585797340964,1048.0422951635792,69230
2020-03-17,1004.052001953125,1021.5201940968819,979.2028835514427,1008.7265885831445,15874
2020-03-18,989.6344604492188,1008.5297016832355,959.5203086354187,994.0138215633951,32883
2020-03-19,954.3536376953125,983.1392462568881,933.7362410884123,950.6631750592131,24255
2020-03-20,950.9584350585938,967.3441137924287,907.7061993583081,957.5520738910067,36960
2020-03-23,862.1412963867188,915.2347660658043,760.77658573642,915.2347660658043,28849
2020-03-24,893.977783203125,944.7093360132781,862.1413529435381,862.1413529435381,23796
2020-03-25,905.1475830078125,929.4554453067609,861.1572508418825,861.1572508418825,39598
2020-03-26,889.45068359375,929.012454805249,886.6951501901794,889.6475202796029,5010
2020-03-27,897.1760864257812,917.5473919533864,836.5048571704406,889.450681999298,37923
2020-03-30,885.8587036132812,915.1363747988705,843.2461122885819,897.1761227270384,5720
2020-03-31,899.6856079101562,917.6458596331041,866.028576229818,876.8047392768116,2210
2020-04-01,893.8301391601562,905.3935899007363,873.9016389476673,899.6856858037185,7031
2020-04-03,874.344482421875,906.4760767033671,866.0286273393117,895.6507188616256,6280
2020-04-07,905.7872314453125,917.1538450792924,881.233339787258,913.266545507066,36081
2020-04-08,885.5142211914062,914.0046055665719,881.7745642935649,914.0046055665719,17762
2020-04-09,900.5714111328125,904.9507728198001,885.711169974144,885.7603641370271,3252
2020-04-13,893.5841064453125,910.8554612471916,888.1714273864477,910.806267087155,2039
2020-04-15,884.48095703125,907.1649907032206,876.8540002390472,885.711111352573,6924
2020-04-16,863.0762329101562,897.520552353549,861.1079860848195,897.520552353549,17369
2020-04-17,880.5443725585938,886.5475010022284,873.8031515981455,876.6570732901511,57087
2020-04-20,878.13330078125,915.2347651001478,871.9333353534741,880.7904459834756,23594
2020-04-21,837.6859130859375,892.7476334697207,836.504952903906,878.1333638410744,42561
2020-04-22,872.376220703125,877.8380936898759,839.1128610047833,856.1873783746547,4127
2020-04-23,855.0064697265625,885.4159093673787,851.3160066665669,871.9334056416352,6459
2020-04-24,837.2921752929688,864.9460788259491,835.5207651891849,855.0063964630574,8012
2020-04-27,848.9049072265625,870.900103495206,841.425592651667,841.425592651667,3530
2020-04-28,846.4937133789062,861.1079209247229,836.5048374697308,861.1079209247229,16360
2020-04-29,853.1366577148438,866.0286511082995,846.3953759250616,858.1556633709513,4872
2020-04-30,871.4413452148438,884.6778180898876,846.3461963690182,857.1715546946684,12400
2020-05-04,861.7476806640625,866.126981748417,841.4255083939456,856.1873594184008,16253
2020-05-05,864.0111694335938,879.461919155686,855.2524469607152,879.461919155686,12869
2020-05-06,867.0618896484375,880.7412286208007,848.4127396334097,880.7412286208007,42364
2020-05-07,848.2651977539062,865.6349401565099,838.2271268108649,851.5127930415038,9440
2020-05-08,846.1001586914062,865.8810165372395,841.425572179299,855.4985258762063,2344
2020-05-11,861.501708984375,863.7651809503623,846.1001526645813,846.1001526645813,3014
2020-05-12,842.8524780273438,854.2190910155354,837.5381877664657,851.3159150409098,4017
2020-05-13,873.8524169921875,910.3141782820427,856.1873893031104,873.8524169921875,8628
2020-05-14,870.1619873046875,899.3904664816281,846.4938297796194,883.7428792261168,33945
2020-05-15,870.6048583984375,879.7571947259784,857.1715489040855,874.4920980816655,1185
2020-05-18,853.3826293945312,905.3935270006741,841.4255060712786,880.7412478711091,20931
2020-05-19,855.3017578125,870.9493463669018,849.7906899297398,866.0287285908175,23994
2020-05-20,854.6619873046875,872.8682703870664,849.3476968650021,859.5334101967114,22443
2020-05-21,876.755615234375,885.7111147010113,858.79536207516,858.8937503947863,7645
2020-05-22,875.0333862304688,875.869867133302,862.0921388862613,875.8206729742168,2425
2020-05-26,862.73193359375,887.5810532156906,861.1081057108129,879.3635855386552,17796
2020-05-27,861.1079711914062,873.7539327990243,856.1873542131697,867.0619057218476,9721
2020-05-28,861.501708984375,870.90007610223,856.3350607709536,856.5810916382594,33887
2020-05-29,878.13330078125,881.8237635437506,865.7825640826399,865.8317582395813,2286
2020-06-01,887.0888671875,909.6252572720622,881.7745767387402,882.5618634547459,4553
2020-06-02,888.5650634765625,901.4570563033585,874.8857238577355,890.6316986403268,12643
2020-06-03,886.4491577148438,900.4729162465524,875.8698311032039,892.9936023894247,13799
2020-06-04,886.0554809570312,903.42528302864,870.9984049197791,895.5522958127041,65949
2020-06-05,909.9697875976562,932.8998523607338,890.6809316088132,899.4888486498468,24703
2020-06-08,916.12060546875,939.8379581881981,905.3936351132379,924.0919819253592,7292
2020-06-09,920.8442993164062,934.9172522582257,920.1554009067801,931.9648819879366,48887
2020-06-10,958.3394775390625,1003.215546361228,922.1237437980026,925.4697878126237,168817
2020-06-11,955.5838623046875,984.1234421263517,947.9569056282083,963.1616248222861,10694
2020-06-12,944.9553833007812,955.1410373547561,918.1872124674952,918.1872124674952,14902
2020-06-15,931.2760009765625,965.3759022619128,925.076035306352,949.6791213517337,5658
2020-06-16,938.4600219726562,954.4028325861175,930.3410041669803,954.4028325861175,10282
2020-06-17,943.5283203125,949.4330607786017,924.0918829449153,924.0918829449153,5594
2020-06-18,950.909423828125,961.2427215773569,939.7396450494579,943.5284968643879,10800
2020-06-19,943.08544921875,951.6965290327746,939.8378539878287,951.6965290327746,5864
2020-06-22,935.7045288085938,949.6790932825571,932.5061277172276,943.0854544040541,4888
2020-06-23,925.4204711914062,943.2331418495164,922.0744874685051,935.7045733572631,11220
2020-06-24,930.2918701171875,959.5203481192771,919.0236447850227,929.9966451002224,11166
2020-06-25,996.8186645507812,1107.1388790501244,895.5031435613686,944.7585101227729,193972
2020-06-26,1023.5376586914062,1051.0438615085052,987.3710612559531,1002.8218116827404,42586
2020-06-29,1029.4423828125,1043.1708568855915,976.2996564521998,1022.4058761193203,35199
2020-06-30,1004.0027465820312,1062.853316344158,953.6156143865641,1057.4406374183313,104948
2020-07-01,981.2694702148438,993.9646867753567,959.5203659465077,972.0187458033444,37207
2020-07-02,975.2172241210938,992.9806418253573,968.3775535739857,992.9806418253573,10253
2020-07-03,987.9122924804688,1003.9535526258778,979.202824051786,980.0885591753695,20119
2020-07-06,973.150390625,995.0963902850469,962.472675865013,988.0598840168436,14539
2020-07-07,970.0996704101562,993.9646635701322,959.5203435454247,973.1504290144652,12176
2020-07-08,966.6060180664062,998.885253659111,962.4726877621779,974.9218728317688,14466
2020-07-09,977.3822021484375,983.3361368478315,966.9012636609293,966.9012636609293,4574
2020-07-10,987.6661987304688,993.9646123799199,970.542487982608,970.542487982608,14203
2020-07-13,980.82666015625,998.7376588876369,976.3488504072748,989.0440669346788,47461
2020-07-14,983.1392822265625,987.0757758490913,956.8139811259013,983.1392822265625,11543
2020-07-15,982.1552734375,990.7663542416865,975.5124396742704,987.961626234776,14680
2020-07-16,984.1234130859375,987.0757833251954,975.6107215362937,982.2535545746238,5819
2020-07-17,1012.8107299804688,1019.4043094161624,986.3377836490429,988.2568364985034,28568
2020-07-20,1014.1884765625,1092.377037160402,1003.8551201989078,1017.8789395258798,44053
2020-07-21,1013.5979614257812,1041.2026739438331,1006.512320204211,1015.6647169033149,8227
2020-07-22,1010.054931640625,1029.5897552489912,1003.8549668226485,1016.5501214373394,8723
2020-07-23,1013.2044677734375,1023.4885110090331,993.9648039606957,1015.1234606786709,9243
2020-07-24,1001.1979370117188,1012.6629988777474,998.8852710018597,1011.6788754580411,2733
2020-07-27,993.02978515625,1011.6789371093814,968.2298614551286,1011.6789371093814,8164
2020-07-28,989.09326171875,1003.8059193140791,978.7107713312272,984.1726444672104,15584
2020-07-29,986.9281616210938,994.0630565165864,976.5948655655528,994.0630565165864,15877
2020-07-30,990.1265258789062,993.9646311543682,981.2202211476292,982.1059562315437,12163
2020-07-31,999.869384765625,1017.8296370018186,970.4440707741231,984.1234102023868,43856
2020-08-03,967.9838256835938,998.8853268154701,960.5045113023634,980.1869807962643,116732
2020-08-04,961.5870361328125,986.0917350113432,959.5204008343908,976.2505001309904,14398
2020-08-05,941.953857421875,982.0568911270032,925.0761149158402,982.0568911270032,66800
2020-08-06,934.4252319335938,947.7108987383368,927.0443059309588,937.9188582282818,14737
2020-08-07,951.2044677734375,962.472692805707,929.406170330857,934.4251756840683,42559
2020-08-10,986.9774780273438,1028.9503691523485,968.4267140906495,979.1536842220075,62621
2020-08-11,994.1123046875,1011.7281380727915,985.4519704693582,986.9774098354557,15090
2020-08-12,982.9425048828125,998.8853170299149,974.2822304035623,998.8853170299149,9381
2020-08-13,1002.723388671875,1008.7265175793107,991.9964192389708,991.9964192389708,20902
2020-08-14,1014.3359375,1019.4534512450873,1007.7423587912776,1010.694728983049,17819
2020-08-17,1007.1520385742188,1027.4249591439,1001.8377475177109,1027.4249591439,14580
2020-08-18,1000.7550659179688,1012.2201270552805,994.9979082389348,1007.15186773948,4975
2020-08-19,1036.8233642578125,1061.4755859195516,1025.4566897494312,1033.32967777054,22424
2020-08-20,1032.099609375,1048.5836794174613,1028.409145932658,1038.2503817789036,10196
2020-08-21,1073.8753662109375,1106.154660587016,1026.440668142578,1041.9898653389596,35717
2020-08-24,1083.3231201171875,1141.5831791375103,1047.058075605162,1073.9739475294234,74532
2020-08-25,1124.2132568359375,1131.7418243023099,1083.8642004912465,1089.4245213066583,27655
2020-08-26,1121.1627197265625,1140.5991592390485,1112.0595771700816,1115.897682923051,13109
2020-08-27,1143.5513916015625,1170.1227234201874,1125.787916166211,1125.837170389146,150497
2020-08-28,1131.6927490234375,1171.0576882669295,1123.8690154016979,1159.2974607208407,43121
2020-08-31,1104.8753662109375,1139.6149725817477,1087.4564289316331,1139.6149725817477,16125
2020-09-01,1082.535888671875,1120.9167065429688,1076.6311474609374,1104.8754448670147,373009
2020-09-02,1066.7403564453125,1105.3180602016946,1062.7547293335297,1091.1959154892243,18347
2020-09-03,1069.6597900390625,1086.5324153180095,1054.9642387312995,1086.5324153180095,15169
2020-09-04,1063.870849609375,1076.7356655870105,1048.9773027918168,1048.9773027918168,86444
2020-09-07,1032.2034912109375,1069.2144762672528,1028.5914229813895,1068.7692040859174,50478
2020-09-08,983.9109497070312,1054.0241674746749,956.2515853067866,1037.3494121502595,93057
2020-09-09,994.6481323242188,1014.1927558348814,972.629505837523,983.6635832708165,7812
2020-09-10,992.8173217773438,1017.656285682559,974.7571013712271,994.6480596857255,6176
2020-09-11,998.0621948242188,1007.4139374632771,981.0410435256905,994.5491229377146,5815
2020-09-14,1070.4515380859375,1110.9262501300254,999.5466504415776,1003.0597225176675,52171
2020-09-15,1060.2091064453125,1104.543283716186,1049.966759296617,1070.7483822421675,13356
2020-09-16,1062.7822265625,1087.5717864856638,1048.9773372837158,1058.8733498995998,10662
2020-09-17,1048.87841796875,1067.7797782049618,1025.2269232811311,1041.3079440372298,13813
2020-09-18,1077.2799072265625,1093.9546642935175,1039.0813227595875,1047.641397816794,51469
2020-09-21,1055.5579833984375,1078.071407270064,1046.9979101617912,1067.7795321971385,16330
2020-09-22,1036.1619873046875,1061.594689886276,1013.3516312687455,1039.0812625314284,5666
2020-09-23,1025.5732421875,1052.9357412012728,1021.1200365151262,1036.1620481557054,41563
2020-09-24,1015.7266845703125,1030.5707024056126,1000.5362700785777,1024.2372306356992,5693
2020-09-25,1014.7371215820312,1034.1332814568248,992.1246973213803,1020.8231932838055,23420
2020-09-28,1035.370361328125,1095.884505053632,1014.3413336786888,1019.2893401844385,5558
2020-09-29,1038.6361083984375,1047.3445274892001,1025.1774338747232,1040.4173182847348,18355
2020-09-30,1023.8413696289062,1044.4251227538518,1022.2580318810474,1039.0812521540172,6245
2020-10-01,1056.9930419921875,1073.7173268189545,1018.7944589494135,1028.8389355217769,36431
2020-10-05,1070.8968505859375,1138.0412608137667,1062.2872485670582,1103.4052224411737,80258
2020-10-06,1069.41259765625,1083.3164225130524,1056.94364626834,1083.3164225130524,12753
2020-10-07,1064.06884765625,1088.561480978261,1058.7745046134994,1068.7694540513835,19187
2020-10-08,1058.5269775390625,1068.769326087212,1048.9773015300414,1063.8213199479194,17239
2020-10-09,1079.159912109375,1147.9371829865888,1068.9669732849077,1118.249152392108,300500
2020-10-12,1070.15478515625,1086.5326128925262,1056.2014320924259,1068.5714473619385,13332
2020-10-13,1050.1649169921875,1087.5718967946764,1039.081430058608,1069.759072279386,117838
2020-10-14,1041.307861328125,1053.6778763118282,1029.976975923424,1048.9277422377152,14862
2020-10-15,1019.4871826171875,1044.0788708797563,1016.3205068655371,1041.3574673803598,8558
2020-10-16,1026.216552734375,1065.8006049131359,1010.432399848,1010.432399848,315961
2020-10-19,1008.0573120117188,1041.6542252802726,1004.692643686515,1031.3623483800325,21369
2020-10-20,1007.8098754882812,1019.4870970431452,1006.4244096628767,1008.0572757856419,130803
2020-10-21,1009.6901245117188,1015.8751926096253,1001.1301100987401,1009.3932562223348,7051
2020-10-22,1014.6381225585938,1033.588888223192,1003.4555810763284,1017.0625970919098,84841
2020-10-23,1017.3099365234375,1046.552697513325,1015.3307343123024,1019.7344109117115,32731
2020-10-26,1018.843994140625,1051.6491782574356,1011.3724565376116,1015.3308614555671,10768
2020-10-27,1014.5885620117188,1023.8413084487644,1009.4920920145581,1017.9532300254407,2708
2020-10-28,1011.1743774414062,1018.2499889649594,1009.3931075669677,1017.9531811197527,229762
2020-10-29,1013.0546875,1024.237168173884,994.5491343137712,1009.343683267486,6104
2020-10-30,999.3487548828125,1016.7657119685116,995.1924781331433,1013.9453726883125,10126
2020-11-02,1008.2056884765625,1032.3025138889595,991.5804004296904,991.5804004296904,20512
2020-11-03,1001.476318359375,1019.2891382511425,999.4971161491786,1013.2525956702268,5193
2020-11-04,1023.3465576171875,1039.031712183597,991.62985183057,998.6065280799722,7456
2020-11-05,1032.6488037109375,1054.4200290886477,1016.3203846776548,1038.091610055365,5293
2020-11-06,1022.6044311523438,1047.1959981418315,1002.812406082183,1027.997830464523,75994
2020-11-09,1017.359619140625,1024.2372995466758,1006.4244769458641,1024.187771163522,6528
2020-11-10,1008.8983764648438,1019.2891885814507,1004.4946392496181,1011.8177119491255,5621
2020-11-11,1018.1016235351562,1038.0915167188148,1009.3930858467025,1009.3930858467025,5631
2020-11-12,989.5516967773438,1026.414279764024,985.0490235577986,1015.4792593740299,40350
2020-11-13,977.6765747070312,1009.8880835677817,967.8300301119947,994.7966643865875,52705
2020-11-14,993.015380859375,1027.9978210922282,989.6012444858056,1001.4764594196354,4234
2020-11-17,970.501953125,1004.445263750974,967.8300176832046,997.9139196936667,32945
2020-11-18,978.5670776367188,993.5595592901763,975.1034735953685,978.2702093704096,12500
2020-11-19,974.6087036132812,985.0490444431811,970.3039626155088,984.6531798087009,10348
2020-11-20,977.9239501953125,988.7105673910337,973.0748799950892,979.5072880073832,11745
2020-11-23,992.0751953125,998.5076030626559,977.9239103422499,977.9239103422499,18869
2020-11-24,1021.9610595703125,1037.1020054899136,985.6427456755287,996.5283583285717,1081960
2020-11-25,1032.747802734375,1055.9044953013572,1024.2867848355263,1041.0604770918724,47551
2020-11-26,1027.9976806640625,1056.696112833842,1024.2371481283453,1039.0811647678865,14874
2020-11-27,1032.302490234375,1043.3859750780093,1027.3049559784497,1027.9977492817547,10818
2020-12-01,1028.6904296875,1047.6907240799724,1021.4662927315177,1047.6907240799724,12781
2020-12-02,1025.5732421875,1033.737452586852,1020.2788996038648,1024.237304645975,10890
2020-12-03,1043.6829833984375,1067.7797496971248,1016.4194206163811,1024.28682304142,46971
2020-12-04,1050.412109375,1058.873247665029,1026.3648735207314,1058.873247665029,31247
2020-12-07,1056.74560546875,1068.7692840747766,1034.4301711383,1068.7692840747766,20351
2020-12-08,1052.7872314453125,1066.7901128380197,1040.070879956177,1056.7456363166966,13528
2020-12-09,1037.9925537109375,1064.8107177010327,1033.6382849802312,1064.7611893287317,11084
2020-12-10,1020.8232421875,1043.039742461296,1019.2893118929176,1043.039742461296,13440
2020-12-11,1023.7426147460938,1036.6074325244401,1019.2894085920508,1024.2374154298764,9383
2020-12-14,1077.2303466796875,1093.5092367709788,1044.523981368116,1048.9771864047398,95622
2020-12-15,1075.548095703125,1097.4677875773223,1061.8421425342353,1088.5613763165506,32719
2020-12-16,1074.113037109375,1083.6131833235358,1070.7483692749458,1074.7067735975888,10131
2020-12-17,1079.0115966796875,1102.4156881878455,1066.790046558795,1076.636529744233,38845
2020-12-18,1050.36279296875,1102.4157946605796,1041.6048460492723,1084.4545077776913,25607
2020-12-21,1031.2633056640625,1092.47011093448,1029.1851674668612,1051.352256772485,46246
2020-12-22,1028.1461181640625,1060.9020145166626,1021.2684381461432,1025.2268429451592,18724
2020-12-23,1049.1751708984375,1053.925305100955,1030.5212119589496,1033.14367936657,10066
2020-12-24,1061.3470458984375,1074.7066590635927,1048.8780977711394,1051.995365003189,16551
2020-12-28,1069.313720703125,1074.7069994055491,1052.0451057367177,1066.6912531281816,17176
2020-12-29,1078.7147216796875,1083.613198778457,1067.6311169376602,1069.7587834516091,22893
2020-12-30,1077.4779052734375,1081.6341822646016,1068.7693658241258,1080.6445809999495,17976
2020-12-31,1082.5740966796875,1086.3346292552767,1060.951336372344,1071.7380127382962,28723
2021-01-01,1081.733154296875,1086.0874241667061,1073.420479236459,1083.0196843041908,23815
2021-01-04,1086.7305908203125,1088.5613288950867,1078.6653168142223,1083.6133228546546,21272
2021-01-05,1106.3741455078125,1121.6140282018268,1078.1705112081947,1086.5821214379055,29912
2021-01-06,1113.15283203125,1117.8534375047882,1098.9025512776027,1107.3636894503402,36399
2021-01-07,1113.1033935546875,1120.8717382245975,1099.694249992566,1118.7440716459805,126418
2021-01-08,1116.9627685546875,1132.0541860769208,1095.48847194178,1123.1973041137492,35600
2021-01-11,1117.556640625,1126.116594036006,1108.3533014975528,1122.5540540128056,27068
2021-01-12,1170.599365234375,1231.014450224926,1114.6373651532892,1136.0622567868522,110455
2021-01-13,1167.086181640625,1216.219906668247,1143.038944331079,1176.3389289428865,64736
2021-01-14,1168.9168701171875,1180.5942124077264,1152.3905786662176,1172.7269313159916,15463
2021-01-15,1166.4427490234375,1174.6564863384187,1153.3800630391129,1174.6564863384187,113459
2021-01-18,1158.674560546875,1173.7659791032936,1143.0883413820493,1172.1826413165766,17116
2021-01-19,1169.85693359375,1186.5316875276806,1157.8332563864772,1162.7812617556503,11181
2021-01-20,1174.9039306640625,1177.6253337462492,1155.6562371849636,1173.3700006064628,9672
2021-01-21,1172.825927734375,1180.7921451949812,1163.3751876204456,1180.7921451949812,10669
2021-01-22,1163.226806640625,1178.6151552669637,1143.6327732653658,1173.2712840551874,7336
2021-01-25,1164.7110595703125,1171.5393318671606,1136.5569543416873,1155.854177336605,15129
2021-01-27,1172.3310546875,1180.6931362856342,1138.734022356861,1177.625396807078,21494
2021-01-28,1170.6981201171875,1175.646125696719,1152.8853000308736,1171.687721233094,6241
2021-01-29,1174.7060546875,1182.5733352501782,1159.8620379270376,1165.5027159756462,10023
2021-02-01,1176.6854248046875,1188.7089834553776,1111.2726849734825,1184.5031781065206,37769
2021-02-02,1198.30810546875,1207.3134521401014,1162.9298629162838,1175.4977497124537,37211
2021-02-03,1208.7978515625,1212.261455721705,1187.719297930397,1198.3081031262363,14503
2021-02-04,1208.0062255859375,1222.1575721096874,1194.4982648507375,1212.2615593800545,17647
2021-02-05,1228.8868408203125,1244.918332231378,1196.4278725498696,1217.209498127659,29585
2021-02-08,1236.5068359375,1256.793662777611,1230.123955813061,1238.931310824844,18992
2021-02-09,1237.0013427734375,1243.879021918893,1207.4122464941145,1239.2279451904296,16055
2021-02-10,1227.5013427734375,1243.532833764204,1209.8369856556105,1243.532833764204,15299
2021-02-11,1231.65771484375,1237.8922511568328,1217.209560481153,1217.3580248316428,30995
2021-02-12,1227.3529052734375,1251.4991990475496,1224.1367013289596,1236.9025811456884,8380
2021-02-15,1235.269775390625,1240.9599826475815,1220.5742208089328,1227.1055649784698,12357
2021-02-16,1276.4368896484375,1395.6344085516278,1228.2433668539586,1241.454516705751,242770
2021-02-17,1260.35595703125,1275.546309999905,1232.6966541626248,1271.1426333545826,26461
2021-02-18,1258.327392578125,1296.1796366250435,1248.876653260421,1266.6894739883828,39351
2021-02-19,1264.760009765625,1292.4193182172014,1250.509726660316,1259.7624748012997,17181
2021-02-22,1265.4029541015625,1279.455363044454,1257.9315378292536,1263.7206804510884,13904
2021-02-23,1285.8876953125,1334.9718857814955,1261.7414042782852,1261.7414042782852,105856
2021-02-24,1280.3460693359375,1292.3202195877852,1271.4890661952413,1285.887811845784,25663
2021-02-25,1305.9765625,1311.221496807598,1284.5517946834639,1309.2422945482658,15682
2021-02-26,1291.18212890625,1306.2735467762022,1281.5335174811985,1305.9766181042926,9433
2021-03-01,1326.708740234375,1334.9718852676574,1292.9633668499864,1311.2214588433253,16004
2021-03-02,1324.3834228515625,1359.7121397338808,1309.2424751586057,1359.7121397338808,12235
2021-03-03,1336.208984375,1339.9199887752268,1309.5886886505214,1325.0759711743194,11880
2021-03-04,1383.660400390625,1389.4001358820203,1326.263528680399,1339.870545680668,30862
2021-03-05,1362.878662109375,1404.3429746568715,1350.8055763408368,1385.4416167598326,13135
2021-03-08,1388.0145263671875,1397.3168011868306,1370.5975705692354,1385.4415875790105,10844
2021-03-09,1374.85302734375,1406.6686100203608,1335.9616509620384,1394.2985947336754,28798
2021-03-10,1361.0479736328125,1402.2648873906116,1354.7640302312968,1402.2648873906116,46666
2021-03-12,1333.8834228515625,1385.4416189390379,1321.5134083967496,1385.4416189390379,22149
2021-03-15,1310.4793701171875,1341.1074784931561,1282.2262079460747,1340.5632703215958,19523
2021-03-16,1308.648681640625,1317.0602920373158,1301.3256084292022,1307.0158154622577,13920
2021-03-17,1290.88525390625,1311.2216071526495,1278.465831164343,1311.2216071526495,18345
2021-03-18,1266.2935791015625,1292.419073038325,1240.712414105513,1282.523061759318,22495
2021-03-19,1278.1689453125,1333.98247975316,1230.32174922338,1243.9287663573607,21808
2021-03-22,1277.080322265625,1307.3126866225816,1266.3431736272187,1306.273557063638,4872
2021-03-23,1286.4814453125,1294.3982542067308,1246.897400841346,1283.5126419771634,13514
2021-03-24,1275.0516357421875,1290.4399829388624,1246.8975295268149,1276.58556594412,6705
2021-03-25,1272.9239501953125,1286.4814370189144,1240.8608502201962,1255.3090021988407,6318
2021-03-26,1281.1376953125,1305.2839888648791,1266.6895418855536,1276.6350823121356,8432
2021-03-30,1286.8773193359375,1293.656062841052,1270.2519722160066,1284.502252490102,6143
2021-03-31,1269.31201171875,1345.7587049233648,1249.866323850206,1303.89852556668,8022
2021-04-01,1278.96044921875,1310.2318189241284,1238.3372769053071,1271.637377128025,10605
2021-04-05,1234.7252197265625,1279.0593964499913,1227.0558113532647,1270.6477872663743,11706
2021-04-06,1236.55615234375,1272.2807293241717,1229.529887611648,1240.9103007173812,27008
2021-04-07,1260.059326171875,1266.6896062592646,1242.6917758281809,1242.7413042112992,7090
2021-04-08,1299.9896240234375,1317.1591804651077,1252.2413667300932,1256.7935080320713,10970
2021-04-09,1298.3565673828125,1343.878215324588,1262.434001230135,1334.9718059446755,16733
2021-04-12,1245.7100830078125,1331.0136611491948,1237.0015438189544,1331.0136611491948,10892
2021-04-13,1263.770263671875,1370.5481367554405,1242.0484448016189,1247.8871160551635,101337
2021-04-15,1298.208251953125,1314.1903347779662,1237.2983732999555,1279.5542943282458,19315
2021-04-16,1285.343505859375,1298.2083215734715,1281.5335653657705,1298.2083215734715,3758
2021-04-19,1252.0927734375,1273.6165970472732,1234.2304255237364,1273.6165970472732,5527
2021-04-20,1235.5169677734375,1271.043671263269,1230.1236901231464,1265.6998011872058,11202
2021-04-22,1265.6502685546875,1281.5334144049368,1214.883805005141,1235.0221630713215,30204
2021-04-23,1241.504150390625,1271.488992256037,1238.287946706652,1264.4133199911125,4700
2021-04-26,1218.347412109375,1251.8453850105413,1212.3602771650455,1242.9389751567114,16385
2021-04-27,1205.779541015625,1234.4285684071567,1199.3966615579036,1224.4830279674316,14447
2021-04-28,1281.7808837890625,1320.2268641339585,1208.3525271087374,1212.1624673589665,53418
2021-04-29,1245.3140869140625,1311.1225620993239,1232.0038792268679,1311.0236261464472,17109
2021-04-30,1209.342041015625,1243.9285502376679,1205.3341083448524,1238.980544866794,13624
2021-05-03,1210.084228515625,1230.3710503131413,1187.5212759521694,1211.2717014712127,16705
2021-05-04,1205.7301025390625,1222.1574579759633,1194.4486249206377,1207.3134402677533,8481
2021-05-05,1215.3292236328125,1244.077187146073,1205.0373468734515,1211.7666834317454,15729
2021-05-06,1223.1470947265625,1246.5511874873011,1207.3134753773513,1221.4152926102427,18366
2021-05-07,1225.5716552734375,1254.3691491240706,1217.2095727888807,1219.2383037305704,8834
2021-05-10,1227.5013427734375,1246.897501977344,1217.258994595952,1228.0455509485064,99292
2021-05-11,1211.9149169921875,1240.0196102059178,1206.719511621373,1218.3473236417674,11415
2021-05-12,1205.037353515625,1226.0663793750443,1197.467000846978,1197.467000846978,8367
2021-05-14,1196.873046875,1234.9726906511144,1190.4901678614476,1224.8292789964346,17931
2021-05-17,1205.334228515625,1214.9828399507871,1197.9122197193465,1202.8602255835322,21688
2021-05-18,1227.8973388671875,1240.9104992950129,1199.0009084852963,1199.0009084852963,29142
2021-05-19,1245.5120849609375,1251.845556998428,1213.300637378019,1232.0535323818522,16149
2021-05-20,1241.5535888671875,1266.3431461994612,1228.0950372763978,1245.511993499827,17757
2021-05-21,1263.225830078125,1266.4420337191386,1237.00140038986,1247.788076761443,25633
2021-05-24,1299.0494384765625,1320.1279922199353,1258.0800457035818,1277.0803402997199,53754
2021-05-25,1320.2764892578125,1334.9720431860721,1307.7580096889506,1321.117626132992,17442
2021-05-26,1313.151123046875,1334.971875484689,1306.174507816403,1316.3179190274616,7757
2021-05-27,1323.5421142578125,1335.961657991364,1305.2840199189698,1326.0656457099465,16375
2021-05-28,1390.142333984375,1430.5181126671343,1350.8056849180794,1405.2337528085513,338128
2021-05-31,1538.236083984375,1582.3722720399385,1397.0694528157492,1400.2856566207086,1298995
2021-06-01,1479.255859375,1627.8939049938908,1438.2368188932326,1548.7258123498111,673731
2021-06-02,1581.3828125,1608.1020465034417,1480.443484042553,1484.4018890801,308039
2021-06-03,1561.7886962890625,1622.9461038901773,1538.879523231607,1595.237267970101,158603
2021-06-04,1541.2049560546875,1591.3776893235356,1533.881882905148,1575.6430058483872,53260
2021-06-07,1590.932373046875,1608.1019294876812,1559.2156066710704,1559.2156066710704,125887
2021-06-08,1612.951171875,1627.6467269181774,1585.3412716357625,1599.195689739945,77727
2021-06-09,1614.9796142578125,1626.904356921801,1583.856705141936,1620.1256129281455,68880
2021-06-10,1623.638671875,1652.0897069244406,1604.7868411314942,1628.7846706949351,47293
2021-06-11,1621.065673828125,1661.5403863759066,1603.1539165747283,1613.0994567849602,105833
2021-06-14,1605.0341796875,1629.1804726650391,1547.0929822172905,1621.065670499963,28504
2021-06-15,1600.9769287109375,1624.9252303135784,1573.4659660161935,1613.0004870935231,17542
2021-06-16,1568.715576171875,1606.5184097271158,1553.6241597742553,1585.3904509306308,47454
2021-06-17,1590.041748046875,1613.2478481576215,1558.9188382368131,1566.5387192520325,45416
2021-06-18,1568.8643798828125,1591.3778092151229,1540.809207490429,1585.3412655103834,45666
2021-06-21,1555.4056396484375,1584.351473883982,1543.7778258956976,1576.4346645204141,17417
2021-06-22,1594.4453125,1613.0498622996527,1569.5074120289871,1569.5074120289871,26071
2021-06-23,1585.7862548828125,1612.0602127479667,1583.3617804768242,1612.0602127479667,10443
2021-06-24,1573.6639404296875,1609.0917153236092,1563.6195838659287,1588.3100880039317,7128
2021-06-25,1565.153076171875,1591.7238415564034,1558.6217330696709,1583.3617605787133,5565
2021-06-28,1563.9658203125,1573.0206957981698,1549.765066710863,1573.0206957981698,10324
2021-06-29,1571.6844482421875,1581.2836515731706,1559.7102988672955,1563.9656319976482,15339
2021-06-30,1568.5179443359375,1598.2059811372485,1563.5699382023856,1583.3619627365931,10827
2021-07-01,1573.4658203125,1585.2915056730965,1563.5698088639936,1583.3618317610062,9004
2021-07-02,1594.3463134765625,1608.1017929735658,1582.4216926615236,1593.2577764230405,19159
2021-07-05,1612.8023681640625,1625.0734457773726,1602.5104927206116,1611.0705662654357,27453
2021-07-06,1579.1065673828125,1633.13888888875,1571.6845584727582,1622.9459483319047,34102
2021-07-07,1590.23974609375,1598.2060848058825,1576.137927698404,1587.0235418983202,21710
2021-07-08,1584.5491943359375,1608.7450131210983,1574.455311682599,1598.2057375030781,30864
2021-07-09,1592.7630615234375,1602.1642725109944,1578.413844752956,1587.3202551622203,12922
2021-07-12,1596.17724609375,1613.0004669034713,1592.8126985725503,1599.838843103483,18554
2021-07-13,1600.63037109375,1612.0107845985028,1593.8516272097997,1604.1930319620647,8015
2021-07-14,1639.0269775390625,1695.6321175146822,1600.6304028920406,1600.6304028920406,319157
2021-07-15,1649.1702880859375,1696.6711424682508,1638.7794761898065,1696.6711424682508,72432
2021-07-16,1613.544921875,1666.1916627872213,1605.1333108134008,1660.3531117499222,71674
2021-07-19,1585.1431884765625,1603.1538812916926,1553.9707518958908,1583.3618580658692,56066
2021-07-20,1575.148193359375,1592.2683425662574,1533.8818713348037,1585.2421981545226,51330
2021-07-22,1597.859375,1613.0497271042661,1581.926822101054,1585.3408974362173,18917
2021-07-23,1598.2554931640625,1613.0499830316185,1585.3411489672717,1613.0499830316185,11659
2021-07-26,1572.5751953125,1608.349301773319,1563.0750482393214,1606.2711634762054,23924
2021-07-27,1620.1749267578125,1677.3739205701902,1581.3826106614538,1601.174633323049,68501
2021-07-28,1616.56298828125,1632.8418786908603,1590.5364300156882,1620.1749357964056,13583
2021-07-29,1610.4273681640625,1639.7690657088372,1595.138079088412,1624.6776485380103,11495
2021-07-30,1687.0721435546875,1712.010045023093,1620.0266634678005,1645.7067658227766,331329
2021-08-02,1702.01513671875,1736.7501148556778,1687.2700546033793,1712.0100847295287,113347
2021-08-03,1710.5750732421875,1731.3071684942433,1695.8299923168913,1702.113935301571,39252
2021-08-04,1750.9508056640625,1779.7977039245534,1735.7109234886216,1776.3340998301771,131736
2021-08-05,1758.768798828125,1777.3238220257772,1726.854158928163,1771.3862146025285,46098
2021-08-06,1753.5238037109375,1771.3861537492835,1743.6773200593504,1767.0318842949655,28758
2021-08-09,1756.8389892578125,1767.576137693342,1731.802031566792,1767.576137693342,33206
2021-08-10,1683.7568359375,1770.8912659081705,1638.7795117876112,1770.8912659081705,42257
2021-08-11,1664.0640869140625,1697.9084024959823,1607.1620131017246,1675.3949732919702,66385
2021-08-12,1707.705322265625,1721.9060752200417,1672.4260155872819,1672.4260155872819,30821
2021-08-13,1741.7476806640625,1753.5733669571996,1727.5963348563946,1753.5733669571996,25273
2021-08-16,1716.1661376953125,1756.5419099168653,1708.1009855665652,1751.5939045368177,17747
2021-08-17,1684.152587890625,1713.8406205383462,1673.4154402432152,1712.009882685253,18993
2021-08-18,1685.04638671875,1690.2601739769045,1665.631187580393,1678.342945958266,10724
2021-08-20,1660.1197509765625,1683.407955164823,1652.1252276847745,1658.4811076724181,14386
2021-08-23,1672.0863037109375,1715.3359576179578,1628.1912302878227,1678.3428967285272,84617
2021-08-24,1694.878173828125,1710.1222708704183,1666.4257668528232,1678.3429952212582,71397
2021-08-25,1693.488037109375,1713.5983627223145,1669.752863127943,1713.5983627223145,68277
2021-08-26,1689.0189208984375,1711.1154494828797,1663.4465338849818,1711.1154494828797,66137
2021-08-27,1712.3568115234375,1780.9801630505845,1678.3430543567404,1678.3430543567404,117417
2021-08-30,1735.446533203125,1751.8327236453863,1715.3362085694407,1736.9361868796943,49069
2021-08-31,1737.3829345703125,1753.6698380764358,1727.8988794452682,1747.8602133176066,41481
2021-09-01,1737.8795166015625,1762.6574945067418,1731.0272069445211,1762.6574945067418,44852
2021-09-02,1743.490478515625,1750.144337062879,1732.9636177480336,1733.9070164984614,18759
2021-09-03,1756.202392578125,1785.8464763932627,1737.9292832966548,1737.9292832966548,58520
2021-09-06,1746.37060546875,1767.722307497512,1742.8947469989516,1762.7567953978,47465
2021-09-07,1719.0601806640625,1812.4118022599157,1695.8712648643725,1757.7911726027676,182930
2021-09-08,1731.3250732421875,1742.8947406379557,1688.9692309405636,1714.8893009891192,73470
2021-09-09,1776.4119873046875,1787.584389740566,1732.9637556096043,1736.9361653645833,103818
2021-09-13,1793.294677734375,1834.3594381622904,1778.6464171797124,1807.446387083795,197003
2021-09-14,1973.8406982421875,1985.2116720847118,1809.3332635508846,1820.207686199791,493880
2021-09-15,1973.29443359375,2034.8667812952158,1938.5358502138904,1990.177174092539,169583
2021-09-16,1949.708251953125,1975.1316486930718,1916.4890257581758,1973.2944335315722,79369
2021-09-17,1965.4488525390625,2018.9770938827482,1861.1235225645994,1962.3702594748208,616301
2021-09-20,1914.7510986328125,1960.7813698535826,1890.0228250427215,1914.5028230369849,69306
2021-09-21,1939.28076171875,1955.3689725232055,1890.4201708673256,1930.094564281342,35869
2021-09-22,1964.7042236328125,1981.289107419204,1940.621489025158,1951.4463300635425,30576
2021-09-23,1986.10546875,2006.0668022894943,1966.491696796922,1978.7564869117907,43918
2021-09-24,1995.589599609375,2011.0323906561125,1979.9482365709387,1986.204830277642,50238
2021-09-27,1993.156494140625,2012.0254395261118,1983.4240422399412,2004.0806204164332,32841
2021-09-28,1982.5303955078125,2008.0530790298703,1971.3082897498975,2006.563425410412,18133
2021-09-29,2001.1015625,2022.9498177729529,1976.2739996898263,1994.1498449131514,45318
2021-09-30,2103.688720703125,2198.778269097724,2011.1315105209505,2011.1315105209505,528365
2021-10-01,2151.95361328125,2190.88342349206,2066.2985265166267,2088.1467805319508,200501
2021-10-04,2402.066650390625,2427.142488291344,2158.955112073711,2159.0048156895996,593481
2021-10-05,2387.41796875,2481.7626888129157,2366.61252371166,2401.3214011803243,242792
2021-10-06,2317.205810546875,2396.8028685930444,2303.997500522381,2394.1712442927733,86387
2021-10-07,2305.28857421875,2360.802899580543,2294.4636129387873,2331.8540625499477,70900
2021-10-08,2396.802978515625,2442.982240881045,2309.0128218831615,2320.284388836003,104349
2021-10-11,2480.02490234375,2828.256152645844,2457.928374532298,2566.176533249074,402395
2021-10-12,2512.44970703125,2547.3076988401413,2468.604332316523,2514.7835946931573,84681
2021-10-13,2520.642822265625,2566.623513020491,2502.6181102400074,2531.1201013375226,55968
2021-10-14,2514.982177734375,2550.485589287444,2491.0485548606994,2520.6428130431154,37398
2021-10-18,2678.744873046875,2714.595724446087,2546.5628457644248,2562.8001670926988,142371
2021-10-19,2696.421875,2779.643904321907,2661.5144227440537,2705.2109281920907,105985
2021-10-20,2567.269287109375,2709.282940038902,2534.3477948198993,2701.139305835659,49448
2021-10-21,2485.685791015625,2595.5230217202843,2461.9507388485986,2595.5230217202843,41446
2021-10-22,2193.216796875,2572.135040186004,2085.5148974481117,2513.5917061989644,439568
2021-10-25,2321.724365234375,2363.0869800479,2228.5216151407803,2259.009807997416,173211
2021-10-26,2432.356201171875,2481.7630485775303,2284.2350661836135,2318.7948378407373,97680
2021-10-27,2521.139404296875,2546.562923662595,2433.2003774801638,2447.004404369556,51577
2021-10-28,2481.365966796875,2587.0319742519882,2472.8251884404804,2571.142334486909,69695
2021-10-29,2469.8955078125,2556.245717734943,2290.7396795570844,2448.0969574288183,82379
2021-11-01,2401.271728515625,2561.2109071324567,2354.645622648722,2473.817902158569,178710
2021-11-02,2376.69287109375,2394.9163990785837,2336.4722195630816,2383.446016632208,72306
2021-11-03,2254.640869140625,2393.3772531228396,2244.4118639243225,2393.3772531228396,68787
2021-11-04,2308.3671875,2333.840410261452,2260.3011269499793,2260.3011269499793,16520
2021-11-08,2466.121826171875,2493.6804210279183,2280.610227442383,2333.492936490466,128211
2021-11-09,2491.694091796875,2507.782303284463,2427.1424313876296,2476.7975547793567,53732
2021-11-10,2486.430419921875,2542.342133297839,2462.6456660333265,2476.797375173754,50030
2021-11-11,2514.286865234375,2710.1763030412203,2460.9573177296165,2487.7213774709626,367011
2021-11-12,2558.18212890625,2567.1697542936554,2494.67327767337,2529.431862354329,148048
2021-11-15,2670.05517578125,2680.38334362769,2558.231749975891,2583.059309661216,91696
2021-11-16,2665.288330078125,2723.7819657825007,2634.253879374053,2670.0552701975994,75804
2021-11-17,2712.758544921875,2779.693548023825,2655.3571791473123,2660.9184069741295,161362
2021-11-18,2757.945068359375,2830.342144115667,2716.185059461002,2727.7546066814743,233268
2021-11-22,2781.977783203125,2859.1417906812067,2632.7144449794646,2780.68670160034,221382
2021-11-23,2841.663330078125,2869.073055419941,2647.6112030978065,2787.1918047006898,106374
2021-11-24,2820.95703125,2917.7348102814526,2776.0688518908437,2867.781711770671,137897
2021-11-25,2838.634521484375,2878.9543359994555,2792.107574120232,2822.3971992351767,113718
2021-11-26,2710.7724609375,2807.848222432439,2684.355839599186,2781.6798766989714,78031
2021-11-29,2579.533935546875,2636.7367342102625,2506.143760755134,2597.11180059285,99129
2021-11-30,2748.36083984375,2794.3415236238448,2577.1004011741898,2577.1004011741898,770808
2021-12-01,2812.118408203125,2898.8660027324368,2674.2262808167516,2767.776481540014,106404
2021-12-02,2779.097900390625,2805.5145235061264,2723.0870171517868,2778.700756378811,65077
2021-12-03,2759.285400390625,2825.227547270348,2726.7115921687523,2797.5695475896514,26902
2021-12-06,2712.907958984375,2780.6872097213327,2682.3700548061856,2732.0251835512095,22893
2021-12-07,2747.86474609375,2810.4799033866807,2674.623441191005,2750.8937570251255,83057
2021-12-08,2677.106201171875,2829.3488538377683,2661.514541342653,2829.3488538377683,76241
2021-12-09,2678.794677734375,2710.127111167625,2671.743795218281,2680.383738771151,29977
2021-12-10,2697.961181640625,2711.1694917584678,2672.2399270348014,2694.9818745068246,21202
2021-12-13,2624.07470703125,2729.4427337069296,2577.299483674886,2729.4427337069296,114608
2021-12-14,2559.6220703125,2651.58345102742,2534.9436207460258,2605.9007398861236,31964
2021-12-15,2595.42333984375,2629.5365032287873,2564.190318805092,2570.893759801194,34725
2021-12-16,2535.638671875,2630.4302463075805,2512.5490413566044,2630.4302463075805,38358
2021-12-17,2533.156005859375,2559.920067672039,2481.7629554611694,2528.73674856767,42855
2021-12-20,2359.611328125,2492.7864583995606,2341.3383407484403,2492.7367547876906,51351
2021-12-21,2307.324951171875,2396.3564995194633,2255.6836175726157,2344.715165920204,76764
2021-12-22,2412.792236328125,2461.9011066441963,2285.128860987614,2285.128860987614,125999
2021-12-23,2395.06494140625,2433.1008107347775,2370.3864929427773,2413.2387633002077,33570
2021-12-24,2347.594482421875,2393.3765964570844,2314.6732374242115,2393.3765964570844,37843
2021-12-27,2337.11767578125,2348.8857939776744,2284.2844331015117,2324.852763918458,26799
2021-12-28,2345.16162109375,2372.8693236116796,2336.223699466671,2344.7147735037242,18972
2021-12-29,2349.730224609375,2379.9204437037097,2315.418484655529,2343.7219059777176,22925
2021-12-30,2351.616943359375,2369.54249141907,2335.727303852793,2351.170095739584,25950
2021-12-31,2404.846923828125,2413.238589774495,2333.9392741113984,2333.9392741113984,30004
2022-01-03,2372.322998046875,2412.2456649658516,2345.7575095586753,2412.2456649658516,99237
2022-01-04,2358.518798828125,2411.2029297746144,2333.790645987341,2411.2029297746144,22150
2022-01-05,2352.212890625,2375.5010949246316,2336.720395197177,2375.5010949246316,16281
2022-01-06,2332.84716796875,2346.0057743556195,2309.2112830994993,2333.790566727803,17735
2022-01-07,2330.712158203125,2352.659820416353,2314.9219254497757,2315.9150279488963,36395
2022-01-10,2327.28564453125,2341.635924941406,2286.1713043843974,2330.811206351313,46205
2022-01-11,2263.777099609375,2338.95490873613,2255.335728542615,2305.338535314852,76395
2022-01-12,2210.64599609375,2232.345381043456,2148.626798198711,2214.6184057902346,296163
2022-01-13,2245.90087890625,2303.6496813745857,2224.5988828021555,2234.4802023166317,101749
2022-01-14,2230.3095703125,2323.760367043231,2214.61850283249,2239.446064523437,81349
2022-01-17,2228.6708984375,2259.0102285767116,2218.6904121880652,2234.48064509742,24843
2022-01-18,2199.225341796875,2249.3770147527307,2189.7908686665655,2229.216986835582,18837
2022-01-19,2207.96484375,2224.102759426226,2165.9565593753214,2194.75653196674,22556
2022-01-20,2271.7216796875,2282.1492546106556,2191.7769386099726,2218.441834324696,39328
2022-01-21,2287.114990234375,2303.0046297670497,2226.5357395160527,2274.1052508843345,49959
2022-01-24,2299.77685546875,2319.8374752190152,2260.0527599408433,2303.798968632278,65916
2022-01-25,2463.142333984375,2556.2456880055565,2265.9120918432436,2310.9493846110836,97360
2022-01-27,2383.34619140625,2511.506095940155,2368.5490636307873,2502.6178785532843,86013
2022-01-28,2409.71337890625,2431.065081471334,2383.29699934623,2383.29699934623,43296
2022-01-31,2292.775634765625,2579.782249943544,2274.2543705958037,2549.989175703621,208786
2022-02-01,2284.979736328125,2334.2871731236396,2244.4114066196234,2332.648651158984,60473
2022-02-02,2315.765869140625,2336.918755753813,2285.1285639022626,2295.059587648035,32086
2022-02-03,2323.76025390625,2341.685801065704,2305.2389907692113,2313.6306577208547,57878
2022-02-04,2314.573974609375,2336.9187782524878,2295.0596097437115,2329.8181931885533,12233
2022-02-07,2323.56201171875,2381.4102358531422,2308.5166049136787,2314.574385057178,14157
2022-02-08,2339.202880859375,2398.342174269011,2318.0002911695246,2343.4235658451485,55983
2022-02-09,2321.22802734375,2368.00300562958,2299.4789389750713,2360.3064619111387,26883
2022-02-10,2269.63623046875,2320.8804136054723,2248.383935131703,2313.928696491549,39893
2022-02-11,2247.241943359375,2281.007426169463,2229.9121118929957,2281.007426169463,63818
2022-02-14,2193.465087890625,2258.562994710305,2164.9630992496272,2224.2512604028902,18235
2022-02-15,2260.152099609375,2283.142322226349,2156.372903144541,2184.825188733348,25756
2022-02-16,2268.94091796875,2304.0968870575084,2237.0624776225472,2272.0196322736006,14135
2022-02-17,2295.307861328125,2323.8098509634037,2255.3354907847147,2264.2734121484586,46966
2022-02-18,2274.154541015625,2303.0042110380627,2260.747660097551,2265.5145995819666,6188
2022-02-21,2295.606201171875,2341.7357651881703,2255.33584509853,2274.155089546261,18515
2022-02-22,2289.994873046875,2308.9632270777893,2215.6115955314185,2245.4046694291965,25608
2022-02-23,2309.6083984375,2330.5629551425372,2285.1285223321524,2302.0112623928417,17220
2022-02-24,2257.22265625,2282.1496268769743,2176.781350863997,2274.204806591937,35204
2022-02-25,2324.703857421875,2330.8610438301444,2265.266581610038,2265.266581610038,17596
2022-02-28,2296.89697265625,2332.251272465782,2285.1286122856823,2286.2705830579716,36611
2022-03-02,2275.9921875,2300.521768921191,2265.266632812103,2285.178384936875,13785
2022-03-03,2296.152099609375,2312.8360255541616,2276.935471658845,2298.5851519382704,43063
2022-03-04,2263.52880859375,2284.48336772902,2259.308123089078,2269.239147805953,20396
2022-03-07,2229.564453125,2263.5285046040417,2211.8871830116714,2252.3561032979997,26441
2022-03-08,2289.845703125,2302.358889496948,2225.5423270966603,2233.5368493644814,17767
2022-03-09,2387.26953125,2415.7715243850053,2276.8363397638054,2300.1247872530957,44876
2022-03-10,2402.314697265625,2475.357427023545,2389.4043661104147,2435.037372740772,15100
2022-03-11,2397.69677734375,2427.9366956828317,2375.500842638286,2384.438763868948,9013
2022-03-14,2386.37548828125,2408.174038608937,2374.5079624724776,2384.4389869913925,8538
2022-03-15,2390.645751953125,2420.8359679248256,2353.6526875600402,2408.1739123271923,34301
2022-03-16,2389.156005859375,2432.1076829885105,2374.9545936004965,2432.1076829885105,17458
2022-03-17,2569.007080078125,2602.722858587237,2401.123068275321,2401.123068275321,159447
2022-03-21,2656.00244140625,2680.3831517633726,2558.1321596410166,2603.6659978272037,66593
2022-03-22,2632.615234375,2681.376662516764,2611.859489784848,2675.864895330259,19591
2022-03-23,2601.729736328125,2680.3833985310002,2588.0248746097764,2641.6524046285513,28320
2022-03-24,2640.410888671875,2668.267458245381,2582.066125264457,2582.066125264457,13870
2022-03-25,2622.088623046875,2663.1532666339167,2612.8527211512437,2661.514744464209,19217
2022-03-28,2712.261962890625,2744.5872508686043,2598.3034666389535,2640.65918547446,45599
2022-03-29,2749.6025390625,2815.445276019468,2721.1502525679216,2755.859132611649,43996
2022-03-30,2738.877197265625,2796.5765475917106,2732.0248872247143,2779.6938056495733,23899
2022-03-31,2777.2109375,2816.4384833720724,2732.0247770650813,2752.581948815572,31137
2022-04-01,2849.806884765625,2870.0660777435064,2825.5253359211233,2830.2922761678756,70093
2022-04-04,2855.318115234375,2899.8588524681204,2831.33479054336,2870.065782066051,29688
2022-04-05,2940.228515625,2964.9072071809082,2831.334934742177,2832.3280371394912,63591
2022-04-06,2952.096435546875,3167.9471072655538,2925.083854980952,3019.0314435965856,280596
2022-04-07,2925.133544921875,2996.388645272381,2916.4936021511926,2944.548746191636,35911
2022-04-08,2979.357177734375,2999.1695239459305,2930.6951556571066,2968.3833467133727,39138
2022-04-11,2999.566650390625,3048.8246306568667,2950.5074845868244,3026.9763759746347,27834
2022-04-12,2963.6162109375,3026.1319601577998,2955.4728195362895,3014.065862665537,25879
2022-04-13,2967.340087890625,3024.98972721077,2950.5070517213385,3024.98972721077,20877
2022-04-18,3015.20751953125,3027.9689813582586,2920.7139305262835,2940.3774050034704,31016
2022-04-19,2974.142822265625,3024.0959165432605,2947.6270392958245,3018.9812942144295,19986
2022-04-20,2942.860595703125,2987.0039519712054,2918.827564437927,2974.0439162557946,14127
2022-04-21,2964.857421875,2993.6573906035414,2950.5071411205536,2970.7168713316833,9452
2022-04-22,2949.116943359375,2991.7209387492826,2940.5761658544816,2944.5485753997086,30690
2022-04-25,2830.639892578125,2949.067356847623,2820.4108891016735,2947.5279995963965,21193
2022-04-26,2813.45947265625,2912.223470954772,2800.9462837726037,2841.2663435473105,28700
2022-04-27,2746.126708984375,2835.3073530280385,2714.1985637954544,2801.541871415796,60886
2022-04-28,2769.26611328125,2828.306003981088,2747.8647075221384,2759.8813438523684,14918
2022-04-29,2741.856201171875,2824.58167602282,2722.093561245086,2800.449240250117,19785
2022-05-02,2898.816162109375,2929.5526324752022,2701.288194449443,2779.64387574884,78486
2022-05-04,2976.774658203125,3128.2724736317614,2930.645101488041,3048.8242838252404,205063
2022-05-05,2978.21484375,3092.5210328592175,2952.6424556330685,3092.5210328592175,73080
2022-05-06,2963.06982421875,2984.8686154626844,2915.7485927127254,2959.4450975081477,59848
2022-05-09,2963.06982421875,2987.202260585731,2880.642326536476,2963.4175070350043,36245
2022-05-10,2882.28125,3006.5679229476746,2860.1350171742997,2963.069987736819,42082
2022-05-11,2800.896484375,2943.5058452493536,2775.7212412507656,2929.6024114828024,37683
2022-05-12,2761.917236328125,2810.3804404427265,2732.0247565133864,2792.0577492911357,23258
2022-05-13,2764.052490234375,2799.555904058458,2751.886984798151,2795.583494120099,24399
2022-05-16,2775.82080078125,2787.0923683007495,2736.5435497443086,2770.904749607308,18302
2022-05-17,2826.270263671875,2833.86764315234,2764.7476132480842,2792.306207193115,34718
2022-05-18,2867.036865234375,2903.7319496556943,2790.6176856437496,2879.9968997746882,23015
2022-05-19,2864.50439453125,2896.681056967181,2781.8783253918887,2840.471365538651,27432
2022-05-20,2778.05517578125,2954.4797252491853,2742.303488349663,2917.3377914001403,47070
2022-05-23,2665.0400390625,2817.4315564272747,2631.721404487937,2778.005438972124,27762
2022-05-24,2704.4658203125,2760.8243754590103,2665.039707758599,2665.039707758599,53658
2022-05-25,2561.40966796875,2755.8591668644217,2538.369740722689,2704.46611753641,34470
2022-05-26,2543.98046875,2601.9280862801475,2502.6178539793787,2567.7654633513316,40285
2022-05-27,2561.161865234375,2609.5684614430784,2468.5819945966655,2566.092351328071,37527
2022-05-30,2696.12255859375,2727.895696745072,2587.656234041659,2589.6482711733306,46537
2022-05-31,2609.66845703125,2724.359902692246,2579.7878987346526,2698.41356927098,68027
2022-06-01,2610.2158203125,2652.5964566985017,2582.6760056797993,2624.5087832496224,120672
2022-06-02,2605.73388671875,2629.1403231324402,2565.5945328505754,2610.215970287329,22030
2022-06-03,2791.740234375,2836.5114617356307,2619.4290290611675,2619.4290290611675,168159
2022-06-06,2778.2939453125,2819.62871363797,2721.5707395815048,2770.923505577319,47088
2022-06-07,2764.598876953125,2818.732584095328,2749.7582973643734,2777.845972713512,22225
2022-06-08,2796.32177734375,2864.7481957103987,2777.447276491919,2777.447276491919,151569
2022-06-09,2757.875732421875,2799.6589061381846,2740.096946776226,2796.670850416032,14589
2022-06-10,2844.8779296875,2919.9280232794695,2709.170404814004,2737.0589236870896,240967
2022-06-13,2760.41552734375,2837.6568135668354,2741.292020055922,2837.6568135668354,30583
2022-06-14,2710.763916015625,2769.5786110667063,2689.2498201867047,2727.1982204723217,22981
2022-06-15,2739.349853515625,2749.0111847704115,2701.700303873095,2722.1186840498317,53230
2022-06-16,2748.36376953125,2793.8319171906455,2722.6664433704327,2768.9314544705862,21241
2022-06-17,2750.00732421875,2787.856030600609,2681.4811966620855,2723.4136765262692,26773
2022-06-20,2690.296142578125,2768.6827593498656,2642.1883945913683,2765.9437081444653,30298
2022-06-21,2781.481689453125,2813.752595403764,2690.345985920578,2703.7922372614457,27329
2022-06-22,2730.783935546875,2780.335857060164,2710.166400756972,2744.0310305348985,36630
2022-06-23,2753.54296875,2768.6824011840054,2723.5128653362367,2729.638524958862,28116
2022-06-24,2745.67431640625,2763.90150369385,2726.052800478135,2740.1466082346087,20722
2022-06-27,2736.16259765625,2818.732436423992,2699.509067163733,2768.8816604252497,61211
2022-06-28,2742.0390625,2748.961342774518,2692.238135102615,2692.238135102615,13945
2022-06-29,2726.75,2768.931481527392,2702.198240785545,2711.3117129627067,15182
2022-06-30,2734.369873046875,2765.943613592442,2708.7223944548673,2730.53510422296,11907
2022-07-01,2712.009033203125,2758.921358015596,2691.4411055559885,2714.349530745228,53477
2022-07-04,2717.935546875,2733.971300094951,2679.2899773779845,2725.106832009727,8601
2022-07-05,2660.31591796875,2733.5232874609837,2650.4554307739754,2724.6588188987566,19465
2022-07-06,2670.92333984375,2695.026939207627,2609.319497590732,2649.4092427106966,36303
2022-07-07,2704.8876953125,2719.1308100943343,2680.634788017401,2693.5331804059224,22105
2022-07-08,2679.090576171875,2728.1444866786987,2669.3295463611676,2721.8695215740595,5992
2022-07-11,2698.71240234375,2705.0868241296394,2679.788048904174,2687.258188419796,9191
2022-07-12,2703.54296875,2714.1504687273173,2681.5308621765575,2712.208281245798,8507
2022-07-13,2686.4111328125,2708.7220925555844,2664.3494208567604,2700.5547896935886,13991
2022-07-14,2630.734130859375,2696.222353899225,2623.214141785337,2681.2820748787267,19678
2022-07-15,2634.967041015625,2651.052643129177,2620.5247722215495,2643.931207853327,8871
2022-07-18,2687.65625,2699.2101619829314,2633.4729403257825,2658.3734030747028,14010
2022-07-19,2672.467041015625,2724.110699440646,2609.219863898813,2679.2898652633776,55166
2022-07-20,2704.4892578125,2724.1107749066277,2689.1008196190496,2693.234199395803,25969
2022-07-21,2714.349853515625,2734.071070526917,2701.2024565642982,2724.1108844776386,13974
2022-07-22,2804.340087890625,2862.557323728703,2726.650640691307,2727.9455134450145,59962
2022-07-25,2826.50146484375,2913.354233002447,2804.389901862885,2818.732471588692,114176
2022-07-26,2820.525390625,2863.5533435358902,2808.772323050856,2836.66084257051,40746
2022-07-27,2788.60302734375,2835.3660511749963,2779.83801518092,2808.772403646531,19663
2022-07-28,2778.7919921875,2827.6965991478396,2763.951413397413,2807.626923089163,18880
2022-07-29,2731.1826171875,2808.2743572133086,2722.1187509359715,2788.8519951045446,42914
2022-08-01,2682.52685546875,2787.855813035192,2674.3097027508006,2783.871738990126,41316
2022-08-02,2698.71240234375,2739.0511557281093,2664.3996101357134,2692.238281430211,113038
2022-08-03,2783.8720703125,2788.8521634615386,2705.335904084719,2714.1507662259614,54967
2022-08-04,2975.2568359375,2987.0597535047173,2811.7604815417862,2811.7604815417862,205275
2022-08-05,3130.287109375,3186.3131521288174,2998.2648035498423,3002.9958916046094,329805
2022-08-08,3122.66748046875,3216.0940697118986,3078.6933584621324,3142.438546084771,125099
2022-08-10,3181.283447265625,3254.5406648243265,3097.6178838434857,3137.4586283302187,97304
2022-08-11,3207.677978515625,3222.120248563281,3149.4108890130124,3207.1799692036366,46947
2022-08-12,3150.5556640625,3212.1595024861335,3129.4401215480875,3202.1993179823007,28700
2022-08-16,3289.799560546875,3335.6662653524318,3150.556112720479,3150.556112720479,175615
2022-08-17,3285.765625,3364.650491760041,3278.0963305007185,3301.801621545535,69909
2022-08-18,3372.917236328125,3388.75407771835,3278.992878371255,3286.861327919137,54499
2022-08-19,3405.03857421875,3434.7698239422284,3381.4828337781255,3386.4629263168267,41708
2022-08-22,3406.38330078125,3435.118532033343,3320.4767043799684,3381.482838056241,55064
2022-08-23,3396.12451171875,3435.268090640135,3355.7359095693855,3385.566860646646,29727
2022-08-24,3426.104736328125,3435.2680585667786,3372.9670481866538,3408.724260861528,23384
2022-08-25,3417.040771484375,3545.328008630994,3358.723837078682,3431.2340357414314,73984
2022-08-26,3332.628173828125,3437.3098192898665,3296.9210551929705,3435.2679326561647,70203
2022-08-29,3287.259521484375,3400.7560296650995,3264.948803256708,3326.7019532877985,45509
2022-08-30,3318.634033203125,3341.5923088866775,3269.131961039583,3316.9906999008313,33069
2022-09-01,3313.35546875,3405.3874872539163,3297.9171809312124,3316.7418346170057,32060
2022-09-02,3320.82568359375,3343.0367036520356,3266.940980519569,3331.682188974987,25370
2022-09-05,3480.63671875,3574.212614131226,3353.494803253232,3353.494803253232,81089
2022-09-06,3453.1962890625,3534.869809599888,3427.3995060626385,3520.9255499959436,42661
2022-09-07,3438.305908203125,3496.3738387078756,3426.3038359579837,3466.144578236565,28471
2022-09-08,3460.66650390625,3477.499120386406,3427.2998819805457,3438.3059357569223,19388
2022-09-09,3534.919677734375,3585.666774140225,3470.1286225290396,3478.893634388434,57761
2022-09-12,3520.726318359375,3564.750288375051,3508.4752419114607,3535.8657512521463,25438
2022-09-13,3551.702392578125,3624.461595109377,3537.5091284708033,3550.2083647773543,32148
2022-09-14,3535.31787109375,3545.875764625143,3507.7282068490063,3530.4873271948804,35481
2022-09-15,3543.186767578125,3579.690751007521,3506.9813951857213,3562.1111204632507,40995
2022-09-16,3564.50146484375,3585.666859500524,3526.9017637475986,3565.6467889342075,47894
2022-09-19,3629.44189453125,3634.969846342721,3526.9018292641663,3591.3940330045943,67226
2022-09-20,3836.115478515625,3924.3129670561493,3638.455651943176,3638.455651943176,189105
2022-09-21,3836.563720703125,3908.2770556531186,3785.866474235079,3883.476291250348,72389
2022-09-22,3798.964111328125,3864.552031081836,3785.8665644696025,3855.787019078653,36774
2022-09-23,3681.931884765625,3827.649447627479,3666.3442916867166,3827.649447627479,36862
2022-09-26,3428.146484375,3671.573316523167,3399.1622478031704,3648.4158856356353,102386
2022-09-27,3581.085205078125,3665.348476562187,3407.379657151968,3456.1845689322795,83745
2022-09-28,3633.077392578125,3670.2785398505225,3466.1445848451567,3548.5152710294533,73135
2022-09-29,3730.38818359375,3759.870185663342,3566.74229335217,3700.7067832867874,62073
2022-09-30,3901.20556640625,3959.123948728904,3704.7907539021157,3735.0696210291544,179007
2022-10-03,3956.733642578125,4030.787477799864,3825.707350276387,3928.09810851917,113509
2022-10-04,3981.285400390625,4031.6840375661577,3950.209669476271,4018.8851016066433,39922
2022-10-06,4047.122314453125,4106.534968206553,3981.2853895405055,3992.09228832005,61366
2022-10-07,4122.8193359375,4158.426998637567,4045.8771471178316,4066.3949830802135,108639
2022-10-10,3995.7275390625,4153.895332274865,3974.1139853199165,4083.676025015453,79407
2022-10-11,3851.3544921875,4032.629857178287,3824.7109976078104,4028.2474730942918,70626
2022-10-12,3840.2490234375,3884.123443799875,3821.772831640475,3854.591592560993,41119
2022-10-13,3812.011962890625,3869.1833299043105,3794.8306430500443,3859.1735380972787,131940
2022-10-14,3832.181396484375,3883.8746623040174,3799.8107933951633,3861.563943903813,22324
2022-10-17,3863.555908203125,3898.416557026819,3809.8706062820715,3832.1813242618005,36398
2022-10-18,3882.629638671875,3934.1735989696726,3844.6316280096316,3882.878643310995,44708
2022-10-19,3919.382568359375,3983.0280519639723,3884.4720720016453,3904.392441601654,47675
2022-10-20,3894.830810546875,3939.950499146834,3865.547962670658,3920.3289824972194,23213
2022-10-21,3854.791015625,3958.576101841097,3839.651582015752,3914.3529746619724,61371
2022-10-24,3970.876708984375,3983.0779354683677,3889.5020471085213,3951.205343836713,13587
2022-10-25,3870.82666015625,4022.520323007828,3857.7288712678114,3970.876667649813,46759
2022-10-27,3890.398681640625,3926.2553501309735,3847.121723443632,3890.3488320784472,22101
2022-10-28,3890.249267578125,3924.313053059799,3862.659602615458,3876.4044639517097,14374
2022-10-31,3886.31494140625,3940.846955121949,3862.36064747824,3933.277117137816,27010
2022-11-01,3940.05029296875,4082.5307975032038,3925.3091695546686,3961.8630023019837,103294
2022-11-02,3947.769287109375,4032.7793226122417,3894.532145396932,3949.2134653419243,59690
2022-11-03,3967.98876953125,3993.0385398811727,3929.4925050053926,3958.078189994668,30830
2022-11-04,3992.689453125,4039.851026253652,3944.5321046673293,3983.0779718906197,95451
2022-11-07,4071.624267578125,4183.278047983408,4033.875260555429,4033.875260555429,120184
2022-11-09,4151.10693359375,4208.02929958835,4083.7258859119584,4083.7258859119584,73681
2022-11-10,4161.5146484375,4233.078675788558,4109.572380306728,4163.606384580028,90692
2022-11-11,4129.4931640625,4251.953846904545,4115.598509894554,4208.178634385929,65498
2022-11-14,4034.970947265625,4197.969289829887,3979.0942079293904,4197.969289829887,64778
2022-11-15,4014.253662109375,4033.7754800382368,3982.0822138986364,4017.9388821578536,34544
2022-11-16,4011.46484375,4073.7160051986343,3948.317362843945,4034.3732711630973,39520
2022-11-17,3980.14013671875,4019.482871038731,3964.153989709443,4015.7478013248087,29523
2022-11-18,3935.96630859375,4018.884849788473,3904.3925703701366,4000.0601971630495,23105
2022-11-21,3930.6376953125,3967.1416759824924,3899.4124181449806,3923.814871336437,18421
2022-11-22,3835.916259765625,3950.2592325463306,3805.7867000491924,3950.2592325463306,64430
2022-11-23,3857.87890625,3875.5083869013356,3797.1716209897,3863.7553187442436,32078
2022-11-24,3870.72705078125,3916.892605579916,3859.67139131893,3879.4920622256423,60264
2022-11-25,3744.730712890625,3903.396508874084,3736.065400557971,3890.0499582163015,81684
2022-11-28,3730.189208984375,3779.442278177791,3715.1990810119632,3735.069602664419,32069
2022-11-29,3702.44970703125,3755.4876912667505,3685.2683881943976,3744.929798076385,30965
2022-11-30,3862.310791015625,3879.4921103747947,3711.2148311400074,3726.404113472027,70962
2022-12-01,4062.3115234375,4081.684035685696,3872.7192943514265,3908.725510991976,120245
2022-12-02,4069.930908203125,4115.997008831873,4023.964749864369,4075.9568690019014,53657
2022-12-05,4009.522216796875,4094.6815531585407,3990.05000699572,4088.606229536626,22344
2022-12-06,3992.689453125,4065.7475071911754,3984.024140829621,4009.5223116355373,36856
2022-12-07,3990.24951171875,4013.60609834794,3974.1140596591163,3984.0742452722966,49177
2022-12-08,4021.9228515625,4042.8392408351133,3984.123996724995,4010.219633755204,16196
2022-12-09,4016.344970703125,4093.6361048901385,3993.0880842322103,4039.353095713371,31079
2022-12-12,4018.53662109375,4089.652249747394,3944.2335384801945,4033.87520980929,40618
2022-12-13,4024.1142578125,4083.6266117207088,4012.958898240637,4039.6522450805746,66012
2022-12-14,4163.65673828125,4176.9536850698105,4013.9553236009588,4013.9553236009588,53022
2022-12-15,4194.9814453125,4249.364159523984,4155.389704954888,4163.656465010395,62034
2022-12-16,4103.74560546875,4203.198151899007,4068.884957289493,4193.885281475114,26041
2022-12-19,3997.9189453125,4103.745921140029,3977.1022539230435,4103.745921140029,20885
2022-12-20,4135.41943359375,4153.098762943404,4005.09030841633,4007.9786649581324,52556
2022-12-21,4013.955078125,4203.198617788462,3985.0705378605767,4142.242083109342,49474
2022-12-22,4044.681884765625,4083.675912368737,3994.0840955591443,4074.11403735527,35724
2022-12-23,4020.37890625,4073.068431856919,3952.2014871926044,4019.930746549736,92659
2022-12-26,4096.62451171875,4113.357429704381,3940.1997415762935,3964.1540375980126,20197
2022-12-27,4090.100830078125,4151.256275681618,4065.84767957115,4113.805878545329,18799
2022-12-28,4130.78759765625,4176.305840584812,4076.753833705425,4091.6442626096846,24562
2022-12-29,4154.14404296875,4181.1858472218155,4106.135758073383,4111.265642274979,30598
2022-12-30,4367.09326171875,4417.342595815963,4173.318033025679,4173.318033025679,205607
2023-01-02,4416.49560546875,4476.10741361849,4386.565442242336,4430.29055980753,119288
2023-01-03,4478.4482421875,4519.932318802414,4388.5074725562135,4438.607498963151,69559
2023-01-04,4442.142578125,4495.728662419513,4414.503066198244,4495.728662419513,61771
2023-01-05,4388.90625,4508.976094836116,4366.545438427554,4456.8845178313595,56499
2023-01-06,4367.93994140625,4452.203213588591,4342.6411658269035,4407.382375867901,73481
2023-01-09,4366.74462890625,4436.067129447444,4341.246457299162,4397.123194037477,35782
2023-01-10,4312.26220703125,4431.236814461345,4285.3697068372685,4367.541235207768,57166
2023-01-11,4316.29541015625,4350.608439106671,4297.819463082711,4333.825431537291,22438
2023-01-12,4325.95751953125,4351.555390518536,4293.885528040435,4337.063028973715,21445
2023-01-13,4277.2021484375,4347.322241520755,4253.995111388348,4347.322241520755,58337
2023-01-16,4271.923828125,4312.810197624745,4262.959660614362,4306.485868506455,25214
2023-01-17,4265.349609375,4327.501067705943,4253.995095523499,4291.296183602584,28993
2023-01-18,4227.7001953125,4278.497138487428,4205.339385595734,4275.309684772963,36325
2023-01-19,4320.5791015625,4363.955514249422,4212.859794213706,4213.158405239491,44287
2023-01-20,4232.43115234375,4350.559039304202,4224.114300911594,4344.831933142862,34894
2023-01-23,4068.43701171875,4265.499140254084,4044.8314202001075,4232.580920989992,52693
2023-01-24,4084.970458984375,4159.124230471547,4052.9485616377465,4068.43669786862,37847
2023-01-25,4051.15625,4143.4372737451795,3949.213651538374,4097.42102102592,111792
2023-01-27,4087.85986328125,4150.459245221829,4016.1961281863737,4104.742087288392,61703
2023-01-30,4014.05419921875,4123.516533604244,3994.034130375125,4053.7952395577954,42830
2023-01-31,3986.365234375,4022.8193687122357,3955.3889590907816,4015.00076871527,48395
2023-02-01,3928.695556640625,4080.588388813067,3914.352986476699,4018.9349364970685,62499
2023-02-02,3923.117919921875,3984.0742066499,3884.4723514836523,3915.348926585189,39719
2023-02-03,3895.876708984375,3946.175645762223,3881.3349840547066,3942.739430398247,29093
2023-02-06,3898.81494140625,3954.0443649147746,3810.517993614822,3895.876735297457,47511
2023-02-07,3850.358642578125,3920.27909493619,3824.711165362478,3899.213400238152,41494
2023-02-08,3876.30517578125,3885.4684981249075,3831.384640352971,3855.787095673161,39364
2023-02-09,3844.681640625,3885.2195489592063,3834.671605074138,3884.422685446509,24564
2023-02-10,3772.71923828125,3834.6715455258964,3760.2191564276986,3834.6715455258964,55157
2023-02-13,3715.647216796875,3772.7689781531203,3706.185040531074,3736.165296282785,38458
2023-02-14,3651.25439453125,3725.5572262685487,3641.4435153638397,3715.6468911555808,66910
2023-02-15,3650.05908203125,3675.3082481579777,3630.4874158633684,3645.9257025426227,57723
2023-02-16,3926.006103515625,3968.1377350287885,3652.1508634329343,3670.328201200072,230401
2023-02-17,4011.7138671875,4062.3615096467925,3955.1898123273695,3975.1101840842434,113482
2023-02-20,3956.036376953125,4028.6460320149777,3936.265311458852,4028.6460320149777,40048
2023-02-21,3979.592041015625,4010.9666247453188,3899.4125492619623,3905.4385100088434,61487
2023-02-22,3942.689697265625,3988.0583921941607,3932.331201306586,3988.0583921941607,23248
2023-02-23,3847.270751953125,3961.1655644053053,3834.6712152276655,3954.1934349230733,44178
2023-02-24,3787.908203125,3853.3964194665687,3784.870298067835,3793.8344645632587,26210
2023-02-27,3721.224609375,3785.4179495171047,3700.2085229195245,3784.870090738679,29613
2023-02-28,3904.243408203125,3965.7475536296793,3696.025681813598,3722.071469613439,117004
2023-03-01,3890.747314453125,3914.3529054783985,3857.5798480706967,3904.2434144530603,23216
2023-03-02,3846.225341796875,3910.1696842701563,3834.6714293138434,3909.372820793983,19020
2023-03-03,3786.713134765625,3922.0221057796934,3770.9261438426424,3874.512070667691,37360
2023-03-06,3749.960205078125,3799.512130766956,3739.302854618972,3783.8746872737497,30173
2023-03-08,3807.03173828125,3874.66129763735,3739.999644128186,3749.9598291979255,51611
2023-03-09,3769.581298828125,3824.7110197790907,3755.437884836616,3824.7110197790907,22581
2023-03-10,3754.292724609375,3824.7111866252417,3735.0695181887127,3735.0695181887127,34515
2023-03-13,3776.006103515625,3840.647611535704,3726.105475818223,3762.858463837524,42086
2023-03-14,3732.728759765625,3819.7310759333945,3715.149129916965,3794.9303117169334,31477
2023-03-15,3786.314453125,3808.625413278444,3741.5434704801105,3754.6908659593555,24665
2023-03-16,3738.3564453125,3781.8325574381392,3721.7725906737815,3778.645346734908,20901
2023-03-17,3891.5439453125,3964.5022998131017,3720.1290656620854,3759.969805321117,325608
2023-03-20,3801.155517578125,3884.4723726103953,3762.5597984912906,3884.4723726103953,20215
2023-03-21,3872.86865234375,3919.3328183484796,3804.7906902391846,3804.7906902391846,23924
2023-03-22,3805.488037109375,3903.3468599492367,3787.858557353622,3872.8688381262214,25002
2023-03-23,3796.27490234375,3814.7510953164033,3773.1673203217665,3806.035932892378,12462
2023-03-24,3822.321044921875,3839.651671150679,3791.9424778738603,3809.771113398533,9808
2023-03-27,3737.659423828125,3851.554002649082,3711.6632416000625,3841.792971922868,23301
2023-03-28,3640.049560546875,3736.8126672846897,3616.5932746066846,3725.1094490956857,43783
2023-03-29,3764.40234375,3774.014068872077,3640.4478810838864,3640.4478810838864,28726
2023-03-31,3777.400146484375,3820.97595568904,3686.264454090619,3765.945933779149,41030
2023-04-03,3722.320556640625,3796.324785134101,3713.1572344168776,3777.40043227629,26284
2023-04-05,3695.975830078125,3723.0674859726355,3661.0653313078474,3697.469857901373,42825
2023-04-06,3750.009765625,3762.6093027626534,3666.3940586613153,3695.9757603699786,34963
2023-04-10,3709.521728515625,3810.816764902902,3695.228765269318,3753.4460000129566,80658
2023-04-11,3769.23291015625,3804.7907224628275,3707.8282228834164,3727.101278391597,61340
2023-04-12,3798.66552734375,3850.508099471293,3779.8904799977977,3781.7332116230746,109871
2023-04-13,3784.023681640625,3838.5060894880157,3764.9500241560513,3805.7867836773207,18934
2023-04-17,3838.60546875,3890.3984310105257,3756.6829467129182,3786.8623560484407,42969
2023-04-18,3845.77685546875,3867.7391127211,3829.69125345315,3837.659401704808,18487
2023-04-19,3829.293212890625,3864.6518732466106,3800.9066827456786,3839.751408207184,12754
2023-04-20,3742.639404296875,3834.6714211367193,3730.2387788027413,3824.7112356272733,23923
2023-04-21,3816.5439453125,3833.675415814142,3712.161152179607,3762.3107836601494,29487
2023-04-24,3841.494140625,3868.4860967177015,3809.970008446896,3844.631501707405,30079
2023-04-25,3763.9541015625,3858.575863840467,3750.0098418583784,3834.6714186334016,26254
2023-04-26,3749.3125,3770.876203325528,3735.069386771396,3753.9937383310375,21665
2023-04-27,3762.4599609375,3789.8504702494206,3738.1572063063563,3749.312565101495,22898
2023-04-28,3808.57568359375,3829.6912276848493,3765.0497226956522,3771.872303689076,41440
2023-05-02,3823.615478515625,3879.79107011064,3764.999933298272,3854.591752397938,51707
2023-05-03,3810.51806640625,3898.4167057215086,3785.866606654945,3839.6017601861913,105274
2023-05-04,3832.33056640625,3844.631492412361,3789.203158966647,3834.671307198857,51009
2023-05-05,3788.3564453125,3851.653470967279,3769.930102670649,3851.653470967279,31814
2023-05-08,3768.486083984375,3808.7251366761466,3750.209046079524,3789.850633534444,37738
2023-05-09,3761.613037109375,3804.5913797585235,3751.0553872856303,3784.770466411603,28439
2023-05-10,3704.54150390625,3763.655055958781,3677.1011456074316,3761.613169400802,59157
2023-05-11,3690.198974609375,3764.8505182487143,3679.0436151916165,3706.6831306763047,43865
2023-05-12,3711.912109375,3759.820698615586,3651.154978182439,3651.154978182439,51525
2023-05-15,3731.08544921875,3757.4300909565845,3703.196930110868,3712.210946527669,27789
2023-05-16,3749.2626953125,3769.9300794999835,3710.168968596417,3750.0097091987946,59589
2023-05-17,3728.446044921875,3781.882341550727,3723.117248542696,3754.9898413606106,20196
2023-05-18,3747.6689453125,3753.993760111561,3706.2845708018267,3735.069408442121,26444
2023-05-19,3785.318603515625,3808.7748887155694,3715.149146158231,3745.0297022935515,52318
2023-05-22,3798.914306640625,3814.7509037254727,3780.089410849029,3804.641413088777,32393
2023-05-23,3805.836669921875,3814.4521329779486,3778.944169490114,3805.7369708009887,64698
2023-05-24,3779.990234375,3819.5819731829433,3774.01412285682,3819.5819731829433,46342
2023-05-25,3770.129638671875,3784.3727535975945,3746.225191748242,3784.3727535975945,14871
2023-05-26,3783.426025390625,3791.991638371189,3745.0793141178656,3780.7368241428735,39079
2023-05-29,3782.23095703125,3803.2468015289373,3767.48983456328,3803.2468015289373,17050
2023-05-30,3774.661376953125,3785.7668867449984,3728.047659227406,3777.002117860867,66014
2023-05-31,3737.459716796875,3814.451995370675,3720.0792426304038,3794.5316253991136,25644
2023-06-01,3750.906005859375,3759.870172440575,3695.228668472465,3737.459755987575,27133
2023-06-02,3768.237060546875,3784.870521838076,3745.0297795029387,3764.8504515472323,20044
2023-06-05,3816.1953125,3834.671505660995,3772.42034485481,3795.826781317936,53086
2023-06-06,3831.683349609375,3844.6315907180106,3809.820791140435,3834.6714052498296,53103
2023-06-07,3871.42431640625,3874.5120711082436,3822.9182627615683,3841.6434597080965,64038
2023-06-08,3873.117919921875,3934.2733630316884,3853.595858625216,3889.4525272503147,66584
2023-06-09,3876.51123046875,3892.530333077349,3853.7551425857782,3892.480380748745,20217
2023-06-12,3874.265625,3887.3901731090996,3823.5135710610543,3882.8491408681657,25939
2023-06-13,3864.23486328125,3944.3301319459765,3853.555542859932,3892.230828352245,86848
2023-06-14,3861.29052734375,3891.4822012570676,3843.5747517417203,3891.4822012570676,45657
2023-06-15,3838.035400390625,3881.401574144123,3827.605598146602,3881.401574144123,98819
2023-06-16,3791.82470703125,3869.524700799765,3742.7695713178023,3840.4807114583814,232664
2023-06-19,3826.407958984375,3850.5112970197188,3796.3658984253516,3808.642231080264,141039
2023-06-20,3804.001220703125,3826.407884870516,3780.7460980002447,3802.6537262455568,39107
2023-06-21,3841.628662109375,3877.509297869192,3794.8688965319775,3809.290986627911,213790
2023-06-22,3825.21044921875,3886.4919662155144,3813.6327177476837,3858.6458577622066,35945
2023-06-23,3738.8271484375,3837.58631047638,3723.1574689336417,3825.2103168520316,31552
2023-06-26,3745.963134765625,3767.7211493421596,3699.0038065411727,3757.7404310657566,22036
2023-06-27,3737.978759765625,3782.692428765753,3699.8524626476637,3762.730991146936,152884
2023-06-28,3835.590087890625,3842.5765907829577,3718.0171761971073,3768.419804206079,240050
2023-06-30,3733.08837890625,3780.746312164472,3722.8081895951045,3772.7617369589057,91426
2023-07-03,3717.41845703125,3772.711539265764,3712.827229118688,3732.090064283307,49858
2023-07-04,3719.913818359375,3756.9421390740954,3698.904356455703,3723.1575519841494,29500
2023-07-05,3700.850341796875,3749.705909090665,3690.470492243606,3749.705909090665,24615
2023-07-06,3695.461181640625,3737.779333502573,3674.002635400223,3726.101940794102,56431
2023-07-07,3660.129150390625,3719.763945233474,3651.445973766733,3709.7832264313233,29009
2023-07-10,3543.554443359375,3691.8180756444767,3530.130424784284,3691.8180756444767,61018
2023-07-11,3537.01708984375,3585.9226114167327,3446.691585714058,3572.84777246702,160933
2023-07-12,3596.052978515625,3639.7685755313087,3504.729401625761,3523.193731379449,92983
2023-07-13,3658.33251953125,3697.8562628859218,3618.010513619829,3618.010513619829,42760
2023-07-14,3677.146240234375,3707.786997519315,3653.7914562416568,3677.6452761630217,32405
2023-07-17,3674.3017578125,3716.8197177879138,3648.1023707040326,3686.3285728191277,45565
2023-07-18,3678.943115234375,3692.8162177024838,3657.9336522087174,3673.902803214267,28585
2023-07-19,3692.4169921875,3707.8371544998245,3666.566783454861,3692.6665101655954,20008
2023-07-20,3739.176513671875,3742.769670023057,3672.455552556204,3717.8178722229036,36501
2023-07-21,3768.669677734375,3801.8555696039903,3714.025239242302,3739.1766032937135,52376
2023-07-24,3757.092041015625,3803.6519975188694,3699.9024726128364,3792.6732066574923,31177
2023-07-25,3772.3623046875,3797.6635244537233,3752.800241932986,3776.9035805006547,53038
2023-07-26,3824.0625,3839.7821322913155,3788.8305134956445,3792.673187745924,49364
2023-07-27,3833.14501953125,3849.5632532749414,3817.1259170728576,3832.546078933408,33906
2023-07-28,3807.59423828125,3857.4978318672106,3793.7710890598732,3842.5767061189867,85555
2023-07-31,3793.22216796875,3847.5671336122514,3754.7464478986485,3815.179749535409,61471
2023-08-01,3841.1298828125,3842.577038417662,3794.869150089819,3794.869150089819,28283
2023-08-02,3871.520751953125,3882.4995424330123,3816.6267995536864,3852.5074342517055,83593
2023-08-03,3790.627197265625,3905.1559500081453,3750.8042251525267,3880.5036223348034,58559
2023-08-04,3844.423583984375,3853.356279309565,3760.9846705000095,3762.88090975969,38815
2023-08-07,3872.618896484375,3882.499710877002,3844.622930812066,3867.5286323003556,23408
2023-08-08,3883.996826171875,3908.3496832352257,3844.8225038213045,3878.806900989346,243082
2023-08-09,3948.02294921875,3962.3453782175443,3870.173342291554,3872.518908686164,57503
2023-08-10,4099.53076171875,4117.046729230826,3948.422524654856,3962.3455794051824,119778
2023-08-11,4065.79541015625,4181.921170681189,4032.2103889145596,4122.036857974537,45658
2023-08-14,4154.224609375,4185.713581698572,4044.736174801046,4099.979306184291,46296
2023-08-16,4256.32763671875,4282.227799349149,4141.998687169087,4176.332265565848,62148
2023-08-17,4336.07373046875,4389.320477316326,4244.350531515098,4276.738160125717,60645
2023-08-18,4340.265625,4401.497438534657,4274.29296955309,4336.074015081487,49407
2023-08-21,4355.685546875,4441.419823070357,4276.737964462131,4366.464528138899,61692
2023-08-22,4350.994140625,4378.640924631683,4276.737695606802,4358.679488479494,234829
2023-08-23,4362.32275390625,4416.468154443781,4351.393671672895,4361.524491322721,33899
2023-08-24,4496.86279296875,4511.035609322314,4366.564697336163,4396.457146600137,64543
2023-08-25,4588.53564453125,4606.600843345662,4464.425306597463,4490.325467275948,58629
2023-08-28,4880.4716796875,4970.398055222844,4592.17851429763,4606.101812219563,176355
2023-08-29,4884.41455078125,4903.976858632643,4795.985277804522,4885.562236065374,77053
2023-08-30,4891.0517578125,4930.475601182277,4837.255775340442,4884.414676586568,47227
2023-08-31,4828.97119140625,4916.801520653736,4793.739447450851,4910.513862473077,52310
2023-09-01,4744.18505859375,4965.158074907285,4730.960606210711,4853.074797947708,81074
2023-09-04,4679.85888671875,4920.444392741621,4671.025853592104,4920.444392741621,67945
2023-09-05,4658.35107421875,4760.653446039367,4641.0344289353,4704.511900528053,30499
2023-09-06,4587.88720703125,4690.8884265531615,4571.1695019749,4658.950124355956,39442
2023-09-07,4533.39208984375,4626.412583945797,4516.52477254875,4610.7928565001275,45415
2023-09-08,4632.80029296875,4659.948043884366,4516.52491533513,4541.22719513283,50067
2023-09-11,4663.9404296875,4730.8112491331085,4577.207588922765,4692.08576576669,42083
2023-09-12,4513.33056640625,4709.701200807477,4471.3618404955405,4688.891792827876,48163
2023-09-13,4522.0146484375,4605.3536592292085,4369.608861311221,4513.2815185641175,43457
2023-09-14,4578.5048828125,4589.084541622981,4481.342493203489,4531.246084441835,24770
2023-09-15,4637.1416015625,4670.976138947179,4514.628285097592,4591.679137549875,55939
2023-09-18,4604.45556640625,4688.94226388027,4590.582463050903,4688.94226388027,30017
2023-09-20,4588.93505859375,4628.658614969649,4541.227413884911,4607.200067849094,16799
2023-09-21,4583.0966796875,4601.111683425288,4543.123605738884,4581.150244451642,20783
2023-09-22,4611.791015625,4626.0135401764355,4549.8603619287305,4571.169294426385,13406
2023-09-25,4603.65673828125,4628.059793244102,4579.203974655095,4626.063649274621,10822
2023-09-26,4592.427734375,4606.101513435296,4531.246125893011,4590.132364092941,25624
2023-09-27,4709.25244140625,4725.87024034839,4580.950011854173,4615.58330020932,24767
2023-09-28,4680.1591796875,4747.12941761502,4651.115188494323,4709.252879542216,39915
2023-09-29,4810.70654296875,4865.600497297231,4690.838010685326,4690.838010685326,44472
2023-10-03,4964.16015625,4990.35954385524,4770.833432585128,4840.648757539583,130253
2023-10-04,4895.7421875,5078.98778756433,4770.833106775745,4960.417047835674,102047
2023-10-05,4967.75341796875,4988.163696532194,4885.4621924090425,4895.792334351912,29738
2023-10-06,5138.0244140625,5167.0182077173085,5000.639427649756,5040.063267557972,79605
2023-10-09,5153.54443359375,5310.141822642851,5102.143728968965,5195.014127534715,162649
2023-10-10,5201.2021484375,5238.679553055209,5139.072173145539,5170.062110463685,52619
2023-10-11,5314.1337890625,5328.705735892515,5219.915901614133,5238.679457911556,49223
2023-10-12,5299.56201171875,5411.545874511585,5273.263206866615,5313.734827720339,39507
2023-10-13,5338.087890625,5404.559579598272,5264.929412027307,5264.929412027307,38989
2023-10-16,5240.17724609375,5428.264110127082,5219.916579354564,5379.608099946673,50325
2023-10-17,5176.25048828125,5314.683258338812,5120.108942855206,5294.821237285133,61474
2023-10-18,5164.02392578125,5225.155828652162,5130.089481738621,5199.904804932827,45972
2023-10-19,5195.2138671875,5229.896866444935,5104.139804389199,5146.058825074444,25376
2023-10-20,5259.09033203125,5279.800323849753,5170.012415414314,5189.973853311667,20956
2023-10-23,5161.927734375,5296.51782161925,5115.1182617983995,5296.51782161925,43390
2023-10-25,5087.9208984375,5209.585762475998,5055.283753204121,5187.728085891524,31905
2023-10-26,5267.17529296875,5327.059612130838,4986.2180288999525,5040.263529475769,78356
2023-10-27,5227.6015625,5349.465755742795,5209.5860716913685,5289.781249038624,29446
2023-10-30,5298.71435546875,5372.521484903711,5203.996936083601,5227.601727936382,51527
2023-10-31,5489.89453125,5579.27167569658,5298.76376082288,5329.703989978184,61686
2023-11-01,5510.70458984375,5670.645617835676,5471.829492940365,5534.208989037059,106552
2023-11-02,5308.2451171875,5576.427217357643,5289.780788021763,5563.352378696654,65382
2023-11-03,5566.74609375,5622.338894229959,5336.191481888727,5336.191481888727,127361
2023-11-06,5574.97998046875,5688.011620407538,5539.847655503298,5574.181717903992,39413
2023-11-07,5929.994140625,5963.2794466841015,5589.202315235999,5619.693215073388,203304
2023-11-08,5982.19287109375,6154.061030559758,5938.5769383531715,5957.490593961809,179020
2023-11-09,6157.404296875,6212.947383644229,6003.501914317798,6030.2500442129995,133277
2023-11-10,6092.779296875,6237.450005990985,6060.44186650967,6163.093653411366,71893
2023-11-13,6187.34716796875,6237.949610142148,6116.184833752173,6195.581261454137,50798
2023-11-15,6546.60302734375,6665.7727132298105,6223.027926516941,6223.027926516941,188798
2023-11-16,6833.79833984375,6961.551543801688,6568.660635503693,6591.017348728372,380849
2023-11-17,7376.25,7484.540795615993,6866.7343210878835,6926.618632027603,556689
2023-11-20,6943.08740234375,7817.797547011066,6813.437955706996,7485.539497962786,546444
2023-11-21,6930.7109375,7184.969745192597,6848.51962192219,7086.310243836857,160148
2023-11-22,6636.4296875,7032.464428835087,6553.040973853656,6986.503412038952,110689
2023-11-23,6733.34228515625,6911.647727992386,6507.5285236460295,6637.177962620847,109601
2023-11-24,6773.31494140625,6836.792410746246,6648.156824522736,6750.958228655125,112024
2023-11-28,6654.09521484375,6825.264534534793,6627.196983956395,6825.264534534793,80274
2023-11-29,6523.7470703125,6707.042869111254,6478.883545470853,6687.18133665431,86331
2023-11-30,6276.7744140625,6579.938760431082,6067.279215060452,6542.311741367985,930123
2023-12-01,6176.81787109375,6258.709480855576,6113.190783348692,6223.0284081201125,146972
2023-12-04,6021.4677734375,6298.033598808389,5988.431495552409,6298.033598808389,174187
2023-12-05,5926.201171875,6083.24787359398,5897.955933698075,6023.363563107411,144363
2023-12-06,6261.80322265625,6387.660187251142,5987.882680936523,5987.882680936523,199165
2023-12-07,6282.064453125,6337.756671141789,6209.0053938855235,6261.803300811799,68352
2023-12-08,6286.4052734375,6333.763977788166,6238.947151773373,6332.765905935378,72026
2023-12-11,6592.46484375,6637.178270849274,6209.005416985463,6337.008140780414,87251
2023-12-12,6516.51123046875,6726.006421297322,6437.563647034831,6637.178023687074,72697
2023-12-13,6478.18505859375,6592.414087780112,6440.258328839024,6567.31267858145,42855
2023-12-14,6783.69482421875,6866.734600368423,6637.178065763083,6712.033457482216,192257
2023-12-15,6871.625,6916.638139327069,6756.946638274785,6825.813598103583,124726
2023-12-18,6848.56982421875,6926.36972666482,6138.142414206368,6337.707092999295,454436
2023-12-19,6748.86181640625,6853.11061408756,6669.165683234893,6848.5690948527645,80665
2023-12-20,6499.79345703125,6788.136323559061,6387.659984676051,6755.948505667529,114621
2023-12-21,6546.60302734375,6626.149551704417,6298.931585956602,6417.602235898969,101276
2023-12-22,6582.18359375,6707.192086270743,6527.339840932172,6641.718478947619,69091
2023-12-26,6780.05224609375,6811.840934589798,6583.931111493473,6588.172917203657,83150
2023-12-27,6742.17578125,6852.512439562981,6687.680955718804,6840.236349605541,51537
2023-12-28,6784.79296875,6866.734770381966,6754.950715980399,6786.88901723799,70291
2023-12-29,6714.52880859375,6776.908303285256,6661.181669797653,6776.908303285256,50371
2024-01-01,6764.98095703125,6799.814055750559,6715.976017263792,6768.274886661389,40189
2024-01-02,6665.97265625,6853.510270183726,6590.268804605255,6803.856192790251,73311
2024-01-03,6694.8662109375,6751.956116123561,6577.293541057541,6715.47678466711,200360
2024-01-04,6720.716796875,6796.869486197065,6667.120142114008,6736.985173543347,92613
2024-01-05,6690.57470703125,6806.850078608656,6651.250773253284,6774.662261154825,69701
2024-01-08,6609.33203125,6824.815657148276,6567.313106761576,6683.139155904636,139096
2024-01-09,6807.9482421875,6835.395219065099,6630.84019099959,6676.102848518423,142430
2024-01-10,6862.4931640625,6908.653991439571,6732.444584788,6855.756178445306,83806
2024-01-11,7332.8837890625,7352.695613289138,6830.853634925643,6911.647748305649,363134
2024-01-12,7295.40625,7375.751034612491,7206.078818660647,7375.751034612491,120681
2024-01-15,7135.7646484375,7305.886196123308,7072.038148470195,7305.886196123308,102848
2024-01-16,6949.923828125,7199.541699370998,6928.565187652732,7181.12707850064,109845
2024-01-17,6763.982421875,6924.622275980558,6714.628062859533,6906.656983249562,147890
2024-01-18,6900.46923828125,6932.557639417211,6662.379383853003,6763.883490003906,121064
2024-01-19,6924.623046875,6976.2732692266545,6887.694385483479,6954.315686777642,68551
2024-01-23,6830.35498046875,7036.40712592192,6777.70668601593,6986.503529284176,111155
2024-01-24,6611.22802734375,6874.71899944803,6592.2646619271545,6834.047570988752,111534
2024-01-25,6495.6015625,6684.686479589055,6442.20471565285,6684.686479589055,161021
2024-01-29,6429.77880859375,6595.25893003182,6399.636843124096,6559.72747392144,58998
2024-01-30,6343.24560546875,6518.906250038414,6337.756210325948,6437.56339474053,97648
2024-01-31,6444.89990234375,6477.536562191086,6317.795344044188,6337.756782729952,76568
2024-02-01,6329.671875,6496.649590730298,6308.762561793056,6496.649590730298,94117
2024-02-02,6438.1123046875,6453.383096699035,6262.900982883151,6337.756373116814,91210
2024-02-05,6618.61376953125,6654.6442618779165,6403.629183983309,6477.486503125261,89344
2024-02-06,6718.271484375,6756.946770543176,6612.475862856894,6677.101018454039,58331
2024-02-07,6895.12939453125,6911.647288059955,6688.079202496716,6796.869029846685,143280
2024-02-08,6897.2255859375,6984.307359368155,6837.790599122181,6893.632916962914,63237
2024-02-09,6877.4140625,6923.724500021954,6799.314938298266,6895.12983827739,50897
2024-02-12,6784.89306640625,6976.52287940272,6762.935483667071,6881.656336185966,50197
2024-02-13,6912.64599609375,7025.178603090511,6737.983413171947,6760.939066927384,182210
2024-02-14,7006.564453125,7134.217748213921,6886.695923709577,6913.394346312364,159850
2024-02-15,6752.7548828125,7084.164960247922,6718.022174513678,7084.114764247433,104756
2024-02-16,6677.69970703125,6841.732915256347,6604.241520413763,6819.725138263524,88202
2024-02-19,6613.42431640625,6807.848530462273,6588.372613878239,6776.708491786369,55827
2024-02-20,6581.03662109375,6695.914794783569,6538.369047171208,6639.9228634663805,67597
2024-02-21,6675.00537109375,6734.889688759042,6610.230598287092,6656.940171130089,56329
2024-02-22,6817.67919921875,6864.73818951404,6692.071759332893,6708.0906176016515,106298
2024-02-23,6859.19970703125,6906.657832897968,6818.827502074988,6872.224350927595,48994
2024-02-26,6798.1669921875,6955.563127018793,6787.8870464707725,6906.657603525621,44813
2024-02-27,6837.04248046875,6873.921434523446,6762.885928381021,6851.1651013101355,30713
2024-02-28,6760.29052734375,6921.579046858103,6737.983522494992,6864.738656157689,25669
2024-02-29,6717.2734375,6847.322011763777,6688.079834283644,6811.7910418235715,51176
2024-03-01,6864.38916015625,6915.091505483339,6737.983450483965,6811.591253694332,49454
2024-03-04,7274.34716796875,7385.632185269693,6842.0324201999065,6909.701500358194,414758
2024-03-05,7745.1875,7804.9222002409015,7207.17704122238,7334.830338819743,533030
2024-03-06,7204.38232421875,7768.742284675086,6961.551621725868,7745.187689963724,505717
2024-03-07,7498.61376953125,7580.455661840575,7127.231133913297,7204.381893556787,227768
2024-03-11,7716.4931640625,8070.409565245015,7535.5926281113925,7549.416021705824,528731
2024-03-12,7649.52197265625,8004.536328704399,7461.585236084051,7775.578741159288,378825
2024-03-13,7332.08544921875,7979.584572605602,7241.560135991991,7723.42952553832,404359
2024-03-14,8129.14599609375,8353.81207780705,7286.024760237456,7332.085680863333,404594
2024-03-15,8838.42578125,8971.668380967336,8087.775801778977,8254.054679118908,769363
2024-03-18,8527.6767578125,9272.088324545874,8443.688614172022,8882.889976525268,565419
2024-03-19,8590.50390625,8907.64123939272,8488.650867992474,8662.26566277158,540528
2024-03-20,8487.953125,8827.996446396728,8384.802774866814,8763.072058484779,247307
2024-03-21,8881.591796875,8951.706343719272,8545.491104351033,8653.28286320059,306195
2024-03-22,9304.025390625,9400.78864730957,8781.834025942802,8842.916215504989,482996
2024-03-26,9283.0166015625,9430.780944550252,9182.261053006912,9282.068238365682,316702
2024-03-27,8873.607421875,9331.92221660564,8765.017398044216,9288.007054604404,250547
2024-03-28,8764.818359375,9063.441682175533,8651.687293553498,9063.441682175533,275152
2024-04-01,8709.2255859375,9031.553118664648,8634.320480668346,8932.743995142955,176735
2024-04-02,8801.248046875,8901.803796680535,8639.011644978278,8718.158556340899,179563
2024-04-03,8758.580078125,8822.955716554612,8686.219864386288,8783.032840009117,104092
2024-04-04,8648.2431640625,8817.865675642257,8604.377709835635,8817.865675642257,101370
2024-04-05,8641.705078125,8859.88317906585,8613.409158392622,8705.332154013864,146659
2024-04-08,8708.177734375,8783.033130372492,8553.825517956317,8713.017993444317,146164
2024-04-09,8692.4580078125,8835.032193985202,8634.769644852904,8763.071597278038,109236
2024-04-10,8617.5517578125,8782.03379603799,8584.415579011564,8752.540969190399,74044
2024-04-12,8511.7568359375,8729.735150592098,8414.744053878236,8686.818059580739,104258
2024-04-15,8586.0126953125,8663.862301320494,8240.380601010353,8405.76130511966,148794
2024-04-16,8446.3828125,8661.616421445771,8384.801584619086,8586.012479053807,104206
2024-04-18,8492.7939453125,8691.210452014197,8441.692467057428,8506.916078453276,207373
2024-04-19,8510.4599609375,8552.428690811683,8391.788818154311,8454.267731329139,96371
2024-04-22,8501.078125,8663.11472175493,8484.60993726152,8663.11472175493,144074
2024-04-23,8625.7861328125,8820.559266773955,8482.212914415517,8577.828976035064,211017
2024-04-24,8777.392578125,8807.235315611253,8583.417708502908,8723.147764222722,147750
2024-04-25,8784.6298828125,8832.88724748808,8685.2223042287,8783.382292846942,101575
2024-04-26,8767.76171875,8832.836196399334,8738.11879073758,8783.032022671698,55519
2024-04-29,8825.3515625,9008.547469045112,8790.718271833259,8812.975080781984,85032
2024-04-30,8950.8583984375,8989.633099708539,8825.450281355917,8912.631467065268,138795
2024-05-02,8860.6826171875,8979.652983923315,8783.032817441945,8971.967635272133,103135
2024-05-03,8982.546875,9042.53060092462,8874.953954110739,8921.763911883574,109813
2024-05-06,9008.99609375,9081.30561919404,8783.032238115753,9081.255910537686,96286
2024-05-07,8634.0703125,9008.996403945752,8583.418164610006,8932.74332247204,112997
2024-05-08,8667.1572265625,8715.762549830912,8503.572847292617,8634.070752196785,87692
2024-05-09,8696.05078125,8895.415652839845,8634.320421145223,8667.157378102465,159916
2024-05-10,8845.3134765625,8882.840593016186,8572.988952900267,8815.969770574378,69609
2024-05-13,8658.822265625,8902.801130556949,8621.34486163127,8882.740275728755,74460
2024-05-14,8581.123046875,8758.629746017357,8515.14990888288,8662.266098140117,89280
2024-05-15,8339.291015625,8619.050396819306,8284.99551001469,8583.319614853839,244363
2024-05-16,8283.7470703125,8433.707369997966,8189.179759861931,8429.515273174007,243044
2024-05-17,8966.12890625,9081.406206859096,8345.87694972515,8351.964798240475,479075
2024-05-21,9429.0830078125,9480.683511998872,8858.685005169342,8952.703558546149,320496
2024-05-22,9926.7236328125,10036.06221378064,9501.694132269997,9501.694132269997,441083
2024-05-23,10094.9482421875,10230.236689521305,9920.834409155295,10030.622315091621,277369
2024-05-24,9988.0048828125,10429.851514641412,9915.195341657145,10130.429940058404,319376
2024-05-27,9668.1728515625,10081.324929029048,9633.939178710529,10052.481234563646,244541
2024-05-28,9375.6376953125,9742.080174853947,9329.576288313468,9741.181520292748,228167
2024-05-29,9222.0341796875,9480.635191663745,9152.319247916263,9401.63741155499,214104
2024-05-30,9156.0625,9636.384623245673,9088.942161738656,9260.111500204388,454441
2024-05-31,9352.43359375,9781.105513980045,9206.366147706465,9469.707052718639,3479937
2024-06-03,9841.2890625,10090.507833704583,9599.406705240486,9799.969466861183,324563
2024-06-04,8688.814453125,9980.719126765347,7873.040765170675,9980.719126765347,363871
2024-06-05,8945.517578125,9065.186774730177,8441.241809967838,8900.554639254899,217466
2024-06-06,9114.09375,9182.261868719897,8853.09793710106,8922.763163734335,241713
2024-06-07,9277.0791015625,9331.973060743343,9116.389511960395,9182.112162307772,92975
2024-06-10,9313.3076171875,9441.759658642144,9264.152578795522,9370.797140297314,57838
2024-06-11,9511.6748046875,9676.306957607674,9332.071573441992,9381.725649887683,110610
2024-06-12,9381.5771484375,9584.484981911719,9232.165581868521,9584.484981911719,94537
2024-06-13,9720.5712890625,9820.977908246354,9461.571627823972,9461.622311163268,123463
2024-06-14,9879.0654296875,9952.77264711506,9682.29517144637,9848.923464400317,108116
2024-06-18,10033.6171875,10205.285560746792,9960.757936063861,10205.285560746792,153806
2024-06-19,9848.923828125,10189.664990931566,9731.250760913594,10080.526218232735,102267
2024-06-20,9776.8134765625,9909.856270942379,9714.234171123191,9909.856270942379,71977
2024-06-21,10017.5986328125,10107.375401258012,9713.785135922108,9801.066724447955,118876
2024-06-24,9981.9169921875,10069.248284408384,9819.53049731629,9970.788100506941,73933
2024-06-25,9973.9814453125,10167.35786489865,9880.861537294148,9955.766634177287,73289
2024-06-26,9889.6943359375,9990.649695310964,9821.027186318663,9970.787675255426,56554
2024-06-27,9813.6923828125,9974.281572039616,9791.085663656064,9888.896713099315,69297
2024-06-28,10001.478515625,10099.888987952832,9782.102510997876,9876.919339744412,189308
2024-07-01,10079.12890625,10129.28202124912,9905.864007289067,10054.626435052027,115824
2024-07-02,10997.853515625,11168.424390604452,10181.531105877304,10200.294662375112,720096
2024-07-03,11453.97265625,12515.073197217109,10704.321234535837,11131.496012007292,427607
2024-07-04,12155.7880859375,12365.239094404742,11706.073118234013,11985.74039409626,248372
2024-07-05,12146.19921875,12446.092415107423,11821.43522227574,12385.264395777043,145570
2024-07-08,12203.1318359375,12285.383587109902,11935.849246801114,12224.206372092789,89757
2024-07-09,12041.4736328125,12325.336106786646,11886.907525638655,12245.530663551908,68974
2024-07-10,12347.4599609375,12650.948493866974,11785.97759573901,12081.62584729314,78031
2024-07-11,12237.7890625,13282.196814609699,12093.810953890526,12590.020367585746,238453
2024-07-12,11982.34375,12502.32569323996,11855.894582107332,12354.301607926334,138528
2024-07-15,11998.82421875,12235.3436052091,11689.093106532306,12119.331238262528,62556
2024-07-16,11766.9501953125,12165.375573605024,11700.179051880707,12142.203923858977,80305
2024-07-18,11292.3154296875,11901.091163663092,11116.82401810256,11736.037529472005,118522
2024-07-19,10856.333984375,11396.641364297753,10705.91333370532,11292.315287977335,90784
2024-07-22,10898.43359375,11126.761541872149,10603.384248520175,10809.488637907436,80249
2024-07-23,10709.208984375,11161.720416562948,10437.581955533138,11034.671377009452,70596
2024-07-24,10551.2958984375,10884.500045057961,10447.569700321206,10736.775414105818,70257
2024-07-25,10182.5361328125,10553.694172020942,9969.189367503252,10487.522896601906,118953
2024-07-26,10953.767578125,11435.394758309503,10187.928733602876,10187.928733602876,205308
2024-07-29,10872.1142578125,11284.873160863748,10677.296245899197,11175.053627875344,160843
2024-07-30,10852.8876953125,10986.878671577988,10742.069344970716,10916.012788207408,56154
2024-07-31,10770.5869140625,10884.051537637148,10636.94512284463,10863.076491083933,120606
2024-08-01,10707.2109375,10837.106195015154,10647.232494146234,10836.107383384277,28417
2024-08-02,10623.7099609375,10906.973531655065,10588.652061993154,10588.652061993154,55081
2024-08-05,10312.580078125,10422.599571573663,10088.346862617736,10337.700581292516,82274
2024-08-06,10172.896484375,10837.106220468213,10098.135823789062,10387.640985517919,113696
2024-08-07,10206.6064453125,10595.443621648385,10126.402065708266,10587.403383027522,97568
2024-08-08,10266.7353515625,10347.688841871448,10068.071321377733,10206.606694292845,101780
2024-08-09,10321.3203125,10431.58951561795,10265.836517002801,10314.728545364474,29541
2024-08-12,10172.896484375,10277.472257453832,10106.126316854845,10237.868986035752,40147
2024-08-13,10051.94140625,10331.658426320355,9988.116948786437,10317.72480809639,29943
2024-08-14,10150.4736328125,10182.885267513391,9955.705351580022,10088.996967842351,82543
2024-08-16,10484.9755859375,10497.510477107116,10137.938281887464,10231.727086301393,47832
2024-08-19,10374.90625,10580.162042859034,10287.759934053767,10567.427194396976,31244
2024-08-20,10452.6630859375,10503.153793609677,10238.817908427398,10374.905991543506,25902
2024-08-21,10242.36328125,10487.472037657128,10187.878303637895,10487.472037657128,27442
2024-08-22,10383.146484375,10487.472556064795,10241.86438171778,10317.72432144618,31174
2024-08-23,10610.1767578125,10683.289969512989,10388.640517287266,10481.030599764823,57001
2024-08-26,10509.9951171875,10727.18689584902,10487.521856067355,10672.302003055209,36537
2024-08-27,10442.1259765625,10726.238141026928,10387.640996990414,10497.560022267593,74214
2024-08-28,10385.693359375,10575.417828782685,10291.50561516052,10467.546169781124,32638
2024-08-29,10395.283203125,10536.314637875,10142.933031534607,10385.644279851978,67802
2024-08-30,10716.25,10922.005196197222,10395.282272209446,10477.53401994594,161562
2024-09-02,11054.896484375,11117.672378392672,10614.870231062578,10716.24960800474,68919
2024-09-03,10863.923828125,11187.738751878518,10787.165544940543,11161.719904139867,39011
2024-09-04,11027.330078125,11078.019768451437,10700.867910948913,10752.756370314204,32362
2024-09-05,10867.419921875,11151.082429847462,10788.164607783636,11027.330251927437,40228
2024-09-06,11019.7392578125,11181.696964887704,10793.608874509684,10867.021534350617,69775
2024-09-09,10868.568359375,11030.87524338901,10794.00668372717,10986.927533255985,55312
2024-09-10,10802.34765625,11086.809011297304,10737.224943373516,10895.836033968257,50267
2024-09-11,10992.271484375,11137.748792446288,10750.759020679192,10815.132627083527,71231
2024-09-12,11100.9931640625,11285.423158775073,10897.035620341061,11041.913061991216,54649
2024-09-13,11092.9013671875,11236.630749783295,11011.898134787629,11076.820890230822,64456
2024-09-16,10754.50390625,11182.095735886658,10666.309037373087,11181.646075587912,40540
2024-09-17,10779.5244140625,10901.979306382114,10704.36383814365,10824.022252951334,46589
2024-09-18,10728.4853515625,10867.02071883065,10498.109060427625,10867.02071883065,26661
2024-09-19,10852.587890625,10936.987474331025,10592.397458016485,10592.397458016485,32680
2024-09-20,11077.6201171875,11286.272262247208,10836.906508137066,10870.467165013517,72953
2024-09-23,11009.4013671875,11146.737968501928,10887.046940561919,11078.918267582949,31385
2024-09-24,11394.09375,11541.268251825932,10987.92661517413,11006.753824022162,76217
2024-09-25,11628.0654296875,11710.467388625557,11440.38833547264,11440.38833547264,56254
2024-09-26,11748.671875,11785.327481078903,11339.008899494343,11684.89716791493,48681
2024-09-27,11721.9033203125,12109.642198181598,10961.058545417369,11747.473483810762,178172
2024-09-30,11516.1484375,11816.441558705554,11386.45313124917,11721.903643205029,66311
2024-10-01,11524.0390625,11666.120019067843,11347.649316071125,11514.300648956685,23753
2024-10-03,11369.1240234375,11421.411424098867,11236.631265510472,11292.265270501004,30260
2024-10-04,10936.888671875,11329.071502355835,10892.041636187829,11287.571071119546,38505
2024-10-07,10752.755859375,10936.937105733701,10336.750834394328,10852.08786654261,63727
2024-10-08,11260.00390625,11430.400787528579,10488.52137974813,10488.52137974813,57538
2024-10-09,11224.4951171875,11381.209055322599,11134.502577632024,11338.709814671281,41842
2024-10-10,11283.8251953125,11405.131068320781,11208.66461676929,11397.440023342931,37444
2024-10-11,11305.0,11378.712105243678,11194.681057347858,11292.564599783625,35271
2024-10-14,11284.6728515625,11327.472513498673,11136.749245024786,11304.54959239377,25901
2024-10-15,11372.9189453125,11523.689756813954,11113.477622918532,11221.698473494547,57277
2024-10-16,11508.7080078125,11556.251053272761,11267.494988852659,11429.552182750109,44067
2024-10-17,11160.6708984375,11556.250031353442,11011.947463361554,11406.428293695444,36451
2024-10-18,11408.2275390625,11441.487774347435,10849.342634715533,11161.721000984702,44420
2024-10-21,11251.513671875,11610.985397092745,11163.867950166825,11408.22663348295,48933
2024-10-22,10790.9609375,11320.481315483366,10597.391437890188,11320.481315483366,45244
2024-10-23,10851.5400390625,10956.914674091435,10517.48726876477,10767.140449868708,45353
2024-10-24,10413.111328125,10986.928647007338,10358.37664230941,10827.11877577814,43924
2024-10-25,10452.4140625,10512.492975461193,10173.196451282052,10495.913091665461,55998
2024-10-28,10282.1669921875,10542.506662310214,10197.866899158049,10487.52227631337,46883
2024-10-29,10325.564453125,10387.64098629524,10049.642739426532,10242.26414814917,38926
2024-10-30,10533.017578125,10652.775480317621,10203.559958746993,10287.759582384564,40029
2024-10-31,10217.8427734375,10507.498140426442,10160.061911942043,10507.498140426442,66012
2024-11-01,10386.392578125,10521.0819380938,10242.86314986979,10387.641092679409,8819
2024-11-04,9875.900390625,10357.726544823801,9818.318508903843,10357.726544823801,105712
2024-11-05,10005.595703125,10093.94078864128,9668.496771275268,9874.351462164037,118162
2024-11-06,10198.7158203125,10257.795921158464,10040.554381445518,10138.388180272512,49794
2024-11-07,10205.0087890625,10264.53757294481,10093.491078735377,10256.796782695916,52367
2024-11-08,10137.5390625,10251.803513646917,10108.973437414306,10222.837973711632,29611
2024-11-11,10191.224609375,10337.700730171522,10063.42743719174,10193.222232704502,48098
2024-11-12,10007.79296875,10312.72996079111,9939.174415480129,10273.826053170975,30955
2024-11-13,9676.8369140625,10084.902213176341,9619.105793058736,10038.05755442819,44513
2024-11-14,9996.65625,10119.959744573853,9723.431515340155,9723.431515340155,58802
2024-11-18,9714.8427734375,10229.92920082432,9647.572218370451,9996.656917021051,68157
2024-11-19,9971.6357421875,10013.086424142804,9709.098499771135,9788.353811132118,49414
2024-11-21,9961.6474609375,10030.016309820585,9787.35483729148,9962.146866735913,63353
2024-11-22,10025.0234375,10108.973367061571,9912.357671133466,9961.64863910568,38815
2024-11-25,9950.111328125,10395.331594995907,9889.233566548184,10093.690494390155,144161
2024-11-26,10221.138671875,10272.77742728506,10035.809372387308,10048.144305632159,51239
2024-11-27,10279.470703125,10342.695289485868,10173.896109966494,10238.769125814855,28376
2024-11-28,10880.404296875,10946.975482281603,10248.855897297855,10294.751486850044,176967
2024-11-29,10668.5068359375,11129.70809997298,10615.520074749173,10936.987203440185,109191
2024-12-02,10528.1240234375,10874.761398803776,10499.1077657453,10668.506800627038,59868
2024-12-03,10467.0966796875,11583.218979506124,10302.39321994117,11487.283313330898,576972
2024-12-04,10660.666015625,10727.237202765722,10415.607965590405,10727.237202765722,130932
2024-12-05,10813.6337890625,10847.093977667644,10515.338314515859,10632.448974633864,82301
2024-12-06,10795.455078125,10852.187381172724,10697.272094226631,10842.099774307198,47593
2024-12-09,10949.873046875,11062.888004155118,10717.299160033297,10787.166232704229,141022
2024-12-10,10780.125,10976.940651635214,10705.76327338963,10951.970358979082,56675
2024-12-11,10851.0400390625,10896.03630889324,10727.237139748226,10767.189605818052,38982
2024-12-12,10656.072265625,10852.089060669303,10607.380195518454,10837.106885251904,40695
2024-12-13,10384.3447265625,10715.201068099088,10328.710725524108,10715.201068099088,78505
2024-12-16,10519.2353515625,10537.463665486208,10342.745125231715,10484.526644228315,30444
2024-12-17,10545.154296875,10623.161099128269,10396.38110166556,10551.246657978283,58531
2024-12-18,10310.3837890625,10537.463234577632,10257.346303560042,10537.463234577632,37144
2024-12-19,10223.13671875,10277.821656761804,10042.851215350354,10151.122788716262,34308
2024-12-20,9775.96875,10307.736475383093,9719.436399414039,10262.789950054388,63347
2024-12-23,9674.240234375,9931.085048175648,9518.725060641193,9930.635387839018,71580
2024-12-24,10166.8544921875,10213.848387330434,9608.568500500563,9693.168046099934,139078
2024-12-26,10203.0107421875,10235.821313203409,10053.837643955798,10079.007891445706,37665
2024-12-27,10171.1484375,10437.581437348095,10087.997370068495,10203.010918364273,33851
2024-12-30,9516.02734375,10203.60964199899,9398.866937699151,10191.87360565379,129804
2024-12-31,9771.673828125,9829.355200958309,9493.704740789644,9518.025414325659,83029
2025-01-01,9852.52734375,9927.638171291044,9738.413118236307,9738.413118236307,25116
2025-01-02,9687.423828125,9897.124515707948,9626.446575873731,9892.429906172873,60149
2025-01-03,9732.62109375,9836.047849476967,9668.697145399714,9758.3902403483,45452
2025-01-06,9468.185546875,9742.609055138197,9438.770347906146,9733.570004541507,66223
2025-01-07,9678.5849609375,9798.39262063275,9468.735010826731,9578.055147566953,145518
2025-01-08,9609.6162109375,9821.31452600017,9498.698377124134,9766.179930244987,70794
2025-01-09,9624.1494140625,9747.303674277511,9514.630298814585,9677.086432994776,61746
2025-01-10,9518.625,9638.532139987534,9403.861154618011,9628.49427827965,53076
2025-01-13,8911.7978515625,9481.719414180732,8844.826747136702,9468.734862154572,122899
2025-01-14,9192.36328125,9280.75811437021,8793.887168957071,8979.217455329033,131119
2025-01-15,9521.9208984375,9559.626037179904,9220.72944880871,9268.872364084704,68886
2025-01-16,9623.7001953125,9751.797785906389,9494.853496001688,9688.472738875013,61156
2025-01-17,9701.8583984375,9803.986899410002,9528.664051615227,9633.539284887722,95797
2025-01-20,9736.9150390625,9778.365721128572,9641.179335824903,9778.365721128572,59302
2025-01-21,9570.462890625,9758.290199221587,9500.696287964693,9738.413457491142,51492
2025-01-22,9289.4970703125,9645.47391620827,9069.209366087753,9592.58664668577,52019
2025-01-23,9547.541015625,9617.757279129808,9231.716578657795,9249.495230843637,36406
2025-01-24,9466.9375,9648.820725211905,9329.301439186056,9588.692064203764,43743
2025-01-27,9298.037109375,9396.370311064986,9001.191068321596,9388.679266305624,49257
2025-01-28,9240.9560546875,9388.829931020666,9090.185234278626,9318.962857889735,41577
2025-01-29,9557.1787109375,9587.542974281054,9244.00152323974,9244.00152323974,42442
2025-01-30,10051.7412109375,10286.761402099846,9771.075131319085,9991.113147412832,343024
2025-01-31,10182.5361328125,10267.784321625484,9989.115856087205,10216.844924699133,315162
2025-02-01,10064.8251953125,10427.69327828959,9852.92788572878,10237.369910518753,100758
2025-02-03,9498.998046875,10003.09847146602,9441.316675259706,10003.09847146602,76427
2025-02-04,9738.1640625,9823.312757218135,9453.902651877455,9544.794513688013,64898
2025-02-05,9642.2783203125,10072.96611469046,9588.592192153308,9791.650412975481,320953
2025-02-06,9104.16796875,9884.23984846407,9014.274922432118,9788.353932391661,497276
2025-02-07,9075.0029296875,9343.883227916502,8940.462801865207,9244.00206032787,243310
2025-02-10,9164.046875,9219.031259642608,9049.083072208992,9129.138213773938,101065
2025-02-11,8805.7734375,9139.126834325818,8759.57839749043,9139.126834325818,114459
2025-02-12,8946.15625,9039.245693548775,8617.297504740229,8811.266927852366,103063
2025-02-13,8796.734375,9079.198121476646,8740.700454817657,8964.33477890571,95399
2025-02-14,8851.869140625,8924.282988387306,8639.721146812959,8859.459719333057,79277
2025-02-17,8609.1064453125,8811.86520178498,8541.08776495222,8791.589521218126,89448
2025-02-18,8598.9697265625,8654.4535204095,8489.899295822817,8609.706952142511,44527
2025-02-19,8773.2626953125,8819.457737337585,8502.983658785035,8569.854298483382,86726
2025-02-20,8925.0322265625,8951.350524901023,8689.661857469193,8713.133932601437,74941
2025-02-21,8839.982421875,8983.311892248319,8740.600663671898,8849.471132457205,70395
2025-02-24,8855.4140625,8894.31797011385,8699.249280734919,8789.542241191584,48361
2025-02-25,8859.55859375,8907.451806189672,8789.542289085237,8854.465044629616,76811
2025-02-27,8713.1337890625,8855.464455072864,8651.706870047501,8842.579394094266,90581
2025-02-28,8700.248046875,8766.569528145374,8472.419508088542,8550.72672871607,157759
2025-03-03,8967.130859375,9019.219276055637,8639.621111042718,8830.79307183984,130495
2025-03-04,9027.66015625,9129.1390358974,8749.291137394466,8868.449179401861,138848
2025-03-05,9227.37109375,9280.058407585944,9042.241747048383,9042.241747048383,114123
2025-03-06,9375.6943359375,9398.8172147829,9229.019241720933,9358.864750533025,110566
2025-03-07,9475.2265625,9513.680810395035,9304.47951864931,9318.862796334482,95337
2025-03-10,9825.41015625,9996.107465460296,9433.826225447745,9468.834380353785,329667
2025-03-11,9753.6953125,9853.177539119866,9564.620460261327,9788.354272197264,116288
2025-03-12,9769.4765625,9898.22377860043,9603.574332113334,9788.35449346965,59512
2025-03-13,10085.15234375,10226.533950369125,9769.477113218927,9847.634131820052,252649
2025-03-17,10076.662109375,10187.57995426215,10013.137099622852,10113.267973164033,65188
2025-03-18,10076.662109375,10076.662109375,10076.662109375,10076.662109375,0
2025-03-19,10298.546875,10317.72425359143,10021.82630488606,10087.997576115531,144527
2025-03-20,10412.0625,10433.986611219192,10209.004282733455,10312.730484418347,92377
2025-03-21,10637.994140625,10686.136083871634,10359.67487240821,10476.535840405873,171161
2025-03-24,10857.3818359375,10907.022968889121,10638.043192767884,10686.335344781615,89375
2025-03-25,10759.8984375,11001.910304775209,10706.561505326037,11001.910304775209,69035
2025-03-26,10968.3505859375,11053.848472568228,10708.309388982816,10737.225181179043,105515
2025-03-27,10922.10546875,11176.702962132225,10838.105794646717,10942.031957315177,153789
2025-03-28,11230.638671875,11271.589951272623,10936.93828873904,10936.988034243263,116147
2025-04-01,11118.37109375,11406.228799131079,11077.17011422223,11317.13460710821,74995
2025-04-02,11181.6474609375,11208.26520803674,11036.96899804076,11118.372153228354,55759
2025-04-03,11280.1787109375,11327.522772681497,11163.717664250164,11176.751961029699,46220
2025-04-04,10974.04296875,11316.286167015827,10900.231373868732,11201.722276941566,55500
2025-04-07,10632.599609375,10795.106458262995,9876.649409896712,10270.78009283043,139771
2025-04-08,10917.759765625,10985.928656506587,10595.393325595225,10866.970586535539,79486
2025-04-09,10860.6279296875,10978.687658622759,10789.363110537422,10917.011040894013,38765
2025-04-11,11303.6015625,11397.440115202286,11077.820376628564,11077.820376628564,91401
2025-04-15,11930.8046875,11970.75715192026,11455.37036089891,11503.313318203223,104614
2025-04-16,12113.5869140625,12160.531058600836,11919.817466393624,11985.739031064479,91692
2025-04-17,12218.462890625,12334.325041799078,12036.679170679463,12113.587667579497,90971
2025-04-21,12460.17578125,12507.119930485973,12255.419385646293,12255.419385646293,60960
2025-04-22,12818.7490234375,12882.672970570116,12514.111462883626,12586.025903407819,86725
2025-04-23,13068.451171875,13139.366796546594,12872.6840953168,12957.583082599693,139212
2025-04-24,13231.2578125,13271.210278152601,12964.575104268892,13132.375460009815,92083
2025-04-25,12741.83984375,13284.194553725407,12625.97769576262,13238.249219178686,107402
2025-04-28,13107.4052734375,13158.344667550531,12700.888932182523,12741.840209802804,108764
2025-04-29,13436.0146484375,13647.76272347978,13134.373522669724,13174.325989658833,202435
2025-04-30,13156.3466796875,13531.89984940831,13059.461952392503,13445.003238329293,94250
2025-05-02,13053.46875,13309.164518612748,12961.578083154793,13134.372489287627,67344
2025-05-05,13175.3251953125,13208.285981564135,12884.670989275359,13085.432141898951,56819
2025-05-06,13172.328125,13610.806442172809,13090.425569172732,13224.266331134364,115661
2025-05-07,13279.201171875,13334.135813804533,12985.550540469867,13084.432895943024,74022
2025-05-08,13102.4111328125,13406.049872283074,13074.44440680863,13379.0819579222,75039
2025-05-09,13470.97265625,13497.94057066527,12984.551385130126,12997.535936515254,225129
2025-05-12,13273.2080078125,13744.647106291506,12994.53955765224,13742.649482992865,216720
2025-05-13,13575.84765625,13633.77873071016,13274.206544405717,13285.193472320574,119398
2025-05-14,13707.6904296875,13827.547821961072,13562.862747356934,13643.766487141595,150753
2025-05-15,13863.505859375,13933.422675668678,13614.801755701774,13883.482092601766,101999
2025-05-16,14008.3330078125,14321.959857327874,13863.505322526738,13918.439961773061,220490
2025-05-19,13687.7158203125,14275.017112077223,13658.75028041254,14275.017112077223,169360
2025-05-20,13472.970703125,13833.541718309827,13059.462669090324,13755.63440754967,216542
2025-05-21,14175.134765625,14288.999292350003,13250.23518889383,13482.958300533532,751167
2025-05-22,14990.1650390625,15053.09017215558,14133.184655032941,14171.139497216069,592960
2025-05-23,15315.7783203125,15371.71177446259,14844.33920676173,15022.12768602452,399001
2025-05-26,15866.123046875,16030.926968986072,15342.745742716203,15371.711280541784,380347
2025-05-27,15871.1171875,16006.955572490559,15641.390507001259,15853.138577721837,292981
2025-05-28,16093.8525390625,16185.74321327548,15835.160314919436,15873.115158616101,329888
2025-05-29,16229.69140625,16280.630803241738,15922.057400888132,16179.750820963984,236598
2025-05-30,16084.8623046875,16285.623440010537,15931.045315435023,16285.623440010537,275874
2025-06-02,16274.63671875,16320.582053785136,16037.918362155931,16131.8066554886,136870
2025-06-03,16599.25,16796.015885432334,16292.614838437932,16328.57205608039,224764
2025-06-04,16789.025390625,16858.942207648244,16549.31058940244,16680.15491840309,182148
2025-06-05,17002.76953125,17028.7386323375,16790.022664648564,16869.92759107164,118708
2025-06-06,16503.36328125,17108.643082039052,16380.509460297766,17052.709635101448,202272
2025-06-09,16807.00390625,17004.76861614704,16526.337828062788,16579.27484636856,155779
2025-06-10,16886.908203125,16978.79887294741,16705.124486737186,16878.917710096965,137287
2025-06-11,16567.2890625,17014.75668774869,16450.42809787032,16928.858884687557,144415
2025-06-12,16632.2109375,16809.000592552697,16513.3523558544,16630.213314279066,143997
2025-06-13,16829.9765625,16900.89219074555,16035.92128848294,16432.449519658756,146409
2025-06-16,16988.7890625,17009.764109258336,16740.084936651187,16869.930464202775,124749
2025-06-17,17134.61328125,17279.440965644128,16954.827190277978,17029.73806151632,188113
2025-06-18,17077.681640625,17217.5152720256,16963.817112198794,17209.52477880271,98840
2025-06-19,16861.939453125,17237.492659757805,16758.06303426912,17070.69110255653,96457
2025-06-20,16975.802734375,17002.770648815345,16582.27094587513,16946.837196642777,193662
2025-06-23,17035.73046875,17143.60212040484,16889.903976698082,17029.73759921362,136814
2025-06-24,17076.68359375,17169.573081626164,16868.930760650626,17169.573081626164,117870
2025-06-25,16979.796875,17194.541364889705,16769.047631433823,17076.68159834559,123554
2025-06-26,17245.482421875,17347.36121296913,16912.878133302987,17049.715333105887,135647
2025-06-27,17463.22265625,17773.85307526703,17130.618381225333,17269.453198728123,634965
2025-06-30,17577.0859375,17798.82210513979,17444.243999229315,17550.118025219486,273856
2025-07-01,17175.564453125,17627.027301043847,17155.5882209162,17627.027301043847,128622
2025-07-02,16918.87109375,17262.462312608848,16760.060036196057,17230.500338761514,151251
2025-07-03,16802.009765625,17094.6615823726,16769.0489808036,17007.76496784345,128590
2025-07-04,16835.96875,16984.79168211616,16730.09471775629,16869.928345247983,80651
2025-07-07,16697.134765625,16923.86501577735,16550.309449447042,16835.969588405515,164158
2025-07-08,16501.25,16827.057491975047,16229.410620192599,16700.13248743262,131320
2025-07-09,16492.255859375,16695.13599144706,16446.283021565567,16504.248773586158,178830
2025-07-10,15894.6083984375,16560.215113311708,15860.628476056536,16540.226923675844,169946
2025-07-11,15410.89453125,15974.561490758755,15370.918151142996,15895.608140047423,176379
2025-07-14,15204.0166015625,15454.868384050647,15159.04317442319,15390.906176563629,173999
2025-07-15,15356.9267578125,15483.851767459915,15204.01710052073,15231.001157689867,131844
2025-07-16,15181.0302734375,15421.887962436738,15161.042083479057,15414.892095951283,88705
2025-07-17,15138.0556640625,15287.967088741274,15105.07515063317,15180.030862972557,78036
2025-07-18,14897.1982421875,15212.012239657583,14867.215956714159,15138.055935490009,154952
2025-07-21,14917.1865234375,15140.054846814597,14842.23080929722,14887.204237781387,179346
2025-07-22,14929.1787109375,15092.08245507211,14887.203513062324,14990.142688803826,69975
2025-07-23,14817.2451171875,14984.146502225292,14770.27287109902,14957.162445961698,112225
2025-07-24,14743.2890625,14869.214660512134,14663.336301857376,14861.219384447872,108336
2025-07-25,14496.4345703125,14791.260368192003,14478.44519959443,14763.276902630558,137270
2025-07-28,14458.45703125,14591.378492863067,14379.503681870809,14500.432229654127,61683
2025-07-29,14462.455078125,14542.4078392507,14351.520622063092,14453.460392498358,123437
2025-07-30,14460.4560546875,14551.402319182389,14405.488532190588,14462.454873687388,122728
2025-07-31,14211.603515625,14487.440545886077,13995.73105715981,14431.473612209917,202685
2025-08-01,13798.8466796875,14197.611061899082,13622.950611343544,14189.615786065266,215027
2025-08-04,14357.5166015625,14421.478808335436,13741.88036137299,13891.79178349706,148641
2025-08-05,14911.189453125,14948.16760391358,14255.57683373827,14417.481169623408,182223
2025-08-06,15005.1337890625,15238.995605143533,14916.186346194072,15005.1337890625,188951
2025-08-07,14887.2041015625,15050.107852136794,14586.381838232055,15011.13088114049,109095
2025-08-08,14453.4599609375,14941.17178924185,14304.547947787196,14941.17178924185,181789
2025-08-11,14882.20703125,15078.091295444816,14332.53180009108,14391.496961251763,156655
2025-08-12,14583.3837890625,14935.175941868833,14516.423350886294,14886.20487514295,85158
2025-08-13,15030.119140625,15123.064222085079,14671.331137999534,14691.319327560843,153070
2025-08-14,15091.0830078125,15135.057024524007,14891.201113669287,15060.101314220301,82095
2025-08-18,14948.16796875,15233.999087227134,14885.205169924617,15191.024478505047,88355
2025-08-19,14690.3203125,15071.09533386625,14598.374638049358,14971.15438337642,90425
2025-08-20,14454.4599609375,14710.308799352768,14392.496570383804,14675.32946597568,83864
2025-08-21,14572.3896484375,14900.195958339942,14423.477635707428,14519.420945922777,102501
2025-08-22,14836.234375,15030.119822541259,14565.394394156281,14569.392032249916,140765
2025-08-25,14645.3466796875,14931.17779408566,14631.354946814861,14923.182518158437,58873
2025-08-26,14224.595703125,14641.349473110466,14096.67128452035,14641.349473110466,192518
2025-08-28,13804.84375,14230.592207069427,13761.869140483603,14191.615235647578,107635
2025-08-29,13786.8544921875,14057.694475325072,13653.933024448395,13805.843273293087,99713
2025-09-01,14037.7060546875,14140.645234783813,13816.836551762402,13871.804075114802,106536
2025-09-02,14009.72265625,14175.624636627907,13977.741551598838,14040.704351380815,74883
2025-09-03,14284.5595703125,14309.544807089791,14022.714288886496,14041.703068837236,61883
2025-09-04,14050.6982421875,14369.509874540998,13801.845275240727,14361.514598494514,113228
2025-09-05,13906.783203125,14180.621406334216,13831.827490567732,14070.686361250224,46037
2025-09-08,13926.771484375,14066.688815398502,13809.840572019646,13907.782703736097,52415
2025-09-09,13873.802734375,14020.71593146138,13826.830487687517,13986.736008325755,59551
2025-09-10,14008.72265625,14141.644116853642,13806.84194164898,13961.750410773524,171973
2025-09-11,13976.7421875,14231.591616017162,13921.774663702181,14111.662473185555,83450
2025-09-12,14394.4951171875,14660.338045825414,13993.731905218314,14076.682894229392,164133
2025-09-15,14475.447265625,14576.387625596564,14196.612013822365,14431.473247419566,88146
2025-09-16,14600.373046875,14670.331710252456,14394.494694649917,14471.449224365117,68821
2025-09-17,14811.2490234375,14900.196470339386,14620.36180592896,14641.349405759742,107634
2025-09-18,14608.3681640625,14787.262458470872,14531.41363518292,14741.289623036319,86314
2025-09-19,14663.3359375,14739.291058223145,14562.395579696871,14603.371368508042,54489
2025-09-22,14455.458984375,14735.293643917657,14391.496776479535,14631.355056087528,58720
2025-09-23,14206.6064453125,14518.42221815369,14091.674349553728,14455.45941786845,109997
2025-09-24,14013.7197265625,14275.565010285176,13991.732718005633,14231.590993171445,78632
2025-09-25,14139.6455078125,14236.588228639317,13992.732312332684,14039.704558506503,82926
2025-09-26,13757.87109375,14181.620719185858,13732.885856401188,14181.620719185858,120026
2025-09-29,13537.001953125,13934.766942223838,13464.045058139534,13866.807094840116,709678
2025-09-30,13318.130859375,13685.913551574458,13232.18164326317,13537.001537613265,263771
2025-10-01,13366.1025390625,13479.035811599817,13196.202925510786,13202.19938245967,89935
2025-10-03,13844.8193359375,14012.720126267212,13591.968740976683,13591.968740976683,240741
2025-10-06,14131.650390625,14181.620865839373,13821.83344429588,13971.744869939002,137175
2025-10-07,14134.6484375,14191.614778512338,14011.721070052323,14171.626588683448,59361
2025-10-08,13998.728515625,14229.592104338455,13931.768080803347,14156.635212667104,58742
2025-10-09,14230.591796875,14291.55577605959,13948.758319333125,14090.674467598892,68468
2025-10-10,14101.66796875,14266.570535358345,14067.688045933735,14244.583526477234,62879
2025-10-13,13991.7333984375,14124.654865722656,13913.779455217635,14045.70151297433,145807
2025-10-14,13967.7470703125,14278.563422549707,13892.79135835819,13991.73289813788,93330
2025-10-15,14043.7021484375,14106.664946284893,13942.761789983744,13991.73285497616,56766
2025-10-16,14026.7119140625,14125.653451610928,13951.756203798539,14043.701875055664,81585
2025-10-17,14049.6982421875,14155.635645350956,13922.773240284114,13991.732493286741,79343
2025-10-20,14075.68359375,14216.600335209723,14044.701898819138,14051.69776541643,45937
2025-10-21,14098.669921875,14131.650435621501,14055.695313053804,14061.691770098621,10143
2025-10-23,14013.7197265625,14194.612842416715,13915.77759753646,14193.613432936858,77806
2025-10-24,14008.72265625,14115.659470419847,13973.7433245122,14091.673642942498,45736
2025-10-27,14010.7216796875,14143.643142231078,13945.760062654923,14070.68624925603,50716
2025-10-28,13844.8193359375,14080.679969972094,13749.875436643912,14010.721307334716,146545
2025-10-29,13951.7568359375,13976.742073824207,13797.847770555381,13880.79876033925,38060
2025-10-30,13892.791015625,13986.735505623472,13819.834124455974,13951.756174241062,45057
2025-10-31,13869.8046875,13990.733233917892,13826.830080095295,13887.794058041505,99109
2025-11-03,14152.6376953125,14186.617617750226,13817.835518352562,13831.827251121038,49738
2025-11-04,13615.955078125,14163.631486141185,13591.9692500367,14081.679906839494,149622
2025-11-06,13368.1015625,13704.90256628009,13342.116915324088,13691.910242692134,75461
2025-11-07,13564.9853515625,13590.969998961058,13219.189659258616,13402.08160056385,62144
2025-11-10,13399.0830078125,13731.886367371057,13304.139106436936,13591.96903902812,147395
2025-11-11,13779.8583984375,14076.683024513504,13223.187298355568,13472.040267692015,305585
2025-11-12,14075.68359375,14236.588525487698,13771.86310152478,13941.762718887567,210558
2025-11-13,13750.875,14136.64705828912,13703.902754560651,14136.64705828912,114341
2025-11-14,13871.8037109375,14007.723401476946,13691.910002870587,13781.856856904044,99365
2025-11-17,13901.7861328125,14065.689290668808,13813.838096889604,13971.74479775117,105557
2025-11-18,13761.869140625,13961.751045354486,13642.939407310958,13901.78647393564,90160
2025-11-19,13800.845703125,14056.69453359788,13668.92364991242,13991.732916485626,175913
2025-11-20,13942.76171875,14051.697352564332,13778.858563286234,13866.806597925328,104582
2025-11-21,13749.8759765625,13975.74252480375,13721.892510408717,13946.759649144475,74990
2025-11-24,13359.1064453125,13781.85665301559,13310.135381063206,13781.85665301559,148239
2025-11-25,13259.166015625,13443.057366109284,13233.18136827396,13347.114052813136,79357
2025-11-26,13452.0517578125,13539.99979307903,13292.146239146081,13340.117894746007,50316
2025-11-27,13345.115234375,13581.975289085318,13282.152435021624,13519.012489731944,61893
2025-11-28,13264.1630859375,13371.099904065537,13130.242210898648,13371.099904065537,103574
2025-12-01,13240.1767578125,13397.084045778725,13193.204512370381,13321.128925489344,85807
2025-12-02,13299.142578125,13332.123092521791,13152.229377630194,13277.155568527138,89898
2025-12-03,12827.4208984375,13355.109113036253,12777.450423570193,13302.140409676907,114964
2025-12-04,12933.3583984375,12981.330054656108,12694.499526849017,12871.39500915513,83946
2025-12-05,12811.4306640625,12943.352720982404,12693.500340452281,12928.361578150596,50887
2025-12-08,12428.65625,12792.441299453201,12363.694634026215,12792.441299453201,82748
2025-12-09,12580.56640625,12608.549871405306,12202.789626653359,12307.72762098576,127407
2025-12-10,12448.64453125,12658.520522865487,12404.670513959136,12580.566583122592,66901
2025-12-11,12450.6435546875,12505.61107720378,12372.689613664412,12459.638240190163,67648
2025-12-12,12296.734375,12510.608006034623,12177.804645592898,12510.608006034623,81198
2025-12-15,12188.7978515625,12307.727578057738,12169.809071701915,12286.739979264461,42663
2025-12-16,11910.9619140625,12192.795381067503,11843.002070954912,12188.797743237645,82093
2025-12-17,11808.0234375,11972.926007723234,11752.056504575752,11922.955531898011,62325
2025-12-18,11765.048828125,11840.004541861781,11639.12322904721,11820.016351531973,119304
2025-12-19,11903.966796875,11952.937863372093,11716.077807049418,11840.004587572676,132829
2025-12-22,12612.5478515625,12664.517145404121,11843.002538907736,11967.928726027016,189388
2025-12-23,12537.591796875,12682.506169975588,12439.649668848397,12682.506169975588,130163
2025-12-24,12477.6279296875,12700.49625394223,12445.64682486171,12492.61907257459,107064
2025-12-26,12429.65625,12728.479697676288,12402.672192851973,12521.601926208088,129532
2025-12-29,12323.71875,12550.584710283027,12242.76657915011,12508.609510583083,104608
2025-12-30,12020.8974609375,12352.701414797764,11817.017923023363,12352.701414797764,819536
2025-12-31,12244.765625,12358.698312010285,12121.838252173115,12186.79987195968,175391
2026-01-01,12158.81640625,12340.70894167146,12057.876043186441,12327.716617712786,85262
2026-01-02,12328.7158203125,12348.704010682657,12122.83745949989,12190.79730675842,70737
2026-01-05,12723.482421875,12913.37022802976,12242.766449451634,12327.716257468237,231189
2026-01-06,12848.408203125,12862.39993576686,12577.56823555757,12741.471389362214,95209
2026-01-07,13320.1298828125,13509.018279259946,12805.433987730834,12848.40859644639,232632
2026-01-08,13444.056640625,13730.887168119749,13345.115099781862,13381.093841906639,301679
2026-01-09,13183.2109375,13703.903295807748,13067.279433538966,13447.055049963043,211884
2026-01-12,13034.298828125,13312.134671877397,12920.36614399632,13192.20553068931,124260
2026-01-13,12688.5029296875,13167.22007708198,12544.5879626211,13035.29802393778,149946
2026-01-14,12867.3974609375,12963.340774044296,12592.55984526699,12653.523825470267,166944
2026-01-16,12827.4208984375,13086.267958250146,12677.50947383558,12960.342361584533,145658
2026-01-19,12917.3681640625,13171.218184462645,12827.421306440401,12926.362849824709,132135
2026-01-20,12588.5625,12993.323361583043,12520.60265163544,12945.35170391394,104387
2026-01-21,12531.595703125,12590.560863543244,12342.707307886893,12570.572673570958,104047
2026-01-22,12893.3818359375,12989.325147018037,12563.576704098157,12563.576704098157,137703
2026-01-23,12650.525390625,12959.342924651159,12615.546058291939,12943.352372727473,84340
2026-01-27,12758.4619140625,12902.376884736557,12550.584734199974,12686.504428725471,106267
2026-01-28,13907.7822265625,13971.744432835854,12793.440664143904,12795.439483089945,294069
2026-01-29,13319.1298828125,13991.732449866811,13202.198975910042,13981.738355259764,214858
2026-01-30,13472.0400390625,13555.990436932028,13002.317574792516,13220.188845453913,314201
2026-02-02,13191.2060546875,13333.122204378054,12843.411546995156,13190.206645182638,143982
2026-02-03,13784.85546875,14041.703714633328,13243.175510505782,13790.851925852334,347896
2026-02-04,13563.9853515625,14121.655836838943,13329.12412568443,13954.754455044738,272209
2026-02-05,13376.0966796875,13671.921890176704,13215.191751009252,13572.980350182004,107492
2026-02-06,12991.32421875,13362.105146910339,12853.405706388472,13358.107508870875,148802
2026-02-09,13381.09375,13441.058319796102,12917.367743576817,13052.288025618045,118441
2026-02-10,13415.0732421875,13589.969898477659,13382.092729858497,13492.02777095517,72552
2026-02-11,13437.060546875,13487.031021203282,13285.150304917022,13471.04046941823,75171
2026-02-12,13383.0927734375,13462.046124875149,13205.197880324822,13431.06443000721,60892
2026-02-13,13035.2978515625,13292.14608799979,12927.361627690021,13242.175613984753,90669
2026-02-16,13103.2578125,13133.240097175083,12844.410754805125,13035.297967236482,59396
2026-02-17,13258.166015625,13311.134717481485,13017.308333598345,13092.264043772615,59946
2026-02-18,13372.0986328125,13467.042531924397,13197.20197655374,13240.176583520179,68820
2026-02-19,13362.1044921875,13517.012958626472,13276.155278550394,13395.085004397088,102729
2026-02-20,13288.1484375,13580.975414950924,13203.19863175485,13342.116549385153,113458
2026-02-23,13362.1044921875,13621.950952020616,13128.242678337696,13442.057249059228,134440
2026-02-24,13271.1591796875,13331.123751626747,13072.276682755668,13247.173350911802,101863
2026-02-25,13451.052734375,13499.024391351744,13268.160792151162,13369.101153706395,68997
2026-02-26,13746.8779296875,13836.824786370298,13397.084598143289,13397.084598143289,148694
2026-02-27,13496.025390625,13801.844686354505,13462.045468877277,13794.848820112327,102819
2026-03-02,13980.7392578125,14078.68138714738,13091.264817934516,13091.264817934516,377410
2026-03-04,14514.423828125,14590.37894834379,13980.739167640337,14115.659446976348,662105
2026-03-05,14662.3369140625,14971.15445250196,14493.436706954833,14787.263102751602,310453
2026-03-06,15143.052734375,15566.802362105662,14662.336765180546,14693.318459660853,395561
2026-03-09,14968.15625,15287.967293600186,14680.32631075983,15240.995046571408,299160
2026-03-10,14711.3076171875,15418.889532470705,14655.340686035157,15240.994644165039,252763
2026-03-11,14506.4287109375,14783.265138972614,14305.547403951732,14783.265138972614,224844
2026-03-12,14516.4228515625,14736.29293950355,14306.546858527861,14352.519695097353,145031
2026-03-13,14242.5849609375,14571.390690510752,14192.614485318463,14491.437929520296,162610
2026-03-16,14073.6845703125,14478.445417562645,13893.790860423545,14248.581232704539,226665
2026-03-17,14025.712890625,14095.671555463518,13735.884136294,14073.684546514269,171595
2026-03-18,13690.9111328125,14126.653687298685,13650.934751666979,14047.70033453628,193238
2026-03-19,13151.2294921875,13640.940142781912,13096.261970182004,13640.940142781912,148345
2026-03-20,12926.3623046875,13437.060552537763,12879.39005879912,13269.159758723978,156790
2026-03-23,12422.66015625,12879.390300369569,12274.747549401649,12879.390300369569,164689
2026-03-24,12546.5869140625,12712.488891737692,12332.71328019207,12611.548531826882,135319
2026-03-25,12882.388671875,13250.171374066622,12666.516216240787,12666.516216240787,199867
2026-03-27,12410.6669921875,12882.388269390955,12292.736672886636,12882.388269390955,270016
2026-03-30,12068.869140625,12570.572710399243,11992.914018507785,12268.751040933463,211386
2026-04-01,12799.4375,12970.336524947294,12225.776445498555,12412.666022487701,199157
2026-04-02,13101.2587890625,13157.225719582562,12332.712903885213,12692.50031437133,198905
2026-04-06,13295.14453125,13337.119730100823,12944.351797996693,13101.259088939054,135192
2026-04-07,13398.083984375,13442.05800312127,13121.247548176889,13293.145985094128,111189
2026-04-08,13653.9326171875,13991.733028884864,13487.031230342945,13991.733028884864,186166
2026-04-09,13919.775390625,14116.659060351674,13493.027537968705,13592.96848706854,170394
2026-04-10,14064.689453125,14250.579614304654,13953.755002098434,14030.709531188935,102785
2026-04-13,14516.4228515625,14645.346675855206,13661.927737064329,13890.792510421148,241705
2026-04-15,14877.2099609375,14979.149730923771,14566.393603430342,14783.265467028585,227636
2026-04-16,14981.1484375,15177.03269992495,14877.209849274517,14927.180324382922,153035
2026-04-17,15080.08984375,15167.03846966333,14944.170152667091,14990.142989356898,128839
2026-04-20,14898.197265625,15153.046685544125,14839.232105722145,15131.059676766788,85713
2026-04-21,14940.1728515625,15160.042945036563,14842.230719014964,14842.230719014964,124161
2026-04-22,15262.9814453125,15298.960186278402,14916.18635878006,14941.171595561937,121750
2026-04-23,15737.701171875,15920.593107764573,15216.009420321132,15290.965131751285,219018
2026-04-24,15047.109375,15985.554891945072,14989.14362421958,15847.63638146752,284856
2026-04-27,15249.9892578125,15306.95559818181,15027.120943736074,15186.027051082045,106703
2026-04-28,15294.962890625,15454.868409606966,15249.989463411323,15249.989463411323,103827
2026-04-29,15367.919921875,15562.804774887007,15221.006724989027,15440.876815566675,117051
2026-04-30,15429.8828125,15535.820216355496,15152.046979746907,15375.914701101918,88319
2026-05-01,15429.8828125,15429.8828125,15429.8828125,15429.8828125,0
2026-05-04,15449.87109375,15680.734682769746,15341.934870312198,15552.810269806423,72043
2026-05-05,15835.6435546875,15885.614029773293,15397.902192935962,15450.870896526902,92232
2026-05-06,15730.705078125,15980.557445947825,15554.809011177733,15944.578704981337,113558
2026-05-07,15877.619140625,15940.581940767215,15476.85592067217,15844.638626264792,112369
2026-05-08,16095.490234375,16189.434728757567,15890.611283859827,15935.584712021693,135424
2026-05-11,16253.396484375,16315.359872558685,15895.607888088569,16095.489785455291,132627
2026-05-12,15575.796875,16270.386469361565,15523.827581608917,16250.398279595764,117620
2026-05-13,15777.677734375,15979.558452835996,15535.820636020737,15540.817683507395,81887
2026-05-14,16655.16015625,16690.139490511552,15840.641372731023,15884.615392945545,303796
2026-05-15,17303.775390625,17458.683856926655,16313.36061575441,16730.114360578867,562697
2026-05-18,18008.359375,18078.318038424717,17216.827068823186,17498.660541477053,688909
2026-05-19,18105.302734375,18487.077168274936,17907.419650835243,18089.312182169768,303361
2026-05-20,18199.24609375,18309.181133305876,17914.414400355232,18041.33940056974,219437
2026-05-21,18381.138671875,18687.957374151298,18239.222529454044,18290.192411591146,195807
2026-05-22,18121.29296875,18468.088063618532,18044.338437612027,18389.134713489962,156707
2026-05-25,18366.1484375,18464.090568798634,18000.364559384692,18367.14784700305,105453
2026-05-26,18468.087890625,18530.051278753075,18269.205402923588,18366.14812305945,111277
2026-05-27,18641.984375,18787.898153949765,18413.119612126735,18413.119612126735,105005
2026-05-28,18641.984375,18641.984375,18641.984375,18641.984375,0
2026-05-29,18236.224609375,18862.85434741841,18016.354525850995,18734.92993518626,488294
2026-06-01,18192.251953125,18448.10079672221,18116.29682768208,18379.1415380964,100566
2026-06-02,18375.142578125,18489.075258093795,17824.46795827583,18160.26954134175,184106
2026-06-03,18566.029296875,18725.93480839462,18274.20173835169,18385.13618696843,266212
2026-06-04,18282.197265625,18758.915578406017,18240.22206827321,18549.039591647077,161517
2026-06-05,18430.111328125,18733.931828301236,18339.16505998014,18369.14734618174,102618
2026-06-08,18103.302734375,18487.07596226503,17990.369466792778,18239.222419252717,102208
2026-06-09,18256.212890625,18375.142618220354,18136.283753554053,18282.19753699037,93809
2026-06-10,17686.55078125,18407.125065777393,17623.587979689353,18263.21009078163,95976
2026-06-11,17130.87890625,18001.364614630125,17052.92496221596,17689.54883849396,175899
2026-06-12,17132.876953125,17568.619492444985,17049.925965135186,17393.722831020677,109049
2026-06-15,17266.798828125,17544.634683552373,17176.851968454266,17429.702585084215,68477
2026-06-16,16889.021484375,17369.73746366279,16833.054551235466,17369.73746366279,115849
2026-06-17,17446.69140625,17588.607553336413,16822.060477172483,16889.020912769593,119709
2026-06-18,17753.509765625,17849.453074423694,17479.67157176206,17574.6154710941,117844
2026-06-19,18041.33984375,18368.14674209402,17685.550070629295,17764.50341915889,283451
2026-06-22,18430.111328125,18488.077081448097,17854.451433054233,18129.289056568923,124061
2026-06-23,18216.236328125,18528.052081368816,18034.343805399443,18488.075702747814,152345
2026-06-24,17853.451171875,18359.152375019243,17753.510222637007,18216.236817608915,84136
2026-06-25,17417.708984375,18030.347015555966,17333.75858532247,17853.451531838135,104509
2026-06-26,17417.708984375,17417.708984375,17417.708984375,17417.708984375,0
2026-06-29,17787.490234375,17890.429412605172,17263.79965774771,17418.70812984166,430870
2026-06-30,18684.958984375,18768.909377757944,17814.473357749484,17859.446782776064,306107
2026-07-01,18599.009765625,18960.795984601693,18479.08063226256,18688.956615646828,136190
2026-07-02,18647.982421875,18806.888537158677,18358.153658150055,18638.987736104227,100525
2026-07-03,18503.068359375,18841.868195921834,18259.212429825064,18722.938459788875,101307
2026-07-06,18528.052734375,18854.859641119736,18407.124184784443,18499.069858853298,96707
2026-07-07,18257.212890625,18545.042828905054,17613.59316752655,18340.1638797821,200477
2026-07-08,17960.388671875,18301.18732176145,17791.488461227465,18190.252863880523,88679
2026-07-09,17369.736328125,18048.33534807879,17017.944199960442,17983.373733502947,326120
2026-07-10,18225.232421875,18269.20644175669,17246.810479507396,17455.687073945424,218676
2026-07-13,18145.279296875,18336.16651573946,17929.406839939278,18189.253315880425,108258
2026-07-14,18276.201171875,18307.182865773844,17947.39545275503,18108.30037913289,95137
2026-07-15,18274.203125,18686.959257929997,18235.226153609517,18276.201944045664,99542
2026-07-16,18389.134765625,18614.001902704655,18111.29892514436,18369.146575662366,101629
2026-07-17,18456.095703125,18579.02307473297,18240.2232456671,18399.12936018472,96644
2026-07-20,19016.763671875,19113.706391875625,18489.075464036552,18489.075464036552,239259
2026-07-21,19033.75390625,19131.696037140653,18852.860786951955,19131.696037140653,101711
2026-07-22,18844.865234375,19175.669773650465,18738.927829048116,19033.753626891805,80465
2026-07-23,18610.00390625,18956.798995421836,18510.062958361865,18808.886392547392,65760
2026-07-24,18483.080078125,18608.00627093162,18322.175141790074,18529.052917077835,75835
2026-07-27,18617.0,18694.953940304917,18339.164161477347,18601.00944814258,55560
2026-07-28,18244.0,18684.0,18103.0,18628.0,103577
2026-07-29,18080.0,18527.0,18023.0,18254.0,72096
2026-07-30,18053.0,18120.0,17855.0,18080.0,89635
2026-07-31,18391.0,18619.0,18110.0,18110.0,88937
2026-08-03,18659.0,18710.0,18358.0,18400.0,53004
2026-08-04,18700.0,18800.0,18537.0,18659.0,58255
2026-08-05,18400.0,18910.0,17816.0,18800.0,68056
2026-08-06,18496.0,18830.0,18353.0,18440.0,63360
2026-08-07,18650.0,18669.0,18391.0,18509.0,49218
