Price,Close,High,Low,Open,Volume
Ticker,TORNTPOWER.NS,TORNTPOWER.NS,TORNTPOWER.NS,TORNTPOWER.NS,TORNTPOWER.NS
Date,,,,,
2015-01-01,123.1784439086914,126.01237057302153,122.4796739625129,123.45019435841238,585060
2015-01-02,125.74060821533203,129.19565812809722,123.52782903054099,123.52782903054099,1573345
2015-01-05,125.7017822265625,129.97207146874825,125.31357411363652,126.01235582520613,1106723
2015-01-06,124.53712463378906,127.25458069865375,123.0619389374441,125.0806253244966,821284
2015-01-07,124.53712463378906,126.24524935229576,121.89731490964493,125.0418021541363,395062
2015-01-08,127.95338439941406,129.54503988269192,125.77941680131529,125.77941680131529,860191
2015-01-09,127.56520080566406,131.99077135824115,126.711138134477,128.8074597807322,961679
2015-01-12,130.39907836914062,131.91308735689773,127.17695637347371,128.0698301273084,1123270
2015-01-13,131.0978546142578,136.2221934294246,130.20496904959472,131.13666593897335,1399345
2015-01-14,129.77796936035156,132.22368761680016,128.4968873073344,130.43792790110078,477501
2015-01-15,128.49688720703125,131.91311391052477,127.95339821063521,131.21434403618295,407919
2015-01-16,127.56520080566406,129.77798015836632,126.63350361256981,128.1863362167844,652790
2015-01-19,130.20498657226562,131.52489166377902,128.1086653272537,128.1086653272537,677838
2015-01-20,132.2624969482422,134.82466078597955,130.04970616419226,130.04970616419226,1187976
2015-01-21,130.90377807617188,133.23302671206696,130.24381955713312,133.0000994790432,265692
2015-01-22,129.77796936035156,132.37896849486714,129.00155312284502,131.7578331354276,223164
2015-01-23,135.2128448486328,136.1833648715118,127.52633100629855,131.13666075254108,1157227
2015-01-27,136.22222900390625,138.35737369627836,134.0482611295112,136.10577130500923,1333833
2015-01-28,134.66937255859375,138.5902763024096,133.62121791334795,135.251684643898,629953
2015-01-29,132.41778564453125,136.49397070576995,131.6025462628493,134.94113830148854,498355
2015-01-30,133.3494873046875,135.4069855722668,132.37896701862718,133.50476818102285,378524
2015-02-02,135.83401489257812,141.19129390204057,135.4069836034862,139.75491916068722,1241042
2015-02-03,134.3976287841797,137.03743872904428,133.1553583117909,135.98927227751818,322578
2015-02-04,133.81533813476562,135.795189986646,133.15537961935806,135.01877377895295,295551
2015-02-05,132.06838989257812,136.6492403706818,130.5931921211835,134.24234560255746,392977
2015-02-06,128.41925048828125,132.8060096645013,127.72048056146441,132.68954011191684,254718
2015-02-09,127.79810333251953,129.040362067169,125.62413573792008,127.33224890254455,229251
2015-02-10,129.8167724609375,131.05904298765586,124.53714049313916,126.63347348787259,273150
2015-02-11,129.8944091796875,132.45658454657396,128.9627122773203,131.2143141119718,229180
2015-02-12,132.53421020507812,134.3199693930318,130.7484510171244,130.78727418696064,230558
2015-02-13,132.57305908203125,133.93178735959233,131.25315398183457,133.11654802362162,214306
2015-02-16,133.3106689453125,136.64926121954252,132.02958686024806,132.02958686024806,309710
2015-02-18,133.85411071777344,135.40694268362773,132.9612370762743,134.24231870923703,197484
2015-02-19,136.0281219482422,137.4256735401184,131.33080135893377,133.62123872900634,447759
2015-02-20,133.3106689453125,136.95982298344546,132.8448262994581,136.02812584456478,200493
2015-02-23,134.12588500976562,136.2610293442192,132.68951044590165,134.3199890401705,238282
2015-02-24,136.72686767578125,138.20205339449558,131.83544431541878,134.6305349162199,485959
2015-02-25,135.17405700683594,139.28905314093328,134.5140985377681,138.08561758124648,265238
2015-02-26,131.87428283691406,135.71754026486207,131.29197074640163,134.3199888781983,185370
2015-02-27,133.19418334960938,134.66936918994494,132.65069445302098,132.8059753024506,382323
2015-03-02,132.30128479003906,133.85411682676332,129.85557907106568,132.7283159695719,269879
2015-03-03,131.68017578125,133.4659233400561,130.4767284524075,132.378945534942,370871
2015-03-04,130.04969787597656,133.11653912809552,129.62266664784542,132.6118733975939,566466
2015-03-05,131.05906677246094,132.3401488598066,128.96274524445354,130.36028503167722,187465
2015-03-09,128.9627227783203,131.44725200266265,127.60399456297388,130.16615829131985,188074
2015-03-10,128.22512817382812,131.4472624488741,127.72046239260409,130.3990958605832,211398
2015-03-11,127.33222961425781,129.23444652869566,126.01232472549493,128.419207323317,243053
2015-03-12,126.28409576416016,128.10867865354902,125.77942995075722,127.79811689871207,243571
2015-03-13,125.08061981201172,127.56514859238614,124.30420382769672,126.9051902668513,335826
2015-03-16,121.85851287841797,125.04182384548739,121.1209199022932,125.00300066839233,274986
2015-03-17,124.0713119506836,125.97352928384049,122.09144825814433,122.984322155186,796249
2015-03-18,123.2948989868164,124.92536595216912,122.1690978292028,124.22659608804244,252752
2015-03-19,127.83690643310547,129.97205071323256,123.13959849456148,124.22657629830383,476928
2015-03-20,124.03248596191406,128.30277499346667,123.4501738212478,127.87574372087724,731570
2015-03-23,128.22512817382812,129.15683707327372,122.86786123786989,124.22658956119547,533291
2015-03-24,125.35237121582031,127.25458820398251,124.30421663728306,126.82756884633898,186052
2015-03-25,125.5465087890625,126.90523726480382,123.25608315653301,125.35240472109946,250362
2015-03-26,129.54502868652344,136.84333515597436,127.64279979810921,134.31998287650248,2593814
2015-03-27,125.8182373046875,129.6614948113998,123.45016571863812,129.6614948113998,283565
2015-03-30,125.31356048583984,127.95338247495981,124.4595098385832,127.06049680402816,192919
2015-03-31,126.98289489746094,128.4969043924693,125.39123902950932,125.77944719987931,252018
2015-04-01,125.7017822265625,129.42858248008616,125.00301236216431,127.95339638983602,1175731
2015-04-06,126.78874206542969,128.41920864580942,125.93467968011034,126.12878369066759,166678
2015-04-07,127.99221801757812,129.1956536753097,124.84772997159686,127.2546131342313,246685
2015-04-08,126.47818756103516,129.93324894628878,126.08997948153882,128.53569749066793,182561
2015-04-09,125.27473449707031,128.6521372087144,124.3818489306226,127.37105546415437,314796
2015-04-10,126.24527740478516,127.64281707095158,125.39121485575377,126.43938145254947,276383
2015-04-13,133.15536499023438,134.31998917382242,125.97351585810803,125.97351585810803,598965
2015-04-15,131.05906677246094,135.25170982847573,129.93326556734326,133.15538830046833,414412
2015-04-16,131.56370544433594,133.31064166493778,128.49686422649106,130.08851959691773,194830
2015-04-17,127.44869995117188,131.796634914007,126.94403421761498,131.7578117390019,147600
2015-04-20,125.74060821533203,128.6909923088918,124.265422092138,128.6909923088918,157558
2015-04-21,126.78874206542969,127.72043894667077,125.04180597041443,126.55581488332726,161741
2015-04-22,126.82758331298828,127.48752993464021,125.85706312187932,127.25460271934,91978
2015-04-23,126.98289489746094,128.41925801952604,126.43940582837757,127.99223850985757,94578
2015-04-24,124.77006530761719,127.6816256921159,124.11011872876587,127.6816256921159,137284
2015-04-27,123.10078430175781,125.43003277729846,121.66440966963958,124.96417834332217,219066
2015-04-28,126.82758331298828,127.56517628879705,122.51847129503041,124.18776128486971,215526
2015-04-29,128.10867309570312,129.27329739657316,125.15828916406484,125.15828916406484,250435
2015-04-30,128.18630981445312,128.8074332504691,126.55583117698588,127.2546009660889,153600
2015-05-04,127.79810333251953,128.65215399124662,127.17696804160965,127.40989525659714,62197
2015-05-05,127.40987396240234,128.4968516544488,126.94401961028628,128.10864364340816,75172
2015-05-06,125.7017822265625,127.48754191545628,122.67376368460846,126.94405292679419,257569
2015-05-07,123.56661987304688,126.43936897418249,122.40199570139829,126.40054579902693,594149
2015-05-08,123.954833984375,125.35238542804544,122.285543995683,124.61479245274363,99375
2015-05-11,122.71257781982422,126.4005546207692,122.13026569335923,124.26541015706421,331742
2015-05-12,122.86785888671875,126.32290847334087,121.93616185227253,124.92535699808627,289267
2015-05-13,127.9145736694336,134.04825713686864,126.67230296473136,128.5357090217847,1718343
2015-05-14,127.99221801757812,130.28264348661637,127.5263635488508,128.10867571117433,291272
2015-05-15,126.47818756103516,128.88508239278053,125.46885603208102,128.4968743132842,161132
2015-05-18,126.86640167236328,128.9627348790494,125.93470460670886,127.87574509647679,190346
2015-05-19,126.12881469726562,129.15684511464906,126.05118018225878,127.52636628627555,193985
2015-05-20,127.02168273925781,127.64280616127932,126.40054747006643,126.55582832557181,111625
2015-05-21,125.9346694946289,127.33222062704218,125.080619025553,126.0123158314393,94668
2015-05-22,124.84770202636719,126.78874213297375,124.34302449034833,126.78874213297375,118856
2015-05-25,124.53712463378906,125.62411416803589,123.83835495597687,125.62411416803589,90678
2015-05-26,122.09143829345703,125.70176861382315,121.6255838695265,125.70176861382315,135273
2015-05-27,124.57596588134766,126.78875659413104,120.81035475333745,121.8973325981472,168191
2015-05-28,125.39118957519531,125.89585525876679,123.60543032636255,125.27473190888452,211494
2015-05-29,126.08995819091797,126.55581254652098,124.61477247678907,125.3135421630252,530107
2015-06-01,124.61479187011719,126.43937455848544,124.3042301494959,126.08997781382368,120599
2015-06-02,123.83837890625,125.39121124363244,123.37252446616705,124.30423334633295,78648
2015-06-03,121.04327392578125,124.53714662617203,120.42215047900362,124.53714662617203,540724
2015-06-04,117.8599624633789,122.16907404573364,116.15184946913236,122.16907404573364,152430
2015-06-05,118.01526641845703,119.4128179954783,116.96709977389821,119.14106757735671,75631
2015-06-08,114.0943603515625,118.71403445841223,113.43441367753896,118.71403445841223,82668
2015-06-09,112.73561096191406,114.754297482197,112.11447573666017,114.32726627438687,88809
2015-06-10,113.24028778076172,117.08354493177617,112.73561023038128,113.00736059190682,144684
2015-06-11,114.92694091796875,120.02608846723017,113.98556222600716,116.69203045425155,453394
2015-06-12,110.57302856445312,114.92691759788224,110.22001312288366,114.49544896028529,126700
2015-06-15,111.59290313720703,113.75023518379628,109.90626650707722,111.94591871441077,122227
2015-06-16,111.39676666259766,112.9657352071413,109.67090365765567,111.59288773066561,82506
2015-06-17,112.57347869873047,114.53468912902194,111.86744773193693,112.14201001001064,140084
2015-06-18,113.20106506347656,114.37779128665142,112.45580751618812,112.65192855338393,109850
2015-06-19,109.6708755493164,114.45622120153571,108.65104386268705,113.71096372794091,258698
2015-06-22,112.18125915527344,112.8872902639425,108.29806411703169,110.37694280277579,180613
2015-06-23,113.78943634033203,118.22176731089993,111.04374162256597,112.4950302197892,502251
2015-06-24,112.14202117919922,116.88815328726841,111.39676353551755,114.4954739299496,232699
2015-06-25,111.00453186035156,113.55410591368118,110.69074291882332,112.14203173624246,148856
2015-06-26,111.35752868652344,112.80882923017616,110.69072430533397,111.00451319409622,111026
2015-06-29,108.92559814453125,109.82774987323721,107.27817710832278,109.82774987323721,161803
2015-06-30,109.8277587890625,110.9652581824655,107.51353340863383,109.200169201927,408984
2015-07-01,110.41613006591797,112.2596723720031,110.02388804081701,110.41613006591797,145269
2015-07-02,110.69071960449219,112.41658235994778,109.98467667934332,111.20062951964555,711319
2015-07-03,111.43598175048828,113.12261797340336,110.4161499079048,110.61227095569859,232165
2015-07-06,111.51441192626953,112.33812263935494,110.02389689899314,110.57303338429088,138441
2015-07-07,111.90665435791016,113.75019681859851,111.12217024191982,111.63209209948013,178371
2015-07-08,112.49503326416016,114.456243829925,109.1609753023599,111.08297123303292,247615
2015-07-09,111.7497787475586,117.51574275919357,111.31831001704856,113.27952063729451,500615
2015-07-10,116.37824249267578,117.28039458599466,112.57348911766043,112.80883678513307,341348
2015-07-13,115.12305450439453,119.20236988494085,114.41702352382491,117.59417490666698,352365
2015-07-14,113.71098327636719,115.86831484307062,113.35796777768971,114.96616279419716,157693
2015-07-15,113.47564697265625,116.02522089745749,113.20108465523042,114.53470554491655,136259
2015-07-16,114.80925750732422,115.94675710467867,113.4364102763121,113.4364102763121,138800
2015-07-17,117.79029083251953,119.16313810082526,113.82865543448847,115.55451817773144,531233
2015-07-20,115.90754699707031,118.7709096982262,115.63297272368624,118.41789418264638,123832
2015-07-21,114.06399536132812,116.65279555795023,113.86787431567915,116.37823327620887,115019
2015-07-22,114.65232849121094,115.71138664864775,113.75017670545033,114.26008650257144,76795
2015-07-23,116.26055145263672,116.80968797688524,114.73080971713067,115.00538396439417,159293
2015-07-24,114.53469848632812,117.82952988434468,114.02478852090489,116.18212017047614,192738
2015-07-27,111.31828308105469,114.92691453722854,110.76914663431782,113.1225988091416,102945
2015-07-28,109.59245300292969,113.59332767310786,109.2002108576291,110.37693729353089,161893
2015-07-29,110.25924682617188,112.96571467964958,109.90623136185354,110.37691465751871,162937
2015-07-30,113.75021362304688,116.41745522333758,111.1221866581268,111.2398664750769,339365
2015-07-31,114.69159698486328,116.33901872711841,114.06400717970514,114.80927680661289,219445
2015-08-03,117.82954406738281,119.16316503540683,114.18169671804051,115.00540765926388,307665
2015-08-04,128.42002868652344,129.28296587651917,118.84932625966806,119.00622066595567,1857690
2015-08-05,131.59722900390625,138.61836043748056,130.45972926946337,134.14680274019653,2230633
2015-08-06,129.24378967285156,136.10802736412592,128.6554264421709,132.02871135879613,697040
2015-08-07,135.55889892578125,137.2063088889633,125.79207110097191,129.83216074074355,1127602
2015-08-10,136.6571502685547,141.8347509669605,133.36231890151433,135.51965053080352,1435503
2015-08-11,133.08775329589844,138.53992861738558,131.40111688223848,137.2847489814432,391658
2015-08-12,127.47867584228516,132.57782287597655,126.77264488726998,132.57782287597655,239220
2015-08-13,130.459716796875,133.75454783933074,127.91014330433644,127.91014330433644,234379
2015-08-14,139.63818359375,141.20715194873594,129.59678372778416,131.2834318915612,732425
2015-08-17,140.81491088867188,147.0123311480284,136.81403676611905,141.0110319344778,925466
2015-08-18,144.2666473388672,150.54252127587552,137.79465234132735,141.52095249142604,1441025
2015-08-19,143.0507049560547,147.0907939758119,140.42267798224174,143.95285703766123,596703
2015-08-20,136.93170166015625,144.18817956454717,135.67652231561013,142.22696932011718,303585
2015-08-21,136.77481079101562,137.67696273879983,131.32263659351338,135.32351038429042,277768
2015-08-24,116.53511810302734,131.71487860156492,111.35751813700168,129.43987944786502,400602
2015-08-25,117.3588638305664,123.94852759831362,109.86703587597917,119.24162148698525,463624
2015-08-26,117.98638916015625,122.92864076879972,114.53466433807796,117.63337375316941,248710
2015-08-27,121.43817138671875,122.65412443929308,120.02609726018984,121.12437048622321,177989
2015-08-28,121.90882110595703,127.63555727753301,121.00666920308859,123.39934803843686,267742
2015-08-31,121.24205017089844,124.1054130591724,120.0260971197469,122.37955000444781,225747
2015-09-01,119.98685455322266,120.96745979143186,116.92737099812146,120.10453436397503,241498
2015-09-02,121.39891052246094,125.36055749253202,119.67304795270752,120.41830542938774,231409
2015-09-03,124.18384552001953,125.75281384757434,120.49677234432139,122.69331842667542,209596
2015-09-04,118.96699523925781,123.71312589025716,117.82949581966525,123.71312589025716,180690
2015-09-07,115.24070739746094,121.43813885645515,114.53467650846484,120.61442817244158,155598
2015-09-08,117.3588638305664,119.24162148698525,115.55454742716762,116.06445746778236,229459
2015-09-09,120.02606964111328,123.39935373096479,118.81011686834059,119.24158552581189,311310
2015-09-10,120.14373016357422,121.12433524806399,116.29976302048514,118.45709420636261,191523
2015-09-11,120.1829833984375,122.7717837893291,119.39849915697214,120.8105731856657,100704
2015-09-14,121.63428497314453,122.37954261423941,119.32005883699529,121.12436303008407,111379
2015-09-15,122.8501968383789,125.36054319630883,120.88898687589058,120.88898687589058,221486
2015-09-16,123.55624389648438,124.57607560524096,122.92865423184361,124.57607560524096,92670
2015-09-18,129.83213806152344,131.79334860625946,125.51747486310424,127.08644329889304,458676
2015-09-21,140.7364501953125,143.44293005967768,130.9303984266793,131.4010936996849,1181175
2015-09-22,135.91189575195312,146.38476523437134,133.67611086056237,141.91319545158984,830353
2015-09-23,141.91317749023438,143.5605989880445,133.08773083113329,135.87265194872748,405398
2015-09-24,142.4623260498047,146.5416412249165,141.20714662502652,141.99163077294335,512568
2015-09-28,140.7757110595703,143.874421778592,139.55975795025572,140.42269550403537,304346
2015-09-29,140.30502319335938,143.0114916603494,136.85328505797276,138.46148028250556,241623
2015-09-30,139.75584411621094,142.4623239631036,137.67696594279278,142.14852312636634,216671
2015-10-01,141.28562927246094,145.91408192164826,140.0696761957244,141.1287228339551,562656
2015-10-05,141.599365234375,144.9726489054818,140.9325490310334,142.2269548427654,316796
2015-10-06,140.65802001953125,144.50198782687326,140.1480981053139,142.0308673750504,289404
2015-10-07,139.79507446289062,145.3256901669433,138.5006803912154,141.79551145843456,412487
2015-10-08,139.79507446289062,142.3054213726634,139.08904350930018,140.2265431435418,202676
2015-10-09,139.16746520996094,142.6976434229898,138.69678196372305,141.01100750932,160077
2015-10-12,138.06924438476562,142.93304491790002,137.48088112744418,140.0304552425038,279120
2015-10-13,138.10845947265625,141.05027551380792,137.67699072589798,138.85371714235865,209413
2015-10-14,138.6183624267578,141.52095171259444,138.26534691379976,138.38301476135928,262060
2015-10-15,138.57911682128906,141.20714344575168,138.069206924735,139.63817518524334,237853
2015-10-16,137.9515380859375,140.26576385923246,137.48084282311103,138.89291664131267,193417
2015-10-19,135.48043823242188,139.87355516592078,135.00975482758454,138.85372316668563,300437
2015-10-20,145.91404724121094,148.14983178543739,135.71575361682522,136.2256635099334,1986216
2015-10-21,142.50155639648438,150.62097301096867,141.20716219778313,147.7183837376257,1211926
2015-10-23,140.7364501953125,145.5218082465167,139.83429822070946,144.34508203428072,541481
2015-10-26,139.83432006835938,143.87440924014672,138.22612493298425,141.99165179451919,391098
2015-10-27,143.83517456054688,145.05111542417853,139.12826963207885,139.83430058323776,1028903
2015-10-28,143.71751403808594,147.24769320808943,142.97225638514118,144.97269364219912,775546
2015-10-29,149.5618896484375,156.81836761087166,146.69852745677716,147.87525361284756,4760700
2015-10-30,152.42529296875,154.93564018786452,147.1692508602303,150.77787124699498,1519704
2015-11-02,148.89508056640625,155.092500001486,147.56146002635737,153.32741082399502,538112
2015-11-03,147.99295043945312,151.28779389829438,147.0907983311341,149.5619189549852,336564
2015-11-04,145.2864990234375,149.7580574181486,144.73736237325917,148.89513181652015,386495
2015-11-05,145.2864990234375,149.36581524369535,143.32528815117112,145.6787411978908,639752
2015-11-06,142.89378356933594,147.01232536937215,142.0308581838762,145.71793130604348,367943
2015-11-09,143.48216247558594,144.65888883368078,135.12741012122436,141.01104191169858,276606
2015-11-10,146.5416259765625,148.58127736674388,142.0308425954093,142.77610006432707,521166
2015-11-13,148.698974609375,149.83647424492744,145.87482685120222,148.8950956489626,213493
2015-11-16,148.1890411376953,150.50327880010633,147.09076818998767,147.56146343630658,184422
2015-11-17,148.345947265625,150.93473520487535,147.09076792455784,148.42438849301834,296311
2015-11-18,147.87527465820312,152.97442206021014,147.13001704735026,148.34596997573084,657309
2015-11-19,147.3261260986328,150.5425039387703,146.30629430726114,149.67957855397748,422922
2015-11-20,146.8554229736328,150.50328126669547,146.14939206286073,147.48301265558442,377223
2015-11-23,144.93345642089844,147.95372538882307,144.42354647735328,147.48303007918216,227317
2015-11-24,144.50198364257812,146.03172540037602,143.9136205072498,144.34508920054628,229731
2015-11-26,144.58042907714844,145.83559651621306,144.0312925744153,144.54120247617936,163800
2015-11-27,144.6588897705078,148.18906886765416,144.10975319389652,144.5412219220481,194274
2015-11-30,144.7765655517578,147.4045805130652,144.3843234407914,144.65888573630033,228760
2015-12-01,149.75802612304688,151.7976897920856,144.81578533394614,145.40414847267513,886788
2015-12-02,154.6610565185547,156.4653725875044,148.73821033588706,150.6209676433169,2283803
2015-12-03,150.1110382080078,154.15112655871297,149.32655410338333,153.75888450640073,358090
2015-12-04,146.62010192871094,149.6403710873941,146.11019195296015,148.9343400486192,254249
2015-12-07,146.77699279785156,149.56190202138603,146.30629750837278,147.40457055678536,151105
2015-12-08,140.7364501953125,147.36535076713096,140.03041925608213,145.9532769183922,334232
2015-12-09,139.0890655517578,142.34467053298846,138.343807878133,140.42268643670965,327570
2015-12-10,137.83387756347656,140.14810366045495,137.36319420509489,139.48129924351105,277986
2015-12-11,135.63731384277344,139.2459459628808,135.00973605691038,138.06921965896913,286356
2015-12-14,134.14683532714844,135.71580416138409,133.4408041398553,134.81365186981148,291328
2015-12-15,135.04893493652344,136.3433409019932,133.63687311277837,134.8920405083604,256708
2015-12-16,135.55889892578125,138.2653675562299,135.08820352471136,136.50027775763974,274058
2015-12-17,138.1476593017578,139.8342953836316,136.02954258648478,136.81402671205913,531429
2015-12-18,136.14723205566406,138.7360322479526,135.48041571346232,137.67697381510956,338403
2015-12-21,137.9515380859375,140.26576385923246,135.75498014321028,136.10799560519123,324058
2015-12-22,137.2062530517578,138.93212750646785,136.53944880359842,138.30453788387115,248652
2015-12-23,136.77481079101562,139.16747777521138,136.30411553200267,137.99075159795666,318045
2015-12-24,136.85325622558594,138.46145111130255,136.02954548214296,137.20627169555348,182095
2015-12-28,136.8925018310547,138.18689605739118,136.53948631207928,137.16707610707988,218276
2015-12-29,135.71575927734375,137.67696967152503,135.12739615908936,137.28472759268877,242027
2015-12-30,135.95114135742188,139.36364112557416,135.3235514782491,136.02958261089265,388008
2015-12-31,136.14723205566406,139.32439538391463,135.44118911034246,136.18645865878392,842293
2016-01-01,141.79551696777344,142.77612220268196,134.42137038937278,136.57870190617155,1455962
2016-01-04,155.99468994140625,161.68220046371644,140.6187946378077,141.99164200526187,4463437
2016-01-05,157.5636749267578,160.6623854878805,154.62185883006913,157.01452634581833,1900532
2016-01-06,176.1559295654297,183.56930286395678,157.28908215480058,158.03433975100444,8468297
2016-01-07,173.17491149902344,184.3538129208177,169.1348220890837,172.97879042144808,4849635
2016-01-08,176.19517517089844,182.31414301669446,174.23396445871248,175.29301106112476,1867816
2016-01-11,176.0774688720703,178.78393685390296,170.8214273477342,174.15548505716183,1162834
2016-01-12,172.3511505126953,179.25461283200974,170.62528792543597,176.50891854355444,815319
2016-01-13,186.35423278808594,189.76673203493965,167.29126344570366,173.6848051855285,3764820
2016-01-14,172.31192016601562,183.09857606457805,170.38993659996353,181.60806112852381,1673007
2016-01-15,172.3904266357422,179.64690648275294,170.2330947893336,174.0770631093676,1551314
2016-01-18,151.99383544921875,171.88051754642876,149.05201927923386,171.84129093677285,1481849
2016-01-19,162.7019805908203,164.3494018171938,153.24895774748427,153.24895774748427,1327696
2016-01-20,161.56451416015625,164.74167747698235,155.32786733544052,158.46580404928778,1086074
2016-01-21,170.58612060546875,172.19431592732002,162.1529137889827,163.87877697597474,1271543
2016-01-22,169.21319580078125,175.6851887776352,168.1541495867343,173.37096337996684,679616
2016-01-25,165.9968719482422,170.8998985066109,162.70202852479468,169.7231721326024,542271
2016-01-27,169.52706909179688,174.54776403317817,166.38913176086334,167.7227527324539,1123444
2016-01-28,174.5477294921875,177.99945508504516,168.82099260243305,169.84082442722962,1067800
2016-01-29,183.5692901611328,185.1382584531083,172.97875419029822,172.97875419029822,1740240
2016-02-01,186.9033660888672,191.29648252481795,182.8632771294126,185.13827658750327,1635866
2016-02-02,181.68655395507812,193.2969110786434,177.41110529008094,187.76630678773785,1373511
2016-02-03,182.66714477539062,193.68913784817477,181.25507086758316,185.13826513634484,2753424
2016-02-04,177.41110229492188,187.33483490092482,175.0576496252376,185.37362434285458,841676
2016-02-05,175.3321990966797,178.2740145177649,173.3709888159562,177.45030380580553,475718
2016-02-08,176.27362060546875,180.74517874144064,174.97922629278338,176.11672613882212,554704
2016-02-09,172.66494750976562,174.97917310766337,169.9976945063654,172.58649431514797,654084
2016-02-10,172.23348999023438,176.50892602660096,170.97831061704528,171.01753721688448,623718
2016-02-11,162.85891723632812,172.42962164317922,161.13304249928618,171.80203191791654,441333
2016-02-12,161.17227172851562,164.74167712698943,150.9347508272827,163.6434040675876,507781
2016-02-15,171.56668090820312,174.78307070563883,163.56494498637838,163.56494498637838,778786
2016-02-16,164.38864135742188,173.37098167933183,163.2119152374264,172.70416542322357,276238
2016-02-17,172.3511505126953,174.43004051326344,158.58345247224264,165.5653679879095,571732
2016-02-18,170.2722930908203,173.80247188895643,168.2718560444875,173.80247188895643,635457
2016-02-19,176.7835235595703,179.17619085156502,168.54643925914735,169.37013811296626,874389
2016-02-22,174.9792022705078,180.23524398841002,174.31238591595383,177.0188539974585,514897
2016-02-23,175.52833557128906,180.31369386547811,172.6649730975672,175.25376131971413,718069
2016-02-24,181.49038696289062,184.7459909321837,173.7632144011834,176.35201412040306,2029709
2016-02-25,176.90118408203125,182.43179999173364,174.70462596544917,181.68654240850367,512382
2016-02-26,170.7822265625,180.1175967422934,168.74257460232985,178.2348272748899,404746
2016-02-29,178.66627502441406,180.78437995227233,165.91840688326488,170.3899643910276,1079429
2016-03-01,176.39129638671875,179.49000692045678,175.1753433501106,179.17620602408164,382753
2016-03-02,177.09730529785156,181.7649838186229,176.50894215732714,178.3916994188938,451887
2016-03-03,176.5481414794922,180.2744407936705,175.9597784298851,178.39167185276162,540680
2016-03-04,176.43045043945312,181.411928729987,175.37140419984374,176.9011456372414,773286
2016-03-08,176.46971130371094,181.8826592483345,175.80290694267686,177.37187527962075,576200
2016-03-09,177.84255981445312,181.21584415600148,175.80290814464792,176.50893911298846,549001
2016-03-10,190.0020751953125,191.88484450057865,176.58740225040242,177.8425698169673,2857857
2016-03-11,194.5128173828125,198.2391166122544,190.5903971412947,190.6296237377652,2399844
2016-03-14,193.72837829589844,197.5331316013063,190.2374258648063,195.65036226624989,626621
2016-03-15,183.80467224121094,194.90512019888303,182.7848402662701,194.1598625146002,734942
2016-03-16,188.35464477539062,189.25679673857212,181.01971335720424,184.35377091632932,811390
2016-03-17,192.2320556640625,196.9089477963098,189.87362777984268,191.39261192251655,768672
2016-03-18,193.9908905029297,196.06951202372485,190.2733694664486,192.19208764032672,726633
2016-03-21,196.948974609375,199.06756023025133,190.7530967307226,195.8696877767533,655150
2016-03-22,183.03819274902344,196.7890396529729,179.16078034063304,196.34934202029817,1665083
2016-03-23,173.24472045898438,186.59583418168154,172.04551840846221,183.51788957135645,1726401
2016-03-28,172.40525817871094,178.68108645269973,171.4858749176917,174.44390388674577,989532
2016-03-29,176.0028839111328,177.40195297942137,173.20474577455573,174.40394783308878,1464121
2016-03-30,178.7210693359375,179.88029546694182,177.00220585990544,177.64178268357054,455841
2016-03-31,185.39662170410156,186.83566652357638,179.56051514559206,180.87963244741115,1081409
2016-04-01,182.9182891845703,187.71509740340215,182.39862764151505,185.4765844614978,411634
2016-04-04,186.3160400390625,191.63249793587588,183.0781918482515,183.0781918482515,1061263
2016-04-05,188.03488159179688,191.07286260011716,183.4779161787736,185.47658628965348,749536
2016-04-06,188.1947479248047,189.4739015065235,186.83565486854886,187.954917302281,593805
2016-04-07,182.6384735107422,191.2327550448553,181.35933195059488,189.3140366051772,865222
2016-04-08,181.79901123046875,184.67710079779178,180.47989396147833,182.27869689132694,355987
2016-04-11,180.879638671875,181.95892537335007,178.48123462318716,179.8803036515884,404603
2016-04-12,181.95892333984375,183.91761751793308,180.43992680663555,180.43992680663555,205797
2016-04-13,181.67910766601562,185.43660492273568,180.99955496899742,183.31801954789006,238468
2016-04-18,190.91294860839844,192.35199335598466,181.31933322304087,181.31933322304087,657213
2016-04-20,195.82969665527344,197.4686085996281,189.55387977418852,191.23275536196223,581969
2016-04-21,197.50857543945312,200.626495816713,192.0322146600789,195.8296877292893,501137
2016-04-22,192.0322265625,198.0682128864096,191.0728673253356,197.5085876813066,410470
2016-04-25,188.39463806152344,193.47126497663297,187.9149645586158,193.47126497663297,148706
2016-04-26,188.39463806152344,191.63248605153504,187.51523054006904,187.8749887169783,255089
2016-04-27,190.07351684570312,191.8723198442429,188.35466552666387,189.47391584618987,178857
2016-04-28,184.67710876464844,190.27338478781962,182.83832991725234,190.23340894787137,200936
2016-04-29,187.67510986328125,188.8743118432383,183.07816894011248,183.07816894011248,139618
2016-05-02,186.91561889648438,189.51388986947103,185.31668291310797,185.31668291310797,158262
2016-05-03,184.23739624023438,189.51388986481217,183.4379282485658,187.87497804210895,278659
2016-05-04,180.43995666503906,186.23610067704598,179.7204402189769,186.23610067704598,165508
2016-05-05,180.47988891601562,184.31733749886297,180.00020326856745,180.00020326856745,284140
2016-05-06,180.7996826171875,183.2380624474858,179.08083130343866,179.88029930032903,138283
2016-05-09,184.5572052001953,185.31669741193767,180.35999791545066,181.39929662682735,238849
2016-05-10,182.27870178222656,186.67577572872764,181.63912495022552,183.4379279283396,189775
2016-05-11,179.24070739746094,183.4379140283509,178.04150550292096,179.36063490626245,179044
2016-05-12,181.19944763183594,182.67846855881493,179.16081364994008,179.16081364994008,210373
2016-05-13,181.79901123046875,183.39794716811195,178.5611757158717,180.2800269692729,192941
2016-05-16,180.08016967773438,183.63779989085248,179.36065334660083,182.67844071636983,190458
2016-05-17,179.72039794921875,181.87895897863314,178.68108717241543,180.99953935235814,273320
2016-05-18,181.6391143798828,183.7976753882213,179.88028734341862,180.28002131529288,548308
2016-05-19,161.05282592773438,166.68907775938106,149.5804674636431,163.89093976342022,5930649
2016-05-20,155.85630798339844,162.8916298985547,154.81699698475342,161.49256068470208,954713
2016-05-23,148.1414031982422,156.25599744279165,147.10209249625797,154.29730354227058,1103472
2016-05-24,145.82298278808594,150.45990040589746,144.7037322798522,148.90093998410208,449032
2016-05-25,141.2659912109375,148.3812636321045,140.46652322196908,147.10210997018967,496848
2016-05-26,150.77964782714844,153.6977007246711,141.26597268661234,141.26597268661234,1973762
2016-05-27,147.3019561767578,150.93953745292683,146.3825729987742,150.29996071224136,422234
2016-05-30,146.02284240722656,150.14011040835484,145.50319302598547,148.58115006571657,252927
2016-05-31,147.50184631347656,148.70104831602515,144.30397430668032,146.66240247190984,564147
2016-06-01,143.82427978515625,150.22002340559965,142.7050295311438,148.7010391753095,501666
2016-06-02,142.1454315185547,145.3433039387745,141.50585459472768,144.7836787050191,351279
2016-06-03,142.7849578857422,145.46316777003898,142.305272312988,142.98482484123795,315631
2016-06-06,141.78565979003906,143.74435402085484,141.54581694161152,142.9848618332627,128196
2016-06-07,141.10609436035156,142.82494558772552,140.3066264036357,142.5451391222227,291346
2016-06-08,141.2659912109375,144.7037060032844,140.58645073966238,141.4658582081796,431098
2016-06-09,146.26266479492188,146.94221745885176,141.86559089609227,141.86559089609227,782084
2016-06-10,147.0621337890625,147.74168645767116,145.5031736539811,146.3825933193672,441780
2016-06-13,140.58645629882812,146.0628049204633,139.90690360176828,145.503179745839,444378
2016-06-14,143.34457397460938,143.90419897528682,140.86621900158207,141.18601342976208,262448
2016-06-15,148.781005859375,149.9802079091854,143.2246932694556,144.5038470021523,775653
2016-06-16,148.50119018554688,152.97821614203892,146.54249590417447,148.70105719790965,1172574
2016-06-17,145.34327697753906,150.18006055567932,144.7836518475943,149.46053207525358,407613
2016-06-20,141.74571228027344,144.62379043991828,141.50586938390725,143.86429810052243,592776
2016-06-21,142.18539428710938,143.46453581820833,141.58579326346214,142.4652007787963,516501
2016-06-22,138.66770935058594,143.38457743420653,138.30795122360183,142.46518199978888,433215
2016-06-23,138.54783630371094,139.90692975295642,138.26801756463857,138.30799341292263,190752
2016-06-24,137.1087646484375,138.1880513488508,129.91355250945244,135.9095626252733,350319
2016-06-27,139.94686889648438,141.10609499918803,136.46917838946044,136.70902121734363,327410
2016-06-28,140.0268096923828,143.06479041006097,139.22734172451558,139.90689437676795,483411
2016-06-29,140.34658813476562,141.34592298021553,139.986830030186,140.3066123011653,350351
2016-06-30,140.18670654296875,141.82560604195095,139.50715392223526,141.0261381111645,513062
2016-07-01,140.62643432617188,143.5445002191477,140.30665196479254,140.70638601597426,747705
2016-07-04,140.78631591796875,143.5045021657775,140.3066302512198,141.34594106323368,393622
2016-07-05,138.78765869140625,144.8636085665852,138.34794882307204,143.42456363336157,809792
2016-07-07,137.82827758789062,140.906234251097,136.62907559426426,139.6670564179004,600799
2016-07-08,137.34860229492188,139.06745358350875,136.7889771450736,138.26798559832167,298214
2016-07-11,140.86624145507812,141.94552799899063,137.90821266664835,137.90821266664835,586568
2016-07-12,139.26731872558594,141.78565016474388,138.46785075104307,140.90623051318147,263709
2016-07-13,138.5078125,140.54645806748803,137.54845346792092,139.9868329820179,321107
2016-07-14,137.22869873046875,139.42723607347833,136.3492911126142,138.6277679487476,551558
2016-07-15,136.4691619873047,141.0661022067291,135.98948858810297,137.70833961667097,702266
2016-07-18,135.22999572753906,138.26797630688407,134.47050363243096,136.9488590995338,257352
2016-07-19,134.35061645507812,134.95021752923148,133.11143846204484,134.87026583977834,365666
2016-07-20,139.30731201171875,140.30664710505962,133.51116847034163,134.35061238853092,1850955
2016-07-21,137.1487579345703,140.266678711837,136.749023876002,140.266678711837,248453
2016-07-22,136.589111328125,137.78831331625986,135.9495344946704,136.7090266473731,255441
2016-07-25,136.06944274902344,137.82826980051803,135.8295999240667,137.46851166253936,448593
2016-07-26,138.5078125,141.70568407287158,136.1493846547896,136.54911860139856,758261
2016-07-27,138.66770935058594,140.54646385659868,137.66837444290096,138.5877698773186,247108
2016-07-28,138.82762145996094,139.74701703321367,137.90823808562251,139.1474159980588,249187
2016-07-29,135.5498046875,138.7876525953055,134.9502036749032,138.54780975048402,509871
2016-08-01,136.70904541015625,137.8682717180032,135.30997623198215,135.9495531532162,594408
2016-08-02,137.38858032226562,143.3845903066721,136.10942664602683,138.3079636403092,2150801
2016-08-03,138.82762145996094,140.6264245654256,127.75499633011606,127.75499633011606,2704211
2016-08-04,139.82691955566406,140.546447926993,135.50979812333463,139.30727034213015,696020
2016-08-05,141.9855194091797,143.10476971171715,138.2679859492759,140.02681308136906,774041
2016-08-08,149.220703125,150.61977217942265,141.98552720268833,141.98552720268833,1719043
2016-08-09,149.90025329589844,150.93956415853276,146.30264721679688,149.10078527832033,559900
2016-08-10,146.66241455078125,150.77968241797086,144.70372022508647,150.1001296809944,384926
2016-08-11,143.62440490722656,147.74167195605884,142.30528773753895,146.38257895115692,509880
2016-08-12,145.30331420898438,147.30198428063477,143.3845958197656,143.8242934763975,238831
2016-08-16,143.02481079101562,147.74167899608955,141.4258748975491,146.82228353799863,433829
2016-08-17,142.74501037597656,145.14341431777765,141.70569956141344,143.74434535172702,332671
2016-08-18,141.94557189941406,143.9042664192259,141.5058619789055,142.585148856616,440120
2016-08-19,149.7003936767578,150.7796804332989,141.945555963459,141.945555963459,908647
2016-08-22,146.34263610839844,151.05949295319647,145.70305919751524,150.5398435749935,369814
2016-08-23,144.34396362304688,146.98221071475322,143.4645438595065,146.62244032126824,260898
2016-08-24,146.66241455078125,149.100794596567,143.58446981009365,144.503853208201,339523
2016-08-25,149.86029052734375,150.49986743697843,144.86361498162734,147.46188626539987,750023
2016-08-26,154.7770233154297,156.69574180490346,147.1021249597053,150.299997241438,1218836
2016-08-29,150.7396697998047,156.41588437521327,149.6204074589566,154.9368761304338,536314
2016-08-30,152.2186737060547,154.61707725519784,150.53979854100123,151.65904865103687,351383
2016-08-31,150.65975952148438,154.4972088034753,149.74037609510472,151.938913348453,302392
2016-09-01,147.50184631347656,151.81896864308604,146.14275315037088,150.81963364096222,232852
2016-09-02,145.42323303222656,148.3013228842082,144.8636078384841,147.0621449701907,212080
2016-09-06,150.7396697998047,151.57911350571283,145.9428625648,146.38257233445776,523400
2016-09-07,146.982177734375,150.89956554987992,145.90289119392364,150.89956554987992,387618
2016-09-08,145.02349853515625,146.98220500523624,143.984199835417,146.98220500523624,380659
2016-09-09,146.02284240722656,148.54117422125609,144.9835436447444,145.06348313475033,307568
2016-09-12,142.9448699951172,144.7036970218992,142.30529320385665,143.50449511287792,184293
2016-09-14,143.5045166015625,144.70371869015494,142.30531451297006,142.38526619844203,146198
2016-09-15,144.22401428222656,146.74234566121757,143.50449800189364,143.8242803045054,231279
2016-09-16,143.6643829345703,147.10209743395055,143.14473366559142,145.3432704478923,313167
2016-09-19,141.74571228027344,145.38329497823062,141.50586938390725,144.50387509119344,264511
2016-09-20,140.26666259765625,142.94488536194922,139.74701326078218,142.14541733665746,322825
2016-09-21,145.5431365966797,147.10209659362314,139.66704253253255,140.70635326346562,669608
2016-09-22,151.6990509033203,152.6983858895082,147.50184396133122,149.90024792818213,1566577
2016-09-23,147.18203735351562,152.2186750934951,146.50248479549992,151.89889283025911,482502
2016-09-26,151.81898498535156,153.73771571531557,146.34263590357,146.34263590357,831273
2016-09-27,146.06275939941406,152.6983443420167,144.34390857041615,151.25929991367119,585154
2016-09-28,145.74301147460938,148.70104048534162,144.10409971764963,146.38258828207086,780790
2016-09-29,139.98683166503906,147.58177657915675,136.06943170577864,146.30262308247745,985639
2016-09-30,144.14405822753906,145.4631753227376,136.9488474561036,139.90687611124477,1074807
2016-10-03,144.14405822753906,146.78230461684768,143.3046145310893,145.06344139099122,603755
2016-10-04,143.6643829345703,145.42320992062855,142.2653140731061,144.10409273081297,449587
2016-10-05,146.34263610839844,147.78168110815687,142.82496919799834,143.90425599754593,1044246
2016-10-06,144.58380126953125,148.70105683457885,143.90424854959244,147.26201190930007,715957
2016-10-07,143.5444793701172,145.30330650007406,143.02481785970974,144.46386267473386,314674
2016-10-10,143.38458251953125,145.14340957965348,142.94487270477248,143.5844495081568,286478
2016-10-13,138.58779907226562,143.5444988187805,137.58846395406042,143.30465595062824,668936
2016-10-14,138.3878936767578,140.30661169212826,138.1080750416818,138.707675946349,426873
2016-10-17,136.14939880371094,138.82760920496875,135.90955597103823,137.9881775889841,571520
2016-10-18,135.989501953125,137.50848616491658,135.42986463402136,136.7889698959443,721355
2016-10-19,135.19004821777344,137.10876660261764,134.63041083985604,136.70903258919893,634397
2016-10-20,138.3878936767578,139.067434049367,135.90953839123534,135.90953839123534,987209
2016-10-21,139.90689086914062,142.0254760513082,138.3079549734933,138.54779779762296,1023846
2016-10-24,141.2260284423828,142.50518222268522,138.62775723776164,140.18672971966598,632837
2016-10-25,139.82691955566406,142.1054077665058,139.50713730101413,141.5058068898539,215769
2016-10-26,139.22731018066406,141.50579825242832,138.6277093406114,139.74697156138924,933442
2016-10-27,137.66839599609375,139.90690897954943,136.38925443334364,139.1074409282377,542548
2016-10-28,138.54783630371094,140.90626496547753,135.11012073285505,135.8296372063038,895925
2016-11-01,140.70635986328125,142.30529577081853,137.70835503664884,139.9068919095126,465522
2016-11-02,143.34457397460938,145.02344897664167,138.38787622746486,139.7469690002272,1244131
2016-11-03,143.6643829345703,145.9028955526955,141.186039699324,144.22400803937353,773705
2016-11-04,140.78631591796875,144.62375245630741,139.94687210061468,142.70503418713807,539972
2016-11-07,142.82492065429688,143.50447317843876,141.2659608506364,141.54577946620321,299521
2016-11-08,141.78565979003906,144.10411219403912,141.14608292720365,143.46453533120373,251903
2016-11-09,138.3878936767578,139.2273251841626,128.9941461703048,134.1507115106605,838422
2016-11-10,140.4265594482422,142.225362577975,139.9069100903296,140.22669243382742,269821
2016-11-11,136.3492889404297,140.14676247240314,135.94955488443247,138.8276327682632,342271
2016-11-15,132.39190673828125,136.74900493334152,129.43386535549544,135.8296094066411,437289
2016-11-16,131.63238525390625,136.66903547893534,130.033449449066,133.99082532517522,223423
2016-11-17,129.6337127685547,132.31193506483973,129.07408768842535,131.6323824825251,197891
2016-11-18,131.3126220703125,132.5118240983519,127.3552578175653,128.71435100956052,375289
2016-11-21,134.91021728515625,135.66970940194196,131.9921641315906,133.35125721408812,769157
2016-11-22,133.5911102294922,136.62907892834872,131.47251266970522,135.50982858655038,799561
2016-11-23,134.31060791015625,135.42985809650938,132.551780960639,134.31060791015625,232358
2016-11-24,137.1087646484375,138.22801499049186,132.91155756736288,133.59111026005476,708672
2016-11-25,136.38925170898438,138.26799427269063,135.70969899937768,137.10876806122693,122718
2016-11-28,138.82762145996094,140.6264245654256,135.7097009567213,136.46919316146793,467136
2016-11-29,138.1080780029297,140.54645750730793,137.66836822363004,138.86757005867716,193452
2016-11-30,142.58509826660156,143.10474749806346,137.94818222073675,138.50780728513683,645902
2016-12-01,140.90623474121094,143.8642638959955,140.30663374231216,143.22468705738743,238730
2016-12-02,141.50582885742188,143.90423273636122,139.2673161306292,139.2673161306292,379454
2016-12-05,139.6270751953125,141.3859144772871,138.30795793274459,140.70636182753208,163245
2016-12-06,145.1034698486328,146.8622973464088,140.70639500473484,142.66508954086984,937904
2016-12-07,145.22335815429688,151.09945286760242,144.22402314855876,148.5411576926956,2147078
2016-12-08,145.82298278808594,147.6217860899073,144.54384109280676,147.1021366822807,383661
2016-12-09,145.42323303222656,147.0621449701907,144.38393432909672,146.3026527644749,303818
2016-12-12,150.3799285888672,151.0994448753752,144.82361649172697,145.10343515809842,984137
2016-12-13,148.62109375,152.25867552686992,148.10144443855287,152.09878436941798,766198
2016-12-14,145.74301147460938,149.66039959707737,144.94354351501076,148.70104048534162,281583
2016-12-15,145.94288635253906,147.90158051963803,143.90424050559375,143.90424050559375,223642
2016-12-16,143.5045166015625,146.86228000983846,143.26467374406113,146.22270312280625,227513
2016-12-19,143.1447296142578,145.10342352508957,141.58576965253098,143.42453605928404,300496
2016-12-20,141.2260284423828,144.3839370502079,140.62642739516255,143.10478326990548,146990
2016-12-21,141.58580017089844,143.0248329387255,141.10611444901298,141.46587264096974,145679
2016-12-22,138.70770263671875,142.50517576366062,138.14807745779433,142.30530875697946,286957
2016-12-23,139.10743713378906,140.9462160414323,137.14874290128577,138.22801742176847,372027
2016-12-26,138.18801879882812,139.26729304610583,135.90953061194583,138.3079340933331,393473
2016-12-27,138.66770935058594,139.10741914974983,136.58910006194864,138.1880359142446,138319
2016-12-28,140.5464630126953,142.6250722888517,138.30795039313946,139.02746664278737,389317
2016-12-29,142.1054229736328,143.74433465164847,138.74766014484,139.86691035480015,322167
2016-12-30,143.10475158691406,144.14406227844498,141.22599717534234,142.46517483836337,301976
2017-01-02,142.2653350830078,143.38459765682052,141.74568573728652,143.1047789636388,199774
2017-01-03,142.42523193359375,142.984869342286,140.9062474786381,142.42523193359375,391794
2017-01-04,143.10475158691406,144.14406227844498,141.585767483154,142.62506597577308,262106
2017-01-05,145.2633056640625,145.66303958839887,143.10474491242823,143.42452717233283,334776
2017-01-06,143.1847381591797,146.30265879491523,142.58513709854478,145.58314240171927,408136
2017-01-09,143.10475158691406,144.903554330325,142.58510234060452,143.26464272432378,139377
2017-01-10,143.78433227539062,144.98353433874198,142.54515437014473,143.26467072858986,295374
2017-01-11,143.1447296142578,145.02347185570378,142.54512869060042,143.90422167777479,370361
2017-01-12,148.6610565185547,151.77898870984353,142.78497465616624,143.46451506531892,1965271
2017-01-13,148.70101928710938,150.53979777183974,147.34192638932126,149.82026939142634,756601
2017-01-16,148.7410430908203,150.22005176289514,147.1820827288322,147.98155083230458,250517
2017-01-17,148.7410430908203,149.6604265302475,146.46255411635795,148.9409101166884,342879
2017-01-18,148.70101928710938,151.0194711598708,148.1813700670146,148.90088624851677,293068
2017-01-19,158.09481811523438,160.69308946226099,148.06149093539474,148.70106786059972,15133951
2017-01-20,154.0574493408203,160.53314368288022,153.21800567441832,159.41388139470723,2428314
2017-01-23,155.49652099609375,158.05481607398463,154.49718602825251,154.69705302182078,552538
2017-01-24,156.97555541992188,158.57449150895022,155.13677647775646,156.01618400737348,825448
2017-01-25,155.73635864257812,157.49518568763207,155.09678184467322,157.21536702638844,957529
2017-01-27,162.65174865722656,163.85095055767144,155.25667027114972,156.81563030194556,1946165
2017-01-30,156.77569580078125,163.05151292677422,156.17609473912438,162.29202068845848,1068821
2017-01-31,155.13674926757812,160.65307292762571,153.69770460007072,157.4951771454561,755423
2017-02-01,158.57447814941406,159.65375259923323,154.29731959203838,155.85627970771932,631920
2017-02-02,156.97555541992188,161.05283512759559,156.29600270251913,157.77502346443606,569642
2017-02-03,158.3746337890625,159.853642438833,156.57583058337664,157.45523816458518,498284
2017-02-06,158.294677734375,160.2933479077888,157.69507668235084,158.89427878639916,248408
2017-02-07,167.48855590820312,169.0475161606446,157.21538662090276,158.29467336431608,2622143
2017-02-08,167.80831909179688,169.36729136519187,165.88960087688244,167.88827076696535,949220
2017-02-09,166.5291748046875,171.24603078423397,166.0894649966827,168.08813485223843,583867
2017-02-10,166.6890869140625,168.68775702094575,155.49653431551636,155.49653431551636,4407707
2017-02-13,165.130126953125,166.9689058943878,161.25270205956892,166.28935317731865,592801
2017-02-14,165.44992065429688,168.84766007517072,163.89096030097306,165.44992065429688,615576
2017-02-15,160.7730255126953,165.80966433630263,159.73371463520456,165.21006331454805,497574
2017-02-16,163.25137329101562,164.0108654983643,160.8929449844427,161.65243719179136,273723
2017-02-17,165.130126953125,166.20940149334078,162.25203711472108,163.89094904495346,315023
2017-02-20,164.89028930664062,166.68909246271306,163.33132901116076,164.89028930664062,259646
2017-02-21,164.57046508789062,165.64973938759272,163.17139632245673,164.8502715216305,217871
2017-02-22,164.13079833984375,170.40661541316652,162.81166869592064,164.85031472822746,1270518
2017-02-23,160.1734161376953,165.25003053778389,159.45388762976572,163.05149357267354,1065586
2017-02-27,161.9722137451172,163.77101665700016,160.69306012821298,160.85295128059778,617853
2017-02-28,164.13079833984375,166.3693113910255,162.0921523075369,162.13212815109483,607380
2017-03-01,165.8895721435547,169.4072256612513,163.85092676899632,164.05079372338614,764289
2017-03-02,160.6930694580078,167.04883767589254,159.93357729089948,166.6890795124111,404428
2017-03-03,160.57315063476562,162.01218325730957,159.49386396894423,159.49386396894423,515606
2017-03-06,160.0934600830078,163.01151327736508,158.934233972876,160.6930610571015,1055691
2017-03-07,160.41322326660156,163.85093754804106,160.01348933152514,161.13275166908608,563346
2017-03-08,159.49386596679688,161.6524271265648,158.1747486466369,160.69306796654723,591011
2017-03-09,155.85630798339844,160.93293543894413,155.4565739222977,158.85431344165406,623140
2017-03-10,155.41656494140625,158.01483578460665,154.49718167645432,156.77567021851826,433195
2017-03-14,156.65576171875,161.09281182926446,156.09613652438654,160.69307780487424,632244
2017-03-15,152.85829162597656,158.53451976844454,152.29866642012124,156.97555948109238,1020717
2017-03-16,160.653076171875,163.0914557689879,153.33794957944858,154.13741749988478,2347922
2017-03-17,168.00819396972656,169.0475048011537,161.6524258606067,163.09147068882015,2706819
2017-03-20,171.92556762695312,173.48452753134652,166.08944974487207,166.08944974487207,1310713
2017-03-21,172.3652801513672,174.88359909882558,171.28599363164975,172.68506242444033,1337188
2017-03-22,171.965576171875,173.92427038325985,168.767704088336,169.64711159196088,1249508
2017-03-23,174.80368041992188,177.68177021637823,171.9655786637859,171.9655786637859,1471500
2017-03-24,173.28469848632812,178.96092647663397,172.8050127805027,176.16278832345222,655199
2017-03-27,171.92556762695312,174.32397123337728,170.88625695772035,172.68505966253846,506108
2017-03-28,173.48455810546875,175.083494124874,171.96557376659928,172.1654407690249,485271
2017-03-29,179.3606719970703,182.5985080227651,174.32402055866783,174.60382707257546,1889996
2017-03-30,189.0741424560547,193.43123970500608,178.9209034193384,180.5997785488616,1384323
2017-03-31,184.15745544433594,191.59249795458823,181.27936581533203,186.3559924057126,2156050
2017-04-03,188.9942169189453,190.95292313918523,178.68108532980995,184.03751811020516,1492653
2017-04-05,187.07550048828125,190.07350530379858,186.15611722442108,188.1947507398426,473577
2017-04-06,185.1567840576172,189.99355544713632,184.27736442375212,187.0355264406374,442310
2017-04-07,183.6777801513672,186.5158941016499,180.83966620108447,185.07684920583898,845494
2017-04-10,177.12213134765625,184.59714955432335,176.12279638428527,183.47789927491309,919360
2017-04-11,177.60179138183594,180.31998959602353,173.4045848530385,177.9215858652821,1374863
2017-04-12,171.72572326660156,177.8416483885501,170.60646078357794,177.08215625298135,932795
2017-04-13,172.245361328125,173.88427300775064,167.48852963275291,171.80565153131144,1198520
2017-04-17,170.1267852783203,176.08281917381547,169.48720846696426,172.68508032483152,644185
2017-04-18,171.3259735107422,178.20139013544656,170.2067111307354,170.76634842019482,753154
2017-04-19,177.002197265625,177.44190707297687,170.44656258891902,171.8456314857306,950721
2017-04-20,179.44058227539062,180.4399172314787,175.4832182890645,177.48188820124062,1244441
2017-04-21,175.60313415527344,183.07816452983408,174.36396856496617,179.80034098401418,1011168
2017-04-24,185.6764678955078,187.8750051902878,175.56320121908607,176.60249999930443,1868792
2017-04-25,184.91693115234375,186.19607249681005,180.99953105006708,185.87629021042156,962120
2017-04-26,181.55917358398438,188.19474770969214,178.80099943898793,185.3966099269292,1177896
2017-04-27,181.75906372070312,186.4359444339944,177.60182015478085,181.47924502721884,1390952
2017-04-28,181.67910766601562,183.75772939896572,180.2800386300837,181.47924066088248,427422
2017-05-02,178.96092224121094,183.03820184857418,176.76238517288604,181.83899981130605,609629
2017-05-03,177.8416748046875,181.4792570667332,176.2427386190775,179.16080447716473,471533
2017-05-04,175.8829345703125,179.60045535325665,174.56381744059988,177.88160428133875,861286
2017-05-05,175.00352478027344,178.4412393147901,173.92425039546023,175.88294438174717,940671
2017-05-08,179.48057556152344,181.87897968929434,173.92427510530365,175.68310235921948,1460821
2017-05-09,180.67977905273438,182.95826787168193,179.08084295492256,180.47991204050788,1154638
2017-05-10,181.07949829101562,183.7177450767601,180.20007862946304,182.27870026645283,657613
2017-05-11,178.68106079101562,182.91824274843714,177.68172599911958,181.43922237686655,682458
2017-05-12,170.84629821777344,180.95957508938167,168.80765250856285,178.2813525813523,1374613
2017-05-15,171.1660919189453,172.40525747467285,169.16742205627156,171.08614024487326,684175
2017-05-16,170.84629821777344,173.9642305374228,168.32797905863336,171.4059233421476,1137060
2017-05-17,171.365966796875,173.56450374706208,170.6864141327064,171.04617228477252,458404
2017-05-18,161.9722137451172,171.64576875189564,160.69306012821298,170.28667565825555,889149
2017-05-19,163.73104858398438,167.00886005951529,161.05282590860315,163.89093974395186,716598
2017-05-22,158.4145965576172,165.6098093405324,156.6957450501534,164.53053474244405,963566
2017-05-23,150.9795379638672,158.85429051150533,149.58046895196605,158.85429051150533,1071159
2017-05-24,155.73635864257812,161.3326342761488,152.69837800171436,153.81762824886337,2329608
2017-05-25,158.85427856445312,159.81363766068003,153.41789408728354,156.81563286065042,799812
2017-05-26,155.57647705078125,158.33463919985104,154.45721453595678,158.25468752060874,684351
2017-05-29,148.82095336914062,156.1760682364529,147.94154594729258,155.69638258896288,829481
2017-05-30,150.1001434326172,151.7790314078346,145.10346755270317,147.90160604545503,1012052
2017-05-31,152.53848266601562,153.49784173708994,149.1007681456629,149.9402119074451,792726
2017-06-01,152.13876342773438,154.49719159706598,150.37993626071997,154.1374334354584,432685
2017-06-02,152.05882263183594,153.77768628085857,151.17941508483983,152.29866548971287,247772
2017-06-05,152.3785858154297,154.29730388573938,150.97951699781288,153.49783598995833,481556
2017-06-06,151.21939086914062,152.77836347104318,148.66109531053164,152.65843593301926,400371
2017-06-07,151.7789764404297,153.33793631059575,148.74099616587637,151.41920614823565,365104
2017-06-08,154.20553588867188,155.5401309799694,150.8488505845561,151.85990186193249,541914
2017-06-09,151.73855590820312,154.89303044258457,150.84882599238654,154.4077209717878,416701
2017-06-12,149.8782196044922,155.58055035571488,148.2605378221273,151.2128021381702,1157007
2017-06-13,148.38186645507812,151.1723652011148,147.77523575629044,151.1723652011148,343040
2017-06-14,149.3524932861328,150.76796510790422,144.53989156049707,148.8267515462488,2050118
2017-06-15,150.5657196044922,152.70915526661807,147.93698683651417,148.82671671014103,542115
2017-06-16,149.0289306640625,151.57677447405646,148.22008979207303,150.56572338406963,402769
2017-06-19,146.84507751464844,149.43336609637487,145.186951092283,149.23115585808478,800312
2017-06-20,151.33416748046875,151.6172544467149,146.96641834502464,147.20907313176073,593268
2017-06-21,148.17967224121094,152.0216670822076,147.6134859961878,151.01061580826112,705927
2017-06-22,145.95533752441406,149.27159014182155,145.18694113997066,148.3414157042889,461691
2017-06-23,142.5986785888672,147.08774885344624,141.78983754450823,146.4002290289672,414909
2017-06-27,141.14273071289062,143.7310190082936,138.71620812183806,143.7310190082936,432028
2017-06-28,140.90008544921875,142.84131105760613,139.36329264177004,140.73831973400303,456158
2017-06-29,143.36705017089844,145.75312836826168,141.22362671301494,142.03246761665895,1727408
2017-06-30,143.69058227539062,144.3376574697537,141.5471588073665,143.00307490920025,268544
2017-07-03,144.21632385253906,145.5509062981772,143.16482829498054,145.5509062981772,310039
2017-07-04,148.90760803222656,150.12086932849587,143.65014241505955,144.2163285515988,1007768
2017-07-05,153.63931274414062,154.4885980815617,149.23113270182267,150.03997352947485,959562
2017-07-06,151.61724853515625,155.41879890601527,151.05106228280442,154.48863665871832,525403
2017-07-07,150.40396118164062,152.8709283670617,149.47379909395798,151.61722251788714,467344
2017-07-10,152.9517822265625,153.7201784277974,149.63553039984805,152.46647286687218,247136
2017-07-11,151.3745574951172,154.81213104753786,150.60616116943302,152.87091797823769,570112
2017-07-12,151.09149169921875,153.35624882417036,150.08044051325226,151.2532574205867,266454
2017-07-13,149.9186553955078,153.47755017288904,149.0289255301966,152.0620786956687,451332
2017-07-14,147.2090606689453,150.72752392390527,146.72375113655977,149.83779389517647,590608
2017-07-17,146.92593383789062,149.5546665712661,146.44063673842652,148.01787391006548,355810
2017-07-18,146.15753173828125,147.97742355878486,145.02515954229597,146.40018644940133,566386
2017-07-19,148.13919067382812,148.74582128648416,145.9148784274227,146.4001878543201,236229
2017-07-20,146.52149963378906,149.2311211331414,145.9553135667107,148.74581173739958,348548
2017-07-21,145.99575805664062,148.38183584458187,145.42957198962702,147.37078488851094,591117
2017-07-24,145.30825805664062,146.96638431649103,144.78251642538837,145.99577773621564,327637
2017-07-25,144.05455017089844,145.83399744712244,142.88172114749688,145.6722317569077,507820
2017-07-26,144.98472595214844,146.56196318031257,143.40748872398433,144.0545638883915,462505
2017-07-27,145.10604858398438,147.9369916571318,144.3780967305194,144.90383836447384,2313909
2017-07-28,147.37081909179688,148.6649695526992,144.3781100356354,145.3487167103454,535113
2017-07-31,147.16860961914062,148.74584701649,145.59137222179126,148.05833960838055,513209
2017-08-01,147.12814331054688,153.9628582566038,145.75311635606107,147.20903233101794,7090360
2017-08-02,148.13919067382812,150.72749116137228,147.2090286711948,148.3009687107482,1843166
2017-08-03,148.58409118652344,151.21282447110949,147.1281748989812,148.58409118652344,2521679
2017-08-04,151.45545959472656,153.2349071189082,148.01788574544705,148.01788574544705,3249090
2017-08-07,163.0623321533203,164.8013351704935,156.10629540076195,157.7239772183864,5062608
2017-08-08,160.06961059570312,164.76089032577923,156.18718411474765,164.1947041591343,2375567
2017-08-09,158.12838745117188,163.2645318268958,156.91512616638028,159.34164873596347,1416685
2017-08-10,153.11358642578125,159.66519037854493,151.01059512720556,156.51071577261422,1286165
2017-08-11,156.99603271484375,158.04751607216508,148.34142471030603,151.1723680241816,1853074
2017-08-14,164.2351531982422,165.73150151261066,158.61371120677904,159.62476236862253,1916983
2017-08-16,170.74632263183594,173.01106732743298,166.37857427189957,166.49990781469202,3546280
2017-08-17,170.86767578125,175.35674618140482,170.0992792342894,172.1213819062569,1665613
2017-08-18,173.1728515625,174.30522395069636,166.70212399124446,169.81615422975116,1736659
2017-08-21,171.1507568359375,177.055286134715,170.26102681840268,174.3456762484661,1373741
2017-08-22,168.6837921142578,175.5184960592376,167.75361756408293,175.5184960592376,1419907
2017-08-23,169.33084106445312,171.02939948622537,167.95580171196272,169.97790388688128,782745
2017-08-24,169.816162109375,171.4742885948345,168.80511087945263,169.61395186339053,726706
2017-08-28,172.80885314941406,174.2243247227856,169.89703331792367,170.98896112650783,1024247
2017-08-29,170.18011474609375,173.41547823816344,169.1286314847169,171.79779649212858,852495
2017-08-30,171.39340209960938,174.22434558534482,170.9081049072152,171.15075967437937,1049800
2017-08-31,169.97792053222656,173.0919631233214,169.29041313058838,171.87870169955977,1872653
2017-09-01,170.78675842285156,172.36400811904207,169.97791748816238,170.18012772183465,512468
2017-09-04,175.72068786621094,177.21704848792072,167.83448898613932,169.85659126308076,2235549
2017-09-05,178.34942626953125,180.61418335721353,175.92290346314306,177.13616486633714,2426127
2017-09-06,177.1766357421875,179.5627143884214,175.5185091094029,176.3273501652066,1099911
2017-09-07,176.32733154296875,179.48180639067954,175.84202202396688,177.94501348372992,557197
2017-09-08,180.85684204101562,183.5260073125672,176.5699825214103,177.05527968808627,2707449
2017-09-11,182.9193878173828,184.5775143412462,180.9377298292245,181.98922560108429,1235056
2017-09-12,184.33485412597656,185.46723890142147,182.4745297483419,183.20248169246557,1640215
2017-09-13,180.12887573242188,187.57020994767885,179.36047930412795,184.61794543931097,2342078
2017-09-14,181.13990783691406,183.24289900630032,180.20974578618478,180.29062246689531,1253548
2017-09-15,178.10679626464844,181.4634940183203,176.73176895171773,180.3715536669705,915004
2017-09-18,180.12887573242188,181.7870021357509,179.32003478854756,179.48180050893578,664842
2017-09-19,182.79803466796875,184.49660541360325,180.0884128456309,180.37151208388067,918059
2017-09-20,185.70989990234375,188.33863317167345,184.41574935605385,186.43785187092288,2520698
2017-09-21,184.13262939453125,188.05551276972668,182.59583659254105,186.35694191116244,1600639
2017-09-22,174.46694946289062,183.6877415320107,173.33457733566752,183.64729702562477,1145602
2017-09-25,177.7023468017578,179.3200286339849,169.20951718256566,173.65814222119013,1888111
2017-09-26,176.0037841796875,179.23914776871166,175.43758567806216,176.5699703393802,741237
2017-09-27,169.89703369140625,176.36776089818633,168.84553805191794,176.08466164611664,606655
2017-09-28,168.885986328125,174.83095967664855,167.9962563805965,169.8970374767106,1132214
2017-09-29,170.34190368652344,173.09195789385825,169.49261824716228,169.93748322415462,965460
2017-10-03,171.3529510498047,173.49637451614478,170.2610108888041,171.63603796203734,440358
2017-10-04,171.91912841796875,174.22431747931762,170.2610021754273,171.6764736899499,1020057
2017-10-05,175.11404418945312,175.841996018364,171.87868078641475,172.24265670087019,403625
2017-10-06,177.05526733398438,178.67294912723023,175.55891908039155,176.89350162304632,569162
2017-10-09,174.66917419433594,178.14719222025735,173.09193704942143,177.62145061926304,586216
2017-10-10,173.9008026123047,175.76113924817182,172.28312072753906,175.720694732666,348452
2017-10-11,173.01104736328125,177.25746169042142,170.98894530273833,173.90077720669277,633054
2017-10-12,182.87892150878906,183.8899725734287,173.13238677727665,174.46696924582818,1937586
2017-10-13,188.54080200195312,189.99670561925868,182.19139656341443,183.88996723951303,2233325
2017-10-16,189.8754119873047,191.49309387857033,184.9010451084362,190.88646316934572,1869197
2017-10-17,195.82040405273438,197.5594072039382,186.84226433617084,190.8055801580434,1473422
2017-10-18,196.91229248046875,199.21749372286556,194.76886927341513,196.54831658480904,1280802
2017-10-19,200.71388244628906,202.0080329394313,196.54835637350072,197.35719734623117,757624
2017-10-23,214.66635131835938,220.40912614741325,200.7138470026057,202.1697629648098,3870616
2017-10-24,215.79873657226562,224.81733211722394,213.57442415575144,219.1958781364877,4012762
2017-10-25,217.45689392089844,220.8135789200898,211.5523401870741,216.44584273536688,2269446
2017-10-26,214.38328552246094,218.46794716073757,212.68473926188955,217.90174861796905,2095735
2017-10-27,218.67015075683594,221.62241521988966,214.74726730248435,215.7987506398351,1348094
2017-10-30,223.68495178222656,225.26220148664916,215.9200985157764,217.4164345056681,1300024
2017-10-31,219.43853759765625,224.17026204311568,217.01201477268904,222.43125895532916,1223021
2017-11-01,228.98287963867188,230.76231493200467,218.87236768609776,220.81358104421858,2552028
2017-11-02,226.71807861328125,231.00494989516625,222.87608460574492,230.5196404521784,1734986
2017-11-03,221.54147338867188,228.9019290474649,220.8135216606287,227.1629263960672,1220405
2017-11-06,220.08560180664062,223.40185425229419,217.65907923916689,221.94592590149156,1400545
2017-11-07,221.7437286376953,233.39103270501613,219.4385271271953,231.2880661041471,4137723
2017-11-08,218.34664916992188,225.1813411647653,216.12233630433553,223.96807960171822,716299
2017-11-09,215.19212341308594,220.73268881974627,210.17732436744987,219.11500693072819,1209696
2017-11-10,212.28028869628906,217.61861850237065,210.7030391820336,214.3023907997635,1189862
2017-11-13,206.2139892578125,214.58548534104716,205.28382714031963,212.64427207761292,595829
2017-11-14,202.8572998046875,209.4897927037558,202.08890341952744,206.33531813649546,1392706
2017-11-15,201.3205108642578,206.78018736749993,198.65134555844193,203.342613272866,863211
2017-11-16,211.67369079589844,212.64428514532895,201.88671016496963,202.65510661471905,1381554
2017-11-17,212.6038360595703,215.55610041554294,210.74348717437022,214.3428390623598,956436
2017-11-20,217.5782012939453,219.88340278717837,212.03763621269817,212.68472374062014,1261309
2017-11-21,216.1627197265625,220.81355466922943,214.54503800737402,218.3870320904467,965599
2017-11-22,216.6480255126953,218.14438601439417,213.53398331918447,217.09287810439815,688834
2017-11-23,218.71055603027344,221.46060992222846,215.23255032631027,216.72891080224355,1157412
2017-11-24,220.08560180664062,221.50107330433363,217.17376978889934,217.17376978889934,1010646
2017-11-27,224.8577423095703,225.70701527568383,218.4274480786114,218.79143631200995,1292242
2017-11-28,231.40936279296875,233.75499622663648,223.15917658201292,224.048906417918,2828699
2017-11-29,226.2732391357422,232.6226450634556,225.01954562891143,230.19612239175862,957272
2017-11-30,231.6520538330078,233.31019266734418,222.8761241837617,224.85779447625433,3142851
2017-12-01,222.3099365234375,232.01602776971717,221.29888535195002,229.46818375434205,1648093
2017-12-04,219.76211547851562,225.34311359170238,215.71791036984857,222.43128097668827,862015
2017-12-05,219.923828125,220.6922368268234,214.74725148179735,217.61862670339423,665458
2017-12-06,214.0597381591797,221.62240547247703,213.12957606568503,217.1737805451098,1023584
2017-12-07,218.7914581298828,220.00471945038123,213.85752382308291,214.98989611877516,662843
2017-12-08,220.6518096923828,225.58574461211887,219.60032629087235,222.83569021412646,995184
2017-12-11,219.80250549316406,223.84670982606497,218.67013321672468,221.01576679303432,753322
2017-12-12,215.31344604492188,219.80250292851804,214.26193812031798,219.60029271423235,389492
2017-12-13,208.39785766601562,215.96052518899518,206.33532319786931,213.93842289321807,896892
2017-12-14,213.08914184570312,214.58547774161164,204.23232424737017,209.40890099449092,961857
2017-12-15,213.73622131347656,217.37600559317627,212.2398606172711,216.00096610285405,793079
2017-12-18,212.72512817382812,216.32447956970577,202.04843219394616,213.12954856959587,1041618
2017-12-19,215.51565551757812,217.942178080656,213.04867610146394,213.25088631505375,587437
2017-12-20,217.4164276123047,220.16650646450108,214.3832741875579,214.3832741875579,1192538
2017-12-21,224.17025756835938,225.66661821732635,215.3538964170722,216.36494757395985,1715562
2017-12-22,221.7033233642578,227.2034322988348,220.85402550268222,226.4754803345332,1570805
2017-12-26,221.54147338867188,224.0488846153632,220.5708793125678,221.54147338867188,906433
2017-12-27,222.3099365234375,227.28430335038252,220.44958755758066,221.29888535195002,1509906
2017-12-28,219.60025024414062,223.48267573402924,218.8722985502689,221.8649943325991,726539
2017-12-29,229.10415649414062,230.11520749367347,220.1260186815166,220.1260186815166,2249297
2018-01-01,230.479248046875,237.19261833419333,225.78795553378077,229.71083923925286,2175223
2018-01-02,224.73646545410156,232.05646626143223,222.99746232856708,230.72188361550423,1251589
2018-01-03,225.0599822998047,227.8504933015965,223.72539974046038,226.43502171480526,895484
2018-01-04,226.96080017089844,228.3762719872196,223.88718941656504,225.82842765461544,731877
2018-01-05,226.83946228027344,231.08587741714388,224.93868104413883,225.50485491873425,1060647
2018-01-08,229.5085906982422,230.51964175858689,226.15190611467062,226.47543751720815,1634150
2018-01-09,234.64476013183594,236.1411207980503,226.5158939264441,229.50861525887288,2228895
2018-01-10,237.51614379882812,242.45007860887645,235.45360921715357,236.18156114692886,3622501
2018-01-11,236.01976013183594,239.98310021143766,234.15943597175482,236.18153818221901,1217681
2018-01-12,238.24411010742188,245.76634632607116,234.88742484585572,236.86909519794125,3863749
2018-01-15,235.8580322265625,240.34708974484786,234.68520294433853,238.6080865928935,719755
2018-01-16,227.72915649414062,236.70729585350787,226.47546291227997,235.81756588386492,759804
2018-01-17,235.73670959472656,236.7477608030006,221.70331388710915,227.68873210331807,1434468
2018-01-18,236.94993591308594,239.17424824149944,228.25489681110588,236.4646264682957,2972725
2018-01-19,244.9169921875,246.9390942520727,232.5417374258603,236.50505253565018,2871058
2018-01-22,247.18174743652344,248.59721880227792,239.90218041264333,245.0787564706302,1204860
2018-01-23,240.46839904785156,247.4244359951328,239.05292741780633,245.48322269641548,1114639
2018-01-24,236.54554748535156,240.54929540773242,234.76608750838204,240.1853317878071,683576
2018-01-25,229.91299438476562,239.74040503910985,228.90194339802522,236.82857326052513,1518962
2018-01-29,227.0416717529297,232.05647099195775,225.66663222069022,229.71083709919722,1047030
2018-01-30,226.07102966308594,229.50860345939404,224.3724588504901,225.66660921646147,963267
2018-01-31,230.88365173339844,235.17049875898394,222.6334644313339,225.66661789770083,1416923
2018-02-01,224.45335388183594,230.51966074350716,221.37976827880215,230.11524028606243,875146
2018-02-02,211.47145080566406,222.83565491221512,207.10369045412298,222.83565491221512,888189
2018-02-05,204.43455505371094,208.35743869280094,198.04471633104106,203.4235038417737,1378836
2018-02-06,196.18435668945312,199.21750997054568,186.03340124034355,194.12180998992372,1747168
2018-02-07,198.7726593017578,202.00802303403464,193.79829250015547,199.54105571978693,1096471
2018-02-08,208.27655029296875,213.04870709106328,203.14040518392204,207.06328883495146,3375631
2018-02-09,217.17379760742188,217.7804283269957,200.63300245542953,201.40139889850298,2067974
2018-02-12,218.4679412841797,222.7547883622853,216.85025941563168,219.96430194935985,1149505
2018-02-14,219.84298706054688,223.19969715818175,218.4679720887203,219.4790233991236,1070510
2018-02-15,218.02304077148438,225.42395428003718,214.98988759055743,225.42395428003718,1576373
2018-02-16,214.8686065673828,221.54154481285352,213.3722457816248,219.11502181450052,432799
2018-02-19,210.09642028808594,215.2729970253986,207.95299687543283,214.34283494260933,409325
2018-02-20,212.0376434326172,215.11125375620668,208.15521686834913,209.89421991934697,1904616
2018-02-21,210.82437133789062,215.2325640263106,208.8831581543521,213.41267203851856,1372569
2018-02-22,205.7286834716797,210.6221609389483,204.51542214751078,208.07431709496657,1513731
2018-02-23,213.37220764160156,214.747246968429,206.05220777855854,206.8206041223002,1153410
2018-02-26,224.97911071777344,226.5159036229688,212.19943327389515,214.18107883874504,2107058
2018-02-27,218.22528076171875,227.0416669577539,217.57821786837084,226.63724647844467,1403888
2018-02-28,214.0597381591797,217.37599076908103,212.158957117077,216.76936009716732,858778
2018-03-01,215.2729949951172,220.49002853787476,213.21046062734683,213.5339920421529,950377
2018-03-05,208.7213592529297,215.5156417423656,206.7801462633176,215.5156417423656,1588224
2018-03-06,209.24716186523438,215.39433328604525,208.27654285991335,209.4898042746313,2256273
2018-03-07,205.04116821289062,210.70305451462727,202.2911140888202,208.43830986747875,1455078
2018-03-08,206.17352294921875,208.923576838701,201.07783558588,207.95298265151723,1570624
2018-03-09,204.0301055908203,207.87209965050872,202.4528683925978,207.30590117869326,703784
2018-03-12,205.48602294921875,206.9419389655898,201.6035843528733,206.17353027505226,624702
2018-03-13,205.9713134765625,209.2471336651409,204.59628652691362,205.16247264242412,604191
2018-03-14,202.9786376953125,206.5375453464192,201.48228931524517,204.91986341644352,943674
2018-03-15,204.35366821289062,207.06329042673275,201.724935033645,202.77643077373003,708131
2018-03-16,203.140380859375,206.8610538218787,201.40137791455638,204.3940866842577,481182
2018-03-19,194.12181091308594,203.6256912390391,193.3938590589348,202.61464014053345,1368083
2018-03-20,192.78726196289062,196.02262604136544,190.1989608265632,192.26150789497777,384759
2018-03-21,191.73574829101562,197.03365894391283,190.8864628312189,194.20271563921256,877119
2018-03-22,187.24667358398438,192.86811552773034,186.11430122910497,191.9379534035032,763575
2018-03-23,181.1803741455078,183.60689701352803,179.11782723930395,182.95982178033591,680048
2018-03-26,189.268798828125,190.8055918305539,174.70966045673077,181.18038862179486,2123312
2018-03-27,188.25772094726562,191.4526400588649,186.68048364831742,189.9158472736195,995986
2018-03-28,185.42677307128906,188.09595046283914,182.9193613885139,185.95251471029073,2148981
2018-04-02,189.3496551513672,189.9967179825273,183.60687996032846,186.03340260297597,591771
2018-04-03,194.00050354003906,194.64756641563827,187.04446654994877,189.26877912513734,815521
2018-04-04,189.75408935546875,196.75055854581274,188.17683964979742,194.84977740109426,1247226
2018-04-05,196.14390563964844,197.5189326128596,192.05925688886938,193.07030794886757,697257
2018-04-06,200.5116424560547,201.8057927572023,193.75782874088264,196.1439067880624,746772
2018-04-09,202.9381561279297,204.43451657673774,197.55936962954772,201.36091900254885,822816
2018-04-10,201.52272033691406,203.82792201071342,199.82416172531828,203.01908105035344,562306
2018-04-11,200.5116424560547,202.0080029703859,198.32777462205854,201.4013723308352,310478
2018-04-12,199.46017456054688,201.52270902009312,198.2469131881395,200.5116578764203,533991
2018-04-13,197.19541931152344,201.8866991289264,195.73950318309727,198.48955738195434,577061
2018-04-16,195.5372772216797,197.64026838710345,194.5262261502129,196.83142752993,511506
2018-04-17,194.32403564453125,197.72116512081485,193.27253995517523,195.73950728814384,625990
2018-04-18,192.74679565429688,195.9821593670272,191.1291137979317,195.7395046201858,582080
2018-04-19,192.86810302734375,194.44534025581902,191.41218699262342,193.39385699812365,553698
2018-04-20,188.25772094726562,192.5850247328803,187.12534861518301,192.4636911917718,887306
2018-04-23,194.2836151123047,195.73953145098824,187.48935532102777,187.9746525392991,2374664
2018-04-24,194.4049072265625,198.36822253618018,193.83870874638953,194.60711744321506,942536
2018-04-25,190.40113830566406,194.12181129220426,189.71363096249695,194.12181129220426,725366
2018-04-26,192.22103881835938,194.93066082468732,187.89374732139433,189.4305401255627,1673348
2018-04-27,195.09243774414062,197.15498466751055,193.02989082077073,193.7174105758719,381688
2018-04-30,199.8241424560547,201.15872497517992,194.5262322081935,195.33507309055605,759368
2018-05-02,195.4159698486328,202.61464904975514,194.76889464875,199.86459487766936,449433
2018-05-03,196.34613037109375,198.40867715439808,193.3938659943571,193.3938659943571,456451
2018-05-04,195.3755340576172,197.7616123931561,194.2835938376914,195.61818881114885,589903
2018-05-07,195.0115509033203,197.23586343508308,193.39386906203828,195.1733166190619,382935
2018-05-08,196.2248077392578,197.27629103818992,192.78723390615573,194.6475581069942,710613
2018-05-09,196.14390563964844,198.0851187380722,193.55561739443945,194.44533492207873,524624
2018-05-10,189.8754119873047,197.35719073440828,188.54082936378387,194.97111241317813,340993
2018-05-11,190.1180419921875,193.3129608431758,188.2577055910007,189.9158317821005,632209
2018-05-14,185.06280517578125,190.60335807895035,183.04070287347145,189.26877549619908,762677
2018-05-15,184.33485412597656,188.86436854388833,183.0407159650974,184.41574316062758,526034
2018-05-16,182.87892150878906,186.51870534149174,180.12885520781012,181.9891916351334,472378
2018-05-17,188.3790283203125,189.91583333469643,181.46344895234625,183.04068613553275,816964
2018-05-18,181.70611572265625,188.37905360576462,181.05905283178043,187.1253599982426,343681
2018-05-21,176.8126220703125,183.97085648414583,175.72068194081183,181.70609954195373,517327
2018-05-22,180.0480194091797,182.2723322564354,174.10303286246787,176.12513545088214,642495
2018-05-23,173.09194946289062,181.4634575629389,171.39337866690235,177.540574332264,921794
2018-05-24,174.9927215576172,176.24641499242537,172.12133409267895,173.57725008044372,502324
2018-05-25,186.07383728027344,187.1657650065904,174.99272026627398,175.03315243463513,723111
2018-05-28,192.30194091796875,193.27254761509857,186.0334233906743,186.0334233906743,658855
2018-05-29,195.82040405273438,197.19543123530644,189.2687872496276,193.31299210538887,1088680
2018-05-30,205.64779663085938,206.61840323211703,193.31297303746467,194.93065482020495,3050462
2018-05-31,212.15899658203125,223.56366027223132,202.41247184715473,206.25446681728056,3343579
2018-06-01,217.0928955078125,218.71057732930717,203.9896752220922,214.10019894836677,3370094
2018-06-04,211.1074676513672,219.1958763736418,207.99342535651857,217.57819462918687,784816
2018-06-05,201.60365295410156,210.0155958236366,200.51171248477726,208.7619019375914,1066897
2018-06-06,211.43101501464844,213.33179614455807,200.59255144587829,201.60360261244017,1654778
2018-06-07,213.69578552246094,214.74726886747447,208.80228304114962,211.35012705704128,654846
2018-06-08,212.21177673339844,214.9324556981988,209.8208953352565,214.56144601571907,774983
2018-06-11,212.25302124023438,215.75690664516333,211.2636788265983,213.5308987944935,534376
2018-06-12,217.941650390625,219.13707840325705,209.61476577427428,211.88198546308158,1465209
2018-06-13,213.36599731445312,219.30200140135594,211.67589796916593,218.80733020077696,904985
2018-06-14,212.17054748535156,215.34466010797294,211.30486668280764,214.02554542792018,602574
2018-06-15,209.0789031982422,212.95377304458427,205.69867938673627,211.30488583507136,685662
2018-06-18,198.2786865234375,209.03767805869484,197.24813201967743,208.5842315610382,1369497
2018-06-19,195.5167999267578,201.5352408834051,193.53814026594753,197.04202565947375,837727
2018-06-20,198.4847869873047,200.54589588644598,192.4663464858101,194.89845247079472,1574414
2018-06-21,196.8771209716797,201.4115604670994,194.85723680335838,200.33978134308907,818606
2018-06-22,196.3412322998047,197.2069005693168,192.38391320491044,196.62979258297892,1064939
2018-06-25,192.4663543701172,197.61912682905165,190.7762424875845,196.6297970329384,378396
2018-06-26,187.80824279785156,191.55946345820135,185.58224773369122,190.44645963611606,703379
2018-06-27,181.33636474609375,187.27235606635932,177.75004268468845,186.07691537922423,1161757
2018-06-28,188.17922973632812,190.03422761981875,179.1928005771995,181.21268464544295,1697958
2018-06-29,187.27235412597656,191.84801851002533,185.9532519462578,186.44791054614834,811187
2018-07-02,184.6341094970703,187.27232604086686,181.62489591399137,186.36544578706645,990795
2018-07-03,181.7073516845703,185.08757523988632,180.14091398625905,184.63412877563513,748009
2018-07-04,179.93482971191406,183.7684877184449,177.33783720168506,182.5318222221431,826769
2018-07-05,181.1714630126953,182.944011543728,179.3989144816626,179.72868685673527,321465
2018-07-06,185.74716186523438,188.7563762368012,179.7287205420886,179.7287205420886,582818
2018-07-09,189.9105682373047,190.8586732451797,186.32423392401992,186.32423392401992,666073
2018-07-10,192.7136993408203,195.14580554377167,190.03425753180355,190.03425753180355,667745
2018-07-11,189.29225158691406,193.95035279635246,187.60213972667165,192.01290534534104,571992
2018-07-12,186.61280822753906,191.60068179212783,185.0463578870807,189.53957285469096,426865
2018-07-13,185.9944610595703,187.56089869801139,181.04779999500738,185.54101461265012,420368
2018-07-16,180.84170532226562,186.69524722518625,180.14092324331935,186.035689841474,373031
2018-07-17,186.4479217529297,188.014372196764,178.65693197126393,179.1516031808982,436949
2018-07-18,182.57301330566406,187.9318961362842,179.8523471987319,185.54101498231907,348462
2018-07-19,183.68601989746094,185.12879606630094,178.574472558144,182.98523786916329,742947
2018-07-20,182.98524475097656,183.7684636132292,180.14091699858,181.78980411069514,532713
2018-07-23,185.9120330810547,187.60214498870286,181.13025765210296,183.02648046117136,532468
2018-07-24,190.8174591064453,192.09534913817342,185.91202244917642,185.91202244917642,678911
2018-07-25,200.29855346679688,203.76121378317916,188.96245490839604,192.09534284417427,1942064
2018-07-26,196.42369079589844,199.06190784147805,191.76558941448496,197.7840177253346,1481271
2018-07-27,194.4450225830078,199.8039058311805,192.71368604005548,197.7840090043992,739480
2018-07-30,195.43434143066406,199.3916728932612,192.6312258788199,193.74422967705374,662461
2018-07-31,198.23745727539062,199.59779673712464,194.0328025446027,196.1351236199913,606916
2018-08-01,194.69232177734375,202.81309504594307,191.3121110745835,199.84509350107197,1717698
2018-08-02,188.17922973632812,196.50611415644548,185.8295607185695,194.98088864246046,1795968
2018-08-03,192.5900421142578,193.5793719805273,188.50903597337702,188.50903597337702,744148
2018-08-06,189.7869110107422,194.32135073444806,188.22047322910262,191.27091198177536,683275
2018-08-07,190.94113159179688,192.54879400149255,185.49979911896966,190.4052357352248,687080
2018-08-08,190.65255737304688,192.79611548254215,188.67389802582764,191.88922261006124,517689
2018-08-09,190.85867309570312,192.50756012028802,189.1273366878851,189.786894013721,413536
2018-08-10,187.64337158203125,192.01291267230673,186.81892796801532,190.03425303067297,417905
2018-08-13,185.25244140625,188.3853290442124,183.52111770264543,185.499776958196,403190
2018-08-14,188.09681701660156,188.7151497649533,183.4387153443564,185.29371358941168,619852
2018-08-16,191.10598754882812,192.63120033003253,185.25243422634566,185.25243422634566,962242
2018-08-17,187.8907012939453,193.20837285774567,186.73648522522012,190.28159540774982,917363
2018-08-20,192.8373260498047,194.56866239977245,187.3135572180164,188.26167477347843,859784
2018-08-21,205.82232666015625,206.5231087077355,192.38390689607624,192.79612866994398,2668028
2018-08-23,205.03912353515625,209.20256628661627,202.02990938707737,206.06967804888345,1979875
2018-08-24,203.9673309326172,211.88199411037866,201.65889903744622,205.28644565558088,1754867
2018-08-27,212.45912170410156,215.13856335264757,205.2864524578314,205.32767715304195,3120599
2018-08-28,216.9523468017578,218.23024958670382,208.04836522676067,214.35535427238565,2375098
2018-08-29,217.6118927001953,220.3325464463759,214.10800749010326,217.65310481512904,1457096
2018-08-30,217.7355499267578,220.90966267494827,215.17976985055168,218.5187562152588,1111220
2018-08-31,217.3233184814453,223.05318589102382,214.43776614050051,217.61187874754373,1087250
2018-09-03,212.78887939453125,222.35242934170495,211.5109768314062,217.61187906047857,1210731
2018-09-04,206.64678955078125,214.2728930811653,205.36891199618543,213.90190854597108,832278
2018-09-05,205.24526977539062,209.20260230544707,200.38105666512152,207.18271762677645,720901
2018-09-06,217.9828643798828,218.47753553006808,204.70933109002425,206.02843319050174,2374153
2018-09-07,222.2699737548828,227.58761926073552,217.11720185385167,218.02409474043696,3348532
2018-09-10,209.0789031982422,225.32042711593115,207.80101309486747,222.59977328424367,2308277
2018-09-11,202.1123504638672,212.41789581854144,201.16424532324172,210.39801144502758,1332751
2018-09-12,200.46343994140625,204.33833460905407,193.95034106516454,202.89555842684774,1282701
2018-09-14,205.53378295898438,207.10022069810603,201.7001128395386,201.82378692210744,600617
2018-09-17,205.24526977539062,209.32626383638092,201.20550041804938,204.2971644915289,891222
2018-09-18,200.13368225097656,210.06823006512195,198.7733553541895,204.54446050663785,999195
2018-09-19,199.30923461914062,204.87422876052304,198.27868014851427,200.54589998389227,1102769
2018-09-21,183.5211639404297,202.77191587360727,181.37760539017737,200.79325611953738,2209297
2018-09-24,189.0861358642578,193.74423695478353,176.4309221630795,185.66468753598625,2235730
2018-09-25,188.09681701660156,191.68315198904656,184.67538084105993,189.78692904476543,1378260
2018-09-26,189.25103759765625,190.44647834398634,183.27382128599436,188.6327048757602,885761
2018-09-27,184.0157928466797,192.42511431230562,181.8310225305156,191.68312016946007,1386494
2018-09-28,181.7073516845703,186.32424055329312,177.708808052561,184.84023966120293,838759
2018-10-01,184.7990264892578,185.45858388019644,174.36982006132922,179.81115281155945,932571
2018-10-03,188.96243286132812,196.29998698375832,181.6248913189064,183.02644264296345,1495455
2018-10-04,184.6341094970703,187.0662151768201,180.67677839137107,186.0768855453975,913021
2018-10-05,184.9639129638672,187.8906774626321,180.5531349992335,184.51046650152006,1176895
2018-10-08,184.0157928466797,189.12734020186332,178.53324842007328,184.0157928466797,1437374
2018-10-09,187.51968383789062,189.95178980614438,178.90425121474922,183.06769367837563,1002879
2018-10-10,192.7549285888672,195.3931457624849,185.74715753831393,187.14870923242222,671557
2018-10-11,188.0556182861328,194.36260773634632,183.5211778087207,187.14872515864522,905845
2018-10-12,194.5686798095703,196.1351175387449,188.63268870426344,190.61134821269562,1423951
2018-10-15,193.82669067382812,196.01146112864154,191.64190763900407,194.56868486376194,558239
2018-10-16,202.0298614501953,202.8955295523259,193.45564238243682,194.28008579779774,1563096
2018-10-17,192.91981506347656,206.02846413193882,190.4464841011243,203.63758256700302,997862
2018-10-19,194.11526489257812,200.29859258662933,188.17927282229144,189.62204928423674,1444964
2018-10-22,186.90135192871094,195.68168336218775,185.70591128659728,193.74423597047885,1314950
2018-10-23,185.87081909179688,189.0861568871777,182.6554938764278,183.1913772189854,894037
2018-10-24,182.2844696044922,189.5807873005682,180.55313315863827,187.31356759195515,1136057
2018-10-25,185.17001342773438,187.89066688868644,180.14090309201757,180.388238655743,1289263
2018-10-26,185.78839111328125,190.1579326189663,183.8509434041474,183.8509434041474,1290762
2018-10-29,194.11526489257812,198.6084805009195,186.15938829157054,186.9426072834812,1743028
2018-10-30,187.7670135498047,197.61911119591102,186.73645913954232,192.26022826254666,1334249
2018-10-31,212.5003204345703,214.93243891868298,192.26022920210391,195.88778829196096,7675539
2018-11-01,214.14920043945312,217.7767468297153,209.86209672914066,213.48965569941237,2111941
2018-11-02,211.34613037109375,215.75690884005613,209.57356901197298,214.10802157390367,1012251
2018-11-05,218.6424560546875,222.0226547372344,209.243791326086,209.243791326086,2032245
2018-11-06,216.99356079101562,221.3631017104916,215.01487606670358,219.0958818605704,1041358
2018-11-07,218.68360900878906,219.2194921798235,216.00416799360127,216.00416799360127,106565
2018-11-09,221.69290161132812,224.2486820639144,217.24091074941708,217.61192047125323,1145665
2018-11-12,213.53086853027344,221.77530360866237,212.29420326851508,221.44553123753064,773981
2018-11-13,219.01344299316406,220.7859917471716,210.31557285139283,212.78890371559575,1103217
2018-11-14,219.30198669433594,224.9081928315362,217.1584284089285,217.1584284089285,1364589
2018-11-15,219.79664611816406,221.32187165282883,214.43776327097711,221.32187165282883,713688
2018-11-16,216.37521362304688,223.75396809020287,214.35531691884222,219.63175045714823,1270980
2018-11-19,214.7675323486328,218.84853774901558,212.7888729751214,217.85919548225039,554994
2018-11-20,212.33543395996094,218.6424474748286,211.26366736999486,211.6758891599851,1180713
2018-11-21,215.7156219482422,218.80728486120194,212.95373138066137,213.36595310238934,861393
2018-11-22,214.6851043701172,221.98143512488946,212.74765691455306,216.0042191373112,1621766
2018-11-26,210.8102264404297,215.9217742550097,207.3887905253508,215.34467882982815,749020
2018-11-27,210.56288146972656,213.28356033024855,205.4513338827109,209.82088729322817,779049
2018-11-28,208.46055603027344,212.54153649463865,206.6055580482837,210.233104625504,950963
2018-11-29,214.06678771972656,215.83933652718355,208.58424250409396,208.58424250409396,935641
2018-11-30,223.34178161621094,226.96932867446884,214.7675726166858,215.3859053593442,3136436
2018-12-03,223.30052185058594,228.32963211645836,220.4561817772594,223.83640508120763,1850457
2018-12-04,218.0241241455078,224.70209730189197,215.71566692649114,222.59977614673733,612044
2018-12-05,214.47897338867188,220.7859611874125,213.0774345222957,216.82864241644324,748936
2018-12-06,215.7156219482422,219.2195065829299,212.45908544260155,214.35529529854333,1249497
2018-12-07,211.67588806152344,218.88976934891713,209.7796653214064,217.03477130358732,1481852
2018-12-10,202.48333740234375,210.23310160601235,201.2054474059915,208.58421453459266,1484974
2018-12-11,203.10166931152344,206.48188024756874,196.79466873839743,196.79466873839743,1260462
2018-12-12,214.27288818359375,215.38589208378232,204.5444636960672,205.4513441147291,1508377
2018-12-13,219.17832946777344,226.76319526252271,212.95376537988537,212.95376537988537,5439812
2018-12-14,208.9552001953125,218.43631291807233,208.04831990357673,215.67442219231083,1284834
2018-12-17,213.32476806640625,216.82865314575784,207.34755234280647,209.4086612130133,3801459
2018-12-18,211.01632690429688,216.41643474439724,210.39799423359858,213.53088228113862,1118284
2018-12-19,221.98141479492188,224.2486344446379,210.56286716343925,211.8407696983816,3552397
2018-12-20,218.230224609375,223.34175968405086,217.24088225426547,221.15698923987367,1126634
2018-12-21,211.46978759765625,221.11578797313726,210.52168247084083,220.37376859039068,999159
2018-12-24,212.6652374267578,216.2515469712657,211.0575623371341,211.46978413857383,1006585
2018-12-26,210.9338836669922,214.23165781020091,208.04833129168455,211.34610543489327,789883
2018-12-27,213.53086853027344,218.80730194843852,212.21175388572738,213.4484191474857,1432931
2018-12-28,213.24234008789062,217.81801733513353,211.6346901037428,215.42711067764412,860480
2018-12-31,215.8393096923828,217.28208589396297,213.61332722024272,215.3034264209428,605373
2019-01-01,213.94309997558594,216.58132938418703,212.3354249984665,216.58132938418703,537488
2019-01-02,210.85145568847656,214.27289167741898,209.3674546573648,212.953776854206,736827
2019-01-03,214.7675323486328,217.57063522444227,209.49109896592933,209.49109896592933,3187049
2019-01-04,215.7568817138672,218.312636527061,213.77819711523742,217.65309176753095,2193261
2019-01-07,217.69430541992188,222.51730513316423,216.00420623665832,216.00420623665832,1847402
2019-01-08,216.62255859375,219.71422213219554,215.01488348974942,217.9828855186616,681268
2019-01-09,215.7156219482422,218.683623376687,213.20107950970845,216.86983773707706,856853
2019-01-10,214.5614471435547,218.39510485590196,213.65455415052085,215.17977984425656,838857
2019-01-11,212.21177673339844,216.58134289140315,211.14001012182436,215.75689929480097,1679794
2019-01-14,214.5614471435547,216.99356583032423,210.39800444282645,211.92321755655115,1631227
2019-01-15,220.70352172851562,224.24861850110705,214.97362968442522,215.34463930109945,2659149
2019-01-16,217.0760040283203,222.51733717657788,216.16913613696374,221.94024171480768,1065781
2019-01-17,215.67445373535156,219.2607884762993,214.93245951722983,218.06533517597595,923753
2019-01-18,218.4363250732422,221.3218774511713,213.86064834937113,216.74620072730025,2065303
2019-01-21,213.15989685058594,218.47756848720857,212.624013507056,217.65312483253987,843557
2019-01-22,211.8407745361328,214.60264022629806,210.64532135679283,212.17054691525496,668522
2019-01-23,216.62255859375,217.81801189262453,209.9033482021995,211.5934475392075,2403131
2019-01-24,213.11866760253906,217.94166762670918,211.96445161077722,216.78745163494733,902166
2019-01-25,207.26510620117188,215.96300086564102,206.11089024778843,212.70643873571765,1071678
2019-01-28,203.22531127929688,208.54296903814893,201.0817532682825,208.1719720000911,628086
2019-01-29,203.47267150878906,204.04977948020579,200.17489729496756,203.01922503838657,720834
2019-01-30,203.22531127929688,206.02841398907677,201.53519968369042,203.30776065664693,547517
2019-01-31,203.88490295410156,205.1627930385593,201.24668597393747,204.0497891566098,701329
2019-02-01,203.4314422607422,208.13076789422846,202.15355226549337,202.15355226549337,839941
2019-02-04,200.79322814941406,203.51389436728536,195.8877915665912,203.3902202873761,868024
2019-02-05,204.13223266601562,205.20399924144266,199.2267833676681,201.16423078634406,1638872
2019-02-06,201.8237762451172,208.99643235429212,196.2587824842041,202.02988712515102,1861940
2019-02-07,202.2772216796875,204.66810284404914,198.73211204493668,199.76266643992182,1114210
2019-02-08,199.55657958984375,205.41012171018767,198.0725785663723,201.16424212359976,655511
2019-02-11,194.52745056152344,200.91688799043135,193.7442317152722,199.51533648976968,1186958
2019-02-12,194.0740203857422,198.1138016149169,192.2190222668385,192.2190222668385,893704
2019-02-14,193.7030029296875,198.8969996329967,192.63122383535227,195.8053364262662,880666
2019-02-15,195.97019958496094,197.8664219782542,191.55943480970066,193.53809399747988,1078885
2019-02-18,192.26022338867188,198.97944552125347,191.2708936959019,196.1351053570266,843945
2019-02-19,192.5900421142578,196.3824753649595,191.312151937821,191.312151937821,558643
2019-02-20,197.08323669433594,198.52601293283033,193.49690215521713,193.49690215521713,1711771
2019-02-21,193.20835876464844,197.41301349117361,192.59002607721732,197.0420163947171,878392
2019-02-22,191.84800720214844,194.03279010792448,190.15789544711674,190.8999021732333,992579
2019-02-25,198.31991577148438,202.07113676727232,189.78691925249487,193.49691555118397,2213736
2019-02-26,201.74136352539062,203.39025086532843,195.3931497826324,195.3931497826324,3590167
2019-02-27,200.09243774414062,204.21465530203395,195.3106628609824,200.95810594730014,3038061
2019-02-28,200.29855346679688,203.4726660951531,199.63899612557884,201.16422169089495,864971
2019-03-01,202.35968017578125,204.3383523742677,200.2985711648647,201.9062336773774,681309
2019-03-05,205.24526977539062,207.51249009594227,202.81316322025606,203.51394544225008,1486682
2019-03-06,204.58567810058594,208.99645647435693,203.7200223685473,206.23456533115285,889091
2019-03-07,205.32766723632812,206.56433255285287,201.3703357074469,204.8742207709337,1464502
2019-03-08,205.5749969482422,207.55365636620405,200.9581081996514,205.20398729986576,1042565
2019-03-11,211.63465881347656,212.5003144338746,204.70932579022525,205.61620610207308,1275655
2019-03-12,211.51100158691406,214.3553421525629,209.86212691959798,212.7064549052355,1033450
2019-03-13,210.8102264404297,213.7782158585676,209.86212133047124,211.67589473822403,541890
2019-03-14,211.22244262695312,212.45910792298912,208.95521033754392,211.71708861735164,366886
2019-03-15,211.63465881347656,213.07743495415275,209.77964833831192,211.22243705899768,348927
2019-03-18,215.42709350585938,216.5813346250656,210.85144178336654,211.71709746275027,664308
2019-03-19,217.7355499267578,222.10509074477216,216.04542552732144,220.33254211708788,1506411
2019-03-20,214.5614471435547,219.17833634079983,213.9431144428528,219.17833634079983,644061
2019-03-22,210.27435302734375,215.79812290273912,209.73845711300714,213.48969077332848,543330
2019-03-25,208.99642944335938,211.05753821499013,207.34754242605476,208.99642944335938,461820
2019-03-26,209.4910888671875,211.7170711200749,206.8528597230049,209.57352566543764,941683
2019-03-27,207.63612365722656,212.08811402159387,206.11089798016897,210.23311593977235,836966
2019-03-28,206.11085510253906,209.61473963928222,204.62685442979915,207.63608046230115,720088
2019-04-01,217.6118927001953,218.93098229833055,210.52167289012243,212.87134212183548,2259473
2019-04-02,217.28208923339844,221.56920579084823,215.71565150818356,218.47754245423172,1565358
2019-04-03,213.69578552246094,219.59055207428358,213.15987706864144,219.0546687804854,579929
2019-04-04,216.4576416015625,217.11721153030155,211.59342974220542,214.4377700223484,441285
2019-04-05,217.3233184814453,219.1783164149098,215.6331941571658,215.7568808140792,847964
2019-04-08,214.231689453125,217.69433771892992,213.61335670994302,216.49890951145898,343416
2019-04-09,213.03623962402344,214.9736872835115,211.5934631993019,213.53091085878995,893892
2019-04-10,210.0682373046875,213.28357497701091,209.53234140262794,212.12933377872528,896117
2019-04-11,209.65597534179688,211.67585931192642,208.62542101213802,209.49108916505324,439674
2019-04-12,211.51100158691406,211.9232233987459,208.6666861812879,210.02701312832846,402782
2019-04-15,211.8407745361328,214.19041846239043,210.7277707415783,213.61332308893162,973122
2019-04-16,217.69430541992188,218.64243561348047,211.51097890551372,211.88198856038622,2218830
2019-04-18,213.11866760253906,218.31265214547818,212.50033491123577,217.6943194541749,1123267
2019-04-22,213.7781982421875,215.26221169898292,211.38731702626256,212.1705484473507,682938
2019-04-23,212.58277893066406,215.13855902214408,212.08810775811614,214.39653968331174,441489
2019-04-24,211.01632690429688,212.9949989985376,208.37811002531961,212.0881060495093,832132
2019-04-25,208.1307830810547,211.22245914289948,207.38878887741893,211.22245914289948,480932
2019-04-26,209.7796630859375,211.304876136727,207.7597788629938,208.25445003514798,948968
2019-04-30,208.7490997314453,209.6972173410017,202.11232678459044,208.70787503885418,912967
2019-05-02,212.3766632080078,213.4484297574655,206.44065959249644,206.93533075379244,607357
2019-05-03,211.3048858642578,215.17978087115722,209.82089743950004,212.74766217278088,665328
2019-05-06,208.37811279296875,210.23311082970142,207.67733072486553,210.23311082970142,342483
2019-05-07,210.27435302734375,211.3873443940214,207.96590831792147,208.37813013817504,395133
2019-05-08,207.8422088623047,209.82086820631335,206.93531599129528,209.20253558880947,404379
2019-05-09,204.70936584472656,208.70791009754217,203.7200359564017,206.9353612384606,571177
2019-05-10,206.7292022705078,208.13075366820436,203.6787639155191,203.6787639155191,461821
2019-05-13,203.14288330078125,206.93532861821876,201.94744268333142,205.69866330775133,552883
2019-05-14,200.3810272216797,202.6482472090922,195.10458043024005,202.1535759980158,684170
2019-05-15,202.5657958984375,204.46201874961767,200.05124032926452,200.83447183606447,470416
2019-05-16,196.95956420898438,203.72001155962366,190.487689720399,198.07256806256808,1394826
2019-05-17,193.78546142578125,196.79467538982345,193.16712875536078,196.6710138877435,1351379
2019-05-20,204.5032501220703,208.00713563840085,195.80536708905922,197.2481434781365,888291
2019-05-21,199.14434814453125,205.0803393711307,197.94890747625942,204.5032313843799,459594
2019-05-22,198.2786865234375,200.50468173555703,196.7122487097266,199.51535192794958,277291
2019-05-23,201.24668884277344,202.2772433481543,198.07257593419607,200.42224523846878,1642138
2019-05-24,200.17489624023438,203.55510724358473,198.69089533583193,201.98866953227727,546476
2019-05-27,209.2437744140625,212.70643478999054,199.63899955867893,200.66955399080098,938338
2019-05-28,204.2559356689453,210.23315275713847,203.14293159293172,209.4499337236537,1138920
2019-05-29,200.54591369628906,207.75979548392536,199.92758097163454,205.20401519001535,631623
2019-05-30,206.93533325195312,207.9246630064783,201.0405668387323,201.7825610096236,770485
2019-05-31,202.77186584472656,207.55364041395958,201.53520065854607,207.1826433741072,249095
2019-06-03,203.88490295410156,205.5337901392055,200.33979299012597,202.81312376778186,747814
2019-06-04,202.7306671142578,204.46200362860094,201.98867293954527,204.46200362860094,575821
2019-06-06,201.61766052246094,203.18409814109003,200.13365970585946,201.57643583144238,376626
2019-06-07,203.67877197265625,204.79176316485075,198.73211090509938,202.606992892017,504041
2019-06-10,205.9459991455078,207.75977242047824,203.43144382838494,204.6681091404116,2886834
2019-06-11,204.46200561523438,207.34755811383647,203.14289086958348,206.93533632832188,472919
2019-06-12,204.00856018066406,205.98723230928064,203.3077906897043,204.21467107447762,297525
2019-06-13,212.59127807617188,214.48453114257555,203.20916246066022,203.6298853643055,867459
2019-06-14,206.4066619873047,211.70777321537423,204.63962063146676,210.78217767861258,1077296
2019-06-17,206.1542510986328,208.08957928908058,204.97623194241896,207.41641998291016,551799
2019-06-18,206.4908447265625,208.25788647485527,205.4811120873011,206.74328109623963,447024
2019-06-19,205.94387817382812,208.25785433308462,204.59755963630082,206.19631450454511,363937
2019-06-20,206.07009887695312,206.9536196531451,201.69458269896148,204.80793000794904,582689
2019-06-21,205.73350524902344,206.82738739492348,203.46160407796603,206.0700784449414,457013
2019-06-24,203.7140350341797,206.32250933251674,203.25123727238704,206.15422273898596,541854
2019-06-25,228.62086486816406,230.72447965098158,205.31280280298944,205.31280280298944,7730501
2019-06-26,238.381591796875,241.36873988102758,224.91845860557643,226.34892677870738,5098413
2019-06-27,240.86386108398438,243.7668593755911,234.59507958072373,235.8151862665035,2819901
2019-06-28,236.69873046875,242.33642848634324,235.68901075739208,240.90596012997122,1241279
2019-07-01,244.56625366210938,246.3753572702342,237.28775152590518,238.21334718182007,3361232
2019-07-02,253.40142822265625,255.3367692043704,241.3266743945535,244.86075745410733,3805486
2019-07-03,259.6280822753906,261.0164883401417,251.29777428131953,253.2751769782226,4139834
2019-07-04,255.5471649169922,263.3726025815639,254.11669642055048,259.3336719828613,2495658
2019-07-05,249.23629760742188,257.440395519389,247.88997896814112,254.7056962154,2087541
2019-07-08,247.63754272460938,253.86426354693467,245.49186573779022,246.54367321738658,2145725
2019-07-09,251.7185516357422,253.0228082698732,245.19734550176497,247.38511011474876,1358745
2019-07-10,249.1942138671875,255.54714622023434,246.16500330034134,251.67648970031385,1224965
2019-07-11,256.5147705078125,258.744596857145,248.7313964560122,250.4563501635041,5422019
2019-07-12,258.8708190917969,260.00677616226443,256.3464814591535,257.52450055194237,3784418
2019-07-15,260.2171630859375,262.40492771734563,254.20082960873484,258.6184208979868,1556349
2019-07-16,261.689697265625,263.9616116613533,256.64102143413385,258.32391337796423,993540
2019-07-17,261.3109130859375,263.16210362278207,258.5341529595517,262.95174222899885,904488
2019-07-18,256.0519714355469,262.95183793450445,255.46297472590783,262.95183793450445,1206963
2019-07-19,256.8934020996094,258.2818082647723,253.4434947333796,255.6312333522895,1116882
2019-07-22,259.79644775390625,261.7317632469933,254.2008370919085,256.8934488353821,924240
2019-07-23,259.5440368652344,261.8580134356108,257.56663356931557,259.75439837163225,892355
2019-07-24,258.1976623535156,261.6055077499796,254.45321807635804,259.16531993828653,1367074
2019-07-25,252.980712890625,259.7964300370931,250.45637510888804,258.82877235653893,1131486
2019-07-26,256.0519714355469,257.48243970546673,250.83502237826056,251.17159559503864,694162
2019-07-29,258.07147216796875,260.2171489777159,253.7380051665363,257.31415030204255,596610
2019-07-30,251.6764373779297,259.3756611121479,248.73137715443409,258.19764215852706,888454
2019-07-31,256.8934020996094,257.9031473690208,245.70218281159566,247.80579739046206,535641
2019-08-01,255.58920288085938,257.3141567768935,251.71854644219385,256.1782253072034,522164
2019-08-02,251.84475708007812,255.75750120550074,250.1198031916922,253.27522543548983,696180
2019-08-05,238.9706268310547,250.75086899878275,235.2261824418994,250.75086899878275,3300719
2019-08-06,249.0259246826172,256.4727003636567,239.22305939245638,242.12605802258065,5453552
2019-08-07,247.93203735351562,254.11667005520715,246.88022994434672,250.54052486403288,1031208
2019-08-08,246.2912139892578,250.0356326664602,241.41081258410134,249.48869799213736,740296
2019-08-09,243.0095672607422,249.65701045795885,240.65352899666695,246.4595006094097,769333
2019-08-13,239.89620971679688,249.0679640686835,237.2877225248944,242.3363974722326,1518073
2019-08-14,239.85409545898438,247.88991760101732,238.5078028318813,240.69554119036673,1282492
2019-08-16,243.0937042236328,246.03876473854433,238.92856261702042,238.97062463853464,1262756
2019-08-19,240.61148071289062,248.22655632171148,239.8541588115069,244.01932655354688,1023508
2019-08-20,244.35586547851562,245.87048338965664,241.28459331490578,241.28459331490578,859692
2019-08-21,237.1194305419922,246.12291141931436,236.15177294911297,245.36561528918668,1362363
2019-08-22,237.2456817626953,242.21020743662706,235.47864023702036,237.16153203692204,1162968
2019-08-23,238.88650512695312,241.87365372003288,237.2877629238829,237.2877629238829,722222
2019-08-26,243.0095672607422,243.85101316632495,237.45604482700895,240.65352899666695,515528
2019-08-27,238.42367553710938,245.5338772283868,237.45601799082763,244.22964649368814,882564
2019-08-28,236.320068359375,242.33640095565602,234.00609230858313,238.97061760904967,912918
2019-08-29,233.03848266601562,236.4463287338605,232.2390986852153,236.23596723142825,902248
2019-08-30,233.92202758789062,237.20366240748064,231.69220044630373,233.248880945528,802298
2019-09-03,229.92510986328125,234.04818995469415,228.24221793381534,233.08053223102985,436862
2019-09-04,227.69528198242188,230.38789364792157,226.85383602216083,229.04160065461815,378915
2019-09-05,229.0415802001953,232.6597872346389,227.35868842996285,228.83121872891624,592445
2019-09-06,230.47206115722656,232.23910294585443,229.63061513206043,230.0934258532387,573732
2019-09-09,234.006103515625,235.2682723310503,228.57876733774017,230.051297622403,564880
2019-09-11,234.84754943847656,240.10658617044314,233.37501915352593,235.14206063124476,1272289
2019-09-12,236.27801513671875,240.61148237090356,235.18414566101532,235.77316810417426,678897
2019-09-13,235.85728454589844,237.7505378935234,233.8378194442102,237.11945344431507,846128
2019-09-16,235.26832580566406,239.39140640408527,233.12262292440576,236.36219542277104,658869
2019-09-17,233.37501525878906,238.29747869353807,231.81833527632796,235.77314110432215,979313
2019-09-18,235.89932250976562,239.9803395565964,233.12253611140758,233.9219198500758,1203736
2019-09-19,235.73109436035156,237.58228585229654,232.491522088895,237.0774131109575,1010200
2019-09-20,234.80548095703125,236.53046055364678,231.86042014606528,236.44631082326927,2375283
2019-09-23,238.88650512695312,242.25228899821388,233.33295660359428,237.45606238900314,1334231
2019-09-24,241.24253845214844,246.41742535791442,238.97062435747569,239.6437707742507,1225151
2019-09-25,242.5047149658203,243.51443462313938,239.13893141697557,241.66326907860915,650451
2019-09-26,244.10345458984375,245.78634634754155,241.78947842300929,243.64064394914266,2129935
2019-09-27,245.6180419921875,248.01616783476473,240.99008975099596,242.33640826602965,1039399
2019-09-30,241.9156951904297,246.50158559690027,240.86388782003652,245.7022017238451,796697
2019-10-01,237.79263305664062,251.3819801534237,236.15180316567205,243.43030557241102,2178536
2019-10-03,239.26515197753906,241.07425556590277,235.64691912192006,237.45604838917535,833692
2019-10-04,235.43655395507812,241.07425179031742,233.92196159758547,239.26514823028697,310699
2019-10-07,232.95431518554688,237.287756669802,231.5659345110233,235.60486477852683,719279
2019-10-09,238.00299072265625,239.47552112667617,231.6500584294063,231.6500584294063,931390
2019-10-10,236.9091033935547,239.18101779189516,235.6469344342307,238.04506059272492,339863
2019-10-11,237.9608917236328,240.65352889188165,236.78287259210813,237.62431849732448,431626
2019-10-14,237.03533935546875,240.65354674475932,236.19389338782975,238.33957033375202,717285
2019-10-15,235.89932250976562,238.0449989130948,235.14202646617218,237.62427603566658,506229
2019-10-16,238.04505920410156,238.63408165324068,234.13234058880047,235.64693305959668,969679
2019-10-17,240.4852294921875,241.70533632657612,232.99636606989253,237.28774532321833,859560
2019-10-18,239.3492889404297,245.70219501251924,238.04503242943323,239.09683977109643,1605715
2019-10-22,235.68896484375,240.9480008957844,233.206689555635,239.6016825306862,709634
2019-10-23,235.4786834716797,238.54995643461785,233.37506833557197,233.92200313518083,601896
2019-10-24,234.38473510742188,237.37188333146867,230.72446614273068,235.01581950531894,1328963
2019-10-25,232.02870178222656,236.19386916646457,230.9768944305392,234.2585282320256,538926
2019-10-27,232.9122314453125,235.18414580876106,231.90251170069644,235.18414580876106,81046
2019-10-29,235.77313232421875,236.90906365395236,231.3976037276316,232.65977247523685,528812
2019-10-30,235.22613525390625,237.9187717664957,234.0481164092302,235.73100780987738,619648
2019-10-31,235.73109436035156,237.28777461327422,234.13235207852324,235.22622161901253,735664
2019-11-01,236.36215209960938,241.49497731063104,235.6048559128108,235.73106766412866,1066374
2019-11-04,240.73765563964844,244.6503735896554,237.41393435973825,238.12916844668092,1444896
2019-11-05,235.68896484375,241.9156583935813,232.91217840094367,241.87359637671983,949080
2019-11-06,244.86070251464844,251.5922682195185,238.59192168043407,243.1357490743296,6581062
2019-11-07,249.11009216308594,250.3301992038731,243.21996982887717,245.53394646017347,1910889
2019-11-08,246.4595184326172,254.95812782937494,244.94492596459395,248.6472830811231,2575007
2019-11-11,252.56002807617188,256.3886230307836,245.95467141377665,246.29127037863162,2237290
2019-11-13,247.67959594726562,257.1458619456663,245.23940807012255,255.79954342344908,1786512
2019-11-14,247.5534210205078,249.90945952562285,245.23944454341873,247.38512155061656,470438
2019-11-15,246.5016326904297,249.4887559214725,246.20712143467577,246.5436947217249,373287
2019-11-18,246.37533569335938,250.66671468303437,245.78633900309939,247.38508098936157,1240060
2019-11-19,242.5888671875,247.88999229997685,241.95778269879278,247.5954810694681,754382
2019-11-20,242.210205078125,245.87049984304753,241.57912065930702,243.7247974117319,783735
2019-11-21,240.73765563964844,246.45947697741252,240.23278300893074,242.50469700771606,666527
2019-11-22,236.36215209960938,242.25227349742966,235.81521739130437,241.6211890619489,975354
2019-11-25,236.44627380371094,239.3913341535792,235.22616710149586,237.70844252508306,948156
2019-11-26,235.89932250976562,241.24250818888098,235.05787675490922,237.62427603566658,1192193
2019-11-27,237.16152954101562,237.7084642344495,235.52069978182334,237.07737981612794,914430
2019-11-28,235.4786834716797,237.20363761172976,233.92200313518083,237.20363761172976,1112486
2019-11-29,235.68896484375,241.49493550941855,234.51094590387171,235.47860340166864,1474982
2019-12-02,233.08050537109375,236.74080003165247,231.56591308067152,235.6048429743908,865984
2019-12-03,228.24221801757812,234.4268509964137,227.19041056127594,234.4268509964137,819879
2019-12-04,232.32321166992188,232.99635809965991,227.52695990164491,228.0318325633936,1055373
2019-12-05,234.04818725585938,236.7828866097074,232.23908358832307,232.23908358832307,1190984
2019-12-06,228.2842559814453,235.18412243904865,226.89587542125045,235.18412243904865,589579
2019-12-09,231.439697265625,233.75367361802364,228.28427496689955,228.7891476704741,808510
2019-12-10,229.4622802734375,233.24878637907912,228.53668475628083,231.39759534476582,988308
2019-12-11,227.90560913085938,231.6500276824631,226.89586385914097,228.87326670357095,770310
2019-12-12,229.25189208984375,230.30369921875865,228.1159352548387,228.8311692382778,457811
2019-12-13,229.0415802001953,231.65004190094322,228.20013431507908,228.9574304759056,387143
2019-12-16,227.9476776123047,230.00923023429542,227.23244349780444,229.33605814110533,281871
2019-12-17,229.75682067871094,232.239096657294,227.27457037902198,229.08367414836337,648471
2019-12-18,227.40074157714844,230.89273672830916,225.17091520439925,230.85067470725124,932713
2019-12-19,231.90249633789062,234.5530458003949,225.71786380611994,227.35869359089887,924704
2019-12-20,240.73765563964844,241.5791014645484,231.52381358543872,231.86038677962094,2315022
2019-12-23,238.76028442382812,243.9351717962666,237.3719037647191,240.7376875099008,1232406
2019-12-24,236.5304412841797,242.7150736191422,235.68899540673962,237.96088386849362,1194922
2019-12-26,236.320068359375,237.87674829295824,234.13230404830307,237.7084488540723,359693
2019-12-27,236.0255584716797,239.8120647573216,235.26826235032914,237.2877272335603,1035653
2019-12-30,239.77003479003906,241.0742657467805,236.61461246351053,236.61461246351053,584330
2019-12-31,238.9706268310547,241.74738792760598,238.12918096193127,239.05477655374503,352944
2020-01-01,240.27491760253906,241.32672520135756,237.62436758929576,238.97068645156273,263594
2020-01-02,242.5888671875,244.01933563346049,240.23282870121713,241.4949976786316,438931
2020-01-03,242.88336181640625,246.79608024316957,240.9059587511713,242.58885060602796,1799065
2020-01-06,237.1194305419922,242.33640508978644,236.277984690986,242.33640508978644,377435
2020-01-07,241.87362670898438,242.75713460496803,237.624309638721,237.624309638721,378887
2020-01-08,243.68275451660156,244.69247425863395,237.91884456984704,238.88650228554621,790527
2020-01-09,246.5016326904297,249.90947895000784,244.14556832329416,244.14556832329416,1686167
2020-01-10,250.58258056640625,251.33990242501335,245.74426660630454,246.50158846491166,1265967
2020-01-13,253.86424255371094,255.4629846547112,250.37222146710775,252.51792395538226,871797
2020-01-14,252.3916473388672,257.4403215259113,251.59226365436461,253.6117281934053,650736
2020-01-15,254.4952850341797,255.88366542777348,249.1100115286603,253.1068789616987,1019876
2020-01-16,256.8934020996094,261.39514243416124,253.86421764915286,254.95808695860782,1307957
2020-01-17,263.4146423339844,268.9261286710955,254.9581208735953,254.9581208735953,2457425
2020-01-20,264.0456848144531,269.599232294296,262.9938775523196,263.414600457173,1370305
2020-01-21,264.4664611816406,268.7578408144327,262.40493393845065,263.96161413687145,1184498
2020-01-22,265.8548889160156,271.28220051376377,263.45676254543133,267.45363127010665,2855704
2020-01-23,268.9681701660156,270.10412723877926,265.0975139856943,265.8548358201303,755295
2020-01-24,271.197998046875,273.3016127561399,268.08466368449723,270.01997894546474,1416492
2020-01-27,274.0589599609375,278.2661897688801,269.5151312252452,271.6187461292165,1121878
2020-01-28,273.3857421875,277.1722483831133,269.89374716510105,273.46989190540245,974154
2020-01-29,274.43756103515625,276.8356868626011,273.25954197151884,274.3113492924254,821496
2020-01-30,268.8419494628906,276.41496212381713,266.9907583186639,274.31134749578194,646769
2020-01-31,260.6799621582031,271.3242746678662,259.54403059421657,268.7578489444846,1109871
2020-02-03,254.4952850341797,257.39825755189634,252.22337116910825,257.39825755189634,287913
2020-02-04,256.4306335449219,260.00677855744334,255.71539940663948,255.71539940663948,1109780
2020-02-05,267.7060241699219,270.9455962169905,240.5273302246814,256.64101505025496,2256587
2020-02-06,260.3433532714844,268.75781217281803,258.57631176642616,267.57979306240946,1367568
2020-02-07,257.2720947265625,260.8482399517069,255.33677934686472,260.00679401637876,779732
2020-02-10,257.4403991699219,258.91292958525815,253.90631590155775,258.4922066094478,356384
2020-02-11,257.10382080078125,262.4049461271353,254.4112089476648,260.59584232229724,1299915
2020-02-12,255.50502014160156,259.41773809997767,253.69591674997486,257.73484644657816,778356
2020-02-13,274.016845703125,280.03317860971805,262.993899538667,265.0554522163503,10279321
2020-02-14,270.52490234375,275.9943016135303,268.84201026074066,273.3858137490868,2613447
2020-02-17,276.96197509765625,277.9717206761575,268.71581369585124,272.20780982991465,2533917
2020-02-18,270.0280456542969,280.3198014025657,266.88817939683037,278.7934801151655,2666620
2020-02-19,276.4385986328125,278.4446102367671,270.98745121235896,271.2490956417684,1072964
2020-02-20,273.9092712402344,280.5378724634499,273.12431125969397,273.8656727034562,1808533
2020-02-24,270.59503173828125,278.0085942516588,269.24315745614643,274.65068120162374,936902
2020-02-25,269.7228088378906,274.5198191810059,267.89121774713254,272.90627401493487,933492
2020-02-26,265.0129699707031,270.68216289552646,263.8355168860079,270.1152489264299,816525
2020-02-27,268.5889587402344,272.03406809876225,261.65508825471176,266.36487451991013,1499828
2020-02-28,264.22802734375,266.2776374720173,259.3873924837806,265.1438094599149,1871232
2020-03-02,269.76641845703125,274.12733712990234,264.3588952728323,265.9288153482918,1992380
2020-03-03,277.8777160644531,280.84313514947723,272.1212986541518,277.35440055134706,1668834
2020-03-04,274.6070251464844,280.8431328665635,268.9814300059557,278.5754500728259,1532681
2020-03-05,275.8280944824219,280.40705889675456,273.38599077488476,277.26719226068246,1027384
2020-03-06,274.5198059082031,276.96190949985083,266.27765970675955,270.37693353945343,974178
2020-03-09,269.6792297363281,273.77847744572955,264.44612716667314,273.77847744572955,1798464
2020-03-11,268.0656433105469,274.3453494601455,266.01600646196175,270.8130164145545,1646289
2020-03-12,252.8460235595703,260.8701234292584,244.29863481671552,255.6370217621396,2498085
2020-03-13,252.54075622558594,259.7798962331844,202.302987758074,229.03542366454116,2465620
2020-03-16,241.8129425048828,253.5874230236057,235.05351850339375,241.1588046982871,2066170
2020-03-17,245.3888702392578,254.45957469061838,238.1497301219447,243.33923338023146,1066909
2020-03-18,242.68511962890625,250.31672716440644,239.67607515384938,250.31672716440644,1306678
2020-03-19,239.4144287109375,249.35731769467148,228.1196390047588,238.10615314421105,1547750
2020-03-20,250.09869384765625,256.901716547043,229.60237543293988,242.9031778084473,2575407
2020-03-23,217.60983276367188,238.97833337573584,212.59477649757522,235.9256904311553,793699
2020-03-24,236.05650329589844,239.80690902058603,226.76775259935016,226.76775259935016,1926162
2020-03-25,241.42042541503906,247.5257110090878,234.74822576778666,236.75426414741955,867802
2020-03-26,250.14224243164062,255.50619279224327,235.8820620591042,242.46703750278522,1456208
2020-03-27,237.10313415527344,260.6084679074581,231.12867073919443,260.6084679074581,1554871
2020-03-30,239.02195739746094,240.59190419221582,233.57080870095857,236.31820893754536,708274
2020-03-31,243.3828125,246.43545496914066,235.4023382254897,243.33921396864142,946099
2020-04-01,245.04002380371094,247.91821939796898,240.9407497227403,244.21143863300375,622792
2020-04-03,243.29563903808594,246.13023589154272,237.80086609045634,245.12720340369657,369937
2020-04-07,254.54681396484375,258.0791472447377,244.38587935102655,246.8279830239244,590625
2020-04-08,254.54681396484375,267.32429963545167,249.74980369406077,257.29418725108724,760201
2020-04-09,256.6400146484375,261.56784647972836,253.89264173514528,257.51219821563694,876433
2020-04-13,253.8053741455078,258.7768302652313,246.95872900410814,256.42192439443056,1112145
2020-04-15,259.5618896484375,274.12734232151644,253.80547156784158,253.80547156784158,2472284
2020-04-16,260.3468322753906,262.0911996608204,255.11373011910138,255.76786788863754,893203
2020-04-17,262.6581115722656,270.2897188206035,260.3468301290129,266.01602408492107,2515170
2020-04-20,258.6024169921875,271.8159921660416,257.2941416954311,264.88214906339,3464720
2020-04-21,254.28512573242188,256.8580780781095,252.06106813098012,252.93325175773091,374093
2020-04-22,259.03857421875,260.17240244902746,249.70619743008808,253.9799191063703,908876
2020-04-23,264.79498291015625,266.93181705556714,257.2941975892521,260.78293247181824,902962
2020-04-24,264.9693908691406,268.5453492742102,258.73328289154387,259.4746443416209,1349984
2020-04-27,266.8882141113281,270.5513963243358,265.2310703928473,269.50476523006665,853443
2020-04-28,271.8596496582031,274.0401087455582,266.23405456605417,267.7167773922285,811500
2020-04-29,281.32281494140625,285.1168189977288,273.4731623905037,275.47920067922666,1340167
2020-04-30,288.0822448730469,292.74843265792606,283.4596822402102,284.3318658778724,1555949
2020-05-04,288.47479248046875,294.71090134071045,279.40408626403195,280.8431842137897,1529969
2020-05-05,288.6055603027344,295.40860864486035,287.07923893722904,290.4371512647272,1835934
2020-05-06,286.90478515625,289.91380238888223,283.8085176295986,288.9107966446715,891703
2020-05-07,281.5408630371094,290.1755022038594,279.5348513497033,286.9484121499294,977132
2020-05-08,263.18145751953125,285.68378855959634,261.6551358934859,283.45973055127644,3446053
2020-05-11,262.35284423828125,267.93484116768064,259.0385568512676,263.7047449327496,1277821
2020-05-12,261.5242614746094,265.1438181423105,257.81748112229087,261.480636323835,1311937
2020-05-13,266.1032409667969,278.052141182526,262.2220130187677,278.052141182526,1768508
2020-05-14,265.0129699707031,277.1799142007435,264.0971612973051,268.1528359909141,3600023
2020-05-15,265.66717529296875,266.84462867761306,258.73330384101337,266.84462867761306,1313785
2020-05-18,258.7332458496094,267.1498118183839,256.72723432312023,265.66711574743573,1097612
2020-05-19,265.1002197265625,277.7904806445569,254.19792456782793,257.29416574613595,5819718
2020-05-20,265.7980041503906,270.7258371320065,262.1784468249703,266.0160500930899,2199208
2020-05-21,263.6611022949219,268.76338188462955,261.7423142674903,268.1092441581781,1223435
2020-05-22,262.4400939941406,271.68524738255223,261.08821978235045,263.6611459623603,2231671
2020-05-26,271.68524169921875,275.2612004446503,259.4746690385797,264.9694160890928,2184858
2020-05-27,266.75738525390625,272.9498947378511,265.84157641493107,272.1213095907212,1038328
2020-05-28,266.3212890625,270.3769378062064,264.2716521138082,267.7603867951786,763842
2020-05-29,277.7469177246094,280.62511336879743,265.14385225831984,266.3213056098277,1851878
2020-06-01,280.1453857421875,286.07622363417215,278.9243073965453,281.279213786648,1955033
2020-06-02,286.2942810058594,288.69278602571046,280.5814887871689,282.5439019852289,1116193
2020-06-03,284.41912841796875,288.69282350293315,280.49430151233975,286.0762722325138,1268990
2020-06-04,284.28826904296875,287.8206021498531,280.93035669450063,284.3318675783397,631503
2020-06-05,300.5108947753906,303.1710711331228,282.1950363691638,285.2040808969609,3259154
2020-06-08,288.1258850097656,305.22069052038717,285.6837547271433,305.22069052038717,3126145
2020-06-09,282.98004150390625,293.70789148139625,281.8025880632215,287.8206508949095,1899239
2020-06-10,288.73638916015625,289.95746757416686,282.5875050217343,283.8521819718454,774321
2020-06-11,284.1138610839844,293.05374466375673,282.587539497194,288.73642438577514,640866
2020-06-12,286.817626953125,288.3875470314034,273.86569314805445,274.73787688419475,958352
2020-06-15,284.41912841796875,290.3063687764123,282.5003135062202,286.6868115090527,792296
2020-06-16,283.2416687011719,288.692817059547,276.13337656523777,285.4657265846148,923477
2020-06-17,281.0176086425781,286.03266509346537,279.0987937885081,284.24467247559664,1077083
2020-06-18,279.273193359375,284.24462380227675,278.4882068427158,278.70625273802546,680056
2020-06-19,279.9273681640625,283.89579333814464,278.53186892564946,280.8431503990248,913519
2020-06-22,277.26715087890625,284.9859807772853,275.78445478381144,281.93333828999994,852730
2020-06-23,279.36041259765625,281.6717205649387,277.3979993841065,277.79049267358954,501119
2020-06-24,282.28228759765625,285.7710228724413,277.3980528895696,281.6281497336341,1041667
2020-06-25,284.4626770019531,289.7830023075088,282.58748757752556,283.28522381366054,2133942
2020-06-26,283.8085632324219,287.82061347085687,281.715327730566,287.4717453233698,805924
2020-06-29,279.66571044921875,285.9018188566102,277.8341192748338,283.3288927979887,769971
2020-06-30,278.008544921875,283.19804840719,276.8310916435251,280.40705001531865,579998
2020-07-01,280.668701171875,283.02360778480875,276.56945379353425,279.0987811745418,997028
2020-07-02,282.8055725097656,285.50934737757905,280.4506658081686,282.58752657876346,929515
2020-07-03,286.337890625,289.3905334957012,282.8491559156272,284.33187881388403,1625485
2020-07-06,289.56500244140625,292.1815536682864,284.9424392540255,286.3379119481465,1372335
2020-07-07,292.6175842285156,295.4085822658427,286.6867466703579,289.30329734900334,2191888
2020-07-08,290.30633544921875,294.6236285796234,288.7800140500293,292.1815249876935,1184576
2020-07-09,288.213134765625,293.48983587832714,287.0356813636769,291.30937647358473,537215
2020-07-10,284.94244384765625,289.87027674766966,283.6341682131251,287.4281462597167,422836
2020-07-13,287.384521484375,288.91084291866224,282.50028757126904,286.6867851897599,568418
2020-07-14,283.2416687011719,289.91386896843596,282.58753089816685,287.820633322207,387080
2020-07-15,277.441650390625,287.3845396091006,275.3920132976435,283.50331135607314,2150743
2020-07-16,276.7438659667969,278.61908213812205,272.90626316821783,277.44162886822323,652435
2020-07-17,278.139404296875,280.3198637639514,276.04616853186906,278.22662799894545,325701
2020-07-20,281.5845031738281,282.7619564516769,277.3980055878028,278.2265907210495,382455
2020-07-21,279.7093505859375,282.6311449730747,278.6627193968273,281.8898100491365,544144
2020-07-22,278.6626892089844,283.285252123424,276.5694536744633,279.8837410527105,2674130
2020-07-23,278.96795654296875,283.37247349869295,278.44464100938427,278.66268693029997,850570
2020-07-24,277.441650390625,282.3694831515822,275.52283553401776,279.0115704609871,1157026
2020-07-27,276.9183349609375,279.5348861574188,275.7408815991339,278.09578832274116,597429
2020-07-28,276.52581787109375,278.5318562528324,274.99949647097935,278.226586649423,525107
2020-07-29,277.5724792480469,281.410082435866,274.7814805931225,276.743894036353,790169
2020-07-30,279.1860046386719,284.1574357041164,278.2265972557824,279.0987809462394,776406
2020-07-31,283.8521728515625,286.51232227461486,279.66567546003904,280.4070368684587,1305227
2020-08-03,286.0326232910156,294.7108341719324,284.5934990523174,286.94840542752246,1965352
2020-08-04,290.4371643066406,291.7454398215354,285.20406224706153,285.9017985415653,1119291
2020-08-05,287.3409118652344,292.79205963459356,286.73037266829317,292.79205963459356,593494
2020-08-06,285.9017639160156,290.78599723681356,283.8085286690823,287.3408881016544,770509
2020-08-07,294.01312255859375,312.02371014801344,291.39657153009887,292.18153151526064,13115595
2020-08-10,295.6702880859375,297.71992519989084,289.3469559661055,296.54247182660396,1520418
2020-08-11,295.6266784667969,300.42368886069016,294.8416918360668,297.32742072719833,1329856
2020-08-12,299.0717468261719,303.7815328752197,294.6236052065981,296.28077531636944,3651314
2020-08-13,298.46124267578125,303.34544960947875,297.4582102284273,300.90334614262997,1102005
2020-08-14,299.0281677246094,301.2958505228192,297.19657674848094,298.46125367929005,994836
2020-08-17,306.6161193847656,310.4973468673798,299.0281383949623,299.90032195357855,2959037
2020-08-18,300.55450439453125,307.3575265183756,300.03118885802,307.0086583663461,889287
2020-08-19,303.12750244140625,306.965132877781,300.3801284920917,301.6884043362358,716759
2020-08-20,313.94256591796875,321.7485948698157,298.2868562376673,302.64777518851037,5473259
2020-08-21,309.75604248046875,320.26587226461373,306.1364853699939,316.86433446695486,2927261
2020-08-24,309.97406005859375,313.942511587245,308.1424690928264,312.67783466359003,1062874
2020-08-25,306.8778076171875,312.3725536975741,303.43267172084694,309.97404877698875,1230652
2020-08-26,305.4823303222656,312.2417537626584,303.868785209882,307.5319672695133,777848
2020-08-27,300.118408203125,308.31692943326794,298.50486307930964,308.31692943326794,880656
2020-08-28,300.55450439453125,306.31092206228703,299.5078733215088,300.9033725465608,1451681
2020-08-31,290.3498840332031,303.4326366326289,288.77996436804335,300.90330978679225,991445
2020-09-01,297.2837829589844,300.9905632287549,287.5589412216784,290.34991274875887,2312595
2020-09-02,297.327392578125,299.63867386206925,292.39956041795745,299.551476793074,762293
2020-09-03,294.66729736328125,299.8131763762425,293.1409757380931,299.8131763762425,672460
2020-09-04,290.6116638183594,296.9349966079572,289.6086311168036,292.13798552619335,843235
2020-09-07,289.3033447265625,291.7018499081103,285.37851806584786,290.1319032736639,746425
2020-09-08,282.5002746582031,291.0040651176675,281.0611769807572,290.43715107708965,585735
2020-09-09,283.8521728515625,285.16044829573883,276.48221053592977,280.84312868318415,652515
2020-09-10,284.1138610839844,286.9484583165951,281.2792638513736,285.20409078883466,424065
2020-09-11,283.2852478027344,284.59352331897287,281.4972819106485,284.1138329431255,480312
2020-09-14,284.8116149902344,289.2597577833777,281.8025967896799,283.76501037927807,817900
2020-09-15,289.7830505371094,292.61764772069284,286.076269604731,286.1634933029976,791381
2020-09-16,285.68377685546875,294.79810769579655,284.7679945641348,292.0071090471685,1087986
2020-09-17,290.0446472167969,292.0070603281877,284.85517073683314,285.6401306580032,675473
2020-09-18,284.15740966796875,291.13487855230863,282.41304244688376,290.34991862620666,1163941
2020-09-21,288.6055603027344,291.09128899280097,275.78447680264907,285.20404944013757,3345863
2020-09-22,284.4626770019531,287.82058919933155,277.3107874223103,287.42809593092363,862320
2020-09-23,280.31982421875,288.1694771928609,278.2265887490404,285.81459727078743,615394
2020-09-24,267.7603454589844,279.9709149587426,266.1032020645459,276.91827258380306,739604
2020-09-25,271.46722412109375,273.6476837525885,268.54540289150304,269.0687185264495,574683
2020-09-28,276.56939697265625,277.44158048463754,271.9032098601706,272.33930161616126,523132
2020-09-29,276.26416015625,280.7559004518209,274.7378388294199,276.61302827899624,1324980
2020-09-30,273.29876708984375,277.3108174240035,272.2085374673511,276.87472557500644,429907
2020-10-01,269.9408874511719,282.8491971090087,268.6762102880667,275.1739902773658,1471327
2020-10-05,270.0280456542969,273.3423326601649,268.8941910134982,271.24909736083083,789481
2020-10-06,270.42047119140625,272.81897570698436,268.937775279205,272.25206178123307,647688
2020-10-07,268.1092834472656,272.7318733617489,266.27769222141137,271.685242199279,867183
2020-10-08,265.3619079589844,271.20554977527456,264.6641716004434,269.67922820114734,416959
2020-10-09,264.53326416015625,268.9378071259456,263.70470574499745,266.4084801152067,648976
2020-10-12,259.7799377441406,265.79800035328054,258.8205302865824,265.1438625345276,566065
2020-10-13,257.861083984375,263.44305387346844,256.46558485786863,259.7798986104377,574947
2020-10-14,259.5618896484375,260.7829415765795,255.7242864670188,257.29420657221056,490250
2020-10-15,257.2505798339844,264.0972002360462,256.2911724895572,260.7829129919517,530363
2020-10-16,263.9664306640625,264.9258381998611,256.8581377773139,256.8581377773139,706570
2020-10-19,265.3183288574219,267.149893587022,262.96342189516764,265.1438814465372,617431
2020-10-20,263.7047119140625,265.84154572444703,261.91671959691917,265.4926776142751,372741
2020-10-21,267.14990234375,269.15594116692733,263.355923893557,264.2717062883749,513669
2020-10-22,281.0176086425781,285.2913035990776,267.1062674929081,268.0220497632526,2891645
2020-10-23,280.7122802734375,283.28520577012034,275.95886928962113,282.36942369140655,1246436
2020-10-26,275.5228271484375,282.58752048392245,273.42959157935087,279.97096936833054,467070
2020-10-27,274.5634460449219,277.04917516618514,265.79800961497637,272.77547992480345,1242204
2020-10-28,268.19647216796875,278.57545227157027,267.32428851864205,273.8656658885925,1281584
2020-10-29,264.9693908691406,273.34235950573594,263.79196419676754,266.88820560852434,1227048
2020-10-30,272.2957763671875,274.65065651312193,264.4024974893716,264.4897211874289,2311072
2020-11-02,267.237060546875,273.77843781197606,265.056601458508,272.47016235895586,775047
2020-11-03,272.7318420410156,274.1709397614426,267.5859371362571,268.8070155578878,528967
2020-11-04,272.3393859863281,275.3920292239651,269.54838723657105,272.73187933508467,360975
2020-11-05,275.95892333984375,279.09879005130796,273.56041811284035,273.6912403472899,1125843
2020-11-06,281.06121826171875,283.4597236153874,265.1874630924826,265.2310882508928,4143707
2020-11-09,275.13031005859375,282.50024504747836,274.43254725207703,281.8025088578911,950955
2020-11-10,271.9468994140625,281.4537241702908,270.9438933629472,279.05521870952333,1887846
2020-11-11,270.94384765625,274.12731268012135,268.6325662891617,271.2491172595106,1614171
2020-11-12,268.5453186035156,272.208500281444,267.76035870593967,272.208500281444,804036
2020-11-13,264.3588562011719,269.63555636868705,263.96636293184906,269.63555636868705,714729
2020-11-14,265.7980041503906,266.8446353221216,264.79499813736135,266.0160500930899,92253
2020-11-17,267.7603454589844,269.1994429694986,265.274617058862,267.2806551611227,1135739
2020-11-18,265.8851623535156,269.5047187873054,264.6641106985772,268.63253523135944,1277690
2020-11-19,265.75439453125,269.1559057721867,263.3994878014825,266.0160390048085,2132421
2020-11-20,268.0220642089844,270.2897473541256,265.14386838968676,267.06268334717623,1017286
2020-11-23,271.11822509765625,272.9498156278163,267.14977451282175,269.4610819006261,1844915
2020-11-24,272.6446228027344,274.69425976744054,271.8596628166796,272.3829517294271,916218
2020-11-25,269.1558837890625,275.13034720541697,267.542338688743,274.25816354221,1085987
2020-11-26,267.5423278808594,271.03106239275326,266.0596050665317,269.89723432316055,1281886
2020-11-27,275.61004638671875,276.482230077816,266.452117630198,268.63257685794105,2971179
2020-12-01,276.65667724609375,280.40705646810034,275.17395432561636,275.61004617082335,1703292
2020-12-02,274.73785400390625,279.09877232142856,272.9934866768973,277.964944205646,1224098
2020-12-03,282.98004150390625,283.8958238372516,275.3048081765465,277.9649847080101,1916587
2020-12-04,281.71533203125,289.04166970805676,278.3574194994412,287.8206178647446,4020334
2020-12-07,282.761962890625,284.3318828855508,280.1017866664741,283.4596991957178,926529
2020-12-08,283.59051513671875,286.55593429300103,279.70931377319437,284.33187658002265,1278905
2020-12-09,287.6461486816406,292.4431586158622,282.5874943068706,283.6341253029281,2723125
2020-12-10,282.5875244140625,290.65522379934055,281.5408933064958,287.5589822496023,925920
2020-12-11,282.2386169433594,285.50930542783067,279.7092898387545,282.761932424261,923283
2020-12-14,292.79205322265625,293.7950590668667,282.3694482691161,283.6341251706849,2524397
2020-12-15,292.5304260253906,294.2311949939602,285.5965811451562,291.3093740921043,2440168
2020-12-16,288.47479248046875,292.44321813236695,287.5153849749845,291.74548173761696,1248807
2020-12-17,284.63714599609375,289.65220209803357,283.63414009909246,288.1258806757041,1271862
2020-12-18,287.7333679199219,288.3002819436351,281.7589048617169,284.2882586269372,1552562
2020-12-21,268.32733154296875,290.00110355294447,259.6054938421283,288.9544723820691,1622246
2020-12-22,274.9994812011719,276.1333358627431,255.54979737217798,267.76036789508066,2220268
2020-12-23,283.9830322265625,285.20408414415954,273.080735432061,274.99952369773195,1012870
2020-12-24,278.008544921875,287.34092084131987,277.4852293962825,285.2040602022059,599251
2020-12-28,279.273193359375,281.97694116767025,277.7468720922074,279.97092957759367,495721
2020-12-29,276.56939697265625,281.2355840851419,273.1678865993149,280.8866893868066,1036541
2020-12-30,278.7498474121094,279.8836752969883,274.08366043924116,278.2265319971931,610145
2020-12-31,276.83111572265625,279.0987987861811,275.1739719282504,278.7935291516216,458262
2021-01-01,279.8401184082031,281.06117014674214,275.65362108287155,276.83107428740016,440526
2021-01-04,279.0988464355469,281.8898455466784,278.22666254043577,280.84321422576903,496576
2021-01-05,279.5784912109375,280.66872090153845,276.3078021391346,278.662708917607,848595
2021-01-06,287.9078674316406,291.1349314063457,279.5784964686469,279.97098981141875,2667351
2021-01-07,289.60858154296875,292.13793551939557,288.38752970910315,289.56498300555467,1326330
2021-01-08,293.0101013183594,304.1740411421813,290.9604644632622,293.0536998531123,4637625
2021-01-11,291.7890319824219,298.1559886526059,289.56497430247424,296.0191280448657,1378351
2021-01-12,294.3183898925781,297.32740758191744,288.518347197388,291.30934558630554,1138957
2021-01-13,288.7799987792969,296.7168749587653,284.89877106553905,293.0536931476471,1358744
2021-01-14,290.4371643066406,292.48680127002916,285.81460146745246,288.78002064449396,976978
2021-01-15,289.60858154296875,299.8567398270509,287.77701710063724,291.309350373058,3509396
2021-01-18,285.6401672363281,296.54246369572996,283.45970794444776,291.3093613952171,1095184
2021-01-19,295.7574462890625,297.4145897059738,285.7273354925267,286.5995190400516,2541204
2021-01-20,290.9168395996094,299.7695247516494,289.17247233685185,298.11235455848407,2093618
2021-01-21,285.2040710449219,295.1033614030484,284.4191110351576,292.7048562184198,1803090
2021-01-22,278.40106201171875,286.73040612852606,276.1333789516498,285.20408457499013,871155
2021-01-25,274.17095947265625,281.0612055816829,268.6325874915697,279.9709759246554,1001146
2021-01-27,266.1032409667969,274.040117625336,264.79496547199153,274.040117625336,1294789
2021-01-28,266.80096435546875,269.3739166843357,258.60244364099555,261.7859085344376,1221989
2021-01-29,269.330322265625,271.46718302779846,263.53030584721324,268.63258593594196,2256133
2021-02-01,268.1528625488281,275.0431077703312,265.27464065485464,274.47619374508736,1786964
2021-02-02,274.6070251464844,277.3543982967925,269.11225222893563,271.6852046209147,2270968
2021-02-03,281.4100646972656,284.68075356314955,273.8220824985754,276.48223212938734,1019000
2021-02-04,280.10174560546875,285.20402476641914,279.09873983258143,280.6686595973677,2326160
2021-02-05,277.7904968261719,281.06118556431363,275.9589058094259,280.7559159587004,1528572
2021-02-08,281.3664855957031,283.3724975919118,278.2266187441686,278.96798026170165,1337801
2021-02-09,284.3318786621094,289.34693480415575,281.0175913367477,281.71532763147644,2018962
2021-02-10,288.2567138671875,292.79207976996537,274.82509016317744,282.3694738714129,3692386
2021-02-11,291.2221374511719,291.7454530041627,285.64016699211743,286.4251270131363,1067865
2021-02-12,287.25372314453125,293.925923503038,284.0702577830932,290.4371885059693,1227410
2021-02-15,290.742431640625,292.1815293723559,285.68375038580933,288.692794693283,1175165
2021-02-16,305.99560546875,307.63621917051256,290.74239869491436,292.6047162195244,5483054
2021-02-17,306.35040283203125,313.8439770193607,303.5125826147781,306.6164366371353,4874185
2021-02-18,330.60479736328125,333.2209138328622,303.95600323676257,305.95133805013296,4841048
2021-02-19,324.0423278808594,335.2162068553974,319.5639211278831,332.4670738203469,2710274
2021-02-22,337.2115783691406,341.95604648867,326.3480889936719,329.00853537133776,9015836
2021-02-23,328.12164306640625,340.5813865250329,327.3235147527193,339.65024133630703,2912324
2021-02-24,327.0575256347656,340.226740419565,321.0715213747168,328.12171499526926,2100901
2021-02-25,348.7401428222656,350.95718123817323,324.39705019021727,327.7226078140787,5586051
2021-02-26,338.5860900878906,347.897651270681,331.84631507301725,338.7634639834217,2677311
2021-03-01,341.5569152832031,344.4834220789722,336.67943102037714,341.4238983978172,1376124
2021-03-02,344.9268493652344,350.73547921972295,341.29090093155463,345.8579946793728,1463776
2021-03-03,358.93853759765625,362.707503094358,347.2325633472226,349.53828882848484,3176233
2021-03-04,370.2453918457031,381.06454945076814,350.64676808620953,352.06567799459674,5802085
2021-03-05,357.8743591308594,370.60016607712106,353.8393597138918,363.81603339003533,2234595
2021-03-08,369.9793701171875,372.90584990940556,360.71213900273654,360.93384283740323,1617572
2021-03-09,370.6001281738281,378.13805862485805,366.38775527472313,370.91051895803247,2011976
2021-03-10,370.2453918457031,372.4624301202283,367.8066497437255,372.2850562328841,866937
2021-03-12,365.58966064453125,372.4624802200197,363.37262207179305,370.6888493618291,1747283
2021-03-15,367.2745361328125,369.75763510981386,358.09599273872374,364.4810734642083,1297309
2021-03-16,375.8323974609375,377.69471542058886,367.3633202751507,370.5115044696257,1735911
2021-03-17,369.802001953125,385.276940677985,367.49627662417913,376.009709419964,3277772
2021-03-18,370.6001281738281,375.25590874652306,366.0330345485425,372.3737588681881,1547730
2021-03-19,377.60595703125,380.4437769152074,360.9338396375045,370.9991990548288,2374864
2021-03-22,379.06927490234375,380.5768449291663,371.3096397153666,377.60600775917453,1751625
2021-03-23,373.43798828125,382.04008183615696,370.11243037159176,382.04008183615696,1665520
2021-03-24,370.9105224609375,375.87669386473766,368.7821710202965,372.1077286036283,906713
2021-03-25,364.2594299316406,372.37378552655576,363.1952406134563,370.8662155664963,869262
2021-03-26,368.1170654296875,369.93502611245884,360.97818546447064,366.69815542526584,762919
2021-03-30,373.92572021484375,377.33996502909145,366.96421368469396,369.75770393673423,949709
2021-03-31,375.8323974609375,380.79856966552074,372.63988331691945,376.89658688458434,796876
2021-04-01,379.15789794921875,380.0447133129764,374.19175356294136,375.5663065513829,690448
2021-04-05,369.0038757324219,377.4286216301326,367.54063580498456,376.896527002849,742898
2021-04-06,370.77752685546875,373.3492861215239,366.21043292486866,369.2699298390959,627560
2021-04-07,373.97003173828125,376.5861206974879,369.18120735351215,369.4915981285925,971550
2021-04-08,374.67950439453125,380.04472670899867,371.930371257288,374.2360966970229,1330315
2021-04-09,374.5908203125,377.51732737655306,370.77752491009375,374.23609956446705,472398
2021-04-12,354.7261657714844,370.6888432312012,349.27225638543956,370.6888432312012,841355
2021-04-13,352.06573486328125,361.06690629910895,344.48347356503535,352.33176867381417,1039223
2021-04-15,350.7355041503906,357.20924599326946,349.67131480419664,352.06572730140346,803461
2021-04-16,362.4414367675781,365.3679165358077,350.73546356774744,350.73546356774744,1961713
2021-04-19,340.8474426269531,359.1158419686507,339.78325351444516,359.1158419686507,999487
2021-04-20,334.9945068359375,349.1835527906033,332.9991722485626,343.8183306143783,1545319
2021-04-22,340.7587890625,341.6012744476986,335.21619327423554,336.6794331496461,607542
2021-04-23,349.4052734375,351.0902173129586,340.5814492346974,342.31075011897207,1765436
2021-04-26,347.14385986328125,352.90815931083864,344.6164308466612,352.06567395081356,377310
2021-04-27,348.38543701171875,349.6713031099517,343.59663924091865,347.6316385053293,484802
2021-04-28,348.03070068359375,351.17888440273026,345.8579922148101,350.29206903807693,659718
2021-04-29,349.98162841796875,357.38654107121687,344.35034624150086,350.9128006563504,1248574
2021-04-30,351.4449462890625,354.14974960561165,340.89184801852974,347.2769299799822,518050
2021-05-03,350.4694519042969,368.02838574835323,344.306074136863,352.0657087761355,1130650
2021-05-04,358.3177490234375,361.2442560609211,350.42509743166306,352.06571132281107,904377
2021-05-05,363.99334716796875,365.98868157354997,356.2337133684861,360.0470082959927,707428
2021-05-06,365.8113708496094,370.6445258474305,361.77637140259145,365.5896669884884,1063819
2021-05-07,368.95953369140625,372.32944842524796,364.65850068310186,367.14157295986263,819608
2021-05-10,400.1311340332031,402.61420641921546,370.37846003000715,370.8662247560355,3096757
2021-05-11,389.3119812011719,405.27465924586687,387.316646445585,400.13114047907123,2493351
2021-05-12,386.6071472167969,402.2594321064534,381.33058526966,391.0412237896999,1755211
2021-05-14,379.8230285644531,394.8988905061464,377.7833639506663,391.3516288728068,867556
2021-05-17,379.69000244140625,390.99689862297754,378.04938856315334,381.86271096442465,991524
2021-05-18,387.40533447265625,390.5978755031023,380.5325147399912,381.6853639987963,1327034
2021-05-19,386.1194152832031,393.9677368951567,381.3306175912603,389.9770676412947,1121662
2021-05-20,381.9957580566406,388.0260923381287,374.7238604847344,386.11944451850087,1092535
2021-05-21,399.5989685058594,413.1672313940272,377.871994258672,393.7459822755588,15661484
2021-05-24,389.9770812988281,399.5990340272499,387.0949311812131,399.5990340272499,1527131
2021-05-25,385.4986572265625,395.874380953737,380.13340792953426,391.9723986871895,1262347
2021-05-26,376.76348876953125,389.7553276105243,375.34457886497023,389.7553276105243,1288204
2021-05-27,381.241943359375,382.2174457333351,373.34929153998627,377.8276985822439,1027802
2021-05-28,380.6654968261719,384.2127582992171,377.1182353531266,381.33060835236785,804669
2021-05-31,383.85809326171875,387.0062774504593,376.5418654119914,380.4438481858204,746021
2021-06-01,383.54766845703125,386.6071924758871,380.4438144926391,383.10426074783237,543857
2021-06-02,386.2967529296875,391.7949915919939,380.9758610906104,382.8825085869219,750045
2021-06-03,389.6223449707031,391.88371337798856,386.20810032437475,386.2967872756023,695389
2021-06-04,382.5721435546875,390.9968895333386,381.5523112962791,390.5534818502517,620183
2021-06-07,408.9992370605469,418.576831706413,383.1042188499373,384.6561456624081,5968231
2021-06-08,415.4729919433594,434.27348820993575,409.4869883241114,409.70869216186134,9024820
2021-06-09,420.9712829589844,451.12300668458465,412.36916271776806,420.2618143979541,12342963
2021-06-10,417.5570373535156,428.287509128072,415.07393799038107,425.62706292265096,3186303
2021-06-11,412.0587158203125,420.793851770279,408.8661753889219,420.2617571878048,1698152
2021-06-14,406.87091064453125,412.3248472190999,395.38666700240765,412.05878635059497,2291051
2021-06-15,410.1964416503906,418.39948388452945,403.50099638196303,403.50099638196303,1246448
2021-06-16,414.85223388671875,418.7985732477345,403.7227114262173,412.28047463573984,1624938
2021-06-17,405.62933349609375,416.0050838606823,401.062239880844,411.5710071345259,1403849
2021-06-18,403.8114013671875,410.59553382438025,389.71104179541345,406.1614567852401,2198717
2021-06-21,410.90594482421875,415.4730389862961,395.6083782873701,398.84524927233014,1676409
2021-06-22,406.8265686035156,418.04477810708437,405.31897158385215,413.25598031441586,1369609
2021-06-23,405.718017578125,408.3784635950307,401.77167849433226,408.3784635950307,940388
2021-06-24,401.6339416503906,408.4108581192169,397.63958274024856,407.24398091026995,1389341
2021-06-25,405.718017578125,408.41083627886474,399.1206062827589,401.18511705565373,686591
2021-06-28,406.0770568847656,413.0335052342699,399.5245422997594,407.06442922582966,1174109
2021-06-29,408.2762451171875,409.44312239033115,400.8709928867407,407.51327425731444,698402
2021-06-30,412.9886169433594,415.50190333922234,406.3014398149575,408.94938905465773,1035110
2021-07-01,411.3729248046875,414.6940788172577,407.51322896760826,414.6940788172577,441887
2021-07-02,417.07275390625,418.06012629607756,408.63526032482946,408.63526032482946,820426
2021-07-05,420.8875732421875,423.6701581492641,414.6940954766102,421.56077794263655,1348370
2021-07-06,419.406494140625,426.2731760460754,417.3420108515608,420.97730498010304,1150867
2021-07-07,422.2788391113281,423.4905855423335,413.97598193112503,417.38687446426394,445467
2021-07-08,422.9969482421875,426.36297170300065,418.86795398503625,422.72767732243005,1006484
2021-07-09,426.5424499511719,427.21565455817006,417.61125787455603,422.77249319487566,693825
2021-07-12,427.7093811035156,429.9085273884378,422.099342001948,427.39521343527406,777136
2021-07-13,426.0487976074219,428.02354229841563,420.0797215721828,427.3503376164089,1131416
2021-07-14,424.7472839355469,427.0361688915735,422.32373612923874,426.36296421123996,414137
2021-07-15,430.9407653808594,434.3067888127145,424.0740830584287,426.99130336603645,1490916
2021-07-16,431.2998046875,433.0950171940036,425.91416716798904,433.0950171940036,627623
2021-07-19,431.83837890625,433.2745544065962,425.46536895599246,427.2605814832329,677467
2021-07-20,426.9913635253906,432.4218711367871,420.57345603021133,431.9281985876684,890897
2021-07-22,424.5677490234375,426.9912968142939,419.2718777171322,426.9912968142939,929153
2021-07-23,424.9716796875,426.8566308524571,420.52851790091665,426.36295838406704,376596
2021-07-26,419.54119873046875,423.62532402182507,415.59173630461635,420.9325049960932,955011
2021-07-27,411.3729248046875,422.09933022470875,409.48797363336917,419.1821099732887,573971
2021-07-28,408.05181884765625,412.7642518001151,400.33239938983644,412.13591644934604,833983
2021-07-29,405.89752197265625,410.07138519428497,404.37158052301004,409.2635451179643,331119
2021-07-30,408.59039306640625,409.7572702831605,402.172486195948,405.89757420364725,409490
2021-08-02,417.7459716796875,420.88759376832917,406.84006047909975,413.66187392156155,1621575
2021-08-03,416.89324951171875,421.56078575230606,412.0910504143314,421.56078575230606,866123
2021-08-04,423.4457702636719,426.81179387467085,415.7712473877023,416.8932552580353,882942
2021-08-05,424.7472839355469,426.72200122886414,416.5341649212629,426.36296421123996,538755
2021-08-06,426.4078063964844,430.8509679606857,418.37424749204416,427.3951786766143,1561862
2021-08-09,409.66748046875,421.87493075204367,400.64654875764876,421.87493075204367,1921307
2021-08-10,409.71240234375,414.96337723008565,399.5245654658348,407.9620591197913,1085595
2021-08-11,410.38555908203125,412.04610861145534,402.62124366107975,408.81474825696864,482111
2021-08-12,420.3939208984375,424.8819524498401,410.2060837981994,410.2060837981994,1602107
2021-08-13,416.7137451171875,425.7346779154428,415.2327001284433,420.0797689065024,983232
2021-08-16,412.85400390625,418.64354775871135,411.3729316857711,416.44442889113225,278189
2021-08-17,409.443115234375,414.4697160784721,403.92284187398474,411.55249555382665,951862
2021-08-18,412.9886169433594,413.79645704254625,405.1345627153284,408.85962295635534,967129
2021-08-20,406.7054138183594,410.9241469284866,398.4025556697317,410.2060728565241,674279
2021-08-23,407.1092834472656,412.80908832934193,392.478313258322,405.80777088527134,1028391
2021-08-24,413.30279541015625,415.5916803165636,402.21735310242434,404.4613686548896,560910
2021-08-25,424.25360107421875,426.3629813023739,412.94375651269655,414.2452965706222,1229430
2021-08-26,424.702392578125,428.74162071139153,418.01524243760065,427.21570651892995,3057691
2021-08-27,438.16644287109375,445.88586134935395,423.84964101078526,424.70235042974434,3236006
2021-08-30,440.5900573730469,448.62361731398795,437.6279401504807,439.8270865402903,2109663
2021-08-31,432.1973876953125,444.2253053634198,429.5045690803884,444.2253053634198,934369
2021-09-01,437.8971862792969,442.16081569162344,431.74857838507245,433.9925938652443,809156
2021-09-02,435.3839111328125,444.3151044933729,434.5312016103556,439.827073134854,1016752
2021-09-03,436.4610290527344,440.230986173382,434.35164893505697,436.2366274953808,515555
2021-09-06,429.8187561035156,435.87759826017947,429.05578531634495,435.3838983895308,480998
2021-09-07,423.4009094238281,431.6140017213403,422.05449995234187,430.53686318704297,871115
2021-09-08,433.1399230957031,435.51860178173644,417.2971768676319,423.7150566413367,1025584
2021-09-09,428.5621337890625,437.8523369692243,424.7921764168446,435.33905031625915,1537264
2021-09-13,431.5242004394531,433.4989451271207,423.5355103716498,428.1581770350892,481004
2021-09-14,432.87060546875,434.6658179331098,427.844005089989,431.29979456243524,304051
2021-09-15,438.8396911621094,448.8031260387228,430.8510009971739,431.74860724925134,2050714
2021-09-16,444.3150634765625,446.73861114354145,438.0318201546717,439.8270325323548,1172348
2021-09-17,432.5564270019531,447.81573256777307,427.4400880420153,447.0078924575479,1384011
2021-09-20,434.8902282714844,443.4174876493566,426.003931872045,431.7486063954262,1126158
2021-09-21,440.7246398925781,441.57737673135085,428.2479193130728,436.2366089364419,673106
2021-09-22,442.4750671386719,452.214074252895,435.51861783264263,448.8031810341444,1966270
2021-09-23,444.4497375488281,453.29116475578695,441.1286107971701,444.3151020873555,1553788
2021-09-24,447.5015869140625,450.5534700914649,438.74992593874623,446.82838222365353,1028602
2021-09-27,444.225341796875,451.2715565623801,435.5634466870113,450.5983518534357,685799
2021-09-28,451.7203674316406,464.2419861893873,441.66716598226355,446.0205619864876,4017209
2021-09-29,463.5238952636719,473.3526399967759,447.3669551670099,454.05413277100655,4894804
2021-09-30,453.3360290527344,465.8576472925611,451.5408165390829,464.8703023242681,1140668
2021-10-01,450.0597839355469,455.8942247636116,440.0066100213126,452.3935657453267,977000
2021-10-04,451.13690185546875,458.13821957273444,448.5787185920479,450.14952951258033,657696
2021-10-05,462.4018859863281,466.3064512966371,447.72599078834486,448.80312925566614,1817013
2021-10-06,453.91949462890625,469.13393162563614,451.9896192642375,467.2040562609674,781849
2021-10-07,457.8240661621094,463.88290847277443,453.29116546457146,453.29116546457146,471190
2021-10-08,452.3935241699219,461.2798474517592,450.1943780258779,457.8240307152515,374514
2021-10-11,484.07904052734375,489.1056684075909,451.31641234417583,459.5744008159449,4867457
2021-10-12,467.5631103515625,488.2977924936018,465.9025059432676,486.5025800211988,1397416
2021-10-13,466.08209228515625,472.0511963634492,462.3570040580195,465.8576907000406,1386140
2021-10-14,462.62628173828125,469.4031979477855,461.19007887138537,467.5631160980646,387959
2021-10-18,467.9221496582031,473.84638406426944,463.03018440346716,463.7931826239627,1108317
2021-10-19,458.76654052734375,473.8014171887088,453.47066935399386,469.67245052686263,1289601
2021-10-20,447.27716064453125,464.37654787929904,445.257546684861,458.9460413004038,1002255
2021-10-21,445.3024597167969,453.2911497486652,441.1285961927143,447.2771770028131,2200667
2021-10-22,446.2000732421875,454.0092311970786,439.8719327314233,450.3290674789644,607180
2021-10-25,443.50726318359375,446.6488851264548,432.87062341278175,446.2000819917603,683871
2021-10-26,448.0401611328125,455.0415064266703,436.6854473733942,439.91683540188484,780784
2021-10-27,448.5338134765625,453.02184432026326,444.5843244198927,447.81571210591056,862027
2021-10-28,438.74993896484375,481.1169663628603,435.6980830896035,466.7552658744167,7424700
2021-10-29,448.75823974609375,459.1255806091942,434.44140960869987,439.82704691789866,1308349
2021-11-01,452.2140197753906,458.6767957608309,443.86629257090186,453.2911582372203,656415
2021-11-02,468.5953674316406,471.6921201863569,453.2911906643392,454.1887969824864,1330349
2021-11-03,459.8885192871094,471.2881290990165,458.09333426179825,471.2881290990165,1314090
2021-11-04,462.7608947753906,464.51123793340673,461.3696160343402,462.26722229121634,64089
2021-11-08,475.4172058105469,476.62895241943045,462.8507174228406,462.9853254985268,765691
2021-11-09,475.5517272949219,483.8097148317161,473.3525812703987,474.3848502570723,880823
2021-11-10,483.5404968261719,489.64420835636645,471.602344683115,474.83370526217755,1001719
2021-11-11,480.4886169433594,485.6498529053016,475.9557163165003,482.9121647869442,537716
2021-11-12,484.07904052734375,490.9906196217224,480.4886155209692,480.4886155209692,1334026
2021-11-15,489.5993347167969,494.5361690383264,484.7073697501738,484.7073697501738,835799
2021-11-16,487.22064208984375,492.78581157475315,484.7073556472982,489.2402560717075,1069585
2021-11-17,485.24591064453125,488.6119340390842,480.2193376228804,487.220655326443,914669
2021-11-18,472.6346130371094,489.64426434117553,467.51824588065193,484.3034955970274,748124
2021-11-22,459.6192626953125,471.24327442148314,455.89420229034397,471.24327442148314,583012
2021-11-23,480.62335205078125,484.572787291905,450.4188751402007,452.1692185562373,1457880
2021-11-24,494.13226318359375,500.8194410084907,476.62894050951553,476.62894050951553,2118292
2021-11-25,495.9722900390625,503.3326717647307,483.4506727134884,494.13220830402895,2506597
2021-11-26,483.00189208984375,497.6329175169837,481.1618102691992,491.79847700216044,782324
2021-11-29,478.96270751953125,482.64292628043336,468.236355889319,478.8729688022948,513097
2021-11-30,494.76055908203125,498.26119046631067,475.77616562782754,476.6289024933503,1620463
2021-12-01,494.04241943359375,499.06899168019,487.44498172621655,494.5360918315674,720482
2021-12-02,504.4996032714844,509.39156849875667,489.7339688750732,491.8882458807377,1409396
2021-12-03,507.4167785644531,512.5331449085634,501.7618704096093,504.4546890343478,806897
2021-12-06,497.9021301269531,517.8738664736795,495.254181092416,508.7631423608484,1410805
2021-12-07,525.9075317382812,528.6452198850537,495.07472371342226,500.5052306508966,2030844
2021-12-08,523.0800170898438,531.1136035989956,517.4699782965164,529.5876620901035,1277695
2021-12-09,518.6817016601562,523.3043953341825,517.2904230584841,522.4067891672285,362390
2021-12-10,520.3423461914062,522.7658939867621,509.75060355913166,521.3745604919307,628423
2021-12-13,517.514892578125,530.3506514944952,516.1236137937021,520.7911774320748,459749
2021-12-14,522.45166015625,524.9649464744933,512.9370566709243,515.9440154254333,407005
2021-12-15,537.3070678710938,544.4430483634386,517.7392629957258,523.7532356995113,2282818
2021-12-16,500.3257751464844,541.4361328618518,497.9470965296029,537.6661754325951,2635061
2021-12-17,488.7017822265625,502.6595498409297,483.8995554415778,499.9667308239247,1426816
2021-12-20,482.3287048339844,484.66251399551936,472.1408956351598,484.6176446393538,522564
2021-12-21,481.79010009765625,492.067701452747,477.03279846879593,484.70732007961686,623385
2021-12-22,480.30908203125,486.9065208341726,477.97532769755213,482.05942517429224,527661
2021-12-23,486.6821594238281,489.5095864707436,480.8477183226963,482.9122019090653,561881
2021-12-24,478.7832336425781,491.7985252999858,475.3274164346309,489.1505756953358,536765
2021-12-27,482.9122009277344,485.2908795937328,473.3078023313569,475.8660132187491,520997
2021-12-28,489.1505432128906,490.541821961254,479.321743691326,487.71434032301676,839069
2021-12-29,485.5152893066406,492.6063464933665,483.67515248845865,489.0159211475176,382180
2021-12-30,492.8307800292969,495.25432825198004,478.42420835216194,487.3105335734845,827908
2021-12-31,496.869873046875,498.1714129206208,489.4646223142712,492.92043886080523,393467
2022-01-03,498.2611999511719,501.76188618762586,495.47864253232467,497.36359371470024,312604
2022-01-04,512.174072265625,514.4180877501143,499.0690437504212,501.67212362664253,1178814
2022-01-05,508.2247009277344,518.5471734368516,504.90354664160583,511.09705206129263,744489
2022-01-06,510.19940185546875,513.3410236531365,499.6973980318719,502.6594876268514,538995
2022-01-07,515.944091796875,519.7140492250456,507.86563507316964,507.86563507316964,513874
2022-01-10,516.0338745117188,525.9972823484723,512.7575896613732,518.7715627204177,872525
2022-01-11,521.4644165039062,529.4082107340888,517.0212541439976,517.0212541439976,823192
2022-01-12,514.2385864257812,523.7083203728415,512.5331128226665,522.3619111447609,275515
2022-01-13,519.1754150390625,522.2721124040689,509.7954198873596,514.5078521382336,404723
2022-01-14,519.5794677734375,524.7856289728513,516.4378452219876,517.0213113243337,564355
2022-01-17,520.4320068359375,523.3043573186344,515.4503039283461,520.7462018428662,356065
2022-01-18,507.596435546875,524.0674916030979,505.9807549319522,520.7912610089168,234265
2022-01-19,505.9806213378906,509.48125261502685,500.81938573439675,508.1348433271589,820170
2022-01-20,514.5975952148438,518.8163550800404,503.24291028034526,507.14747512149273,765015
2022-01-21,494.1771240234375,515.2708714978592,491.8882389780017,513.7000605157214,994484
2022-01-24,481.9248352050781,496.46601315968223,476.71867493580635,492.785849313994,355331
2022-01-25,485.56011962890625,488.02853685572467,468.14653618731694,475.9108522877068,870237
2022-01-27,481.29644775390625,492.15746068721467,475.73127844517666,481.7452508467791,635689
2022-01-28,486.50262451171875,497.5431712695442,481.34138818156674,484.93181345471595,639383
2022-01-31,489.82373046875,493.14488447550565,483.89949648183926,492.29214760024536,1073260
2022-02-01,488.34271240234375,495.4338243166337,477.7060993164514,489.6442525366809,832461
2022-02-02,490.3622131347656,494.132169801529,487.71426411968594,489.50947636238,244114
2022-02-03,484.57275390625,491.43946422470253,482.2838687286133,490.09305473367596,266058
2022-02-04,520.92578125,529.4979650288378,487.4899474120281,487.8490118372556,7770569
2022-02-07,470.4354248046875,518.816424734833,468.8646138301443,517.9188184636655,3768139
2022-02-08,457.8689270019531,480.2641852026559,453.47066211104044,472.1408600692182,3109561
2022-02-09,459.8885192871094,468.9543748697282,452.2588939030423,462.0876654563629,1220257
2022-02-10,462.49249267578125,467.2891847500493,457.2846444135531,464.86797501603974,917329
2022-02-11,452.6249694824219,467.6089154419755,448.78763276979225,462.1269819531713,1400187
2022-02-14,438.4176330566406,451.3915254866736,435.17413903721587,439.74241691030255,721629
2022-02-15,440.6104431152344,442.84891064074554,430.7429731160657,441.29568486191437,1024921
2022-02-16,434.3975830078125,446.275106268118,432.9814000433956,445.0873372125531,1399051
2022-02-17,437.82379150390625,442.9402407545486,434.07779782339105,436.72739358873594,922823
2022-02-18,438.097900390625,450.3408809772715,436.6817452337309,439.4227122851843,1604727
2022-02-21,436.4076232910156,443.0773263823907,432.3875439371031,437.4583217304103,559721
2022-02-22,431.4282531738281,433.0728223588756,418.4543304649051,429.418199385383,468299
2022-02-23,433.3925476074219,442.16364710929787,431.06270905396286,433.0727625648816,500223
2022-02-24,405.708740234375,427.7735443127546,395.6128574501585,423.022524248091,725901
2022-02-25,424.7128601074219,426.22038644437885,411.1450673096902,411.1450673096902,445914
2022-02-28,434.1691589355469,435.81372788776105,417.58628723503017,418.45427122137227,379802
2022-03-02,438.097900390625,441.88956590195704,428.3674729344774,430.05774152605204,443162
2022-03-03,438.5090026855469,444.6304782849395,436.36190651605443,443.07728054295416,260512
2022-03-04,428.276123046875,440.1079758926074,426.08335487338707,433.98647135416667,311250
2022-03-07,425.3523864746094,432.3875462942266,409.72889680679174,420.28160865365925,238804
2022-03-08,428.32177734375,438.55473224925623,420.6470751058998,424.57581131183474,577601
2022-03-09,433.84942626953125,436.7274362246251,429.4181904300707,430.6059317186618,254402
2022-03-10,441.615478515625,444.03666049117425,435.8137593709673,438.55472641103626,474785
2022-03-11,439.331298828125,448.0566986152147,438.0978581972524,444.6304901308775,1160192
2022-03-14,442.89453125,444.8588851210135,434.90004512635375,439.33128015425723,380517
2022-03-15,436.08782958984375,446.6405690526281,433.6209760700472,442.20933358379955,258379
2022-03-16,444.1280517578125,445.8639920519948,438.37200398334306,438.37200398334306,389812
2022-03-17,441.4784240722656,451.391565632473,439.7424560200551,451.391565632473,681311
2022-03-21,440.56475830078125,444.8589230552669,438.554704750983,443.6711818829226,165135
2022-03-22,443.48846435546875,444.9503190294077,437.2756168444266,440.5647828901496,216083
2022-03-23,442.52911376953125,451.0717995599474,437.2298943404624,445.8639512711751,498893
2022-03-24,451.71136474609375,452.99047712761524,438.554728468549,442.2093512057869,425873
2022-03-25,443.9909973144531,456.096935305273,442.39209984396746,455.9141930127653,595638
2022-03-28,448.1024169921875,449.92972826077414,438.41766169216675,447.5998896637918,228813
2022-03-29,448.19378662109375,453.08185012868597,447.0060453796491,452.25956558595055,176995
2022-03-30,447.14306640625,450.38656067060015,440.5647625017921,448.19376481989,291680
2022-03-31,449.3815612792969,451.3459154562891,445.0873683395433,449.51860405768065,184809
2022-04-01,459.1119689941406,460.9849519434816,446.320789758483,448.2394722203432,606197
2022-04-04,465.096435546875,467.0608176612027,459.15767333579686,460.48248528975364,365401
2022-04-05,487.16119384765625,492.1862998206879,462.9493196139582,467.791683307675,1206501
2022-04-06,494.1963806152344,505.25159205949467,475.46643913744117,483.7806835361707,3289661
2022-04-07,490.9528503417969,504.29225653866985,485.60798699605243,496.0236839055891,1034820
2022-04-08,495.703857421875,497.6682393582518,489.3996669510447,493.14563277725773,348421
2022-04-11,511.73858642578125,514.7993667858584,494.47052542845216,495.1557672719602,1390063
2022-04-12,500.7289123535156,521.5602477125803,497.7595318199945,511.64710731440744,1614322
2022-04-13,500.7289123535156,515.1189872467334,498.30775860832546,501.14006850348653,966351
2022-04-18,521.2406616210938,527.9560098021857,494.1050717649193,501.9625455218773,1645800
2022-04-19,500.3178405761719,523.0678898832552,495.2013909462434,521.8801486225702,816279
2022-04-20,503.1044616699219,508.5406676965606,498.490456431687,498.490456431687,378515
2022-04-21,509.50006103515625,514.6165100227241,486.06477289318997,507.07885142052714,282523
2022-04-22,494.8358459472656,508.4036649372811,492.3232930711641,506.9417825321186,189865
2022-04-25,490.6787414550781,498.4904858830986,487.06979058917574,495.0186056667688,660146
2022-04-26,499.7239990234375,506.5307451789927,493.14566679414173,494.28773642543894,556162
2022-04-27,497.7138977050781,506.39362607258295,490.77013731711963,497.02865599185407,453048
2022-04-28,500.6833190917969,503.0588015843604,492.0949332830802,497.9423520164768,467619
2022-04-29,487.1155090332031,505.8911205984458,484.23747156596414,500.8660147614405,395524
2022-05-02,490.35894775390625,491.72943108705573,480.8112360466096,483.4608594634091,327466
2022-05-04,483.186767578125,498.49049969604096,481.4508553044156,490.31332625109746,709229
2022-05-05,477.8418884277344,493.7395184940906,473.54769586819094,488.8057558486384,485823
2022-05-06,450.8433837890625,477.2479981548627,444.81325102763293,473.273618452667,1166138
2022-05-09,444.3107604980469,448.1024539995539,431.42823729662973,445.8639863576444,1208803
2022-05-10,428.1390686035156,453.90414273476006,424.34740300725315,438.78315198190046,1153281
2022-05-11,413.3835144042969,451.07181036874607,410.23139122515613,417.5406365031099,2411659
2022-05-12,400.9577941894531,419.64203581045865,393.14602152362875,413.3835168108229,1043176
2022-05-13,394.3794860839844,410.4141607045007,391.0446482814605,408.40410696685245,425307
2022-05-16,392.7348937988281,396.9377154409968,386.7047608237652,394.01400615534254,527472
2022-05-17,402.2369079589844,404.9778749638156,393.054679645823,395.3844904469063,443511
2022-05-18,396.8006591796875,407.58181316440607,394.88200451659213,405.11493162248456,444804
2022-05-19,383.5526428222656,395.7042800803175,379.3955206365859,390.1309748629071,499447
2022-05-20,392.5521545410156,394.1967514828433,387.0245488693886,387.2072632745527,237546
2022-05-23,392.5521545410156,398.35387364422644,389.8568870337376,393.73992364609535,333652
2022-05-24,393.3287658691406,405.38903186414456,391.1359978380194,394.4708354564494,1235154
2022-05-25,394.56219482421875,400.13549982046163,390.17663101030547,394.24240977280465,718678
2022-05-26,402.87646484375,404.2012487896925,383.3699113903885,395.6128913665604,379813
2022-05-27,395.7043151855469,405.5261146043812,394.4708743331811,403.6074319320967,330812
2022-05-30,406.07427978515625,414.75400878055564,393.0089867783356,397.44022242091967,548196
2022-05-31,416.6726379394531,421.1495728220871,402.00847626507925,407.4904100323304,1454096
2022-06-01,437.8694763183594,439.92520155929066,415.25649866811546,420.2816048126141,1718825
2022-06-02,439.3769836425781,441.61545107255404,429.5551856926817,433.98642104193704,465967
2022-06-03,425.3523864746094,442.8032153669578,423.93623133760406,439.4683777443698,479468
2022-06-06,419.5049743652344,425.3523647848619,414.98239575400487,425.3523647848619,166225
2022-06-07,417.2208251953125,421.60638881569207,413.611902295921,418.40859420778366,259434
2022-06-08,418.4999694824219,420.9668509502923,410.3227679460749,417.22085711790174,280457
2022-06-09,417.8604431152344,420.0532112352196,409.8659556800888,417.03815855555985,207483
2022-06-10,425.7635498046875,428.32177457323724,413.06374134196074,413.06374134196074,1029595
2022-06-13,416.4899597167969,426.58584412865224,408.8609289849239,421.5150661065557,758543
2022-06-14,430.6515808105469,432.2047786304939,415.7133058904979,416.5812898799952,1105510
2022-06-15,433.34686279296875,445.2700857316435,429.50952580002144,434.03210452912623,1712880
2022-06-16,429.1897888183594,439.46841601198696,424.9412951548388,439.46841601198696,1212931
2022-06-17,425.3980712890625,437.73242242119187,421.8804915007956,427.0883397984954,846318
2022-06-20,414.4342041015625,428.6872376696762,410.32275371936953,424.84987282660654,469991
2022-06-21,423.3423156738281,426.6314813158412,411.6932071085086,413.6575610155612,476825
2022-06-22,420.7384033203125,433.8950383688013,414.98238419989747,422.8854995543758,716282
2022-06-23,416.4442138671875,424.30165765162724,404.8864760331993,424.30165765162724,695005
2022-06-24,422.6571044921875,424.43871626002783,414.8453320433945,416.44422941283335,314591
2022-06-27,429.098388671875,433.7123666298876,423.2509978400195,423.52508339363817,268302
2022-06-28,434.2605285644531,435.72238321217867,421.2866347869648,428.4131378561092,480685
2022-06-29,420.3729553222656,434.53461739803004,417.5862889584683,429.9206397986502,774595
2022-06-30,412.6526184082031,423.1139880127387,408.9523237334005,421.1953053403161,414677
2022-07-01,418.81976318359375,420.8298168568447,410.5968619644817,412.0587166466134,220456
2022-07-04,425.4894714355469,426.5858415480535,415.71334427431407,417.9974835285685,222648
2022-07-05,431.19976806640625,433.7579925725797,424.98689330739705,428.2303873905539,482182
2022-07-06,436.3619384765625,437.82379307451464,428.68723669051025,431.70228914420875,252938
2022-07-07,438.8288269042969,441.3870796250058,436.1335592859894,438.3263274161974,210536
2022-07-08,439.331298828125,443.0315928381868,433.0727524202245,440.79315335795343,225955
2022-07-11,446.73193359375,450.4322277600541,434.16916862072617,437.2298926899262,290019
2022-07-12,434.8087463378906,452.57936103101764,431.5195802089689,447.2801411892661,610344
2022-07-13,440.2450256347656,447.46290043276883,435.8137897017473,437.41268725306395,489593
2022-07-14,447.59991455078125,448.6049413808958,440.8388680576013,442.75755057280935,413597
2022-07-15,454.13250732421875,455.0004913020142,447.9653319903059,450.15812774840884,410106
2022-07-18,472.222900390625,473.2736266941582,456.8278249943612,456.8278249943612,668856
2022-07-19,478.115966796875,481.496503687361,468.79666847571,470.3955657839698,554599
2022-07-20,467.4262390136719,483.27817021593546,463.4061597052665,483.27817021593546,475779
2022-07-21,464.8222961425781,471.035143198439,463.2690704373345,467.6089346273635,271885
2022-07-22,459.75152587890625,467.79168429978597,456.2796177424595,464.8223034912424,854890
2022-07-25,460.71087646484375,465.23348323214776,457.3760388106233,459.7515491542319,1153332
2022-07-26,458.3353576660156,467.1978287481777,455.8228045933216,460.66519633568487,555617
2022-07-27,466.05572509765625,467.7459935267731,454.2695734857284,457.7414535975175,489142
2022-07-28,459.4317626953125,469.1165184467457,457.74149411657396,467.56329264302735,394553
2022-07-29,479.4408264160156,481.268137807787,461.3504547905026,461.3504547905026,783185
2022-08-01,481.6335754394531,486.06478282646884,476.24298505318967,481.2680908906813,582879
2022-08-02,485.3338928222656,486.88711858153437,478.07031924591706,481.633598589821,409849
2022-08-03,487.024169921875,488.3033102346855,478.48151125418616,485.10551521777876,239748
2022-08-04,485.6993408203125,492.369071946369,479.6235639618693,488.7144491989923,576025
2022-08-05,494.15069580078125,496.93739048263177,482.7757261937238,483.3238973440198,318171
2022-08-08,501.1401062011719,502.1908324673473,490.9528237599523,493.37403345238437,445171
2022-08-10,495.4298095703125,516.2154770073334,494.01365437048435,516.2154770073334,1509501
2022-08-11,508.7691650390625,511.0990317356154,495.9779849675324,497.9423670702795,343176
2022-08-12,529.1893920898438,533.4835850287843,505.84550013006395,507.07891301784383,1040317
2022-08-16,530.7882690429688,533.5292360343963,524.2099371105194,529.1893716313026,524972
2022-08-17,531.5192260742188,540.8841973974,529.2350867271014,531.564897708137,466031
2022-08-18,536.772705078125,538.965500987895,527.4534061092772,529.9202875664894,416249
2022-08-19,535.7677001953125,545.5894985195104,531.3821084245083,536.8640423728978,323024
2022-08-22,533.163818359375,557.330024852307,524.8952447174597,535.3566145336956,1587273
2022-08-23,530.6968383789062,542.574361300322,527.8645282959984,533.1180480497015,673814
2022-08-24,530.7882690429688,540.6100674289174,524.7124365725912,533.9860638663008,602804
2022-08-25,522.5654296875,535.4022821246658,521.240617665737,531.7476590384906,385349
2022-08-26,526.58544921875,529.8746432529744,524.4383805937953,525.3520363091155,430991
2022-08-29,528.7781982421875,529.8745961561445,516.2154332731507,516.2154332731507,180340
2022-08-30,531.8847045898438,533.9404299787273,526.8595980836841,530.0116657345427,322415
2022-09-01,532.7525024414062,540.7469881068841,525.5346574139244,526.2655706646038,281377
2022-09-02,527.5448608398438,538.0975737690246,524.2556666278751,534.9454502278089,435849
2022-09-05,523.1592407226562,531.3364705346164,520.9665004631305,527.5448327719466,775095
2022-09-06,530.0115966796875,540.7927774821444,523.2962502569874,523.2962502569874,1930422
2022-09-07,530.6511840820312,540.2445682934087,528.458444007071,530.0116139815832,858247
2022-09-08,523.9357299804688,536.3157501991665,522.4281761789783,533.3006983612889,300802
2022-09-09,516.85498046875,529.7831736595283,514.3424275862712,525.6717234881993,328987
2022-09-12,512.51513671875,524.4383315353016,510.5050831800518,518.8193271056634,565980
2022-09-13,504.9317626953125,519.3218376272423,503.6526226175417,514.3880753445369,347245
2022-09-14,499.3584899902344,509.1346167085907,498.1250771548602,500.68330185070926,518910
2022-09-15,505.89117431640625,510.87060905483804,501.00308284230147,502.28222313359134,793298
2022-09-16,493.9222412109375,509.7742008113688,488.8057916788507,507.261647676571,520713
2022-09-19,492.5517883300781,499.3128631286276,487.3896668455519,494.28775654636325,225478
2022-09-20,498.2621154785156,503.33294924382284,493.4654230362878,497.02870258513303,202450
2022-09-21,490.8615417480469,502.0994960924653,488.89715961927504,498.2621308671438,256847
2022-09-22,487.8921203613281,490.9985718981394,479.76056271592637,485.33389567725067,378990
2022-09-23,476.69989013671875,490.404726460726,475.4207497737627,487.84650149993564,357807
2022-09-26,451.89410400390625,473.3193129276716,449.9754215032184,473.3193129276716,712467
2022-09-27,460.482421875,464.63954369723797,450.5235814228654,452.44226375718915,658739
2022-09-28,451.30023193359375,462.30977166710926,448.5135653946028,456.00555308452397,456156
2022-09-29,441.204345703125,456.6908214537673,436.7274382101191,454.223939833866,445651
2022-09-30,444.85894775390625,448.8790271941409,433.9407790402324,442.84892197506827,484669
2022-10-03,441.15869140625,450.7063774144595,438.3263529601671,446.6862976277102,754927
2022-10-04,459.5231628417969,461.39614594458743,443.12303125371267,445.63558452370796,1137887
2022-10-06,459.1119689941406,466.8780421015042,458.28968447693137,463.086376690303,269751
2022-10-07,448.4679260253906,461.30477803281616,446.0010443717818,459.66020885211725,340421
2022-10-10,448.92474365234375,450.9347695070489,439.4684013726979,442.2093685330265,380492
2022-10-11,439.0115661621094,451.2088753978599,438.18928160429056,451.1631758830837,212229
2022-10-12,442.0722961425781,444.6305208345172,438.92017296629786,441.2043121135856,363771
2022-10-13,438.1435241699219,443.7168288090333,434.35185907269675,441.2956470878574,251988
2022-10-14,436.7274169921875,445.4071459909862,435.31126183488067,442.20935109669193,204800
2022-10-17,440.6560974121094,441.9352375949768,434.4889219345754,435.8137337457351,188182
2022-10-18,440.7931823730469,443.30573542694896,436.2705757229999,442.8945792287418,279844
2022-10-19,439.8338623046875,447.2344792851,438.60042149419206,443.0316573557556,419315
2022-10-20,443.48846435546875,444.72190510793473,434.90010648459565,437.5954019110006,238066
2022-10-21,442.5748291015625,445.5899097337361,438.9202061892745,444.4478400736461,108634
2022-10-24,443.8082275390625,447.59989287204587,438.64607874481595,444.95029709011516,50151
2022-10-25,463.45184326171875,464.1370850211003,442.07230594552624,446.0467137264509,854864
2022-10-27,462.5838317871094,470.5326468776774,456.9648552698388,463.45181578388707,350944
2022-10-28,456.5537414550781,464.639571686901,450.5692801918663,462.49250320605546,241889
2022-10-31,460.8022155761719,463.5431824245886,456.0968947295678,458.6551193017341,136507
2022-11-01,473.7761535644531,475.1009654866222,461.67021550157284,461.67021550157284,653923
2022-11-02,462.9493103027344,479.3951113382481,461.2590418420175,476.88255840226685,824430
2022-11-03,465.7816467285156,467.3805441418006,457.23898856929657,460.93928285844714,248017
2022-11-04,466.6496276855469,471.4463198937683,465.370515339866,465.78164365675025,211024
2022-11-07,466.60394287109375,471.3092359214203,464.00001874083944,467.6089417612295,290040
2022-11-09,461.989990234375,468.9337789972068,460.07130772480116,462.3097752997304,304779
2022-11-10,465.05072021484375,466.87803149270167,455.7771210562262,461.6701831977836,362506
2022-11-11,465.05072021484375,481.9990211639531,461.9899682479202,475.14660387198586,941207
2022-11-14,471.81182861328125,473.730483288731,463.1320715287104,465.96440979219443,293071
2022-11-15,475.0552673339844,476.9282502672599,467.4262370645004,473.7304554857745,385563
2022-11-16,465.37054443359375,478.4358378994725,462.30979220905743,475.05530059788435,254670
2022-11-17,466.60394287109375,469.9387524720819,461.6701801474299,465.0507171421541,265900
2022-11-18,467.883056640625,471.17225058438225,462.9493493726657,467.791713377653,170098
2022-11-21,479.80621337890625,481.49645376635067,464.13699907648225,467.7459494939763,376858
2022-11-22,484.2831115722656,493.3739954186496,478.43574953007305,483.32378440086234,1929291
2022-11-23,490.81591796875,495.01871243736895,483.36960072497044,486.52172445899754,566216
2022-11-24,491.6380920410156,495.0186291614875,485.7450576017455,493.2369894580521,419836
2022-11-25,499.3128356933594,502.2365450608729,491.5467623111205,493.19133140374754,554988
2022-11-28,500.454833984375,502.37348835814333,490.7243799449972,499.31276453210575,408754
2022-11-29,491.0899658203125,501.2772497429127,489.21698268509186,499.76969544876454,295357
2022-11-30,491.2727355957031,494.24211695043385,488.1206119276564,490.6331653816593,208439
2022-12-01,496.11505126953125,499.5869318196828,492.4604284240835,493.2370134726935,372795
2022-12-02,502.23651123046875,503.8810802123184,493.60245436936543,495.0642810720953,344496
2022-12-05,500.2264709472656,505.70840487545485,494.74453701907646,502.7390239976857,273850
2022-12-06,496.4347839355469,500.59196182894897,490.86150667764065,497.9423380908593,334920
2022-12-07,496.4347839355469,500.1351339958381,493.5568020460181,496.4347839355469,194240
2022-12-08,493.7852478027344,498.810354290982,492.6888497795473,496.11505874880703,522584
2022-12-09,483.0040588378906,496.3890800183606,480.5828491738405,494.2420116484389,189220
2022-12-12,483.2325134277344,487.43530726681837,477.5678370356213,483.00409950680336,119932
2022-12-13,480.44586181640625,485.79078150181107,477.2937940386164,483.6436569945532,205913
2022-12-14,477.248046875,482.9583951709348,476.105977215813,480.8569981510548,209026
2022-12-15,478.6185302734375,484.23753530042444,476.60853228617333,476.92828948456895,223770
2022-12-16,469.2535705566406,482.31889238434616,467.38058742351126,476.5171449169437,282437
2022-12-19,470.71539306640625,474.0045310377056,464.5482175463842,469.2535105951843,1478848
2022-12-20,467.5176696777344,473.27368988821513,464.22850332207616,472.81686200222265,303823
2022-12-21,465.1877746582031,472.3599771802956,460.1626685179872,468.2485267019371,270336
2022-12-22,455.7771301269531,468.61400883891486,454.0868615847839,467.4719113849667,230108
2022-12-23,436.17919921875,455.6857528102988,434.3518879292851,450.61497513505685,171057
2022-12-26,447.5542297363281,448.8790137111554,434.9000932940138,434.9000932940138,194406
2022-12-27,450.2951965332031,452.5336361653279,445.54417595951486,447.7826434741975,155331
2022-12-28,452.9904479980469,455.8227860137844,446.82327252553836,450.2951806321884,109134
2022-12-29,453.9041442871094,459.5231491937141,446.8233125546999,450.93476323803446,174770
2022-12-30,449.83837890625,460.20837643420384,448.60493816370774,454.2696145236863,247252
2023-01-02,457.3759765625,458.8835026522433,449.5185332103608,455.73137983341707,188637
2023-01-03,456.3253173828125,462.1727078617033,454.13252155599093,457.74147246195736,266421
2023-01-04,442.5748291015625,459.11200335617764,441.3413882921533,456.09695060656406,203566
2023-01-05,442.7575378417969,447.6912728229257,437.4583182910928,444.03665018763655,511661
2023-01-06,439.4227294921875,444.72192151281394,436.72743396635866,442.07232550250075,117220
2023-01-09,444.7675476074219,446.04668778993545,439.468356129363,440.38201175541155,138957
2023-01-10,444.7218933105469,449.42721439155827,442.20934024099574,444.7675649406064,143284
2023-01-11,446.4122009277344,447.55427060474835,440.4734386072617,445.6355879708528,141961
2023-01-12,442.6204833984375,448.51354551291786,441.38704271503923,446.41214870605955,169141
2023-01-13,439.4683532714844,443.6711747004881,437.4126281262436,442.4834056648149,188066
2023-01-16,437.7324523925781,442.6661876067295,435.9508126207038,440.42771998386786,298246
2023-01-17,440.88458251953125,443.0316791645971,434.16923488776405,437.64111567537924,163214
2023-01-18,438.1435241699219,443.0772866297437,437.0471541986159,441.2956470878574,138196
2023-01-19,416.3985900878906,434.8087470791703,415.11947766961805,433.9864625161778,1145506
2023-01-20,420.2815856933594,424.84986379872197,412.46984128621204,414.16008187915077,488458
2023-01-23,448.6048889160156,450.3408289381612,417.54059925584346,418.04309867085345,2251975
2023-01-24,432.8443908691406,450.61500551009004,431.6109500890966,447.691296096842,835225
2023-01-25,424.8498840332031,432.25050049287375,421.4236752909998,428.5045066915532,540495
2023-01-27,401.9171142578125,427.6822147023289,400.18117410191843,425.48944672211763,406744
2023-01-30,397.66864013671875,403.1505742913892,393.64856066647224,399.7243654447202,703156
2023-01-31,411.0993957519531,413.3378355003981,397.39456017247994,397.4402318047211,416986
2023-02-01,401.4602966308594,420.00752349878684,396.6636043536889,411.19072395946495,469072
2023-02-02,404.703857421875,409.3178081689688,397.8971103963971,401.4603625249269,337596
2023-02-03,404.9778747558594,406.8051860914752,395.7042753041207,406.02857319732686,212893
2023-02-06,406.53106689453125,410.3684036521633,402.1912028316654,403.79010011798437,155197
2023-02-07,408.1756591796875,410.27705600901095,399.72434446807677,406.5310901726133,293974
2023-02-08,413.3835144042969,414.43421283649116,403.15055986213844,408.17566599073166,216545
2023-02-09,410.6425476074219,414.8453413380653,409.9116063497671,413.38351458787173,475733
2023-02-10,414.11444091796875,415.2565105288843,408.26705008659303,409.82024802790284,159007
2023-02-13,417.9060974121094,419.3222804285537,410.231395369241,414.1144319623797,388405
2023-02-14,417.5406494140625,419.45933193536536,411.4191451514674,418.0431488894366,417319
2023-02-15,460.8479309082031,463.3604840908617,440.107963184521,451.7113738803539,13087706
2023-02-16,465.507568359375,468.1571921340032,457.0562533302794,460.48246212585866,2642615
2023-02-17,462.99505615234375,467.8830921598914,459.6602182064957,464.7766960364921,937022
2023-02-20,467.2891845703125,473.1822745551694,461.44176621407485,465.00504548820624,1255526
2023-02-21,473.2279968261719,475.28372222006044,463.77165443777244,468.705389806593,898392
2023-02-22,473.1802673339844,481.6725067835545,466.1670027730376,473.27569164408516,1563125
2023-02-23,479.52557373046875,482.8175230352916,468.0276581992303,470.41312026956274,683218
2023-02-24,473.943603515625,483.4854515500092,472.8939944079609,480.14580473797474,260551
2023-02-27,480.19354248046875,481.6725174016951,470.1269036102624,474.2298869603437,373184
2023-02-28,483.1514892578125,490.6895435092303,477.3309560340155,480.05038859392334,683583
2023-03-01,483.3423156738281,486.20487017380793,480.1458197777122,483.15149617880894,334566
2023-03-02,491.9776611328125,494.2677279555471,481.3862331150068,483.3423003133992,818769
2023-03-03,487.3498840332031,499.22949637839866,485.53693874663344,494.7448161942551,636927
2023-03-06,496.8916931152344,501.37637294857865,487.6360896802076,491.40513097329944,475485
2023-03-08,506.43365478515625,510.0595458942135,493.79070438307747,495.2219817870864,730588
2023-03-09,508.9144592285156,512.5404081981065,503.85729124306056,506.19505574014295,556576
2023-03-10,511.3476257324219,512.2540546448503,503.80954298690256,503.80954298690256,367313
2023-03-13,507.0060729980469,516.6433744748191,503.76187960333465,511.44305563819677,893291
2023-03-14,503.71417236328125,512.1586844328796,501.56725659248673,506.67212190751565,470282
2023-03-15,513.399169921875,517.1682118961895,502.8554385042285,504.42986687287384,512885
2023-03-16,520.603271484375,522.8933385985853,509.0099595956034,509.82099348585547,391132
2023-03-17,510.8229064941406,524.8017397671052,509.0099899727883,522.8933698043157,723764
2023-03-20,505.7655944824219,513.160525993617,503.857225060178,508.58045102799423,378019
2023-03-21,495.3651123046875,510.20267579723355,493.26589388466,507.0061214507209,411254
2023-03-22,493.265869140625,496.89175991760754,489.97391976513006,495.2219364325268,437653
2023-03-23,491.88226318359375,499.70659017200813,488.01782640091403,490.54638117137,356863
2023-03-24,479.85955810546875,493.5521166085838,477.5695202756813,491.4052006832685,410113
2023-03-27,464.8788757324219,482.76984186868486,462.0163211506198,482.34044703365015,648980
2023-03-28,487.92242431640625,491.30979797393,463.30443794457983,464.9265638222009,1594416
2023-03-29,505.9564208984375,510.0117057429794,484.1532953809604,486.53875705422035,2390188
2023-03-31,487.0159606933594,506.0042341282801,483.29464545647124,506.0042341282801,753861
2023-04-03,496.7962951660156,499.0386059507663,489.49675880065604,493.26580007271224,336360
2023-04-05,498.22760009765625,500.8993058013168,490.4509709399495,491.3574581176602,488326
2023-04-06,497.4642639160156,505.71798642393554,494.31546545963124,498.2276584111103,241931
2023-04-10,496.1761474609375,501.23331577767834,492.2162568347099,496.9394837323433,8723233
2023-04-11,520.1738891601562,524.6108137257522,500.94704132611145,500.94704132611145,1134614
2023-04-12,511.01361083984375,520.0783656034182,503.8095279123446,520.0783656034182,490381
2023-04-13,514.3056030273438,517.6452498002486,510.96595625443894,512.3972334428267,328941
2023-04-17,496.1283874511719,516.1185702174686,490.26012776524027,514.7349906402602,775065
2023-04-18,506.9584045410156,508.485135260522,498.3230432045744,499.6589253042897,265988
2023-04-19,508.9622497558594,514.305661908732,506.4813340686635,506.6721826967285,253027
2023-04-20,513.3514404296875,516.2139949302248,507.8171800430795,508.58051626212534,128613
2023-04-21,516.023193359375,516.8342854850966,511.4431173887336,513.3514872297363,279636
2023-04-24,519.1242065429688,520.0306937118811,512.7311570092063,516.0231060758796,132400
2023-04-25,518.4086303710938,519.8399076820237,516.5479582191201,519.8399076820237,95231
2023-04-26,515.2598876953125,520.0308125813802,512.3019375614822,516.2140726725261,252945
2023-04-27,517.2158813476562,518.9811582465645,513.4468395784422,515.25981407163,67858
2023-04-28,526.1375732421875,532.2443216134716,514.4965059010074,517.9315482199281,310652
2023-05-02,517.0250244140625,533.8664098800699,515.2598057823731,526.1375360888622,212202
2023-05-03,514.1148071289062,522.1299835011323,508.8667902334503,517.0250593958943,376571
2023-05-04,522.6069946289062,523.8474231452394,514.0670295437118,514.1147271330294,81903
2023-05-05,515.689208984375,528.3798557223578,515.0212679478873,522.6070490818686,113547
2023-05-08,521.080322265625,523.8474816207165,513.3514482913397,516.2140028357152,121222
2023-05-09,509.15301513671875,521.9391154843316,494.84024231722157,520.9849306296985,219551
2023-05-10,513.2081909179688,516.5001396095839,509.5346033094821,511.25212403242637,125077
2023-05-11,513.2081909179688,518.8856012355646,505.71786470791295,514.1146779836033,112082
2023-05-12,510.632080078125,516.2140385301016,503.61878601616763,513.2083327551447,230059
2023-05-15,507.57861328125,510.63201627261196,506.09963849695816,509.05758806554184,97162
2023-05-16,505.33636474609375,511.7771136495699,499.5635570063,507.6264320961958,247224
2023-05-17,509.96405029296875,511.8247221996113,500.7561441778595,505.7179165159679,136629
2023-05-18,510.632080078125,515.2598536159978,507.62637430316823,511.443113959583,114854
2023-05-19,502.9985046386719,510.393436309751,501.85347131280645,510.393436309751,80712
2023-05-22,505.861083984375,508.43733629714075,498.4661519456339,502.9985296467978,67594
2023-05-23,510.8229064941406,513.2561247877608,497.60746779735524,506.0519815871669,162633
2023-05-24,527.5687866210938,530.049643746342,508.1510914613534,510.44115822221096,477060
2023-05-25,530.0972900390625,535.2976082194378,518.456225235726,528.761466423513,418734
2023-05-26,527.1871337890625,534.0095788159791,522.8933019301471,530.0973859567853,172223
2023-05-29,529.906494140625,531.9103171213978,520.9848897454559,529.9542499706664,141289
2023-05-30,540.545654296875,542.4540237736513,520.9848671599184,532.2442354251353,903975
2023-05-31,526.1375732421875,539.2576155196024,522.2253802379912,539.1144644901373,382258
2023-06-01,535.8224487304688,540.0685826267998,523.0841052802928,526.7099957773736,311774
2023-06-02,537.9694213867188,539.5915473235195,530.0973961605135,536.2519002578567,137857
2023-06-05,561.58544921875,564.8297008159443,538.1602241588882,539.400652744115,1114451
2023-06-06,584.1519775390625,586.8236834745973,558.7229279596347,562.8259111719367,984236
2023-06-07,656.2406005859375,692.1656818415676,599.2280584048982,601.1364280176526,8361595
2023-06-08,637.1091918945312,714.5412521691908,621.7945377598166,687.0130444476154,7294249
2023-06-09,649.2274169921875,662.8722491566836,624.2754590329786,643.1206104520099,1954838
2023-06-12,651.8513793945312,656.3837572639161,636.441271343095,649.7998587475978,737341
2023-06-13,639.5424194335938,654.1891341288225,634.5329487852888,653.6166464931171,580498
2023-06-14,632.6245727539062,644.7904299222506,630.7162030020091,639.4947155085006,484869
2023-06-15,625.8975830078125,643.4545498375576,623.1781211594555,632.7677257841576,536734
2023-06-16,644.186279296875,651.6745730597864,625.2734960394228,629.785691831222,1204655
2023-06-19,646.3463745117188,658.5388837523711,640.4421101475333,644.6183157160995,512592
2023-06-20,633.6738891601562,647.9784972862938,630.3617420602229,645.1463698067524,416821
2023-06-21,634.3939208984375,640.9221760402861,629.7857442451411,634.5859404665217,204714
2023-06-22,626.66552734375,646.1063192682402,624.0254197984489,634.5858499796534,345148
2023-06-23,615.1450805664062,636.4579612494642,610.6328848773585,626.8575698243155,450078
2023-06-26,606.2167358398438,618.5052252984508,599.6884813083469,615.1450882576365,331190
2023-06-27,602.5205688476562,614.4250781757684,600.8885491106652,609.5289017725119,241524
2023-06-28,594.6002197265625,608.6648166087374,590.9040924647916,605.6887187041534,401256
2023-06-30,590.6641235351562,602.9046234540075,587.6399765873357,600.5045254307033,381719
2023-07-03,581.9278564453125,595.1283970769123,580.1037583013951,593.2083184395887,351167
2023-07-04,567.287109375,593.7361740097278,564.5989531045869,586.5838712256384,633858
2023-07-05,585.3358764648438,595.1282874302669,569.2072306021029,569.2072306021029,1367642
2023-07-06,614.7611083984375,619.1293338493491,587.5440191835405,588.4080779443274,4530043
2023-07-07,608.2327880859375,622.5853850108906,604.8246608432707,618.2652088620101,660897
2023-07-10,594.3121948242188,612.024927988768,587.927969948763,610.680849806495,446632
2023-07-11,599.2084350585938,608.6647968712136,593.3041710826657,597.1443275298027,394233
2023-07-12,600.8404541015625,609.528854931875,596.8083367128046,600.9844834066483,333785
2023-07-13,587.639892578125,603.816586100255,583.4637460530564,601.84851772173,339317
2023-07-14,586.0559692382812,593.7362832036387,584.1838809899963,588.4560673524554,217457
2023-07-17,585.5278930664062,595.0802356021827,580.5836680726401,587.5439518155531,580804
2023-07-18,593.0161743164062,597.1443308004616,584.423812499648,586.343890733733,305340
2023-07-19,600.6005249023438,611.544995673099,594.4563089261095,596.0883873527864,574493
2023-07-20,589.9920654296875,605.5927020803585,586.3919185103019,604.8246824567846,302739
2023-07-21,588.696044921875,593.3042213294775,586.1519176217303,586.5839469778491,369097
2023-07-24,579.7196044921875,592.248162000041,576.9835164135403,588.9360152864261,202839
2023-07-25,587.1119995117188,608.6648926832165,583.7038718476272,587.5440288992563,1163389
2023-07-26,613.4170532226562,616.345161037954,588.9840440759887,589.4640636718126,1301998
2023-07-27,606.7927856445312,621.0973936581335,603.8646777024051,618.2652662008726,494115
2023-07-28,644.9542846679688,650.5705488132454,604.3926308686846,606.6487580128371,2190843
2023-07-31,649.7064819335938,654.7466873715714,638.6180416892706,648.0264134542679,654223
2023-08-01,650.7145385742188,652.7306559915909,641.4981859683891,651.8186070596469,387941
2023-08-02,637.610107421875,650.9066279315759,624.9855675272212,649.4665690202229,523123
2023-08-03,641.9781494140625,650.8585109718272,630.4096901310124,636.4579246619386,265718
2023-08-04,639.3860473632812,653.7866340156074,634.9218420626053,650.9065166851422,273954
2023-08-07,633.7218627929688,643.1302939829694,629.3536960811218,643.1302939829694,130880
2023-08-08,631.273681640625,636.697925849337,626.9055155714141,634.6818086354539,118313
2023-08-09,635.5939331054688,647.450452242589,625.8975607388815,631.2737567566867,914069
2023-08-10,644.666259765625,648.0263966370765,634.8258589278028,638.4739958118655,242959
2023-08-11,614.3291015625,652.3466300754608,610.1049056849968,651.8666104801147,669259
2023-08-14,616.921142578125,620.9533187811215,603.3846138210725,614.3770739543838,177462
2023-08-16,607.5127563476562,615.4810694940339,605.8806780896899,611.4009031471877,117139
2023-08-17,603.5767211914062,611.977065088148,600.0725542988773,608.5689372835568,285207
2023-08-18,604.7767333984375,608.6168903739385,596.6643900684627,603.5286941006287,322216
2023-08-21,610.5848999023438,616.1051250193854,602.904586696025,606.7447432991844,404038
2023-08-22,635.4979248046875,645.5783358438858,611.0169265666344,611.0169265666344,1352394
2023-08-23,633.3858642578125,639.1940897174544,627.8656388398778,638.5700993931126,203801
2023-08-24,637.6580810546875,647.9305127406276,633.8659143010184,635.1139536057822,535557
2023-08-25,639.7220458984375,643.2262121343409,627.0975665940805,635.5458991536324,182047
2023-08-28,640.0581665039062,648.026480395466,637.5140391053774,643.2262842443886,109403
2023-08-29,639.1460571289062,648.0264191693755,628.8256363791718,648.0264191693755,167642
2023-08-30,634.2499389648438,639.3381351503903,629.7857331193661,639.1461155856982,259855
2023-08-31,630.6497192382812,638.3300321723634,626.7135237018816,635.5458952953037,115497
2023-09-01,638.6181030273438,646.106397249491,630.5057598716244,632.6658481239443,411163
2023-09-04,677.3076171875,685.0359205899722,636.0259339287296,641.9781883503848,1887518
2023-09-05,673.5634765625,686.8600545865099,667.2272413065352,686.572054546901,558047
2023-09-06,672.1714477539062,680.8118002767071,657.6268309020685,672.0274184400699,309069
2023-09-07,691.18017578125,695.5483420556084,669.4832565235581,675.6755205633634,772434
2023-09-08,696.4603881835938,703.1326717567428,690.5081339471989,696.988397977986,697714
2023-09-11,688.8280639648438,706.1567582450107,669.1472621372768,694.0602888528634,887536
2023-09-12,691.3721923828125,707.0688084808988,683.5958403905132,699.8685151155129,867240
2023-09-13,696.7484741210938,704.8128271256794,683.3079248442143,691.3722778487999,438896
2023-09-14,697.3724975585938,710.4290072259103,693.7723505625165,700.7326347549325,349181
2023-09-15,695.2124633789062,715.7092784307167,690.2682376816705,700.5886598723213,513668
2023-09-18,693.9642333984375,703.1806438284912,688.8280477007262,691.2761356632228,233574
2023-09-20,690.940185546875,700.7805867998045,686.332009362292,694.9243128476946,244979
2023-09-21,689.3081665039062,693.1003331781358,683.1638919991184,690.0761861679687,126316
2023-09-22,682.6359252929688,691.5162887236175,677.8357288439694,689.260219831047,159996
2023-09-25,689.356201171875,697.46854489992,681.8199161761094,682.587935889667,379048
2023-09-26,693.436279296875,703.0846612156254,689.3081225938835,689.3561128330533,557907
2023-09-27,705.6287841796875,709.1329505599883,691.9482261190609,693.9162946822388,578304
2023-09-28,705.4367065429688,717.8692243883464,699.9644720500693,707.5008140100889,239837
2023-09-29,708.9889526367188,712.637089895174,702.7007075654659,707.0688742274115,130774
2023-10-03,718.0133666992188,730.4938767438636,704.6208076628517,708.556945084628,331825
2023-10-04,703.5647583007812,719.0694160096757,700.5886599907354,718.0133962470522,131948
2023-10-05,703.3726806640625,710.620964259178,700.8285535722289,704.1886904729176,78751
2023-10-06,700.8765869140625,707.068851302539,696.0763910464282,703.708714195195,97952
2023-10-09,694.684326171875,696.0284044603239,680.0437286987441,687.3880518532302,359663
2023-10-10,696.17236328125,701.9805880042057,693.2922460371924,695.0682948992404,320685
2023-10-11,718.3013916015625,730.3978629325737,698.9085866804845,699.8686259479027,449315
2023-10-12,711.3890380859375,724.3495671198918,708.6049010031498,721.949469150641,119811
2023-10-13,700.7805786132812,710.8609895351082,697.9964416821307,710.140960183549,409942
2023-10-16,705.052734375,710.4289298652556,698.9564509677989,698.9564509677989,312995
2023-10-17,704.9088134765625,713.5011764121555,700.8766369407158,705.5808526652279,529992
2023-10-18,701.1166381835938,712.7331480281545,696.2204615474186,708.5089519762879,579564
2023-10-19,697.1804809570312,702.7007063744334,683.4519320729817,700.8286182093032,138192
2023-10-20,706.012939453125,710.525077380759,691.5643008084314,696.0285070854394,118716
2023-10-23,694.0122680664062,710.8609420481346,681.6757308427838,706.0127564574,177541
2023-10-25,678.4116821289062,696.0283769200831,671.067359265018,687.6760246778143,154306
2023-10-26,695.7404174804688,700.7326330219112,664.2991337924866,677.7876727852016,343497
2023-10-27,691.18017578125,707.5488310489764,687.1479997602507,704.6207234538222,936763
2023-10-30,693.9163208007812,707.5488891356491,686.2360072145055,691.1802325241275,181946
2023-10-31,697.8524169921875,704.1886513573584,689.3080459094523,695.980329103708,921823
2023-11-01,690.1240844726562,700.8285438897002,686.7639476183906,697.8524461143766,171225
2023-11-02,700.252685546875,705.6288821629909,691.5642830460446,694.8284400890675,157346
2023-11-03,715.7091674804688,738.1741064374256,702.7486392967179,702.7486392967179,716268
2023-11-06,718.7333374023438,729.1017485653839,715.2291710453435,719.9333863470507,118080
2023-11-07,723.5336303710938,736.350131383707,708.8449824378904,716.1893064044921,243292
2023-11-08,722.573486328125,735.1499756962256,718.7333297459703,724.2055059986293,239390
2023-11-09,729.7257690429688,768.0313563809243,708.2689164625336,723.6775338306975,673118
2023-11-10,746.5745239257812,756.798906475534,729.7257887140722,729.7257887140722,766244
2023-11-13,787.6161499023438,803.9848058528004,747.2945052028274,747.9184954988262,1434916
2023-11-15,793.328369140625,820.3534960474685,779.647810546504,801.6327316555135,927000
2023-11-16,794.864501953125,799.6167079191779,773.7916288767681,793.3284040085857,628621
2023-11-17,800.6726684570312,814.3532266410992,787.2321200656662,792.0803061590376,431348
2023-11-20,792.7042846679688,807.3928709578439,787.2320501610368,799.7605485083969,120836
2023-11-21,788.2401733398438,805.9049180560389,779.5998205409501,793.1364084169023,95980
2023-11-22,764.9112548828125,790.7843237957557,761.3111077779358,785.3120884771141,264443
2023-11-23,755.69482421875,773.6955578967409,752.8626970675184,765.1991764430462,218305
2023-11-24,783.3919677734375,794.4324182996563,753.7747826263418,755.6948609787277,870841
2023-11-28,810.3209838867188,830.433814583429,785.2639870238697,785.2639870238697,962879
2023-11-29,903.7808837890625,963.879311442542,820.017467530734,825.6336731479942,6224415
2023-11-30,925.4777221679688,933.2540156896384,883.2839906465812,893.7964308489408,1442015
2023-12-01,914.3892822265625,940.3103387688461,907.2369789799269,926.4377616038407,635463
2023-12-04,928.6458129882812,945.6385168374817,906.3249038345032,940.8383213205401,763217
2023-12-05,927.5899047851562,937.6223263393456,919.7655617146481,928.6459244872209,353161
2023-12-06,904.69287109375,921.013536671346,892.8844012480115,912.037194042124,1049903
2023-12-07,963.7352905273438,1005.1610038573417,899.1726568029825,903.5888721113294,2765383
2023-12-08,928.0218505859375,972.5196409252567,916.8373712572755,967.8154257389891,847021
2023-12-11,907.861083984375,934.454122685764,902.676848916935,934.1181324075275,558601
2023-12-12,889.2362670898438,916.8373927889887,883.2360223726383,912.0371970152244,441862
2023-12-13,875.6036987304688,906.276961421538,867.0113365825091,889.2842566756561,550782
2023-12-14,876.2276611328125,888.7081689035768,868.2593486599359,881.7958759574651,522897
2023-12-15,861.63525390625,896.5807071410181,852.5148807451253,878.4359413083217,710740
2023-12-18,893.6524047851562,901.476747168686,858.3229763597539,864.6592698042457,651854
2023-12-19,886.59619140625,912.9972691146115,883.5240542809577,898.5966812736871,274129
2023-12-20,850.3067016601562,892.0204151722412,846.7545450241602,888.9962683586987,311758
2023-12-21,872.0035400390625,875.5556965799414,834.2740135175098,844.8344440683644,303393
2023-12-22,876.9957885742188,884.1001019255917,861.1551421467698,875.5557298080871,203752
2023-12-26,876.083740234375,888.0362397206542,868.9794854742945,878.4358479398904,346052
2023-12-27,862.7872314453125,887.0282209836274,858.2750355347938,877.4758193275185,310145
2023-12-28,882.4680786132812,890.4843828059866,863.1712547865664,866.8674410077239,444611
2023-12-29,896.5325317382812,902.3888056779726,864.1312106083194,884.1960521687366,859362
2024-01-01,904.7890014648438,911.7492860164441,898.5967365928116,907.0450702603525,329025
2024-01-02,900.2286987304688,916.8373638644932,892.9323662268487,906.7089628206104,362520
2024-01-03,906.5650024414062,914.8213746972401,902.1008553309069,902.1008553309069,250137
2024-01-04,974.0557250976562,1029.1139484348219,943.7185105568685,964.8393724411525,7975873
2024-01-05,996.7125244140625,1003.24083702472,974.4396646699433,988.8402508473316,1137345
2024-01-08,974.1997680664062,998.4407576142522,971.5596602938685,996.6647085511837,341438
2024-01-09,980.248046875,984.6642625033135,970.7916838709201,977.7999585507292,219963
2024-01-10,981.0160522460938,996.3287481006046,973.9597874267038,980.2480325903186,374547
2024-01-11,979.5278930664062,987.880245049904,970.8395508325709,982.6000299403079,159305
2024-01-12,973.0476684570312,982.4080501665853,966.7594237457382,980.1999718415082,117332
2024-01-15,970.935546875,981.1599870078126,947.7506371342106,976.3597913766589,389747
2024-01-16,968.3914794921875,996.0405946410685,954.9509317090791,973.3836946737125,335717
2024-01-17,961.86328125,993.5925059447824,953.0309090438307,966.7594576466955,312608
2024-01-18,957.2550659179688,971.319663681039,936.278232769887,961.911291210424,175007
2024-01-19,949.4307861328125,970.5036584601387,938.4863157270516,963.6873449280796,274883
2024-01-23,944.7744750976562,964.791325918867,936.5661523361565,947.0785924254384,359714
2024-01-24,960.087158203125,970.5036183332184,932.1980320930003,940.8383846046759,428519
2024-01-25,960.80712890625,966.7113928671336,951.782796436155,960.0870995742464,194979
2024-01-29,963.7352905273438,992.3924361100353,959.0791240243403,960.8071827988499,530860
2024-01-30,967.6715087890625,992.4885568930795,960.0391855447534,963.8793422869325,394555
2024-01-31,998.4407348632812,1026.665909844988,970.9836380929974,976.9838828938583,2126883
2024-02-01,1009.6731567382812,1041.6425082461594,1003.2889899576953,1006.985117354951,993246
2024-02-02,1021.769775390625,1054.3630596074252,1014.6654618168662,1022.4417559589418,512473
2024-02-05,1076.251953125,1084.2202078815365,1026.3299165299325,1027.769975277867,914432
2024-02-06,1118.301513671875,1123.2457384376403,1077.2119108204595,1080.043979266962,831483
2024-02-07,1104.3331298828125,1161.0714227145882,1071.8837583031261,1128.0460510579248,894803
2024-02-08,1156.17529296875,1165.967646249716,1096.6528606365289,1111.2454100733191,469436
2024-02-09,1126.557861328125,1144.07857531231,1070.6836312801274,1094.4445995600495,1223641
2024-02-12,1085.3243408203125,1146.9108803698919,1072.9878602520996,1125.8379491248368,364493
2024-02-13,1074.619873046875,1101.8850102211466,1064.6354417614998,1087.6763829466947,454176
2024-02-14,1085.6123046875,1116.4774692363046,1014.7133205557932,1072.3637176993525,809686
2024-02-15,1160.159423828125,1187.5205433739015,1088.684546137216,1088.684546137216,2399731
2024-02-16,1137.9056396484375,1182.0255430178486,1127.0454030892013,1174.2681973704796,1637423
2024-02-19,1144.6446533203125,1164.8137970068185,1134.6086122287963,1141.3962888814895,379899
2024-02-20,1115.5062255859375,1196.5704565020003,1096.6946404406501,1167.5289437419167,1537362
2024-02-21,1090.5855712890625,1124.8148996336047,1086.0281789565838,1121.1301138222163,697562
2024-02-22,1085.301025390625,1111.5305949506255,1077.4951498064315,1093.2522564962662,519833
2024-02-23,1091.7493896484375,1118.0273727409701,1081.034509284198,1093.7856690822327,1239321
2024-02-26,1082.24658203125,1116.0880236235207,1068.9621759259878,1095.0462724366007,920294
2024-02-27,1116.2333984375,1131.6026133427838,1080.6950407630954,1085.4464378774028,1206377
2024-02-28,1083.7979736328125,1160.692700288919,1052.0898745308916,1123.6998390915537,1672445
2024-02-29,1045.1566162109375,1093.5430724402408,1032.211572256827,1090.488594607374,6486191
2024-03-01,1082.3919677734375,1104.4519160528066,1054.5625419065373,1054.6109542887395,980882
2024-03-04,1110.94873046875,1134.3662395086603,1103.482333206259,1125.3968092958678,1273651
2024-03-05,1109.9788818359375,1126.317881882337,1094.9975589935443,1110.9485498093654,930614
2024-03-06,1126.511962890625,1138.3903976187594,1105.0337898923372,1107.3124863503183,1017060
2024-03-07,1109.8819580078125,1137.8084434751188,1105.4215089260317,1126.5117877147522,523306
2024-03-11,1123.9908447265625,1248.4477264424522,1102.6096149576945,1134.511720339937,9547108
2024-03-12,1162.3409423828125,1174.9466259287276,1109.3001520405305,1126.7541754117976,3778555
2024-03-13,1101.494384765625,1169.274205793515,1090.876566861909,1168.93484564625,1519388
2024-03-14,1109.2518310546875,1116.815289959555,1070.6105790131073,1098.052234960884,853841
2024-03-15,1120.8875732421875,1149.0564733753756,1081.6160228863203,1093.058151571639,787157
2024-03-18,1154.2442626953125,1211.6001477026712,1140.3295507789846,1153.8563718276353,5326912
2024-03-19,1225.660400390625,1242.2902309207268,1129.6632646005364,1156.0381878947815,3474052
2024-03-20,1182.994873046875,1221.781590195953,1151.9169685841096,1210.1455750512296,2356398
2024-03-21,1206.7034912109375,1217.9032057767427,1180.1346783905371,1197.540174469966,944303
2024-03-22,1244.71435546875,1257.3684518846944,1188.8129714337501,1206.7032987383539,1177615
2024-03-26,1362.383544921875,1400.1036539316815,1236.0357567183487,1240.8840967358644,4289126
2024-03-27,1376.977294921875,1468.7562900364978,1323.6455470139747,1349.7295253875022,8682246
2024-03-28,1316.7606201171875,1405.0489393245039,1290.7250578549995,1376.9285671779126,2886474
2024-04-01,1379.352783203125,1418.6243387178713,1344.0084305869254,1356.5655843241982,3177319
2024-04-02,1421.0,1439.9570577709258,1365.6319778831528,1380.8073065762953,2261177
2024-04-03,1435.884521484375,1452.5627648957845,1406.0186976628088,1415.7639090867865,1586556
2024-04-04,1430.7935791015625,1467.8833778814137,1412.85472217536,1439.9568938059876,1127131
2024-04-05,1445.2415771484375,1465.1683012598276,1422.987744605425,1436.563096172359,1295625
2024-04-08,1520.827392578125,1543.1297577176338,1444.80539382035,1459.25347143209,1647829
2024-04-09,1548.12353515625,1583.4678873774003,1504.8762464773963,1525.2878057836194,2122571
2024-04-10,1523.0091552734375,1551.4203582832465,1516.512308280002,1550.984055005279,797678
2024-04-12,1533.045166015625,1566.0138792632729,1512.5366633659787,1523.106068639496,703440
2024-04-15,1478.986328125,1508.803623381413,1291.9373205502568,1291.9373205502568,1124183
2024-04-16,1461.289794921875,1528.2938355012254,1452.27183444091,1479.5196021525132,766057
2024-04-18,1465.5078125,1543.2267319086802,1435.108742208512,1475.931744242393,1381297
2024-04-19,1455.6171875,1485.3859486860345,1432.1996808924407,1466.1380619562426,603619
2024-04-22,1431.811767578125,1484.7556175347809,1425.460513099139,1472.9257150963513,455740
2024-04-23,1458.9140625,1508.754903885656,1443.1084264739268,1445.7750135209976,793375
2024-04-24,1469.14404296875,1487.8586837328885,1450.6234068357603,1470.5016019160632,371208
2024-04-25,1464.0048828125,1486.16177428692,1455.4717565463013,1476.2226766822569,306326
2024-04-26,1444.6114501953125,1473.8468460340441,1440.4418304007672,1471.9075100119628,227797
2024-04-29,1488.343505859375,1509.7731459791198,1448.9264761588308,1459.059459881432,694049
2024-04-30,1455.5687255859375,1527.2272200943792,1452.3203612040356,1488.343553910275,1052082
2024-05-02,1460.3685302734375,1469.2894284746046,1434.6237976757482,1461.774501518209,424948
2024-05-03,1439.2298583984375,1476.8044967767023,1431.5694568361703,1467.204759040073,462210
2024-05-06,1396.90380859375,1450.9628039074396,1381.7770102602276,1439.229843844732,654757
2024-05-07,1331.354248046875,1403.6914617399057,1320.9788471389581,1402.1400165154998,957140
2024-05-08,1290.53125,1328.445247627361,1284.8587154993616,1328.445247627361,814820
2024-05-09,1281.1739501953125,1336.493561484595,1263.7684555132432,1295.4765543696783,819692
2024-05-10,1286.700927734375,1305.6094540647478,1259.8897017600657,1282.0465922736591,515224
2024-05-13,1275.259033203125,1295.719006564963,1256.6898653007986,1289.270689986911,399623
2024-05-14,1318.5546875,1335.2329309387994,1276.0831787330865,1276.0831787330865,629983
2024-05-15,1324.37255859375,1348.6142578038591,1315.9849069935178,1326.5543115226599,971912
2024-05-16,1298.0946044921875,1338.1419433317255,1290.9675678153708,1337.2692183907982,574950
2024-05-17,1336.8330078125,1354.626394546933,1291.1131312378247,1306.96718168801,950802
2024-05-21,1374.1165771484375,1394.2857200407063,1326.505899318651,1349.777932640031,946369
2024-05-22,1339.8873291015625,1414.7456535531928,1328.6390852770442,1388.6131475327124,871185
2024-05-23,1383.1829833984375,1405.9701832459748,1318.7485869213053,1318.7485869213053,1656923
2024-05-24,1358.116943359375,1419.5939167043978,1338.8690577114735,1384.6373388264587,1172065
2024-05-27,1355.8382568359375,1415.8607286397382,1342.9901560649193,1381.7768753736534,1111590
2024-05-28,1390.6978759765625,1413.7760230134293,1358.504943924427,1359.2807257148543,1290287
2024-05-29,1412.030517578125,1429.0482386063095,1380.8072548094212,1402.091420413942,1794041
2024-05-30,1396.7584228515625,1431.9088928746112,1368.3956297984817,1404.9036588890626,1218851
2024-05-31,1456.24755859375,1515.5911972822978,1409.9943205159634,1423.4727303969373,23992516
2024-06-03,1469.2894287109375,1498.1370515481924,1453.8232715452607,1473.8953516849529,785567
2024-06-04,1356.420166015625,1483.6891011385492,1255.8171030136944,1469.2895538667497,889317
2024-06-05,1395.7401123046875,1469.0469878256195,1358.5533689926694,1362.7228702807454,568094
2024-06-06,1417.6060791015625,1433.3147716540038,1397.3885250628268,1409.703379629995,178746
2024-06-07,1452.562744140625,1459.350420515114,1407.230762639574,1420.5636983751774,452171
2024-06-10,1485.046630859375,1502.985489932766,1459.3504273218148,1467.107771785984,201588
2024-06-11,1533.1422119140625,1536.9239411842048,1500.367501097435,1527.2272601672698,900866
2024-06-12,1560.19580078125,1565.0441407463875,1522.4272797998988,1546.6204488788649,483154
2024-06-13,1549.335693359375,1583.5649052929728,1527.2272139625575,1563.104932639773,402726
2024-06-14,1554.48779296875,1560.077377701434,1532.032267601702,1555.362708225078,410344
2024-06-18,1559.6885986328125,1564.1117090422495,1543.6975723797964,1561.3412427995836,249173
2024-06-19,1545.54443359375,1565.0836529818778,1511.618062352062,1560.2231447428035,193683
2024-06-20,1551.571533203125,1568.7778048642135,1543.551694004627,1547.5859398798539,154930
2024-06-21,1461.5062255859375,1565.0837072157121,1435.7941835761533,1550.8423938487795,928189
2024-06-24,1449.4034423828125,1471.761778516149,1432.3430123456087,1461.9435763818497,410511
2024-06-25,1470.64404296875,1482.8925007378914,1450.181373245458,1453.486424115803,212220
2024-06-26,1469.0399169921875,1480.89962792528,1445.7094781707249,1470.6439083941127,159463
2024-06-27,1476.8167724609375,1483.8645093912098,1451.1533839500923,1474.143492935662,234960
2024-06-28,1456.5970458984375,1488.773584788071,1448.5285552371488,1477.5944165053006,249494
2024-07-01,1415.8173828125,1456.6943041451357,1409.5473747150127,1448.5286266552157,312165
2024-07-02,1432.8291015625,1440.7032194307124,1414.4078237635738,1424.1774922802101,203868
2024-07-03,1455.1390380859375,1463.0130380127225,1435.162300964778,1435.162300964778,211602
2024-07-04,1471.6646728515625,1475.601613231371,1461.0687414130884,1463.0129446618087,162576
2024-07-05,1467.387451171875,1479.5387218837984,1448.6258417267638,1471.6647221954227,113593
2024-07-08,1432.197509765625,1481.2886465647398,1416.5952297130714,1475.6504091298284,233580
2024-07-09,1476.2822265625,1506.5632173504935,1459.2217947686368,1501.5082174618744,355912
2024-07-10,1502.14013671875,1506.7089671965962,1458.152535239039,1494.7521876064902,767922
2024-07-11,1487.412841796875,1505.591215450087,1472.8313157639702,1502.1402068230611,146226
2024-07-12,1467.922119140625,1492.1760074306828,1458.298289235972,1479.6358726255141,140951
2024-07-15,1477.059814453125,1482.4550261124189,1453.9238662280584,1467.922153814136,165401
2024-07-16,1502.431884765625,1505.4939103006352,1465.0059679489323,1475.650434486736,374305
2024-07-18,1499.6612548828125,1639.9355785715202,1477.594593615122,1507.8755855001205,3254915
2024-07-19,1483.9132080078125,1545.1556135790488,1465.6863015878016,1499.6612076887998,476631
2024-07-22,1467.0958251953125,1504.862070838017,1461.1660286107226,1477.788943800715,231364
2024-07-23,1451.347900390625,1564.306075312791,1415.4287884999103,1564.306075312791,577864
2024-07-24,1477.059814453125,1506.7089149753733,1450.4243239977272,1462.9643404343512,314215
2024-07-25,1492.12744140625,1500.4876108709723,1460.2425771772357,1465.7349754579755,159592
2024-07-26,1513.4163818359375,1530.0879483350539,1494.0715358845205,1497.3281712400312,270472
2024-07-29,1547.7801513671875,1562.847726472019,1506.806163030041,1525.2274412568229,424061
2024-07-30,1556.6263427734375,1594.10078833229,1541.7044882507014,1567.0277824491056,785634
2024-07-31,1814.3790283203125,1854.7698982560973,1622.437610162173,1652.5727605007157,15274443
2024-08-01,1776.3214111328125,1843.104747722029,1749.7829883436984,1812.9695962561098,3746881
2024-08-02,1799.7003173828125,1823.5654597115915,1736.173500004187,1768.787556946649,1829423
2024-08-05,1713.815185546875,1777.9252410230147,1694.4218053601037,1759.5039624729686,1097432
2024-08-06,1718.7244873046875,1773.0648783246272,1701.2266564078814,1730.3410553508297,868056
2024-08-07,1721.6407470703125,1777.9253400395232,1716.0511623478453,1754.643552009237,734738
2024-08-08,1698.6505126953125,1772.6760799411882,1683.6801229728794,1725.480495540913,824083
2024-08-09,1741.5201416015625,1798.3880892899194,1706.0870832001035,1729.368870727982,1710447
2024-08-12,1702.5389404296875,1740.2078812895702,1695.6855759815346,1730.4382117425878,538222
2024-08-13,1664.432373046875,1725.3832167992534,1655.634924443342,1711.2390905350467,407712
2024-08-14,1631.769775390625,1674.6394336196372,1627.2981316173386,1670.653840662246,307264
2024-08-16,1641.0047607421875,1684.6521482704898,1628.2702529446453,1646.740184172077,940549
2024-08-19,1626.131591796875,1681.444077491832,1610.7723391657275,1647.7608522352803,483283
2024-08-20,1747.2069091796875,1762.712001982544,1624.6249125825505,1632.0615140754153,1930032
2024-08-21,1675.0284423828125,1767.961342659301,1671.0428490818867,1754.6435966217603,956087
2024-08-22,1651.163330078125,1691.456896614918,1641.588033748818,1682.8538206150859,479020
2024-08-23,1625.3538818359375,1662.2937427867544,1619.4240857846767,1657.2873957933652,395370
2024-08-26,1582.2413330078125,1638.963442655003,1574.8533839268978,1630.214527480688,675850
2024-08-27,1641.73388671875,1658.308267709359,1587.442032014464,1587.5878709983656,831236
2024-08-28,1626.8609619140625,1652.5730062214245,1619.472893542671,1647.6153109357135,380258
2024-08-29,1613.056884765625,1642.8518247281124,1605.0370459762719,1630.992231802486,325729
2024-08-30,1694.8592529296875,1720.6199470522206,1611.793213121232,1618.4520857935397,1450689
2024-09-02,1716.87744140625,1725.480517719392,1661.3218055112345,1694.8593141654987,751347
2024-09-03,1665.064208984375,1718.6756361877744,1658.9885739582587,1716.8772719529934,623308
2024-09-04,1685.283935546875,1692.4288584593462,1633.2278482357747,1661.3216077581978,826409
2024-09-05,1626.7149658203125,1701.177930353103,1615.9246609664524,1691.7971254613476,525716
2024-09-06,1647.56640625,1657.433261421913,1616.6049933986167,1630.6518143359704,546682
2024-09-09,1623.8470458984375,1664.1892616933549,1613.4942589455131,1640.9561287336196,633571
2024-09-10,1641.2476806640625,1666.2792963765767,1628.853385505439,1629.1935973258644,600504
2024-09-11,1652.8643798828125,1666.182124191373,1638.2342034967978,1642.8516860463362,427830
2024-09-12,1677.70166015625,1693.4011260161592,1659.5234062119903,1661.3217705864618,457946
2024-09-13,1713.815185546875,1726.4525068243051,1670.216450872691,1676.87532335131,663591
2024-09-16,1731.1187744140625,1746.8667746663527,1696.3661382458254,1720.5228420312144,621144
2024-09-17,1730.3896484375,1846.9931978573834,1710.8989622257868,1757.5598430137627,3895585
2024-09-18,1878.9752197265625,1914.9429791821804,1752.9422226579145,1788.6669567118051,6172266
2024-09-19,1790.9515380859375,1878.100478972016,1769.2250888866818,1878.100478972016,1228563
2024-09-20,1848.9859619140625,1866.4351387926038,1788.7641944401073,1804.5608460054093,1489978
2024-09-23,1810.05322265625,1867.5044048626044,1798.3880031761882,1855.9850243589933,550984
2024-09-24,1861.866455078125,1876.156302768019,1812.969691534899,1813.941793246178,1057400
2024-09-25,1834.2586669921875,1876.1075727355733,1814.9624725531655,1855.7907427407154,564052
2024-09-26,1836.6888427734375,1863.518824018532,1800.9641078841935,1837.2720800182713,748505
2024-09-27,1854.57568359375,1902.6947180776206,1842.181386832753,1880.9681500000656,925681
2024-09-30,1825.60693359375,1895.0635503479086,1815.6428914908022,1846.993170302516,750958
2024-10-01,1809.76171875,1835.2308549297106,1799.4574642845912,1827.5512276338293,479862
2024-10-03,1806.0191650390625,1812.969716101842,1778.9461557460434,1791.097427301686,295260
2024-10-04,1837.9525146484375,1846.9931073238704,1741.0340290616061,1806.067652205065,545903
2024-10-07,1749.248291015625,1846.993160751841,1723.6334359139385,1838.0498729130495,499299
2024-10-08,1765.968505859375,1771.1205734628622,1704.774635111981,1744.5336167724195,508863
2024-10-09,1881.16259765625,1929.3301649029427,1833.432428701485,1847.9653014123921,4857383
2024-10-10,1831.634033203125,1895.404001657856,1814.8652783514424,1890.737865885396,569426
2024-10-11,1833.7725830078125,1847.7708705520215,1795.6175931055975,1836.300023574117,302649
2024-10-14,1886.1202392578125,1922.817076795234,1837.272131012635,1837.272131012635,1521615
2024-10-15,1898.7091064453125,1906.7289459495964,1874.2121896072238,1891.7100212529344,393681
2024-10-16,1893.9942626953125,1919.5119315016059,1882.0374833677877,1898.7089320560958,433097
2024-10-17,1885.682861328125,1899.6810304027224,1868.3794041876447,1895.598250866757,1086885
2024-10-18,1918.58837890625,1937.3985214503016,1851.9022317553608,1878.1003228509696,739060
2024-10-21,1912.1727294921875,1935.8433825632515,1895.598347754888,1923.5949246645566,424087
2024-10-22,1898.0771484375,1980.1710863635483,1864.49098853475,1923.7891899427893,2101262
2024-10-23,1902.4029541015625,1966.7560367130875,1853.8950573948418,1890.7377341479505,1287350
2024-10-24,1900.1669921875,1949.063751217612,1890.7376539243166,1897.8340432275672,1068959
2024-10-25,1870.12939453125,1942.2106443779473,1854.2354359834085,1900.1672436811098,355939
2024-10-28,1778.022705078125,1884.2733522724318,1764.2674419557559,1875.1355723373229,549193
2024-10-29,1791.3890380859375,1812.1433853914807,1777.0018856378465,1785.9451737014122,296729
2024-10-30,1777.1475830078125,1837.2720438856172,1766.9890499790145,1795.471674633193,352735
2024-10-31,1770.92626953125,1792.5555323264032,1751.7272609827432,1778.9461085451833,259920
2024-11-01,1774.52294921875,1791.5833810237548,1762.420330871442,1762.8577291578247,53939
2024-11-04,1747.547119140625,1782.7858045661615,1740.0619837713093,1777.4392453981488,217523
2024-11-05,1662.1966552734375,1745.748745640687,1638.0884865944802,1744.9224829610935,1112364
2024-11-06,1738.6524658203125,1744.8738214923335,1662.342485757792,1662.342485757792,773246
2024-11-07,1707.0592041015625,1747.8388221468165,1701.1779414665898,1747.3041187564531,222251
2024-11-08,1646.8375244140625,1712.843255908766,1640.9077275675352,1708.4687981042316,439856
2024-11-11,1633.3739013671875,1672.3066223934281,1629.2911216432433,1642.8518930579062,327203
2024-11-12,1612.425048828125,1661.8078628532235,1594.2467944307027,1644.261379631543,262961
2024-11-13,1599.204345703125,1644.7959352536857,1588.4140414920344,1611.258429481669,289890
2024-11-14,1515.506591796875,1592.5943061835571,1502.577591366956,1555.3627625881977,989846
2024-11-18,1538.93408203125,1552.4463185556363,1486.3434070579635,1534.4624382217105,622083
2024-11-19,1538.253662109375,1570.333016296952,1526.199578015032,1545.641610855988,451519
2024-11-21,1538.2049560546875,1547.5857603070863,1504.8132895448302,1537.8647442247554,457053
2024-11-22,1475.067138671875,1531.4490370944777,1445.0778250541834,1526.6857150465132,1109742
2024-11-25,1569.36083984375,1627.2980712149906,1458.1523935618195,1497.0364573901347,2466643
2024-11-26,1511.8125,1572.2772962839745,1501.8971102332946,1567.0279234278776,543858
2024-11-27,1489.98876953125,1523.137411295619,1479.7817024426326,1516.9645896940242,475277
2024-11-28,1466.026611328125,1509.67400321587,1460.825890748647,1496.745002599436,370066
2024-11-29,1468.553955078125,1513.5136576118255,1460.291090828688,1467.8735313705442,748693
2024-12-02,1542.044921875,1574.6103277204925,1464.7628393461446,1468.5539409157568,3316136
2024-12-03,1641.9769287109375,1671.8690554575182,1554.4392433722433,1559.6399636423557,2584341
2024-12-04,1621.2225341796875,1667.15433735162,1606.1549585359849,1667.15433735162,574426
2024-12-05,1617.8203125,1648.9762205731606,1609.0713968848581,1628.5620841378293,510452
2024-12-06,1602.6553955078125,1656.461197649207,1589.6778623225603,1626.9092840051442,1072709
2024-12-09,1600.0306396484375,1632.158646170888,1583.407725412643,1608.8282069165095,836072
2024-12-10,1579.2763671875,1608.7796294722982,1570.9163164640213,1607.5645023710729,1358165
2024-12-11,1621.562744140625,1638.0399383629506,1567.0765176718824,1578.9361103762694,666243
2024-12-12,1641.0047607421875,1665.9391916321706,1580.1512215889677,1617.9173467078977,1028013
2024-12-13,1622.632080078125,1641.87974084703,1606.4952158903773,1628.6105291551908,507777
2024-12-16,1595.65625,1623.409800339978,1591.3304450039184,1618.5492919557264,435840
2024-12-17,1578.8389892578125,1602.7040146347886,1565.8614553823184,1595.7049299073726,409424
2024-12-18,1565.3753662109375,1585.3034504401328,1545.1069514655376,1579.6165607404855,328753
2024-12-19,1586.469970703125,1590.5527503677079,1528.678572238697,1535.9206824209175,642274
2024-12-20,1437.9327392578125,1593.3232857565345,1404.1522063084824,1585.5950063002092,2952028
2024-12-23,1508.06982421875,1514.534323723691,1437.6411093266381,1437.9326686137435,1534398
2024-12-24,1460.19384765625,1506.7575398796753,1449.5493821791295,1502.869133325147,460805
2024-12-26,1427.288330078125,1476.087788261751,1418.3450418473021,1470.7898814290504,321207
2024-12-27,1410.95703125,1443.2794142926841,1400.1181917178733,1433.9472612674483,530465
2024-12-30,1369.98291015625,1418.2476624057263,1360.9423172968768,1410.9568999916357,1033835
2024-12-31,1444.4945068359375,1456.2083800559637,1370.6634284905933,1370.6634284905933,2012848
2025-01-01,1452.5628662109375,1479.1984747082709,1431.5654946551767,1442.5988244651373,535228
2025-01-02,1495.5784912109375,1502.1888303507021,1441.5781933798935,1458.1525751162862,482031
2025-01-03,1471.227294921875,1497.2796683820259,1465.9293880344717,1479.0527612032151,300817
2025-01-06,1430.3017578125,1474.4351970360979,1419.0740548061326,1472.782671675257,348138
2025-01-07,1412.9498291015625,1452.903185469109,1406.922845992695,1444.54313453383,316996
2025-01-08,1394.43115234375,1432.975006166597,1390.0566949564982,1425.635709971281,587136
2025-01-09,1375.32958984375,1417.3243375649545,1371.6355557641639,1397.7851163150158,730612
2025-01-10,1320.3570556640625,1384.2727386457757,1312.4344035463066,1377.9054254227617,521333
2025-01-13,1273.2100830078125,1327.8907985406925,1264.70419392492,1302.6161566943836,449041
2025-01-14,1339.6533203125,1348.742447415355,1274.4253204002516,1274.4253204002516,561822
2025-01-15,1381.45361328125,1401.4788832802628,1322.4470913524829,1345.7775306518572,688751
2025-01-16,1451.1048583984375,1462.1381893081395,1390.2026612414945,1390.2998476816051,737681
2025-01-17,1435.794189453125,1475.6503585577818,1431.2253589972743,1448.4315113643577,333687
2025-01-20,1441.5780029296875,1480.4135325818224,1432.1973175342184,1439.8768251501317,276280
2025-01-21,1397.8336181640625,1443.5710514694536,1391.1262112405584,1441.626848033131,292099
2025-01-22,1351.22119140625,1409.4014470298941,1335.8619390308427,1404.6867781165693,354441
2025-01-23,1384.5157470703125,1418.0046007710423,1344.9512581797007,1352.1933678601401,618512
2025-01-24,1428.6978759765625,1447.1678089869774,1343.5417875141281,1386.0227046369403,1031287
2025-01-27,1414.8939208984375,1421.5042594410183,1371.7812373886215,1409.5473619393572,473572
2025-01-28,1425.2469482421875,1450.327101203437,1389.2791849118041,1407.0685750358136,372243
2025-01-29,1433.8985595703125,1452.1254651680601,1419.2683825446204,1420.2404841765003,375289
2025-01-30,1412.803955078125,1443.5709970306177,1401.2845738852764,1424.1289634005757,168208
2025-01-31,1422.6220703125,1447.0219159404196,1402.207936263953,1428.9893833983035,432765
2025-02-01,1358.4149169921875,1443.1336024880861,1350.1520526779586,1426.024517917407,305488
2025-02-03,1306.7962646484375,1361.9143794337094,1267.4746826372443,1341.5002452666088,1066990
2025-02-04,1315.0592041015625,1337.2230512729727,1276.4666960913282,1327.8908988500234,480098
2025-02-05,1296.4434814453125,1409.547492732668,1289.2985575426887,1359.970305057243,2640132
2025-02-06,1336.3968505859375,1343.444588114032,1297.7558068974188,1304.7548918732082,1165548
2025-02-07,1368.038818359375,1370.4690726955034,1326.0439522322165,1341.5003935429465,721914
2025-02-10,1312.483154296875,1380.3844353596048,1309.5181966000928,1369.6913164941432,417977
2025-02-11,1246.5745849609375,1320.2599409143804,1238.8464239509046,1315.7396442992776,534202
2025-02-12,1247.0169677734375,1260.33426595189,1220.2348026850837,1256.0589718501328,538656
2025-02-13,1234.141845703125,1257.0418746781036,1229.1294275081607,1249.0317714973958,361459
2025-02-14,1216.4508056640625,1260.4817159336826,1195.8605285476087,1248.5402862088688,420303
2025-02-17,1218.072509765625,1222.7409605949813,1186.5236344716286,1216.401743774424,374969
2025-02-18,1213.9447021484375,1218.711412306494,1187.2607952147134,1218.1217372309395,1412340
2025-02-19,1237.0902099609375,1241.7095909250793,1194.14051275934,1215.0256863364066,552892
2025-02-20,1238.3187255859375,1252.078369087712,1213.8953823652018,1236.3530622285411,749886
2025-02-21,1267.1650390625,1271.7843003552566,1230.6036255219437,1237.3851886764048,479150
2025-02-24,1280.924560546875,1286.5266530631284,1232.9623271716534,1243.282059682855,451488
2025-02-25,1299.7950439453125,1320.4837011412321,1264.0691323278195,1277.7795878261047,952901
2025-02-27,1290.1630859375,1312.669955187945,1273.3076187672707,1299.7948842986902,377025
2025-02-28,1241.267333984375,1278.713320342295,1216.7457293511768,1278.713320342295,2361453
2025-03-03,1245.4935302734375,1267.7546933180224,1210.8979007997652,1248.4912150889418,444579
2025-03-04,1254.78125,1261.1696563890764,1203.9688964028696,1227.0654425787616,395698
2025-03-05,1288.738037109375,1291.6373425681438,1246.2305670579121,1246.2305670579121,385085
2025-03-06,1304.0703125,1307.9525699836033,1279.0081023175223,1288.4924529109057,349457
2025-03-07,1309.1318359375,1340.0418451850837,1297.4853041847725,1303.2348456855293,620985
2025-03-10,1326.67529296875,1368.0524818820634,1309.1317718232394,1309.1317718232394,833274
2025-03-11,1311.4415283203125,1330.7050067238515,1281.4651597921045,1299.5492880794475,439957
2025-03-12,1293.3082275390625,1330.3118641667277,1279.646843236174,1317.9772786326491,239088
2025-03-13,1269.0323486328125,1306.5765946812123,1260.4325705423166,1297.1905031754666,228014
2025-03-17,1288.2958984375,1314.9796843159806,1260.4817120835635,1270.3592191037574,487213
2025-03-18,1288.2958984375,1288.2958984375,1288.2958984375,1288.2958984375,0
2025-03-19,1415.76904296875,1425.0076848074034,1358.2241997926528,1367.1188745362938,714540
2025-03-20,1443.38671875,1447.9077209137563,1403.5329623142761,1415.7691699060683,685073
2025-03-21,1472.822509765625,1478.4737921086971,1430.0693303006442,1438.8656261317703,1024148
2025-03-24,1503.830810546875,1520.4406908281483,1483.093084977166,1483.093084977166,644359
2025-03-25,1466.483154296875,1516.4110526031861,1453.0184080084402,1512.5779849816126,696251
2025-03-26,1474.1494140625,1492.8232179236136,1463.4857132209386,1468.3014929738754,472531
2025-03-27,1476.1641845703125,1482.2578137586147,1446.1878144560712,1469.726708219055,511336
2025-03-28,1461.3233642578125,1508.155321164752,1457.5886755906042,1476.1640996956683,461042
2025-04-01,1474.5423583984375,1482.1101140413155,1447.7110066199323,1456.9987176338796,252185
2025-04-02,1483.781005859375,1493.8059614297745,1466.3849323329234,1489.9728937109328,403452
2025-04-03,1525.3548583984375,1534.4952415577952,1473.608743363137,1473.8544512978015,571040
2025-04-04,1510.6614990234375,1540.8343839549398,1478.91598740628,1525.3547848177748,555099
2025-04-07,1471.0042724609375,1485.7467491140821,1359.6003145469244,1359.6003145469244,294552
2025-04-08,1483.8302001953125,1508.6467013080342,1456.5566197644994,1508.2535446222244,255617
2025-04-09,1504.6170654296875,1508.9906184813276,1458.9644612255665,1478.7194742689378,383342
2025-04-11,1535.33056640625,1541.6207132904087,1504.223919060621,1524.9616439661827,708281
2025-04-15,1595.7255859375,1600.050069579929,1543.8321421520866,1572.4325217350433,487077
2025-04-16,1577.6414794921875,1611.8440724336604,1559.7539896050116,1597.1015961614012,351590
2025-04-17,1563.685302734375,1582.2608466674928,1553.0706719227142,1564.1767186057562,243465
2025-04-21,1565.159423828125,1594.3494762387343,1560.7366813432104,1572.5306613029827,328035
2025-04-22,1562.2109375,1594.1529667348223,1558.8692858312893,1572.1375133596002,334510
2025-04-23,1581.9659423828125,1587.0767394080437,1544.9132338291292,1567.4201046369487,278065
2025-04-24,1573.21875,1588.9440581575793,1568.599488718543,1582.260874175356,273185
2025-04-25,1512.184814453125,1581.3761894338327,1495.7715732176302,1573.12037924175,294520
2025-04-28,1530.2689208984375,1558.9675578734357,1511.988275703428,1512.0865348762018,231208
2025-04-29,1527.91015625,1558.7710960172617,1519.5560866937915,1540.0972934798542,301597
2025-04-30,1512.6761474609375,1551.5962562641869,1498.8182453837776,1519.654228083877,575987
2025-05-02,1464.3209228515625,1528.3032402994086,1461.2741686825352,1513.5607653125976,258239
2025-05-05,1452.527099609375,1466.974678665711,1430.4133847427904,1464.8124967574777,682821
2025-05-06,1437.19482421875,1483.9775885357394,1426.0887781632805,1459.7015738765426,285336
2025-05-07,1476.114990234375,1478.9652262288205,1385.1047965891185,1385.1047965891185,511125
2025-05-08,1395.6209716796875,1484.272340341626,1386.8737458200208,1467.9573586112701,528111
2025-05-09,1348.1502685546875,1388.0533337344002,1343.9241639985432,1366.1361376371524,711136
2025-05-12,1440.044921875,1446.728225253226,1388.8394156146876,1405.4492949131204,678744
2025-05-13,1402.3043212890625,1443.68151197448,1398.5695128292746,1439.8484443393445,699179
2025-05-14,1425.0078125,1443.7798753803488,1395.8176368401002,1405.449436210959,706479
2025-05-15,1408.10302734375,1447.2197797366512,1381.3700512189223,1444.6644411323718,1234033
2025-05-16,1418.029541015625,1434.934197267581,1407.9063271135685,1418.2260593541914,513476
2025-05-19,1399.8472900390625,1444.566134041899,1396.8987948300844,1425.0077584940946,568203
2025-05-20,1366.529296875,1446.433446614325,1358.3717453143217,1415.2777279540571,1043014
2025-05-21,1374.6866455078125,1393.851863584029,1365.2514852190511,1371.0502162216412,960328
2025-05-22,1370.656982421875,1381.7630279540142,1356.3076644594635,1374.7849472984476,496523
2025-05-23,1377.831787109375,1391.1982742624427,1363.4824682542496,1377.930046284666,834234
2025-05-26,1401.6163330078125,1414.2948865626015,1383.9253615289197,1393.6554198372264,520002
2025-05-27,1400.9283447265625,1405.3510874256592,1389.7240392272693,1401.5180197581938,293467
2025-05-28,1372.2296142578125,1401.4197886410363,1369.1828598879035,1400.9283727757422,324782
2025-05-29,1376.3575439453125,1385.5961859690287,1356.307753164488,1375.8661280927167,373352
2025-05-30,1350.4107666015625,1385.7927080845727,1337.6339543993643,1382.8442129609887,1370742
2025-06-02,1372.5244140625,1375.6694273866722,1341.8601142408343,1346.5776342270924,392420
2025-06-03,1379.207763671875,1399.0609158935315,1374.6866419014832,1399.0609158935315,723802
2025-06-04,1394.7364501953125,1428.8407823832845,1380.878547133584,1390.706864195033,1148156
2025-06-05,1386.2841796875,1409.7738824449334,1383.3356844453428,1404.3683078343122,285426
2025-06-06,1388.75,1405.1230227947235,1382.2402584552765,1397.5283443927765,257246
2025-06-09,1387.9609375,1403.5449705763,1382.3389151529757,1400.5859860986268,883603
2025-06-10,1431.7537841796875,1435.107323655446,1391.117116371437,1395.6542013556398,870071
2025-06-11,1412.81640625,1448.6200443364276,1403.0517338986542,1445.9570066048698,1051804
2025-06-12,1379.7745361328125,1425.2442418442433,1374.2511223208223,1412.8165306669177,427130
2025-06-13,1394.66796875,1400.289990901947,1370.8974850177765,1380.859375,779438
2025-06-16,1401.572265625,1405.221631526947,1373.264696598053,1400.5859375,314047
2025-06-17,1387.56640625,1420.3124507028763,1383.6210938869365,1399.5995607967925,430219
2025-06-18,1368.431640625,1394.9638908008887,1364.1903816015804,1390.624023046981,283090
2025-06-19,1348.11328125,1376.4208492656758,1339.630763356927,1369.0233885924456,215247
2025-06-20,1371.0946044921875,1374.9413079850458,1341.9979268841826,1347.324122458804,576579
2025-06-23,1397.3309326171875,1399.599535345246,1358.864137776832,1361.9218511237045,242297
2025-06-24,1431.2607421875,1434.1211178784008,1399.994188259508,1406.503929913755,590558
2025-06-25,1441.9130859375,1461.7382568386386,1429.7812020420522,1435.10739790838,649892
2025-06-26,1440.7293701171875,1463.6122536841197,1436.8827869481242,1444.3788562332975,389029
2025-06-27,1453.05859375,1471.6016112751477,1439.1513908068325,1448.0283442260527,1038044
2025-06-30,1447.53515625,1460.2588133544393,1418.3398673446022,1453.0585697616075,769672
2025-07-01,1436.7840576171875,1457.7928937595227,1423.961792651779,1447.5350577069207,396855
2025-07-02,1449.310546875,1452.565357392592,1426.2304450531992,1436.7841076547973,189187
2025-07-03,1422.6798095703125,1458.680788612455,1420.3125978269893,1452.8614281938578,220214
2025-07-04,1420.115234375,1433.6278810686908,1408.5751234630318,1425.2440922905114,175116
2025-07-07,1421.1015625,1428.8934581023298,1410.4491709504523,1416.4657482287764,160058
2025-07-08,1404.6298828125,1435.1074464777687,1400.6845702448634,1416.3672117814954,296906
2025-07-09,1407.490234375,1412.717821598053,1387.960889339447,1410.44921875,485973
2025-07-10,1407.1943359375,1429.7812748533036,1400.6845941699837,1407.4902825456816,322583
2025-07-11,1388.8485107421875,1418.8329077069186,1379.8729495182336,1407.4901350697064,290383
2025-07-14,1384.3114013671875,1401.6707507561418,1374.4481209869439,1382.930518033679,317645
2025-07-15,1372.57421875,1391.7090087909748,1366.7548586301293,1383.719774918589,251325
2025-07-16,1375.0399169921875,1388.7499010329439,1367.2479012796966,1375.927636321702,292996
2025-07-17,1366.853515625,1385.6923580684443,1365.0780769020039,1375.039966533224,281247
2025-07-18,1349.8885498046875,1367.9384013424801,1342.9842534308787,1367.9384013424801,321547
2025-07-21,1348.90234375,1356.2011960855739,1338.8418448559555,1348.3105709447123,268362
2025-07-22,1324.4415283203125,1353.9326445824427,1320.7920418133253,1349.296950296803,349201
2025-07-23,1338.447265625,1341.8008053302765,1322.1728515625,1325.2304446697235,657001
2025-07-24,1337.85546875,1350.5791254137614,1326.611304247109,1342.0966073703337,253564
2025-07-25,1307.3779296875,1336.277391910553,1303.136670589447,1336.277391910553,200310
2025-07-28,1320.1015625,1325.9209224116244,1298.007788822741,1306.7861330553899,216922
2025-07-29,1306.7861328125,1325.6249755725783,1300.4736088485452,1309.9423345937873,265829
2025-07-30,1318.2275390625,1345.647509098053,1298.796923160553,1307.87109375,439272
2025-07-31,1292.08984375,1308.561475276947,1284.1006100177765,1301.953125,356942
2025-08-01,1270.587890625,1296.7255869282271,1267.4316886659199,1289.1309082384103,228446
2025-08-04,1294.1611328125,1298.599609457586,1259.5410390611053,1273.7441884056577,244606
2025-08-05,1295.6405029296875,1307.1806133602317,1262.5985132411722,1295.0487301797202,687764
2025-08-06,1301.8544921875,1319.7070068395071,1254.6093517936122,1272.36325771522,944308
2025-08-07,1338.9404296875,1341.40625,1291.2021243572235,1291.9912350177765,575035
2025-08-08,1317.5372314453125,1350.1846701339562,1311.9150885765982,1338.940504797917,428142
2025-08-11,1326.611328125,1335.48828125,1308.9560306072235,1316.748046875,304004
2025-08-12,1339.5322265625,1341.9980469193272,1326.808569440995,1327.8936267191066,207267
2025-08-13,1343.4775390625,1357.1875243260122,1331.5429926163636,1341.4062740431516,211541
2025-08-14,1311.421875,1348.211962898591,1309.1533925116757,1348.211962898591,772075
2025-08-18,1283.8046875,1325.625024864699,1277.4921633013198,1321.8769297588433,373981
2025-08-19,1279.6622314453125,1291.9913339519126,1270.883886380335,1284.199317087463,917897
2025-08-20,1267.7276611328125,1284.1006848820991,1265.1631115371908,1280.253980890056,799579
2025-08-21,1274.138671875,1293.865233629365,1269.4042488934012,1272.5604506135485,1323556
2025-08-22,1264.47265625,1276.8017578125,1252.63671875,1274.138720035553,327330
2025-08-25,1264.9658203125,1272.36328125,1247.507860660553,1251.946337223053,362874
2025-08-26,1252.833984375,1267.3330806106935,1243.8584221727444,1264.4727048579605,711255
2025-08-28,1231.2333984375,1254.4121084683486,1223.0468271596706,1252.833887208976,590424
2025-08-29,1210.5206298828125,1234.291115066371,1208.2520268962473,1224.0332778597901,430488
2025-09-01,1244.7459716796875,1293.963764370751,1220.1863796954322,1287.0594681728448,3371553
2025-09-02,1286.763671875,1289.0322747655073,1243.957006368647,1244.7461170439672,723218
2025-09-03,1296.2322998046875,1298.007738489007,1277.1962403184323,1287.1581297326397,350814
2025-09-04,1277.1962890625,1311.91499024736,1273.3495853672493,1296.2323492752644,200798
2025-09-05,1245.6337890625,1281.141600876072,1240.8007572631545,1278.9716068021924,309076
2025-09-08,1242.5762939453125,1259.2451439281874,1239.8145268704866,1256.4834972547512,177992
2025-09-09,1226.8935546875,1248.691381741897,1222.6522956726903,1243.7597412136904,558968
2025-09-10,1245.6337890625,1258.8506097622724,1229.1620374525983,1238.4335457286404,417026
2025-09-11,1250.9599609375,1261.4150145797157,1243.9569351985026,1249.6776862638133,387142
2025-09-12,1250.466796875,1259.6395758433896,1244.9432632666278,1250.9599609185063,195591
2025-09-15,1249.9737548828125,1261.020582375448,1244.8447760887113,1250.664136450581,285602
2025-09-16,1244.6474609375,1259.5409912565774,1241.9843028106948,1249.9736567897303,374352
2025-09-17,1248.296875,1252.1435788419813,1240.5048585819115,1250.5654778918154,259253
2025-09-18,1266.9384765625,1272.7578365802765,1241.1953365802765,1251.650390625,828094
2025-09-19,1247.2119140625,1279.8593509197235,1244.548876285553,1267.5302493572235,868169
2025-09-22,1251.255859375,1271.9687503986172,1243.7597895610156,1248.5928215468032,383051
2025-09-23,1261.8095703125,1271.67285118604,1248.0995858180042,1250.6640147648488,503712
2025-09-24,1247.0146484375,1271.8700680670138,1243.3651622751163,1269.5028565781606,485234
2025-09-25,1237.3486328125,1251.0586178302765,1225.808641910553,1246.71875,363109
2025-09-26,1216.4384765625,1238.729467224691,1210.3231701887844,1235.4745363805055,318155
2025-09-29,1207.4627685546875,1227.879831733272,1203.320238843808,1218.2137685393866,380269
2025-09-30,1202.2353515625,1221.5673583450114,1198.3886478717714,1207.4628182794665,329216
2025-10-01,1199.375,1211.1123287677765,1192.273485660553,1203.3203125,342856
2025-10-03,1204.4052734375,1210.2246335716259,1193.5556638455785,1199.3750239797043,492640
2025-10-06,1183.59375,1209.6328365802765,1171.7578125,1207.1670162677765,2472821
2025-10-07,1223.046875,1229.0634524822235,1183.6923587322235,1185.56640625,776298
2025-10-08,1208.251953125,1235.869140625,1204.4052493572235,1231.923828125,409718
2025-10-09,1223.5400390625,1227.978515625,1205.29296875,1208.251953125,229835
2025-10-10,1222.3564453125,1228.7675778724029,1215.6493661662043,1223.5399908553156,165273
2025-10-13,1266.05078125,1269.8974850909408,1208.2519761059436,1219.2001944214023,1094601
2025-10-14,1277.09765625,1281.2401860582283,1257.568311950917,1270.3905770923773,901908
2025-10-15,1291.7939453125,1301.7559560675088,1275.322313171459,1281.2402821420922,821282
2025-10-16,1319.3125,1322.5674310324625,1277.689500525844,1291.6953119959273,959107
2025-10-17,1293.865234375,1317.339770635396,1285.7772718102226,1317.339770635396,314876
2025-10-20,1286.3690185546875,1300.7695046733975,1285.1854730332423,1293.8652081950916,142498
2025-10-21,1301.1639404296875,1305.898363321312,1287.1581300108096,1292.0897703556786,90985
2025-10-23,1310.23828125,1315.2685305147747,1288.243116306186,1301.1639904259428,874732
2025-10-24,1307.673828125,1310.4354745324613,1287.1581557200223,1305.0106700447525,363827
2025-10-27,1303.6297607421875,1316.3534169135917,1299.9803950471426,1310.7313950803873,170609
2025-10-28,1259.73828125,1303.038111673155,1246.7187976628104,1297.0215339609142,966046
2025-10-29,1295.6405029296875,1300.9666984821408,1260.5272484155996,1266.3466079932546,452019
2025-10-30,1298.0078125,1304.4189453125,1282.2265625,1298.0078125,172378
2025-10-31,1298.5008544921875,1304.9119867019856,1283.705934008038,1298.0076904760492,269394
2025-11-03,1326.4140625,1334.008740626193,1291.2020774751768,1298.2049828281329,848902
2025-11-04,1286.4677734375,1327.5976065496995,1283.5087891732733,1326.41406100456,381617
2025-11-06,1255.79296875,1285.7773689801995,1242.7734851612465,1284.1992679999548,675598
2025-11-07,1263.68359375,1270.7852287614817,1241.1953838837758,1249.677782001774,213066
2025-11-10,1294.2596435546875,1298.0077383762025,1256.5819594918555,1264.472584041255,540136
2025-11-11,1318.5234375,1326.6112796690295,1287.6513201545858,1300.4735853112381,529496
2025-11-12,1275.1251220703125,1333.022538203153,1263.289183884269,1328.781278859265,2480358
2025-11-13,1275.9140625,1289.919994380163,1270.489257710118,1281.2402585557975,468762
2025-11-14,1283.212890625,1292.08984375,1263.190381526947,1275.9140384197235,429192
2025-11-17,1292.08984375,1304.122998714447,1281.240234375,1300.966796875,410728
2025-11-18,1295.1474609375,1300.966821063474,1286.9610095886214,1292.8789784486523,288832
2025-11-19,1283.015625,1299.6844733656956,1278.379810745685,1295.1473882412806,238155
2025-11-20,1295.9365234375,1297.7118417886827,1283.015649320364,1283.015649320364,273000
2025-11-21,1273.744140625,1295.3447502344145,1268.0233894475984,1295.0488036419565,314519
2025-11-24,1284.4951171875,1289.2294197691638,1267.4315931042229,1273.744116947819,1062464
2025-11-25,1275.322265625,1287.158203125,1272.36328125,1285.0869381427765,225930
2025-11-26,1298.1064453125,1300.7696035402319,1272.3633048527333,1274.7305164769223,279558
2025-11-27,1294.9501953125,1304.912085109477,1292.1884284533035,1301.9531007895007,137206
2025-11-28,1296.5283203125,1306.884765625,1284.19921875,1289.2294681072235,205067
2025-12-01,1289.525390625,1299.684497881962,1283.212866662602,1297.8105708005612,185774
2025-12-02,1295.3447265625,1301.459912549586,1278.675757789471,1281.2401867388498,227359
2025-12-03,1284.396484375,1306.0957039386478,1280.253954255222,1289.32812518492,238839
2025-12-04,1281.9305419921875,1292.9774885961049,1267.6287850042559,1284.1991447094442,342447
2025-12-05,1272.2647705078125,1283.0157719786328,1257.667064972942,1273.4483161884164,517378
2025-12-08,1237.9404296875,1281.6348146354912,1226.7949938990298,1272.2646972657249,316747
2025-12-09,1241.787109375,1246.1269772052765,1214.860303401947,1232.91015625,249340
2025-12-10,1249.677734375,1252.5381100177765,1236.2636959552765,1242.7734375,132615
2025-12-11,1265.1629638671875,1278.8729480840382,1240.7021000370003,1249.5790526434162,318739
2025-12-12,1273.15234375,1278.7743656892783,1263.0917250147415,1266.445264593161,143211
2025-12-15,1275.0262451171875,1276.7030750733156,1256.6805671359123,1267.431567155483,105189
2025-12-16,1263.68359375,1285.185595855021,1255.891697586647,1272.3633297413485,472969
2025-12-17,1257.0751953125,1282.522509098053,1252.63671875,1257.568359375,392396
2025-12-18,1235.5731201171875,1258.1600569088541,1229.9510983015398,1256.5819560835298,445141
2025-12-19,1261.6123046875,1264.472680384872,1226.6962643157842,1237.6446030333602,502531
2025-12-22,1269.7001953125,1281.2401857767277,1258.1600844468944,1263.091724884834,289616
2025-12-23,1271.0810546875,1276.9990236617284,1265.4590323225377,1269.7002915812895,186801
2025-12-24,1263.2890625,1276.3085450931035,1260.3300782378058,1271.0809580693426,131025
2025-12-26,1281.4375,1290.1172359867655,1259.9356183077196,1260.6259998606133,259777
2025-12-29,1266.7412109375,1288.1444822757105,1258.6532483791689,1288.1444822757105,291463
2025-12-30,1249.2830810546875,1266.4452131638177,1245.8309328879636,1263.4862290209114,164890
2025-12-31,1288.8349609375,1294.1611570918033,1251.1572733151315,1254.1162578007015,245781
2026-01-01,1308.857421875,1311.81640625,1280.1552975177765,1283.7060546875,214183
2026-01-02,1380.267578125,1387.7636476639464,1305.898414717175,1305.898414717175,1781418
2026-01-05,1384.607421875,1390.7226078767437,1368.2342792483983,1381.845655060509,479089
2026-01-06,1389.736328125,1392.1035397052765,1373.4619140625,1384.8046875,268919
2026-01-07,1377.703125,1392.5966550865885,1362.11909300922,1382.634765452604,203268
2026-01-08,1341.1103515625,1389.4404314230794,1332.529344727401,1383.81840906924,774422
2026-01-09,1303.2354736328125,1348.5078408167162,1300.4737065656327,1331.543044265153,331050
2026-01-12,1332.6279296875,1336.2774160567749,1286.6650623122382,1304.9121329544585,292407
2026-01-13,1328.0908203125,1342.392578125,1315.1699459552765,1333.515625,167219
2026-01-14,1326.7099609375,1334.5019773467045,1306.8847893454422,1306.8847893454422,176445
2026-01-15,1326.7099609375,1326.7099609375,1326.7099609375,1326.7099609375,0
2026-01-16,1339.1376953125,1357.7793216257012,1323.8496088251816,1328.5840321560026,330638
2026-01-19,1319.115234375,1349.4940678296089,1313.5918210561056,1338.0526858687463,342109
2026-01-20,1303.4326171875,1332.825243473053,1295.5419921875,1314.775390625,309412
2026-01-21,1282.4237060546875,1305.5038069297916,1277.2948482608313,1300.9667218965533,342832
2026-01-22,1303.333984375,1308.2656249088834,1285.2841318604344,1286.6650152901977,158032
2026-01-23,1253.3270263671875,1303.9257043563935,1249.8748781332636,1303.3339315965673,165716
2026-01-27,1291.7939453125,1301.7559560675088,1253.327147003384,1259.5410625831037,377884
2026-01-28,1314.6767578125,1323.8495369661573,1291.7938734908048,1299.9804449389085,496367
2026-01-29,1352.453125,1360.0479240737784,1316.2549296840432,1316.550876292635,366305
2026-01-30,1368.62890625,1370.9961178719261,1332.036156248947,1352.551829770462,559322
2026-02-02,1311.421875,1319.5098380143404,1279.4648190829294,1289.1308830459702,385115
2026-02-03,1351.5654296875,1359.554663135042,1320.6933123145182,1358.1737797289704,337681
2026-02-04,1388.2568359375,1391.708984375,1343.9706790447235,1351.565477848053,705624
2026-02-05,1398.21875,1407.884813952023,1366.5576407225053,1375.9277580713785,673283
2026-02-06,1409.4627685546875,1417.9451656147703,1378.3934353080306,1397.2322767836656,519206
2026-02-09,1407.6873779296875,1425.2440657934374,1389.9334726118454,1420.3124254273703,1044253
2026-02-10,1462.724609375,1485.41015625,1406.4052975177765,1425.244140625,1320083
2026-02-11,1409.068359375,1459.4697033435573,1366.1630852042701,1459.4697033435573,3152601
2026-02-12,1433.8250732421875,1438.4608874315534,1392.202076673292,1409.0682626611097,809304
2026-02-13,1442.6033935546875,1448.2255357261283,1408.4764668280638,1431.1620121621293,621000
2026-02-16,1466.3214111328125,1471.9020581133989,1434.8305044968783,1440.0125077683558,471535
2026-02-17,1481.26953125,1488.3450003937885,1457.6512617361223,1474.1940621062115,550908
2026-02-18,1522.6263427734375,1529.7018121676751,1468.513715351173,1476.9843768517758,1031052
2026-02-19,1487.4481201171875,1539.5676501881248,1480.771294485075,1515.750119056586,521702
2026-02-20,1523.3238525390625,1534.186254376296,1476.8847216535696,1487.44811031266,1254354
2026-02-23,1531.0970458984375,1547.4404646266491,1519.736369364865,1534.6845959487816,618797
2026-02-24,1536.4783935546875,1563.584461759247,1519.9355925610619,1530.100459374504,902713
2026-02-25,1560.2957763671875,1563.6840652464434,1536.8768890400308,1541.5607394948468,499561
2026-02-26,1559.6978759765625,1573.549923061618,1542.1586484723584,1558.6016970667324,725480
2026-02-27,1560.993408203125,1599.4601513768484,1555.6120226163616,1560.5947645209626,881717
2026-03-02,1549.533203125,1563.6841423996107,1485.8537330912914,1485.8537330912914,854154
2026-03-04,1470.8057861328125,1516.846272872166,1461.1391938064214,1515.7500939781762,1676050
2026-03-05,1498.709228515625,1506.5819855491034,1470.9055026120643,1474.7920658715263,486221
2026-03-06,1476.187255859375,1500.7023232038614,1472.201062091199,1489.839920855786,275269
2026-03-09,1423.968017578125,1449.1806188340927,1328.5982637476288,1445.9917126484202,566845
2026-03-10,1446.489990234375,1459.1461061465918,1435.0296837323458,1435.0296837323458,250242
2026-03-11,1434.033203125,1473.4964969632028,1429.050460932071,1446.490058607323,282136
2026-03-12,1500.8018798828125,1512.1625558929952,1427.7548340151154,1430.0469439786427,916861
2026-03-13,1456.2562255859375,1518.3411179168234,1449.7786609859093,1499.8053420065376,357821
2026-03-16,1440.8096923828125,1472.001583599085,1420.8787248392625,1456.9537274334991,499903
2026-03-17,1438.41796875,1477.3829864229974,1428.053841176496,1455.159908692762,602552
2026-03-18,1449.2803955078125,1461.3386068906375,1425.0642205823817,1425.0642205823817,312155
2026-03-19,1441.9058837890625,1457.9502884711515,1428.153467405002,1440.0124175261885,411853
2026-03-20,1445.6927490234375,1491.8329896818732,1439.115553759445,1449.8783253906888,564876
2026-03-23,1358.09619140625,1435.4283219613546,1353.0136973098422,1433.5348556949452,336557
2026-03-24,1361.5841064453125,1410.1159641124195,1353.9106108950346,1375.535783828757,479377
2026-03-25,1387.095703125,1412.906330286029,1366.2678178232827,1366.2678178232827,378329
2026-03-27,1347.6324462890625,1389.1884657956705,1339.0620327533532,1389.1884657956705,1300657
2026-03-30,1301.29296875,1347.6324700397872,1295.5129392843714,1347.6324700397872,885843
2026-04-01,1332.48486328125,1352.3162010980395,1316.4404581064923,1340.357620100857,874785
2026-04-02,1327.601806640625,1333.8801105835018,1280.5647680984684,1332.2856573810357,797163
2026-04-06,1374.33984375,1381.2160518878943,1327.701452649662,1328.299357346659,546934
2026-04-07,1394.6695556640625,1398.4564884333536,1357.5980019866035,1362.2817310416387,258766
2026-04-08,1443.4007568359375,1469.9089204961058,1419.9818689500673,1425.064241565716,375842
2026-04-09,1441.009033203125,1454.4624370400836,1426.8580941231007,1438.4180316087657,637993
2026-04-10,1466.719970703125,1477.2833593191529,1445.0947976265384,1459.9433929839515,315205
2026-04-13,1468.513671875,1491.1353931433255,1427.356296674062,1444.9951543817535,700745
2026-04-15,1501.4993896484375,1506.7811447014903,1476.8846934177307,1479.8743385461066,429654
2026-04-16,1516.3480224609375,1528.30660327159,1502.7949885386597,1506.5819211216228,413944
2026-04-17,1559.5982666015625,1565.1789133854854,1515.3514927272884,1524.6194416293035,961504
2026-04-20,1600.7557373046875,1631.9476291130316,1546.4438497175881,1558.6016914903398,1442253
2026-04-21,1615.9031982421875,1625.3704078526105,1587.9002130927308,1594.4774080712302,595204
2026-04-22,1651.6793212890625,1657.9575031390918,1610.4221937288385,1615.4049356648807,840616
2026-04-23,1731.004638671875,1734.9908324281716,1639.4218127911606,1642.4114581083832,1220697
2026-04-24,1693.634033203125,1738.379081416898,1669.2185970080814,1731.0045988077836,2640800
2026-04-27,1766.382080078125,1817.8039543841724,1698.2181436031426,1704.0978036296722,1964732
2026-04-28,1748.8428955078125,1810.3298860821844,1734.2933124986155,1767.8769465324526,988176
2026-04-29,1695.826416015625,1761.498981934477,1691.1426870505038,1758.7087193176521,549933
2026-04-30,1730.008056640625,1763.7910723990594,1660.3492977721316,1672.706522506503,779793
2026-05-01,1730.008056640625,1730.008056640625,1730.008056640625,1730.008056640625,0
2026-05-04,1718.0494384765625,1773.856148775105,1699.2146494210097,1742.2656132121272,404364
2026-05-05,1728.7125244140625,1737.7812125068494,1704.8951140970778,1722.8329859569533,338438
2026-05-06,1728.014892578125,1750.9355053401184,1707.5856507685219,1750.9355053401184,529878
2026-05-07,1706.589111328125,1755.8186259350637,1701.0084646953283,1733.5955482637273,272455
2026-05-08,1718.4481201171875,1728.911878529254,1704.0977985365578,1709.1801711497662,210301
2026-05-11,1675.0982666015625,1719.942945584387,1662.0435066052469,1718.4481229516261,253701
2026-05-12,1592.085693359375,1682.0740621913058,1580.0274820957554,1664.2358215704267,410568
2026-05-13,1452.0706787109375,1556.110358107271,1444.9952092574722,1532.890731257543,1542289
2026-05-14,1452.6685791015625,1478.8778511336702,1438.0193660282252,1459.1461438134013,904080
2026-05-15,1460.93994140625,1472.6992610812513,1437.9196979007893,1461.2389545831804,336572
2026-05-18,1518.241455078125,1524.719019540224,1429.1500056849998,1448.981342752605,761491
2026-05-19,1475.190673828125,1538.5711289691926,1469.9089185459623,1528.207001078124,623085
2026-05-20,1507.379150390625,1514.654002683338,1461.4382915030394,1474.891695482099,218519
2026-05-21,1486.2523193359375,1522.8255972330896,1479.974015708841,1518.7397730919681,191467
2026-05-22,1493.3277587890625,1497.9118570421372,1471.0050505774693,1491.832936207692,203223
2026-05-25,1469.51025390625,1503.7915433732483,1462.9330587620468,1495.8191561320382,598235
2026-05-26,1463.431396484375,1483.8606396767002,1458.7476674364584,1470.8058793323764,380704
2026-05-27,1435.5279541015625,1480.7712752839852,1433.0365831295014,1469.5102298306801,523751
2026-05-28,1435.5279541015625,1435.5279541015625,1435.5279541015625,1435.5279541015625,0
2026-05-29,1415.397705078125,1468.5136604539523,1402.1435630365984,1442.2047590351983,1496208
2026-06-01,1407.3255615234375,1436.0262032812211,1391.6798007510238,1420.7789645382165,1008317
2026-06-02,1418.9853515625,1426.7583564243762,1390.3843382742298,1399.0543827131046,389190
2026-06-03,1431.7410888671875,1447.685863837904,1411.2122154221856,1419.0849723937727,394473
2026-06-04,1435.0296630859375,1461.5378255881471,1426.2599887074903,1439.0158565945096,426148
2026-06-05,1455.060302734375,1468.9123499024633,1442.2048039719193,1449.9779301954438,233670
2026-06-08,1449.3800048828125,1464.9261354599396,1424.8649387824614,1445.991716022022,159963
2026-06-09,1422.871826171875,1458.9468288821872,1418.2876063029307,1450.4761676489231,189796
2026-06-10,1394.2708740234375,1449.878324675817,1386.1988561284734,1429.548712520701,231415
2026-06-11,1371.5496826171875,1404.2363988407678,1363.2782818091914,1399.9513134882122,268267
2026-06-12,1387.1954345703125,1394.7691784177682,1366.7661914606203,1386.697160348125,239721
2026-06-15,1384.9033203125,1411.9098803928148,1380.2195912976522,1401.5457522727693,397197
2026-06-16,1403.538818359375,1415.9956736031763,1380.2195610131835,1386.6971257399603,437976
2026-06-17,1402.442626953125,1421.4766772665519,1390.3842938652015,1409.119452644822,419914
2026-06-18,1443.5999755859375,1453.964103187252,1404.1366836126376,1409.119425570099,477084
2026-06-19,1438.4000244140625,1455.0,1419.300048828125,1455.0,389436
2026-06-22,1475.199951171875,1478.800048828125,1435.0,1438.4000244140625,286458
2026-06-23,1454.800048828125,1490.0,1446.5999755859375,1476.0,278237
2026-06-24,1444.199951171875,1472.9000244140625,1420.0999755859375,1450.0999755859375,276432
2026-06-25,1413.699951171875,1465.699951171875,1405.0,1454.0,274922
2026-06-26,1413.699951171875,1413.699951171875,1413.699951171875,1413.699951171875,0
2026-06-29,1418.0,1435.0,1393.300048828125,1420.0999755859375,349977
2026-06-30,1414.9000244140625,1430.0,1400.0,1415.0999755859375,403378
2026-07-01,1404.5,1430.5,1396.199951171875,1409.0,243713
2026-07-02,1394.300048828125,1416.5,1383.4000244140625,1409.800048828125,316300
2026-07-03,1366.5,1419.0,1355.0,1402.0999755859375,441175
2026-07-06,1357.300048828125,1385.0,1352.0999755859375,1371.800048828125,316138
2026-07-07,1399.699951171875,1407.9000244140625,1357.300048828125,1357.300048828125,623776
2026-07-08,1401.0,1410.4000244140625,1380.800048828125,1397.9000244140625,260710
2026-07-09,1414.9000244140625,1419.5,1400.0,1401.0,218756
2026-07-10,1419.4000244140625,1452.9000244140625,1413.0,1422.0,299247
2026-07-13,1441.9000244140625,1453.5999755859375,1403.199951171875,1414.800048828125,311359
2026-07-14,1465.300048828125,1474.0,1435.0,1450.0,384797
2026-07-15,1441.0999755859375,1467.5,1431.0,1456.0,198999
2026-07-16,1420.699951171875,1451.4000244140625,1408.0,1451.4000244140625,98371
2026-07-17,1390.5,1430.0,1381.5,1430.0,703210
2026-07-20,1433.300048828125,1447.0,1391.5,1391.5,552651
2026-07-21,1435.9000244140625,1442.5999755859375,1426.4000244140625,1433.300048828125,293628
2026-07-22,1433.0999755859375,1448.0,1421.199951171875,1444.5,303353
2026-07-23,1430.0,1438.4000244140625,1421.0,1433.0,317778
2026-07-24,1434.0999755859375,1442.300048828125,1410.5,1418.0999755859375,509230
2026-07-27,1440.0,1446.5,1427.800048828125,1434.300048828125,342490
2026-07-28,1431.800048828125,1446.5,1429.0999755859375,1441.0,291670
2026-07-29,1431.0999755859375,1440.0,1428.0,1438.0,118024
2026-07-30,1423.5,1430.0,1413.199951171875,1430.0,496219
2026-07-31,1413.300048828125,1437.0,1397.0999755859375,1431.0,394456
2026-08-03,1391.699951171875,1423.800048828125,1387.199951171875,1422.0,337462
2026-08-04,1341.0,1390.0,1338.300048828125,1390.0,668171
2026-08-05,1323.5,1355.199951171875,1315.0,1346.699951171875,278738
2026-08-06,1325.199951171875,1345.5,1318.800048828125,1326.0,404065
2026-08-07,1350.800048828125,1355.4000244140625,1321.0,1325.199951171875,379616
