Price,Close,High,Low,Open,Volume
Ticker,TVSMOTOR.NS,TVSMOTOR.NS,TVSMOTOR.NS,TVSMOTOR.NS,TVSMOTOR.NS
Date,,,,,
2015-01-01,258.7511901855469,259.9165261680986,247.7038278314251,249.7548020903648,3402919
2015-01-02,249.3353271484375,261.03529039108827,248.63612547774707,261.03529039108827,4469469
2015-01-05,252.55160522460938,253.43727194027713,247.05122514729604,249.66156633465604,2662119
2015-01-06,249.89466857910156,256.9333158814752,246.2588255400964,250.31420096654372,4281631
2015-01-07,259.4504089355469,260.84881220710156,250.96678518191828,251.61935630495802,5465436
2015-01-08,276.13800048828125,277.722840208896,262.8997735599918,262.8997735599918,6558340
2015-01-09,276.417724609375,279.77389828800455,271.2902457380375,277.8161279379216,4546016
2015-01-12,279.21441650390625,284.34189326775095,270.8706020261464,273.9471051547993,2950576
2015-01-13,288.0244445800781,291.33398729552135,280.61289656304615,281.73163045449485,4856296
2015-01-14,287.0455322265625,292.26624273101305,285.3674599164743,288.0710335052091,3127154
2015-01-15,294.6435241699219,295.9953252244087,282.6638936102832,290.8678471496552,4089886
2015-01-16,298.4658508300781,299.5845847710629,291.98659973608375,294.64354305739715,2772948
2015-01-19,287.93115234375,300.4235454399664,286.9988837776058,299.5378789218979,3061675
2015-01-20,288.0244445800781,292.26625605486703,284.90133854615317,288.81685026505414,2235687
2015-01-21,280.28656005859375,290.681349672313,278.0025189680099,289.00327750573786,2976914
2015-01-22,280.2400207519531,284.3419979835658,276.9304492788412,281.5451914460225,3300030
2015-01-23,285.6937561035156,288.4439317136477,279.6806115744321,282.8969499877713,2822168
2015-01-27,287.51171875,293.33839928745374,286.20654799972806,286.20654799972806,2597322
2015-01-28,290.8678283691406,295.0630374321571,287.3252187628263,287.698120544978,2605964
2015-01-29,289.09661865234375,292.26632751905083,288.44401898099596,290.86792403809847,1590269
2015-01-30,287.3252258300781,293.384972403485,285.46068842287605,290.8678355235289,2215039
2015-02-02,265.9296875,287.51170552811215,263.4591807558493,287.1854057429027,4440110
2015-02-03,265.9296875,278.6551515184715,261.4081779207502,266.16275471078,7571501
2015-02-04,274.45989990234375,277.4897731807931,265.3236780121757,268.3069207852223,3918011
2015-02-05,273.6208801269531,283.26986745016706,270.684239233084,275.85831945320655,2726129
2015-02-06,274.4153747558594,276.5183535718169,266.56425954764654,275.0696177178496,2151139
2015-02-09,274.8358459472656,278.06042361368407,267.9661406532286,270.6766399182153,2036620
2015-02-10,276.09771728515625,277.9203101428534,268.3867957730836,273.80782437444253,1880898
2015-02-11,281.42523193359375,284.13573156288817,274.32183293982786,277.5464110396493,1926071
2015-02-12,284.9302673339844,286.00511746289163,281.425302659194,284.7900744516879,1536518
2015-02-13,287.73419189453125,290.63163458863096,282.82724215440896,284.6030849270924,1833969
2015-02-16,282.6871337890625,290.0709213288679,281.5188120731604,288.9025996129658,1963435
2015-02-18,282.0328063964844,285.07044225659564,280.1634920210313,284.1357850688691,1414691
2015-02-19,275.7705993652344,283.2011356201021,271.4244490282346,283.2011356201021,1595252
2015-02-20,276.6585388183594,280.2102248667727,273.3872385282774,276.6585388183594,1225568
2015-02-23,270.53656005859375,278.52786836228205,268.807438392589,277.873596859423,1685643
2015-02-24,251.93685913085938,271.6581334996218,250.30120888620928,271.0506119705899,4453989
2015-02-25,253.80615234375,257.4045882839432,249.60019492563498,251.9368379356989,3876175
2015-02-26,253.2921142578125,255.628757378272,243.9455417759744,255.0679573246666,4082520
2015-02-27,263.5733642578125,264.4613001212636,254.36698395049478,257.0774844739824,2221382
2015-03-02,254.2267303466797,263.47982990092714,251.4227590560913,262.07784425563295,2338796
2015-03-03,274.0414733886719,277.96701609830336,264.92856665504974,268.2465879538006,7675974
2015-03-04,270.3963317871094,276.6585467893671,265.8165169537373,275.6304181067385,2015273
2015-03-05,273.2470397949219,274.50883272732943,266.4240250791316,272.4525754653709,1646495
2015-03-09,268.1998596191406,276.6584947554861,264.6014241684715,264.6014241684715,1605505
2015-03-10,275.7239074707031,277.49975066158163,268.3401203990646,270.0692421336611,1532750
2015-03-11,266.6109924316406,277.5932156080535,265.0220636265135,277.5932156080535,2219295
2015-03-12,270.72344970703125,272.2656283677062,264.55470654085747,268.947606748573,1353664
2015-03-13,259.5542907714844,272.5460188915403,258.24574799913535,272.12541178278934,1532733
2015-03-16,256.23626708984375,258.9000458292438,251.60973103838768,258.9000458292438,1987381
2015-03-17,264.7416076660156,265.4426004488912,257.6382084281824,258.75980829017107,1641187
2015-03-18,260.6291809082031,265.2557172000971,258.80658785403307,264.5080028065008,1109210
2015-03-19,255.4886016845703,264.5080397377152,253.6660083759256,263.0125822182477,1789604
2015-03-20,250.90872192382812,256.0960576679319,247.02987195424024,255.6287290955452,1757867
2015-03-23,249.13284301757812,253.2453571493498,244.88016454648394,251.84337147446533,2058386
2015-03-24,242.9174041748047,249.55347609783146,234.97281785708347,248.6188188839819,3054024
2015-03-25,242.45004272460938,244.88015685611998,239.36568574611525,243.94549976888288,1821346
2015-03-26,249.03941345214844,254.2267493174348,241.14154898491978,242.076206151528,2812025
2015-03-27,254.1800537109375,256.51669686502413,248.61883159482082,253.29211790299416,2210673
2015-03-30,248.8992156982422,256.37647374128034,245.39425099056805,255.62875934636685,2205124
2015-03-31,246.6092987060547,251.42277740142453,243.94552008093606,250.02079165383293,1863590
2015-04-01,238.1506805419922,246.09525325184705,236.09443735463336,244.88021018322942,3411924
2015-04-06,236.23463439941406,240.48731373786617,231.42115497193552,240.06673506370439,3157618
2015-04-07,238.71142578125,241.60886859481843,234.78586867963884,234.78586867963884,1796361
2015-04-08,234.6456756591797,241.88925416483244,233.4306185361737,240.2068827379245,2286056
2015-04-09,234.22508239746094,237.12251094236498,232.44922529406557,236.37478238628987,2432885
2015-04-10,240.16017150878906,241.1415501289945,234.5989499316962,234.5989499316962,1932969
2015-04-13,238.1973419189453,243.8520053539616,236.93554926550053,241.6088342608753,3447397
2015-04-15,234.8793487548828,240.8611631765337,234.03814874813025,239.2722345843577,3397244
2015-04-16,228.7106170654297,235.9542104629073,226.5609026241534,235.53361756959478,2792944
2015-04-17,228.47694396972656,233.05677269215278,221.747415150489,226.46743674471188,2479115
2015-04-20,218.99017333984375,231.79497345667576,215.81233046928304,229.4115948691893,2053951
2015-04-21,222.58859252929688,225.85989252433768,210.90537826129398,218.66303538759513,2717826
2015-04-22,222.1680145263672,225.15891472665706,217.1208713297366,223.8504003458231,2385390
2015-04-23,218.28921508789062,227.44885947270814,215.53197890750508,223.19616590885659,2601630
2015-04-24,216.98065185546875,220.999680456292,211.98024465568574,218.28918042364225,1720122
2015-04-27,214.12998962402344,220.29871914584368,206.18540270427536,218.52287600965414,2428785
2015-04-28,213.1018829345703,215.9525907998588,209.45672485222755,214.97119769715425,1817196
2015-04-29,221.46702575683594,224.31773313443352,212.68125358043224,214.0365036991053,5715580
2015-04-30,220.251953125,225.4860389037293,218.70977452216647,224.31771745863227,4551737
2015-05-04,233.337158203125,234.22509392940773,220.67256488208793,224.17752929087754,2812312
2015-05-05,225.6844482421875,234.69867159106917,223.5717376299555,234.65171960080576,1661252
2015-05-06,212.44479370117188,224.18207512112613,211.03631993077735,224.18207512112613,2971373
2015-05-07,202.1629638671875,211.74058386377055,195.68397509910344,211.27109254699945,4412971
2015-05-08,207.1395721435547,212.6795638822398,203.94702263212343,206.5761768392616,3553277
2015-05-11,213.19598388671875,213.99411043153484,208.45411929839275,208.73581691974863,1396761
2015-05-12,209.01751708984375,216.81106063339416,207.984630574856,214.08801702513395,2052333
2015-05-13,206.67007446289062,213.4307462673519,203.94701634638358,210.519894497781,2330921
2015-05-14,210.51988220214844,211.17716711335132,202.20989533559182,204.69819333076572,1711307
2015-05-15,207.79684448242188,213.1490422369205,206.10667300001785,211.6466644019532,1084375
2015-05-18,210.47291564941406,211.27105648277652,205.7310656216557,209.1113939287388,1229626
2015-05-19,208.50108337402344,212.02226802570902,207.51514880600405,210.14430287814338,1658986
2015-05-20,206.90480041503906,210.61377843899302,206.01275557436267,209.3930983186733,1097207
2015-05-21,215.6373291015625,218.59513262406037,204.69818851956987,208.07853130878564,3140021
2015-05-22,213.33685302734375,217.1397355864046,211.36499807920194,216.62329226865148,1602898
2015-05-25,216.2007293701172,219.0646289765064,212.30395756859076,213.61852739066953,1310422
2015-05-26,220.70785522460938,221.36514015591945,215.77819674817852,216.52938566727727,2134624
2015-05-27,221.7876739501953,224.88631920986606,217.2336172100195,217.2336172100195,1515556
2015-05-28,221.412109375,226.7643075573908,220.19142907746644,221.88160069499457,2349545
2015-05-29,223.61866760253906,225.3088388997491,219.62799213889036,222.53884350229296,1068596
2015-06-01,222.21023559570312,225.7314204889019,220.66091997379087,220.66091997379087,910187
2015-06-02,210.84854125976562,224.3229326896521,204.36955285942662,222.53887151827973,2469444
2015-06-03,208.12547302246094,212.58564006094227,201.78734091514534,210.33208770943574,2248021
2015-06-04,212.44479370117188,213.99410911751139,204.463442335603,208.17242039876132,1617317
2015-06-05,209.533935546875,213.43072145162114,208.26631779027753,211.22410688340733,1025840
2015-06-08,205.4493865966797,210.70768032588012,203.19581986039083,209.86260175460728,1316073
2015-06-09,205.4024658203125,206.85789187224424,201.41178934151787,203.66534209256514,1115650
2015-06-10,210.3320770263672,211.9283443882523,204.79208608578483,205.63716459274292,848524
2015-06-11,213.19598388671875,219.06462463273206,211.27106685647914,213.1490318952034,2461454
2015-06-12,210.89547729492188,214.5575033496642,205.68412150337628,213.0081879405969,1323415
2015-06-15,212.8673553466797,214.0410836120757,209.20532888973906,211.9753247305262,868874
2015-06-16,214.18194580078125,214.9331204501899,209.15838294836723,212.30398052178356,889606
2015-06-17,217.3744659423828,219.01768544734682,214.08802693245477,214.6983598746323,1180154
2015-06-18,217.56224060058594,222.02240743901552,216.2007188522967,216.67021009844717,1169734
2015-06-19,224.83937072753906,226.38870054543233,218.31344481266484,218.31344481266484,1246683
2015-06-22,230.09768676757812,231.78785829676016,226.24785241375997,226.29480440885285,1200444
2015-06-23,228.1258087158203,232.86767348087747,227.04598450940287,231.31835799728083,1012795
2015-06-24,225.21498107910156,228.8770074674864,221.41209870486355,228.64226181880179,1391070
2015-06-25,224.041259765625,228.595316894328,222.91446915489564,225.1210840518799,2133914
2015-06-26,230.238525390625,232.3042841978491,222.1163318174136,224.0412489689527,1310125
2015-06-29,226.90512084960938,228.3605466251508,220.6608928055676,225.355805418452,1129446
2015-06-30,229.2056427001953,230.66105416837118,224.74547565552825,228.1727561798094,1237069
2015-07-01,230.94276428222656,232.8207294552111,228.12581652274974,230.28547933722942,910674
2015-07-02,241.6001739501953,243.85375476415467,233.85358303248876,235.68459595222794,3674989
2015-07-03,241.92886352539062,246.3890309190188,240.37954795133058,242.6800668060236,2072543
2015-07-06,248.5956573486328,249.6285439978905,236.90532618588782,240.33260713778594,2088781
2015-07-07,253.75999450683594,255.40321371270812,248.73643291779,249.76931929257486,2130307
2015-07-08,248.22003173828125,256.1074790749393,246.29510040346318,250.70832965356112,1609598
2015-07-09,242.63307189941406,249.48766133225868,241.506310094413,248.73645814011957,978448
2015-07-10,241.45936584472656,243.57207665960348,238.8771637376548,243.19648935694246,791249
2015-07-13,254.1826629638672,255.8728205918223,241.0838410530289,241.31858675999385,1765710
2015-07-14,250.23883056640625,255.73188379773867,249.81627698881485,255.73188379773867,829584
2015-07-15,251.4595184326172,255.7788439453255,249.20596601678312,250.2388525652202,1430294
2015-07-16,250.42662048339844,253.1496637442863,248.8772765808267,252.49236459437896,761018
2015-07-17,247.18716430664062,253.5252967247596,245.4970071239986,252.1168228540665,1051770
2015-07-20,247.7035675048828,252.21070061568622,243.94763757361562,248.8303579464515,1278798
2015-07-21,242.63307189941406,250.14493188797468,240.47342361489157,249.11204540845324,914013
2015-07-22,247.60971069335938,249.2998678266046,239.81613831001573,242.72698995547003,1184053
2015-07-23,247.04627990722656,254.9806641460557,246.10729748922532,248.78340311162276,2244281
2015-07-24,236.20106506347656,251.17783398110143,234.32309994959917,247.84445736615848,4173349
2015-07-27,226.38868713378906,236.1540994308491,224.55765979132136,236.1540994308491,4121860
2015-07-28,218.17257690429688,228.172734216003,214.4635847830421,227.98494059248333,3326656
2015-07-29,220.75479125976562,223.85342204447022,217.84393978158968,221.0364745472945,1824345
2015-07-30,221.7876739501953,224.83936721713505,219.9566608555788,224.08817831664874,4168436
2015-07-31,223.47784423828125,226.57648948192235,219.25242281360786,221.27122954096833,1355682
2015-08-03,216.05987548828125,223.2900377558516,215.21478265530143,221.59986641762765,1573588
2015-08-04,219.06459045410156,220.09746246760866,213.24290260790792,214.83916977622545,1611404
2015-08-05,220.66090393066406,222.53886907049952,217.98479787530377,221.13039521562294,1451994
2015-08-06,223.29006958007812,225.6375261266985,219.2524414543435,221.13040669163982,1337074
2015-08-07,224.98023986816406,226.85820509468385,222.30413368927833,223.33702029495927,1247676
2015-08-10,219.67495727539062,225.12105874669737,218.26648349803904,223.8064889522637,995722
2015-08-11,209.62786865234375,220.66091437088815,208.73583803426428,220.47312071356686,2238455
2015-08-12,209.7686767578125,213.3837649758462,206.57614211083018,207.1395373204084,1906887
2015-08-13,211.78750610351562,215.02699286852038,209.76868512841418,209.76868512841418,982107
2015-08-14,216.15377807617188,216.85801498193334,211.08327808578392,212.72649753256067,934036
2015-08-17,216.2007293701172,220.1914051565363,214.13497065210635,217.13971190809815,896480
2015-08-18,216.76412963867188,219.58107731778267,215.63733910483808,215.73124309190317,1106748
2015-08-19,215.87205505371094,220.66087118064002,214.83918297674032,216.81103748426685,870703
2015-08-20,217.56224060058594,218.5481750830491,213.57156500830683,215.49648198307096,1326677
2015-08-21,215.49652099609375,216.95194698819458,209.0175463573719,215.96601232723992,849388
2015-08-24,202.58544921875,209.1583259025565,188.73545906358632,206.57612434820393,2556175
2015-08-25,210.09735107421875,215.96599216567736,200.94227097154328,203.3836313966849,1507013
2015-08-26,214.41668701171875,215.9190506071015,208.4541416435229,209.8626155735467,823734
2015-08-27,212.6795654296875,218.5951588568555,209.39312622878725,217.84396988824503,1018074
2015-08-28,207.60903930664062,216.62326283268212,206.57615281148875,214.8861537806817,793142
2015-08-31,210.00343322753906,212.0222542264211,203.3366659842241,206.5761527873882,1048835
2015-09-01,203.61837768554688,212.1161585507162,189.67448067696247,210.14430373438012,1878887
2015-09-02,208.0785369873047,210.33208935645783,203.1488786430127,206.1066679184933,1011683
2015-09-03,208.03158569335938,211.2241206150048,204.69819479333347,210.80158133533655,1005268
2015-09-04,209.5808868408203,211.17715419257078,202.44462858366063,205.73106726633216,1128234
2015-09-07,205.02685546875,212.63260589603706,203.85312722431644,210.33210140249474,701610
2015-09-08,207.23341369628906,208.5479976585236,202.25680408956532,205.2615592445389,832198
2015-09-09,213.24293518066406,215.44953549730502,207.5620880915594,210.09733801999647,940053
2015-09-10,215.26174926757812,216.81106474168087,208.4541257901956,208.4541257901956,827567
2015-09-11,220.05055236816406,221.59986774631304,214.83919668061674,217.70309614203785,998844
2015-09-14,217.56224060058594,221.4120745501142,216.7171620886094,220.1444424544136,509548
2015-09-15,218.12562561035156,219.15849770686282,215.54342387747076,218.54816484654867,638886
2015-09-16,219.1585235595703,226.67038403225806,216.38852787581405,217.93785769494798,4586697
2015-09-18,221.4590606689453,224.792437568126,216.90498914837133,222.35109130855335,1011560
2015-09-21,219.5341033935547,222.49189243005347,217.42139284527403,217.42139284527403,516615
2015-09-22,216.71719360351562,222.25718538261984,214.08803937719549,220.4261721219151,561201
2015-09-23,216.29461669921875,218.64207286340502,210.33207231109142,210.33207231109142,539354
2015-09-24,221.55291748046875,223.57173844729013,213.7593598835296,216.2946240896651,1261571
2015-09-28,217.9847869873047,223.4778404780487,216.9049628169296,222.35106431597555,431335
2015-09-29,215.49652099609375,219.06465797835236,212.25703367673282,215.96601232723992,570692
2015-09-30,216.012939453125,218.26649185204633,214.0880223515223,218.26649185204633,495259
2015-10-01,215.6373291015625,219.7219087778869,214.08801368101803,216.57631161770732,423877
2015-10-05,215.5904083251953,217.65616715697809,213.5715871607075,217.65616715697809,536789
2015-10-06,216.2007293701172,220.5669924406341,215.07395319008734,218.31344008057437,666173
2015-10-07,226.6703643798828,229.8159614111915,214.08800491011917,216.67020672372806,4895587
2015-10-08,225.77835083007812,232.86767193393683,224.46378099380377,228.4544568233168,2069303
2015-10-09,224.7454833984375,228.36055768886143,222.6797102864959,226.10700525659033,956881
2015-10-12,224.27598571777344,229.34648570963495,223.38394084136047,224.74547698841752,763140
2015-10-13,228.17276000976562,230.52021638846693,224.27598815221617,224.9332730727052,1209582
2015-10-14,227.7501983642578,230.52019375359097,226.3886766638468,227.8440880135448,647563
2015-10-15,228.36053466796875,230.9896884590662,227.46850418377554,228.26664501726896,920175
2015-10-16,232.4451446533203,233.75971455746222,227.4215820304274,228.64226227155194,1031615
2015-10-19,231.88169860839844,236.6235625488326,230.28543140913172,233.52491779276534,802454
2015-10-20,230.94276428222656,234.4639489815726,229.76903604911124,232.16344451021396,702116
2015-10-21,237.7973175048828,239.01799761724675,230.2854575244719,231.36528166556164,1599074
2015-10-23,235.02734375,241.22462021063848,233.90056751422364,240.09784397486214,1342204
2015-10-26,229.81597900390625,237.09309376296764,228.17275954218272,235.68461993863318,689974
2015-10-27,259.9573669433594,265.8260088345519,226.20092732302882,229.76906445842167,12287024
2015-10-28,255.12155151367188,259.53475198046266,249.76933991054318,259.53475198046266,6943408
2015-10-29,247.8914031982422,255.07461426436907,245.35613874879766,253.52529872547498,4831553
2015-10-30,249.2998504638672,252.4923851906906,246.2950950412855,247.56272713067062,2209161
2015-11-02,257.04644775390625,259.0652543065415,246.34205346894726,250.33272891352846,3519564
2015-11-03,270.33306884765625,274.6523942837257,260.19206882860027,260.19206882860027,9209143
2015-11-04,268.267333984375,271.69461466282155,266.20156085068095,271.69461466282155,1521212
2015-11-05,264.0419006347656,268.924592629595,262.5864605104097,268.12645174275116,1380939
2015-11-06,266.0137634277344,270.28615152024,262.2108952983107,263.9010525435045,1541927
2015-11-09,272.0701599121094,279.34727376653166,258.7365979037543,260.0981338935437,5770018
2015-11-10,278.502197265625,281.45998621873116,269.8166097009102,271.8823538743712,2947433
2015-11-13,278.3613586425781,283.2440501871541,276.1547441549521,278.78388355161064,2255776
2015-11-16,277.7509765625,279.8167492608411,274.65234617045644,277.9387845007012,1088647
2015-11-17,276.06085205078125,281.4130637057911,274.41763269333615,278.8308618583774,1170928
2015-11-18,268.73681640625,278.59613314948075,266.9057889774607,276.06086881046065,1222024
2015-11-19,276.20172119140625,276.9998621184356,269.488001450817,269.9574927425432,1606898
2015-11-20,275.4035339355469,280.56793727577036,274.3706761918778,277.5632107074675,2168672
2015-11-23,275.96697998046875,279.2064814076294,273.66648980732515,276.0608839714179,1304581
2015-11-24,272.6335754394531,278.17356647529283,271.74153059953767,274.2298285010493,1892748
2015-11-26,279.9106750488281,283.10320965882863,272.5865947200936,273.24389389956593,5014432
2015-11-27,286.67138671875,288.5024143173728,279.8637626217575,281.0374909143424,3716288
2015-11-30,288.26763916015625,290.38034987061343,286.9530693380775,288.1737351752636,1979621
2015-12-01,285.59149169921875,290.8967365368617,283.7135268961261,290.8967365368617,1391452
2015-12-02,271.55377197265625,280.80272740591215,267.6569713646033,280.75578973938286,4169062
2015-12-03,266.2015075683594,270.3799906660995,262.9150692033179,268.548963543389,2352362
2015-12-04,266.5301818847656,268.4550845008404,262.9620312781169,262.9620312781169,962933
2015-12-07,264.5583801269531,270.0983724180368,263.10296837992786,270.0983724180368,1235150
2015-12-08,258.36102294921875,267.1405148448084,256.3891540154036,261.36577833936286,846591
2015-12-09,254.1826629638672,259.1123228101317,251.1779064525228,256.3423120057522,1262809
2015-12-10,261.741455078125,262.3048504883131,251.74129400533945,255.45025886607277,1729108
2015-12-11,257.2812194824219,263.90103501786416,255.49715836309102,263.00901878593544,1232711
2015-12-14,258.07940673828125,261.74143362107685,254.65212553586332,254.65212553586332,866104
2015-12-15,267.656982421875,268.45512337416443,257.3281736770067,260.0981838480478,1980982
2015-12-16,264.6991882324219,269.0185139075827,263.4315559960032,269.0185139075827,992112
2015-12-17,270.0044250488281,271.1781532548402,263.9480046990901,266.67104840594334,1258680
2015-12-18,268.595947265625,270.2391667299623,266.67104449816213,268.97156321042365,935652
2015-12-21,271.3190002441406,273.7133941164182,268.92457771639175,269.4879729379486,1343765
2015-12-22,270.473876953125,274.182869006323,269.76964013204713,270.42693929390765,1661851
2015-12-23,272.5396423339844,275.68523911354964,270.89642312955897,270.89642312955897,1470158
2015-12-24,268.0325927734375,274.3237589565246,267.42223116329035,272.9152850662921,1087369
2015-12-28,268.45513916015625,270.1922628277637,265.8729368220977,267.6100604897052,1068883
2015-12-29,275.2627258300781,277.7040861648195,268.3142607661781,269.0654353358802,2686225
2015-12-30,272.5396423339844,276.43641357338515,271.9293095034344,275.96692237212073,1482887
2015-12-31,272.11712646484375,275.1218820311271,270.9903646190921,273.57256658354805,1754040
2016-01-01,269.1593322753906,274.41764009208185,267.93866646770886,272.3049294326903,970577
2016-01-04,269.4410400390625,273.19697004187657,266.2015389494467,272.3049252040195,1356574
2016-01-05,269.6288757324219,271.55380745470114,264.9339622470742,269.8166837340269,993192
2016-01-06,268.9715576171875,276.4364515495182,267.61002148428884,270.80255636037526,1278055
2016-01-07,260.7554626464844,267.3752780868853,258.2671359927636,267.3752780868853,893479
2016-01-08,267.70391845703125,270.05137472435797,260.332900046531,260.332900046531,923022
2016-01-11,268.267333984375,271.6007106739311,261.1310606608104,261.1310606608104,1095794
2016-01-12,272.44580078125,274.22986202369776,267.5631083627338,269.8166609140086,1707329
2016-01-13,270.0044250488281,276.4834276703938,256.34224019303707,275.7791907467866,1970432
2016-01-14,265.3564453125,267.234410206919,259.3939010416256,264.0888132776731,1009369
2016-01-15,261.4126892089844,268.03253219007973,256.7647436150764,265.9198218322666,1569900
2016-01-18,257.46905517578125,263.1029510994922,247.28108764930866,261.0371777986076,1930661
2016-01-19,265.45037841796875,266.7649482572246,251.45951549485957,259.11224620377874,1252771
2016-01-20,258.032470703125,261.03722722692265,249.29994183002864,261.03722722692265,1642004
2016-01-21,257.37518310546875,262.9151757198992,251.69432015109004,261.7883849331933,1314652
2016-01-22,268.2203369140625,270.42695145039426,257.79762576248436,261.7883012613183,1025528
2016-01-25,270.2392578125,274.652488752077,269.4880829806704,270.4270658481989,1173133
2016-01-27,272.4928283691406,275.3097768554288,269.7228175620978,272.21111632722267,1525383
2016-01-28,273.99505615234375,277.938793741951,272.39880324643156,273.47862728832166,3102150
2016-01-29,274.41766357421875,277.18767369353077,261.7883362007432,274.1829179253101,4792489
2016-02-01,277.4224853515625,284.27704846846075,273.2440003445816,275.5914573922155,2038180
2016-02-02,275.4505310058594,283.00932891289426,272.30493379813123,281.6947591015151,1504189
2016-02-03,270.1922302246094,276.4364584848045,267.14053692059554,274.0420644315369,998524
2016-02-04,264.72711181640625,273.3958588375598,259.82736398524037,271.9353720108821,1749740
2016-02-05,272.6421203613281,275.0919947766108,262.23016128522846,264.86849863838177,672536
2016-02-08,270.2864685058594,278.0600899725734,268.1663899240283,271.4171598295923,947931
2016-02-09,269.3913269042969,271.652738426293,262.84265663758737,265.7165295866272,1012018
2016-02-10,270.4749755859375,273.25464642239984,263.92630389906276,268.2606936968457,988626
2016-02-11,262.93682861328125,271.60560531545036,258.69667172197325,270.42778395675373,1623701
2016-02-12,260.25140380859375,267.3654328998924,254.45650005595684,260.43983796180146,1196848
2016-02-15,268.49615478515625,272.3122842912286,262.65414964076115,262.65414964076115,858056
2016-02-16,260.2984924316406,271.7469090626217,258.6966440529778,271.7469090626217,768983
2016-02-17,265.85784912109375,267.41256766751064,255.96414904610586,260.2985376871818,723539
2016-02-18,268.543212890625,272.2651390977596,265.24531378495067,266.65869911595394,938367
2016-02-19,271.1344909667969,273.0661065940244,265.99917807186637,267.412563776298,1372073
2016-02-22,270.38067626953125,274.90349867879473,268.82592910815606,271.37003468549403,1015086
2016-02-23,264.2088317871094,271.98245129385,261.0993954865727,270.42773314358163,909889
2016-02-24,254.8805694580078,262.88975555927607,252.9960550812388,261.00524118250706,1958435
2016-02-25,252.19512939453125,255.11613241425235,247.05984499807042,254.40943952667823,1851480
2016-02-26,249.13278198242188,255.35168485544375,245.45798488871992,254.40942771575575,895038
2016-02-29,252.666259765625,254.36233996099168,241.21784065738154,247.71940951776855,1478269
2016-03-01,267.41253662109375,269.48551361258245,251.2057327759564,253.32581111731412,2210816
2016-03-02,271.7940368652344,277.0235515921087,270.28641994902705,273.0660607814896,1975333
2016-03-03,270.4749755859375,273.490210772764,269.1558209749811,271.7941589523077,778173
2016-03-04,271.6056213378906,278.107189870353,267.3654641964491,270.851827126019,1930123
2016-03-08,266.61163330078125,273.1603022871598,264.161759316174,270.89889120729237,803480
2016-03-09,268.3548583984375,269.06155134936955,263.4551378585544,266.1405768231782,738681
2016-03-10,267.41253662109375,271.2757962386484,266.3289467754804,269.5326149624515,621809
2016-03-11,271.32293701171875,272.9718868976077,266.1405230846392,266.1405230846392,890517
2016-03-14,271.7940368652344,275.84573036935313,270.0508557044759,272.31226670108646,1627429
2016-03-15,269.297119140625,272.21812245991083,268.0721961787036,271.7941239371274,1005353
2016-03-16,267.45965576171875,270.8988880678476,266.61163021102146,269.2970396623292,859581
2016-03-17,268.88055419921875,270.822431395001,268.07537502968705,270.7276993324384,779319
2016-03-18,272.24334716796875,273.5221578434159,267.60176481650217,268.92792707289703,615719
2016-03-21,289.1993713378906,290.80972993991446,271.8644706604412,272.81173362441484,2844198
2016-03-22,300.5191345214844,301.70321306569826,289.86242762355937,290.8096904589305,5133647
2016-03-23,293.1304931640625,301.13484670145886,291.18858702523215,299.76133294821364,2388530
2016-03-28,298.5299377441406,303.88196807521615,293.60418733929373,294.5988019562625,3373334
2016-03-29,299.0509338378906,302.65052159246653,296.25649648840033,302.17689010327643,2689887
2016-03-30,304.2134704589844,309.1392490359566,300.2823352585271,300.5665025614347,3551028
2016-03-31,305.77642822265625,308.6182166965031,301.4190423559582,305.9185407728824,1860426
2016-04-01,307.4341125488281,312.12307470323526,302.5083636161646,305.96586685628216,4109527
2016-04-04,307.2447509765625,310.6075229663753,305.492308695435,309.2813605862311,1317694
2016-04-05,297.67742919921875,305.9659813248931,296.01971877408386,305.9659813248931,1422528
2016-04-06,299.0509338378906,301.70325861408634,297.4405752113756,298.4825702692281,1445094
2016-04-07,297.20379638671875,301.4191287274261,293.74629186775934,299.33513835283867,1179146
2016-04-08,296.49334716796875,299.99823216421487,295.3566198967064,296.1144477136064,933012
2016-04-11,298.4352111816406,300.7086656193615,293.79362803627953,297.44059654626824,1208469
2016-04-12,301.98736572265625,305.3501659702066,300.70858408339245,301.2295670543395,1606340
2016-04-13,309.5181884765625,312.40732909341125,303.55044307762097,306.91321519940703,2029123
2016-04-18,316.3385009765625,317.048948250286,306.96057383687315,310.18129127095864,2220871
2016-04-20,317.52252197265625,322.8745513455961,314.7754365543936,317.2383257699903,2406647
2016-04-21,307.67095947265625,317.8066834438186,305.25545078918196,316.3384376022037,2598664
2016-04-22,313.9703369140625,316.1016786912213,303.26624753276116,305.0660414740607,2720399
2016-04-25,306.15545654296875,312.0284706302228,304.0714660844155,312.0284706302228,631548
2016-04-26,312.7862243652344,313.63875520238224,300.8033254302646,305.06600852417387,1571013
2016-04-27,310.5600891113281,312.54934660866127,307.2920211579833,312.3598825010432,1480109
2016-04-28,301.8926696777344,312.0283644188864,300.9927584432761,311.6494650758075,1691417
2016-04-29,302.9346618652344,305.8238310361427,297.7247159494846,302.176863113484,1020863
2016-05-02,302.1295166015625,306.43955127727946,298.008917162877,299.33507945477686,1172656
2016-05-03,272.2907409667969,308.2393518385024,264.3337092231457,305.96592658667515,14135554
2016-05-04,275.369384765625,280.05831959599254,262.8655007349623,264.2863953335297,10887415
2016-05-05,280.5792541503906,282.4737797586764,271.53287702592604,275.7482080676286,3220948
2016-05-06,284.60516357421875,286.1681416528544,278.59003808790976,280.38983190294994,2149934
2016-05-09,285.41033935546875,288.1100447724118,283.8000095494872,287.02069806962385,1137336
2016-05-10,283.3262939453125,286.5469815095722,279.4425108936324,286.0733501351762,1471002
2016-05-11,281.2897644042969,286.26289524253696,276.127169399426,276.127169399426,1477346
2016-05-12,280.86346435546875,283.23162172777455,279.2057541948547,282.28435877885227,753323
2016-05-13,280.53192138671875,282.2843636541253,278.02168031035495,280.3424861385652,1280536
2016-05-16,279.679443359375,282.3791491023117,275.22729501781777,281.5266180540625,1008405
2016-05-17,278.6374206542969,282.284389182076,277.7848896900798,280.8634946056561,806278
2016-05-18,281.952880859375,283.1843403431474,277.02712964881994,277.1692133447457,901827
2016-05-19,280.8160705566406,285.97863550728414,278.49526511739566,281.2897019599015,1051112
2016-05-20,281.8107604980469,285.55246115028234,278.4953397863051,278.96897131655396,824972
2016-05-23,279.5373840332031,285.1262312901448,276.50613014392314,285.1262312901448,1865679
2016-05-24,278.82684326171875,281.33708419087884,276.22187025995134,277.6427646245518,1122095
2016-05-25,280.5792541503906,282.28431563458116,276.60073880972385,280.38979002629543,1258461
2016-05-26,283.3262939453125,287.4468926841906,279.8214102115162,280.38977364242436,2039276
2016-05-27,275.748291015625,284.13157513570326,273.85376483744574,283.23166363779796,1292327
2016-05-30,272.7643737792969,278.4479513910217,268.78585788782124,276.6955091791058,1431010
2016-05-31,269.63836669921875,273.33268606311583,269.0226516232639,272.8117030545775,1305250
2016-06-01,273.66424560546875,276.6007663725648,271.8171002982249,272.8117147784201,1484499
2016-06-02,280.9581604003906,282.2843225771734,277.1217286043575,280.57926105104804,3300600
2016-06-03,281.8580627441406,291.75697155665193,279.72672123114563,282.5211583336735,2547088
2016-06-06,279.2530822753906,284.0841286899184,277.7374848112137,283.4684136065754,946952
2016-06-07,278.3531799316406,282.0948506517144,276.83755366799267,280.20032504919607,1998900
2016-06-08,274.4220886230469,279.44257070291553,272.9538137032645,278.77947507357237,1984224
2016-06-09,274.6114807128906,276.79020250393546,272.4801394068793,274.56412913602367,1324754
2016-06-10,271.5802917480469,276.9323214845293,270.6330288244864,275.08514722031833,1277187
2016-06-13,272.66961669921875,273.7589631932677,268.8331848182185,269.9699117995892,782959
2016-06-14,274.9430236816406,276.6007335574128,272.33805101971296,273.0484981093296,764507
2016-06-15,276.6480712890625,277.45325039863405,274.7061942378881,275.4166412919516,611196
2016-06-16,276.790283203125,278.4479935911118,275.1325728151382,275.17992440581065,1167469
2016-06-17,277.8321533203125,278.9215286105544,273.3800357352667,277.7848017460259,1113631
2016-06-20,277.8795471191406,279.0636256146984,273.38004883602093,273.75894817296614,585520
2016-06-21,280.6266784667969,281.81075727889305,276.7428941814866,278.16378875600196,1211122
2016-06-22,279.44256591796875,284.55777998703644,277.0270569961834,282.0948905735829,1577127
2016-06-23,279.77410888671875,280.62663973211903,276.6007723266793,279.82146046939704,1013807
2016-06-24,281.52655029296875,283.2316119790731,264.38108572597946,275.7482407217951,1312545
2016-06-27,280.7213439941406,285.83655746794005,278.77943785782594,279.39518182066183,905363
2016-06-28,280.86346435546875,285.12614762561924,280.10566555959934,283.8947173552886,947269
2016-06-29,284.4629821777344,287.21006718188426,282.0001222415729,282.2842894932334,1450888
2016-06-30,293.1778869628906,295.3565802138859,288.15740482372524,289.2467514492228,2819375
2016-07-01,295.1671447753906,299.80872750809976,292.84633895495034,296.16175932233847,1616284
2016-07-04,297.0616455078125,301.1348643361985,295.3565549757073,299.3350706424505,1545969
2016-07-05,290.2413024902344,297.48785678784344,289.5782359063139,297.25104109897933,1547151
2016-07-07,283.4211120605469,289.8624891449428,282.3791169388486,289.8624891449428,2366617
2016-07-08,281.1949768066406,284.6998319319862,278.16372418802575,284.17884893886526,1109583
2016-07-11,282.8052978515625,286.0733660803162,281.85803504997205,283.2315776755448,1186617
2016-07-12,288.7731018066406,289.8150967817386,282.8527086619587,283.23160804158437,1255214
2016-07-13,292.1358947753906,295.26187992781047,290.24136883144104,295.26187992781047,2858917
2016-07-14,288.4416198730469,290.3361461119503,286.40500994786095,289.38888299249857,1650978
2016-07-15,291.1412658691406,294.3146024504921,285.7418556317264,288.820460138915,1790590
2016-07-18,285.9313049316406,295.07238590434696,284.605142686738,292.9883960136651,1172056
2016-07-19,284.7945861816406,285.83658115721965,280.8634509133907,284.17887107594333,1036818
2016-07-20,285.9786376953125,288.15735951188196,284.0367604903522,285.1261069445535,1174490
2016-07-21,284.51043701171875,288.44157253058336,283.23162622871735,285.88395096458055,809845
2016-07-22,285.07879638671875,287.2101380243754,281.5739119081927,284.652516495919,1988406
2016-07-25,285.0313720703125,285.9312832977844,283.3263105856114,285.55238395764707,1840573
2016-07-26,275.8902893066406,298.198316586881,273.6168643781076,287.4469069799192,12078740
2016-07-27,272.95379638671875,280.10564856199017,270.7277228102016,275.93766871312,5166259
2016-07-28,274.9430236816406,275.6534707712573,271.7223359903451,274.232576592024,3398855
2016-07-29,276.36395263671875,279.82145645962305,273.9010633011672,276.1744884923803,1817346
2016-08-01,279.44256591796875,281.95280691491973,277.1691406548465,277.9269394398304,1953335
2016-08-02,284.0841369628906,286.7364904187782,279.06365517322087,284.13151745263133,3357305
2016-08-03,282.6158447265625,284.7945374688885,279.77405650187745,284.0840904127172,1489230
2016-08-04,283.4211120605469,286.54706851746795,278.1164332749524,284.2262625149661,1303006
2016-08-05,287.1627197265625,288.8204296709443,284.17884760830873,284.17884760830873,1080750
2016-08-08,288.4416198730469,291.7096891984258,287.1154572874497,288.6784356529098,794415
2016-08-09,283.37371826171875,288.6783967983015,281.33710861064986,288.39422946398395,712570
2016-08-10,281.1949768066406,283.7052175239671,278.4952719600879,282.2843232792728,922823
2016-08-11,282.2369689941406,284.7472096873916,277.97428630094066,280.38979493048714,714388
2016-08-12,283.5157470703125,286.45226755880884,281.1475900486488,282.23696540514754,772899
2016-08-16,283.6104736328125,285.5049992134033,281.1949650808257,284.6524684837707,1167469
2016-08-17,296.39862060546875,297.44061580553097,283.231669190617,283.231669190617,2981948
2016-08-18,295.3565979003906,299.80874565506207,293.3199881902136,297.4405881064439,1514753
2016-08-19,295.3092041015625,300.28233424280774,292.9883984723804,295.5460198225742,894774
2016-08-22,289.5783386230469,295.593436127287,288.1100634863763,295.5460845359841,1130620
2016-08-23,290.0045166015625,293.98303214656886,288.2994550297987,289.81508137590436,1134199
2016-08-24,290.2413024902344,293.1778228137825,289.1046045285857,291.2832973028695,865345
2016-08-25,290.1940002441406,293.5567720343634,287.54164673310504,290.90444743149783,1286991
2016-08-26,287.39947509765625,291.0937935593636,285.78914597750753,290.47807863377255,767674
2016-08-29,295.1197814941406,296.96695594125504,284.9840845533302,287.4469741800917,1223678
2016-08-30,308.8550720214844,310.84432998998557,297.9615481410223,298.3404764460099,3263919
2016-08-31,308.8550720214844,315.3912094762984,307.4815580945026,310.4180790091309,2253745
2016-09-01,310.0391845703125,312.02844275610414,305.87123293371405,309.7550172187026,1645756
2016-09-02,314.7754821777344,321.02742373634936,313.73351600810895,319.2749814111673,2323193
2016-09-06,315.3438720703125,318.8487570131325,312.2179154842541,317.99622602676885,885742
2016-09-07,313.2124938964844,315.2017519065295,311.17588430141234,314.87020408682673,2067143
2016-09-08,320.03277587890625,324.24807843020955,311.55476137832727,313.5440192458107,3294803
2016-09-09,312.4073486328125,320.174917362874,310.0391909600102,320.174917362874,2094798
2016-09-12,304.6396789550781,306.34474018942575,293.651426255498,299.3350022475399,1833521
2016-09-14,308.9971923828125,311.1285340653508,305.06602793070465,306.91320228550643,971448
2016-09-15,305.2080993652344,310.7022122875396,302.93464541708397,309.47078215576465,741373
2016-09-16,320.50640869140625,321.7852193908123,306.15538150693095,307.8604431673593,5043289
2016-09-19,319.6064758300781,325.5268685688843,317.85403379775795,322.82716369835515,2173004
2016-09-20,315.0122985839844,320.17489348901415,313.1651530818359,318.8013505779372,1017386
2016-09-21,316.1963806152344,323.4903173425972,313.8756035897446,315.39123018469735,2098496
2016-09-22,330.73687744140625,332.11042038280357,320.6485320664452,320.6485320664452,3858785
2016-09-23,332.015625,336.0888436435803,329.6474679029957,334.28905003149055,3228823
2016-09-26,329.88427734375,334.85740715295225,327.2793045865488,329.5527295748364,1441653
2016-09-27,329.50543212890625,333.19975195530515,328.037157170554,331.77885749067696,1712135
2016-09-28,332.39453125,338.9306391917014,324.4375290206171,329.64747474211606,2532489
2016-09-29,330.97369384765625,337.6992670802582,319.84335334781605,335.7100089539712,4628395
2016-09-30,346.5561218261719,349.1610946815019,324.9111597738871,326.8530370664113,4329352
2016-10-03,357.6864929199219,362.6122428767119,346.6035049278454,350.2978246224806,3278206
2016-10-04,357.54443359375,364.93307348587297,354.6552640771866,360.8598541186054,2588516
2016-10-05,359.3915100097656,364.60145554706844,353.8026651241106,359.9125219083963,1838703
2016-10-06,364.4120788574219,367.49068353302886,357.2128744497528,359.9599313017369,3096282
2016-10-07,365.8329162597656,368.6747047478275,359.9598751545041,363.6541944073511,1961307
2016-10-10,368.0589904785156,372.7479534254068,366.16446466695066,368.1063709687066,1247661
2016-10-13,364.7436218261719,367.44332727060345,360.1967707994678,367.44332727060345,1586464
2016-10-14,369.85882568359375,370.9955238642244,363.1806046261845,367.5380199223621,1242560
2016-10-17,368.7221374511719,373.22163688056963,364.69626954065814,370.2851156818542,2062493
2016-10-18,374.2162780761719,380.61030403507897,371.3271371691213,373.2216633791678,2231607
2016-10-19,370.7587585449219,375.49507387867965,368.67479714297326,375.11617443361393,1378425
2016-10-20,372.3216857910156,374.31094374017044,369.43254539669437,373.9793959306162,1198309
2016-10-21,375.0213928222656,376.25285199132844,369.9061787189261,372.36906814888096,1509614
2016-10-24,374.8793029785156,377.95790748813073,372.60587773766474,376.3001973675688,905922
2016-10-25,386.1990661621094,387.4304962740411,371.80065962728884,373.9793525662965,2310529
2016-10-26,378.8578796386719,389.56194085762974,375.2109110064548,386.009704314855,2155079
2016-10-27,390.3670349121094,397.8504058112103,366.8275467866457,379.80505968232643,9380056
2016-10-28,383.6414794921875,394.0140199454294,381.03650648328994,393.96663945491116,3136287
2016-11-01,382.4574279785156,389.98818022891555,380.79971776436724,389.8934481493298,1954407
2016-11-02,379.6629638671875,386.86216778572634,376.3001920901907,380.7523393433867,1576538
2016-11-03,372.96392822265625,385.31687361601814,371.538588369576,384.03406194852323,3592297
2016-11-04,373.1539611816406,377.8100652697532,367.9752151151143,373.43901753451235,1141253
2016-11-07,370.2557678222656,379.1403918264424,368.68789982120217,378.19016528051145,995524
2016-11-08,371.49102783203125,374.38920679278567,366.4073107217983,374.38920679278567,1211557
2016-11-09,360.801025390625,364.83948814704456,334.38471043181886,336.8553052119392,3266911
2016-11-10,360.2783203125,370.49325373121656,357.90275440117057,364.88692398020055,1595511
2016-11-11,343.7918701171875,356.3348691092764,334.38463537242376,356.3348691092764,3159026
2016-11-15,330.20367431640625,343.0317307286983,321.1765235077563,343.0317307286983,2398759
2016-11-16,340.8462829589844,344.8847458897846,328.3983090666774,335.09739479950053,1737436
2016-11-17,344.83721923828125,349.683380584143,328.0182262126144,336.3802084967027,2130082
2016-11-18,343.74444580078125,346.6426251058073,338.850784991315,344.93222895835135,1217518
2016-11-21,327.4955139160156,342.50910802055853,324.64483479474126,342.50910802055853,1811722
2016-11-22,332.056640625,335.33490443956487,327.1154515439912,329.01590442151615,747137
2016-11-23,337.5204772949219,339.23087346082553,329.3485232829778,334.43224105193116,1202353
2016-11-24,342.0340270996094,345.88243267692775,330.6788092625573,336.38016804294625,1757289
2016-11-25,337.8055114746094,341.5113889231319,335.47744501408835,339.99102076515555,1231110
2016-11-28,336.5702209472656,338.75573018774253,331.1539185706263,331.1539185706263,665969
2016-11-29,340.8462829589844,344.3621038760422,334.7173099704421,336.47523492827787,812566
2016-11-30,355.47979736328125,360.61101549951957,342.08159573076955,343.5069357129811,2131541
2016-12-01,349.2082214355469,357.76025951151945,346.2625136318788,354.9095801528619,1167302
2016-12-02,340.513671875,347.30778554629273,338.5181904264481,339.4684169258908,1409758
2016-12-05,339.0882873535156,344.50456028602156,335.23985313974305,340.181041883868,910021
2016-12-06,337.28289794921875,342.7941998892271,336.38017120107105,341.1313035626681,747985
2016-12-07,342.6516418457031,344.97967910076085,336.4751703140922,338.28059465437997,916952
2016-12-08,345.21722412109375,346.64256365751214,343.126743533511,345.83489445242736,787129
2016-12-09,345.35980224609375,348.59056625844687,342.5566227214676,347.59281112319957,592786
2016-12-12,349.2557678222656,350.4435510470708,339.7535020238243,345.2648335860886,738597
2016-12-13,363.1766052246094,365.219586542349,348.7331498179884,349.8259045694665,3136157
2016-12-14,361.2285461425781,368.1176872752407,359.5656500071079,363.36655545961133,2958083
2016-12-15,360.51593017578125,362.0362983834129,355.05212777235704,357.4752227591295,615476
2016-12-16,359.37567138671875,364.50688865111937,355.43220824040196,360.1358409819591,603536
2016-12-19,357.3801574707031,362.036261065259,355.76476097936745,359.56566660734916,550972
2016-12-20,352.1063537597656,358.7104383297829,351.2511558654556,357.85524043547287,664140
2016-12-21,352.62908935546875,354.4820137858173,351.5363345890662,351.5838343185826,797108
2016-12-22,348.8756408691406,356.09736780377585,346.8326597688544,350.63356562933495,1246719
2016-12-23,352.201416015625,353.2941705965525,346.0724730189749,347.78286897185194,683545
2016-12-26,348.35302734375,352.2014329217563,347.0702158182111,352.2014329217563,381140
2016-12-27,334.1470947265625,345.88239610853793,331.9615856912537,344.0294431013707,1510214
2016-12-28,335.85760498046875,338.94584144528227,329.1584900191661,331.72411345091854,1529496
2016-12-29,346.5001525878906,349.5883892936626,330.488827252088,335.81010245252617,2550664
2016-12-30,342.5566711425781,348.73314371519047,340.60871831527635,345.7874356116066,917360
2017-01-02,349.3507385253906,351.0136347652082,337.7104648466673,339.420889806788,1099942
2017-01-03,358.6155090332031,365.0295385115345,338.89830730351787,338.89830730351787,2784655
2017-01-04,356.572509765625,358.9955758474653,353.48427350516323,358.23540621356597,818943
2017-01-05,365.64715576171875,370.3032889399997,357.52273056038933,358.1879007283187,2392687
2017-01-06,367.8326416015625,373.2964433475211,365.59960378392736,366.69235833339746,1746493
2017-01-09,365.59967041015625,369.87568994711717,363.7942457387177,367.7851799073798,671414
2017-01-10,364.3642883300781,369.40047614821935,363.2715048802086,365.83712750370273,950940
2017-01-11,361.5611877441406,367.1200186379582,360.42090433052255,364.60192418138104,943941
2017-01-12,369.0679626464844,370.58833082909524,358.9005566100836,362.8914904659995,1098757
2017-01-13,364.8394470214844,371.3009751039521,363.27155022330976,369.87563546823634,450184
2017-01-16,363.6991882324219,365.1245279642276,360.7534803203012,363.0815468150283,564377
2017-01-17,359.5181884765625,366.0272455550909,356.8100372542714,363.93673573471625,789144
2017-01-18,364.0791931152344,365.74208910401467,358.33033572489296,358.33033572489296,638437
2017-01-19,370.54083251953125,372.20372888216787,360.5634543437115,366.26481330132276,1368799
2017-01-20,360.2308349609375,372.7263063531704,359.32810827918564,370.1131837464879,716544
2017-01-23,362.0362854003906,364.8869648129921,359.75574767003155,362.4163701890154,735089
2017-01-24,380.47064208984375,382.70367991389224,359.6131901554024,362.51136905561737,6170046
2017-01-25,373.24896240234375,384.8417374509275,372.1087079868414,382.9412844264785,2272445
2017-01-27,372.8212890625,378.09503334966035,370.44572334781424,374.3891566344716,844522
2017-01-30,369.2104797363281,372.7263292406554,367.11999892177994,372.7263292406554,690580
2017-01-31,366.9774475097656,369.0679281919126,364.6968809494476,367.73761703079936,581606
2017-02-01,374.62677001953125,376.6222513222107,362.51138303728897,366.40731719992795,989115
2017-02-02,370.065673828125,379.23535255916937,368.5453058264112,374.86430542872006,1502951
2017-02-03,371.96612548828125,373.81904951735333,369.0679176500799,371.5385120207836,760775
2017-02-06,376.3372497558594,386.6472146155625,370.49336171052477,371.58611654849534,2338422
2017-02-07,372.96392822265625,378.6652876349771,370.8734181720265,376.7648344975368,956138
2017-02-08,377.8575439453125,381.99103482334687,373.20144011659073,374.8643364124635,1251734
2017-02-09,387.6924133300781,389.1177530849681,375.38696851341655,379.61548805236816,1544159
2017-02-10,391.0181579589844,398.1923555760426,389.73534653776915,391.49327115213015,2344071
2017-02-13,390.970703125,394.7240803825982,387.3598250433758,390.59058932795756,948627
2017-02-14,389.5928039550781,393.8688225350729,388.9751626265781,392.443483008408,765068
2017-02-15,389.9254150390625,395.95935857162164,388.64260357960364,390.54305640884377,1262376
2017-02-16,401.3756408691406,402.8009805235045,381.3733859856783,389.92542391186146,1668124
2017-02-17,404.5113525390625,408.122200924517,402.46834276977586,403.84618252134976,1547785
2017-02-20,404.5113525390625,407.3620314745073,401.61314488886353,407.3620314745073,778571
2017-02-21,407.0295104980469,411.9231709740255,404.3213592836167,404.79647251426724,1342149
2017-02-22,405.9842834472656,411.9231992378927,403.27613204701726,406.744453069021,1452388
2017-02-23,411.44805908203125,414.58379481508297,404.3213605990861,405.8417287418365,1516412
2017-02-27,414.06121826171875,421.2829458257306,407.64718906317233,407.64718906317233,1480789
2017-02-28,407.36212158203125,417.8146133240617,406.2693378828384,416.57930144629086,503685
2017-03-01,404.0838317871094,408.73993598328775,402.04085054781416,407.36212491428046,1017861
2017-03-02,405.22412109375,410.64039499278266,401.0906298296114,402.94355419035435,775887
2017-03-03,408.1697998046875,409.5476398910049,402.9910825463007,406.69696026299323,429125
2017-03-06,404.7489929199219,411.8756917341103,403.3711528830674,410.4978516972559,949800
2017-03-07,403.98876953125,407.5046189966815,400.56794851056713,407.5046189966815,1139860
2017-03-08,397.2421569824219,404.60641199141475,393.39375144813414,404.60641199141475,876197
2017-03-09,398.6199951171875,401.4706744624832,394.5815327113518,398.42993822805715,900745
2017-03-10,404.1788330078125,407.50462563794844,398.62000238343467,401.9457950135706,921706
2017-03-14,416.3775329589844,418.6647921754987,407.89559761053437,411.61239747288,1975637
2017-03-15,418.6171875,420.1420368000263,413.6614345459349,419.09370108850317,1092268
2017-03-16,417.8070983886719,422.6199029655749,416.8064315108631,420.7138486580681,627698
2017-03-17,422.1910400390625,424.71655624505325,415.0433362009294,416.9493905577649,1045042
2017-03-20,418.8077697753906,424.0494188134602,416.94935530098894,423.42992793260703,438610
2017-03-21,417.9977111816406,420.85679261368455,415.61514332160397,420.85679261368455,385767
2017-03-22,411.231201171875,422.57221805249895,409.8493002179669,417.3782377129427,1424841
2017-03-23,407.6573181152344,411.37411777042223,401.6055905683623,411.37411777042223,1748756
2017-03-24,407.037841796875,410.56402428350776,405.1317877768326,409.7539745922507,848812
2017-03-27,409.5157470703125,411.803006240809,405.7989181986676,409.2298214964515,573399
2017-03-28,412.18426513671875,413.995011004896,409.7063885930689,409.7063885930689,378301
2017-03-29,410.5164794921875,416.80646502960406,404.6553678420814,412.66079076057383,1516598
2017-03-30,415.424560546875,421.23803242200427,406.942624081891,407.8956513045652,2675672
2017-03-31,410.5641174316406,416.2822807890957,409.7540675566007,414.5668434154923,907573
2017-04-03,415.6151123046875,416.9017046699063,410.37346340378565,410.564051367917,427113
2017-04-05,431.2447814941406,432.57901367531747,417.4735276669387,418.9507371865933,2007411
2017-04-06,429.481689453125,431.43541260712055,426.6226079357394,431.43541260712055,644462
2017-04-07,446.39788818359375,451.73484576471844,425.0500869431739,425.0500869431739,3580698
2017-04-10,451.92547607421875,455.1180936881779,445.06366911377904,446.01669624250235,1519332
2017-04-11,451.5442199707031,452.68786410312134,445.0636474445424,447.97036841199423,481618
2017-04-12,452.783203125,454.78456594949273,439.6790798604504,452.02076395734156,958661
2017-04-13,451.7348327636719,453.4979386661685,446.96969739696647,449.8287786169897,277980
2017-04-17,450.638916015625,452.6879186728013,445.0637010951541,447.9227826867718,361253
2017-04-18,448.39923095703125,457.35767948877276,446.15961155307645,451.73482566128126,826647
2017-04-19,448.97113037109375,453.4503408667386,446.54089350308226,446.77915030872555,484579
2017-04-20,466.1255798339844,469.7470713311338,448.8757827889721,450.4959405600591,2390246
2017-04-21,459.5021057128906,481.8506074748491,458.1202335818461,471.36730720143464,1853886
2017-04-24,462.8852844238281,467.17390646944455,457.8818920372757,461.5986919933273,744361
2017-04-25,466.3638916015625,467.41222739562096,462.5517825934109,466.411531330531,362335
2017-04-26,478.9438171386719,481.89820733354856,468.889391614713,468.889391614713,2699912
2017-04-27,479.1820373535156,494.19221490233735,459.9785461792994,478.8961408433607,8208561
2017-04-28,472.7014465332031,478.6578659703655,466.9832838735273,468.8893380934192,4104692
2017-05-02,472.22491455078125,476.0370228418067,467.55508771109066,471.27188747802484,1126915
2017-05-03,474.3216552734375,482.51766603330105,472.22498377239936,482.2317695031969,1086064
2017-05-04,473.89276123046875,479.32502774396784,468.46049471696966,473.4638873694784,734467
2017-05-05,468.9846496582031,477.37127664640474,467.93631401365803,471.7484224781278,693024
2017-05-08,478.89617919921875,481.27874725493626,468.41287975406175,468.98470190425047,1077602
2017-05-09,475.2746276855469,479.37263259296844,474.08334380733373,479.37263259296844,961445
2017-05-10,471.31951904296875,478.371942526603,468.74636344149576,475.7511181218701,2435729
2017-05-11,476.2752990722656,480.3256642969923,471.8437288196747,474.1309880709398,1317052
2017-05-12,492.4291687011719,495.0499935162207,475.13170165458376,482.2317659689853,1865039
2017-05-15,500.0534362792969,502.1501079743383,493.6681417313767,493.76342119417257,1441277
2017-05-16,507.6300048828125,512.299803662407,499.3862956285469,501.1970707311089,1005827
2017-05-17,507.53460693359375,509.8695351299709,502.24531778223303,506.72455710766144,431565
2017-05-18,502.96002197265625,508.39228775170477,500.57745436501693,504.1513057764759,766380
2017-05-19,500.8157653808594,510.3460368438634,495.3834990133149,505.1043875392112,1309845
2017-05-22,503.0077209472656,505.6761853485453,498.7667384724341,501.4829007660091,900113
2017-05-23,500.0057067871094,504.67550482102195,492.9532827611552,501.2922701447417,674249
2017-05-24,500.3392333984375,504.3895986211868,496.52712495349704,500.48221073238625,607178
2017-05-25,517.5414428710938,520.3528849269517,503.19839421507413,504.05614201793514,2032139
2017-05-26,509.48828125,523.2118952113317,508.24935761263976,519.3997866852018,1008828
2017-05-29,508.8212585449219,516.3977784469082,503.0077575732346,509.15479480630745,860400
2017-05-30,515.6351928710938,518.8755075999842,503.81769420602876,508.6781081312186,690977
2017-05-31,513.014404296875,519.3520568896744,509.86942694189145,516.5406157056171,1075853
2017-06-01,508.67828369140625,515.4924516488713,505.43796784418527,511.7756221869511,654239
2017-06-02,514.9205932617188,538.031503253783,512.7286422981663,527.9770777568478,6006074
2017-06-05,516.9219360351562,520.6387069229678,509.96479148586906,515.4446974563989,1090942
2017-06-06,511.060791015625,517.8749581630968,507.6299166648816,517.7796205505903,649833
2017-06-07,510.9654846191406,513.157435236949,508.72583611351536,511.77553435784506,669965
2017-06-08,518.5420532226562,520.1622110243328,509.86952935509584,514.5870254192099,600509
2017-06-09,526.4520874023438,527.9769071883368,514.3009943217457,521.6869528609327,1438806
2017-06-12,526.5474243164062,531.5031764141912,519.3997217238758,525.1178837979002,850817
2017-06-13,529.5018920898438,536.5543166775606,528.1676889030895,528.4535854310965,995312
2017-06-14,521.2105102539062,527.8340016322686,517.8749156215177,526.213902202489,553223
2017-06-15,515.1586303710938,521.2103855138241,513.2525767516146,521.2103855138241,972200
2017-06-16,524.4508666992188,525.594510995035,515.1588513189802,515.5877252009319,865807
2017-06-19,525.8802490234375,530.4547666597498,524.1648121808388,527.9769199057904,794122
2017-06-20,522.40185546875,528.5965319429079,520.9723147439444,524.2125721526072,629893
2017-06-21,520.352783203125,523.9742744562553,518.0178552346079,521.3058102785886,540789
2017-06-22,517.0172119140625,523.5931223006017,515.0635179542863,519.3997797109015,543280
2017-06-23,511.1559753417969,518.8755284467193,506.05730448663894,517.398348325256,391856
2017-06-27,508.9640808105469,515.1111168730981,499.86268418120255,515.1111168730981,685399
2017-06-28,509.7265930175781,512.4427555363367,505.15207392639644,509.3930567528268,562204
2017-06-29,519.82861328125,522.3541000493758,511.2990095956506,511.2990095956506,1515966
2017-06-30,523.4025268554688,525.1179641063945,516.540719683604,521.1152384087933,582670
2017-07-03,526.404541015625,531.789167864312,521.4964859263773,525.8803876988537,1146087
2017-07-04,525.5468139648438,530.359589259805,521.5440884500059,529.8830757025186,334628
2017-07-05,521.5916748046875,525.7373772298012,517.6366475847698,524.7366523273632,910169
2017-07-06,529.3589477539062,532.3609484075666,521.5917531311997,521.5917531311997,764505
2017-07-07,546.5134887695312,548.6578000844772,526.1663220579213,528.2629936439464,2051538
2017-07-10,544.3214111328125,552.4697806009071,542.6059159452948,549.2771051513857,113144
2017-07-11,540.3187255859375,548.8483297583699,538.6985678834834,546.0368881817816,650900
2017-07-12,537.6978759765625,544.7026015624032,534.7434572056533,544.17844831587,657227
2017-07-13,544.9408569335938,546.084501030115,537.5548972774272,538.5079243298359,628416
2017-07-14,542.7489624023438,546.0845574302774,537.459673348824,544.9409132156394,456553
2017-07-17,545.0362548828125,549.3248770934612,540.3663985417305,544.9409172661234,585191
2017-07-18,544.5596923828125,552.9939587054565,539.9851159012195,545.941535103131,777195
2017-07-19,546.7039794921875,548.9435697473326,539.4132994392193,544.1784345932759,392617
2017-07-20,545.3698120117188,548.8006866443959,543.320780276432,546.1798618597174,303172
2017-07-21,545.3220825195312,548.7529565874482,539.3180238165994,545.1314654783905,412816
2017-07-24,550.1825561523438,553.3752319714506,544.7502898220547,549.8966596440465,487586
2017-07-25,543.511474609375,553.4229821076228,541.9866541488009,551.1356932485896,988773
2017-07-26,543.7972412109375,546.513403352917,541.8435472851925,545.1315024211897,757099
2017-07-27,548.2288818359375,551.135603082965,540.0805111319823,546.0845706944671,3503291
2017-07-28,555.5670776367188,558.473798229368,543.4159839039125,543.4159839039125,991118
2017-07-31,554.7570190429688,558.8550818666764,553.6610728432657,555.6147666498273,354678
2017-08-01,568.3853759765625,571.4827139985364,554.8047400340616,558.1403348269565,1291424
2017-08-02,562.8101196289062,568.0041287485772,558.569137570894,567.0511016869185,520377
2017-08-03,559.1410522460938,568.0041932930405,554.1852993286965,562.85782330802,426796
2017-08-04,571.1490478515625,575.0087954218621,559.6174448552301,560.8563682747134,1478231
2017-08-07,574.580078125,577.5820786740991,569.910221935522,571.816276189487,598149
2017-08-08,567.3370971679688,581.775482938753,566.0981734052604,574.6754184568553,568562
2017-08-09,562.9530639648438,571.7209240519144,560.3798794155297,566.8604514213986,580251
2017-08-10,553.4703979492188,563.5724602923971,544.5596192865165,562.0000007350577,1369241
2017-08-11,511.58502197265625,547.8000578836827,502.8648574370861,543.7496920252127,4190408
2017-08-14,527.8340454101562,533.6951854461589,517.5413641816122,517.5413641816122,1734931
2017-08-16,557.8067626953125,561.7618485176165,531.3126203457824,531.3126203457824,2147466
2017-08-17,552.8034057617188,564.5733263704566,549.8966844877472,558.8551632735303,692157
2017-08-18,557.1397094726562,559.4269981497347,544.0832826261827,548.0859505588189,1496970
2017-08-21,547.3712158203125,561.333089270628,542.9873134328359,560.1418051253169,684100
2017-08-22,555.233642578125,558.4739584370054,545.036297721402,547.5141452594875,1819737
2017-08-23,557.1397094726562,560.0941288612298,547.22826093104,557.0920697435853,905000
2017-08-24,567.1942138671875,568.4331377082741,551.4692636111198,557.1397294416511,613152
2017-08-28,576.2478637695312,578.9639677584184,565.6215882545207,567.1464083591314,1123058
2017-08-29,566.622314453125,573.7223787809743,564.6209805851083,573.7223787809743,600362
2017-08-30,581.8707885742188,585.5876181977396,568.004253417214,568.004253417214,2623217
2017-08-31,575.342529296875,582.6808503325401,573.2458578340901,578.4875074069704,2173093
2017-09-01,579.6787719726562,583.2526238343866,577.0579472740541,577.0579472740541,1585376
2017-09-04,585.5398559570312,595.3560231591823,577.2961485218545,591.8298113612409,2530325
2017-09-05,583.9673461914062,588.7324816152448,580.4887740647413,584.2056029625982,855733
2017-09-06,591.21044921875,593.7359947751897,578.1063241334227,581.3466401490622,1112978
2017-09-07,602.646728515625,610.2709461391929,589.0660908736448,593.7359474353458,1813127
2017-09-08,605.1245727539062,610.8903751131522,601.5983608271098,606.7923701898626,912634
2017-09-11,608.9367065429688,616.7038428816232,605.1722376828058,605.1722376828058,2072229
2017-09-12,611.700439453125,615.6555253055561,609.1273127394717,613.2729574831662,512102
2017-09-13,607.8407592773438,618.2764191415747,606.1729616149195,611.8434853007952,420179
2017-09-14,610.6997680664062,613.463569987119,605.6963756765417,608.8890514357319,397591
2017-09-15,620.7542114257812,624.7092973689897,607.5548086540517,609.8897368072172,1047697
2017-09-18,631.6663818359375,634.2395667682538,623.2797545701548,629.4744310299499,886661
2017-09-19,627.520751953125,635.0019919731378,626.6153645076564,633.7630682853103,609649
2017-09-20,624.1375122070312,631.8570089587192,622.0408408151649,628.0449003073845,454850
2017-09-21,619.9918212890625,628.9979397878391,618.3240237214432,625.9958808988592,677657
2017-09-22,606.31591796875,619.4676817318864,598.1198491249372,615.2743387728972,1081607
2017-09-25,613.2252807617188,616.4178981838324,590.9244240223959,610.8903528030213,907950
2017-09-26,616.3703002929688,621.0877962504511,610.8903942602133,618.5146113492643,864423
2017-09-27,614.2259521484375,631.2851601223829,608.793686166868,620.4206281592441,1938157
2017-09-28,614.4165649414062,619.4675967892877,600.9788483255448,619.4675967892877,941380
2017-09-29,626.1865234375,629.9509925911558,613.749529846754,614.7025570670129,1120919
2017-10-03,622.8032836914062,640.4342871317904,617.7522510961724,632.9053488818739,1186931
2017-10-04,623.2321166992188,627.425401260496,620.6589317592526,626.1388378745934,511430
2017-10-05,624.2327880859375,627.2824866231957,618.5146251416388,623.0415041392087,343756
2017-10-06,628.9027099609375,634.716152959516,621.230794010001,624.8046462226108,1299620
2017-10-09,645.6282348632812,647.9631629437544,629.4744135259922,629.4744135259922,1574492
2017-10-10,654.0625610351562,657.3028768087223,648.0585012600562,648.916249014284,2074706
2017-10-11,652.0612182617188,658.6847688986622,649.1067990571855,653.5383987799034,980420
2017-10-12,659.7807006835938,661.4008585124296,653.7766411232374,654.7296682968863,710236
2017-10-13,666.8806762695312,670.4545276964848,660.5907210253549,662.830311318984,2920539
2017-10-16,666.8806762695312,670.8357617826217,664.0692348466969,669.8827347354342,912654
2017-10-17,656.96923828125,667.0237211824092,655.9685714139379,667.0237211824092,575302
2017-10-18,657.5410766601562,664.4981630404292,656.6356892575916,659.9712841957651,655674
2017-10-19,651.5370483398438,662.3062437322043,646.1047818346926,657.5887476048846,152258
2017-10-23,653.6814575195312,659.1613645715075,649.2974969770477,653.7767369836016,495589
2017-10-24,661.686767578125,663.9264163795671,652.3471127328938,655.6827079039166,431587
2017-10-25,660.4003295898438,665.6896198750442,656.8741166769853,663.3546911781397,434209
2017-10-26,687.990234375,691.8976219202358,659.3994235518497,660.4000902970294,2276124
2017-10-27,682.1768798828125,688.6574534158625,678.1741538815221,684.7500650385111,570527
2017-10-30,688.6574096679688,694.1850137876415,683.8922738187075,685.2265351237655,570610
2017-10-31,689.3245849609375,697.997167669124,686.2748861862804,689.9917156566697,604965
2017-11-01,675.8391723632812,695.662123856206,669.5015190579612,693.8037094294601,3493208
2017-11-02,675.267333984375,685.4170957751462,670.0733247025632,676.6492349005498,2463976
2017-11-03,662.2586059570312,680.4614016987957,656.4451052993234,680.4614016987957,1078546
2017-11-06,673.5518798828125,676.1250645984155,656.1591359028178,661.4007847735011,882302
2017-11-07,674.88623046875,684.1782456070886,667.1190355730272,676.5540280576826,1044290
2017-11-08,662.9873046875,678.7567876554186,660.4546068170681,678.7567876554186,643421
2017-11-09,663.6084594726562,668.5304727049295,650.3716750188771,659.4510738619033,1637061
2017-11-10,677.3233032226562,681.5284643324727,656.3928719805351,662.2228379503557,729337
2017-11-13,667.8616943359375,683.0099949912983,661.93617812268,678.5658432481255,572856
2017-11-14,670.53759765625,677.5144468214688,666.3324366292655,668.8173018573514,337637
2017-11-15,667.0492553710938,671.3022495356844,660.406945196386,669.0084828328078,1217171
2017-11-16,675.2684326171875,678.087836981578,659.4511733858899,659.4511733858899,949726
2017-11-17,676.9411010742188,691.9460195176352,674.4084607262882,678.5658478695042,826909
2017-11-20,677.6577758789062,682.8664962996279,675.6029991683027,677.5144519221155,345594
2017-11-21,676.845458984375,682.3886605265519,668.1483136053683,679.3780989851821,487068
2017-11-22,686.9284057617188,689.5566535750679,676.6543461277174,678.4224167780773,956260
2017-11-23,703.8447265625,706.1862679344185,684.6345907148916,687.8840838432166,1777759
2017-11-24,707.04638671875,711.0126746549139,704.3703644363203,707.1897690134685,1040640
2017-11-27,711.7294921875,713.927651334934,697.871458794787,705.8995258984041,649679
2017-11-28,710.3436279296875,715.265642092098,706.8074286770448,712.971875459868,592592
2017-11-29,703.940185546875,710.3435633411186,701.0252320359375,710.0090824735812,477368
2017-11-30,684.5868530273438,702.9368127633435,681.098486440979,702.3634002193398,3049436
2017-12-01,692.5671997070312,698.636039369759,689.3177064233088,692.0415034898749,1140314
2017-12-04,694.09619140625,697.680164855852,679.5213660445353,684.3955466028335,913020
2017-12-05,704.8482666015625,708.6711724543168,688.2664357984066,697.5847688144951,689508
2017-12-06,702.3633422851562,712.5417932655969,701.0253020156301,706.5685033711214,1632049
2017-12-07,716.2213134765625,720.0919933299721,703.8924208575057,708.1931892130506,886519
2017-12-08,715.5044555664062,724.4404723606505,712.254963096009,723.293589233869,655292
2017-12-11,722.1946411132812,726.16087047374,714.2142910755379,716.794763892131,803294
2017-12-12,726.543212890625,732.0864142825795,720.6176976097454,724.4406031673568,831834
2017-12-13,712.7807006835938,726.3042518791259,711.0604049189197,726.3042518791259,373929
2017-12-14,715.9825439453125,718.0373209582647,709.3880076411467,713.0675314004936,446894
2017-12-15,726.5909423828125,735.8137248004789,718.7062001603091,719.0885140254717,677844
2017-12-18,728.8847045898438,736.8649960649071,712.5417494439138,723.4370528745337,707003
2017-12-19,750.29296875,756.9352786318484,729.3147634395181,731.1306668603081,1714447
2017-12-20,743.8418579101562,757.0308707844439,742.5994252359319,751.2009629799775,1905554
2017-12-21,742.4082641601562,748.094847970365,740.2101050821433,743.8418537761966,379595
2017-12-22,740.7357177734375,750.6275207877679,736.9128122605543,742.4082389353239,711022
2017-12-26,735.7180786132812,742.2170056501341,732.8508997735312,738.3463258830521,911181
2017-12-27,732.75537109375,743.1727528381786,729.2191720919916,735.7180993116827,755153
2017-12-28,728.7891235351562,736.482709060069,726.3520329857986,735.909296577717,1182558
2017-12-29,736.578125,743.6026885787421,728.788933866574,728.788933866574,539203
2018-01-01,732.5165405273438,741.787098648293,728.9325663826144,739.5888811731957,240613
2018-01-02,740.5445556640625,759.2768275462307,732.0864006089888,749.2894752969286,2759168
2018-01-03,735.7659912109375,749.241769284105,732.8988118336142,749.241769284105,663896
2018-01-04,732.6119384765625,738.6808351075192,726.2563939727454,738.394070568858,692455
2018-01-05,732.9944458007812,740.6880324062893,731.274149779195,732.612131870244,472957
2018-01-08,733.0897827148438,736.8171382924301,729.5535840471412,735.9091867201566,506381
2018-01-09,736.38720703125,748.333787288084,733.0899392137815,736.6261386363866,1195107
2018-01-10,733.47216796875,741.5002339696434,730.7005383377494,736.3871215464477,652353
2018-01-11,721.9077758789062,735.9091883144115,719.8529995086769,733.4720981235864,698032
2018-01-12,717.1771240234375,720.6177157788725,707.2375459898749,720.6177157788725,1787748
2018-01-15,707.6675415039062,723.4847999012161,704.3702741442487,719.7096693976343,661617
2018-01-16,690.56005859375,707.6198088438531,684.5389942896164,706.4729255638023,835847
2018-01-17,697.68017578125,703.414533390411,677.6099241491867,690.5600034166281,578686
2018-01-18,688.0751953125,707.2374969067015,672.7835737577605,707.2374969067015,1016503
2018-01-19,683.5355224609375,689.6521363273606,676.7020554726009,687.1672710586433,465416
2018-01-22,683.3442993164062,690.9423350103513,678.7090501297291,683.3442993164062,434972
2018-01-23,674.8861083984375,688.8874628289972,673.4046860586042,686.1158917299068,799914
2018-01-24,675.4118041992188,684.8734597981356,672.4490175978748,674.6472348073223,493029
2018-01-25,673.40478515625,686.2115420031208,671.7322639884151,678.3267993547563,1653212
2018-01-29,687.64501953125,689.3175404265658,674.7427154816713,674.7427154816713,788187
2018-01-30,682.3408813476562,697.202415340491,663.3219024760741,692.32823398793,3974959
2018-01-31,665.9501953125,680.4772493816117,653.2390448768703,678.8525027094828,2395174
2018-02-01,641.4834594726562,665.9500277125528,638.8074376859332,665.1854583924749,1412636
2018-02-02,616.6824340820312,641.9614079825836,611.8082529768861,641.0056816221311,1585891
2018-02-05,629.2023315429688,631.7350293508329,592.5502544591776,607.8418739290919,1045696
2018-02-06,621.6043701171875,635.3190183343822,573.2445873510393,595.035133966556,1433863
2018-02-07,619.7884521484375,638.902976501512,617.6858428030195,629.202332059167,532708
2018-02-08,636.704833984375,640.3365820368097,616.1089451391741,617.9247899989412,792373
2018-02-09,635.3668823242188,642.2481238896178,622.0344877286784,627.6732966733728,914427
2018-02-12,631.9740600585938,643.9206396438224,630.7794021000709,636.3226033610354,345065
2018-02-14,625.0451049804688,639.3810018836905,621.2221991396096,633.3599368509201,272224
2018-02-15,627.0520629882812,632.2130088426093,619.3107025396989,628.7724171616637,641082
2018-02-16,625.7139892578125,631.7350529827471,618.4026600920982,627.1953532827954,606815
2018-02-19,623.7548828125,629.5370160932093,608.3198775125975,629.5370160932093,631963
2018-02-20,621.986572265625,625.7139276168158,615.4876460546088,623.7547006585315,664601
2018-02-21,609.0367431640625,626.0008894036264,600.2440472493666,626.0008894036264,1024992
2018-02-22,603.4456787109375,614.0542185305975,597.4723886474103,608.8932725825457,1832814
2018-02-23,638.28173828125,640.3365730053973,606.6949981003248,606.7906057229013,1229159
2018-02-26,650.7062377929688,655.6282516450403,637.4694516723642,638.9030411438913,898086
2018-02-27,647.0267333984375,656.5839968164352,643.4905342671971,654.6725441328356,690656
2018-02-28,650.8018188476562,652.7132713983019,638.4251519156452,639.8587413286294,742459
2018-03-01,647.4090576171875,656.44062502524,645.4019972675811,647.9824700982707,790120
2018-03-05,636.2748413085938,655.7716829109205,631.8306902817237,651.8053950769222,1246641
2018-03-06,617.0750122070312,644.6537709680476,612.8615655649587,637.6633304252291,1045478
2018-03-07,606.876708984375,616.8357347670391,603.3335906705207,612.8138182606923,596530
2018-03-08,619.0859985351562,621.4321211238852,594.6194251316433,610.9464301089399,911104
2018-03-09,618.7508544921875,625.3103655761543,608.4566945688434,621.7672476805725,731117
2018-03-12,622.5332641601562,628.9013022476823,614.7767583448984,626.2679127064854,438550
2018-03-13,614.393798828125,630.5293325001336,608.552484433466,622.1503643824423,588964
2018-03-14,615.207763671875,618.8944861022774,604.2432741862193,608.360926647367,975347
2018-03-15,616.3568725585938,624.1612472174196,612.8616227376028,612.8616227376028,665551
2018-03-16,605.0093383789062,617.6017532635761,601.9929450635991,617.6017532635761,737419
2018-03-19,588.2513427734375,607.8341970458905,579.8245077767415,604.2432112421534,1083263
2018-03-20,596.343017578125,600.9873356449226,581.7396759192468,587.0064548781864,700933
2018-03-21,589.49609375,601.6575750422894,586.6233056548303,598.6890507227569,550930
2018-03-22,580.3034057617188,598.1626016115862,576.5208883746881,589.8793695531663,696831
2018-03-23,580.638427734375,587.5331320072977,522.2729865801539,569.769734332229,1189441
2018-03-26,592.943603515625,595.3375941156985,576.8559983725379,582.2185139378882,696742
2018-03-27,590.8848266601562,601.3226504409027,589.0175020548061,598.4977294684031,409706
2018-03-28,593.039306640625,595.6248280337148,582.2184814220235,584.6603400083179,739538
2018-04-02,632.4443969726562,636.8014478209724,593.7096205248164,594.6672166869532,1719311
2018-04-03,620.7139282226562,630.1940964461314,614.6331566996562,630.0983601957381,736777
2018-04-04,618.6550903320312,627.1298528252071,615.7344332478687,626.2679927591075,811872
2018-04-05,621.5756225585938,628.6618572760848,616.4525066587655,621.3841500908474,737235
2018-04-06,618.0805053710938,628.9491993263673,610.9464016870648,628.9491993263673,532375
2018-04-09,620.139404296875,622.8207209703423,614.776887844032,617.8412080086762,721067
2018-04-10,613.3403930664062,624.4484860959762,610.9464024611509,622.4375573663764,374068
2018-04-11,603.2377319335938,618.3198719349366,601.4661439128353,618.3198719349366,1042835
2018-04-12,614.1543579101562,618.6072040425289,598.976480075235,601.3704708029537,912161
2018-04-13,633.7371826171875,642.8343469355807,610.9942718212044,618.46351083532,2919234
2018-04-16,646.951904296875,648.771360272761,625.310255731532,626.2678518352557,2118216
2018-04-17,644.7974243164062,660.6935574491433,642.690759282354,648.8672084594295,2193470
2018-04-18,644.9889526367188,649.6333295904461,636.8015162599272,643.7919573054031,1117965
2018-04-19,645.8029174804688,653.0327572893824,642.6907297494035,643.8877250305825,419597
2018-04-20,639.2433471679688,648.1011122334031,634.4553660515177,645.7071216751776,560711
2018-04-23,635.3171997070312,652.1230010400218,632.9710773677745,639.674250653061,834179
2018-04-24,634.74267578125,642.6428451530091,632.5402160094401,636.0354658375794,726574
2018-04-25,628.8056640625,639.8180220429498,626.4116731971848,633.9287811354574,540235
2018-04-26,621.4321899414062,634.5991403242786,617.075138049574,630.0984255949058,1509499
2018-04-27,638.5253295898438,642.0684483019494,621.4322555753911,622.3419839327906,745160
2018-04-30,639.0997924804688,644.4144402434345,635.8918098148663,644.4144402434345,404364
2018-05-02,611.52099609375,645.9944641504559,605.823344658678,645.9944641504559,992251
2018-05-03,611.5687255859375,616.5003100532545,598.6411792306627,616.5003100532545,899907
2018-05-04,589.9271850585938,616.6441450322789,582.2185465835322,612.8616279826655,1794176
2018-05-07,601.083251953125,603.1420490763388,585.3786481372755,597.2528664806782,755242
2018-05-08,599.2637939453125,611.5689423123662,595.4334084826424,602.3281140048573,983685
2018-05-09,595.0982055664062,602.8547118688267,593.4224121167566,599.5509930929672,393257
2018-05-10,592.4647827148438,600.5564823227327,587.9640688695948,596.5824346999309,610367
2018-05-11,599.455322265625,603.237839582748,592.8000158641618,595.4334058581402,609262
2018-05-14,593.039306640625,605.0092589724923,590.3580490076932,603.2855975261099,402871
2018-05-15,593.9012451171875,602.5196119357138,586.958671846708,598.0188975744086,434876
2018-05-16,585.3786010742188,605.2008559898774,555.5015851017663,596.5824893697684,8271451
2018-05-17,565.2212524414062,581.6919215505392,559.0926123482728,564.9818533510033,5218310
2018-05-18,550.6178588867188,564.9818030315896,533.6683931063634,564.9818030315896,3687168
2018-05-21,540.1321411132812,551.5275596137194,530.1252488338766,549.8517662134806,1353643
2018-05-22,541.8558349609375,551.1445306229451,539.1267089251232,542.9570940684633,605520
2018-05-23,541.9037475585938,552.4373064311465,538.4084978266136,542.957080067034,1161912
2018-05-24,519.5438842773438,546.2608456295685,515.1868326054976,543.9147228994844,1459929
2018-05-25,539.940673828125,545.2553802815974,514.0377044774558,518.107488929224,1655069
2018-05-28,560.7206420898438,565.9395549202279,539.5577819428837,546.3088258578512,1322798
2018-05-29,570.3442993164062,575.7068733488544,555.1664222339729,560.0980662673885,1618721
2018-05-30,580.3990478515625,583.8942974471574,555.5973407239962,565.9393682513654,1886295
2018-05-31,562.4441528320312,584.0858638726136,559.7150268072528,584.0858638726136,1046499
2018-06-01,571.5892333984375,573.9832240585968,559.2362182132008,565.8436558140553,1562971
2018-06-04,542.4302978515625,578.3880180809306,539.1265797674899,575.0364318834418,1204756
2018-06-05,541.5685424804688,551.4796986443641,535.3441669131375,543.9146649606394,736851
2018-06-06,541.9037475585938,553.299107997951,534.5302446583994,546.3086669810281,864218
2018-06-07,550.37841796875,554.0172718526903,543.9146435950413,543.9146435950413,970963
2018-06-08,558.0869750976562,560.959763293197,544.1539640386884,550.3783384623601,751995
2018-06-11,558.9967651367188,567.8545297234676,552.6766537833647,560.8640893606289,759852
2018-06-12,557.368896484375,563.7369350497818,553.5863795337589,560.1938171663307,482285
2018-06-13,553.5863647460938,561.1513984452451,550.952975077622,559.1404697135904,399291
2018-06-14,559.427734375,562.9708521478319,545.3031898532395,551.5754335277327,765201
2018-06-15,558.182861328125,566.4181654606579,552.2936211824757,559.2361937937856,618934
2018-06-18,571.5892333984375,576.4729509663473,560.4810816670761,562.1090070053918,1786122
2018-06-19,559.8587036132812,572.498928093304,556.9859146956325,572.3074555897596,629311
2018-06-20,560.2417602539062,565.9394705042293,553.969515544326,558.3265674603217,574776
2018-06-21,558.4701538085938,565.556331106081,551.0966508737854,558.3264909899332,446125
2018-06-22,557.9434814453125,561.5344674021466,552.9639692290951,555.1185608031956,265494
2018-06-25,572.211669921875,579.2979060760633,554.8313317640185,554.9270680173016,1368272
2018-06-26,560.624755859375,571.2061831025458,555.4537125497066,569.769788677309,1315036
2018-06-27,546.0692138671875,559.9543582794176,535.0089898351277,556.6027716971552,951698
2018-06-28,534.0514526367188,549.1814620464102,529.1676765808121,538.3127677369486,1531928
2018-06-29,529.4071655273438,538.3607272597177,524.6191833540041,535.2964069793707,1242629
2018-07-02,532.5671997070312,546.7874812252289,526.1991610039638,539.74917187724,1510101
2018-07-03,537.3551635742188,541.0418857888321,528.5931344343988,528.7846653754129,567046
2018-07-04,556.7465209960938,560.1938443517497,536.4454674259042,539.1267254188634,816786
2018-07-05,546.3087768554688,559.0447980007264,543.8669175878559,558.2308643938718,788747
2018-07-06,552.3413696289062,563.832521806125,544.3933343957345,545.3030622991688,988596
2018-07-09,563.59326171875,568.8121729750156,554.4482292130203,555.8846235892198,1164347
2018-07-10,560.09814453125,569.9613755292578,557.4168279168408,563.593336240603,968599
2018-07-11,556.076171875,563.3060121046576,552.5330539471099,560.2895604417288,614873
2018-07-12,553.9695434570312,567.5195565332008,550.6179558993829,557.3211310146796,1000782
2018-07-13,559.6192626953125,561.6301914084979,544.5371220053145,556.3634121199271,715831
2018-07-16,546.0213623046875,564.0720272091046,539.1266580084235,557.5603847698128,2288068
2018-07-17,548.9899291992188,555.2143049462553,541.2334228009576,543.9146806641196,931648
2018-07-18,545.0160522460938,554.113218677156,537.2116176658888,551.0967664290891,681368
2018-07-19,539.1744384765625,550.7134590658184,537.2592463971167,545.8297426420413,358637
2018-07-20,540.9461669921875,545.3510865424239,536.8284561921814,539.1745787894539,1541208
2018-07-23,519.0650024414062,540.706711376163,500.9664695415929,538.6478561914624,2653013
2018-07-24,529.311279296875,531.8968006273515,507.52596658045,516.144332050684,1488081
2018-07-25,517.4371337890625,528.5931539866176,512.7928151446263,526.6779613997095,1602857
2018-07-26,500.2004089355469,517.6765415855654,493.49723476841655,516.1922789951088,2100956
2018-07-27,503.02532958984375,508.7230393196317,500.82286976784445,501.30166792249827,898526
2018-07-30,491.7257080078125,506.85571810326013,489.47535082169003,506.85571810326013,2219226
2018-07-31,494.6942138671875,496.9446001888525,485.50131297662307,492.20448692304586,1458118
2018-08-01,490.72021484375,500.82284369152336,487.03346340016986,496.0348623942813,3754297
2018-08-02,490.62445068359375,496.41795517144527,486.45893007456687,494.1197006269223,874705
2018-08-03,498.28521728515625,498.90767826641616,493.018437572171,494.98155676827975,1108636
2018-08-06,505.41925048828125,510.1114951339958,492.49170209987886,501.78039670539664,5350621
2018-08-07,525.7203369140625,537.4508908798134,496.0348534088968,512.2182532792372,11652903
2018-08-08,510.207275390625,519.9747689272854,506.137491287603,519.9747689272854,2573080
2018-08-09,515.6177978515625,519.0172534123633,506.3769691306234,511.3564821442842,1089845
2018-08-10,511.4521789550781,515.1868280390104,507.57392548917426,513.2716353697203,717256
2018-08-13,497.5669860839844,506.616282298841,496.0348554690721,506.5684141759443,848721
2018-08-14,497.37554931640625,501.9241318119849,492.3002420900228,495.17303103459875,1083003
2018-08-16,497.2797546386719,500.7750045668767,492.68330401655527,496.22642207109703,990486
2018-08-17,494.02392578125,499.86523949228786,492.58753141489285,497.9500470038116,654154
2018-08-20,514.1813354492188,518.2511196488261,494.31121259231196,496.03487421097327,9542807
2018-08-21,518.1552734375,526.6779028811167,512.74489004885,518.8256024578462,2441763
2018-08-23,522.3688354492188,525.7204228444016,506.95155681019577,518.1553879164562,1644473
2018-08-24,526.2470092773438,529.5507280404211,517.1977129948406,524.6670105277238,1674082
2018-08-27,539.3660888671875,543.9146710635819,527.5397985353768,529.0240610363718,2176554
2018-08-28,545.35107421875,548.4153939634692,539.3660975482194,539.3660975482194,1652597
2018-08-29,533.9556274414062,550.6178250029171,529.6943710316201,545.351045807237,1069352
2018-08-30,541.8558349609375,548.3675364622469,534.1950646742573,534.8653937637496,4510797
2018-08-31,545.2074584960938,547.6014493711043,534.9132977335482,538.2170168304714,1045290
2018-09-03,541.5206909179688,556.3634331093542,539.6054983771448,550.6178554868825,1183487
2018-09-04,534.7216796875,546.7873670348523,530.3645707232084,539.7011325946442,2215676
2018-09-05,538.8872680664062,541.0418595424603,525.0978592408466,529.6464412458496,1294221
2018-09-06,545.5425415039062,549.6123251649764,535.4399137523033,538.6478374945696,1051260
2018-09-07,564.838134765625,568.3333845193273,549.5645210631318,549.6602573110259,2700483
2018-09-10,564.2157592773438,569.7698062030239,557.4647169604807,569.33887617279,1200299
2018-09-11,549.7081298828125,567.8545909804486,545.7820085347815,564.0242058810865,855074
2018-09-12,554.0173950195312,556.2677816663023,544.6808299596191,550.1391412225156,828613
2018-09-14,561.77392578125,563.6411919183307,554.5919531092679,556.7465449108626,652246
2018-09-17,563.49755859375,568.6685435837865,556.5549853673816,562.1090322590683,819932
2018-09-18,567.5671997070312,576.2334324103367,563.3537536400524,564.9816786407954,1515167
2018-09-19,573.7437744140625,575.1801686835323,564.5508160212358,574.2704406234616,1300582
2018-09-21,568.2376098632812,579.0584352606195,550.6178163609184,579.0584352606195,1917666
2018-09-24,549.9953002929688,567.8544910548716,539.3660068914947,564.9817027358756,2014143
2018-09-25,567.5194702148438,572.0680526369666,544.9680306064763,553.873722948475,1475209
2018-09-26,559.5714111328125,568.8122394111546,553.586433866281,566.8970466858646,1276937
2018-09-27,562.01318359375,566.418102346458,554.0172209607097,559.2361314798503,2358039
2018-09-28,536.3018188476562,562.1090519154665,511.2127830352747,562.1090519154665,2287435
2018-10-01,537.546630859375,542.2867439801158,503.6956268447275,535.9666321171526,1501195
2018-10-03,515.6177978515625,545.111755544258,511.1170830421567,540.9941026770747,2737454
2018-10-04,505.0362548828125,512.3139625609397,492.4917097032873,512.2660944407612,1417053
2018-10-05,482.58062744140625,502.4986171561893,476.49988559109664,502.2592181008505,1830748
2018-10-08,483.4424743652344,491.24687798560416,458.4013381839663,474.01014542470574,3016546
2018-10-09,473.722900390625,486.3631539922642,468.36035527620845,483.5861305722956,1213662
2018-10-10,510.4946594238281,518.9215551941554,484.208653617233,488.3742041443457,2326545
2018-10-11,490.0977783203125,499.8652723428568,478.7981535851119,478.7981535851119,1274000
2018-10-12,511.4521789550781,514.2770998316893,493.40151142583665,496.03490134611036,1034777
2018-10-15,506.3769226074219,518.0596094073092,498.52462108965887,518.0596094073092,687024
2018-10-16,528.2579956054688,534.8175065505053,506.3768861868813,506.3768861868813,1064026
2018-10-17,510.3029479980469,535.2961810136119,505.6107040701021,535.2961810136119,1308785
2018-10-19,494.21539306640625,509.91999468529343,482.38910295345835,504.365948216626,1054028
2018-10-22,494.4068908691406,507.334439163815,492.20443136760247,502.73798923733716,612295
2018-10-23,512.5054321289062,517.1018816093621,475.92525029602393,490.28919145183954,6497120
2018-10-24,505.65869140625,518.0595746136743,491.4384103802348,517.0062421106499,3620494
2018-10-25,497.13616943359375,512.8407145354505,494.1197175464985,502.7380847130072,2025850
2018-10-26,503.1689453125,506.7599311362446,492.49172408441876,499.865226665248,876937
2018-10-29,530.5562744140625,534.7218538276562,501.87625050770725,502.7381106476359,1275868
2018-10-30,518.7330322265625,528.6818397430518,515.0322241467117,526.8074105773524,1262296
2018-10-31,523.539306640625,527.5764670663744,514.3113688988815,519.0695178799997,1354172
2018-11-01,524.5484619140625,528.6337302176465,514.2631864511575,519.453903763475,1401683
2018-11-02,531.9979858398438,542.9080301399086,523.8755007457769,530.6041769021447,5205371
2018-11-05,537.9097290039062,539.8803173843415,530.7965902093264,538.0058881784786,559934
2018-11-06,529.1624755859375,542.3795219788651,526.711325988769,539.7361127002796,640629
2018-11-07,530.9888305664062,533.4880303036664,529.6430715267031,533.4880303036664,65678
2018-11-09,534.6895141601562,537.3329229942065,526.4228772741623,530.6042459620786,694470
2018-11-12,519.550048828125,537.8136028109823,518.1081893031626,534.8818335107749,536419
2018-11-13,524.3561401367188,528.5375084372341,514.263125523638,515.3204654915331,653028
2018-11-14,532.6709594726562,535.794988241069,524.356213282809,526.7593123354342,628898
2018-11-15,528.489501953125,538.726726804603,522.2894950150217,527.9608319254061,1109188
2018-11-16,530.2196655273438,533.968522909319,524.404178496865,527.7204663856276,497783
2018-11-19,533.4400634765625,534.3532530627864,525.1253153532849,529.2586349510399,469539
2018-11-20,517.2911376953125,532.5267625793207,511.47559091573083,531.5655229356757,698154
2018-11-21,521.4724731445312,524.3561918900309,509.601187776654,515.2244158626152,427138
2018-11-22,506.76556396484375,520.5593297127732,505.32370446494537,519.0694199634275,795625
2018-11-26,515.5127563476562,516.6662555357568,502.007352471719,505.13138099356314,721923
2018-11-27,521.5685424804688,524.2600600843577,510.5623968614269,514.4554052014316,695845
2018-11-28,514.1670532226562,524.8367886449283,510.46624579338845,521.136039885066,455977
2018-11-29,530.6043090820312,532.622888964034,508.3515867822925,514.7438541909922,1961841
2018-11-30,535.7950439453125,538.2942437521092,523.9236981894866,530.50822547989,1270341
2018-12-03,529.258544921875,535.8911221889297,525.7981055378377,534.8337820075333,2129752
2018-12-04,533.5360107421875,535.8430091742646,523.8755648130035,528.6817626553246,826232
2018-12-05,532.2384033203125,534.9298625931883,527.2879956794033,531.5655238347406,1001174
2018-12-06,511.6678161621094,530.6522978471476,508.25542739057903,528.6817684441012,719297
2018-12-07,520.5111694335938,523.6351976896588,513.1096138314981,513.1096138314981,655734
2018-12-10,526.6150512695312,533.3437279568747,512.484877161634,516.1856258719109,955001
2018-12-11,530.892578125,533.4879365773654,515.1763353530503,518.9251343003295,553327
2018-12-12,548.4833984375,552.7609272191906,526.9036121767987,527.816743037985,9249233
2018-12-13,543.436767578125,557.4709005055498,541.5142884376072,556.6057614245539,3391984
2018-12-14,547.9065551757812,553.0972723241568,539.8321193159542,547.9065551757812,944532
2018-12-17,552.8088989257812,556.3654973625955,547.8585499328071,548.9158900794274,1057663
2018-12-18,552.232177734375,553.6740372062663,543.1965015760912,549.4445592876202,1064867
2018-12-19,554.4429321289062,560.9793489981237,550.069304135714,555.5964312633336,3036073
2018-12-20,557.3267822265625,562.2291400380751,546.9454049042665,552.7128432688106,1256741
2018-12-21,550.694091796875,563.6708240755329,547.9064739877742,557.711127887751,1985113
2018-12-24,536.852294921875,553.0011078159032,534.0646767266755,550.8383188032368,1063558
2018-12-26,537.1407470703125,544.9748743037453,531.2772082104028,531.2772082104028,1057134
2018-12-27,528.6337280273438,545.4073707264422,525.509699337547,539.1593133468486,2597760
2018-12-28,542.3313598632812,547.3778674451305,527.7205071305224,532.1421855439995,1235690
2018-12-31,549.108154296875,552.1841329344775,542.1391667806346,545.6957652469432,1059089
2019-01-01,542.6677856445312,551.511201392019,539.4476565638614,547.9065530169077,525625
2019-01-02,514.5034790039062,553.3375810363732,510.41821083806485,542.5236358914989,3650090
2019-01-03,517.0027465820312,523.4911145244615,512.1004476044054,514.2632369185488,1447966
2019-01-04,519.9825439453125,524.7406914300885,514.8879860873265,516.1856360061718,857655
2019-01-07,514.02294921875,524.5485360698758,512.6771901195548,522.6260565964069,629458
2019-01-08,514.4074096679688,519.4058087910051,503.7376146105393,514.0228903495456,1321223
2019-01-09,518.7330322265625,523.3469710940733,511.8601448421365,515.1283833192235,1068861
2019-01-10,519.2135620117188,524.644530221671,516.9065636434557,519.0693526126752,653168
2019-01-11,519.6942138671875,523.2988623717613,514.5995970451958,519.2135940665777,599137
2019-01-14,514.2152709960938,519.5501404453199,510.8989817700047,518.6850011100186,587034
2019-01-15,522.914306640625,528.489484205486,514.5034607157987,515.9933702600298,963793
2019-01-16,527.62451171875,528.6818519548929,522.9144135699305,523.8756533007576,535038
2019-01-17,525.9421997070312,531.4693266619354,521.1360023549407,530.8444975384032,726877
2019-01-18,514.8880004882812,528.5856643966961,511.28335209133,528.5856643966961,479977
2019-01-21,517.3872680664062,519.5981076405635,511.95624029845396,514.2632390441753,320401
2019-01-22,532.7190551757812,539.2074231715098,500.90198580248483,515.6090001950022,10304861
2019-01-23,510.9469299316406,532.478721799947,502.92060223223973,532.478721799947,4608503
2019-01-24,501.5267639160156,511.86008966991534,495.99963618718556,507.34225179246795,1479385
2019-01-25,476.8709411621094,499.79651003406866,473.5546530186973,499.79651003406866,2404333
2019-01-28,459.23223876953125,476.5345523181478,450.96557198491774,474.9485127764658,2314265
2019-01-29,476.2461853027344,478.6973346196153,460.96245175374133,461.39502132011114,1291358
2019-01-30,472.929931640625,480.13922937904914,468.12373314834224,479.1779896805926,878292
2019-01-31,480.61981201171875,487.3004391325638,468.46013663476333,472.4492752075196,1301064
2019-02-01,496.6244812011719,511.427536387785,481.6291076841449,488.98261436425935,2508725
2019-02-04,480.2833557128906,495.03838929973625,469.6616699676227,495.03838929973625,2229833
2019-02-05,478.0725402832031,487.588806841558,473.8911419869652,478.6973401815592,885677
2019-02-06,469.5655212402344,482.9748247270353,467.3546820041002,482.9748247270353,1498346
2019-02-07,485.1856994628906,496.86478434417467,470.04617540832794,470.04617540832794,2117165
2019-02-08,473.7950134277344,483.070970101255,472.4012335483848,480.6198207493158,868085
2019-02-11,469.0368347167969,472.88179279022995,461.01047887156494,472.44922327308785,700436
2019-02-12,471.3438415527344,479.418248288548,467.16244344508135,467.35470309807636,538196
2019-02-14,475.1888122558594,477.9283510411951,463.22136724688465,465.09579624072103,978670
2019-02-15,460.5298767089844,475.8135797679224,457.40584815495254,475.8135797679224,940652
2019-02-18,451.1097412109375,464.1826058889792,449.0911614799287,461.87563667160833,938425
2019-02-19,454.7143859863281,461.39501301279114,452.0229268109688,453.7050961292446,879465
2019-02-20,448.22601318359375,461.05856769442977,446.2554837399486,456.97329939955677,1029510
2019-02-21,444.5252380371094,450.82134530482006,437.65235184241857,450.62908566249337,1885032
2019-02-22,453.2245178222656,457.2617362896662,445.05398038538493,447.60125971935327,1215856
2019-02-25,444.90972900390625,459.856992185829,443.27561004450314,454.18568474066393,1533842
2019-02-26,438.4214172363281,443.6121055623153,430.92373024571856,442.6508658969582,1555842
2019-02-27,438.4214172363281,451.1578428023101,435.9702384888435,443.179535979022,1715937
2019-02-28,435.39349365234375,445.77486972002794,433.1826249456317,440.2477419553052,2106648
2019-03-01,449.523681640625,450.6291012855707,438.03688631358375,438.3252464523682,1416873
2019-03-05,470.8151550292969,474.85237317478646,451.2539521932009,453.6089716658155,2166690
2019-03-06,471.6802978515625,480.13919485588207,469.18106894833454,476.7748561531882,1010273
2019-03-07,467.3547058105469,475.8136025667404,461.39500854956646,475.8136025667404,865720
2019-03-08,468.1236877441406,472.92988577026114,464.03841942193816,466.3934681886191,825189
2019-03-11,486.2430725097656,490.2322111057438,468.12369962450435,470.9112886834587,1683814
2019-03-12,477.7361145019531,491.57795983989735,475.0927054176868,490.23223017303036,1423160
2019-03-13,478.6011962890625,484.08027380380247,473.55468833300904,477.7360865063943,1078365
2019-03-14,472.4973449707031,482.54231119052395,469.56557573022104,479.1779723674824,874219
2019-03-15,474.1314392089844,489.27096311682317,467.40276191661155,471.39190044443444,2780053
2019-03-18,472.7336730957031,478.42112379032125,469.9381494747759,477.6499550046184,1023245
2019-03-19,461.3587646484375,470.0345457367851,455.0447063165516,470.0345457367851,1950904
2019-03-20,457.2136535644531,462.5155198080216,455.382105654861,462.5155198080216,1017006
2019-03-22,448.296875,462.2745222597045,444.103604356651,457.7920412635088,1200614
2019-03-25,446.3207702636719,451.14064899222126,442.4648672808324,445.8387823908169,1050718
2019-03-26,443.86260986328125,449.9356448285548,441.5972611508306,448.7306752387622,961569
2019-03-27,442.3202209472656,448.24866515110773,440.82604107917444,447.2846895271269,685928
2019-03-28,454.5145568847656,459.23803208009684,442.94684811993596,442.94684811993596,1307109
2019-04-01,462.56378173828125,466.5642753228004,454.0325902418161,457.84030632216684,1367833
2019-04-02,469.31158447265625,472.1552951915346,457.1654845349503,464.5398928984204,1861714
2019-04-03,467.6246643066406,476.58962743800544,466.66068851108713,469.3116219488592,1381451
2019-04-04,470.4682922363281,476.8787536801691,465.98581146159984,475.14357990342813,1113778
2019-04-05,467.76922607421875,474.806237182448,466.7088468805693,470.9503342369624,934753
2019-04-08,463.3349304199219,471.2877302212417,460.39481620004915,471.2877302212417,685901
2019-04-09,465.0700988769531,466.56424947887024,458.0812748919907,463.6723223126789,862802
2019-04-10,464.8290710449219,470.8057024348993,463.7204755108385,463.7204755108385,766345
2019-04-11,466.80523681640625,470.42014572308983,464.9254724176492,464.9254724176492,671127
2019-04-12,481.9878234863281,483.91577478027347,467.9619895901568,468.2993575320356,1500868
2019-04-15,486.90411376953125,492.3023833715661,482.46981983149533,485.7473312054514,1993384
2019-04-16,498.2790222167969,501.17094908088416,486.03652005821357,487.2896765987042,2755860
2019-04-18,499.6767578125,504.9786239211309,495.8691010399707,501.3637152107007,1600018
2019-04-22,494.8087158203125,503.0506963009833,487.04872319039913,498.80923851616234,1104711
2019-04-23,495.097900390625,504.88227736724554,492.68799053738627,496.4474899171961,1310774
2019-04-24,498.61639404296875,501.74931483685884,490.9045890118547,496.49563589213176,994767
2019-04-25,500.4962463378906,503.33998671068815,495.5799344637966,499.3394636124324,926815
2019-04-26,487.0487060546875,501.2673471517813,483.72297823418785,501.2673471517813,1160732
2019-04-30,474.51702880859375,487.53070049760544,466.56422944308656,484.397779535436,1544751
2019-05-02,461.6961364746094,466.5642016042325,435.7169816634568,447.28468914124767,6592885
2019-05-03,467.9137878417969,469.3597513576357,452.1045926189332,461.7443493911919,1646387
2019-05-06,460.00921630859375,466.13043847570157,456.7798918264337,461.74436080320316,580661
2019-05-07,471.5769348144531,474.2760550678829,461.02138889474594,463.7687255851825,1441619
2019-05-08,475.4809875488281,481.3130284418016,457.4546311953069,466.8533937469563,1866654
2019-05-09,468.5885925292969,473.3120675643225,461.8407626454878,473.3120675643225,1687859
2019-05-10,458.0330505371094,472.2999086279499,456.5388999610212,468.58859627851956,600347
2019-05-13,448.4897155761719,460.78040633081173,446.80275802161344,457.88847909442586,663701
2019-05-14,446.1761474609375,450.22482764867755,439.09092035963863,445.3567622528058,1134671
2019-05-15,447.09185791015625,451.76714531155295,445.3567136502275,447.2846647915705,782812
2019-05-16,447.9112243652344,453.0203123278269,442.4647685015242,446.32067062354184,439403
2019-05-17,453.5987854003906,455.96053779685326,443.5252562860348,447.14016541233116,939162
2019-05-20,475.6255798339844,481.02384935771136,458.85240940735594,460.7803607073868,1035060
2019-05-21,471.2877197265625,489.21767385391325,469.3597683025077,477.1679774535706,1648690
2019-05-22,463.2867126464844,474.22784237897696,458.0330334804153,474.22784237897696,1609609
2019-05-23,461.744384765625,477.5053941793662,459.18985490891345,474.276069529619,1273300
2019-05-24,473.3601989746094,475.1917761196157,462.4190996257148,464.636231702659,2026997
2019-05-27,477.746337890625,484.3977639901326,470.8539178786844,473.36023103342484,2269177
2019-05-28,480.9757080078125,488.1091226115549,476.2522033397109,478.13196780299256,1618100
2019-05-29,469.55255126953125,477.7463444039596,468.0101843252924,476.6859652911578,1023711
2019-05-30,463.3830871582031,471.2876695035496,461.59972639735633,467.57635752410107,1094420
2019-05-31,462.0335388183594,466.46783289873275,456.0569071606419,465.60026065692574,810249
2019-06-03,481.8914489746094,483.9158038384508,457.4546589728317,461.69617560876765,3095584
2019-06-04,476.927001953125,493.3145896907766,473.3602799135305,481.9878746368115,2088842
2019-06-06,471.0949401855469,480.6864808275685,466.94982699094015,477.64996323153355,934200
2019-06-07,462.9975280761719,474.372459260621,460.973202592057,472.5409112702195,1245883
2019-06-10,458.5150146484375,469.0705598432939,456.9244607005255,465.31106067053764,745126
2019-06-11,458.8042297363281,464.1060958962814,456.1532966563515,462.3709220475569,760657
2019-06-12,456.87628173828125,458.85242009958023,450.2730424981656,458.85242009958023,969860
2019-06-13,455.2857360839844,456.6835126922242,448.73071273505093,452.49021228570996,884137
2019-06-14,446.8991394042969,454.996529382549,443.66981493287744,454.03255368470457,518756
2019-06-17,441.211669921875,450.1284447480275,438.6089238810144,447.28470479294657,738945
2019-06-18,437.548583984375,444.77840205886304,435.0904576063311,443.71802285763044,590233
2019-06-19,425.1614685058594,441.25987437939057,420.67898740781976,437.741368976336,1144457
2019-06-20,442.3684387207031,444.39279355546415,424.7276953425073,427.04123111728984,1120925
2019-06-21,435.9579772949219,439.8620668168495,429.2583349202345,436.72914602921327,1121397
2019-06-24,433.2588806152344,435.62060337743407,413.01539135990674,427.0412257195311,4014282
2019-06-25,421.88397216796875,430.89715112320243,416.9676900634591,430.89715112320243,2127986
2019-06-26,415.2325744628906,425.1133263798834,413.2082194060118,417.4015200056452,1962828
2019-06-27,413.8347473144531,423.1853231700009,411.2320306315276,419.3294204531899,2666027
2019-06-28,412.7744140625,419.2330337197931,410.70184273500166,414.50955858697773,903773
2019-07-01,419.8595886230469,423.9082981785024,412.7261745941896,418.2690346613332,1243635
2019-07-02,414.99151611328125,419.1365996288973,408.7256744065766,417.40145523124454,2193421
2019-07-03,419.3294372558594,420.29341297368893,412.58160723105243,414.5095586667116,690459
2019-07-04,416.7748718261719,423.860098629617,414.7023300938149,420.24518999706356,998691
2019-07-05,409.0148620605469,424.1492917375543,405.83375413979627,419.2330099724103,1012459
2019-07-08,396.2903747558594,409.4968228153486,390.0245333604095,409.0148350156986,1536260
2019-07-09,411.6657409667969,413.59369203919624,392.3380432332727,392.3380432332727,1328288
2019-07-10,402.65264892578125,412.00319526920345,395.80841578854876,409.1112682606435,1247870
2019-07-11,415.2807312011719,417.305086110425,402.02606496204413,404.6288111908274,1464224
2019-07-12,417.5942687988281,422.70332804324426,408.29188012032694,414.5095349112771,1909623
2019-07-15,414.99151611328125,421.1609543716269,411.665788363211,419.5222134223331,654862
2019-07-16,408.2919006347656,414.50955573811905,405.25538302869694,412.38879740659587,914197
2019-07-17,407.95452880859375,412.5816004104008,406.89414965287017,409.6896733047205,954175
2019-07-18,399.3269348144531,408.6775108972451,397.78456780660446,407.95452912027264,850228
2019-07-19,381.9271545410156,401.7368418751996,377.87844514715835,400.4836853294922,1683306
2019-07-22,366.2626037597656,385.59030608499364,363.4188634851065,379.4690540922532,4502957
2019-07-23,356.7673645019531,373.829714447748,347.8023740459797,371.1305946178075,10258580
2019-07-24,347.0794372558594,359.0809464272183,343.512744834887,353.9718870104346,2843008
2019-07-25,350.6943054199219,353.77903905360944,343.6091084175773,344.66945802459475,1816332
2019-07-26,362.3102722167969,366.31076548250456,349.05560636052206,351.851130002932,1930642
2019-07-29,346.30828857421875,359.0327802557102,343.03077690419985,357.7314071081159,2059939
2019-07-30,332.0896301269531,350.7907529064847,330.06527526430915,343.27175418032584,2104167
2019-07-31,354.7912292480469,358.5989448653769,326.0647663997681,326.0647663997681,3873901
2019-08-01,345.5370788574219,353.58625189198494,341.24737550539817,349.44116842007577,2026382
2019-08-02,358.88812255859375,361.3944651310531,338.7892538001271,339.56042255248275,3385984
2019-08-05,362.117431640625,368.5278635568953,344.476689763039,353.77904850633655,2130910
2019-08-06,365.82879638671875,373.5887893912762,357.3458215711204,357.5385990698082,2204210
2019-08-07,356.2372131347656,371.70904098641296,353.73089981438284,365.8287832507832,1725732
2019-08-08,365.82879638671875,371.9018318321806,348.47723292173606,358.98456269189006,1884649
2019-08-09,374.5527038574219,378.89059401392984,366.6963086798309,370.16662668867735,2694721
2019-08-13,355.4178771972656,375.51674841240305,352.3331429743936,374.55277264503127,1451202
2019-08-14,358.9363708496094,364.9612191940093,354.2128956312408,357.7314011807294,1913308
2019-08-16,363.2260437011719,365.8769769616237,348.5254138023027,358.9363693488181,2216366
2019-08-19,358.2133483886719,368.2386890121692,357.29755977698926,366.31073776079654,1277298
2019-08-20,355.56243896484375,362.3584558087118,352.1403076161088,361.10529917961105,1941747
2019-08-21,354.4538269042969,361.2016558571365,352.38125590565073,356.6709589358072,1619073
2019-08-22,343.4645690917969,356.62286242351786,339.80147278368116,355.8998805665313,1442014
2019-08-23,352.38128662109375,354.2128638882171,339.8978196211343,343.1753309431305,1518152
2019-08-26,353.3934631347656,365.3467547686212,342.8861349102845,365.3467547686212,2495889
2019-08-27,357.0084228515625,362.2620730080518,353.4417008297069,353.4417008297069,2386485
2019-08-28,346.7902526855469,358.5989548270283,343.56092825709294,357.6349791420094,1168044
2019-08-29,341.4402160644531,346.06728781107984,337.3915062225012,346.06728781107984,1233361
2019-08-30,340.2352294921875,346.54925845616594,331.7040388037149,343.8019218726642,1603068
2019-09-03,348.04339599609375,350.79073247695237,332.61978562574615,336.5239046516617,2351596
2019-09-04,352.9596862792969,356.5745950478645,340.8135869332693,348.28439838830894,2925355
2019-09-05,357.2493591308594,365.1539413089386,348.621765842903,351.85108994936604,2917481
2019-09-06,367.7567138671875,371.7572069679476,352.6222842553066,356.6709937899328,3461995
2019-09-09,374.98651123046875,379.6617988093988,358.0205346587662,359.56290151404846,2809696
2019-09-11,388.43402099609375,392.048929879598,373.2514036853758,376.23970482784296,3854277
2019-09-12,375.2757263183594,389.39799378550543,373.34777492824566,389.39799378550543,2227773
2019-09-13,376.2879333496094,380.2884267588691,368.2387300935057,377.87848742579644,2665247
2019-09-16,373.2513732910156,376.52888452819326,364.3827857850513,371.13061515144113,2080705
2019-09-17,358.7917785644531,376.3843356414235,357.1530080557548,371.1306561443066,2443493
2019-09-18,360.4787292480469,363.70802434848974,355.1768628323651,360.0931154287067,1698602
2019-09-19,360.1894836425781,364.8647712717079,357.0083758716905,360.47869397878685,1512314
2019-09-20,409.4005126953125,417.88348752602116,357.0566118317874,361.6354966432029,5367498
2019-09-23,415.9554748535156,428.0051699535595,400.04987732145764,417.4014382655209,2631802
2019-09-24,403.423828125,416.4375,399.3269314236111,412.485193769137,1759021
2019-09-25,387.325439453125,400.0499309518887,376.9627002778652,400.0499309518887,2621967
2019-09-26,402.7972106933594,408.29185396720953,383.6622891331058,387.3253846490059,4482199
2019-09-27,397.6399841308594,402.50804974505843,391.47054541222747,399.95351997307074,1557592
2019-09-30,406.7976989746094,409.0148310642998,388.8677471172069,398.41109957444036,2447415
2019-10-01,404.48419189453125,409.2076667340875,396.29039880327156,402.94182495841835,1593936
2019-10-03,390.6993408203125,399.7607359668257,387.5182327663775,390.41015987657437,1993787
2019-10-04,382.0717468261719,400.0498864416566,378.60142867460394,389.34975106523945,1763359
2019-10-07,379.5172119140625,386.07223433778563,366.98552890184976,375.950490366383,2029657
2019-10-09,382.6501159667969,386.2650243702436,374.26351670352045,380.77035182972463,1916445
2019-10-10,370.6004333496094,382.4091345185092,368.28686836155,382.4091345185092,1165519
2019-10-11,379.8064270019531,382.6019506571592,368.43152547323706,372.2874282854396,1604685
2019-10-14,383.1802978515625,386.0722246278007,372.76937322438516,378.1194259931456,1350640
2019-10-15,395.3264465332031,397.0615910526057,377.5410828274079,383.66233450018484,3185751
2019-10-16,396.86871337890625,401.59218730555835,392.0006195969736,397.73628541960613,3745656
2019-10-17,423.95648193359375,435.52418981083457,382.79473905466676,393.30206782618666,7521706
2019-10-18,440.0549011230469,443.42881602760474,412.87077498189933,416.9194846346501,7430853
2019-10-22,435.3314208984375,446.3207377144618,431.909289599813,435.3314208984375,2647500
2019-10-23,446.27252197265625,452.10456266620855,430.27052090722697,437.6449284657968,2572546
2019-10-24,442.80224609375,450.7550456621257,434.22286820059753,444.39280012378435,1837569
2019-10-25,448.20050048828125,450.17663884870854,436.054401136774,436.054401136774,1773165
2019-10-27,448.1522521972656,454.99648486596584,444.39275322714036,453.0685336589067,236050
2019-10-29,461.79254150390625,465.455666768711,445.7905686199287,447.0437252468704,2250861
2019-10-30,477.0234069824219,482.75904505856295,456.972693680585,460.7804096700358,2995598
2019-10-31,469.1187438964844,485.8437272972011,461.2141612223322,483.9157759984027,4501628
2019-11-01,452.3455505371094,470.9020808468363,446.5135099213326,467.2389853321965,2628138
2019-11-04,439.2355041503906,454.7073311638628,436.48816763227853,453.068560772511,1646975
2019-11-05,442.3202209472656,451.42977294296406,438.60890891129895,443.42878703120334,1972191
2019-11-06,444.10357666015625,447.3810878605963,438.175103105862,442.32021589253117,1168437
2019-11-07,433.1142578125,447.2365249467592,431.42730038591503,444.9229597985946,1537259
2019-11-08,436.10260009765625,440.0067193273235,428.9691858127258,433.78906430500365,1322514
2019-11-11,430.22235107421875,438.0787767086213,422.8961591537174,433.78907299725563,2385247
2019-11-13,443.2359924316406,446.51353317863465,429.9813272343045,430.89711586976495,2650866
2019-11-14,432.1502685546875,445.3085596029561,428.9691607032699,444.8747587967619,1799094
2019-11-15,435.52423095703125,443.33244039549066,434.03008031567526,434.84946558469846,1315879
2019-11-18,435.52423095703125,439.52475384375543,429.1620145580397,435.717037873815,1664570
2019-11-19,431.71649169921875,439.572887198624,429.4993300997083,436.63277329494895,843871
2019-11-20,431.9093017578125,436.10260194752215,426.84842931945354,431.8611147399668,911015
2019-11-21,432.2466735839844,444.19996570524705,430.7525231006523,433.7890405005155,2749884
2019-11-22,426.9930725097656,437.5968058163856,425.3061149382579,434.75306557141903,1622778
2019-11-25,439.0909118652344,442.41663964993586,426.41463785638786,428.9691674643892,1799285
2019-11-26,436.68096923828125,447.911279671696,435.1386023153886,441.25985357356126,1516097
2019-11-27,455.0928955078125,459.43078579230473,437.64493092432576,443.0432002731119,2602641
2019-11-28,470.2273254394531,472.3480837050017,453.3095640046471,456.3460815162529,3469572
2019-11-29,460.0574035644531,468.4440039352145,453.405977107403,466.56423954991163,1527483
2019-12-02,450.8995666503906,466.0821816685492,445.4531106386276,457.5992085367943,1811823
2019-12-03,438.9462890625,451.09238733233445,435.2349771719672,445.88689563226234,897136
2019-12-04,435.283203125,438.31975002776227,428.2461924834368,438.31975002776227,1294687
2019-12-05,435.9098205566406,443.4288192019134,433.78906226274137,437.9823624149219,1093627
2019-12-06,428.1498107910156,438.36795932185083,422.31776944362514,435.7170260879089,1043581
2019-12-09,424.3421630859375,436.68104167957875,419.907868478839,430.84899979970606,2205088
2019-12-10,420.3897705078125,427.6677746151308,417.9316150449413,426.9930093372807,1212047
2019-12-11,423.522705078125,425.3060659031784,414.99151474502247,422.99250082299994,946769
2019-12-12,428.1016540527344,431.76475028599793,423.5709560742499,426.1254860330948,962777
2019-12-13,440.8260803222656,444.63379614324003,427.52322729436736,427.52322729436736,1858870
2019-12-16,432.87322998046875,443.4287745328238,430.1741100766796,441.50082333920284,1094491
2019-12-17,435.13861083984375,440.4404770161379,431.37911161665755,432.82507511928327,1259701
2019-12-18,429.49932861328125,436.6327717838343,426.3664078272038,435.13859191186106,1153002
2019-12-19,440.0067138671875,447.0919116283512,429.1619873941369,430.8971318625437,3818286
2019-12-20,444.48919677734375,446.03156376579886,437.7413669437807,440.5368905626161,1398625
2019-12-23,449.7910461425781,454.9483217762943,442.85040966491493,445.3567522495268,2089293
2019-12-24,447.81488037109375,452.0081803690426,443.42880289237405,450.27303595109254,1169554
2019-12-26,443.3323974609375,452.056394781936,440.5368739475367,449.1162513858505,1552187
2019-12-27,447.8631286621094,450.2730679796862,442.07927429992515,445.01938850008696,944750
2019-12-30,461.1659240722656,464.34706122330005,444.4409414228751,447.3810846723857,1541504
2019-12-31,451.5744323730469,464.5398880002706,446.32075299491794,464.00971312792535,2123698
2020-01-01,451.7190246582031,454.75554226824534,447.57391144447524,452.9721813168859,902225
2020-01-02,442.80224609375,452.68299707264106,439.572921597496,450.99603958844017,1474570
2020-01-03,436.29534912109375,441.45262430725336,430.8970800422931,441.45262430725336,1890542
2020-01-06,430.9934997558594,435.62057090199136,424.390260964537,433.7890231324058,1673703
2020-01-07,431.9574890136719,437.9823367475766,427.0412073791653,433.78903684113857,1309468
2020-01-08,432.1020812988281,433.21064740290365,422.7033187942803,427.8123779269075,1186784
2020-01-09,445.64593505859375,446.9955245147569,434.41562452319585,434.41562452319585,1127745
2020-01-10,453.4541320800781,454.51451116048736,443.09139402074567,445.4049296573284,1177820
2020-01-13,451.6707763671875,454.65910674814273,447.38110240099553,454.0325284629913,1067092
2020-01-14,454.7073974609375,457.3583309157977,448.92354265033345,451.2370786909337,911176
2020-01-15,466.757080078125,472.29994076128764,451.3334677423681,453.98440111257634,1222665
2020-01-16,470.75750732421875,475.62557251460146,467.0943822596104,470.42010996826514,1423802
2020-01-17,467.6246643066406,481.5059098789696,464.49174297109175,472.3481398212114,2613095
2020-01-20,453.3095397949219,469.35972814325487,451.76717290400484,468.01016814552804,1227450
2020-01-21,444.7784118652344,453.40600672495805,442.22388197290127,450.99606731366157,1139830
2020-01-22,447.81488037109375,451.62259598929836,439.0427254136544,445.83874203852827,1201196
2020-01-23,447.6703186035156,452.5866006604651,442.94684345789926,447.3811376547204,1172659
2020-01-24,452.0082092285156,456.7316843729182,446.03157741538325,447.67031848847574,1446483
2020-01-27,448.34503173828125,459.6717443888769,446.17608676263524,452.0081270409815,1354540
2020-01-28,445.1158142089844,457.7920897695189,436.1026348270129,448.7307233660687,1440700
2020-01-29,452.9239501953125,454.5145040820549,445.16392881616156,447.2846869439522,989238
2020-01-30,452.5865783691406,458.6596133403591,446.89912778339266,451.38160877816847,1629705
2020-01-31,450.224853515625,456.2979182734578,448.248715033833,454.0325694213663,843524
2020-02-03,454.3216857910156,456.7316247765784,438.22331101837653,440.5368465608767,1694927
2020-02-04,438.84991455078125,463.52769706813945,433.7890423895696,454.9965066841708,2614003
2020-02-05,446.3689270019531,465.60025359149165,439.7175006914296,439.7175006914296,4906286
2020-02-06,456.7798767089844,463.6722968597454,446.320734815098,447.28471048424507,2689597
2020-02-07,449.4054870605469,462.66015305214364,448.0077105159696,459.0452441453445,1261340
2020-02-10,439.76568603515625,450.9477796016637,438.126915727202,449.40544215676687,862786
2020-02-11,436.7635498046875,447.0773616442147,435.21405014730243,444.41416926735684,1022942
2020-02-12,433.90667724609375,440.8310013622856,430.37190039810537,440.443604265863,899763
2020-02-13,430.75927734375,437.2477946452352,427.66030738446204,436.6183186811806,895235
2020-02-14,425.3360595703125,433.42245668898295,423.30234304864285,430.75926422243316,814225
2020-02-17,416.8623046875,426.59505170724736,414.63488940914505,422.237099987196,1104464
2020-02-18,424.561279296875,429.0160797149224,410.6158415330183,415.45800947562464,1737719
2020-02-19,426.7886962890625,432.59929784750176,420.832806048264,428.9676718734772,1353692
2020-02-20,432.35723876953125,433.7614499071213,423.49604673869015,426.5950464117358,1211994
2020-02-24,424.7550354003906,434.29411345093996,422.47921024808926,432.3088065928678,1050427
2020-02-25,422.62445068359375,427.9508359064843,396.52518082398024,408.67901164723946,8613028
2020-02-26,421.55914306640625,423.9802271169927,410.1800480286501,411.39059005394336,1585956
2020-02-27,425.7234191894531,429.98452114581426,409.59900555733475,414.489583446866,2638164
2020-02-28,421.94659423828125,427.07928126167525,405.62847973500624,407.71060637452445,2258696
2020-03-02,406.11260986328125,432.5992730248733,399.52724407570423,421.80121543830336,2266674
2020-03-03,408.82421875,416.4264280567694,395.60510665393093,408.67895962780625,1973306
2020-03-04,396.9125061035156,414.48956955584026,387.9544955465261,410.61583526092585,2691474
2020-03-05,400.8830871582031,404.4662736260295,393.37772700876985,400.6409787662859,1096006
2020-03-06,401.0283508300781,403.35258550799017,383.7418055403148,391.9250811016116,1049346
2020-03-09,387.08294677734375,394.87882593986427,376.09121879557415,389.45559151825216,1370754
2020-03-11,391.053466796875,396.4767007420583,379.3838540089805,384.7102386855584,1745488
2020-03-12,375.9459228515625,383.45128300221023,354.4466858241373,375.7038144596061,1669093
2020-03-13,390.3756103515625,395.7504052890935,338.3707115081155,339.92021125946445,1617971
2020-03-16,368.6342468261719,383.79022687443,364.6636631241183,371.3942885187121,601755
2020-03-17,374.369140625,389.58107067474583,362.0246480730628,369.363301809463,1202231
2020-03-18,353.1792907714844,380.4441170504391,342.7787880632254,376.70187843129855,1727058
2020-03-19,353.0335388183594,375.7299161183881,331.4549358231822,331.4549358231822,1936284
2020-03-20,369.16888427734375,372.7653282536054,344.0910722340973,354.8803744995315,1987327
2020-03-23,322.0750732421875,359.6432017640606,297.4346479454123,335.3429854286511,1619498
2020-03-24,329.899658203125,344.8199936716936,301.80862025387137,301.80862025387137,2368738
2020-03-25,323.19287109375,338.11320957165015,316.0486016947972,320.76284950657896,2560659
2020-03-26,313.32696533203125,332.4269276084434,303.84988186950983,322.70684200585737,4672157
2020-03-27,295.4420166015625,323.678853683706,289.65855374698015,318.8188108356023,3061148
2020-03-30,284.6040954589844,292.331575402289,278.9664576573797,286.7425261635088,1633641
2020-03-31,289.2210998535156,294.4213509473198,279.0150112195114,288.6865070761195,1026802
2020-04-01,271.336181640625,289.07533773309365,267.3023520782947,289.02674917078184,2763943
2020-04-03,245.8695526123047,270.16978048792305,244.46014322209047,267.3509320441486,3325462
2020-04-07,256.99908447265625,270.41282181527123,233.37928583554012,246.8902003137401,7046196
2020-04-08,277.897216796875,279.93844052503897,253.6942117258166,253.79141850589002,6025235
2020-04-09,297.2402038574219,304.4330908855109,279.0636617011605,279.93846346682494,5330945
2020-04-13,281.6880798339844,298.4066395848598,279.0636744174034,298.4066395848598,2420206
2020-04-15,268.5659484863281,290.53334748431655,265.9415432190104,281.8824773868381,5152168
2020-04-16,268.46881103515625,272.1624321779451,257.7767154853084,259.6235260567028,6728570
2020-04-17,292.5259704589844,295.29617095821965,275.2728195533947,281.8824654997754,9091489
2020-04-20,298.94122314453125,312.93817025073224,294.56718458968027,312.93817025073224,7127300
2020-04-21,302.34326171875,305.2106989403763,285.0901091512606,294.6158111837144,3939565
2020-04-22,294.0812072753906,302.7321080523524,287.90897603484734,299.3786663207571,6813699
2020-04-23,290.4847717285156,298.30942897696787,289.41555635172546,294.5186014259373,2771134
2020-04-24,288.6865539550781,293.54659695095484,280.9590737262948,289.6585625542535,4163580
2020-04-27,290.9221496582031,296.8514077969989,286.98552686209746,290.04734788832934,2658365
2020-04-28,288.006103515625,296.21958711558716,283.19467929157406,292.57455528069477,3994514
2020-04-29,299.28143310546875,302.2946656085125,283.92370954761003,292.4773731078495,4271122
2020-04-30,319.1590576171875,324.74810755532053,302.48911460394794,304.72472271386073,8219947
2020-05-04,301.76007080078125,304.04426719733254,295.5878104817692,298.406629386957,2608605
2020-05-05,299.7188720703125,312.88957736458036,297.4346458184486,306.18272363663823,2536044
2020-05-06,314.34759521484375,320.7628583137896,293.1092000271546,294.51862445175226,5164142
2020-05-07,311.77178955078125,319.69365449835686,307.44633898395676,312.0147917250219,3475639
2020-05-08,304.6761169433594,317.5552312910504,301.4198821001412,314.93079612467176,2425590
2020-05-11,324.4564514160156,331.8437225402319,306.1827020180549,310.3623270374067,6946543
2020-05-12,328.6847229003906,334.85698383258733,312.5007846217034,319.79084958177424,4095396
2020-05-13,335.2457275390625,349.92306190148844,332.47549736633994,339.1337615601901,4259118
2020-05-14,332.76715087890625,341.661023655914,325.57429315566196,325.6228817204301,3315226
2020-05-15,326.69207763671875,336.31495629158314,324.26205627623045,333.93352349296595,2133151
2020-05-18,297.2402038574219,331.45491681315036,294.03258749553663,331.45491681315036,4232255
2020-05-19,294.8588562011719,305.11353650768746,292.62321830882195,302.2947171040182,3170929
2020-05-20,300.3506774902344,302.1974880210965,292.1371924055011,295.4906341651497,2697725
2020-05-21,306.9603271484375,317.79824758590587,303.31529462373305,303.31529462373305,5528405
2020-05-22,305.35650634765625,310.07075415382474,299.3786591830032,303.2666937178474,2202572
2020-05-26,313.4727478027344,315.70835553412866,301.6142319895096,308.0781123803048,3176276
2020-05-27,314.00738525390625,315.9028140032659,299.62166897386686,312.98678802785116,4252529
2020-05-28,323.77606201171875,327.9556870156079,314.00735804260705,315.9027866277124,4800567
2020-05-29,326.4976806640625,334.3709562050487,313.3269760858599,320.7628358943781,8202596
2020-06-01,342.1470031738281,344.9172334219673,331.50349788589466,332.4269178563898,4624929
2020-06-02,353.9083557128906,362.51063820572256,338.84222162447145,339.2310191521478,7608313
2020-06-03,345.5976257324219,362.07318240800396,342.8760136763044,360.7123763799452,2931428
2020-06-04,345.3060607910156,352.8391275640779,340.5432245058783,345.06305863704586,2252910
2020-06-05,349.0968933105469,352.74192567073635,343.75084584893557,349.7773112164553,2134564
2020-06-08,342.8760070800781,358.0393459977203,339.7655679357709,354.63731616134817,2262737
2020-06-09,341.4179992675781,347.1528437140653,337.3841697640611,344.5770270188084,2208068
2020-06-10,334.22515869140625,351.2353089699518,332.57273222757976,343.1190313329476,3234792
2020-06-11,322.9012756347656,338.9394178749689,320.13104513333343,335.3429741133413,3377816
2020-06-12,335.68316650390625,338.55057399527124,298.60104538925367,298.60104538925367,4669968
2020-06-15,334.56536865234375,340.6890109059997,327.08089064156604,330.8231296469549,2571638
2020-06-16,344.23681640625,348.3678526760238,337.28696132035856,338.258969854423,3865548
2020-06-17,349.38848876953125,350.895090172245,339.1337806631651,342.1470131319397,3022861
2020-06-18,353.56817626953125,354.6859803786751,348.124921437591,349.92314352448454,2226018
2020-06-19,358.6225891113281,363.5312207345162,351.7213220363721,354.78314323020965,2520273
2020-06-22,372.18206787109375,376.167308858857,356.8243446460709,356.8243446460709,2751254
2020-06-23,371.11285400390625,376.16731034939187,368.73145084492216,375.09809500746064,1973241
2020-06-24,369.9465026855469,380.00679826979933,368.0996921604385,376.75056331946735,2327148
2020-06-25,372.57086181640625,381.80494295383534,364.6004095800017,365.5724181207837,4289771
2020-06-26,370.96710205078125,377.0421562231815,368.43987358239264,377.0421562231815,1593624
2020-06-29,367.7108459472656,372.91109795262224,363.5312207822213,370.23807427040003,1486836
2020-06-30,367.7594299316406,375.535498101303,364.9406111528072,371.3072551013799,1360237
2020-07-01,373.10546875,375.68128534296835,366.59299993305024,367.905217341044,1458024
2020-07-02,374.7092590332031,379.03470851902773,370.52963454615997,376.1672717142662,2343722
2020-07-03,384.429443359375,386.5678743786743,374.271940512731,376.45896010200687,3171494
2020-07-06,396.8224792480469,400.7591018982127,386.3733876328197,388.75482037790755,3153490
2020-07-07,388.9006652832031,399.5927603915657,386.42202543734555,398.5235449480595,2369235
2020-07-08,374.17474365234375,391.1848951168783,372.27931490952705,391.0390700879308,3319380
2020-07-09,378.7917785644531,379.9095825668717,370.8212958576128,379.0833692908755,2337567
2020-07-10,374.9037170410156,386.66499699876306,373.0568770286841,378.0141266647395,2589115
2020-07-13,378.64593505859375,380.7843658258266,373.29988780385975,376.7505361026515,1218851
2020-07-14,371.79327392578125,378.25712491234435,366.4472268497243,372.2792782054228,1859411
2020-07-15,378.84039306640625,385.4500404001716,372.3765411058332,374.0289381075987,2249374
2020-07-16,380.5413513183594,383.748967701681,371.550272136508,383.748967701681,1778220
2020-07-17,379.0347900390625,389.28946956936994,377.8683677780089,381.1731912998603,3084182
2020-07-20,387.6369934082031,388.6576201719513,376.41030665039875,377.5281105373498,1187494
2020-07-21,391.67083740234375,399.4469054115162,389.77540895976983,390.16420642755935,4863486
2020-07-22,386.7135925292969,394.1494517153011,379.0833197755054,394.1494517153011,2266844
2020-07-23,394.3924865722656,397.2113055590281,384.76960743514985,387.58842642191235,2166455
2020-07-24,387.00518798828125,393.2260366106644,383.94336706963566,391.7194352634511,1473770
2020-07-27,385.9846496582031,388.9978824746535,379.6665932889864,387.00524689865944,883920
2020-07-28,394.87847900390625,397.55150255408654,384.33218015507094,385.8873997896635,2396705
2020-07-29,391.67083740234375,402.89752372524833,386.3247906460377,394.6354514655026,2809274
2020-07-30,390.8932800292969,396.48232987209514,372.95973789693716,386.8594499884691,6070910
2020-07-31,376.6533203125,394.5868902675567,374.22329889112905,393.32326133043534,2415056
2020-08-03,385.10980224609375,387.9772096919604,377.18790877386346,381.0273544403229,4124285
2020-08-04,387.7828674316406,392.88591290531673,380.7843932024019,386.22764764032644,2926555
2020-08-05,397.8917541503906,400.46757118773877,388.9492625400815,393.46909691329245,2215778
2020-08-06,407.1257629394531,410.18758375758125,392.15683809044737,403.3835243113654,3667202
2020-08-07,409.70159912109375,417.8664649146811,403.52933896678996,407.27157777399356,5894342
2020-08-10,406.931396484375,414.99908570257156,403.5779845956797,413.1036570577905,2082987
2020-08-11,405.2303771972656,412.1316441522968,401.5853449671451,407.46601476308183,2206472
2020-08-12,405.9593811035156,410.9652194022272,397.60010130873377,405.0359907423376,3892666
2020-08-13,418.0608825683594,424.18452455748434,406.2995732009264,409.5071895450686,5840412
2020-08-14,406.39678955078125,422.24051739597854,403.9667681227849,419.9077027577715,2673256
2020-08-17,414.8532409667969,417.9636802198181,403.4321404026507,417.9636802198181,2228221
2020-08-18,421.2685241699219,423.7471639147737,411.8400584838629,414.56167071701736,2195998
2020-08-19,422.4834899902344,429.82217198752363,420.87968189259675,422.82369889902907,1802766
2020-08-20,437.4524230957031,440.2712715378276,415.582231368954,419.47026545370943,3305777
2020-08-21,440.61151123046875,448.581994062907,434.2448664086754,439.8825047395756,3250392
2020-08-24,436.23748779296875,443.23596221967244,434.63367938865986,443.23596221967244,2651957
2020-08-25,433.0783996582031,447.1725237006032,429.38477901587845,437.4038495917268,2428613
2020-08-26,454.41400146484375,463.6480827780331,445.3743337288499,456.30943002078465,15082269
2020-08-27,446.2976989746094,454.8513916134836,442.263869613006,454.3653873611616,4260029
2020-08-28,437.16082763671875,450.03994040200286,435.8000216545654,446.1519063596529,2669472
2020-08-31,420.73394775390625,442.1667265023084,417.47771286177885,440.3199160102115,3073232
2020-09-01,428.07257080078125,430.1137947423977,416.0196703949067,425.2051633005072,2704221
2020-09-02,424.8649597167969,429.0445847795559,415.047667046036,422.9209425409372,4147271
2020-09-03,423.1639404296875,433.07841012879516,421.56013220841174,429.1417872526322,2264579
2020-09-04,421.75457763671875,429.62785420066837,411.5484860776531,417.33194982646444,2765538
2020-09-07,428.07257080078125,429.1417861667087,418.98428468541925,422.72652363449157,2519913
2020-09-08,421.8517150878906,428.9473657113573,418.49827369017106,428.0725639399274,1759550
2020-09-09,425.8855895996094,429.62782888341326,413.68689274891597,417.96372493182736,2166228
2020-09-10,425.6425476074219,433.22423226455965,418.1580994034694,433.22423226455965,2276992
2020-09-11,431.8147888183594,434.43922371084375,422.82370992906317,422.82370992906317,2483654
2020-09-14,443.81915283203125,446.054760848138,433.75885743285147,435.65428615420046,2660226
2020-09-15,442.70135498046875,447.1239825073207,435.1196696529867,445.17996519207145,1761274
2020-09-16,449.2137145996094,458.7880040922544,441.0974378318338,442.7012755598661,4488424
2020-09-17,444.2565002441406,452.56719122568694,441.4862995803057,447.12393735994,1436996
2020-09-18,444.49951171875,454.9000153889213,441.7778995603947,448.29036891100253,2203254
2020-09-21,440.805908203125,446.8809620647998,433.80743428913604,444.4995290856837,2557312
2020-09-22,430.45404052734375,437.6468986705472,420.49095177360005,435.94588351746904,2365716
2020-09-23,430.0165710449219,437.40384186237804,421.8517052628268,436.43183332490605,2798035
2020-09-24,423.0667724609375,427.2463978651712,414.07569228801697,427.2463978651712,1872522
2020-09-25,434.439208984375,438.2786247440817,419.5188726438813,426.2257253310162,1880888
2020-09-28,458.25347900390625,460.9750912938067,438.3273021530406,439.34789934591595,3661492
2020-09-29,457.0870056152344,467.4875086237583,455.0944000185605,461.7040460759943,3186583
2020-09-30,455.1915588378906,465.93227032855316,451.8381473834393,455.24017705984613,3188567
2020-10-01,466.4669189453125,476.18700489817735,458.788056975219,459.76006557050545,4887073
2020-10-05,460.294677734375,471.6186020749937,451.9354271950566,471.42418848244466,4368513
2020-10-06,458.3992919921875,469.43159626407623,456.6496585985303,462.6761241822102,2769253
2020-10-07,465.3490905761719,469.28571331518515,453.9279901808298,457.3300200858253,2103051
2020-10-08,461.89849853515625,472.39617954867634,457.135632664995,468.07072941380693,3911153
2020-10-09,458.30206298828125,465.7379229768423,454.55982387956715,461.65550458280336,1863792
2020-10-12,455.87200927734375,465.1060904887185,449.7969558488077,461.21805629445544,1938913
2020-10-13,446.4922180175781,459.17692013440336,444.64540735514396,456.7468982987393,3433208
2020-10-14,448.63055419921875,451.98399571014943,441.2919011879739,449.0679699313743,2796831
2020-10-15,445.7631530761719,454.70561446202714,443.28451333046115,447.60996349669153,1757817
2020-10-16,450.2829895019531,453.53922428477193,443.28451563032314,445.6659485950254,1468252
2020-10-19,442.1181335449219,454.80283436583005,438.3273058012418,452.956023892073,1527861
2020-10-20,439.54229736328125,446.5407414307858,436.5776533583535,442.26390955675276,1835671
2020-10-21,433.6130676269531,445.1313761399353,430.21103732897063,441.29193008115783,1483363
2020-10-22,430.0165710449219,439.93106999247436,425.7397394127146,433.41860092607374,2944292
2020-10-23,432.20361328125,438.1328716083982,428.70437642724875,433.0298265147896,2775948
2020-10-26,417.6720886230469,436.38325333700055,413.6868476084445,436.38325333700055,3303472
2020-10-27,420.73394775390625,427.10059251078906,409.99323443291,418.449721506393,2575999
2020-10-28,415.2906799316406,427.1005786476998,413.10366055224637,418.0609104115431,1920024
2020-10-29,410.5278015136719,416.0196436809972,409.36137943240556,412.7148206685369,1353650
2020-10-30,442.7498779296875,451.5465431121289,413.1036182658994,413.1036182658994,22255239
2020-11-02,445.5687255859375,449.06796239440763,434.48783374523856,446.63794095287943,3838425
2020-11-03,452.6644287109375,457.6216489697633,439.88249155633804,444.1107350094681,2871768
2020-11-04,457.7674255371094,459.7600311428977,450.03994591788927,453.879391447106,1942382
2020-11-05,463.1134948730469,466.46690664031615,455.24021952624696,460.6348552224418,1983243
2020-11-06,466.4183654785156,468.26517601586136,458.8852982981878,463.2593373061201,1130841
2020-11-09,465.54351806640625,469.48014092309313,461.80127912637874,467.0501194897438,1081709
2020-11-10,465.4463195800781,469.23714715106286,461.3152830696855,466.07811923135085,1101526
2020-11-11,464.08551025390625,477.0618011184471,460.3432712731772,465.44631633871285,3449743
2020-11-12,468.3137512207031,470.35497529882906,460.5376820951565,464.03691913432243,2209189
2020-11-13,464.42572021484375,471.424194346775,462.96770724263723,468.89696592894705,2090223
2020-11-14,465.4463195800781,469.28573571525766,463.64809775464937,467.5361321173718,218944
2020-11-17,461.99566650390625,467.97354300540474,456.1636150201792,466.07811440785434,1778137
2020-11-18,466.126708984375,472.10458556298545,458.2534631104603,459.12826491163435,3313169
2020-11-19,461.8012390136719,476.28415956575753,459.0795974467177,464.62005769884104,3076393
2020-11-20,465.0575256347656,468.16793535073333,456.50383217332063,464.5229031077919,2018666
2020-11-23,463.40509033203125,465.64069819980944,458.10763170778375,464.71730784718267,1686145
2020-11-24,458.30206298828125,464.52291220539934,454.65703067395236,462.4816881767054,2305050
2020-11-25,461.84991455078125,465.5921538705108,455.4832696147606,461.02370124694215,2734379
2020-11-26,461.3638916015625,465.2519261325578,459.37128576976716,463.1621135048177,2110962
2020-11-27,485.6640625,490.6699005629841,461.7040578515319,461.80126463848575,7543390
2020-12-01,486.34454345703125,492.6139815739448,478.7628580409736,487.9483518281789,3381249
2020-12-02,474.68035888671875,494.65512177965996,471.5699198084125,490.8642945465242,4884416
2020-12-03,484.2060241699219,487.5108471087751,473.8541396667933,478.13097109727073,2282894
2020-12-04,484.1574401855469,489.6492822824477,478.85998199080063,485.0808304633081,1655404
2020-12-07,496.5505676269531,502.8200048997647,483.0882434414389,486.9762775938851,4592922
2020-12-08,493.63458251953125,504.9584769850832,491.690565283785,495.91880870420283,2930920
2020-12-09,484.06024169921875,499.6123779787117,482.65081748355135,498.34877877134124,3009637
2020-12-10,484.1574401855469,488.48286021613893,479.2001908987528,483.0882249019881,1881353
2020-12-11,470.6465759277344,498.98059101824833,465.20332183573095,491.350347239861,8424113
2020-12-14,474.0,476.18701940602585,464.13411838993096,476.089812610866,2539870
2020-12-15,470.4521484375,478.7142212922908,468.60533808498093,474.19438736910416,1957171
2020-12-16,480.4638671875,481.48449407514283,471.4727871121636,474.34022451504336,1927424
2020-12-17,476.3328552246094,486.0529422991926,473.5626541390345,482.0677303292948,2845803
2020-12-18,475.409423828125,480.90126661986596,469.2857517002415,476.33281422271557,1773848
2020-12-21,451.88677978515625,475.31219233387134,440.7086811924374,475.31219233387134,2474224
2020-12-22,451.88677978515625,458.4478376547956,433.0298193961957,449.067960855314,1771722
2020-12-23,469.9661560058594,472.6877682083927,447.12395400764285,451.98399698598683,1817407
2020-12-24,466.3211364746094,481.14426796233795,464.23132386966495,472.9794014689802,1694333
2020-12-28,469.57733154296875,474.8261717255874,466.3210970017412,470.16054259955894,1113366
2020-12-29,473.12518310546875,478.3254350157743,468.7997329970492,476.4300063922313,2399446
2020-12-30,472.8821716308594,475.7496087918018,466.5641158947842,475.7496087918018,831686
2020-12-31,471.4241638183594,480.1722410850918,470.0147395044911,472.8821766961481,2661140
2021-01-01,477.0132141113281,478.22822484518275,472.3961733226805,472.3961733226805,816315
2021-01-04,481.5816345214844,485.3724618280098,473.9027434601313,483.57424012803034,2066399
2021-01-05,477.9366149902344,482.84524629304843,474.38876005881286,478.8114167508992,962886
2021-01-06,474.4859619140625,481.3386399052886,468.3137017648066,478.42261429115314,1049245
2021-01-07,485.3238830566406,492.22515006270515,476.18700813157625,479.6862450310377,4298543
2021-01-08,498.9805908203125,502.5284459391496,486.1987133329653,492.2251488518281,3684918
2021-01-11,507.0483093261719,512.6373587696188,493.7803682210497,499.5152426850043,4116819
2021-01-12,504.2294921875,518.906799217362,502.04247270331325,506.3679231040449,4967838
2021-01-13,497.03662109375,511.81113453745036,492.80837760177496,503.5004725793283,2964843
2021-01-14,498.6404113769531,504.81264225103786,489.892333984375,500.58442857530383,1989436
2021-01-15,493.09991455078125,500.82739421625405,484.35183779591216,498.5431979053819,1219504
2021-01-18,485.71270751953125,492.61394482376306,474.92340616608607,492.61394482376306,2431492
2021-01-19,498.4460144042969,500.58444525909294,486.0043157855271,487.9483330486692,2052245
2021-01-20,495.0925598144531,507.291284888826,492.80833379417766,501.0218178894193,3038458
2021-01-21,495.3355712890625,503.451848749844,490.6699123730975,499.56381448488014,1652594
2021-01-22,507.33990478515625,520.0246052535722,497.7169958357664,499.61242448660954,9749796
2021-01-25,527.5576171875,532.7092504093912,504.8125943924523,518.031945683999,9581971
2021-01-27,516.62255859375,539.9993530015618,512.0541064172338,527.8006572274812,9576082
2021-01-28,514.2896728515625,519.6843674798615,506.51360486317105,509.2352761204605,3502868
2021-01-29,545.0052490234375,573.2420877724062,536.6459392352307,537.0347664167095,33901681
2021-02-01,561.0433959960938,570.5204801874916,537.3749501374551,544.9566649519325,6530121
2021-02-02,603.5201416015625,608.8661887078435,566.4379911245902,566.4379911245902,13069121
2021-02-03,626.7996215820312,631.6596638035766,595.4523492530636,611.1503093593301,6701068
2021-02-04,636.7466430664062,641.6713122058252,621.4849839450922,628.018731095063,5611431
2021-02-05,612.7083129882812,637.7218152836641,606.7597122829745,636.3077860771647,3608600
2021-02-08,624.7518920898438,628.7013768946124,613.4884649703321,613.4884649703321,2309238
2021-02-09,633.96728515625,643.5241388453543,625.6782186646366,626.1170635006506,4238824
2021-02-10,636.6004028320312,640.2573445527122,622.7040242934437,633.8211509325281,2337229
2021-02-11,622.9965209960938,639.6722097038788,620.8023561282693,630.8468029174021,1448318
2021-02-12,620.6561279296875,633.4797671733525,616.9991864023154,620.2172830422963,2704746
2021-02-15,615.0487670898438,626.6046775593416,612.7570482085299,625.0931537562362,1622219
2021-02-16,613.2445678710938,626.0682640663305,607.7348127859377,617.2916061588586,1943169
2021-02-17,603.3464965820312,615.8775901620742,600.4696911919079,613.2933876581332,1891118
2021-02-18,596.7640380859375,610.4653654544114,594.8624168165991,610.4653654544114,1585892
2021-02-19,591.20556640625,602.9565269973106,583.8429357926378,596.764129615125,2299305
2021-02-22,573.018310546875,594.6674154099377,566.0945253456911,594.6674154099377,2439920
2021-02-23,582.2337036132812,586.0856930339978,569.800105300164,570.4827461312624,2343076
2021-02-24,585.061767578125,589.986435840958,570.4827520115049,588.3773581168203,1181173
2021-02-25,581.307373046875,594.5699160519779,578.1380238776433,587.0609845776922,2113293
2021-02-26,579.9909057617188,583.1602549735314,572.9695663729815,575.7488775479663,2088159
2021-03-01,601.2499389648438,605.4432200438471,580.8198135732591,594.8624929528177,5284375
2021-03-02,616.7066040039062,619.1445648680575,593.8872665072392,604.6142943095045,2775784
2021-03-03,611.1480712890625,619.9247308302538,607.5398771291331,616.9504303342898,2198525
2021-03-04,602.9564819335938,618.8519752042483,600.6160751661926,606.3208799022964,1548477
2021-03-05,603.59033203125,613.0008247771734,597.4954301800591,597.7879735648111,2112801
2021-03-08,586.4758911132812,610.6604510568071,584.3792209553757,605.3944317656434,3408853
2021-03-09,582.9651489257812,594.862409010088,580.2346448541022,591.9368561788908,1766755
2021-03-10,588.1824340820312,602.3226064255119,584.7204822022064,587.5972877899853,2342196
2021-03-12,569.7026977539062,593.8872572449993,566.0945038271299,593.8872572449993,1975870
2021-03-15,577.650390625,579.2594685124113,566.5820727368872,573.0182652454815,1440746
2021-03-16,579.552001953125,583.647787806751,572.4331686592528,581.2098271225123,1378743
2021-03-17,563.364013671875,579.2595067510038,559.1219260161788,579.2595067510038,1292779
2021-03-18,556.8302001953125,572.3844007038219,550.9790947641884,567.55722681904,1285083
2021-03-19,569.556396484375,575.4562497814513,547.5172544170966,549.0287782256905,2357434
2021-03-22,565.8019409179688,575.7488326496186,561.7061549672276,571.2629491719398,1537729
2021-03-23,564.6804809570312,571.799314744811,560.9747923639911,565.6069179854234,1240534
2021-03-24,552.6369018554688,565.4605384615974,548.151018792219,562.0962005648106,1340156
2021-03-25,544.3966674804688,555.5625402760236,527.721038778307,555.5625402760236,1982891
2021-03-26,556.4889526367188,559.3656987468268,545.1767788810998,548.1510791349318,801258
2021-03-30,562.3055419921875,568.806430696373,551.0633417215403,565.0427614290503,2100267
2021-03-31,571.9346923828125,575.7961556144572,559.2749856867703,565.7270666941394,1575132
2021-04-01,575.9917602539062,579.7065627190602,569.1975483021464,579.5110342383857,1284339
2021-04-05,571.1526489257812,579.7553640964593,555.7557225747654,577.3602747306974,1782479
2021-04-06,558.0042114257812,577.2626031772713,555.2669917098901,575.7962290794459,1462689
2021-04-07,556.4400024414062,566.0202995505038,554.3381760806316,559.2260888574062,1971063
2021-04-08,551.454345703125,561.5723618703126,549.5481072805433,561.5723618703126,1133942
2021-04-09,555.2669677734375,558.4441115150988,545.0023495311468,548.6682846176792,1638045
2021-04-12,526.8193359375,547.250778375019,520.7583113211734,547.250778375019,1066608
2021-04-13,535.6663818359375,537.4748857259411,521.8335645863465,528.8721710325451,1372141
2021-04-15,530.4364013671875,539.8700992175666,520.2207088801275,533.9557352337638,980528
2021-04-16,538.6968994140625,546.8597502214687,524.9618753172626,527.8946232240629,1867109
2021-04-19,527.1126098632812,530.0453579971642,515.9681430877605,530.0453579971642,1029456
2021-04-20,524.9130859375,535.2754395443219,520.8560935315447,531.8050326068337,1292480
2021-04-22,521.8824462890625,524.3264027850624,511.91115151890807,516.310273211708,1465204
2021-04-23,520.8560180664062,525.9394597220082,516.1636333331234,521.0515465275658,1411440
2021-04-26,540.3099365234375,542.6560990569561,518.3631943439063,521.0515466012297,2031184
2021-04-27,553.6050415039062,558.7373504047464,534.0533885483248,539.6256215740474,2743217
2021-04-28,631.3228759765625,649.1148924933467,583.6168536423614,591.4375149977029,39663387
2021-04-29,619.5430297851562,637.6283095500879,616.8546773876665,637.3839138775888,7575455
2021-04-30,616.7568969726562,625.6528749211786,608.1052550114922,613.9218835164065,3096434
2021-05-03,602.2886352539062,623.0622661682289,599.942472739022,604.146066120068,3974544
2021-05-04,594.8590087890625,609.2783520588056,593.2459736412778,609.2783520588056,2206509
2021-05-05,590.3132934570312,603.950584146176,589.0913150738984,596.32545096881,1664630
2021-05-06,611.820068359375,616.1703230192987,590.4599116474997,590.8998357667116,4754587
2021-05-07,604.292724609375,617.8322201234823,599.6492071321811,617.8322201234823,1724619
2021-05-10,597.8406982421875,610.6470676263436,596.3743241676827,610.0116149939594,1429005
2021-05-11,610.3048095703125,615.5837795144739,591.9262684934914,597.2541056346176,2354770
2021-05-12,600.4312744140625,615.1927485340428,597.3029980066685,615.1927485340428,1330572
2021-05-14,589.09130859375,606.0035369638,586.5496174515583,604.146105975105,850697
2021-05-17,606.0523681640625,617.05017283798,581.6616694205259,594.370243710386,3724394
2021-05-18,626.0928344726562,630.540823698699,603.9505630760073,608.5452135696746,4020797
2021-05-19,623.404541015625,635.4287970886892,619.0054185742417,623.6978039116672,2664926
2021-05-20,613.8241577148438,630.443062437598,612.2599897054981,620.6672361300955,1230302
2021-05-21,610.9891967773438,621.5470781642736,609.4739555027187,615.8282431492031,1073140
2021-05-24,607.1277465820312,622.6224687560139,604.8793182214195,614.3618826990413,1806155
2021-05-25,619.6896362304688,627.6080314521206,610.0604117857711,614.3617991079689,3680651
2021-05-26,636.8462524414062,645.2534396704569,616.7569401865318,623.6977533872426,4272201
2021-05-27,635.7708129882812,651.0700043752735,630.4430356109274,640.3165958946007,4517344
2021-05-28,605.8079833984375,640.4143735945203,600.7245416576999,635.4287259194547,4857631
2021-05-31,601.4088745117188,614.8995035139363,599.6981048278565,610.1093245323573,2432413
2021-06-01,598.9649658203125,613.8731028315344,596.5698761375854,605.5636494154436,2654612
2021-06-02,602.8263549804688,605.612441619947,593.6859215545825,596.276539400834,1687313
2021-06-03,610.8914184570312,613.9219007884269,601.3110608067416,605.1236569873189,2252658
2021-06-04,609.4249877929688,616.7079300839086,606.2967116880066,610.989096011998,2035626
2021-06-07,634.255615234375,647.9906396168175,616.4635989630565,630.5408130752209,6743832
2021-06-08,632.5936889648438,637.8237917772727,622.3779983285814,634.2555913507268,1390321
2021-06-09,620.2762451171875,636.4063602384382,614.41074870946,633.4736120345744,2266356
2021-06-10,623.5510864257812,627.510343999688,618.8098343108592,623.0622950874631,802033
2021-06-11,622.2313842773438,629.5632544769983,617.9789234283091,629.5632544769983,726583
2021-06-14,615.2905883789062,624.5776242271194,602.679747412988,621.5470819922908,1098798
2021-06-15,615.3883666992188,620.7650720476631,612.7000140249966,616.7570064728628,998942
2021-06-16,608.3985595703125,618.5165761506858,606.296792599688,614.4107169441681,768101
2021-06-17,597.009765625,608.3985682569914,591.8774564603021,606.0035383803292,1120821
2021-06-18,596.7164916992188,601.2133481601561,579.6087948003526,601.1156137589272,2217548
2021-06-21,602.9240112304688,609.8648231638483,589.4822517583667,594.3701642936766,1519504
2021-06-22,603.803955078125,614.0685730295851,601.4088656227356,608.4963399225531,1713686
2021-06-23,605.661376953125,613.9219630711438,603.6084770580292,608.8385208702925,1351230
2021-06-24,600.8712768554688,607.9098251058584,596.7654172647965,606.1013208378672,999657
2021-06-25,608.3985595703125,612.7976816486718,601.2133507090906,601.2133507090906,814313
2021-06-28,607.6165161132812,616.6102888994179,605.1236921581287,612.4066952168394,684351
2021-06-29,598.5738525390625,610.6470342255958,597.3030070107197,609.9138472284468,560987
2021-06-30,606.5900268554688,608.3496636704187,598.8182329502885,603.6572789415826,1514826
2021-07-01,610.3048095703125,622.7201206116499,606.9810645069095,610.9891293285419,3533434
2021-07-02,598.2805786132812,614.6550879135631,594.56577649645,611.4290771191282,2301039
2021-07-05,597.6451416015625,604.0483558253466,595.4455805934596,604.0483558253466,1711592
2021-07-06,594.6146240234375,605.1236371072878,593.3926457578735,598.2805588201295,1106888
2021-07-07,590.8020629882812,598.2805942835906,588.1626375117354,598.2805942835906,1209816
2021-07-08,585.4743041992188,597.4985595025855,582.6392904961468,589.48236941137,1249216
2021-07-09,586.2562866210938,588.4069802358372,579.9508670309913,588.2603189817092,1568512
2021-07-12,587.18505859375,594.2725329994282,585.2787604409094,589.4334868166518,1347493
2021-07-13,596.325439453125,597.3030221407531,586.2074825029392,591.0464690731685,2005083
2021-07-14,599.35595703125,600.186938164564,592.4151434092282,598.2806398786265,1252814
2021-07-15,595.64111328125,603.1196446285528,592.9038937184876,603.1196446285528,1115932
2021-07-16,597.9384155273438,601.60435024283,593.685895457236,597.7428870758033,1218379
2021-07-19,587.918212890625,596.129871117418,579.7064949969239,596.129871117418,2316952
2021-07-20,569.9796142578125,589.9711935621073,568.8554298879599,589.9711935621073,1729971
2021-07-22,568.268798828125,575.8450645831597,564.7495250538412,568.9531186361556,2264989
2021-07-23,569.2952270507812,571.6414492556614,561.6212271866224,570.4194709545591,1447539
2021-07-26,571.7391357421875,575.3073359491607,568.2687295912531,572.4723226614091,729372
2021-07-27,568.0244140625,582.541552910645,566.6558340870788,572.863460345215,1280032
2021-07-28,562.7454833984375,570.908274761569,559.1772828144135,570.908274761569,1004507
2021-07-29,549.2548217773438,568.4643458966797,545.784415090033,564.6028822585818,2236686
2021-07-30,566.3136596679688,591.4375475898804,551.4055231378106,551.4055231378106,9883338
2021-08-02,559.372802734375,573.6943527175822,557.4176374397193,571.8858486867895,2139088
2021-08-03,558.9817504882812,561.1324442637892,553.6050458829661,561.1324442637892,1797756
2021-08-04,555.9512329101562,566.9001698917876,553.8982736634655,562.1099913164157,1226478
2021-08-05,554.8270874023438,559.421738340005,551.356680513347,559.372871135045,489849
2021-08-06,557.1732177734375,565.9225940234581,554.9736569117126,556.7821608645903,1609275
2021-08-09,553.1652221679688,562.3056574563687,549.6459478360537,558.1997976245204,675406
2021-08-10,543.3403930664062,558.199660408202,539.1367998513545,554.2893300375666,1311127
2021-08-11,548.2772216796875,549.8902569668884,531.8538446049921,545.1000779727677,1737537
2021-08-12,539.6256103515625,552.6763145612364,538.7457621200955,548.4238539985988,1066784
2021-08-13,540.9453125,544.4157784934011,535.2264781075318,541.580765062233,1898186
2021-08-16,526.1837768554688,540.4564573864603,492.21278522383375,535.2264149156881,3196518
2021-08-17,517.9232788085938,529.5565362726201,511.86225441277264,528.1390294891514,1687108
2021-08-18,513.2308959960938,518.2654705569148,509.320565359933,517.1412266322545,2265646
2021-08-20,499.05596923828125,512.7421270626415,497.5895951856712,511.2757530100315,1591038
2021-08-23,490.0621643066406,503.6994540348525,488.7913188111135,502.67300419873095,1343003
2021-08-24,496.6608581542969,498.7137877056432,483.9034163830353,491.72407765791263,1716068
2021-08-25,507.6098327636719,512.5954808219801,496.66089424973404,496.66089424973404,2806811
2021-08-26,497.78509521484375,511.031328133119,495.14561013758924,509.5160869653888,1187899
2021-08-27,499.6424865722656,501.98867891012065,495.0478362924817,499.1536952588186,1162494
2021-08-30,508.1474914550781,511.52016380918093,493.72814617808734,501.49994082008567,1986619
2021-08-31,513.3775634765625,524.9618942596621,506.5833519806018,524.9618942596621,4309112
2021-09-01,517.9721069335938,521.9313641221365,511.37342450856323,517.1411856060929,1619926
2021-09-02,518.2655029296875,521.8336440579171,513.4753237344142,521.0515898152171,1142560
2021-09-03,528.2857055664062,533.5157490517753,517.6300304588457,518.9008760128977,2265705
2021-09-06,534.2000732421875,537.5238185902695,527.4547288098983,533.3690921549828,1460001
2021-09-07,541.3853149414062,545.6867029075751,529.4587934596799,535.7153469255771,1930617
2021-09-08,534.3466796875,546.4687290282368,531.8049885355291,546.4687290282368,1941273
2021-09-09,532.5382080078125,535.8130863839576,526.5260501727154,532.5870752123832,1421480
2021-09-13,533.41796875,534.4444185450662,526.5259636968983,526.5259636968983,773914
2021-09-14,537.62158203125,538.5502974678466,532.0982162769459,534.2489100072461,1274163
2021-09-15,536.0574340820312,542.3139870467666,533.0758188671618,537.6704693568663,866324
2021-09-16,532.4893188476562,541.5808261988387,531.5117361288858,537.6704953237569,1160127
2021-09-17,534.83544921875,548.3750048548209,529.3610101915663,536.6928801388179,3038827
2021-09-20,533.173583984375,537.4260445079889,523.153362144981,532.5869986131438,1363420
2021-09-21,521.1981811523438,535.3731286917622,508.3429462412122,533.17356786668,2119176
2021-09-22,527.9923706054688,528.87221886591,519.0963922694976,523.1044573072626,789554
2021-09-23,527.6013793945312,532.6848212163662,525.3529511849439,530.8273902749748,1058373
2021-09-24,525.1574096679688,531.3650356068911,521.1004178179612,529.5565315775101,1374432
2021-09-27,542.75390625,544.5135431094311,525.9394725186247,527.4058465126358,2327317
2021-09-28,543.1448974609375,549.3525830998719,531.8538297662868,547.4951521947303,1555165
2021-09-29,538.4036254882812,544.8556468838381,530.8762274155266,537.8659669831361,966528
2021-09-30,537.1328125,546.2243194405272,535.9108341567326,537.6704710376554,1339499
2021-10-01,551.3077392578125,556.9777066106825,532.73366918216,538.5502977971278,3518568
2021-10-04,547.93505859375,562.1100065859166,545.1978391907132,561.1324239657672,2842764
2021-10-05,549.4014892578125,556.2445683055078,541.9229575746372,546.4687410945146,1910687
2021-10-06,531.8049926757812,553.3118122325225,527.9435290492564,552.8230208789602,2025110
2021-10-07,545.2467041015625,550.5745412924134,532.0004715874744,535.5197451384893,2873448
2021-10-08,547.201904296875,556.0001484034794,542.6072537744881,555.2669613945958,1781059
2021-10-11,546.5176391601562,554.1916997543043,543.9270806030975,548.4239375073354,1680108
2021-10-12,560.9857788085938,566.9979359618496,546.0287762243613,546.4687003494379,4445077
2021-10-13,564.2606811523438,573.4499216700419,561.1324049405483,566.0691850715396,1587573
2021-10-14,570.7127685546875,575.502947653367,558.2485891247065,566.0692507278319,2413386
2021-10-18,572.7657470703125,577.6536607347906,561.034754275565,570.7127875310828,2022170
2021-10-19,570.1751708984375,585.3765715796627,564.2608068627934,578.7290204404201,2398150
2021-10-20,566.3136596679688,577.555860985793,558.0530737227933,567.975562230943,1094973
2021-10-21,564.114013671875,575.0629504588716,553.3117381380728,569.8329075428799,1429062
2021-10-22,605.90576171875,618.6632043612954,585.5231857458143,600.2357938406092,18455677
2021-10-25,586.060791015625,606.1012350787114,578.7777884349264,605.1236524414877,2875675
2021-10-26,611.8689575195312,615.2415696695381,586.5495449619133,590.264346813291,2525727
2021-10-27,611.820068359375,614.7039490665318,606.7855535883538,613.7263664313538,1380261
2021-10-28,637.3350219726562,641.783011106348,608.3496724710054,610.7936291012658,7408494
2021-10-29,647.6973876953125,666.4181197394063,623.9421406882717,638.3614851068412,6069828
2021-11-01,656.2512817382812,663.4854178844608,640.4144294094252,647.697432759245,3395775
2021-11-02,682.3527221679688,690.9554379639245,661.8234855411387,661.8723527425819,6921074
2021-11-03,690.7109985351562,698.9715837308113,680.3486464752812,684.307844211983,3662182
2021-11-04,692.8616943359375,697.8962687858829,689.1957594452712,696.0388379078483,273871
2021-11-08,696.2832641601562,703.3707385935169,689.782315468309,693.1061204486497,1531643
2021-11-09,715.0528564453125,795.7034267812675,710.409338759303,738.0749164078302,25844281
2021-11-10,736.6085205078125,739.8833984906854,705.4725372369866,715.0528351920938,3682913
2021-11-11,730.3031616210938,748.6328376858102,726.3928307272876,734.1646253121102,3344306
2021-11-12,712.7066650390625,735.1422002376776,702.6864422299718,735.1422002376776,4094224
2021-11-15,719.6475219726562,727.3215222315874,714.4662859759175,716.0793212831154,2138789
2021-11-16,721.5537719726562,733.9202170795905,716.9591809845431,723.4112029822138,2419607
2021-11-17,723.117919921875,732.4538225772314,719.7452477443933,721.4560174334292,1754996
2021-11-18,707.6232299804688,725.366380264762,703.3707690033642,724.3887975420332,1834193
2021-11-22,693.9368896484375,714.8571782883536,689.1956385549255,707.6230441729325,1714646
2021-11-23,696.7720336914062,703.8595079029287,680.5441855704082,680.5441855704082,1642526
2021-11-24,686.4096069335938,717.252324254302,684.601043427586,717.252324254302,2966210
2021-11-25,685.7742309570312,697.0164314645236,683.6724043866926,686.263022283444,2020161
2021-11-26,661.6279907226562,684.2101879609771,659.8683537128052,684.1123938862037,1323904
2021-11-29,668.9598388671875,678.9800616798512,639.3390945836226,659.1840117328813,1687675
2021-11-30,671.1104736328125,679.1755303079337,659.0373520525762,669.6440996918814,6521283
2021-12-01,662.99658203125,682.352707060324,660.3570968757147,674.3365171929952,1802639
2021-12-02,665.0006103515625,667.6889626903597,654.2472009963737,660.8458840097851,1032008
2021-12-03,657.2288208007812,670.3284525191564,654.6871297112632,662.8010539844755,784522
2021-12-06,646.328857421875,658.4997148955739,643.7871064780467,656.4468149924458,1068384
2021-12-07,651.314453125,661.823466815197,648.3817051184334,648.3817051184334,644440
2021-12-08,667.2490234375,669.2041887305068,648.8216144176752,659.3306278675865,879154
2021-12-09,669.3019409179688,670.5727863455261,658.8906625173638,669.6440709560745,871861
2021-12-10,666.9557495117188,675.5095975267096,663.3386818462837,669.6441017450015,1066005
2021-12-13,660.1615600585938,676.3894680563809,658.010866267693,668.6665411557997,780239
2021-12-14,645.3511962890625,661.4813096647619,643.0538413111663,661.4813096647619,1294853
2021-12-15,658.6951904296875,692.9105838442132,648.0395751378818,648.137309538016,14240307
2021-12-16,622.3291625976562,663.2899042037558,618.8587557249625,663.2899042037558,6951407
2021-12-17,601.7509765625,620.8138378664878,596.3254048939775,619.7873880373471,3261223
2021-12-20,593.4904174804688,600.2357617973995,576.7737776229083,591.4375177319653,2559927
2021-12-21,600.9201049804688,605.4169615887588,593.4904405693594,594.8590802328808,1412370
2021-12-22,603.412841796875,610.6958438823608,599.7957743517104,605.2213456860048,1160140
2021-12-23,606.4434204101562,609.3761685891371,602.7774851864302,609.0340385016884,504198
2021-12-24,596.814208984375,608.8384636693514,592.4150870508292,608.5940680063767,1040322
2021-12-27,592.072998046875,594.1747650940596,586.5496318138622,594.1747650940596,868742
2021-12-28,596.9119262695312,600.9200508275517,593.050522638763,594.3702353142271,713046
2021-12-29,609.2784423828125,610.6470820848549,589.3357306305921,596.325471084662,1165031
2021-12-30,601.8975830078125,611.966671256447,599.0137025756994,610.9890887145037,756389
2021-12-31,612.9443969726562,616.3659366686759,601.8977236017478,601.8977236017478,728420
2022-01-03,615.1439208984375,618.7609888625301,602.4842128575701,610.9891943766761,1188070
2022-01-04,616.3169555664062,621.3026029067632,612.4554924039816,616.8546140573222,574936
2022-01-05,624.382080078125,629.7587849079293,615.2905729356564,618.6143183030242,1056096
2022-01-06,634.3534545898438,635.4287717213757,615.8771172068718,620.7650308354978,1042775
2022-01-07,626.6793212890625,639.3390280438006,622.9645192980305,636.2596189502211,715951
2022-01-10,635.2332153320312,638.3614918502849,628.0968736811761,630.5408303881068,771849
2022-01-11,628.2924194335938,638.1659809344216,626.7771781669993,632.4960131517606,389969
2022-01-12,640.1210327148438,643.3959700109713,628.0967794540074,630.5407357942954,810304
2022-01-13,645.6444702148438,648.18616122662,628.5856411158754,642.7117222780666,1892618
2022-01-14,643.9825439453125,649.2615139028605,638.0681810917959,644.1780724005748,697133
2022-01-17,642.7117309570312,655.5669071200168,638.7525331223004,642.2718068271922,1356881
2022-01-18,628.7811889648438,645.8888857901711,625.8484409376448,645.2045659837758,900906
2022-01-19,628.39013671875,634.4022940861535,616.9035401931393,625.6529171396464,519529
2022-01-20,621.8892211914062,633.1314215674706,615.5349340223263,624.6753078526237,545287
2022-01-21,616.952392578125,637.3838940295797,613.2375904051997,615.9259427189747,3144751
2022-01-24,598.4761352539062,616.952412310273,593.7837502713486,616.3658865625454,712987
2022-01-25,606.7855834960938,609.3272746060699,581.6616966003113,593.3926888006538,1227614
2022-01-27,615.7304077148438,621.7425648740216,586.5495895037939,595.3478333463509,2490371
2022-01-28,588.4558715820312,625.6528784369727,571.9347013940417,625.6528784369727,6413288
2022-01-31,592.7083740234375,599.7469813368118,583.8612625972468,594.3702765326514,2066796
2022-02-01,612.2111206054688,615.7793210633857,593.0015981041386,596.3254029051272,1547133
2022-02-02,612.1134033203125,626.1416905533782,607.6164873069806,611.9667420552925,2011120
2022-02-03,642.5161743164062,648.1372743579724,612.3088476175748,613.9218828006134,4972594
2022-02-04,638.3614501953125,640.3166154332768,629.0744153149825,640.3166154332768,1376064
2022-02-07,622.6713256835938,638.6059120925116,614.5084741682176,638.361516412415,1305798
2022-02-08,641.7830200195312,654.0028033405429,624.1865320372746,654.0028033405429,10100060
2022-02-09,645.0579833984375,650.9234801682961,634.2557054473315,639.3391479145928,1943723
2022-02-10,653.4652099609375,661.8235306524858,650.092537494687,653.0252857841367,3502156
2022-02-11,645.6444702148438,658.0597817472484,626.23941889969,645.1068116931499,6277578
2022-02-14,627.3148803710938,653.4163524685522,622.86689066603,639.339136603183,2853430
2022-02-15,648.4304809570312,651.0699657244297,616.4146530629246,630.6384669573075,2567801
2022-02-16,650.1902465820312,661.5791091959455,642.2718503756722,650.0925121762892,2258102
2022-02-17,656.1534423828125,664.1696315058322,648.2349876514409,650.0924184279974,3282622
2022-02-18,648.6260986328125,666.3203210136049,647.0130633677902,655.957968624894,1962790
2022-02-21,643.6404418945312,656.2512223042246,642.2718023150716,648.6260895525875,1757845
2022-02-22,648.6260986328125,651.5588466296451,623.6977406597352,625.652905990957,1225239
2022-02-23,636.8462524414062,656.4956405543962,634.3045016588032,650.092485897361,1558086
2022-02-24,605.2213745117188,630.4919209694046,601.9953638079674,622.7201272283846,2115554
2022-02-25,617.7833862304688,623.6000151067542,610.3537220662773,612.7488115643845,2854919
2022-02-28,603.7550659179688,615.8282483483657,596.3254610891969,610.9892019356525,1615551
2022-03-02,584.5455932617188,598.1828839968914,582.6392950442149,596.3254529814951,3546669
2022-03-03,572.4234619140625,597.3029502532456,570.1261667413889,597.0096874156349,2284162
2022-03-04,542.31396484375,565.5804195408888,540.5543280403697,565.5804195408888,2215341
2022-03-07,518.2164916992188,531.8049131633529,501.49985377352954,531.8049131633529,2581507
2022-03-08,523.1533813476562,525.4018095193028,507.80532174081816,513.2308935391355,2002029
2022-03-09,542.998291015625,546.4198302663008,523.0555812306368,526.9170446040671,1835596
2022-03-10,552.57861328125,565.2383209987848,547.1530413071384,562.1100444700907,2099008
2022-03-11,568.56201171875,571.0059681990866,545.051162311293,552.3341645560773,1993394
2022-03-14,578.9732666015625,579.9997163481002,561.6211762981809,568.5131213585377,1892847
2022-03-15,581.4661254882812,586.5495670023497,573.0589388946772,578.9733017619027,1578493
2022-03-16,596.0321044921875,598.1827980782327,587.0383329203925,589.4822893438746,1238848
2022-03-17,597.9873046875,609.5227677492117,596.3254022887236,604.0971961043927,1019241
2022-03-21,595.0545654296875,607.6653456967382,592.0729503084223,607.6653456967382,780297
2022-03-22,598.8182983398438,600.9689923115928,586.10972265859,592.4151432953645,821505
2022-03-23,597.44970703125,603.1685421132075,594.3214303737791,602.19095938693,382090
2022-03-24,595.2989501953125,602.9729499189198,591.7307497546826,599.600277936267,789555
2022-03-25,593.1349487304688,604.7418892853655,590.6266786162965,600.512249087813,784429
2022-03-28,597.4630126953125,601.004092992895,591.6595121689465,595.1022524725065,696633
2022-03-29,603.4139404296875,606.9058502511998,598.5940806512949,599.0367306369217,1488760
2022-03-30,611.6273803710938,616.7423207160961,605.9222800017786,608.8732001965925,1536320
2022-03-31,615.4143676757812,617.578327567935,607.1025979701652,613.2995177378996,990282
2022-04-01,618.4636840820312,619.5948941590179,608.8731935535227,611.1355536708716,1025492
2022-04-04,623.2342529296875,624.4638028763106,616.5455132273813,624.316292904687,750972
2022-04-05,626.5787353515625,631.5461057830526,621.7097049141113,623.2835650751177,747815
2022-04-06,637.3004150390625,639.3660351379352,619.693234056768,634.7920848719141,1725636
2022-04-07,627.51318359375,640.251334282859,625.004913466824,636.9069340892081,742601
2022-04-08,642.71044921875,645.267889399892,628.0050180856194,629.4313082021364,1370697
2022-04-11,640.3004760742188,650.3336161766077,638.3823660487203,644.2842061046407,975863
2022-04-12,639.6118774414062,641.7758973385739,629.0377479796683,637.3986875540658,1061190
2022-04-13,639.4152221679688,649.10411298054,637.2512019840639,646.2023627364374,884084
2022-04-18,645.2678833007812,653.8255638823697,630.3165422901454,633.5133725046692,5207648
2022-04-19,630.1198120117188,649.2024536019414,623.6769814870853,645.9072833445214,690068
2022-04-20,641.0382080078125,646.5957380552006,626.578687820026,631.4968878814077,605933
2022-04-21,647.431884765625,652.1533449388531,641.3333045250863,641.8742945384499,634287
2022-04-22,635.0379638671875,650.8254339929895,618.7587337750007,640.2513039283523,1266650
2022-04-25,638.7266235351562,643.4481436646143,626.9721733150968,629.6771833724803,1120487
2022-04-26,670.3507080078125,673.7934482543676,642.4153059925433,644.2842461410377,7352944
2022-04-27,675.3672485351562,678.711648790222,661.0061275174336,668.7276780578605,2798687
2022-04-28,670.203125,682.3511156566424,666.7603848201346,678.6624654639295,1424197
2022-04-29,644.1365966796875,674.777005110046,640.4971768971639,668.875165415206,1769821
2022-05-02,638.4315185546875,648.9073083816542,632.5296786604234,644.1366184451521,853787
2022-05-04,617.234130859375,643.7924121871887,613.9881307044114,638.3823919167081,2056479
2022-05-05,620.72607421875,637.546355981105,613.9881635362317,620.6769042209866,1563698
2022-05-06,618.7587890625,626.5295698189863,609.069958152204,610.6437582877984,3963203
2022-05-09,605.3812866210938,616.2013272754954,597.3154261259422,613.1028370734487,981633
2022-05-10,606.1189575195312,617.8242370632777,601.3974977020277,605.381227546902,1204286
2022-05-11,610.00439453125,613.6930446795001,598.8400440605725,607.0042443813745,1977793
2022-05-12,592.3971557617188,608.873124809471,579.4130965048233,605.4303850084482,1947444
2022-05-13,624.2671508789062,631.005060873586,596.1841808107303,600.0204008306897,2489259
2022-05-16,642.8087158203125,644.8251657371381,622.0539366156661,628.349196356893,1247350
2022-05-17,665.0881958007812,671.1375456495256,642.8578962539012,644.2841862307437,2524634
2022-05-18,669.0718994140625,681.6624786428553,663.2192297618255,666.1209795930978,2014804
2022-05-19,667.9898681640625,678.3180876720531,654.907468794598,660.1699785658785,2516859
2022-05-20,673.3507690429688,684.5151193808007,666.5636888729227,682.4986092944532,1957573
2022-05-23,684.5150756835938,698.3843751759617,674.1376260231627,674.1376260231627,2656671
2022-05-24,697.2532958984375,700.8436064584557,681.0232334330838,683.5807338435419,1995805
2022-05-25,690.662841796875,703.2534216397431,685.7446418553936,700.3516716669451,1126056
2022-05-26,696.712158203125,700.3024680024228,682.449379058622,690.6628085879443,984399
2022-05-27,711.8603515625,717.9589321828447,697.4500000993438,705.6634309469187,1809438
2022-05-30,727.5494384765625,730.3527888027702,718.0572873077741,721.9918477861729,1080849
2022-05-31,724.5000610351562,737.4841215988054,721.0081508928635,724.893541066664,1712518
2022-06-01,725.1394653320312,732.6642757803954,716.1391347548189,724.9427253124098,1950546
2022-06-02,726.6640625,728.5821725403193,718.549032360406,720.0244923857867,719240
2022-06-03,718.352294921875,731.9757452269779,716.188274869577,730.8445351888199,831010
2022-06-06,716.7784423828125,727.3034018376698,711.4175926568854,717.8604223113697,897590
2022-06-07,731.8773803710938,733.9922305313169,704.3354584752592,712.64722905472,2341860
2022-06-08,738.7627563476562,742.6481460728442,724.1557274229893,734.7790266442577,3376027
2022-06-09,751.6978149414062,753.4683552047964,733.9922922342439,738.7629229490217,2206938
2022-06-10,751.15673828125,753.6650083683139,741.6645879094046,749.5337082055257,1330054
2022-06-13,738.1726684570312,750.0746887398591,736.1069883834296,746.3860386476658,1450884
2022-06-14,737.6316528320312,748.3532927056576,730.8445128834719,731.4346728630769,1342735
2022-06-15,741.5170288085938,745.500819046468,737.336558589719,738.9104186940934,694564
2022-06-16,734.87744140625,753.8125119581872,727.0083211768734,747.7139918097187,1719322
2022-06-17,728.0411376953125,738.3693572368203,719.9752780460494,728.877207643549,1829920
2022-06-20,718.6966552734375,734.6808067248237,711.1226145783785,727.7953260996112,1866728
2022-06-21,732.2216186523438,736.7463385056882,718.0571790509377,719.286729015066,1053612
2022-06-22,731.7297973632812,734.3364072606187,722.3852176525513,728.877217436937,1294272
2022-06-23,759.3701171875,763.1079373632225,732.615095869942,733.7463059399876,2403326
2022-06-24,785.6824340820312,792.5187439508514,764.2882645154783,765.2719044955497,3909837
2022-06-27,788.3875122070312,797.584522801409,782.9774918487797,797.584522801409,2192974
2022-06-28,806.781494140625,810.1258339285218,780.1248156341233,785.8299753390735,3330788
2022-06-29,819.7163696289062,827.2412396402826,795.3712796394925,800.5846196665224,2359911
2022-06-30,828.1757202148438,836.0940103051149,811.6997500117724,818.7819701063871,4098480
2022-07-01,846.373046875,871.8001167662491,813.7653569810286,823.7984969512214,3263584
2022-07-04,827.1429443359375,837.5695048799817,807.7160532949749,826.2576442738515,4102568
2022-07-05,799.1091918945312,832.897203227831,796.945171800875,826.2084629683128,2427183
2022-07-06,811.601318359375,821.9787681121538,801.7649186214763,803.6338585863249,2184396
2022-07-07,812.4374389648438,826.6510484290792,807.0765891623527,822.4213485613952,1581958
2022-07-08,825.4215698242188,828.0773499230086,811.5030391382883,821.2410996225973,1066301
2022-07-11,840.9630737304688,843.4713438535539,816.2736724248508,824.0444528435157,1110345
2022-07-12,834.9628295898438,844.6517200713861,829.9954593615525,841.9958799380884,808629
2022-07-13,842.9303588867188,851.5372093858082,835.8973084642415,836.9793485489589,891323
2022-07-14,822.7656860351562,848.4386658965632,818.9294660390284,842.9303059378051,923118
2022-07-15,857.389892578125,859.7014227321482,822.7657500442878,823.5526500943834,1584738
2022-07-18,863.8326416015625,867.3245515198358,856.7504217451398,861.6686216403472,1456093
2022-07-19,865.7507934570312,874.160903677432,856.2586431853589,856.2586431853589,1289938
2022-07-20,863.094970703125,875.4396412778644,858.8653305110174,867.5705209068275,679275
2022-07-21,865.1113891601562,872.734599240874,858.7177290924576,861.6686491237032,815859
2022-07-22,871.2591552734375,883.9973056502693,860.9801049679392,860.9801049679392,2263170
2022-07-25,856.75048828125,878.3905695007535,853.5044881056493,870.3738790343331,980576
2022-07-26,850.3076782226562,858.4718788702993,846.4222879036294,855.7668686532918,1080149
2022-07-27,835.9464721679688,853.7503930883435,823.3558915399609,850.3076529146197,1305629
2022-07-28,856.3569946289062,859.9473047887991,835.1103937840326,843.9139841475022,1418272
2022-07-29,893.1943359375,937.6057082366151,882.3251253857253,884.2432354917147,9480378
2022-08-01,911.4900512695312,928.1627016290212,893.1943108209233,894.0304408623936,2767083
2022-08-02,922.9985961914062,925.4576962612257,902.391385635617,915.7688660007859,1898797
2022-08-03,912.572021484375,928.1135216726346,901.309331335314,919.7034115741209,1237195
2022-08-04,918.818115234375,929.1955654358997,909.0801150947324,919.7034152637161,1265730
2022-08-05,932.8349609375,935.6383709322815,919.7033910795155,919.7033910795155,2153657
2022-08-08,941.0484008789062,945.1797008900569,926.6872208436325,934.3596608800356,1356911
2022-08-10,950.7864379882812,953.1471980972893,934.5563773395659,944.2452677488034,1247420
2022-08-11,942.5730590820312,958.950689601993,939.4745689717823,955.1144694689823,1035579
2022-08-12,936.96630859375,948.7208190853357,935.3925085435611,944.2944389029781,653263
2022-08-16,963.0819091796875,965.639409226076,934.0153589095196,942.3271289961945,965828
2022-08-17,954.6718139648438,969.8690643537766,952.4094539153592,964.9508642302787,1182141
2022-08-18,958.0654296875,974.688970911307,955.1145094728568,955.1145094728568,2149414
2022-08-19,943.06494140625,975.2299845311601,938.9336409985009,965.3444135803287,1831816
2022-08-22,921.62158203125,943.9993937800566,918.326351751758,937.4089932576983,1465242
2022-08-23,939.5237426757812,943.5074725525359,909.8669735241045,914.7851733809916,1292054
2022-08-24,944.2453002929688,950.8848707871905,934.9498895937334,943.3108302160865,1250754
2022-08-25,933.57275390625,952.1635749946591,930.4251537537491,949.1634848287055,1538844
2022-08-26,938.835205078125,951.4257850046961,935.9826250784536,943.1140150410114,1280541
2022-08-29,942.1795654296875,944.2944154790029,919.2115950678419,919.7034150759039,680203
2022-08-30,969.4755859375,973.557716061424,946.9502653564864,948.2289853833926,1055038
2022-09-01,998.4929809570312,1011.9689215539419,961.9999594742427,967.8034597270291,3390887
2022-09-02,1009.067138671875,1020.4773394339113,1003.2145283027886,1005.2801484287455,2684334
2022-09-05,1021.0676879882812,1025.8874285808945,1005.2802158258999,1009.067206322921,1159599
2022-09-06,1037.297607421875,1041.576417396471,1024.7069674242268,1025.7889474068586,2050061
2022-09-07,1024.36279296875,1045.5601644344604,1021.0676227487197,1030.8547934164553,1263932
2022-09-08,1027.70703125,1045.3140896704065,1020.2312718372058,1031.6907008619223,1430694
2022-09-09,1036.56005859375,1041.3797993654355,1027.2645869485073,1038.7240189372308,1205966
2022-09-12,1033.3138427734375,1053.8227132107886,1029.920332727944,1041.7240129880881,1677576
2022-09-13,1021.7069091796875,1042.1174409618059,1017.6248988818659,1035.3304204278,903787
2022-09-14,1020.8707275390625,1032.330157301748,1007.7883878706544,1014.1328177018601,893907
2022-09-15,1024.5103759765625,1044.3798576141376,1014.5264051243481,1024.7562859971922,1604996
2022-09-16,1008.1326293945312,1026.4283088241862,995.7387297489997,1022.985568928753,1601671
2022-09-19,1010.39501953125,1023.9693003607206,999.5258689344829,1002.8210391140775,1895834
2022-09-20,1064.446044921875,1070.1510848506343,1016.5919351361815,1016.5919351361815,3241244
2022-09-21,1050.9700927734375,1076.4956223997028,1049.1996128463536,1058.3966226812124,2001040
2022-09-22,1049.0028076171875,1068.2330172367022,1042.6583777816797,1042.6583777816797,2452415
2022-09-23,1020.5757446289062,1053.0849750500142,1010.1982944511572,1050.5275350280776,1935689
2022-09-26,1008.0834350585938,1017.8707251517942,977.7873349134509,1017.8707251517942,1652899
2022-09-27,1017.9198608398438,1025.9365510974885,1004.0505604340954,1018.0674308589652,1417788
2022-09-28,1004.5423583984375,1024.2151585629113,1000.4602283496606,1007.4932784231086,1241220
2022-09-29,995.3453979492188,1020.0347393716256,993.1813778159367,1009.5589487472287,1056799
2022-09-30,1015.3623657226562,1019.1985856455806,968.1476468515616,994.460016222432,2086641
2022-10-03,979.2136840820312,1019.0018766565667,970.4100934985795,1018.2150366490193,1747293
2022-10-04,1017.9690551757812,1021.8052751721943,990.5746452840266,999.9683952320496,1378191
2022-10-06,1057.2161865234375,1065.0853055297207,1020.5756011504315,1022.7395608478685,2710620
2022-10-07,1067.101806640625,1069.4133365754078,1051.8062770191868,1062.3311767596394,1271663
2022-10-10,1049.19970703125,1059.0361077532918,1038.1337562189528,1048.953797013199,1019624
2022-10-11,1037.9368896484375,1052.839059802034,1031.5924596185787,1052.4948098134726,928746
2022-10-12,1069.9052734375,1075.3152939101187,1030.0678499573075,1033.2155702762373,1218634
2022-10-13,1059.970458984375,1078.4137093149538,1049.1504187904354,1069.905199147798,1370021
2022-10-14,1060.7081298828125,1088.7910988503675,1055.1014301240837,1073.1511994270218,1723553
2022-10-17,1057.462158203125,1063.1180878189564,1042.658329179351,1053.4783684444196,966318
2022-10-18,1110.5787353515625,1116.4313450341208,1071.970867252365,1074.1348271165286,3359533
2022-10-19,1152.2850341796875,1157.6459442432147,1113.3329140520543,1116.4314040780207,3440709
2022-10-20,1123.5628662109375,1145.989907761454,1114.2675156097334,1137.3338271450177,1988428
2022-10-21,1123.1202392578125,1137.432129713755,1116.4314389948881,1129.2187594415257,965954
2022-10-24,1127.349853515625,1136.0059341095061,1123.513633250763,1136.0059341095061,110280
2022-10-25,1138.0223388671875,1142.4487192129536,1126.8089380498477,1131.2844283555048,952625
2022-10-27,1106.15234375,1145.9405313366435,1100.6930940478146,1140.9239916518768,1269462
2022-10-28,1108.7098388671875,1116.97243879876,1096.0208589801198,1101.6767889232526,885662
2022-10-31,1127.30078125,1136.891272196208,1112.5461797942953,1114.2675499641275,1201542
2022-11-01,1119.3822021484375,1137.087720284353,1110.2835331063698,1131.1858809057146,1150562
2022-11-02,1096.758544921875,1124.9889634748745,1093.414145075179,1121.7921336354161,1142831
2022-11-03,1116.0872802734375,1125.9727913832323,1092.135667492688,1093.463557633018,1493565
2022-11-04,1095.922607421875,1122.8743693401807,1093.8077572578504,1118.3987589947626,1182660
2022-11-07,1094.54541015625,1104.4801501430197,1063.4131801371573,1096.758600156566,2256933
2022-11-09,1126.02197265625,1146.9243241905983,1096.807910541073,1101.7752208617555,3041336
2022-11-10,1087.8565673828125,1125.9726158906285,1080.0859077456155,1125.9726158906285,2235744
2022-11-11,1089.3321533203125,1123.8580160206325,1082.1024227817825,1119.3824056488868,2217061
2022-11-14,1082.74169921875,1106.2998285197193,1073.3478894565096,1091.7911389321866,1178046
2022-11-15,1085.151611328125,1111.4639816035158,1078.8071812910198,1084.9549313553634,1691513
2022-11-16,1100.2012939453125,1117.4149932247428,1086.6762445114744,1087.6106544430627,2034541
2022-11-17,1090.955078125,1111.5131777277093,1082.2498883140813,1100.397997921136,1597488
2022-11-18,1064.1510009765625,1102.8081043112704,1048.5603296581162,1094.7914136111476,2508863
2022-11-21,1031.2972412109375,1062.2327891923146,1028.0513014712997,1052.4947298269326,2657824
2022-11-22,1026.2315673828125,1039.5107061839938,1020.5756378934204,1030.8546269361534,1994682
2022-11-23,1034.789306640625,1038.133706741375,1028.543216494468,1032.2318665894322,1095450
2022-11-24,1035.4287109375,1041.3796611287519,1026.2317005886587,1040.0026611329229,1035756
2022-11-25,1020.477294921875,1038.3796154035408,1018.0674248922494,1036.313995367684,1461816
2022-11-28,1043.150146484375,1045.6092463110708,1012.1654886680074,1017.6738482651593,2723439
2022-11-29,1022.8380737304688,1042.2649645613253,1020.5757736776592,1036.0188743088386,1325447
2022-11-30,1031.0023193359375,1048.8061798276235,1015.3624188764966,1027.9530592638662,27363975
2022-12-01,1032.822021484375,1045.560111720051,1026.920181361607,1041.5272116508086,1621405
2022-12-02,1031.248291015625,1036.6583114930243,1014.1329294906568,1032.8220911398541,1040471
2022-12-05,1001.1487426757812,1036.2647013741905,993.9190129599111,1032.8219615025155,2896073
2022-12-06,1023.9199829101562,1029.2808928124214,991.607433778773,1000.3618535620564,1970222
2022-12-07,1008.4769287109375,1030.018669125264,1002.5750886014367,1023.969258998377,1319008
2022-12-08,1009.1654052734375,1019.4936252253636,1004.6899153382144,1013.5426752970083,988773
2022-12-09,1019.1986694335938,1024.2152097114079,1006.2637786648455,1017.6248693564902,1253296
2022-12-12,1020.8217163085938,1028.5923768306504,1014.919875867588,1018.0674760734905,903199
2022-12-13,1019.8380126953125,1030.6088227997852,1015.1164926073761,1026.1332127149028,1040540
2022-12-14,1011.9197387695312,1031.592540495306,1010.2475986521415,1028.8875302580118,747736
2022-12-15,1022.0511474609375,1035.18271689936,1008.1326180259948,1011.1818778843449,1711006
2022-12-16,1022.8380737304688,1034.3958442247758,1006.7064130625166,1015.1165234148791,1308612
2022-12-19,1038.8221435546875,1042.0682034701476,1016.9853843497821,1022.9855641247121,1806966
2022-12-20,1038.7239990234375,1054.3146713956428,1029.379417592829,1037.051858796738,1747561
2022-12-21,1016.4443359375,1046.0027649766778,1012.3622060595907,1034.8384753652965,1417265
2022-12-22,1022.1004638671875,1029.281085047813,1004.6900811049335,1016.3954229963964,1373045
2022-12-23,993.96826171875,1016.6903226577899,989.5418815329664,1010.1983223999567,931666
2022-12-26,998.935546875,1006.4112465742943,981.5743376463453,989.0499773090212,1043410
2022-12-27,1026.9693603515625,1031.8383301815604,1001.4930610731375,1003.9521610020735,1356572
2022-12-28,1064.987060546875,1067.642960791764,1023.2808174500037,1027.8546477374628,2613737
2022-12-29,1082.9876708984375,1116.9232518666447,1054.1669700468647,1060.2656102648086,2629509
2022-12-30,1067.6429443359375,1087.3648554801598,1064.3477741520649,1084.9549853642714,1035831
2023-01-02,1055.4951171875,1074.9220102641268,1042.6585651252851,1067.2495690197495,913740
2023-01-03,1024.5103759765625,1060.1673289678622,1017.7723453527082,1057.4130887075091,2199825
2023-01-04,1008.2802124023438,1033.3138019354049,1001.3455024942809,1029.6743820283268,1391583
2023-01-05,1013.345947265625,1015.0673173799389,997.4110262367055,1013.1000372492945,987083
2023-01-06,1007.7391967773438,1021.9527469846812,1001.8865266725815,1015.1164969001647,873454
2023-01-09,1004.394775390625,1018.9034653242533,1000.9028654139235,1012.7557153523769,1045256
2023-01-10,999.67333984375,1013.7886101460174,993.4764197280184,1009.4605700454247,1107876
2023-01-11,998.0504150390625,1010.1000058241106,994.4601047905002,1005.2801454954414,1194680
2023-01-12,989.0991821289062,1004.4931720211657,984.9187121621428,1003.0668820251811,834703
2023-01-13,985.7548828125,994.3125030679307,972.3281723511205,994.3125030679307,1944766
2023-01-16,972.5249633789062,992.8863251317475,963.278722571606,985.7549345203953,1237660
2023-01-17,970.5084228515625,992.492752674653,961.5572628956562,972.8691228121661,3049007
2023-01-18,985.656494140625,991.4599944152145,974.5905436449766,974.787283661113,2202723
2023-01-19,997.460205078125,1004.0506055815524,977.8858036266025,977.8858036266025,1285537
2023-01-20,954.0325317382812,997.7061149996641,951.7209415425245,988.5582743192588,1697151
2023-01-23,965.639404296875,968.8854043039702,952.7045142247674,952.7045142247674,948214
2023-01-24,967.7542724609375,976.6562632488949,955.0161814046473,967.9018424881624,1062016
2023-01-25,1020.9201049804688,1026.5760356727835,975.7709994393398,978.7219198005475,5461484
2023-01-27,1033.60888671875,1057.314585022733,1015.8541379487402,1022.9855274429339,3629172
2023-01-30,1016.7886352539062,1039.6582655976563,1001.8373550584726,1033.8056555389835,1451127
2023-01-31,1019.7888793945312,1026.8219301636273,1003.312907627125,1020.6741795041474,1311390
2023-02-01,1001.6898193359375,1040.6419412403563,983.640048461322,1024.9529304966975,1354579
2023-02-02,990.5198364257812,1010.2402925594364,978.6579151824219,1006.6322673814407,1224788
2023-02-03,1023.6838989257812,1027.835644246076,988.0981310326553,993.7325563489719,1252136
2023-02-06,1044.98583984375,1052.2512423250666,1014.3918961902567,1023.6837584425659,2089402
2023-02-07,1038.560546875,1064.8049725280262,1028.0330687208266,1038.9559683422615,1669515
2023-02-08,1027.58837890625,1043.5030987712857,1025.7595695540238,1032.9756197573647,582218
2023-02-09,1037.7205810546875,1042.5641029357766,1018.7414324221298,1027.588522128148,539534
2023-02-10,1062.976318359375,1074.4922902211954,1032.9755687959055,1032.9755687959055,1989509
2023-02-13,1056.8477783203125,1073.207272241611,1052.4489101428123,1065.546448133721,710879
2023-02-14,1065.94189453125,1075.5797057307473,1042.8605964584156,1058.7259646992545,1083378
2023-02-15,1093.7679443359375,1110.0780853947201,1071.5268428921431,1071.9716166547398,3016998
2023-02-16,1110.9677734375,1119.963039382365,1097.2276908335614,1097.6724646041057,2188324
2023-02-17,1091.1485595703125,1107.0139290020106,1079.5337605862878,1107.0139290020106,1382070
2023-02-20,1117.6895751953125,1122.9286391194614,1091.8405661706875,1092.235867046258,1635712
2023-02-21,1112.845947265625,1125.8445392850635,1101.6759232854586,1120.9515450926067,1622529
2023-02-22,1101.4783935546875,1113.9333879539272,1095.300308965212,1107.1127584340034,746146
2023-02-23,1104.44384765625,1112.895394772427,1097.1289715446903,1107.0139066506597,871201
2023-02-24,1092.5819091796875,1114.5264165202773,1090.308325873052,1108.1012087975441,979359
2023-02-27,1072.713134765625,1088.331380868166,1046.7158272224262,1085.3659002663455,1555124
2023-02-28,1067.8695068359375,1080.769273772195,1060.3568601921754,1078.1003897621285,1418799
2023-03-01,1050.718994140625,1072.712971932199,1047.802986924425,1071.5268281378083,1907551
2023-03-02,1054.5743408203125,1060.55477518396,1037.9677212469098,1048.0008344479218,1068509
2023-03-03,1058.0340576171875,1066.5845510427498,1051.7571476454918,1060.159342903938,847485
2023-03-06,1085.860107421875,1089.3198346644572,1059.6650297280382,1062.5316850050342,950986
2023-03-08,1097.030029296875,1100.1931599270613,1074.6406295371871,1086.3542522550229,1206161
2023-03-09,1074.047607421875,1098.1173988199464,1070.9831811912925,1095.2507436789813,906722
2023-03-10,1059.8626708984375,1075.3326181382085,1055.859344666435,1074.0476490016201,1066823
2023-03-13,1036.633056640625,1064.014398236122,1033.9641725303954,1054.7225354588259,972966
2023-03-14,1033.964111328125,1045.2329603839617,1025.2159687449612,1039.7962466054676,1076802
2023-03-15,1020.86669921875,1045.1836160691764,1018.4942905994051,1035.0515573260225,590578
2023-03-16,1041.4766845703125,1045.5789565594894,1014.6390630175637,1023.0412574214924,747118
2023-03-17,1034.8043212890625,1052.7949740836539,1028.6757102998456,1047.8030340044277,1797251
2023-03-20,1029.762939453125,1034.8042313662656,993.4358091196455,993.4358091196455,816115
2023-03-21,1041.921630859375,1045.5790085743954,1031.14702748401,1031.14702748401,972168
2023-03-22,1042.6629638671875,1063.8166276625127,1038.9561133424404,1046.2708685120424,658312
2023-03-23,1035.447021484375,1060.8512581366058,1030.8505022200593,1044.8377104620376,1063113
2023-03-24,1030.0101318359375,1051.6086886822748,1028.3790935784893,1036.8801127599263,753161
2023-03-27,1034.606689453125,1043.7502538291913,1018.1482494430647,1030.3067670958994,521344
2023-03-28,1022.3988037109375,1037.9181023077342,1017.3573906814527,1030.5044015769647,435620
2023-03-29,1066.781982421875,1069.0555654088553,1018.1481575322431,1018.1481575322431,977216
2023-03-31,1064.80517578125,1072.5154735346973,1052.6467778355382,1066.7821628292402,911502
2023-04-03,1072.2681884765625,1084.8220060721442,1060.6533913209048,1064.805015229415,842497
2023-04-05,1077.4083251953125,1087.0461357749266,1070.9831181422364,1077.952044827621,739800
2023-04-06,1086.0576171875,1088.3806731392024,1068.0670861225149,1071.2302166397558,630530
2023-04-10,1094.90478515625,1098.2162140537846,1084.2290077164485,1087.0461898929868,1236292
2023-04-11,1115.8607177734375,1124.5595077049304,1092.8782468965912,1094.9047065735158,1112123
2023-04-12,1122.6318359375,1130.8363789109096,1110.769915878994,1118.9744588524036,1393983
2023-04-13,1149.568359375,1156.0430394569642,1121.5940683570343,1122.6319140349383,2035284
2023-04-17,1156.1912841796875,1159.5027128069096,1142.8466238021144,1152.5832592777977,2075441
2023-04-18,1131.7755126953125,1159.3051514548545,1129.1066286810606,1159.1568533061286,1071740
2023-04-19,1156.6856689453125,1170.7717010254505,1133.8020207661923,1133.8020207661923,2292305
2023-04-20,1114.97119140625,1154.5604042178463,1111.5609371087057,1154.5604042178463,2592124
2023-04-21,1080.3739013671875,1117.4918798304027,1071.5269329820048,1115.3172424393424,2877179
2023-04-24,1089.1221923828125,1104.6414921494102,1075.5304066852248,1077.4579207542345,1329750
2023-04-25,1098.71044921875,1105.1356565241229,1089.4680597664697,1090.3082550501856,908834
2023-04-26,1112.5494384765625,1115.8115153052393,1093.8175348466843,1100.1932696796216,1009517
2023-04-27,1119.4688720703125,1122.6320029568988,1109.485112002209,1110.5724307028663,733407
2023-04-28,1125.25146484375,1128.4640684710832,1113.0435951930235,1125.8445367648867,713046
2023-05-02,1144.6259765625,1153.5718908201477,1123.966559369153,1135.2847614455352,932329
2023-05-03,1143.9339599609375,1153.275174102636,1129.9962274853497,1146.6523167463276,642953
2023-05-04,1155.598388671875,1166.422344363882,1134.3951304363416,1146.6524741204264,632211
2023-05-05,1200.9700927734375,1220.7399621678935,1176.3072289701363,1176.3072289701363,5319185
2023-05-08,1215.6494140625,1229.1422544652971,1207.494342288375,1209.9161032156164,2132720
2023-05-09,1215.797607421875,1224.8423476406697,1206.2092681438105,1215.8470803662258,848071
2023-05-10,1226.7698974609375,1231.1686452374531,1212.0906725608256,1216.8354895923762,801636
2023-05-11,1225.5343017578125,1231.6629132524952,1217.0331610406754,1230.6249468008855,555502
2023-05-12,1223.211181640625,1235.567349868704,1217.08257046578,1224.150322825382,482504
2023-05-15,1220.295166015625,1226.1766537864376,1213.079115552572,1222.7663996446563,436418
2023-05-16,1229.78466796875,1238.1868622319653,1220.7894017730368,1225.089324115777,673132
2023-05-17,1237.5938720703125,1242.3386891752052,1211.4482670488496,1220.789482433575,691664
2023-05-18,1226.275634765625,1239.0765770641449,1205.962045487241,1237.5938368442835,516649
2023-05-19,1225.8802490234375,1230.3778220888744,1207.1482246329845,1221.2837300745553,615310
2023-05-22,1224.9410400390625,1232.700810186214,1210.9044812573006,1214.0182597708176,418657
2023-05-23,1246.638427734375,1251.333771204308,1215.8468353720975,1224.9903989714405,793692
2023-05-24,1258.2532958984375,1264.2830816150642,1232.6512922392378,1248.4177139899712,1070539
2023-05-25,1268.3359375,1272.6853328677962,1247.824698154752,1250.4442299633104,1004944
2023-05-26,1278.319580078125,1286.0298766440367,1255.732530666824,1263.3440020286998,1409077
2023-05-29,1284.8438720703125,1289.8356917390602,1263.8383856448352,1281.433497168869,875198
2023-05-30,1267.9405517578125,1291.9115188978953,1265.3211405410514,1284.1025168569925,531133
2023-05-31,1287.8094482421875,1301.846008418991,1263.3442328220128,1265.2717469827703,3346979
2023-06-01,1257.4625244140625,1275.6508284727354,1255.3867122513552,1271.2520807787675,727641
2023-06-02,1290.5277099609375,1294.926457676839,1266.853218736047,1272.092282441786,1923687
2023-06-05,1279.802490234375,1297.8424966664727,1272.33943668518,1294.877016157087,551021
2023-06-06,1316.67333984375,1323.5927943324184,1271.2026389182151,1281.087573902027,1703583
2023-06-07,1331.994873046875,1338.9143269328326,1312.6697785705271,1327.4971797547225,1067501
2023-06-08,1310.8411865234375,1335.850119964,1302.7355882114962,1334.4167320111083,511069
2023-06-09,1320.6273193359375,1335.5535470904995,1315.6848518234526,1316.6733453259496,805323
2023-06-12,1324.1859130859375,1368.8658931908772,1319.7871651290038,1352.2591535650208,2237766
2023-06-13,1330.611083984375,1337.431713307333,1324.9272463261952,1330.1168372314899,651920
2023-06-14,1330.3638916015625,1334.4661635708658,1317.6617748444178,1331.4512102683682,663045
2023-06-15,1317.513427734375,1341.3855679065296,1314.6962456268861,1333.1316720013356,808772
2023-06-16,1337.2833251953125,1341.187946679886,1307.727347227733,1323.5927151944404,1182213
2023-06-19,1322.5548095703125,1345.1419822279709,1320.6272955414568,1336.5420165117712,445580
2023-06-20,1328.3375244140625,1333.5271149407597,1311.7307864623501,1317.6617470642898,1139873
2023-06-21,1335.3558349609375,1340.9408471251518,1321.170977988609,1328.3375555506057,846723
2023-06-22,1310.890625,1333.428203469456,1307.7768464705007,1330.4133708184372,558699
2023-06-23,1286.277099609375,1314.6468133095018,1280.3956118582305,1312.3733507778184,705445
2023-06-26,1275.50244140625,1299.7700027728451,1274.3162975861599,1286.277043657249,607694
2023-06-27,1289.1932373046875,1294.4817743201654,1274.1681836382345,1276.1451707346475,882785
2023-06-28,1314.7457275390625,1323.4443972753513,1282.1747968019565,1294.8275609019963,1266056
2023-06-30,1310.396484375,1324.630815472638,1303.2299062157924,1314.7458800806276,875476
2023-07-03,1303.1802978515625,1323.0984647297948,1297.8918820995298,1319.6387377021115,651040
2023-07-04,1288.7484130859375,1314.6963677118288,1285.0910353668585,1306.6895944175533,576982
2023-07-05,1304.6136474609375,1308.6169733618199,1278.616222577883,1292.9493769863711,1700571
2023-07-06,1299.3251953125,1312.4722067493847,1289.0449597417376,1308.2216365557645,1151516
2023-07-07,1306.788330078125,1327.4478671451786,1295.8160770071302,1304.6136927724156,1205329
2023-07-10,1294.18505859375,1317.3651818944134,1291.2690511618448,1311.681344516591,588008
2023-07-11,1327.4478759765625,1339.408622568945,1295.9643837784702,1300.956203293419,1492542
2023-07-12,1323.246826171875,1338.8155985411352,1315.882477318419,1329.3260852301564,831708
2023-07-13,1314.44921875,1332.4892249482987,1310.0998232594602,1323.5927835354391,841814
2023-07-14,1335.20751953125,1337.3328045690675,1307.430877886987,1320.6272412317232,1109229
2023-07-17,1327.4971923828125,1347.3165337538358,1324.0869383442869,1330.6604437316184,739899
2023-07-18,1330.6605224609375,1352.3085538097525,1323.1479961448042,1330.9076458309794,1011369
2023-07-19,1318.7491455078125,1337.6293470999851,1312.1262873678343,1333.082301163156,810110
2023-07-20,1329.6719970703125,1332.48917928804,1315.6847905284728,1318.6502708978082,898508
2023-07-21,1327.4971923828125,1329.4741792261784,1315.8330424063745,1316.1789909708234,768440
2023-07-24,1292.059814453125,1357.201559466716,1280.0990673775652,1329.424916577997,2508323
2023-07-25,1368.074951171875,1372.4736988107336,1298.5344602653186,1317.6617846185761,5467323
2023-07-26,1356.2625732421875,1384.7805869688568,1349.6890672453449,1376.9714640803413,1745448
2023-07-27,1340.199462890625,1362.094496195744,1330.7098292726557,1360.1669822415522,991461
2023-07-28,1342.225830078125,1354.9279469963626,1329.96848695377,1340.1994908701306,722899
2023-07-31,1360.8590087890625,1363.577366025136,1331.7973952341595,1338.4202536884884,771838
2023-08-01,1353.9393310546875,1363.42896401236,1343.411973115631,1359.178394222332,325587
2023-08-02,1363.8739013671875,1379.9369206802637,1346.8718614990155,1359.1785572602882,1941995
2023-08-03,1347.5638427734375,1375.3899605607694,1338.815698919385,1366.0486240394177,1042110
2023-08-04,1343.1650390625,1369.0140479974905,1330.9570475959197,1356.2131052196107,539333
2023-08-07,1324.8778076171875,1341.7810213299772,1316.3273152169534,1341.7810213299772,866160
2023-08-08,1316.228515625,1329.7708277678757,1303.130977273077,1329.424879189834,1246119
2023-08-09,1324.581298828125,1334.070812358229,1301.8459481765974,1315.7836824863482,1333966
2023-08-10,1334.07080078125,1339.8041113359925,1315.9814421670917,1327.003048137336,960273
2023-08-11,1334.1202392578125,1346.3775824496327,1326.8053634283626,1336.443174784985,724490
2023-08-14,1329.4249267578125,1337.2340495084986,1305.602257639966,1337.0362784098943,951927
2023-08-16,1324.334228515625,1330.0675393498464,1307.2332419001539,1318.650390625,1426246
2023-08-17,1321.2698974609375,1325.5203472290996,1308.8642554264525,1323.4940078974673,702360
2023-08-18,1325.965087890625,1329.5236400431022,1314.053694001654,1326.558159805088,727872
2023-08-21,1333.971923828125,1344.7958789452575,1313.8561060569295,1324.6307089005015,1480040
2023-08-22,1337.975341796875,1341.3855958930337,1320.2812851165825,1330.709818492158,819736
2023-08-23,1339.705322265625,1351.0729977994495,1333.7743611175426,1339.30990072261,919117
2023-08-24,1346.8223876953125,1367.2841547870419,1339.0132649472766,1349.293621434203,1183583
2023-08-25,1324.1859130859375,1342.3742182319431,1305.8987827197438,1339.40873763202,1437121
2023-08-28,1333.724853515625,1336.3937376966205,1320.5778417127408,1321.566335211733,784438
2023-08-29,1364.714111328125,1372.770357541529,1327.596252547941,1339.4087016876845,1231116
2023-08-30,1399.2618408203125,1404.7479066347876,1369.1621452473796,1375.4885269605022,2457022
2023-08-31,1403.5618896484375,1419.8720317577427,1393.0838830931764,1404.6492083225833,2229952
2023-09-01,1437.3682861328125,1443.595843067463,1397.7791962833167,1403.3147354109485,1801951
2023-09-04,1436.1328125,1452.0970072712853,1427.0387202170036,1444.1890589675616,1530060
2023-09-05,1441.1246337890625,1447.1544197381638,1435.2924982649001,1440.1854926063395,554308
2023-09-06,1461.042724609375,1466.973685035652,1442.360175133463,1443.1015451867477,1249970
2023-09-07,1462.772705078125,1469.1979127205611,1457.0393946078218,1461.0428414820847,645256
2023-09-08,1463.5140380859375,1469.7414744743726,1457.1381828798972,1466.9242922511016,515325
2023-09-11,1471.86669921875,1478.6378549980668,1459.0657577235238,1467.5173040469513,754214
2023-09-12,1454.7657470703125,1481.3068924611937,1445.1774089706464,1481.3068924611937,623844
2023-09-13,1437.6649169921875,1458.571577871732,1422.6397439523228,1449.1314170320145,801352
2023-09-14,1447.1048583984375,1450.5645852834587,1434.6498657455015,1438.702664534815,285610
2023-09-15,1485.6068115234375,1491.0928777027743,1446.1658992294927,1446.1658992294927,1369061
2023-09-18,1508.3916015625,1513.5811924151499,1472.4105348500286,1490.4010682062642,1464894
2023-09-20,1494.7010498046875,1515.756010361745,1491.5872710369938,1506.958393769078,537988
2023-09-21,1481.65283203125,1492.6250850131066,1474.9310284152411,1488.6711112779726,542059
2023-09-22,1476.9080810546875,1481.2574764901692,1466.034652798837,1472.805808988657,1048434
2023-09-25,1498.111328125,1503.6468674290325,1472.1633745132476,1480.7632194440027,1238681
2023-09-26,1513.383544921875,1526.2339603914925,1499.7422863878433,1505.2779465073233,1247558
2023-09-27,1510.6651611328125,1517.1398416944794,1501.5710693811525,1514.1743612538455,1087855
2023-09-28,1506.365234375,1528.8039880461736,1495.145857539413,1512.296195239526,4734327
2023-09-29,1504.2894287109375,1517.3869673434067,1482.690749603318,1499.0503649916666,775781
2023-10-03,1512.39501953125,1526.8270001596484,1504.3387735620433,1519.3639468090985,791678
2023-10-04,1478.835693359375,1512.3949981567673,1475.771267091983,1512.3949981567673,797755
2023-10-05,1480.9114990234375,1496.925044785272,1472.3115335348407,1489.659641998249,586529
2023-10-06,1483.9759521484375,1499.149304112199,1477.7978674184274,1486.6943094296419,537906
2023-10-09,1504.9813232421875,1516.200700106615,1477.847225483513,1481.7517264630799,1131037
2023-10-10,1510.516845703125,1541.0118450857542,1504.981306410389,1512.4938326409383,1691714
2023-10-11,1532.4119873046875,1552.0335583645785,1524.899461137222,1548.9692527698405,1007780
2023-10-12,1579.4642333984375,1582.4791866842586,1535.2291515543732,1547.980741179993,1822514
2023-10-13,1582.479248046875,1587.4710677586147,1561.0288669717497,1561.0288669717497,810988
2023-10-16,1583.27001953125,1598.690614944785,1575.955264030542,1588.4102582243327,582454
2023-10-17,1590.8814697265625,1597.3560297793772,1582.8252235345249,1592.4630352000747,456174
2023-10-18,1582.1826171875,1588.508999501606,1565.427701208884,1588.508999501606,359998
2023-10-19,1580.6505126953125,1597.355955607325,1566.366709824047,1570.7161051735277,830994
2023-10-20,1578.080322265625,1591.2768063747499,1572.396484919915,1580.650501771901,597980
2023-10-23,1567.00927734375,1589.942277640391,1561.9679847669383,1565.7736605030752,950311
2023-10-25,1556.72900390625,1589.942362217228,1551.934834442548,1567.1081859200378,890501
2023-10-26,1558.854248046875,1564.93350719935,1530.6821833231363,1547.832521399007,988912
2023-10-27,1573.5333251953125,1581.5895712067886,1560.8312080846995,1566.762168976725,737466
2023-10-30,1590.2884521484375,1597.059608750372,1545.163698007077,1566.2185379663563,912901
2023-10-31,1572.4954833984375,1615.1983536622704,1567.2069467238307,1615.1983536622704,2389756
2023-11-01,1542.8900146484375,1580.0573451350144,1540.0728323808823,1573.6816104944573,1697994
2023-11-02,1551.984130859375,1556.382878279563,1536.613010025774,1551.9346579224605,802352
2023-11-03,1580.6998291015625,1582.8745870598086,1554.4059278416423,1559.7438165282615,552856
2023-11-06,1596.6640625,1598.3939260563382,1581.7871876492106,1588.4595185093717,505748
2023-11-07,1591.9686279296875,1603.435127288621,1586.136492710062,1598.4926602661758,342837
2023-11-08,1627.999267578125,1629.9762545125727,1593.4514691649322,1596.2192991394415,589975
2023-11-09,1627.949951171875,1634.819932654161,1615.7420807158321,1633.9797373216504,442148
2023-11-10,1613.1717529296875,1626.0716400425047,1610.0580952579094,1626.0716400425047,390701
2023-11-13,1629.0867919921875,1632.9912931253243,1616.878800501931,1630.3224088907386,364986
2023-11-15,1653.8978271484375,1657.4069064692462,1628.0981724370638,1634.2267835131574,1011532
2023-11-16,1664.771240234375,1669.0711625371462,1649.0541705079029,1655.2322544675458,468330
2023-11-17,1727.4910888671875,1734.4600157937177,1670.5538916059477,1677.2756951757315,1721816
2023-11-20,1699.4674072265625,1744.5921585022909,1686.3698686802475,1734.7565760246903,1110928
2023-11-21,1704.805419921875,1718.2489080275784,1695.8101527775548,1711.9719981374367,521686
2023-11-22,1719.2867431640625,1723.9326142136076,1704.7064644601344,1709.9948803992652,2016499
2023-11-23,1755.6138916015625,1764.4113870318824,1728.4303209297232,1733.817562123859,1599755
2023-11-24,1779.2386474609375,1797.476423094428,1758.2826356425383,1762.4837325934761,1298959
2023-11-28,1803.1109619140625,1808.8936247324998,1778.2997992976925,1779.288292793689,957141
2023-11-29,1842.205810546875,1854.1170840151249,1801.5787545836429,1808.9429823932253,1212566
2023-11-30,1843.0460205078125,1876.1605507770598,1828.7623385534782,1831.9254692979907,2171737
2023-12-01,1887.8248291015625,1901.8613877511157,1846.209158543884,1861.333156515255,1269657
2023-12-04,1882.0421142578125,1935.4702351543788,1868.2526784687313,1935.4702351543788,818769
2023-12-05,1881.1031494140625,1901.4167393095952,1873.4423247120346,1895.9305520631488,970173
2023-12-06,1867.01708984375,1878.6813613582965,1850.2127004182867,1867.3630384340734,1053331
2023-12-07,1898.1051025390625,1906.8038932941934,1872.0089716050816,1872.552570611211,720562
2023-12-08,1880.806396484375,1907.792315324941,1864.8916764326802,1902.3556014729786,493461
2023-12-11,1910.1646728515625,1917.677198568485,1881.1029427194985,1885.2052144681327,674733
2023-12-12,1915.502685546875,1928.8966996038203,1903.9867125416524,1913.723349042846,716644
2023-12-13,1999.0303955078125,2003.676266557178,1909.8188597126546,1917.677334544117,2224533
2023-12-14,2025.176025390625,2034.813836859842,1983.0167541639335,2002.6877986291183,1066303
2023-12-15,1995.323486328125,2030.5631810154503,1980.743208053417,2028.3885437085548,902030
2023-12-18,1976.6409912109375,2011.8808075458758,1973.5766855874008,2000.7107830697669,936244
2023-12-19,1946.0469970703125,1986.476403107383,1935.5689906855644,1981.9293573931382,1139789
2023-12-20,1926.7713623046875,1975.7512604549167,1920.7910494004184,1961.1709822351745,743248
2023-12-21,1923.3116455078125,1949.2595984098887,1902.5532831861512,1913.7233073683742,733570
2023-12-22,1944.86083984375,1965.9157983456967,1912.141731169354,1927.5622046736023,1070784
2023-12-26,1973.2305908203125,1987.7615170392792,1944.8608768674856,1944.8608768674856,890867
2023-12-27,1990.430419921875,2002.6877630390659,1967.645717919497,1985.5867778031013,477198
2023-12-28,1981.484619140625,1998.7337818003646,1972.390406883356,1992.2591013526815,1261169
2023-12-29,2002.4901123046875,2006.6417365968812,1976.9869326077646,1989.8373476697152,476136
2024-01-01,1995.8177490234375,2023.0013189057197,1988.848821932789,2008.618690938085,474552
2024-01-02,1946.491943359375,2016.3290312476054,1929.6875543454116,2001.6992796044603,1407673
2024-01-03,1974.9111328125,1992.704015317244,1937.7931546543757,1954.2515951044056,837553
2024-01-04,1959.7872314453125,1990.9247773702198,1956.5252752240358,1984.894991022666,982876
2024-01-05,1956.525146484375,1988.1074641495172,1946.5907389814477,1966.9043277763924,2259906
2024-01-08,2014.35205078125,2039.1630921945543,1957.2170796837936,1971.8468313739756,2195125
2024-01-09,1995.66943359375,2025.4230620559654,1981.9293506208935,2015.5381276389035,1424396
2024-01-10,1997.00390625,1999.6727903172782,1969.8698091250867,1991.9131408139572,650058
2024-01-11,2063.331787109375,2071.38791175592,2000.0187368159106,2001.254353561172,1305313
2024-01-12,2061.7998046875,2075.8363642173517,2039.0644540317862,2075.8363642173517,765951
2024-01-15,1998.33837890625,2084.6832595542182,1987.8603722359599,2074.155900609751,1349721
2024-01-16,2010.249755859375,2020.3818138586344,1990.1832902872422,2006.641730585034,1347953
2024-01-17,1993.59375,2023.94045235015,1980.3972651700567,2000.364906378994,727553
2024-01-18,1988.354736328125,2002.7373654612138,1957.2171901216443,1992.8029572147652,815604
2024-01-19,2013.561279296875,2021.469227374624,1987.8604480441902,1992.6052651571244,747716
2024-01-23,1964.4825439453125,2022.4082392322007,1955.8332257725265,1992.259187315632,910575
2024-01-24,1977.9259033203125,1991.8142844383851,1937.2494947389102,1952.27454678204,903005
2024-01-25,1918.7646484375,2031.354078683565,1900.9224137224528,2031.354078683565,2078701
2024-01-29,1942.093017578125,1951.286054856649,1905.7658835781342,1918.6657712648205,1563040
2024-01-30,1935.07470703125,1973.8730740103072,1931.0219081168964,1950.3963551376291,1011435
2024-01-31,1978.3214111328125,1983.7581252977327,1929.5887547448635,1937.496702621111,1064182
2024-02-01,1972.2916259765625,2001.5510089998704,1962.1595677551568,1993.791359275643,588605
2024-02-02,2021.7657470703125,2025.0278237950383,1974.5651837701157,1974.5651837701157,830770
2024-02-05,2000.859130859375,2053.743412145029,1987.0695742128178,2025.6702934361253,829877
2024-02-06,2023.9404296875,2044.204546321734,2000.8591307275026,2010.5957675137363,707510
2024-02-07,2040.2010498046875,2051.0250050384298,2016.477206516961,2030.4645339208646,413546
2024-02-08,2010.3486328125,2049.6907219323484,2003.182055018823,2044.204534803319,223855
2024-02-09,2014.154296875,2022.4576662655368,1982.621330633417,2021.2715223521923,235265
2024-02-12,2012.3255615234375,2030.8103409621722,1992.3580418944607,2020.4806325697684,309481
2024-02-13,2020.727783203125,2036.494205839173,1997.7453099442414,2011.5842185732465,436456
2024-02-14,2063.9248046875,2080.778665900864,1997.942868369741,2007.6301522302394,597383
2024-02-15,2068.916748046875,2093.8267342052386,2027.844797782817,2080.7786692014674,754820
2024-02-16,2114.14013671875,2160.8464471617476,2072.9694855274756,2074.6004030103923,2287490
2024-02-19,2096.00146484375,2135.145902930033,2068.817894320335,2128.226448614982,981429
2024-02-20,2093.826904296875,2113.893370813104,2069.7572321308944,2109.3462041352273,611276
2024-02-21,2069.4111328125,2114.387586857386,2057.05496411885,2097.583197434022,407855
2024-02-22,2104.156494140625,2109.197907288148,2066.7916346478187,2080.235000822198,482482
2024-02-23,2091.602783203125,2114.3876067549168,2080.1364033463647,2110.43363273574,345944
2024-02-26,2137.221923828125,2142.0654455156878,2063.974457884982,2082.805307598924,661221
2024-02-27,2108.60498046875,2143.2022557166447,2102.9211423923102,2142.0655846339328,626537
2024-02-28,2070.448974609375,2117.501117363434,2048.010221878789,2110.433485828701,808633
2024-02-29,2114.585205078125,2134.5527251166086,2060.860729215387,2067.9283610679236,1749636
2024-03-01,2216.795654296875,2248.822747665118,2097.2371705371875,2115.326650136339,1643917
2024-03-04,2206.663330078125,2241.6064268434848,2194.455340099518,2237.3558569725083,794390
2024-03-05,2254.654541015625,2263.5509817793295,2206.3667823359137,2213.2367633260496,942601
2024-03-06,2253.76513671875,2268.790189363925,2205.4279020295853,2268.790189363925,1248715
2024-03-07,2233.69873046875,2286.8302564930045,2229.151805133435,2257.719170965535,873474
2024-03-11,2242.249267578125,2277.8350326309783,2229.10225611176,2249.8111461192902,715668
2024-03-12,2216.795654296875,2253.6170377476556,2206.712827374072,2245.5606707978245,471203
2024-03-13,2121.553955078125,2231.5238455859603,2101.2898404227485,2216.7953904909523,999329
2024-03-14,2125.063232421875,2175.2787471292686,2084.633706177333,2115.2277710210483,970661
2024-03-15,2042.6722412109375,2134.15735826239,2031.3045665374696,2128.2263975631895,1517532
2024-03-18,2008.0750732421875,2043.9574355751517,1988.8983958658414,2037.2851044470501,1291028
2024-03-19,2026.2857666015625,2040.3778217773481,1994.7273452200727,2016.2128654804771,895151
2024-03-20,2019.487548828125,2089.0053280352913,1990.5591396557725,2040.0302130980144,1492834
2024-03-21,2039.4349365234375,2065.1380407969855,2007.9261860326437,2064.3440710676673,1087462
2024-03-22,2035.21728515625,2069.157372009804,2019.0410903376242,2046.3321348125737,833468
2024-03-26,2067.123046875,2072.134723854847,2012.9379389567778,2037.6984337498134,1066097
2024-03-27,2107.017333984375,2117.7849881250013,2068.313672064565,2084.0433341436283,1315796
2024-03-28,2135.49951171875,2148.5494960391325,2088.4098612681123,2123.7394556691656,934714
2024-04-01,2122.846435546875,2178.32159006062,2112.0291123479055,2157.4811557137987,591922
2024-04-02,2134.209228515625,2158.7711671854763,2100.814770568929,2158.7711671854763,899959
2024-04-03,2088.409912109375,2133.663523760091,2085.23427532182,2133.663523760091,718065
2024-04-04,2070.84423828125,2102.750093059114,2052.0382776169245,2102.750093059114,797799
2024-04-05,2053.67578125,2078.0889576089085,2044.3473030918583,2070.149744781367,586351
2024-04-08,2116.742919921875,2122.746997989942,2050.599450956696,2064.195304263244,935056
2024-04-09,2083.1005859375,2127.7089885224073,2080.0737126599656,2127.7089885224073,546070
2024-04-10,2081.462890625,2126.1209598722894,2073.2261516811477,2084.9859645449483,592948
2024-04-12,2031.2972412109375,2093.123789741717,2022.9114959396538,2081.9592714642686,770726
2024-04-15,1984.9521484375,2031.0988243246666,1973.688414143059,1995.8188978505927,1014530
2024-04-16,1960.588623046875,1986.1926333888337,1945.8018146290083,1974.978446586809,1225387
2024-04-18,1925.9537353515625,1973.3905802563736,1912.8044141605155,1964.9551666621169,2514361
2024-04-19,1884.620361328125,1906.8500608954657,1858.7682504449117,1903.4263237337645,2046537
2024-04-22,1928.4844970703125,1935.1832081755356,1875.7383253984083,1884.5210557300338,1222136
2024-04-23,1938.259521484375,1957.015935766677,1903.9224506938995,1935.7289701151676,1278413
2024-04-24,1949.3746337890625,1956.122892407297,1926.2019580592284,1944.1148565215549,1129487
2024-04-25,1990.509521484375,1998.7960506669604,1936.4733024880013,1953.046360853172,1052042
2024-04-26,2001.1778564453125,2023.3084609146867,1980.4863070032081,1991.750041103765,809102
2024-04-29,2021.1251220703125,2026.4841150654463,1996.9601667680922,2004.651279349756,420629
2024-04-30,2044.3472900390625,2089.402225633472,2028.1710955491199,2033.4308724708928,1223892
2024-05-02,2057.198974609375,2101.7579545573712,2050.8477008935192,2101.7579545573712,1595338
2024-05-03,2037.15234375,2070.0009329687473,2020.3807328161115,2068.065556058929,527068
2024-05-06,2041.2213134765625,2054.2712975102963,2015.0714345867907,2044.347281580295,304143
2024-05-07,1964.5582275390625,2049.3093503233636,1958.0084010595624,2047.3742156167305,725249
2024-05-08,1981.4786376953125,2009.6131982421482,1903.922430038302,1964.558142309795,2130967
2024-05-09,2047.9200439453125,2106.8686022228203,2008.5216276382419,2008.5216276382419,5353261
2024-05-10,2047.870361328125,2071.4895677636355,2007.3803277651848,2064.195319120793,1125560
2024-05-13,2052.882080078125,2069.554233400972,1960.4397241626016,2047.870403459467,1593052
2024-05-14,2118.5791015625,2123.6898731715532,2049.3094175860156,2059.0350022621797,1387841
2024-05-15,2083.99365234375,2133.5640628761425,2069.157297159356,2123.7393841347825,724319
2024-05-16,2111.731201171875,2117.735279119758,2074.6154794158433,2103.8913256931774,535364
2024-05-17,2167.8515625,2175.9892069220373,2098.978990412672,2111.7312052239104,1090700
2024-05-21,2139.5185546875,2182.737693676293,2125.8236061660623,2182.291161404603,772583
2024-05-22,2126.02197265625,2153.511448215533,2104.983107425723,2150.5342434484146,609077
2024-05-23,2158.622314453125,2164.427960918642,2120.811957618589,2127.4610001005676,457984
2024-05-24,2221.4912109375,2236.873437325497,2143.5876772950637,2148.599354349558,1224582
2024-05-27,2232.457275390625,2247.1942951500705,2191.669468922501,2242.8278246181394,809083
2024-05-28,2234.541015625,2253.694415389821,2209.7309750709705,2232.903649862655,678357
2024-05-29,2236.724365234375,2247.8888828458407,2198.2191360372794,2213.651028837346,518041
2024-05-30,2213.899169921875,2242.0832779848715,2205.8109516433556,2227.8918868807855,741013
2024-05-31,2162.691162109375,2221.78872517179,2129.4457088889258,2210.227101292456,2814422
2024-06-03,2232.903564453125,2237.865572374132,2190.5280652648344,2217.5710084343223,895334
2024-06-04,2194.646484375,2235.880819584772,2053.278923977316,2233.896016371647,1169349
2024-06-05,2333.93017578125,2352.0911738641926,2185.1690277371204,2206.2081358861974,1794260
2024-06-06,2379.9775390625,2391.6382582074234,2317.7540053590405,2342.0678452782427,1606531
2024-06-07,2389.355712890625,2411.188548982128,2369.0114792599065,2381.763937254848,747356
2024-06-10,2418.333984375,2426.3722921248836,2393.672707206188,2401.264482684226,1482253
2024-06-11,2423.891357421875,2433.368841620207,2399.627185578165,2421.460021840663,937870
2024-06-12,2402.108154296875,2429.4985363003734,2397.2454832061167,2429.4985363003734,630482
2024-06-13,2423.09716796875,2442.300235036543,2392.680157120319,2422.2041034804724,990069
2024-06-14,2484.82470703125,2499.859493533884,2423.0971370623674,2427.811044404283,813619
2024-06-18,2452.373046875,2491.4738141694347,2434.658824192326,2490.927944847918,1090211
2024-06-19,2419.22705078125,2455.2512780685765,2411.684701549959,2451.281671585908,674896
2024-06-20,2409.50146484375,2430.689336345163,2370.3512693915054,2413.1733023806732,759638
2024-06-21,2416.894775390625,2450.189897743533,2406.57389559795,2421.4599196944323,1274845
2024-06-24,2421.162109375,2444.2851148667805,2408.608326182411,2416.8947340831664,838611
2024-06-25,2396.35205078125,2464.6789965928706,2388.5618437365315,2422.1544919044527,709617
2024-06-26,2358.6904296875,2401.5621290214935,2335.120892418087,2401.5621290214935,1328074
2024-06-27,2326.338134765625,2384.9394982327362,2316.81122469079,2350.8506483357583,2892926
2024-06-28,2346.880859375,2357.9460395402807,2309.4177015498126,2345.044819626971,531757
2024-07-01,2336.708984375,2370.5000661848976,2322.567261090231,2346.881101123693,531888
2024-07-02,2320.58251953125,2351.396397258495,2297.1617434313766,2336.7090465128936,879900
2024-07-03,2297.0126953125,2355.1672800311057,2283.714369340413,2332.1436128212113,745901
2024-07-04,2347.97265625,2375.7599026972193,2300.138944751541,2302.3718484839073,1348615
2024-07-05,2411.684814453125,2420.4676661214194,2351.049217963037,2351.049217963037,1253460
2024-07-08,2380.02734375,2427.364855721063,2363.3052784245615,2427.364855721063,752377
2024-07-09,2419.673583984375,2428.9029675172405,2379.2828864647945,2384.840432456889,761404
2024-07-10,2421.7080078125,2457.6328973260133,2388.164785228124,2433.368726628931,1400944
2024-07-11,2456.888427734375,2472.965284118042,2425.6277794328716,2425.6277794328716,2112524
2024-07-12,2420.9140625,2472.0724140253587,2406.673244747579,2461.1559962998354,742628
2024-07-15,2432.2275390625,2436.8917780885486,2405.879228333511,2426.421892834139,320518
2024-07-16,2436.742919921875,2454.0605225813847,2418.3834893559924,2440.3156627840544,424872
2024-07-18,2389.30615234375,2446.22023785749,2364.8929764448317,2441.3078984701156,894461
2024-07-19,2386.279296875,2399.329280897629,2351.991773408913,2392.233706427934,858204
2024-07-22,2407.66552734375,2422.4025451733996,2352.9841043437727,2386.52732560848,510664
2024-07-23,2453.415283203125,2471.0800808324525,2342.018199237887,2407.4670388654745,836325
2024-07-24,2430.9375,2466.1180898875623,2402.7531478870933,2466.1180898875623,542901
2024-07-25,2430.689453125,2439.8195000106157,2402.604437472321,2426.9679468711706,395417
2024-07-26,2488.943359375,2509.585362327726,2420.2195445278235,2430.8878623560854,1328315
2024-07-29,2465.72119140625,2520.6504763577595,2447.0143237316743,2509.783726946124,715525
2024-07-30,2477.72900390625,2492.863128169694,2451.8274677512886,2465.6714214892645,635216
2024-07-31,2511.7685546875,2537.6206659062113,2473.164227746589,2473.164227746589,1913288
2024-08-01,2564.564208984375,2582.377769544011,2500.8520736601436,2512.760893058525,2477455
2024-08-02,2549.876708984375,2565.2589345979145,2505.814172528202,2555.2358232791375,907741
2024-08-05,2474.40478515625,2541.5406607928394,2442.7966952524694,2496.2870480128768,1605272
2024-08-06,2459.965087890625,2510.7263318538585,2408.558637528298,2495.7906395999635,2149602
2024-08-07,2554.987548828125,2598.752313350319,2515.7380176887327,2515.7380176887327,2338106
2024-08-08,2509.833251953125,2570.9650436077013,2485.1223073619153,2559.4036621720516,608596
2024-08-09,2561.835205078125,2569.923423941612,2514.7954635226633,2522.288144478639,554497
2024-08-12,2558.411376953125,2563.472722130519,2515.738107283232,2558.808240686996,788200
2024-08-13,2615.772216796875,2634.826279286014,2536.0823189135253,2569.2284358328843,2005430
2024-08-14,2585.702392578125,2632.990232338765,2574.7859748777378,2615.7722097917563,1364898
2024-08-16,2580.492431640625,2615.127152864755,2553.300722910411,2605.0543728705475,1089926
2024-08-19,2587.786376953125,2605.0540669972934,2565.6061054113343,2602.622731658536,464963
2024-08-20,2616.169189453125,2627.284039510767,2592.2027864449105,2604.06193774238,546115
2024-08-21,2611.5048828125,2616.169122004722,2585.8017775740163,2616.169122004722,968366
2024-08-22,2685.68701171875,2694.56895818261,2609.3714204293087,2626.8872129402425,1415927
2024-08-23,2745.975341796875,2796.587825509069,2730.2953474053975,2739.028530306966,2526589
2024-08-26,2754.11279296875,2767.807983113548,2719.8749387495254,2760.5634031839663,694903
2024-08-27,2720.272216796875,2765.674591567818,2701.4660119977343,2763.8385516300714,917102
2024-08-28,2716.451171875,2741.211542355981,2701.267379540027,2735.4555648471332,615924
2024-08-29,2730.642578125,2744.486531517347,2704.840137402002,2729.104307240175,545401
2024-08-30,2791.923583984375,2802.5422330817873,2736.8949614696785,2757.884159254351,1691050
2024-09-02,2769.4951171875,2838.268597034287,2759.2239059227086,2837.7723962306095,1086763
2024-09-03,2761.456787109375,2784.678887618633,2756.246678713082,2784.678887618633,732254
2024-09-04,2753.81494140625,2762.4490286482724,2725.1843022968515,2735.7532818027303,512770
2024-09-05,2740.715576171875,2781.205611769104,2731.3870976175417,2749.944959932984,472195
2024-09-06,2731.38720703125,2761.9035588555985,2712.0850427084097,2740.666017417882,638798
2024-09-09,2744.08984375,2750.5404543443483,2695.412495346307,2732.925325413628,420546
2024-09-10,2734.06640625,2767.9073977025582,2726.7721575804503,2757.6856127719916,361187
2024-09-11,2738.680908203125,2758.8763771587733,2705.6835558504167,2743.7919216832147,451598
2024-09-12,2801.40087890625,2806.5116500959925,2744.3377884251613,2758.92604309974,640298
2024-09-13,2807.15673828125,2821.993336290545,2796.935195449972,2813.3098221378714,372568
2024-09-16,2820.157470703125,2828.2951160120942,2783.686709007571,2819.214737565387,237258
2024-09-17,2797.33203125,2828.3445814855877,2761.9530108554613,2828.3445814855877,998069
2024-09-18,2763.59033203125,2813.4585120059587,2751.135643600358,2798.522819596226,537825
2024-09-19,2749.548095703125,2795.4960980574283,2707.371025772955,2788.4501917463112,541355
2024-09-20,2794.2060546875,2803.435195781384,2745.925571254774,2763.838468674026,1029376
2024-09-23,2823.5810546875,2857.1242780659827,2792.072303097158,2811.3744662442095,1352527
2024-09-24,2846.902587890625,2863.9718479513713,2806.561557406538,2810.977696327593,716361
2024-09-25,2849.68115234375,2876.8728588682297,2824.474248989978,2843.2305420389494,901475
2024-09-26,2869.13232421875,2879.949404599548,2809.8857556644043,2848.1925538251903,717570
2024-09-27,2927.287109375,2935.524091557578,2847.349107714723,2865.5101064340065,1294096
2024-09-30,2818.27197265625,2925.004578178489,2785.0265167915536,2925.004578178489,1318103
2024-10-01,2817.080810546875,2853.402807382918,2789.64100219229,2835.291477503868,853088
2024-10-03,2704.889892578125,2778.7244745593403,2695.6108407220745,2740.020812235121,1164231
2024-10-04,2667.079345703125,2730.394617325206,2637.8034980014536,2708.2640128088665,1039593
2024-10-07,2617.806884765625,2679.4845526465774,2601.2335827782085,2667.5757324125925,658074
2024-10-08,2719.72607421875,2726.474453111418,2601.53095452874,2604.557827666503,1114457
2024-10-09,2761.4072265625,2783.2897311397974,2700.3248572801076,2739.0285211661508,884279
2024-10-10,2772.27392578125,2806.511781675094,2741.0132747477405,2758.876503909746,498243
2024-10-11,2773.117431640625,2778.7244036122697,2743.6429111024486,2770.338658779905,272568
2024-10-14,2808.8935546875,2823.382715802327,2767.8082229780985,2773.068000220361,446302
2024-10-15,2812.0693359375,2826.359822394939,2779.369508630156,2824.4743562253993,671968
2024-10-16,2753.07080078125,2808.3971899622684,2733.570206262159,2802.5917859755887,336618
2024-10-17,2658.891845703125,2728.955491859343,2574.8851516352465,2723.149845893207,2812222
2024-10-18,2695.263427734375,2732.8755940137576,2630.9559974245067,2658.5942368101505,570397
2024-10-21,2716.89794921875,2735.406385365793,2645.842136437771,2694.7179177087414,685233
2024-10-22,2642.269287109375,2728.1120263901116,2637.853148401175,2728.1120263901116,453367
2024-10-23,2543.475830078125,2750.838112068324,2467.01123239409,2669.411748283941,2474437
2024-10-24,2463.48828125,2628.871915848078,2456.3427956910523,2605.0542767463967,2651875
2024-10-25,2431.185546875,2483.088200266087,2356.9538569444394,2483.088200266087,2013642
2024-10-28,2443.64013671875,2462.8429619934404,2390.199214518333,2431.1357798489876,887553
2024-10-29,2428.605224609375,2455.598500534173,2391.8863642369247,2441.3080139520903,817875
2024-10-30,2440.21630859375,2477.0841750861637,2406.5739897339604,2406.5739897339604,844370
2024-10-31,2474.751953125,2481.6987646945854,2429.7466835419514,2441.3577344225746,1006395
2024-11-01,2490.630126953125,2505.813919158001,2482.740583070705,2505.813919158001,84638
2024-11-04,2393.8212890625,2504.672735430611,2386.4279460118123,2504.672735430611,791508
2024-11-05,2439.719970703125,2449.3958862007125,2376.8018068432866,2393.821397188928,496975
2024-11-06,2467.01123046875,2493.9054128136368,2443.689791073159,2459.171354139352,606094
2024-11-07,2460.610107421875,2494.897631281037,2424.6355492938173,2478.026804020982,626252
2024-11-08,2449.147705078125,2471.3776453214546,2426.4218063419385,2467.1102701701675,229547
2024-11-11,2441.80419921875,2474.6527899326625,2422.5020360624467,2436.345990279224,304447
2024-11-12,2421.757568359375,2466.1178695066737,2411.5357838636687,2441.307830578035,488274
2024-11-13,2367.6220703125,2407.516565385335,2339.040856341402,2403.3981957411124,1158274
2024-11-14,2377.943115234375,2396.649983239307,2342.067892523712,2356.953917264329,308515
2024-11-18,2397.642333984375,2424.7349468942066,2376.8515683285004,2390.6955225862416,369073
2024-11-19,2410.79150390625,2451.132530644927,2395.260516314493,2401.413357565822,349283
2024-11-21,2370.301513671875,2410.791546736098,2363.454039659889,2396.6498241711133,526062
2024-11-22,2395.90576171875,2406.8718487663127,2343.060372131291,2360.6755019937773,483482
2024-11-25,2439.670654296875,2469.9389041393188,2427.464065739369,2446.27002824994,1152942
2024-11-26,2406.177001953125,2449.9914354181315,2394.714715084237,2444.483558113804,522817
2024-11-27,2422.104736328125,2427.414181513433,2386.725718127476,2411.5357567774495,560953
2024-11-28,2397.096435546875,2440.5140062584087,2391.687895195348,2422.9485461076524,920475
2024-11-29,2415.9521484375,2426.4220343023376,2378.6874180220843,2383.7487633514174,598013
2024-12-02,2474.4541015625,2477.5306434976874,2432.3763698028565,2438.3804480589497,886621
2024-12-03,2536.777099609375,2553.2510642404864,2481.004174229802,2481.1529375660302,1504046
2024-12-04,2499.561767578125,2550.2239158123393,2484.4773122818137,2550.2239158123393,565355
2024-12-05,2493.111328125,2514.547300261805,2453.861795174687,2514.547300261805,518320
2024-12-06,2502.390380859375,2518.6160021532987,2486.214185818553,2500.7527727970532,328425
2024-12-09,2469.93896484375,2512.7609994967793,2462.198183449799,2508.2455234931776,343525
2024-12-10,2501.050537109375,2504.821711756928,2465.0759780558137,2478.8208375325685,549109
2024-12-11,2512.21484375,2524.1236622952943,2493.9547522280955,2501.0503263637866,394565
2024-12-12,2504.57373046875,2518.3185905992186,2477.6301218724357,2510.7762409453935,282735
2024-12-13,2502.737548828125,2510.776098865195,2446.2699935583814,2498.9169479620523,286975
2024-12-16,2508.69189453125,2527.746198979471,2492.7640427634606,2502.7374849625676,311223
2024-12-17,2434.410888671875,2508.6920059694944,2414.5628558945996,2494.8977201035104,934501
2024-12-18,2460.41162109375,2473.0647412586973,2409.997572293166,2419.524724390402,671227
2024-12-19,2440.96044921875,2447.510396560661,2404.589028227666,2430.3914693064603,622765
2024-12-20,2373.477294921875,2451.2320606423023,2363.652615560649,2451.2320606423023,575609
2024-12-23,2370.15283203125,2401.4631515270758,2361.9158501471557,2377.2484066836478,624465
2024-12-24,2408.70751953125,2415.1581301267615,2354.5225359002866,2370.84749425797,377743
2024-12-26,2420.02099609375,2429.3991428572285,2398.4362610622366,2412.62765255156,384423
2024-12-27,2402.058349609375,2470.8814959176757,2399.378913807449,2420.963648116336,456684
2024-12-30,2335.716552734375,2410.444200987535,2315.7195146944614,2400.421089984043,2546678
2024-12-31,2350.50341796875,2356.8546919116043,2328.2240483412543,2341.9686664653173,649708
2025-01-01,2388.313720703125,2401.85990525019,2329.1664900825103,2347.0297183831003,330907
2025-01-02,2482.443115234375,2488.9433946464055,2383.7984859014505,2400.9174147521885,1247379
2025-01-03,2464.08349609375,2494.8976141287017,2448.750939881691,2494.8976141287017,766578
2025-01-06,2395.5087890625,2476.042085013548,2383.50063233719,2469.095273552588,592677
2025-01-07,2366.381591796875,2432.227534219888,2348.7664635710858,2401.661516785072,529516
2025-01-08,2343.854248046875,2376.8019341254485,2325.1970487081107,2363.00764820696,678020
2025-01-09,2308.772705078125,2348.419101420487,2293.4401484751143,2342.067827953816,956229
2025-01-10,2265.901123046875,2332.0942662714556,2255.381568384134,2314.776905510494,638304
2025-01-13,2160.0615234375,2260.9390540184945,2154.90084104068,2259.797889037789,896851
2025-01-14,2218.017578125,2246.7972245525725,2161.8972191341236,2161.8972191341236,707155
2025-01-15,2233.39990234375,2244.663757930091,2208.4905241370016,2220.0521486739904,1051263
2025-01-16,2260.74072265625,2288.6270648268833,2245.8050287362635,2252.6030772399054,661212
2025-01-17,2283.76416015625,2289.6192326260284,2236.9725220780215,2270.614839082021,569486
2025-01-20,2275.52734375,2297.2114169915435,2227.9417324865203,2296.417447204369,684192
2025-01-21,2274.485107421875,2308.82229935334,2264.8588604550737,2285.5008619861346,687145
2025-01-22,2255.97705078125,2291.4554097674722,2227.0486395990156,2286.493401517651,600777
2025-01-23,2282.623046875,2288.9743202837003,2231.5143638077507,2245.2589807758654,336213
2025-01-24,2253.4462890625,2289.7682849300018,2240.842837063143,2283.516106325196,576285
2025-01-27,2214.44482421875,2257.465530316044,2201.2955030728276,2247.591182893762,663070
2025-01-28,2318.0517578125,2356.8545158728816,2200.204065165033,2236.873256651703,1446186
2025-01-29,2446.02197265625,2519.9062272173987,2338.892262741015,2341.075497919097,3167978
2025-01-30,2436.593994140625,2486.0653101192593,2411.3870907692617,2440.3651686247103,879247
2025-01-31,2439.223876953125,2473.561070370789,2422.0058539910847,2438.8766817528913,681021
2025-02-01,2535.685302734375,2667.575372096823,2417.043648721399,2447.2622275263266,2148989
2025-02-03,2633.5859375,2640.9792815004944,2508.443989726142,2530.524926931747,3036331
2025-02-04,2624.306884765625,2699.3325480899994,2617.4097416016994,2639.68911068305,1473984
2025-02-05,2597.16455078125,2639.7881493216482,2577.663714757984,2634.8261415221714,594760
2025-02-06,2571.659912109375,2607.98166429575,2566.052697852778,2597.1149155327266,306299
2025-02-07,2585.85107421875,2610.562018876706,2557.220434071227,2590.763655857176,493929
2025-02-10,2538.960205078125,2629.864290290696,2516.3336419938764,2596.1226352454564,440811
2025-02-11,2466.117919921875,2538.9600987912663,2451.9265289074697,2526.406315750951,366437
2025-02-12,2474.503662109375,2483.484944832511,2401.6118147830875,2481.003940891619,527642
2025-02-13,2456.591064453125,2505.0203157359347,2442.300576926984,2471.0802261471717,396181
2025-02-14,2383.153076171875,2466.71348369809,2350.503160845511,2457.1863315404203,483107
2025-02-17,2347.724365234375,2384.74099256061,2338.1477869183755,2383.153053121176,459708
2025-02-18,2335.76611328125,2353.927112451756,2319.342059333383,2342.5641616920198,514133
2025-02-19,2363.80126953125,2378.786630576342,2312.345392042593,2324.9985124179993,631536
2025-02-20,2400.867431640625,2406.5737405098753,2327.181617111611,2356.95366338596,645674
2025-02-21,2307.283935546875,2398.9323156167557,2285.054237737895,2396.2528798884778,1384743
2025-02-24,2344.4990234375,2357.797349749536,2257.267022986888,2292.0010776827803,505656
2025-02-25,2342.712890625,2377.794386352904,2329.7125742011694,2349.0147381040583,455790
2025-02-27,2321.177734375,2366.133576484089,2286.5926830847106,2342.712801199301,558324
2025-02-28,2208.58984375,2300.3869951977085,2176.0886901293247,2300.3869951977085,1399849
2025-03-03,2306.192626953125,2317.2578082237833,2231.018203410105,2251.7096320436826,1316845
2025-03-04,2276.469970703125,2317.2577740470383,2235.186208836615,2272.5500327758728,1208564
2025-03-05,2312.990478515625,2329.563537622955,2263.1719641143545,2291.0585474094655,695924
2025-03-06,2301.875732421875,2340.0831976938052,2275.130555188638,2340.0831976938052,651917
2025-03-07,2315.173583984375,2341.174699600948,2290.165112248315,2314.280519463123,683846
2025-03-10,2240.0986328125,2323.609135057063,2227.941712554685,2315.17372100062,480419
2025-03-11,2271.45849609375,2281.6800387319004,2201.940715647858,2229.926392274027,574902
2025-03-12,2241.835205078125,2282.474001972034,2225.162809810342,2273.5920561460753,519721
2025-03-13,2233.796630859375,2270.565158042332,2228.9836285432416,2237.91524280863,413139
2025-03-17,2249.575927734375,2295.871364068917,2238.907610854972,2241.3886147804146,582066
2025-03-18,2249.575927734375,2249.575927734375,2249.575927734375,2249.575927734375,0
2025-03-19,2302.12353515625,2324.700670806559,2286.195441548045,2306.341241816198,610676
2025-03-20,2328.96826171875,2335.1707720872882,2290.959229723236,2330.3078585870176,597377
2025-03-21,2395.5087890625,2431.384011335949,2332.193516146926,2337.9494941002613,1871573
2025-03-24,2426.124267578125,2439.075157579909,2376.851622523539,2415.505618370257,703461
2025-03-25,2403.1005859375,2445.2776558951064,2391.6879670077947,2445.2776558951064,767700
2025-03-26,2420.73876953125,2441.466369407125,2398.616143331816,2406.5882784155947,512282
2025-03-27,2447.0966796875,2452.378268026745,2361.745102721701,2403.5489388987435,636174
2025-03-28,2411.42138671875,2459.4035755297828,2393.1352052815128,2454.4209913005893,582409
2025-04-01,2432.348388671875,2450.6343279329353,2384.5652083705313,2416.5534983869325,463333
2025-04-02,2487.406005859375,2509.6780132668678,2435.038992538869,2441.4664780782055,832671
2025-04-03,2467.42578125,2492.288829875188,2432.7469435956828,2461.396805194608,529522
2025-04-04,2456.3642578125,2542.064710298947,2441.8648884140093,2464.4361419325587,567198
2025-04-07,2359.9013671875,2386.558193898423,2213.3637536761094,2237.4295391663168,1050483
2025-04-08,2429.1591796875,2440.4697431468057,2352.278002735008,2386.7077082430865,692612
2025-04-09,2466.62841796875,2480.0315214051057,2408.6810584603363,2441.466366639102,898839
2025-04-11,2504.5458984375,2521.1876815111636,2487.3559824271965,2502.901499627581,912929
2025-04-15,2577.490966796875,2591.442203423651,2536.932777547085,2576.992708345919,1045478
2025-04-16,2605.094482421875,2615.657659085179,2558.4574419290198,2579.982304707342,591510
2025-04-17,2669.9677734375,2680.6304555879206,2590.943934768994,2590.943934768994,891895
2025-04-21,2726.07177734375,2735.538688061787,2658.906391117412,2685.6130931695066,454985
2025-04-22,2728.96142578125,2761.8464822175406,2713.8144181413722,2745.403953999395,1128946
2025-04-23,2796.923828125,2806.291232602645,2711.0241232722724,2728.961426789604,465708
2025-04-24,2764.238037109375,2810.1775619452183,2740.9196397625255,2788.2541908945814,605270
2025-04-25,2728.363525390625,2799.913487526285,2685.613047662308,2781.278670139333,711996
2025-04-28,2783.371337890625,2838.9767840246204,2700.5606895409987,2735.4387796273218,859499
2025-04-29,2693.1865234375,2788.054878452491,2670.7648944181365,2764.3377288761817,2948364
2025-04-30,2662.693115234375,2699.4644909542567,2645.752328198827,2693.485389647593,1551074
2025-05-02,2710.52587890625,2742.414418658088,2690.595541561351,2691.0937999949733,1412488
2025-05-05,2772.907958984375,2786.460442536094,2717.8005270336284,2722.284852979689,833618
2025-05-06,2763.839599609375,2820.0430549949015,2748.3935877853455,2784.2681958927687,961359
2025-05-07,2782.57421875,2801.2090363243437,2745.4040893182378,2745.4040893182378,779782
2025-05-08,2686.2109375,2798.4185896430445,2670.864431925453,2790.247200072311,888115
2025-05-09,2654.421875,2676.7439983326867,2630.8044743992377,2635.7870586310546,964332
2025-05-12,2751.084228515625,2764.3379522873847,2710.2270345560783,2715.508622921097,701314
2025-05-13,2702.952392578125,2771.1142957815878,2690.5956801041225,2754.372762891776,657860
2025-05-14,2717.800537109375,2728.4632190737084,2679.6338919244713,2710.924424659105,609489
2025-05-15,2780.082763671875,2785.0653479342127,2699.564153334452,2717.8004603926565,1126642
2025-05-16,2831.602783203125,2843.959495498747,2767.3274428840678,2790.1475826734895,823478
2025-05-19,2815.260009765625,2868.8724247011432,2805.3943464174818,2844.5575094995424,841294
2025-05-20,2741.6171875,2830.1079349697816,2734.741318354379,2830.1079349697816,680986
2025-05-21,2757.6611328125,2798.2193200251863,2731.5524399517963,2751.4827769890126,486324
2025-05-22,2793.03759765625,2800.2124706311324,2707.53639953907,2757.461993217671,785085
2025-05-23,2770.9150390625,2814.363030706174,2767.8257393010904,2812.1707421449782,537902
2025-05-26,2767.128173828125,2805.195070712243,2760.0528065290528,2784.26821583304,656043
2025-05-27,2789.9482421875,2795.7280887120733,2736.2360800198794,2780.2820771722277,457064
2025-05-28,2791.741943359375,2803.102138084789,2769.4200633307473,2789.948164378982,479024
2025-05-29,2798.8173828125,2823.032548159492,2781.0793338404724,2807.9852893729094,601733
2025-05-30,2771.1142578125,2799.2159858727146,2723.580450106676,2785.3644982106657,1690693
2025-06-02,2753.774658203125,2787.1579737961965,2712.61870555193,2775.299520200133,673513
2025-06-03,2735.239501953125,2768.822071182005,2725.9718465785045,2754.4723258401873,453177
2025-06-04,2750.78515625,2770.715494270331,2736.1364064631084,2740.4214777955312,440642
2025-06-05,2708.13427734375,2760.052659033512,2694.7808056364665,2760.052659033512,969443
2025-06-06,2738.229248046875,2749.390188919776,2698.56782587704,2729.459850471644,825448
2025-06-09,2733.64501953125,2759.3552033450615,2708.5328431534404,2755.369135879052,645071
2025-06-10,2735.43896484375,2754.3727864583334,2722.583993800481,2735.43896484375,570176
2025-06-11,2761.348388671875,2799.216031677841,2735.438948720425,2740.421533326473,1303148
2025-06-12,2729.858154296875,2780.282004088558,2717.501442705913,2772.3098693098095,418847
2025-06-13,2731.35302734375,2738.2291398107163,2645.8520734131403,2695.5781685595603,554368
2025-06-16,2786.759521484375,2789.8488212022676,2710.0277198915637,2731.3530843168387,568490
2025-06-17,2767.526611328125,2798.219379677798,2759.4549706301286,2797.2228628046932,480492
2025-06-18,2766.231201171875,2815.160278910819,2750.8849380294923,2767.5267218166828,792908
2025-06-19,2770.21728515625,2807.188160158504,2752.578984352178,2752.578984352178,597873
2025-06-20,2802.30517578125,2823.829794109524,2746.5002312934835,2781.876580031264,1007979
2025-06-23,2768.921875,2800.1126584292347,2757.4619309838176,2790.2472387227085,414211
2025-06-24,2827.21826171875,2863.690635154248,2791.1441544463864,2791.1441544463864,1407004
2025-06-25,2906.640380859375,2914.811770326686,2839.0764901404204,2840.0730069849765,1137136
2025-06-26,2918.6982421875,2926.670377363173,2886.5109410479263,2918.797991193299,949146
2025-06-27,2929.06201171875,2949.988865467695,2901.4585437650953,2916.80480586489,2231250
2025-06-30,2907.836181640625,2940.8209868430517,2871.961574876039,2937.73168727778,1372365
2025-07-01,2883.521240234375,2925.7734571495926,2874.851349049998,2924.776940304514,840834
2025-07-02,2888.204833984375,2905.7433845639807,2869.968526977821,2894.482938795188,606782
2025-07-03,2889.101806640625,2936.3368546364295,2883.1227051188976,2907.83637340009,787076
2025-07-04,2870.068359375,2902.3554089255726,2839.3755908560365,2889.8989479430593,494247
2025-07-07,2866.87939453125,2882.425155607936,2852.13113892906,2866.0823756372747,256130
2025-07-08,2820.84033203125,2878.937315791639,2790.247311947591,2878.937315791639,495704
2025-07-09,2830.207763671875,2834.0940822914026,2800.212507467947,2800.212507467947,316919
2025-07-10,2820.242431640625,2834.0939185254774,2812.1705478477134,2830.1078511295204,307147
2025-07-11,2744.90576171875,2818.9470149858785,2736.4353681901207,2800.2124488762706,553847
2025-07-14,2792.439453125,2797.920295769996,2740.91958092009,2744.9056482982687,1072824
2025-07-15,2874.951171875,2891.592954957093,2789.250720997617,2790.247237868284,916986
2025-07-16,2887.20849609375,2891.892076919337,2855.020951197071,2873.9547725139105,451252
2025-07-17,2868.77294921875,2899.664973644685,2861.996585525331,2887.2085121826144,586027
2025-07-18,2839.37548828125,2888.105064568344,2835.0904172000164,2880.1329298275355,410749
2025-07-21,2825.62353515625,2875.2501230669113,2821.2389583215154,2840.471538941836,485377
2025-07-22,2785.6630859375,2833.8946471185845,2777.790700192961,2825.6235086626516,355925
2025-07-23,2792.83837890625,2825.7234368140766,2783.371468296421,2799.6144992368663,545414
2025-07-24,2787.955322265625,2818.149833424656,2772.3100553703653,2808.9819264718503,395856
2025-07-25,2764.736328125,2790.1475085058923,2719.1955554729807,2787.9552200330427,909208
2025-07-28,2789.151123046875,2822.9331927661856,2740.421542748293,2764.7364583932995,601547
2025-07-29,2792.041015625,2815.160158355926,2775.199734544224,2780.2820678984185,820647
2025-07-30,2783.86962890625,2815.1601613481425,2744.905721923348,2805.0952436321777,624411
2025-07-31,2792.041015625,2836.08701263043,2745.4039774409116,2750.386561791984,1287444
2025-08-01,2848.24462890625,2874.0545632608287,2789.35062456061,2815.1603156249234,2512045
2025-08-04,2932.2509765625,2957.6621574978763,2872.5597116029558,2879.9338393426083,1942925
2025-08-05,2972.80908203125,2978.4891795400436,2902.8536463186956,2940.721287430989,1159503
2025-08-06,2942.415283203125,2991.344358334236,2929.65981873994,2969.620242133065,700188
2025-08-07,3002.90380859375,3009.580666187918,2921.089920362285,2941.717770706138,830216
2025-08-08,2958.558837890625,3013.666269457137,2949.6899350641343,3004.3986139085137,387198
2025-08-11,2970.816162109375,2988.5542117575183,2946.999505287098,2974.602975023739,569270
2025-08-12,2953.476806640625,2989.5506693932525,2945.2056677972523,2983.9700774942826,612973
2025-08-13,3008.683837890625,3034.194768373015,2953.4768978078177,2967.42813469563,1546062
2025-08-14,3009.780029296875,3029.311614482049,2975.2009416677474,3023.432262112436,1075908
2025-08-18,3208.4853515625,3244.459708265489,3121.489379234774,3144.907525927069,3748828
2025-08-19,3240.5732421875,3246.4528379304293,3198.62002625228,3208.7844500758342,1233895
2025-08-20,3218.55029296875,3261.0017664161196,3209.980150417317,3240.772668225392,886979
2025-08-21,3269.47216796875,3296.477873011153,3216.7565217896013,3236.4876048749866,1427568
2025-08-22,3283.12451171875,3293.4881896438906,3262.0979088651366,3269.5717852410303,1323997
2025-08-25,3273.259033203125,3306.4430948383065,3248.4458595543488,3298.4709595885456,733843
2025-08-26,3260.90234375,3285.815266580211,3241.868773391614,3262.6961228518276,1060760
2025-08-28,3244.658935546875,3337.3350046518685,3234.693766825908,3337.3350046518685,856511
2025-08-29,3265.187255859375,3302.357140276697,3226.7216075697747,3227.817873436933,1023381
2025-09-01,3344.510009765625,3361.949055717122,3269.173477229315,3283.6229724462696,803428
2025-09-02,3357.86328125,3382.1781951186076,3321.4904161581235,3349.293139008144,641932
2025-09-03,3388.456298828125,3401.7100216111817,3339.527224103165,3355.3719880162316,752456
2025-09-04,3421.24169921875,3487.8090753724814,3410.4792682709785,3487.8090753724814,1331870
2025-09-05,3464.49072265625,3469.1743033887237,3434.0969574624187,3438.2822797490917,786141
2025-09-08,3578.791015625,3590.151210410208,3476.2492856837926,3476.2492856837926,1406946
2025-09-09,3553.878173828125,3584.770196899732,3532.054308329193,3578.7910956600663,675896
2025-09-10,3483.12548828125,3579.887131048383,3467.380472969108,3570.8189734432794,916961
2025-09-11,3499.866943359375,3512.721913471298,3443.463992056758,3483.1254115392494,545731
2025-09-12,3480.2353515625,3544.4111827123957,3467.7788909305614,3507.739313953919,437676
2025-09-15,3465.28759765625,3516.7079644439577,3457.614466567567,3496.08011430235,561079
2025-09-16,3487.709228515625,3509.832097233786,3469.8716742038523,3477.245801583075,771880
2025-09-17,3487.908935546875,3512.323599852653,3478.9402833529157,3492.6920220847774,335818
2025-09-18,3534.246826171875,3540.1261783849714,3478.9401399226517,3506.5436085457454,637171
2025-09-19,3517.106689453125,3533.6489674969366,3503.4544564262624,3531.7556826815567,469027
2025-09-22,3513.320068359375,3557.067062808872,3508.636244312628,3524.6802636657735,364825
2025-09-23,3500.46484375,3587.361068220306,3484.221569725065,3526.4740319909897,491046
2025-09-24,3440.972900390625,3503.1554584421356,3431.306734993135,3487.809195298925,693587
2025-09-25,3396.528076171875,3450.240482605776,3387.459918432046,3440.972826855412,786698
2025-09-26,3402.507080078125,3441.76999045871,3380.3844543751884,3392.1434020179067,610742
2025-09-29,3427.61962890625,3438.979824257936,3376.0000047928056,3404.0019837278496,743356
2025-09-30,3426.72265625,3447.5500056826086,3391.4460548852817,3441.3714061966957,499575
2025-10-01,3445.756103515625,3468.6759916704414,3418.052885696535,3436.2891931908093,287239
2025-10-03,3444.06201171875,3452.9309144426334,3355.471517030618,3447.9483301505084,515537
2025-10-06,3498.671142578125,3508.8358097521113,3415.661478119165,3447.9485288769365,806627
2025-10-07,3501.261962890625,3529.5629441987167,3482.3281426843,3496.7776370522847,403033
2025-10-08,3470.868408203125,3522.6872876824714,3462.0990107101065,3510.5298300011386,281210
2025-10-09,3474.455810546875,3482.427945493771,3435.1928999592637,3474.954068981056,454868
2025-10-10,3478.142822265625,3510.728874715494,3453.927414068664,3472.562230570188,315926
2025-10-13,3490.997802734375,3522.6870874264164,3426.7224654956185,3462.9958250432674,610644
2025-10-14,3492.791748046875,3505.74646779712,3462.0989787497806,3491.79523114301,509821
2025-10-15,3562.447998046875,3566.2348107437447,3492.8913163870548,3510.6291217261737,1116729
2025-10-16,3564.042724609375,3617.05737550374,3544.0126374247825,3572.5131183348553,757797
2025-10-17,3641.272705078125,3645.258772626103,3563.046129449052,3564.0426463360463,1173044
2025-10-20,3639.279541015625,3687.112349878919,3626.1255672362686,3686.1158330276003,607833
2025-10-21,3645.557861328125,3668.1787465321427,3627.3215532129852,3655.2240266992394,60230
2025-10-23,3584.67041015625,3707.0427295644376,3571.71569094003,3707.0427295644376,870969
2025-10-24,3587.261474609375,3626.524141942,3571.6162084200905,3583.474661848148,450646
2025-10-27,3627.2216796875,3632.304013071273,3590.749307999537,3607.191836453769,363802
2025-10-28,3549.593017578125,3667.182005807833,3511.5261225889303,3637.286500325704,1390930
2025-10-29,3486.712890625,3601.21282862363,3477.8439875144904,3587.4608467198186,2288619
2025-10-30,3479.537841796875,3522.6870701257717,3468.3769017178925,3493.68833243042,1453161
2025-10-31,3496.478759765625,3534.64540527226,3481.53100643067,3484.8195608224114,838519
2025-11-03,3498.2724609375,3522.687124174352,3474.3560561340532,3499.667487234934,932956
2025-11-04,3461.0029296875,3519.000164391291,3443.0656255549716,3497.874054848809,3540359
2025-11-06,3434.79443359375,3504.949124689936,3400.215346486085,3462.8961609758485,972150
2025-11-07,3444.759521484375,3456.9169784871915,3329.3628207338443,3418.0528210467182,1074925
2025-11-10,3478.64111328125,3491.6953382096335,3439.079442486584,3439.079442486584,782233
2025-11-11,3462.098876953125,3492.791645347755,3434.0968987520205,3489.1045815699176,633478
2025-11-12,3442.467529296875,3479.737162939148,3432.3031058753686,3469.5727395176423,641642
2025-11-13,3438.581298828125,3462.8962137756553,3430.210410927146,3442.9658758546443,415874
2025-11-14,3374.704345703125,3458.611016639997,3357.2653006566748,3433.0005820012598,1156532
2025-11-17,3463.294677734375,3468.875269595071,3373.2096488305992,3395.631278697272,1333551
2025-11-18,3467.779052734375,3485.517102159948,3448.9449806961998,3472.8613862254424,727156
2025-11-19,3465.586669921875,3492.6918801261113,3429.213804169174,3462.896123031095,652297
2025-11-20,3474.25634765625,3489.303849836705,3451.9344668954295,3485.8160407621863,517982
2025-11-21,3429.911376953125,3472.8613521102466,3417.156155428368,3467.978516678762,535665
2025-11-24,3429.512939453125,3456.9171544276887,3411.87463883664,3439.7771122652866,1480534
2025-11-25,3435.791015625,3462.69697191832,3425.327588177598,3429.2139067705293,361442
2025-11-26,3526.274658203125,3531.0577444990495,3422.3379010443923,3445.7560472549967,689565
2025-11-27,3505.746337890625,3562.3485445907977,3490.8983338893377,3529.662742697156,565331
2025-11-28,3519.199462890625,3557.5653638735753,3494.1867911674544,3507.639769434203,542882
2025-12-01,3649.045654296875,3653.131227636477,3536.738247671871,3537.635015570982,1616247
2025-12-02,3657.91455078125,3671.0685252557337,3633.3006319109963,3647.052613843972,939558
2025-12-03,3619.150146484375,3662.1996281490547,3594.934737019786,3657.217043620961,506439
2025-12-04,3633.698974609375,3662.1994540714454,3610.878835871533,3627.32136403267,602960
2025-12-05,3652.6328125,3674.356928772496,3614.0676585580927,3633.4997373875285,331003
2025-12-08,3600.116455078125,3661.003733277853,3577.6948254564945,3657.3166695092355,472896
2025-12-09,3601.91015625,3609.7825420531085,3530.6592014369207,3575.502459710887,606495
2025-12-10,3594.037841796875,3640.9736404145956,3581.9798903499536,3619.3492729867944,400339
2025-12-11,3624.73046875,3629.8128022476994,3576.499148185859,3582.577998581911,446958
2025-12-12,3642.468505859375,3647.251835613313,3610.3807104991893,3618.3528456589997,290853
2025-12-15,3626.6240234375,3641.173024286024,3578.9904666887555,3639.179990474698,327503
2025-12-16,3606.99267578125,3638.681718632519,3585.3680643757266,3626.3250063638707,266040
2025-12-17,3626.22509765625,3646.4544385339095,3598.4223746311122,3605.198737924302,423064
2025-12-18,3579.68798828125,3639.578751768517,3548.9952188566117,3626.2252792270797,835779
2025-12-19,3653.23095703125,3661.900605407069,3579.7877101265076,3579.7877101265076,602861
2025-12-22,3696.67919921875,3721.890882222443,3657.2170325594975,3664.7906583353974,592689
2025-12-23,3673.659423828125,3701.0636376231264,3662.6977383101244,3701.0636376231264,261018
2025-12-24,3652.43359375,3703.1564485527474,3638.3828518168193,3673.659451799978,644417
2025-12-26,3621.442138671875,3662.2993312905664,3613.7687639625005,3652.134664348345,223878
2025-12-29,3561.75048828125,3651.138001361059,3556.4689003008966,3621.441993765964,462957
2025-12-30,3621.9404296875,3641.2727602721293,3536.7382345579795,3562.5479250062567,1497535
2025-12-31,3706.843505859375,3712.0253449311613,3628.3179277568747,3636.2900627258546,602873
2026-01-01,3781.18359375,3786.6644366502906,3709.434377600738,3723.983621524885,611579
2026-01-02,3834.397705078125,3883.924545427839,3812.3745846821116,3829.614375389143,1002294
2026-01-05,3850.740478515625,3895.3844833916205,3829.116110880609,3849.544706917838,528557
2026-01-06,3852.634033203125,3868.478554386442,3821.742009713692,3855.523834858615,382299
2026-01-07,3826.823974609375,3868.8769371960225,3807.2923902423845,3837.3871505793554,341204
2026-01-08,3788.458251953125,3840.576134507056,3778.692337670224,3826.8241526221755,367668
2026-01-09,3746.106201171875,3835.2944618017373,3738.2338151474637,3786.7641384746007,567897
2026-01-12,3741.7216796875,3758.0644594218084,3641.5717319090672,3732.952282368253,588225
2026-01-13,3742.3193359375,3757.865096341089,3686.614140523431,3745.2093808189397,1075385
2026-01-14,3677.5458984375,3756.9684906042744,3669.1752537298858,3756.868741597412,601520
2026-01-15,3677.5458984375,3677.5458984375,3677.5458984375,3677.5458984375,0
2026-01-16,3655.024658203125,3707.4413000751124,3628.1187024646124,3696.4796144038664,1324087
2026-01-19,3689.005859375,3697.974511583385,3618.3529076272725,3647.2518980765126,589483
2026-01-20,3603.10595703125,3706.4447066114335,3584.670395146898,3688.1088937290424,533454
2026-01-21,3589.453857421875,3597.326243579851,3512.9213111930294,3587.3610746253203,965963
2026-01-22,3557.6650390625,3652.134645409976,3534.74515063916,3614.9647601208508,436109
2026-01-23,3537.435791015625,3600.4156113408953,3523.883063665134,3557.665133033827,618661
2026-01-27,3555.572265625,3587.460806123879,3495.282993744307,3587.460806123879,963692
2026-01-28,3715.413330078125,3735.941674525519,3483.822911213981,3565.6370419999503,2151909
2026-01-29,3642.269287109375,3744.3125208466226,3589.85240059985,3703.953586201498,950498
2026-01-30,3664.591064453125,3696.9778629405073,3614.466460195625,3652.2343525001943,994421
2026-02-02,3633.101318359375,3642.2692250694877,3546.404349116955,3597.425965116512,594725
2026-02-03,3713.32080078125,3806.694381319439,3683.2260404560934,3803.4058270440196,895529
2026-02-04,3714.4169921875,3761.851293898187,3692.9918788580135,3705.8470928298607,889710
2026-02-05,3699.76806640625,3725.976508262293,3678.9409615231825,3714.416815467231,593814
2026-02-06,3745.40869140625,3759.8581861582497,3654.3271459407815,3687.112453958527,735378
2026-02-09,3751.587158203125,3771.8165001114444,3702.857578674989,3766.8339155670437,545338
2026-02-10,3749.294921875,3765.837199001479,3731.955625895882,3738.9312438882107,816771
2026-02-11,3851.637451171875,3875.454107046417,3746.5049213972807,3766.833768227168,1125178
2026-02-12,3867.681396484375,3890.302281765499,3840.0779266351497,3861.5030402779826,445270
2026-02-13,3851.13916015625,3880.4366585673924,3818.8518678704454,3848.1496095718376,260604
2026-02-16,3794.13818359375,3876.2513185753505,3780.386445600914,3846.555067582082,333076
2026-02-17,3864.293212890625,3870.0730594630986,3773.809431365403,3794.1382784379607,377690
2026-02-18,3871.667236328125,3884.7217044445224,3840.675708112253,3871.467981615178,245619
2026-02-19,3816.759521484375,3883.326656565343,3806.694603358344,3874.45775336577,309698
2026-02-20,3802.90771484375,3854.427589505505,3778.493050988136,3816.75944561762,386586
2026-02-23,3815.762939453125,3881.234050787866,3800.9146917454455,3821.64229181674,605954
2026-02-24,3802.90771484375,3821.64228107264,3730.361236443303,3816.6596966123107,896496
2026-02-25,3918.304443359375,3931.2591630347747,3786.9634675307316,3798.822164592368,647290
2026-02-26,3940.427001953125,3956.172017330021,3904.4528885253594,3937.1384475879736,642743
2026-02-27,3856.221435546875,3954.378351120223,3842.5692025465023,3940.427114388986,1408870
2026-03-02,3799.818603515625,3893.5906957291354,3732.9522237086403,3766.833797549028,1002069
2026-03-04,3733.649658203125,3752.6832274814974,3632.6029462535444,3712.0252910715762,1217791
2026-03-05,3805.099853515625,3820.3466100219157,3722.9869621588414,3761.851119419065,711113
2026-03-06,3770.81982421875,3811.6770157602323,3754.7758053461166,3793.639963153868,571666
2026-03-09,3615.1640625,3693.2908902308145,3570.021798221727,3686.116017200884,1049321
2026-03-10,3771.916259765625,3779.88839505917,3648.746672164254,3695.084708557983,957425
2026-03-11,3588.258056640625,3784.2728797250124,3577.9938840428326,3766.8338341963254,1248097
2026-03-12,3410.6787109375,3552.383360128151,3390.947628401783,3541.7206783573606,2588732
2026-03-13,3312.92041015625,3394.1365369204955,3270.8674459375998,3387.758926122596,1447445
2026-03-16,3363.045166015625,3377.89316999401,3275.8499402929783,3318.3014127849397,985489
2026-03-17,3479.8369140625,3492.791633387475,3340.5238068174112,3378.1921932050045,1460188
2026-03-18,3560.35546875,3566.4340755922867,3487.808993036785,3497.7741615883187,1218633
2026-03-19,3442.16845703125,3495.681363255812,3408.3866331086056,3487.7092284502087,1045013
2026-03-20,3450.140625,3519.697550505526,3438.082916964773,3457.016737310075,744363
2026-03-23,3400.61376953125,3428.017983058608,3370.220005437271,3428.017983058608,748254
2026-03-24,3467.579833984375,3488.5066890395497,3398.720661657933,3446.4537242057745,1302031
2026-03-25,3530.858642578125,3577.4956823035322,3490.7987117296025,3507.739499083129,1068845
2026-03-27,3433.199951171875,3508.7359803207855,3425.0285613071687,3508.7359803207855,950570
2026-03-30,3363.800048828125,3415.10009765625,3350.0,3395.10009765625,1324384
2026-04-01,3425.800048828125,3502.0,3394.300048828125,3434.699951171875,1234217
2026-04-02,3391.39990234375,3405.89990234375,3293.800048828125,3400.0,920766
2026-04-06,3487.800048828125,3504.10009765625,3410.39990234375,3467.89990234375,959786
2026-04-07,3470.60009765625,3478.89990234375,3410.10009765625,3465.0,617694
2026-04-08,3701.39990234375,3736.0,3573.89990234375,3640.0,1532962
2026-04-09,3727.10009765625,3768.5,3663.699951171875,3705.300048828125,796908
2026-04-10,3839.89990234375,3850.5,3755.0,3761.0,1331891
2026-04-13,3738.10009765625,3779.39990234375,3711.0,3769.800048828125,625221
2026-04-15,3783.300048828125,3824.0,3747.0,3790.5,567723
2026-04-16,3757.199951171875,3828.0,3739.89990234375,3828.0,784975
2026-04-17,3735.800048828125,3787.0,3722.0,3760.10009765625,574208
2026-04-20,3761.89990234375,3782.0,3701.10009765625,3735.800048828125,724613
2026-04-21,3752.699951171875,3807.89990234375,3748.10009765625,3781.0,439113
2026-04-22,3660.699951171875,3770.5,3648.39990234375,3724.10009765625,571597
2026-04-23,3513.0,3636.0,3482.199951171875,3636.0,2250372
2026-04-24,3488.199951171875,3543.300048828125,3462.699951171875,3513.0,734340
2026-04-27,3552.60009765625,3564.10009765625,3483.60009765625,3500.5,1025395
2026-04-28,3495.89990234375,3565.0,3482.800048828125,3557.89990234375,446619
2026-04-29,3553.89990234375,3602.0,3501.0,3513.0,753712
2026-04-30,3492.89990234375,3519.0,3415.10009765625,3462.0,947815
2026-05-01,3492.89990234375,3492.89990234375,3492.89990234375,3492.89990234375,0
2026-05-04,3495.5,3536.800048828125,3367.800048828125,3400.0,1154996
2026-05-05,3534.39990234375,3544.0,3462.800048828125,3499.89990234375,391351
2026-05-06,3617.89990234375,3625.0,3514.60009765625,3575.0,899005
2026-05-07,3706.699951171875,3730.0,3592.60009765625,3600.0,1058111
2026-05-08,3695.199951171875,3718.699951171875,3633.10009765625,3654.5,365671
2026-05-11,3613.699951171875,3684.89990234375,3601.0,3651.0,518265
2026-05-12,3561.0,3613.0,3535.0,3596.199951171875,891189
2026-05-13,3527.199951171875,3647.5,3483.0,3565.0,1518811
2026-05-14,3460.800048828125,3543.800048828125,3382.800048828125,3543.800048828125,1847461
2026-05-15,3466.800048828125,3498.89990234375,3418.699951171875,3455.60009765625,1007746
2026-05-18,3291.0,3435.89990234375,3275.0,3430.0,2579482
2026-05-19,3283.39990234375,3316.0,3228.0,3285.0,2484911
2026-05-20,3361.89990234375,3380.89990234375,3232.199951171875,3285.39990234375,1265474
2026-05-21,3380.699951171875,3400.89990234375,3342.0,3378.5,823043
2026-05-22,3417.5,3443.39990234375,3380.0,3380.0,924915
2026-05-25,3469.5,3501.699951171875,3420.0,3458.0,918345
2026-05-26,3454.89990234375,3484.5,3419.699951171875,3469.5,651538
2026-05-27,3384.60009765625,3475.39990234375,3361.10009765625,3441.0,2535619
2026-05-28,3384.60009765625,3384.60009765625,3384.60009765625,3384.60009765625,0
2026-05-29,3355.699951171875,3465.0,3315.199951171875,3417.89990234375,2519839
2026-06-01,3344.39990234375,3420.0,3335.10009765625,3382.0,1210591
2026-06-02,3366.89990234375,3383.0,3291.60009765625,3328.0,516666
2026-06-03,3316.89990234375,3366.800048828125,3301.39990234375,3360.0,846948
2026-06-04,3362.5,3400.699951171875,3292.199951171875,3310.0,1089659
2026-06-05,3383.89990234375,3397.0,3345.0,3380.0,813580
2026-06-08,3317.60009765625,3378.89990234375,3301.0,3325.0,949326
2026-06-09,3358.0,3372.699951171875,3325.0,3357.0,797346
2026-06-10,3334.89990234375,3381.199951171875,3323.0,3350.0,843833
2026-06-11,3287.39990234375,3333.89990234375,3278.699951171875,3300.0,913252
2026-06-12,3312.800048828125,3366.800048828125,3265.60009765625,3320.0,2401100
2026-06-15,3459.5,3481.699951171875,3333.0,3362.10009765625,1924317
2026-06-16,3435.5,3475.0,3411.0,3464.89990234375,886854
2026-06-17,3448.699951171875,3480.0,3415.5,3454.89990234375,492280
2026-06-18,3457.60009765625,3475.0,3447.0,3459.89990234375,349614
2026-06-19,3442.89990234375,3460.800048828125,3414.300048828125,3437.60009765625,926221
2026-06-22,3488.699951171875,3496.60009765625,3443.10009765625,3470.0,990508
2026-06-23,3456.199951171875,3520.0,3443.0,3495.0,820710
2026-06-24,3440.60009765625,3470.0,3375.699951171875,3450.10009765625,920550
2026-06-25,3569.699951171875,3602.300048828125,3452.0,3452.0,2126765
2026-06-26,3569.699951171875,3569.699951171875,3569.699951171875,3569.699951171875,0
2026-06-29,3456.800048828125,3578.0,3436.60009765625,3542.39990234375,4095846
2026-06-30,3460.60009765625,3509.800048828125,3429.0,3490.10009765625,1071980
2026-07-01,3494.0,3509.0,3463.39990234375,3484.0,768295
2026-07-02,3626.800048828125,3634.39990234375,3527.0,3586.0,1765454
2026-07-03,3627.39990234375,3674.89990234375,3603.0,3674.89990234375,731645
2026-07-06,3705.0,3737.0,3619.0,3627.39990234375,701935
2026-07-07,3712.699951171875,3775.0,3702.60009765625,3727.0,836397
2026-07-08,3639.699951171875,3767.699951171875,3624.699951171875,3666.0,1176977
2026-07-09,3626.10009765625,3698.89990234375,3617.5,3657.0,511357
2026-07-10,3623.10009765625,3668.0,3608.60009765625,3644.10009765625,345846
2026-07-13,3676.89990234375,3695.0,3572.800048828125,3599.800048828125,497827
2026-07-14,3608.39990234375,3655.0,3589.699951171875,3640.0,636848
2026-07-15,3612.300048828125,3650.89990234375,3582.5,3607.699951171875,709493
2026-07-16,3563.5,3629.89990234375,3549.89990234375,3622.10009765625,1209278
2026-07-17,3618.199951171875,3628.0,3563.0,3563.5,825661
2026-07-20,3590.199951171875,3619.800048828125,3550.10009765625,3619.800048828125,438353
2026-07-21,3792.0,3810.0,3576.800048828125,3590.199951171875,2391097
2026-07-22,3907.60009765625,3965.0,3828.0,3850.699951171875,3225267
2026-07-23,3919.800048828125,3974.699951171875,3897.0,3907.60009765625,1761279
2026-07-24,3870.199951171875,3899.89990234375,3823.300048828125,3879.800048828125,1226472
2026-07-27,3876.39990234375,3905.10009765625,3850.0,3905.0,576740
2026-07-28,3993.5,4001.39990234375,3852.0,3855.0,2042411
2026-07-29,4075.60009765625,4085.0,3996.800048828125,4013.0,1925276
2026-07-30,4208.39990234375,4219.0,4070.0,4080.0,2913373
2026-07-31,4313.10009765625,4325.0,4198.0,4208.39990234375,2991859
2026-08-03,4389.0,4389.0,4281.89990234375,4336.5,1612965
2026-08-04,4360.0,4392.7998046875,4336.0,4389.0,1390832
2026-08-05,4455.2001953125,4455.2001953125,4365.0,4398.0,1392666
2026-08-06,4375.0,4436.89990234375,4370.39990234375,4410.0,1143968
2026-08-07,4440.89990234375,4458.0,4378.0,4380.0,840158
